variant,condition,food_site_count,food_site_radius,seed,final_recruitment_advantage,tail_recruitment_advantage,final_directional_bias,final_receiver_attention,final_dance_propensity,final_success,final_payoff,final_floor_fraction,tail_floor_fraction,tail_dance_follow_share
common_draws,c1_r15m,1,15.000000,402,0.073864,0.007386,0.207255,0.367820,0.754853,0.001056,0.001000,1.000000,1.000000,0.074230
common_draws,c1_r15m,1,15.000000,403,0.000000,0.000000,0.422740,0.315174,0.841691,0.000694,0.001000,1.000000,1.000000,0.000000
common_draws,c1_r15m,1,15.000000,409,0.000000,0.000000,0.322690,0.302351,0.477844,0.001417,0.001000,1.000000,1.000000,0.020000
common_draws,c1_r15m,1,15.000000,408,0.000000,0.000000,0.364040,0.379405,0.492540,0.001083,0.001000,1.000000,1.000000,0.000000
common_draws,c1_r15m,1,15.000000,407,0.000000,-0.003125,0.160603,0.194405,0.821849,0.000194,0.001000,1.000000,1.000000,0.031042
common_draws,c1_r15m,1,15.000000,417,0.000000,0.000000,0.168719,0.441262,0.678796,0.000528,0.001000,1.000000,1.000000,0.040000
common_draws,c1_r15m,1,15.000000,416,0.000000,0.000000,0.263285,0.457438,0.645018,0.000306,0.001000,1.000000,1.000000,0.000000
common_draws,c1_r15m,1,15.000000,418,0.000000,0.000000,0.316306,0.591427,0.452529,0.000417,0.001000,1.000000,1.000000,0.028571
common_draws,c1_r15m,1,15.000000,412,0.000000,0.000000,0.491522,0.386038,0.531548,0.000083,0.001000,1.000000,1.000000,0.000000
common_draws,c1_r15m,1,15.000000,406,0.000000,0.005263,0.338998,0.512702,0.687208,0.000750,0.001000,1.000000,1.000000,0.057576
common_draws,c1_r15m,1,15.000000,410,0.000000,0.000000,0.435602,0.418434,0.669601,0.000361,0.001000,1.000000,1.000000,0.000000
common_draws,c1_r15m,1,15.000000,411,0.000000,0.000000,0.469067,0.304222,0.588070,0.000556,0.001000,1.000000,1.000000,0.000000
common_draws,c1_r15m,1,15.000000,404,0.000000,0.000000,0.178535,0.551160,0.840394,0.000139,0.001000,1.000000,1.000000,0.068966
common_draws,c1_r15m,1,15.000000,414,0.000000,0.000000,0.533412,0.480718,0.759512,0.000778,0.001000,1.000000,1.000000,0.057143
common_draws,c1_r15m,1,15.000000,415,0.000000,0.000000,0.285081,0.371057,0.749983,0.000389,0.001000,1.000000,1.000000,0.000000
common_draws,c1_r15m,1,15.000000,401,0.000000,0.009524,0.213090,0.401922,0.764733,0.000444,0.001000,1.000000,1.000000,0.035000
common_draws,c1_r15m,1,15.000000,405,0.000000,0.000000,0.146703,0.421994,0.818467,0.000611,0.001000,1.000000,1.000000,0.071429
common_draws,c1_r15m,1,15.000000,400,0.052632,0.005263,0.284751,0.701593,0.609991,0.001028,0.001000,1.000000,1.000000,0.073077
common_draws,c1_r15m,1,15.000000,413,0.000000,0.000000,0.293443,0.242046,0.666097,0.000667,0.001000,1.000000,1.000000,0.000000
common_draws,c1_r15m,1,15.000000,419,0.000000,0.000000,0.246267,0.281272,0.869930,0.000528,0.001000,1.000000,1.000000,0.040000
common_draws,c1_r15m,1,15.000000,420,0.000000,0.000000,0.583798,0.231467,0.719226,0.000806,0.001000,1.000000,1.000000,0.000000
common_draws,c1_r15m,1,15.000000,422,0.000000,0.000000,0.203177,0.403518,0.804978,0.000111,0.001000,1.000000,1.000000,0.000000
common_draws,c1_r15m,1,15.000000,421,0.000000,0.000000,0.357045,0.482598,0.589920,0.000222,0.001000,1.000000,1.000000,0.013333
common_draws,c1_r15m,1,15.000000,423,0.000000,0.000000,0.369983,0.193091,0.433403,0.000278,0.001000,1.000000,1.000000,0.038095
common_draws,c1_r15m,1,15.000000,435,0.000000,0.000000,0.678157,0.518008,0.703649,0.000500,0.001000,1.000000,1.000000,0.000000
common_draws,c1_r15m,1,15.000000,436,0.000000,0.000000,0.268554,0.555282,0.471505,0.000528,0.001000,1.000000,1.000000,0.000000
common_draws,c1_r15m,1,15.000000,437,0.000000,0.000000,0.450754,0.306144,0.476634,0.000222,0.001000,1.000000,1.000000,0.000000
common_draws,c1_r15m,1,15.000000,438,0.000000,0.000000,0.264492,0.269618,0.472919,0.000917,0.001000,1.000000,1.000000,0.000000
common_draws,c1_r15m,1,15.000000,439,0.000000,0.000000,0.377850,0.659101,0.498016,0.000500,0.001000,1.000000,1.000000,0.054167
common_draws,c1_r15m,1,15.000000,424,0.000000,0.000000,0.239397,0.430833,0.762558,0.000417,0.001000,1.000000,1.000000,0.050962
common_draws,c1_r15m,1,15.000000,425,0.000000,0.000000,0.476326,0.425130,0.682455,0.000167,0.001000,1.000000,1.000000,0.000000
common_draws,c1_r15m,1,15.000000,429,0.000000,0.000000,0.321117,0.314235,0.438546,0.000722,0.001000,1.000000,1.000000,0.000000
common_draws,c1_r15m,1,15.000000,428,0.000000,0.000000,0.372211,0.704881,0.533277,0.000306,0.001000,1.000000,1.000000,0.160000
common_draws,c1_r15m,1,15.000000,426,0.000000,0.011765,0.214634,0.532875,0.748052,0.000472,0.001000,1.000000,1.000000,0.097222
common_draws,c1_r15m,1,15.000000,430,0.000000,0.000000,0.164457,0.533220,0.839303,0.000250,0.001000,1.000000,1.000000,0.000000
common_draws,c1_r15m,1,15.000000,427,0.000000,0.025000,0.579662,0.238114,0.705031,0.001472,0.001000,1.000000,1.000000,0.074444
common_draws,c1_r15m,1,15.000000,431,0.000000,0.000000,0.388626,0.394512,0.828772,0.000750,0.001000,1.000000,1.000000,0.088095
common_draws,c1_r15m,1,15.000000,432,0.000000,0.000000,0.274068,0.500788,0.592834,0.000167,0.001000,1.000000,1.000000,0.027273
common_draws,c1_r15m,1,15.000000,434,0.000000,0.000000,0.392662,0.373801,0.786334,0.000417,0.001000,1.000000,1.000000,0.120238
common_draws,c1_r15m,1,15.000000,433,0.000000,0.000000,0.398058,0.270848,0.726393,0.000861,0.001000,1.000000,1.000000,0.101667
common_draws,c1_r15m,1,15.000000,440,0.000000,0.000000,0.269115,0.438164,0.792368,0.000417,0.001000,1.000000,1.000000,0.000000
common_draws,c1_r15m,1,15.000000,441,0.083333,0.008333,0.641762,0.481265,0.548761,0.000944,0.001000,1.000000,1.000000,0.102174
common_draws,c1_r15m,1,15.000000,442,0.000000,0.000000,0.422155,0.481235,0.768744,0.000417,0.001000,1.000000,1.000000,0.000000
common_draws,c1_r15m,1,15.000000,443,0.000000,0.000000,0.271259,0.311486,0.807238,0.000361,0.001000,1.000000,1.000000,0.000000
common_draws,c1_r15m,1,15.000000,444,0.000000,0.000000,0.352973,0.228294,0.829075,0.000417,0.001000,1.000000,1.000000,0.000000
common_draws,c1_r37.5m,1,37.500000,406,0.000000,0.005977,0.243237,0.215564,0.666529,0.000611,0.001000,1.000000,1.000000,0.228371
common_draws,c1_r37.5m,1,37.500000,407,0.000000,0.061467,0.471070,0.221721,0.507137,0.000417,0.001000,1.000000,1.000000,0.190437
common_draws,c1_r15m,1,15.000000,446,0.000000,0.000000,0.336246,0.149602,0.602817,0.000611,0.001000,1.000000,1.000000,0.013043
common_draws,c1_r37.5m,1,37.500000,408,0.000000,0.053929,0.314179,0.426915,0.692271,0.000722,0.001000,1.000000,1.000000,0.375136
common_draws,c1_r37.5m,1,37.500000,409,0.041667,0.052530,0.418223,0.723379,0.699486,0.000778,0.001000,1.000000,1.000000,0.688386
common_draws,c1_r37.5m,1,37.500000,410,0.000000,-0.001798,0.395215,0.361525,0.860249,0.001667,0.001000,1.000000,1.000000,0.243808
common_draws,c1_r15m,1,15.000000,445,0.000000,0.000000,0.229909,0.305745,0.783522,0.000194,0.001000,1.000000,1.000000,0.132857
common_draws,c1_r15m,1,15.000000,448,0.000000,0.000000,0.326582,0.420337,0.390579,0.000361,0.001000,1.000000,1.000000,0.000000
common_draws,c1_r15m,1,15.000000,447,0.000000,0.000000,0.585592,0.277375,0.448661,0.000306,0.001000,1.000000,1.000000,0.018750
common_draws,c1_r15m,1,15.000000,449,0.000000,0.000000,0.386711,0.534766,0.722581,0.000472,0.001000,1.000000,1.000000,0.020690
common_draws,c1_r37.5m,1,37.500000,402,0.000000,0.004630,0.556517,0.230901,0.599613,0.000722,0.001000,1.000000,1.000000,0.269646
common_draws,c1_r37.5m,1,37.500000,400,0.000000,0.002291,0.619959,0.232337,0.619003,0.001056,0.001000,1.000000,1.000000,0.272151
common_draws,c1_r37.5m,1,37.500000,403,-0.047619,0.015966,0.330109,0.615003,0.486811,0.002083,0.001000,1.000000,1.000000,0.589593
common_draws,c1_r37.5m,1,37.500000,411,0.000000,0.053255,0.388866,0.157724,0.710847,0.001194,0.001000,1.000000,1.000000,0.152213
common_draws,c1_r37.5m,1,37.500000,401,-0.021277,0.008372,0.243886,0.289540,0.422031,0.002083,0.001000,1.000000,1.000000,0.279927
common_draws,c1_r37.5m,1,37.500000,412,-0.050000,0.003329,0.361660,0.346457,0.363040,0.001111,0.001000,1.000000,1.000000,0.279954
common_draws,c1_r37.5m,1,37.500000,405,-0.066667,0.044358,0.523470,0.604682,0.625236,0.001889,0.001000,1.000000,1.000000,0.641569
common_draws,c1_r37.5m,1,37.500000,404,0.000000,0.011801,0.231125,0.128026,0.765600,0.001111,0.001000,1.000000,1.000000,0.179401
common_draws,c1_r37.5m,1,37.500000,413,0.000000,0.005412,0.182768,0.243436,0.654013,0.000833,0.001000,1.000000,1.000000,0.268716
common_draws,c1_r37.5m,1,37.500000,414,0.000000,0.041850,0.234084,0.169500,0.785292,0.001361,0.001000,1.000000,1.000000,0.165392
common_draws,c1_r37.5m,1,37.500000,415,0.000000,0.054469,0.634044,0.401118,0.551264,0.000972,0.001000,1.000000,1.000000,0.262842
common_draws,c1_r37.5m,1,37.500000,416,0.000000,0.028420,0.270774,0.547918,0.399175,0.002111,0.001000,1.000000,1.000000,0.807751
common_draws,c1_r37.5m,1,37.500000,424,0.142857,0.014286,0.206385,0.382834,0.473048,0.000722,0.001000,1.000000,1.000000,0.376153
common_draws,c1_r37.5m,1,37.500000,426,0.163048,0.049230,0.520625,0.403140,0.739009,0.002306,0.001000,1.000000,1.000000,0.239687
common_draws,c1_r37.5m,1,37.500000,429,0.000000,-0.000270,0.286789,0.237468,0.313899,0.001389,0.001000,1.000000,1.000000,0.268696
common_draws,c1_r37.5m,1,37.500000,430,0.133333,0.028464,0.630268,0.527825,0.606786,0.000833,0.001000,1.000000,1.000000,0.278198
common_draws,c1_r37.5m,1,37.500000,431,0.097044,0.072046,0.429606,0.349776,0.440098,0.001833,0.001000,1.000000,1.000000,0.330645
common_draws,c1_r37.5m,1,37.500000,432,0.000000,-0.003048,0.179748,0.115021,0.510292,0.002306,0.001000,1.000000,1.000000,0.124010
common_draws,c1_r37.5m,1,37.500000,417,-0.019231,0.003958,0.354274,0.301996,0.438880,0.001722,0.001000,1.000000,1.000000,0.149732
common_draws,c1_r37.5m,1,37.500000,420,0.021457,0.035992,0.289511,0.624894,0.803362,0.001278,0.001000,1.000000,1.000000,0.578347
common_draws,c1_r37.5m,1,37.500000,419,0.000000,0.013602,0.310331,0.367748,0.573142,0.002361,0.001000,1.000000,1.000000,0.169810
common_draws,c1_r37.5m,1,37.500000,418,-0.038462,0.025250,0.466742,0.392894,0.726889,0.002139,0.001000,1.000000,1.000000,0.267707
common_draws,c1_r37.5m,1,37.500000,434,0.111111,0.012974,0.374111,0.656805,0.385462,0.001528,0.001000,1.000000,1.000000,0.578985
common_draws,c1_r37.5m,1,37.500000,421,0.094697,0.026765,0.425884,0.311243,0.589889,0.001361,0.001000,1.000000,1.000000,0.245678
common_draws,c1_r37.5m,1,37.500000,423,0.142857,0.003907,0.336236,0.481024,0.752657,0.001083,0.001000,1.000000,1.000000,0.379346
common_draws,c1_r37.5m,1,37.500000,422,0.000000,0.011884,0.263305,0.404925,0.840264,0.001139,0.001000,1.000000,1.000000,0.453280
common_draws,c1_r37.5m,1,37.500000,425,0.000000,0.015090,0.284964,0.423019,0.604777,0.001361,0.001000,1.000000,1.000000,0.420174
common_draws,c1_r37.5m,1,37.500000,435,0.076923,0.025986,0.396453,0.406264,0.812969,0.000778,0.001000,1.000000,1.000000,0.321320
common_draws,c1_r37.5m,1,37.500000,427,0.044444,0.013547,0.268028,0.429025,0.692754,0.002167,0.001000,1.000000,1.000000,0.393948
common_draws,c1_r37.5m,1,37.500000,428,0.069632,0.052482,0.399742,0.416229,0.543799,0.001944,0.001000,1.000000,1.000000,0.431002
common_draws,c1_r37.5m,1,37.500000,437,0.000000,0.021510,0.271100,0.244524,0.391430,0.000472,0.001000,1.000000,1.000000,0.663397
common_draws,c1_r37.5m,1,37.500000,433,0.026546,0.018857,0.591154,0.309799,0.803601,0.002306,0.001000,1.000000,1.000000,0.240198
common_draws,c1_r37.5m,1,37.500000,436,0.001220,0.036901,0.524543,0.410244,0.521526,0.001444,0.001000,1.000000,1.000000,0.446004
common_draws,c1_r37.5m,1,37.500000,443,0.000000,0.003435,0.402116,0.190790,0.640691,0.001194,0.001000,1.000000,1.000000,0.104623
common_draws,c1_r37.5m,1,37.500000,448,0.000000,0.018293,0.502312,0.175514,0.432219,0.002000,0.001000,1.000000,1.000000,0.205389
common_draws,c1_r75m,1,75.000000,403,0.040560,0.080174,0.564981,0.274481,0.370417,0.005833,0.001000,1.000000,1.000000,0.278792
common_draws,c1_r75m,1,75.000000,401,0.150718,0.040626,0.265807,0.323526,0.718017,0.002167,0.001000,1.000000,1.000000,0.351131
common_draws,c1_r37.5m,1,37.500000,440,0.010078,0.029455,0.362982,0.530826,0.808993,0.001111,0.001000,1.000000,1.000000,0.584935
common_draws,c1_r37.5m,1,37.500000,438,0.166667,0.036637,0.183603,0.303717,0.827511,0.002083,0.001000,1.000000,1.000000,0.207544
common_draws,c1_r37.5m,1,37.500000,439,0.014832,-0.001112,0.581996,0.225701,0.583955,0.001333,0.001000,1.000000,1.000000,0.216691
common_draws,c1_r37.5m,1,37.500000,441,0.000000,0.015385,0.198230,0.299330,0.518218,0.000694,0.001000,1.000000,1.000000,0.475676
common_draws,c1_r75m,1,75.000000,404,0.001577,0.047283,0.443228,0.478070,0.567395,0.003139,0.001000,1.000000,1.000000,0.353218
common_draws,c1_r37.5m,1,37.500000,442,0.021609,0.011211,0.341485,0.591001,0.750473,0.002722,0.001000,1.000000,1.000000,0.491733
common_draws,c1_r37.5m,1,37.500000,444,0.000000,0.016988,0.166202,0.272267,0.375638,0.002361,0.001000,1.000000,1.000000,0.386907
common_draws,c1_r37.5m,1,37.500000,445,0.000000,0.063043,0.794387,0.248431,0.227284,0.000861,0.001000,1.000000,1.000000,0.389026
common_draws,c1_r37.5m,1,37.500000,447,0.000000,0.043567,0.674197,0.707557,0.568668,0.001750,0.001000,1.000000,1.000000,0.604158
common_draws,c1_r37.5m,1,37.500000,446,0.016390,0.013728,0.341731,0.599758,0.676461,0.002472,0.001000,1.000000,1.000000,0.617763
common_draws,c1_r75m,1,75.000000,405,0.157804,0.048305,0.374664,0.579967,0.545771,0.002528,0.001000,1.000000,1.000000,0.385014
common_draws,c1_r37.5m,1,37.500000,449,0.000000,0.047674,0.204258,0.146844,0.815114,0.000583,0.001000,1.000000,1.000000,0.148881
common_draws,c1_r75m,1,75.000000,400,0.072661,0.050487,0.522241,0.389314,0.701047,0.004417,0.001000,1.000000,1.000000,0.546763
common_draws,c1_r75m,1,75.000000,406,0.040000,0.023396,0.247091,0.587151,0.764797,0.001972,0.001000,1.000000,1.000000,0.545816
common_draws,c1_r75m,1,75.000000,402,0.002803,0.032829,0.365873,0.291694,0.602566,0.004000,0.001000,1.000000,1.000000,0.253663
common_draws,c1_r75m,1,75.000000,407,0.062897,0.049615,0.722190,0.341676,0.437267,0.007139,0.001000,1.000000,1.000000,0.390425
common_draws,c1_r75m,1,75.000000,412,-0.011159,0.023579,0.229556,0.383411,0.631518,0.003667,0.001000,1.000000,1.000000,0.385361
common_draws,c1_r75m,1,75.000000,418,0.071528,0.007759,0.207758,0.288854,0.367756,0.002417,0.001000,1.000000,1.000000,0.413559
common_draws,c1_r75m,1,75.000000,421,0.005671,0.025594,0.371925,0.599136,0.810472,0.001972,0.001000,1.000000,1.000000,0.663523
common_draws,c1_r75m,1,75.000000,423,0.130435,0.059700,0.613324,0.589630,0.645576,0.002222,0.001000,1.000000,1.000000,0.468515
common_draws,c1_r75m,1,75.000000,408,0.035714,0.017113,0.235824,0.264089,0.584021,0.001417,0.001000,1.000000,1.000000,0.167063
common_draws,c1_r75m,1,75.000000,409,0.080914,0.033897,0.335262,0.362865,0.716435,0.004056,0.001000,1.000000,1.000000,0.220757
common_draws,c1_r75m,1,75.000000,424,0.031426,0.034821,0.272139,0.565036,0.353864,0.003528,0.001000,1.000000,1.000000,0.502621
common_draws,c1_r75m,1,75.000000,410,0.046255,0.043572,0.474544,0.457980,0.384035,0.002194,0.001000,1.000000,1.000000,0.492308
common_draws,c1_r75m,1,75.000000,413,0.008403,0.037231,0.440680,0.430948,0.405746,0.001361,0.001000,1.000000,1.000000,0.514129
common_draws,c1_r75m,1,75.000000,411,0.007348,0.078809,0.545047,0.493081,0.590480,0.002500,0.001000,1.000000,1.000000,0.513881
common_draws,c1_r75m,1,75.000000,425,0.027870,0.075609,0.642876,0.663197,0.330314,0.003417,0.001000,1.000000,1.000000,0.597911
common_draws,c1_r75m,1,75.000000,414,0.027827,0.048354,0.334633,0.210391,0.660038,0.006250,0.001000,1.000000,1.000000,0.187684
common_draws,c1_r75m,1,75.000000,416,-0.016086,0.014506,0.328677,0.353753,0.526555,0.002750,0.001000,1.000000,1.000000,0.274989
common_draws,c1_r75m,1,75.000000,415,0.053276,0.074924,0.786070,0.601727,0.658850,0.003917,0.001000,1.000000,1.000000,0.599967
common_draws,c1_r75m,1,75.000000,417,0.015262,0.014946,0.166242,0.569741,0.735226,0.002917,0.001000,1.000000,1.000000,0.667702
common_draws,c1_r75m,1,75.000000,426,0.039841,0.047488,0.356184,0.584666,0.697786,0.003861,0.001000,1.000000,1.000000,0.489292
common_draws,c1_r75m,1,75.000000,427,0.062396,0.051949,0.265903,0.265994,0.698950,0.001861,0.001000,1.000000,1.000000,0.286164
common_draws,c1_r75m,1,75.000000,419,0.051603,0.039615,0.297912,0.255240,0.765066,0.002222,0.001000,1.000000,1.000000,0.382431
common_draws,c1_r75m,1,75.000000,420,0.058439,0.093201,0.442548,0.434269,0.708627,0.004306,0.001000,1.000000,1.000000,0.355160
common_draws,c1_r75m,1,75.000000,422,0.066132,0.053516,0.384730,0.526049,0.659159,0.002778,0.001000,1.000000,1.000000,0.512562
common_draws,c1_r75m,1,75.000000,430,0.064880,0.071226,0.241257,0.317799,0.686494,0.007167,0.001000,1.000000,1.000000,0.299048
common_draws,c1_r75m,1,75.000000,434,0.039669,0.021833,0.218445,0.294783,0.691796,0.003222,0.001000,1.000000,1.000000,0.268127
common_draws,c1_r75m,1,75.000000,439,0.046888,0.025767,0.233006,0.390107,0.533253,0.002222,0.001000,1.000000,1.000000,0.514696
common_draws,c1_r75m,1,75.000000,440,0.000000,0.044150,0.473791,0.365548,0.544745,0.000806,0.001000,1.000000,1.000000,0.322078
common_draws,c1_r75m,1,75.000000,428,0.000000,0.026889,0.294059,0.407327,0.579829,0.001361,0.001000,1.000000,1.000000,0.454841
common_draws,c1_r75m,1,75.000000,444,0.068698,0.036411,0.196367,0.257457,0.563924,0.002917,0.001000,1.000000,1.000000,0.195965
common_draws,c1_r75m,1,75.000000,429,-0.007463,0.042783,0.398547,0.263441,0.521598,0.002083,0.001000,1.000000,1.000000,0.247314
common_draws,c1_r75m,1,75.000000,431,0.092704,0.038343,0.289568,0.160958,0.816899,0.003722,0.001000,1.000000,1.000000,0.239137
common_draws,c1_r75m,1,75.000000,433,0.056368,0.058796,0.543933,0.326638,0.609470,0.002361,0.001000,1.000000,1.000000,0.407681
common_draws,c1_r75m,1,75.000000,432,0.023607,0.031129,0.337801,0.569830,0.519715,0.002556,0.001000,1.000000,1.000000,0.542301
common_draws,c1_r75m,1,75.000000,445,0.042683,0.030275,0.312082,0.419880,0.758690,0.003000,0.001000,1.000000,1.000000,0.513637
common_draws,c1_r75m,1,75.000000,446,0.009323,0.034186,0.287088,0.356898,0.584664,0.003111,0.001000,1.000000,1.000000,0.310863
common_draws,c1_r75m,1,75.000000,435,0.146762,0.094005,0.744626,0.286669,0.366440,0.004361,0.001000,1.000000,1.000000,0.264715
common_draws,c1_r75m,1,75.000000,436,0.210526,0.054009,0.399624,0.500999,0.702210,0.002500,0.001000,1.000000,1.000000,0.491998
common_draws,c1_r75m,1,75.000000,447,0.114931,0.031273,0.298467,0.749322,0.652020,0.003056,0.001000,1.000000,1.000000,0.686645
common_draws,c1_r75m,1,75.000000,437,0.123077,0.044297,0.371482,0.340043,0.658672,0.001611,0.001000,1.000000,1.000000,0.525716
common_draws,c1_r75m,1,75.000000,438,0.121110,0.044804,0.605264,0.366402,0.361014,0.003917,0.001000,1.000000,1.000000,0.459995
common_draws,c1_r75m,1,75.000000,441,0.002382,0.075558,0.574263,0.260365,0.302199,0.001500,0.001000,1.000000,1.000000,0.192598
common_draws,c1_r75m,1,75.000000,442,0.057143,0.038623,0.211903,0.506501,0.534246,0.001639,0.001000,1.000000,1.000000,0.569376
common_draws,c1_r75m,1,75.000000,443,0.007028,0.048237,0.403902,0.485010,0.529675,0.001833,0.001000,1.000000,1.000000,0.469019
common_draws,c1_r75m,1,75.000000,449,0.002229,0.036302,0.309553,0.429764,0.574955,0.005972,0.001000,1.000000,1.000000,0.409450
common_draws,c1_r150m,1,150.000000,404,0.038451,0.042223,0.218030,0.404725,0.724323,0.005472,0.001000,1.000000,1.000000,0.279467
common_draws,c1_r150m,1,150.000000,405,0.056250,0.061727,0.256502,0.404829,0.405538,0.003333,0.001000,1.000000,0.998333,0.212346
common_draws,c1_r150m,1,150.000000,408,0.043245,0.085750,0.168511,0.216621,0.144033,0.003833,0.001000,1.000000,1.000000,0.211691
common_draws,c1_r150m,1,150.000000,411,0.079644,0.056554,0.294352,0.203894,0.614267,0.008139,0.001000,1.000000,1.000000,0.196827
common_draws,c1_r150m,1,150.000000,412,0.068039,0.049960,0.252275,0.336208,0.666253,0.012222,0.001000,1.000000,1.000000,0.426298
common_draws,c1_r75m,1,75.000000,448,0.112462,0.068484,0.475280,0.159153,0.466445,0.002750,0.001000,1.000000,1.000000,0.175119
common_draws,c1_r150m,1,150.000000,400,0.105880,0.111744,0.359599,0.588080,0.266699,0.004889,0.001000,1.000000,1.000000,0.763521
common_draws,c1_r150m,1,150.000000,403,0.130349,0.052507,0.377267,0.379359,0.573995,0.005972,0.001000,1.000000,1.000000,0.503283
common_draws,c1_r150m,1,150.000000,402,0.108037,0.058004,0.323524,0.393829,0.751172,0.004556,0.001000,1.000000,1.000000,0.364182
common_draws,c1_r150m,1,150.000000,401,0.067820,0.042248,0.159389,0.620804,0.510664,0.003028,0.001000,1.000000,1.000000,0.446893
common_draws,c1_r150m,1,150.000000,415,0.064517,0.032067,0.187520,0.334840,0.769253,0.006917,0.001000,1.000000,1.000000,0.324309
common_draws,c1_r150m,1,150.000000,416,0.121534,0.065801,0.251271,0.310899,0.495148,0.006806,0.001000,1.000000,0.998333,0.329521
common_draws,c1_r150m,1,150.000000,417,0.131849,0.096159,0.463271,0.276405,0.664928,0.009972,0.001000,1.000000,1.000000,0.250553
common_draws,c1_r150m,1,150.000000,407,0.061742,0.045557,0.281657,0.400153,0.674333,0.005500,0.001000,1.000000,1.000000,0.323577
common_draws,c1_r150m,1,150.000000,406,0.123315,0.073168,0.245759,0.460054,0.246229,0.008750,0.001000,1.000000,1.000000,0.370771
common_draws,c1_r150m,1,150.000000,410,0.057416,0.056433,0.458011,0.183241,0.700602,0.004528,0.001000,1.000000,1.000000,0.187721
common_draws,c1_r150m,1,150.000000,409,0.037711,0.052121,0.476126,0.452393,0.712239,0.009333,0.001000,1.000000,1.000000,0.360583
common_draws,c1_r150m,1,150.000000,413,0.112591,0.120310,0.771701,0.453220,0.720543,0.001944,0.001000,1.000000,1.000000,0.452945
common_draws,c1_r150m,1,150.000000,418,0.056834,0.055046,0.329866,0.715199,0.461486,0.008472,0.001000,1.000000,1.000000,0.652616
common_draws,c1_r150m,1,150.000000,419,0.132579,0.104947,0.547436,0.619960,0.720174,0.004167,0.001000,1.000000,1.000000,0.577933
common_draws,c1_r150m,1,150.000000,414,0.073571,0.064478,0.374879,0.391622,0.794857,0.012278,0.001000,1.000000,1.000000,0.443780
common_draws,c1_r150m,1,150.000000,425,0.056971,0.041371,0.279754,0.300403,0.450303,0.007556,0.001000,1.000000,1.000000,0.249886
common_draws,c1_r150m,1,150.000000,426,0.090576,0.099964,0.476894,0.421273,0.666935,0.011611,0.001000,1.000000,1.000000,0.434129
common_draws,c1_r150m,1,150.000000,427,0.039258,0.030894,0.311862,0.584045,0.598418,0.005583,0.001000,1.000000,1.000000,0.662615
common_draws,c1_r150m,1,150.000000,433,0.019654,0.075377,0.488325,0.472738,0.723591,0.001972,0.001000,1.000000,1.000000,0.457490
common_draws,c1_r150m,1,150.000000,434,0.098483,0.063350,0.369539,0.323926,0.679989,0.003500,0.001000,1.000000,1.000000,0.339535
common_draws,c1_r150m,1,150.000000,420,0.064701,0.082516,0.483513,0.205362,0.764766,0.012528,0.001000,1.000000,1.000000,0.192824
common_draws,c1_r150m,1,150.000000,422,0.124861,0.098750,0.678864,0.585126,0.621642,0.010639,0.001000,1.000000,0.998333,0.507696
common_draws,c1_r150m,1,150.000000,421,0.062442,0.085623,0.484597,0.327635,0.364290,0.004833,0.001000,1.000000,1.000000,0.303593
common_draws,c1_r150m,1,150.000000,436,0.116911,0.057548,0.354977,0.514153,0.664317,0.008917,0.001000,1.000000,1.000000,0.579837
common_draws,c1_r150m,1,150.000000,424,0.036029,0.019899,0.224160,0.581076,0.708099,0.003972,0.001000,1.000000,1.000000,0.461303
common_draws,c1_r150m,1,150.000000,423,0.062675,0.078762,0.408693,0.535357,0.723647,0.007611,0.001000,1.000000,1.000000,0.504713
common_draws,c1_r150m,1,150.000000,438,0.136801,0.092161,0.306988,0.112395,0.547823,0.001639,0.001000,1.000000,1.000000,0.229495
common_draws,c1_r150m,1,150.000000,437,0.168287,0.064385,0.393101,0.334404,0.810732,0.007083,0.001000,1.000000,1.000000,0.355839
common_draws,c1_r150m,1,150.000000,428,0.126335,0.078873,0.678008,0.366106,0.689034,0.008722,0.001000,1.000000,1.000000,0.462658
common_draws,c1_r150m,1,150.000000,429,0.054066,0.093917,0.378549,0.420787,0.698696,0.003583,0.001000,1.000000,1.000000,0.387456
common_draws,c1_r150m,1,150.000000,430,0.086708,0.055125,0.312792,0.356389,0.655928,0.008472,0.001000,1.000000,1.000000,0.282262
common_draws,c1_r150m,1,150.000000,431,0.157330,0.068501,0.649065,0.206174,0.562139,0.003361,0.001000,1.000000,1.000000,0.209736
common_draws,c1_r150m,1,150.000000,439,0.101716,0.104995,0.530638,0.385179,0.352896,0.008500,0.001000,1.000000,1.000000,0.341712
common_draws,c1_r150m,1,150.000000,440,0.077833,0.070436,0.187744,0.325364,0.405535,0.003250,0.001000,1.000000,1.000000,0.210836
common_draws,c1_r150m,1,150.000000,432,0.108199,0.098157,0.679628,0.263985,0.577684,0.003028,0.001000,1.000000,1.000000,0.216694
common_draws,c1_r150m,1,150.000000,435,0.055594,0.067439,0.453738,0.488613,0.733749,0.009361,0.001000,1.000000,1.000000,0.418001
common_draws,c1_r150m,1,150.000000,444,0.086108,0.062455,0.391701,0.635619,0.683692,0.009000,0.001000,1.000000,1.000000,0.674990
common_draws,c1_r150m,1,150.000000,447,0.079433,0.078156,0.381920,0.343499,0.666847,0.001500,0.001000,1.000000,1.000000,0.306631
common_draws,c1_r150m,1,150.000000,448,0.043373,0.065343,0.232455,0.344482,0.887484,0.007722,0.001000,1.000000,1.000000,0.375270
common_draws,c1_r300m,1,300.000000,404,0.053157,0.089908,0.367726,0.761771,0.554273,0.001917,0.001000,1.000000,0.951667,0.774807
common_draws,c1_r300m,1,300.000000,403,0.062471,0.110152,0.620481,0.803954,0.382283,0.001889,0.001000,1.000000,0.921667,0.607488
common_draws,c1_r150m,1,150.000000,441,0.099872,0.135675,0.436236,0.396555,0.642150,0.006750,0.001000,1.000000,0.998333,0.293524
common_draws,c1_r150m,1,150.000000,442,0.039108,0.039886,0.211591,0.350885,0.613736,0.010528,0.001000,1.000000,1.000000,0.333955
common_draws,c1_r300m,1,300.000000,407,0.305669,0.176705,0.509373,0.552676,0.780851,0.009333,0.001000,1.000000,0.996667,0.390236
common_draws,c1_r150m,1,150.000000,443,0.053571,0.110679,0.256060,0.836479,0.598269,0.000361,0.001000,1.000000,0.960000,0.412521
common_draws,c1_r300m,1,300.000000,409,0.136816,0.090112,0.628526,0.765429,0.660252,0.004139,0.001000,1.000000,0.860000,0.844377
common_draws,c1_r300m,1,300.000000,408,0.103844,0.087609,0.276068,0.486611,0.653640,0.013917,0.001000,1.000000,1.000000,0.447900
common_draws,c1_r150m,1,150.000000,446,0.017095,0.083736,0.274692,0.279258,0.635266,0.001861,0.001000,1.000000,0.995000,0.337547
common_draws,c1_r150m,1,150.000000,445,0.066109,0.063202,0.391924,0.207034,0.846034,0.007194,0.001000,1.000000,1.000000,0.185945
common_draws,c1_r300m,1,300.000000,400,0.222317,0.107673,0.335953,0.800839,0.636068,0.023611,0.002589,0.900000,0.985000,0.719244
common_draws,c1_r300m,1,300.000000,410,0.048899,0.135295,0.435546,0.143357,0.836533,0.002500,0.001000,1.000000,0.841667,0.160483
common_draws,c1_r150m,1,150.000000,449,0.130373,0.107547,0.844946,0.423166,0.671814,0.005528,0.001000,1.000000,1.000000,0.469299
common_draws,c1_r300m,1,300.000000,411,0.109341,0.119267,0.287371,0.662826,0.783199,0.003778,0.001000,1.000000,0.993333,0.656923
common_draws,c1_r300m,1,300.000000,401,0.054795,0.100919,0.396825,0.851829,0.344168,0.000528,0.001000,1.000000,0.946667,0.858657
common_draws,c1_r300m,1,300.000000,402,0.156866,0.226213,0.729997,0.507848,0.173425,0.007222,0.001000,1.000000,1.000000,0.545073
common_draws,c1_r300m,1,300.000000,405,0.252995,0.191934,0.571883,0.730426,0.332182,0.009444,0.001891,0.966667,0.958333,0.755966
common_draws,c1_r300m,1,300.000000,406,0.075878,0.121990,0.485008,0.639123,0.720545,0.001222,0.001000,1.000000,0.930000,0.443695
common_draws,c1_r300m,1,300.000000,414,0.138760,0.119235,0.408764,0.230176,0.538456,0.005556,0.001000,1.000000,1.000000,0.204559
common_draws,c1_r300m,1,300.000000,416,0.162642,0.089514,0.222794,0.772118,0.564839,0.009972,0.001000,1.000000,0.993333,0.829733
common_draws,c1_r300m,1,300.000000,417,0.174789,0.126504,0.533064,0.230645,0.767623,0.013722,0.001000,1.000000,1.000000,0.260334
common_draws,c1_r300m,1,300.000000,421,0.188628,0.148309,0.693171,0.812400,0.810391,0.015111,0.002391,0.983333,0.951667,0.853416
common_draws,c1_r300m,1,300.000000,423,0.091559,0.128866,0.404169,0.603472,0.457635,0.008750,0.001000,1.000000,0.971667,0.553515
common_draws,c1_r300m,1,300.000000,412,0.111358,0.143435,0.502391,0.690015,0.646736,0.008278,0.001000,1.000000,0.986667,0.392417
common_draws,c1_r300m,1,300.000000,413,0.202673,0.076994,0.164662,0.222929,0.507119,0.012972,0.007815,0.800000,0.973333,0.347739
common_draws,c1_r300m,1,300.000000,428,0.197611,0.145769,0.386864,0.834182,0.772750,0.001833,0.001000,1.000000,0.960000,0.746938
common_draws,c1_r300m,1,300.000000,429,0.181138,0.176312,0.500283,0.293673,0.339935,0.009333,0.001000,1.000000,0.998333,0.375578
common_draws,c1_r300m,1,300.000000,430,0.092521,0.132494,0.288175,0.492908,0.713226,0.006361,0.001352,0.983333,0.998333,0.642985
common_draws,c1_r300m,1,300.000000,415,0.132165,0.135140,0.605570,0.904107,0.858946,0.006306,0.001000,1.000000,0.983333,0.806860
common_draws,c1_r300m,1,300.000000,418,0.146296,0.154510,0.796507,0.651270,0.757459,0.010889,0.001000,1.000000,0.901667,0.679333
common_draws,c1_r300m,1,300.000000,419,0.112308,0.166161,0.826853,0.876995,0.811826,0.004944,0.001000,1.000000,0.985000,0.863511
common_draws,c1_r300m,1,300.000000,431,0.199639,0.163002,0.394734,0.299355,0.713241,0.012417,0.001000,1.000000,0.995000,0.434804
common_draws,c1_r300m,1,300.000000,422,0.072533,0.101687,0.515993,0.486179,0.805968,0.001528,0.001000,1.000000,0.886667,0.415064
common_draws,c1_r300m,1,300.000000,432,0.115859,0.139994,0.591782,0.860538,0.865727,0.007583,0.001000,1.000000,0.990000,0.883274
common_draws,c1_r300m,1,300.000000,420,0.152490,0.196322,0.536670,0.421126,0.528996,0.006667,0.001000,1.000000,0.986667,0.472692
common_draws,c1_r300m,1,300.000000,424,0.117701,0.109267,0.255871,0.311873,0.650695,0.007833,0.001000,1.000000,1.000000,0.349843
common_draws,c1_r300m,1,300.000000,425,0.060112,0.059555,0.301862,0.613512,0.837407,0.002028,0.001000,1.000000,0.998333,0.597535
common_draws,c1_r300m,1,300.000000,426,0.414794,0.225584,0.877874,0.427778,0.858796,0.004806,0.001012,0.983333,0.926667,0.438465
common_draws,c1_r300m,1,300.000000,427,0.170130,0.134472,0.482397,0.597148,0.653533,0.010889,0.001000,1.000000,1.000000,0.745771
common_draws,c1_r300m,1,300.000000,436,0.171925,0.134154,0.758185,0.709735,0.408359,0.009611,0.001000,1.000000,0.933333,0.706519
common_draws,c1_r300m,1,300.000000,437,0.305881,0.151821,0.735056,0.651791,0.505496,0.005417,0.001000,1.000000,0.901667,0.691924
common_draws,c1_r300m,1,300.000000,435,0.249160,0.182813,0.913748,0.924208,0.698932,0.015806,0.001000,1.000000,0.931667,0.851631
common_draws,c1_r300m,1,300.000000,443,0.287246,0.196173,0.878422,0.770747,0.624698,0.007694,0.001000,1.000000,0.843333,0.790545
common_draws,c1_r300m,1,300.000000,441,0.047924,0.170943,0.544796,0.286767,0.382542,0.005833,0.001000,1.000000,1.000000,0.416029
common_draws,c1_r300m,1,300.000000,433,0.215517,0.098985,0.367676,0.470497,0.281187,0.003417,0.001000,1.000000,0.931667,0.261126
common_draws,c1_r300m,1,300.000000,449,0.130207,0.108041,0.202686,0.186309,0.721026,0.006833,0.001000,1.000000,0.991667,0.186644
common_draws,c1_r300m,1,300.000000,440,0.176014,0.225863,0.813909,0.829000,0.388050,0.007167,0.001000,1.000000,0.960000,0.777162
common_draws,c1_r300m,1,300.000000,434,0.029563,0.076768,0.414506,0.497929,0.589620,0.001722,0.001000,1.000000,0.983333,0.341187
common_draws,c1_r300m,1,300.000000,438,0.137532,0.181905,0.844198,0.497327,0.549086,0.005083,0.001000,1.000000,0.998333,0.668974
common_draws,c1_r300m,1,300.000000,439,0.078239,0.134746,0.256388,0.304829,0.411001,0.003167,0.001000,1.000000,1.000000,0.400092
common_draws,c1_r600m,1,600.000000,401,0.251190,0.271456,0.908343,0.925406,0.409059,0.056361,0.028818,0.716667,0.675000,0.901890
common_draws,c1_r300m,1,300.000000,444,0.120408,0.108249,0.319064,0.361824,0.582327,0.004639,0.001000,1.000000,1.000000,0.302739
common_draws,c1_r600m,1,600.000000,402,0.038499,0.190279,0.871984,0.918146,0.896217,0.053750,0.287374,0.000000,0.465000,0.905639
common_draws,c1_r300m,1,300.000000,442,0.180666,0.163441,0.708498,0.829407,0.497393,0.004750,0.001000,1.000000,0.988333,0.813055
common_draws,c1_r600m,1,600.000000,403,0.000856,0.198874,0.613710,0.854194,0.432383,0.027861,0.111045,0.266667,0.561667,0.842599
common_draws,c1_r600m,1,600.000000,400,0.257768,0.276033,0.916833,0.934673,0.712664,0.082306,0.109840,0.333333,0.448333,0.910026
common_draws,c1_r300m,1,300.000000,445,0.161485,0.140877,0.440997,0.652071,0.748395,0.014083,0.001000,1.000000,1.000000,0.659524
common_draws,c1_r300m,1,300.000000,446,0.135782,0.076819,0.215435,0.423694,0.448162,0.006583,0.001000,1.000000,0.951667,0.416296
common_draws,c1_r300m,1,300.000000,447,0.283649,0.188409,0.670642,0.354363,0.505406,0.011500,0.001000,1.000000,1.000000,0.329351
common_draws,c1_r600m,1,600.000000,406,0.350548,0.182087,0.626204,0.657563,0.881055,0.022639,0.034349,0.433333,0.465000,0.452377
common_draws,c1_r300m,1,300.000000,448,0.110841,0.101045,0.402975,0.280559,0.416437,0.003833,0.001000,1.000000,1.000000,0.344112
common_draws,c1_r600m,1,600.000000,405,0.206459,0.253180,0.731244,0.923030,0.827285,0.056639,0.013065,0.850000,0.551667,0.927083
common_draws,c1_r600m,1,600.000000,410,0.083179,0.095539,0.708872,0.635072,0.753324,0.022611,0.152377,0.083333,0.348333,0.694136
common_draws,c1_r600m,1,600.000000,414,0.379987,0.232842,0.701117,0.882975,0.749870,0.082472,0.405741,0.033333,0.333333,0.888925
common_draws,c1_r600m,1,600.000000,412,0.294919,0.297796,0.938759,0.900496,0.791209,0.090611,0.160334,0.216667,0.495000,0.885463
common_draws,c1_r600m,1,600.000000,415,0.336261,0.296220,0.733060,0.918682,0.789195,0.066667,0.126105,0.383333,0.478333,0.911021
common_draws,c1_r600m,1,600.000000,421,0.232536,0.210107,0.680366,0.859105,0.552875,0.027417,0.022682,0.716667,0.428333,0.867392
common_draws,c1_r600m,1,600.000000,419,0.198915,0.266335,0.918846,0.891568,0.706103,0.023028,0.001000,1.000000,0.591667,0.909681
common_draws,c1_r600m,1,600.000000,404,0.204686,0.235973,0.704907,0.934794,0.504490,0.088667,0.477067,0.000000,0.475000,0.907301
common_draws,c1_r600m,1,600.000000,422,0.211657,0.256729,0.819333,0.884452,0.776856,0.106500,0.708883,0.000000,0.590000,0.894376
common_draws,c1_r600m,1,600.000000,424,0.166143,0.191047,0.808603,0.740059,0.898532,0.036306,0.247325,0.000000,0.306667,0.547836
common_draws,c1_r600m,1,600.000000,407,0.264583,0.256256,0.563712,0.959658,0.369726,0.035861,0.209009,0.033333,0.413333,0.902928
common_draws,c1_r600m,1,600.000000,408,0.247578,0.262103,0.928184,0.925869,0.873085,0.013000,0.015008,0.800000,0.568333,0.904255
common_draws,c1_r600m,1,600.000000,423,0.201846,0.237829,0.938363,0.904283,0.804548,0.061722,0.519086,0.000000,0.375000,0.909263
common_draws,c1_r600m,1,600.000000,409,0.347367,0.295063,0.855024,0.912665,0.774266,0.110472,0.301713,0.050000,0.306667,0.905366
common_draws,c1_r600m,1,600.000000,425,0.291051,0.243206,0.829716,0.920543,0.522478,0.033139,0.004697,0.866667,0.491667,0.858842
common_draws,c1_r600m,1,600.000000,426,0.445291,0.195302,0.454455,0.835436,0.579968,0.020111,0.037573,0.500000,0.476667,0.839515
common_draws,c1_r600m,1,600.000000,418,0.239118,0.271838,0.783563,0.920561,0.559046,0.090028,0.493048,0.000000,0.520000,0.894945
common_draws,c1_r600m,1,600.000000,413,0.234400,0.231542,0.896304,0.936975,0.326196,0.098444,0.258660,0.083333,0.431667,0.909920
common_draws,c1_r600m,1,600.000000,411,0.318678,0.275816,0.862633,0.920392,0.884119,0.029389,0.018439,0.783333,0.565000,0.923011
common_draws,c1_r600m,1,600.000000,416,0.334404,0.299527,0.843746,0.922456,0.533916,0.073778,0.006548,0.933333,0.723333,0.900946
common_draws,c1_r600m,1,600.000000,417,0.306712,0.279882,0.916770,0.942504,0.437887,0.058944,0.032703,0.766667,0.450000,0.916381
common_draws,c1_r600m,1,600.000000,427,0.226066,0.300185,0.952227,0.885284,0.799759,0.059639,0.001000,1.000000,0.550000,0.893129
common_draws,c1_r600m,1,600.000000,420,0.312033,0.291559,0.909144,0.953936,0.319551,0.099778,0.268437,0.183333,0.501667,0.928140
common_draws,c1_r600m,1,600.000000,430,0.184998,0.248899,0.907628,0.910299,0.680879,0.043167,0.001000,1.000000,0.600000,0.879577
common_draws,c1_r600m,1,600.000000,429,0.316191,0.257610,0.853992,0.918125,0.456567,0.048139,0.049691,0.733333,0.631667,0.924317
common_draws,c1_r600m,1,600.000000,435,0.373109,0.313885,0.932091,0.907557,0.694638,0.069111,0.085358,0.383333,0.341667,0.899709
common_draws,c1_r600m,1,600.000000,433,0.241002,0.255175,0.897200,0.940934,0.433669,0.089083,0.121342,0.283333,0.351667,0.920125
common_draws,c1_r600m,1,600.000000,436,0.197629,0.270618,0.845717,0.917006,0.869785,0.073222,0.284441,0.116667,0.375000,0.909646
common_draws,c1_r600m,1,600.000000,428,0.172699,0.251884,0.635992,0.923363,0.829234,0.069222,0.352779,0.000000,0.403333,0.860655
common_draws,c1_r600m,1,600.000000,444,0.332182,0.272352,0.815122,0.888430,0.676745,0.041611,0.021739,0.816667,0.506667,0.854519
common_draws,c1_r600m,1,600.000000,442,0.175165,0.284987,0.941079,0.892678,0.882699,0.036167,0.001000,1.000000,0.426667,0.899883
common_draws,c1_r600m,1,600.000000,432,0.282201,0.223789,0.803011,0.931226,0.259154,0.041861,0.007575,0.900000,0.566667,0.899698
common_draws,c1_r600m,1,600.000000,445,0.332960,0.236048,0.759309,0.939951,0.183828,0.024528,0.001571,0.966667,0.585000,0.910627
common_draws,c1_r600m,1,600.000000,446,0.324086,0.252807,0.891258,0.951378,0.427873,0.079639,0.173598,0.166667,0.656667,0.915172
common_draws,c1_r600m,1,600.000000,431,0.303086,0.291293,0.911428,0.931950,0.467368,0.074861,0.019293,0.800000,0.658333,0.918849
common_draws,c1_r600m,1,600.000000,447,0.237351,0.270657,0.842628,0.912156,0.780616,0.024361,0.001000,1.000000,0.423333,0.898160
common_draws,c1_r600m,1,600.000000,434,0.344874,0.286548,0.786073,0.867409,0.814182,0.043250,0.060146,0.533333,0.393333,0.875930
common_draws,c1_r600m,1,600.000000,448,0.363661,0.233132,0.783848,0.892118,0.772790,0.010472,0.034304,0.616667,0.353333,0.900464
common_draws,c1_r600m,1,600.000000,439,0.220353,0.257729,0.649305,0.920327,0.806567,0.037722,0.005336,0.866667,0.681667,0.889872
common_draws,c1_r600m,1,600.000000,437,0.321789,0.259389,0.782348,0.930737,0.835950,0.048167,0.047348,0.516667,0.386667,0.916960
common_draws,c1_r600m,1,600.000000,441,0.124753,0.218443,0.776394,0.898610,0.723778,0.036806,0.081823,0.233333,0.370000,0.863623
common_draws,c1_r600m,1,600.000000,440,0.262810,0.277589,0.818558,0.840632,0.764586,0.082556,0.347271,0.000000,0.445000,0.887526
common_draws,c2_r15m,2,15.000000,400,0.000000,0.000000,0.239809,0.463468,0.659238,0.001972,0.001000,1.000000,1.000000,0.027189
common_draws,c2_r15m,2,15.000000,401,0.000000,0.000000,0.537087,0.496214,0.497874,0.001944,0.001000,1.000000,1.000000,0.166667
common_draws,c1_r600m,1,600.000000,438,0.281347,0.272260,0.840946,0.934144,0.621320,0.050250,0.062092,0.633333,0.441667,0.887071
common_draws,c1_r600m,1,600.000000,443,0.300846,0.294793,0.912169,0.920134,0.728185,0.044694,0.222610,0.033333,0.453333,0.905197
common_draws,c2_r15m,2,15.000000,403,0.000000,0.000000,0.305328,0.475799,0.822439,0.000694,0.001000,1.000000,1.000000,0.089773
common_draws,c2_r15m,2,15.000000,404,0.000000,0.000000,0.419697,0.351750,0.658016,0.000417,0.001000,1.000000,1.000000,0.011111
common_draws,c2_r15m,2,15.000000,406,0.000000,0.000000,0.495309,0.632521,0.449800,0.000944,0.001000,1.000000,1.000000,0.054545
common_draws,c2_r15m,2,15.000000,408,0.000000,0.000000,0.350850,0.411755,0.455460,0.000417,0.001000,1.000000,1.000000,0.000000
common_draws,c2_r15m,2,15.000000,413,0.000000,0.000000,0.281147,0.421279,0.765857,0.000972,0.001000,1.000000,1.000000,0.009091
common_draws,c2_r15m,2,15.000000,414,0.000000,-0.007692,0.300646,0.476311,0.616899,0.001250,0.001000,1.000000,1.000000,0.079842
common_draws,c2_r15m,2,15.000000,417,0.000000,0.000000,0.309265,0.202084,0.612426,0.001278,0.001000,1.000000,1.000000,0.014286
common_draws,c2_r15m,2,15.000000,418,0.000000,0.000000,0.464955,0.208357,0.748839,0.000889,0.001000,1.000000,1.000000,0.039130
common_draws,c2_r15m,2,15.000000,402,0.000000,0.022403,0.198473,0.481556,0.744810,0.001333,0.001000,1.000000,1.000000,0.178201
common_draws,c1_r600m,1,600.000000,449,0.210105,0.256285,0.894358,0.915110,0.871416,0.038167,0.001000,1.000000,0.606667,0.913450
common_draws,c2_r15m,2,15.000000,419,0.000000,0.000000,0.359297,0.291165,0.487079,0.001194,0.001000,1.000000,1.000000,0.104386
common_draws,c2_r15m,2,15.000000,405,0.000000,0.009524,0.403971,0.304406,0.753542,0.001444,0.001000,1.000000,1.000000,0.162540
common_draws,c2_r15m,2,15.000000,420,0.000000,0.000000,0.196127,0.343794,0.690777,0.001861,0.001000,1.000000,1.000000,0.051515
common_draws,c2_r15m,2,15.000000,407,0.000000,0.000000,0.559111,0.453723,0.712866,0.001889,0.001000,1.000000,1.000000,0.127692
common_draws,c2_r15m,2,15.000000,409,0.000000,0.000000,0.367092,0.154730,0.695006,0.000528,0.001000,1.000000,1.000000,0.000000
common_draws,c2_r15m,2,15.000000,410,0.000000,0.000000,0.403926,0.728207,0.568352,0.000278,0.001000,1.000000,1.000000,0.100000
common_draws,c2_r15m,2,15.000000,421,0.000000,0.000000,0.474181,0.354308,0.473513,0.000889,0.001000,1.000000,1.000000,0.000000
common_draws,c2_r15m,2,15.000000,422,0.000000,0.000000,0.234518,0.351876,0.441422,0.001250,0.001000,1.000000,1.000000,0.169231
common_draws,c2_r15m,2,15.000000,411,0.000000,0.000000,0.191064,0.504253,0.740552,0.001667,0.001000,1.000000,1.000000,0.042857
common_draws,c2_r15m,2,15.000000,412,0.000000,0.000000,0.487375,0.501215,0.436396,0.000500,0.001000,1.000000,1.000000,0.045000
common_draws,c2_r15m,2,15.000000,423,0.000000,0.000000,0.426102,0.377041,0.402699,0.000278,0.001000,1.000000,1.000000,0.000000
common_draws,c2_r15m,2,15.000000,415,0.000000,0.000000,0.234530,0.579764,0.695331,0.001694,0.001000,1.000000,1.000000,0.042857
common_draws,c2_r15m,2,15.000000,416,0.000000,0.000000,0.487322,0.466740,0.578494,0.000194,0.001000,1.000000,1.000000,0.050000
common_draws,c2_r15m,2,15.000000,424,0.000000,0.012500,0.181228,0.623550,0.778700,0.001028,0.001000,1.000000,1.000000,0.050000
common_draws,c2_r15m,2,15.000000,427,0.000000,0.000000,0.211383,0.435067,0.734892,0.000861,0.001000,1.000000,1.000000,0.010000
common_draws,c2_r15m,2,15.000000,429,0.000000,0.000000,0.504063,0.392840,0.590234,0.001889,0.001000,1.000000,1.000000,0.050000
common_draws,c2_r15m,2,15.000000,433,0.000000,0.000000,0.669063,0.456560,0.707338,0.001528,0.001000,1.000000,1.000000,0.042857
common_draws,c2_r15m,2,15.000000,434,0.000000,0.000000,0.303059,0.439062,0.727933,0.000472,0.001000,1.000000,1.000000,0.071429
common_draws,c2_r15m,2,15.000000,437,0.000000,0.000000,0.247413,0.330231,0.615077,0.000833,0.001000,1.000000,1.000000,0.020000
common_draws,c2_r15m,2,15.000000,440,0.000000,0.000000,0.359358,0.387231,0.384836,0.001278,0.001000,1.000000,1.000000,0.083333
common_draws,c2_r15m,2,15.000000,441,0.000000,0.000000,0.566063,0.375995,0.851380,0.000944,0.001000,1.000000,1.000000,0.066667
common_draws,c2_r15m,2,15.000000,425,0.000000,0.000000,0.396058,0.565744,0.762344,0.000917,0.001000,1.000000,1.000000,0.037500
common_draws,c2_r15m,2,15.000000,426,0.000000,0.014286,0.367220,0.322508,0.356388,0.001389,0.001000,1.000000,1.000000,0.175453
common_draws,c2_r15m,2,15.000000,442,0.000000,0.000000,0.301745,0.316690,0.641384,0.000722,0.001000,1.000000,1.000000,0.000000
common_draws,c2_r15m,2,15.000000,428,0.000000,0.000000,0.286371,0.266354,0.745023,0.000111,0.001000,1.000000,1.000000,0.000000
common_draws,c2_r15m,2,15.000000,430,0.000000,0.000000,0.331809,0.302459,0.682844,0.001000,0.001000,1.000000,1.000000,0.056667
common_draws,c2_r15m,2,15.000000,443,0.166667,0.016667,0.310693,0.455725,0.750130,0.001278,0.001000,1.000000,1.000000,0.098889
common_draws,c2_r15m,2,15.000000,432,0.000000,0.001187,0.238852,0.433828,0.775819,0.001417,0.001000,1.000000,1.000000,0.119181
common_draws,c2_r15m,2,15.000000,431,0.000000,0.000000,0.361149,0.586623,0.683227,0.001861,0.001000,1.000000,1.000000,0.000000
common_draws,c2_r15m,2,15.000000,444,0.000000,0.000000,0.592081,0.391941,0.580367,0.000667,0.001000,1.000000,1.000000,0.032143
common_draws,c2_r15m,2,15.000000,445,0.000000,0.016667,0.326308,0.664289,0.654979,0.001222,0.001000,1.000000,1.000000,0.129545
common_draws,c2_r15m,2,15.000000,435,0.000000,0.000000,0.532780,0.340366,0.700093,0.000806,0.001000,1.000000,1.000000,0.066667
common_draws,c2_r15m,2,15.000000,446,0.000000,-0.012500,0.504951,0.345424,0.780530,0.001278,0.001000,1.000000,1.000000,0.106494
common_draws,c2_r15m,2,15.000000,436,0.000000,0.000000,0.356375,0.513997,0.813577,0.001528,0.001000,1.000000,1.000000,0.046667
common_draws,c2_r15m,2,15.000000,439,0.000000,0.000000,0.319281,0.511321,0.820876,0.001222,0.001000,1.000000,1.000000,0.377489
common_draws,c2_r15m,2,15.000000,438,0.000000,0.014286,0.803633,0.577619,0.850769,0.001583,0.001000,1.000000,1.000000,0.087688
common_draws,c2_r15m,2,15.000000,447,0.000000,0.000000,0.418075,0.668863,0.727168,0.000444,0.001000,1.000000,1.000000,0.000000
common_draws,c2_r37.5m,2,37.500000,400,0.037037,0.034283,0.407248,0.368137,0.690199,0.003583,0.001000,1.000000,1.000000,0.359461
common_draws,c2_r37.5m,2,37.500000,403,0.106894,0.047218,0.618479,0.496283,0.664201,0.004417,0.001000,1.000000,1.000000,0.495434
common_draws,c2_r37.5m,2,37.500000,406,0.053288,0.070790,0.690710,0.425405,0.552198,0.003917,0.001000,1.000000,1.000000,0.398505
common_draws,c2_r37.5m,2,37.500000,407,-0.028571,0.018115,0.481202,0.245209,0.407565,0.003250,0.001000,1.000000,1.000000,0.258681
common_draws,c2_r37.5m,2,37.500000,409,0.000000,0.028925,0.709939,0.216562,0.513324,0.003306,0.001000,1.000000,1.000000,0.228343
common_draws,c2_r37.5m,2,37.500000,413,0.181818,0.066400,0.510883,0.235456,0.631907,0.001417,0.001000,1.000000,1.000000,0.202251
common_draws,c2_r37.5m,2,37.500000,414,0.039956,0.008950,0.510922,0.433824,0.658459,0.001750,0.001000,1.000000,1.000000,0.416236
common_draws,c2_r15m,2,15.000000,449,0.000000,-0.012500,0.544160,0.387883,0.714345,0.001833,0.001000,1.000000,1.000000,0.084416
common_draws,c2_r15m,2,15.000000,448,0.000000,0.010345,0.170273,0.410266,0.761158,0.000611,0.001000,1.000000,1.000000,0.185203
common_draws,c2_r37.5m,2,37.500000,401,-0.005169,0.008206,0.180532,0.685512,0.711611,0.003556,0.001000,1.000000,1.000000,0.620151
common_draws,c2_r37.5m,2,37.500000,402,-0.007192,0.003846,0.265564,0.413285,0.256610,0.004806,0.001000,1.000000,1.000000,0.341938
common_draws,c2_r37.5m,2,37.500000,415,0.039218,0.011544,0.318556,0.714015,0.686470,0.005167,0.001000,1.000000,1.000000,0.705048
common_draws,c2_r37.5m,2,37.500000,416,0.027569,0.028366,0.331125,0.284680,0.528875,0.003556,0.001000,1.000000,1.000000,0.289192
common_draws,c2_r37.5m,2,37.500000,404,0.013700,0.023246,0.485587,0.457974,0.665178,0.003667,0.001000,1.000000,1.000000,0.398887
common_draws,c2_r37.5m,2,37.500000,405,0.076923,-0.002652,0.315062,0.184096,0.690756,0.000944,0.001000,1.000000,1.000000,0.118301
common_draws,c2_r37.5m,2,37.500000,417,0.133099,0.076375,0.559922,0.606417,0.703377,0.002111,0.001000,1.000000,1.000000,0.564133
common_draws,c2_r37.5m,2,37.500000,418,0.047619,0.033630,0.319146,0.292703,0.693950,0.001889,0.001000,1.000000,1.000000,0.194701
common_draws,c2_r37.5m,2,37.500000,408,0.040780,0.000579,0.202402,0.331061,0.431920,0.004361,0.001000,1.000000,1.000000,0.346014
common_draws,c2_r37.5m,2,37.500000,410,0.250000,0.039869,0.323069,0.348774,0.616939,0.001778,0.001000,1.000000,1.000000,0.402894
common_draws,c2_r37.5m,2,37.500000,419,0.056712,0.022693,0.358097,0.343961,0.677776,0.004889,0.001000,1.000000,1.000000,0.320457
common_draws,c2_r37.5m,2,37.500000,411,0.022727,0.010722,0.333999,0.288695,0.507687,0.003056,0.001000,1.000000,1.000000,0.319966
common_draws,c2_r37.5m,2,37.500000,420,0.070772,0.036876,0.587982,0.322278,0.745063,0.002167,0.001000,1.000000,1.000000,0.300251
common_draws,c2_r37.5m,2,37.500000,412,0.000000,0.028266,0.230304,0.374383,0.767322,0.004667,0.001000,1.000000,1.000000,0.265869
common_draws,c2_r37.5m,2,37.500000,425,0.000000,0.043810,0.273546,0.202821,0.490741,0.001611,0.001000,1.000000,1.000000,0.195397
common_draws,c2_r37.5m,2,37.500000,426,0.024665,0.053159,0.295228,0.250291,0.583102,0.004028,0.001000,1.000000,1.000000,0.184558
common_draws,c2_r37.5m,2,37.500000,430,-0.037037,0.018324,0.591893,0.633722,0.585742,0.002528,0.001000,1.000000,1.000000,0.488874
common_draws,c2_r37.5m,2,37.500000,429,0.048052,0.068024,0.738364,0.346453,0.708708,0.004528,0.001000,1.000000,1.000000,0.368465
common_draws,c2_r37.5m,2,37.500000,433,0.028413,0.011300,0.319231,0.417193,0.284923,0.002222,0.001000,1.000000,1.000000,0.340567
common_draws,c2_r37.5m,2,37.500000,435,0.000000,0.017643,0.358269,0.496048,0.494118,0.001917,0.001000,1.000000,1.000000,0.373613
common_draws,c2_r37.5m,2,37.500000,421,0.077990,0.078904,0.291212,0.146228,0.346313,0.003306,0.001000,1.000000,1.000000,0.126340
common_draws,c2_r37.5m,2,37.500000,422,0.000000,0.004260,0.487883,0.486548,0.654941,0.001389,0.001000,1.000000,1.000000,0.550483
common_draws,c2_r37.5m,2,37.500000,423,0.000000,0.016883,0.355500,0.359838,0.155239,0.002472,0.001000,1.000000,1.000000,0.387704
common_draws,c2_r37.5m,2,37.500000,437,0.224359,0.034741,0.383482,0.413455,0.495423,0.001111,0.001000,1.000000,1.000000,0.244953
common_draws,c2_r37.5m,2,37.500000,424,0.000000,0.044849,0.194750,0.238889,0.550468,0.001278,0.001000,1.000000,1.000000,0.258868
common_draws,c2_r37.5m,2,37.500000,438,0.071429,0.020903,0.308276,0.194728,0.718649,0.003667,0.001000,1.000000,1.000000,0.222563
common_draws,c2_r37.5m,2,37.500000,427,0.067726,0.027883,0.336792,0.382846,0.656807,0.002556,0.001000,1.000000,1.000000,0.358728
common_draws,c2_r37.5m,2,37.500000,439,0.115385,0.043315,0.397315,0.469639,0.724562,0.001639,0.001000,1.000000,1.000000,0.430084
common_draws,c2_r37.5m,2,37.500000,440,0.066667,0.051201,0.396481,0.324729,0.496538,0.002111,0.001000,1.000000,1.000000,0.278492
common_draws,c2_r37.5m,2,37.500000,428,0.040035,-0.005115,0.121951,0.417315,0.471617,0.001917,0.001000,1.000000,1.000000,0.645055
common_draws,c2_r37.5m,2,37.500000,442,0.010443,0.017863,0.398033,0.458603,0.614317,0.001194,0.001000,1.000000,1.000000,0.521080
common_draws,c2_r37.5m,2,37.500000,441,0.000000,0.047849,0.370336,0.437696,0.338640,0.002139,0.001000,1.000000,1.000000,0.281352
common_draws,c2_r37.5m,2,37.500000,431,0.071429,0.045665,0.411572,0.188364,0.790930,0.003694,0.001000,1.000000,1.000000,0.116045
common_draws,c2_r37.5m,2,37.500000,434,0.063472,0.019703,0.405890,0.222220,0.650255,0.004083,0.001000,1.000000,1.000000,0.197541
common_draws,c2_r37.5m,2,37.500000,432,0.000000,0.007255,0.520046,0.505345,0.693375,0.002056,0.001000,1.000000,1.000000,0.372342
common_draws,c2_r37.5m,2,37.500000,436,0.029412,0.044336,0.278931,0.262717,0.645294,0.001361,0.001000,1.000000,1.000000,0.321647
common_draws,c2_r37.5m,2,37.500000,446,0.028846,0.026523,0.539107,0.467583,0.497550,0.003667,0.001000,1.000000,1.000000,0.602423
common_draws,c2_r37.5m,2,37.500000,448,0.000000,0.032729,0.676988,0.578344,0.295553,0.000972,0.001000,1.000000,1.000000,0.711756
common_draws,c2_r75m,2,75.000000,400,0.063263,0.054907,0.597160,0.374677,0.338472,0.002417,0.001000,1.000000,1.000000,0.305705
common_draws,c2_r75m,2,75.000000,401,0.053849,0.029861,0.485918,0.530269,0.585356,0.004139,0.001000,1.000000,1.000000,0.521694
common_draws,c2_r75m,2,75.000000,404,0.028593,0.037799,0.423437,0.225757,0.584161,0.003778,0.001000,1.000000,1.000000,0.352233
common_draws,c2_r75m,2,75.000000,403,0.046047,0.047163,0.283493,0.438955,0.668775,0.003972,0.001000,1.000000,1.000000,0.440822
common_draws,c2_r37.5m,2,37.500000,443,0.000000,0.026298,0.734951,0.380642,0.500186,0.001500,0.001000,1.000000,1.000000,0.366064
common_draws,c2_r37.5m,2,37.500000,444,0.047015,0.019469,0.284555,0.424089,0.656019,0.004167,0.001000,1.000000,1.000000,0.479610
common_draws,c2_r37.5m,2,37.500000,445,-0.006721,0.013445,0.195265,0.489119,0.500252,0.004917,0.001000,1.000000,1.000000,0.562507
common_draws,c2_r75m,2,75.000000,409,0.060606,0.035610,0.402789,0.449582,0.773229,0.005528,0.001000,1.000000,1.000000,0.510764
common_draws,c2_r75m,2,75.000000,410,0.010732,0.039602,0.363044,0.323675,0.698773,0.002306,0.001000,1.000000,1.000000,0.420995
common_draws,c2_r37.5m,2,37.500000,447,-0.024324,0.022407,0.369031,0.688071,0.813307,0.004694,0.001000,1.000000,1.000000,0.677312
common_draws,c2_r75m,2,75.000000,411,0.057541,0.056607,0.540427,0.516200,0.686658,0.005444,0.001000,1.000000,1.000000,0.478755
common_draws,c2_r37.5m,2,37.500000,449,0.000000,0.016667,0.472667,0.375605,0.598003,0.000639,0.001000,1.000000,1.000000,0.247888
common_draws,c2_r75m,2,75.000000,412,0.021277,0.021755,0.149112,0.477539,0.388789,0.005222,0.001000,1.000000,1.000000,0.459171
common_draws,c2_r75m,2,75.000000,402,0.058779,0.074442,0.463271,0.367902,0.778782,0.007806,0.001000,1.000000,1.000000,0.351136
common_draws,c2_r75m,2,75.000000,414,0.069536,0.022607,0.351501,0.220176,0.607886,0.005611,0.001000,1.000000,1.000000,0.242914
common_draws,c2_r75m,2,75.000000,405,0.129039,0.066607,0.506655,0.264870,0.561206,0.005194,0.001000,1.000000,1.000000,0.218534
common_draws,c2_r75m,2,75.000000,406,0.003758,0.039433,0.408034,0.286677,0.521796,0.004250,0.001000,1.000000,1.000000,0.261053
common_draws,c2_r75m,2,75.000000,407,-0.015544,0.032289,0.202992,0.224441,0.506004,0.002694,0.001000,1.000000,1.000000,0.245822
common_draws,c2_r75m,2,75.000000,408,0.030707,0.056352,0.623104,0.301637,0.514308,0.004389,0.001000,1.000000,1.000000,0.275418
common_draws,c2_r75m,2,75.000000,418,0.016197,0.024764,0.228924,0.351146,0.575358,0.006333,0.001000,1.000000,1.000000,0.329115
common_draws,c2_r75m,2,75.000000,413,0.078890,0.064039,0.702501,0.376438,0.702828,0.007111,0.001000,1.000000,1.000000,0.302422
common_draws,c2_r75m,2,75.000000,419,0.058056,0.063719,0.468498,0.160215,0.754619,0.007389,0.001000,1.000000,1.000000,0.136720
common_draws,c2_r75m,2,75.000000,421,0.064978,0.063657,0.572457,0.295264,0.521025,0.007861,0.001000,1.000000,1.000000,0.289044
common_draws,c2_r75m,2,75.000000,423,0.054480,0.023224,0.262230,0.578061,0.793905,0.007611,0.001000,1.000000,1.000000,0.584493
common_draws,c2_r75m,2,75.000000,425,0.129468,0.063479,0.346045,0.263488,0.702297,0.007667,0.001000,1.000000,1.000000,0.186478
common_draws,c2_r75m,2,75.000000,430,0.036825,0.051442,0.614739,0.534119,0.652218,0.005861,0.001000,1.000000,1.000000,0.591901
common_draws,c2_r75m,2,75.000000,415,0.348389,0.091645,0.670748,0.444488,0.591710,0.011472,0.001028,0.983333,0.998333,0.459298
common_draws,c2_r75m,2,75.000000,416,0.065934,0.056462,0.669065,0.417102,0.295837,0.001500,0.001000,1.000000,1.000000,0.268216
common_draws,c2_r75m,2,75.000000,417,0.077669,0.079370,0.644646,0.209741,0.847782,0.013250,0.001000,1.000000,1.000000,0.222973
common_draws,c2_r75m,2,75.000000,432,0.036674,0.027533,0.247505,0.254583,0.588616,0.008333,0.001000,1.000000,1.000000,0.303950
common_draws,c2_r75m,2,75.000000,433,0.045818,0.025771,0.292844,0.721418,0.727000,0.009111,0.001000,1.000000,1.000000,0.795107
common_draws,c2_r75m,2,75.000000,420,0.029899,0.041152,0.152507,0.218588,0.491531,0.007222,0.001000,1.000000,1.000000,0.224284
common_draws,c2_r75m,2,75.000000,422,0.036209,0.023543,0.254102,0.284997,0.772207,0.003167,0.001000,1.000000,1.000000,0.206857
common_draws,c2_r75m,2,75.000000,434,0.025507,0.026781,0.297373,0.248619,0.595990,0.009000,0.001000,1.000000,1.000000,0.262591
common_draws,c2_r75m,2,75.000000,435,0.135565,0.060249,0.229236,0.307081,0.545762,0.003444,0.001000,1.000000,1.000000,0.192273
common_draws,c2_r75m,2,75.000000,424,0.052632,0.041502,0.484147,0.503861,0.564236,0.002806,0.001000,1.000000,1.000000,0.600509
common_draws,c2_r75m,2,75.000000,427,0.013850,0.021044,0.219483,0.565982,0.605240,0.005167,0.001000,1.000000,1.000000,0.607748
common_draws,c2_r75m,2,75.000000,428,0.026591,0.041411,0.416493,0.414267,0.407657,0.003472,0.001000,1.000000,1.000000,0.269892
common_draws,c2_r75m,2,75.000000,426,0.055593,0.043915,0.547976,0.441346,0.732606,0.009056,0.001000,1.000000,1.000000,0.460128
common_draws,c2_r75m,2,75.000000,436,0.072912,0.068997,0.385961,0.227597,0.467560,0.009944,0.001000,1.000000,1.000000,0.328449
common_draws,c2_r75m,2,75.000000,440,0.036948,0.035612,0.223708,0.261529,0.740641,0.009250,0.001000,1.000000,1.000000,0.335416
common_draws,c2_r75m,2,75.000000,429,0.073777,0.039723,0.382662,0.508575,0.663098,0.008167,0.001000,1.000000,1.000000,0.421111
common_draws,c2_r75m,2,75.000000,431,0.011244,0.014739,0.239245,0.267224,0.540995,0.003472,0.001000,1.000000,1.000000,0.290549
common_draws,c2_r75m,2,75.000000,441,0.065230,0.038440,0.351635,0.351605,0.666688,0.008389,0.001000,1.000000,1.000000,0.384227
common_draws,c2_r75m,2,75.000000,444,0.019018,0.016174,0.280373,0.445985,0.552869,0.004472,0.001000,1.000000,1.000000,0.196242
common_draws,c2_r75m,2,75.000000,445,0.009314,0.043522,0.390654,0.308042,0.718747,0.006417,0.001000,1.000000,1.000000,0.267403
common_draws,c2_r150m,2,150.000000,400,0.106893,0.088105,0.456924,0.593866,0.665948,0.004583,0.001000,1.000000,1.000000,0.698798
common_draws,c2_r75m,2,75.000000,437,0.053775,0.016835,0.310574,0.165622,0.595389,0.004917,0.001000,1.000000,1.000000,0.226156
common_draws,c2_r150m,2,150.000000,401,0.049228,0.053621,0.188517,0.412426,0.716393,0.007583,0.001000,1.000000,1.000000,0.440972
common_draws,c2_r75m,2,75.000000,439,0.020422,0.037065,0.500105,0.376605,0.542956,0.004250,0.001000,1.000000,1.000000,0.362448
common_draws,c2_r75m,2,75.000000,438,0.036569,0.034701,0.441056,0.626492,0.674695,0.003778,0.001000,1.000000,1.000000,0.597342
common_draws,c2_r150m,2,150.000000,404,-0.002105,0.052346,0.215431,0.330276,0.723605,0.004306,0.001000,1.000000,1.000000,0.185864
common_draws,c2_r75m,2,75.000000,443,0.041533,0.050096,0.300184,0.451215,0.810439,0.007222,0.001000,1.000000,1.000000,0.416330
common_draws,c2_r75m,2,75.000000,442,0.085539,0.057251,0.678589,0.227790,0.787316,0.005611,0.001000,1.000000,1.000000,0.278010
common_draws,c2_r150m,2,150.000000,405,0.079600,0.096249,0.574147,0.556896,0.258503,0.011194,0.001000,1.000000,1.000000,0.377840
common_draws,c2_r150m,2,150.000000,406,0.066918,0.102855,0.545725,0.257463,0.709740,0.005417,0.001000,1.000000,1.000000,0.248860
common_draws,c2_r75m,2,75.000000,446,0.007788,0.031088,0.203346,0.763407,0.733080,0.009306,0.001000,1.000000,1.000000,0.661827
common_draws,c2_r75m,2,75.000000,447,0.030976,0.055369,0.454176,0.344172,0.848888,0.004000,0.001000,1.000000,1.000000,0.369301
common_draws,c2_r150m,2,150.000000,407,0.053661,0.073285,0.489637,0.292191,0.644612,0.017000,0.001000,1.000000,1.000000,0.255859
common_draws,c2_r75m,2,75.000000,448,0.044453,0.035942,0.310939,0.399771,0.478542,0.008694,0.001000,1.000000,1.000000,0.410834
common_draws,c2_r75m,2,75.000000,449,0.043070,0.033172,0.353804,0.283707,0.659763,0.006389,0.001000,1.000000,1.000000,0.342321
common_draws,c2_r150m,2,150.000000,409,0.092604,0.091159,0.573829,0.409147,0.525217,0.004333,0.001000,1.000000,1.000000,0.340617
common_draws,c2_r150m,2,150.000000,402,0.120988,0.040531,0.223403,0.692435,0.440561,0.004528,0.001000,1.000000,1.000000,0.666855
common_draws,c2_r150m,2,150.000000,412,0.055213,0.103684,0.566049,0.333616,0.676076,0.028361,0.049044,0.683333,0.968333,0.400777
common_draws,c2_r150m,2,150.000000,415,-0.006610,0.057919,0.240545,0.617117,0.664034,0.003556,0.001000,1.000000,1.000000,0.456829
common_draws,c2_r150m,2,150.000000,403,0.144506,0.100436,0.529767,0.643016,0.596102,0.022556,0.001000,1.000000,1.000000,0.619436
common_draws,c2_r150m,2,150.000000,416,0.035294,0.063195,0.316808,0.304913,0.741255,0.003389,0.001000,1.000000,1.000000,0.400682
common_draws,c2_r150m,2,150.000000,419,0.035760,0.070928,0.350261,0.202736,0.636760,0.020722,0.001000,1.000000,1.000000,0.217021
common_draws,c2_r150m,2,150.000000,422,0.087017,0.072094,0.432417,0.387681,0.680511,0.019861,0.001000,1.000000,1.000000,0.376350
common_draws,c2_r150m,2,150.000000,408,0.097155,0.097195,0.454454,0.624233,0.420227,0.022056,0.001000,1.000000,1.000000,0.543849
common_draws,c2_r150m,2,150.000000,410,0.146564,0.068122,0.214664,0.279506,0.780374,0.030167,0.001453,0.983333,0.998333,0.317629
common_draws,c2_r150m,2,150.000000,424,0.071535,0.119986,0.743917,0.237451,0.449385,0.010750,0.001000,1.000000,1.000000,0.234394
common_draws,c2_r150m,2,150.000000,411,0.091555,0.097147,0.401755,0.346117,0.602302,0.025528,0.001000,1.000000,1.000000,0.259771
common_draws,c2_r150m,2,150.000000,413,0.067393,0.039300,0.562700,0.339944,0.797904,0.008389,0.001000,1.000000,1.000000,0.414719
common_draws,c2_r150m,2,150.000000,414,0.030894,0.050313,0.264150,0.450848,0.753141,0.008222,0.001000,1.000000,1.000000,0.399764
common_draws,c2_r150m,2,150.000000,425,0.050340,0.074202,0.474120,0.562568,0.696101,0.009444,0.001000,1.000000,1.000000,0.344471
common_draws,c2_r150m,2,150.000000,427,0.001833,0.054294,0.107291,0.171270,0.420712,0.004472,0.001000,1.000000,0.995000,0.276703
common_draws,c2_r150m,2,150.000000,417,0.133735,0.090798,0.367810,0.203385,0.670617,0.012333,0.001000,1.000000,1.000000,0.244388
common_draws,c2_r150m,2,150.000000,428,0.093509,0.090476,0.373157,0.351319,0.685615,0.018417,0.001000,1.000000,1.000000,0.363359
common_draws,c2_r150m,2,150.000000,418,0.110263,0.138986,0.646801,0.146429,0.776179,0.018222,0.001000,1.000000,1.000000,0.145761
common_draws,c2_r150m,2,150.000000,420,0.111657,0.105550,0.710151,0.633512,0.802096,0.009778,0.001000,1.000000,1.000000,0.555014
common_draws,c2_r150m,2,150.000000,421,0.132319,0.056736,0.307773,0.179310,0.366741,0.005806,0.001000,1.000000,1.000000,0.174006
common_draws,c2_r150m,2,150.000000,432,0.029261,0.074451,0.322366,0.464522,0.642627,0.002806,0.001000,1.000000,1.000000,0.471753
common_draws,c2_r150m,2,150.000000,423,0.219500,0.078269,0.484306,0.328808,0.829445,0.009444,0.001000,1.000000,1.000000,0.285432
common_draws,c2_r150m,2,150.000000,429,0.074708,0.059441,0.225043,0.300736,0.695462,0.007583,0.001000,1.000000,1.000000,0.313202
common_draws,c2_r150m,2,150.000000,437,0.060696,0.056313,0.443327,0.334502,0.642161,0.012139,0.001000,1.000000,1.000000,0.449242
common_draws,c2_r150m,2,150.000000,435,0.149035,0.063214,0.489710,0.490109,0.564483,0.012472,0.001000,1.000000,1.000000,0.368263
common_draws,c2_r150m,2,150.000000,436,0.078196,0.065976,0.351066,0.345479,0.649760,0.012472,0.001000,1.000000,1.000000,0.364226
common_draws,c2_r150m,2,150.000000,426,0.092062,0.080185,0.636356,0.466911,0.612648,0.007639,0.001000,1.000000,1.000000,0.592349
common_draws,c2_r150m,2,150.000000,439,0.204261,0.109278,0.455608,0.155775,0.613809,0.018194,0.001000,1.000000,1.000000,0.202610
common_draws,c2_r150m,2,150.000000,443,0.094920,0.033756,0.076833,0.394371,0.785327,0.001083,0.001000,1.000000,0.970000,0.487710
common_draws,c2_r150m,2,150.000000,431,0.046621,0.110829,0.507219,0.251915,0.305874,0.018306,0.001000,1.000000,1.000000,0.418139
common_draws,c2_r150m,2,150.000000,430,0.038488,0.064721,0.324721,0.428710,0.614127,0.012917,0.001000,1.000000,1.000000,0.636447
common_draws,c2_r150m,2,150.000000,441,0.006836,0.042785,0.140454,0.328610,0.289356,0.009889,0.001000,1.000000,1.000000,0.251710
common_draws,c2_r150m,2,150.000000,433,0.134550,0.127153,0.515746,0.532809,0.490944,0.017389,0.001000,1.000000,1.000000,0.503974
common_draws,c2_r150m,2,150.000000,446,0.038778,0.056550,0.236571,0.334490,0.732969,0.012806,0.001000,1.000000,1.000000,0.327741
common_draws,c2_r150m,2,150.000000,434,0.067179,0.061940,0.371949,0.503337,0.611460,0.013528,0.001000,1.000000,1.000000,0.458141
common_draws,c2_r150m,2,150.000000,447,0.064973,0.074696,0.211271,0.280684,0.635552,0.014833,0.001000,1.000000,1.000000,0.334313
common_draws,c2_r150m,2,150.000000,438,0.041424,0.069631,0.307530,0.381414,0.572207,0.007333,0.001000,1.000000,1.000000,0.291817
common_draws,c2_r300m,2,300.000000,400,0.195551,0.207716,0.896934,0.917993,0.654232,0.017833,0.001075,0.983333,0.861667,0.915096
common_draws,c2_r150m,2,150.000000,440,0.141927,0.082449,0.600708,0.376783,0.822945,0.011111,0.001000,1.000000,1.000000,0.414614
common_draws,c2_r150m,2,150.000000,442,0.085309,0.111179,0.354712,0.452211,0.601999,0.003472,0.001000,1.000000,1.000000,0.539818
common_draws,c2_r150m,2,150.000000,448,0.057208,0.069685,0.493696,0.305280,0.569390,0.009000,0.001000,1.000000,1.000000,0.303983
common_draws,c2_r300m,2,300.000000,401,0.124797,0.206582,0.877224,0.940500,0.908731,0.022139,0.001000,1.000000,0.838333,0.885560
common_draws,c2_r150m,2,150.000000,444,0.077767,0.104107,0.333545,0.464975,0.828169,0.012639,0.001000,1.000000,1.000000,0.512773
common_draws,c2_r300m,2,300.000000,404,0.161344,0.168739,0.834411,0.917234,0.745964,0.036861,0.001000,1.000000,0.961667,0.914573
common_draws,c2_r300m,2,300.000000,406,0.201290,0.182452,0.775310,0.861165,0.672938,0.029861,0.001000,1.000000,0.893333,0.848324
common_draws,c2_r150m,2,150.000000,445,0.123334,0.085275,0.268904,0.612850,0.566906,0.016333,0.001000,1.000000,1.000000,0.682175
common_draws,c2_r150m,2,150.000000,449,0.037391,0.072122,0.307920,0.334473,0.514994,0.017056,0.001000,1.000000,1.000000,0.302856
common_draws,c2_r300m,2,300.000000,408,0.140234,0.207586,0.854661,0.872134,0.831276,0.044972,0.074256,0.300000,0.658333,0.887103
common_draws,c2_r300m,2,300.000000,410,0.204407,0.193684,0.822381,0.908933,0.889636,0.062278,0.043861,0.616667,0.810000,0.888343
common_draws,c2_r300m,2,300.000000,414,0.282206,0.203141,0.758307,0.834542,0.518677,0.016361,0.023650,0.850000,0.755000,0.843034
common_draws,c2_r300m,2,300.000000,403,0.145257,0.212060,0.845217,0.886198,0.415622,0.033056,0.001000,1.000000,0.795000,0.900660
common_draws,c2_r300m,2,300.000000,402,0.217878,0.217417,0.879934,0.928221,0.613855,0.033083,0.001202,0.966667,0.840000,0.895818
common_draws,c2_r300m,2,300.000000,417,0.310547,0.170220,0.808751,0.873451,0.605589,0.046500,0.143760,0.233333,0.628333,0.904312
common_draws,c2_r300m,2,300.000000,407,0.229803,0.122084,0.551538,0.871050,0.943527,0.072972,0.065944,0.650000,0.958333,0.778298
common_draws,c2_r300m,2,300.000000,416,0.149012,0.186810,0.877937,0.894455,0.649543,0.014944,0.001000,1.000000,0.705000,0.900814
common_draws,c2_r300m,2,300.000000,405,0.261556,0.205431,0.813843,0.928441,0.903469,0.058417,0.050823,0.616667,0.791667,0.922150
common_draws,c2_r300m,2,300.000000,409,0.102799,0.151205,0.431208,0.353020,0.237340,0.022528,0.001000,1.000000,0.976667,0.376686
common_draws,c2_r300m,2,300.000000,420,0.143121,0.191501,0.815361,0.920985,0.600872,0.082000,0.013487,0.833333,0.861667,0.917537
common_draws,c2_r300m,2,300.000000,421,0.117895,0.213043,0.923213,0.943958,0.208429,0.021833,0.001000,1.000000,0.790000,0.907470
common_draws,c2_r300m,2,300.000000,411,0.084181,0.194917,0.827787,0.919763,0.305439,0.022500,0.001000,1.000000,0.893333,0.905774
common_draws,c2_r300m,2,300.000000,422,0.217489,0.207782,0.908545,0.961501,0.423017,0.073667,0.007751,0.933333,0.898333,0.927308
common_draws,c2_r300m,2,300.000000,415,0.186119,0.159105,0.619649,0.898291,0.893697,0.035222,0.004550,0.933333,0.888333,0.903279
common_draws,c2_r300m,2,300.000000,425,0.175943,0.174596,0.686458,0.781011,0.500349,0.032667,0.003640,0.966667,0.828333,0.848883
common_draws,c2_r300m,2,300.000000,413,0.286202,0.233262,0.946687,0.905023,0.774845,0.077250,0.100435,0.433333,0.675000,0.913731
common_draws,c2_r300m,2,300.000000,412,0.260906,0.220975,0.957112,0.952733,0.369109,0.096583,0.068016,0.633333,0.768333,0.931972
common_draws,c2_r300m,2,300.000000,427,0.255634,0.214492,0.794190,0.877776,0.769543,0.055528,0.037905,0.683333,0.745000,0.901671
common_draws,c2_r300m,2,300.000000,418,0.226511,0.194284,0.923625,0.815253,0.918599,0.023861,0.001000,1.000000,0.940000,0.836452
common_draws,c2_r300m,2,300.000000,419,0.231942,0.226723,0.846656,0.951975,0.734372,0.045306,0.026885,0.766667,0.698333,0.917845
common_draws,c2_r300m,2,300.000000,430,0.300605,0.219116,0.926026,0.926751,0.708247,0.083972,0.189611,0.183333,0.838333,0.891900
common_draws,c2_r300m,2,300.000000,431,0.210910,0.220076,0.881244,0.915923,0.908759,0.059417,0.005279,0.950000,0.791667,0.915800
common_draws,c2_r300m,2,300.000000,423,0.177520,0.180455,0.805891,0.797256,0.915176,0.034167,0.010789,0.850000,0.956667,0.768442
common_draws,c2_r300m,2,300.000000,433,0.198289,0.206960,0.948809,0.905951,0.356254,0.043306,0.008150,0.916667,0.670000,0.889393
common_draws,c2_r300m,2,300.000000,435,0.188749,0.210392,0.887081,0.931252,0.220304,0.033000,0.001000,1.000000,0.755000,0.920881
common_draws,c2_r300m,2,300.000000,429,0.196875,0.152637,0.790517,0.900670,0.217101,0.008194,0.001000,1.000000,0.848333,0.882789
common_draws,c2_r300m,2,300.000000,424,0.242172,0.212945,0.903142,0.894181,0.522647,0.064833,0.207465,0.033333,0.741667,0.913769
common_draws,c2_r300m,2,300.000000,426,0.279908,0.209615,0.771211,0.908609,0.734219,0.017083,0.002239,0.933333,0.763333,0.892112
common_draws,c2_r300m,2,300.000000,438,0.437076,0.253273,0.886502,0.932173,0.401235,0.075528,0.086555,0.400000,0.693333,0.877421
common_draws,c2_r300m,2,300.000000,428,0.159508,0.180961,0.868399,0.927960,0.650563,0.024167,0.001000,1.000000,0.935000,0.874736
common_draws,c2_r300m,2,300.000000,441,0.169884,0.208839,0.861587,0.929280,0.464252,0.037361,0.001000,1.000000,0.856667,0.878657
common_draws,c2_r300m,2,300.000000,442,0.122420,0.186733,0.899483,0.929155,0.733239,0.040778,0.001000,1.000000,0.876667,0.921154
common_draws,c2_r300m,2,300.000000,432,0.238920,0.221604,0.932005,0.959855,0.840063,0.058889,0.012641,0.900000,0.736667,0.912200
common_draws,c2_r300m,2,300.000000,436,0.301027,0.202862,0.652699,0.797580,0.885148,0.032833,0.046906,0.516667,0.626667,0.759238
common_draws,c2_r300m,2,300.000000,445,0.211136,0.194856,0.927349,0.929474,0.494614,0.045944,0.016647,0.883333,0.885000,0.906673
common_draws,c2_r300m,2,300.000000,444,0.202779,0.211388,0.876015,0.937542,0.448727,0.029444,0.002811,0.983333,0.876667,0.920681
common_draws,c2_r300m,2,300.000000,434,0.159504,0.207861,0.794253,0.910240,0.948629,0.035167,0.001375,0.983333,0.826667,0.898089
common_draws,c2_r300m,2,300.000000,437,0.281105,0.196604,0.823827,0.842720,0.546429,0.064167,0.027686,0.850000,0.853333,0.873044
common_draws,c2_r300m,2,300.000000,439,0.112351,0.184285,0.771998,0.813754,0.860010,0.030778,0.037707,0.716667,0.843333,0.685016
common_draws,c2_r300m,2,300.000000,449,0.155311,0.199888,0.834572,0.904423,0.649154,0.006111,0.001000,1.000000,0.840000,0.833841
common_draws,c2_r300m,2,300.000000,443,0.238363,0.140727,0.606803,0.853416,0.826297,0.014833,0.002596,0.966667,0.933333,0.855737
common_draws,c2_r300m,2,300.000000,440,0.224169,0.206464,0.906097,0.901623,0.830357,0.047639,0.009452,0.933333,0.758333,0.908170
common_draws,c2_r300m,2,300.000000,446,0.125198,0.185878,0.775743,0.916127,0.926921,0.031278,0.001000,1.000000,0.966667,0.857671
common_draws,c2_r300m,2,300.000000,448,0.285577,0.224230,0.952291,0.927177,0.755524,0.062083,0.096935,0.350000,0.713333,0.903682
common_draws,c2_r300m,2,300.000000,447,0.202845,0.194913,0.918037,0.914575,0.828270,0.070500,0.048587,0.600000,0.828333,0.915553
common_draws,c2_r600m,2,600.000000,401,0.191085,0.269160,0.879067,0.884087,0.783935,0.172500,0.801445,0.000000,0.000000,0.884710
common_draws,c2_r600m,2,600.000000,402,0.276094,0.276275,0.866174,0.887764,0.772187,0.222389,1.416915,0.000000,0.013333,0.865761
common_draws,c2_r600m,2,600.000000,405,0.258024,0.290516,0.875373,0.848157,0.660993,0.157972,0.640849,0.000000,0.013333,0.852432
common_draws,c2_r600m,2,600.000000,406,0.291142,0.292049,0.810544,0.850873,0.794618,0.171056,0.828589,0.000000,0.000000,0.852616
common_draws,c2_r600m,2,600.000000,410,0.299324,0.253369,0.826099,0.912590,0.726964,0.165111,0.686928,0.016667,0.005000,0.888269
common_draws,c2_r600m,2,600.000000,400,0.277417,0.275686,0.873839,0.900219,0.862106,0.197611,1.131839,0.000000,0.048333,0.864194
common_draws,c2_r600m,2,600.000000,416,0.239954,0.254782,0.860400,0.878745,0.464149,0.159778,0.649393,0.000000,0.005000,0.869767
common_draws,c2_r600m,2,600.000000,417,0.269974,0.289830,0.906687,0.904120,0.747837,0.127444,0.323463,0.083333,0.026667,0.874434
common_draws,c2_r600m,2,600.000000,403,0.263806,0.265689,0.862943,0.839917,0.808744,0.161833,0.653377,0.033333,0.056667,0.866382
common_draws,c2_r600m,2,600.000000,407,0.259454,0.279544,0.823350,0.870778,0.798596,0.218944,1.389154,0.000000,0.005000,0.881960
common_draws,c2_r600m,2,600.000000,408,0.248132,0.266644,0.844655,0.854163,0.470679,0.163306,0.673118,0.016667,0.001667,0.873348
common_draws,c2_r600m,2,600.000000,404,0.285289,0.273494,0.819180,0.932984,0.594039,0.222333,1.481895,0.000000,0.005000,0.890570
common_draws,c2_r600m,2,600.000000,418,0.333860,0.282273,0.826288,0.901540,0.567286,0.218083,1.414658,0.000000,0.003333,0.893864
common_draws,c2_r600m,2,600.000000,419,0.219347,0.276782,0.882227,0.882759,0.848104,0.154611,0.633242,0.000000,0.001667,0.891865
common_draws,c2_r600m,2,600.000000,420,0.259698,0.279501,0.871785,0.913563,0.568196,0.195444,1.078334,0.000000,0.013333,0.894135
common_draws,c2_r600m,2,600.000000,409,0.214359,0.259429,0.785340,0.920801,0.743681,0.147583,0.482337,0.016667,0.003333,0.883019
common_draws,c2_r600m,2,600.000000,411,0.310049,0.277165,0.810205,0.909229,0.512034,0.170250,0.836271,0.000000,0.000000,0.896520
common_draws,c2_r600m,2,600.000000,412,0.224436,0.291361,0.884172,0.886825,0.790228,0.153111,0.560143,0.000000,0.008333,0.897638
common_draws,c2_r600m,2,600.000000,413,0.255066,0.295827,0.876974,0.895439,0.788978,0.238194,1.628027,0.000000,0.001667,0.885427
common_draws,c2_r600m,2,600.000000,414,0.282985,0.259192,0.836839,0.907423,0.731842,0.135167,0.358997,0.100000,0.023333,0.864534
common_draws,c2_r600m,2,600.000000,415,0.230073,0.261279,0.868120,0.927366,0.889621,0.153361,0.559062,0.000000,0.050000,0.881727
common_draws,c2_r600m,2,600.000000,422,0.288714,0.289288,0.889463,0.922336,0.412444,0.206833,1.236317,0.000000,0.005000,0.897005
common_draws,c2_r600m,2,600.000000,423,0.294711,0.293896,0.860840,0.892541,0.762607,0.224667,1.510103,0.000000,0.000000,0.884883
common_draws,c2_r600m,2,600.000000,425,0.286124,0.284258,0.885550,0.894417,0.517481,0.211583,1.283565,0.000000,0.006667,0.872771
common_draws,c2_r600m,2,600.000000,428,0.239035,0.269836,0.771785,0.926737,0.474357,0.151917,0.571806,0.016667,0.020000,0.900071
common_draws,c2_r600m,2,600.000000,429,0.281418,0.263927,0.850836,0.853754,0.806849,0.138278,0.365341,0.133333,0.075000,0.867483
common_draws,c2_r600m,2,600.000000,430,0.339221,0.282198,0.887856,0.912106,0.553008,0.182028,0.943433,0.000000,0.075000,0.890627
common_draws,c2_r600m,2,600.000000,431,0.321812,0.277386,0.851544,0.874097,0.643669,0.172500,0.853249,0.000000,0.013333,0.874922
common_draws,c2_r600m,2,600.000000,421,0.274430,0.278312,0.865848,0.867529,0.679303,0.232333,1.592921,0.000000,0.003333,0.876910
common_draws,c2_r600m,2,600.000000,424,0.233089,0.273064,0.847295,0.895535,0.523473,0.188222,1.025670,0.000000,0.008333,0.888266
common_draws,c2_r600m,2,600.000000,427,0.307279,0.280641,0.842157,0.877321,0.757659,0.187306,1.014814,0.000000,0.010000,0.885600
common_draws,c2_r600m,2,600.000000,433,0.235866,0.267735,0.783637,0.890402,0.690794,0.227111,1.514340,0.000000,0.010000,0.877769
common_draws,c2_r600m,2,600.000000,438,0.206994,0.261016,0.800898,0.877207,0.642675,0.203167,1.267807,0.000000,0.000000,0.883065
common_draws,c2_r600m,2,600.000000,437,0.287441,0.289285,0.859331,0.887311,0.695328,0.169389,0.787481,0.000000,0.016667,0.875530
common_draws,c2_r600m,2,600.000000,426,0.298683,0.283031,0.782187,0.901450,0.674723,0.150194,0.516514,0.016667,0.025000,0.886073
common_draws,c2_r600m,2,600.000000,439,0.313931,0.289870,0.881610,0.912618,0.591189,0.190778,1.050311,0.000000,0.003333,0.864255
common_draws,c2_r600m,2,600.000000,440,0.276806,0.318314,0.845161,0.888221,0.852637,0.131806,0.359867,0.066667,0.010000,0.893128
common_draws,c2_r600m,2,600.000000,432,0.237524,0.271967,0.830103,0.878059,0.461573,0.265306,1.937747,0.000000,0.036667,0.872825
common_draws,c2_r600m,2,600.000000,442,0.273347,0.286414,0.835822,0.930831,0.550279,0.204972,1.197871,0.000000,0.001667,0.886947
common_draws,c2_r600m,2,600.000000,435,0.288545,0.265710,0.848837,0.901914,0.858874,0.151806,0.522182,0.066667,0.010000,0.890968
common_draws,c2_r600m,2,600.000000,434,0.296862,0.271401,0.858462,0.902199,0.752612,0.179306,0.956986,0.000000,0.021667,0.899015
common_draws,c2_r600m,2,600.000000,436,0.265478,0.302463,0.862583,0.880823,0.595323,0.171944,0.783110,0.016667,0.026667,0.886419
common_draws,c3_r15m,3,15.000000,402,0.000000,0.000000,0.688387,0.632161,0.399877,0.000444,0.001000,1.000000,1.000000,0.025000
common_draws,c3_r15m,3,15.000000,401,0.000000,0.025000,0.600692,0.339730,0.816024,0.000944,0.001000,1.000000,1.000000,0.084444
common_draws,c3_r15m,3,15.000000,404,0.000000,0.000000,0.305192,0.660338,0.741267,0.002333,0.001000,1.000000,1.000000,0.349145
common_draws,c2_r600m,2,600.000000,449,0.302791,0.271663,0.832033,0.895669,0.690469,0.206556,1.259252,0.000000,0.013333,0.895563
common_draws,c2_r600m,2,600.000000,441,0.313108,0.282884,0.898132,0.901402,0.547415,0.138972,0.401074,0.050000,0.016667,0.884313
common_draws,c2_r600m,2,600.000000,448,0.329746,0.288419,0.870652,0.911211,0.530234,0.208833,1.265422,0.000000,0.061667,0.869832
common_draws,c2_r600m,2,600.000000,447,0.187083,0.267317,0.859501,0.881323,0.761492,0.149944,0.609675,0.000000,0.000000,0.858301
common_draws,c2_r600m,2,600.000000,446,0.338633,0.276566,0.882583,0.900803,0.620090,0.185833,1.035515,0.000000,0.003333,0.899173
common_draws,c3_r15m,3,15.000000,400,0.038462,0.028931,0.690642,0.607398,0.564359,0.001972,0.001000,1.000000,1.000000,0.308441
common_draws,c3_r15m,3,15.000000,408,0.000000,0.000000,0.406752,0.553881,0.596552,0.000639,0.001000,1.000000,1.000000,0.195455
common_draws,c3_r15m,3,15.000000,409,-0.024306,-0.002431,0.263422,0.613486,0.548408,0.001861,0.001000,1.000000,1.000000,0.141778
common_draws,c3_r15m,3,15.000000,403,0.000000,0.011111,0.383255,0.277693,0.782887,0.001194,0.001000,1.000000,1.000000,0.021429
common_draws,c3_r15m,3,15.000000,410,0.000000,0.000000,0.314056,0.281197,0.753907,0.002417,0.001000,1.000000,1.000000,0.100000
common_draws,c3_r15m,3,15.000000,413,0.000000,0.000000,0.156208,0.404702,0.432561,0.001417,0.001000,1.000000,1.000000,0.040000
common_draws,c3_r15m,3,15.000000,411,0.000000,0.007143,0.337227,0.285558,0.756782,0.001167,0.001000,1.000000,1.000000,0.121449
common_draws,c3_r15m,3,15.000000,414,0.000000,0.000000,0.303064,0.592772,0.442201,0.002556,0.001000,1.000000,1.000000,0.295714
common_draws,c3_r15m,3,15.000000,415,0.000000,0.000000,0.360608,0.440945,0.465660,0.001333,0.001000,1.000000,1.000000,0.037931
common_draws,c3_r15m,3,15.000000,405,0.000000,0.000000,0.414911,0.442260,0.624308,0.001167,0.001000,1.000000,1.000000,0.099324
common_draws,c3_r15m,3,15.000000,417,0.000000,0.000000,0.362597,0.422389,0.493256,0.000611,0.001000,1.000000,1.000000,0.000000
common_draws,c2_r600m,2,600.000000,443,0.223153,0.266321,0.874297,0.919743,0.687396,0.180722,0.909217,0.000000,0.010000,0.881143
common_draws,c3_r15m,3,15.000000,406,0.090909,0.009091,0.363908,0.481089,0.816377,0.001389,0.001000,1.000000,1.000000,0.330744
common_draws,c3_r15m,3,15.000000,418,0.000000,-0.009091,0.418753,0.242602,0.826809,0.002167,0.001000,1.000000,1.000000,0.044432
common_draws,c3_r15m,3,15.000000,407,0.000000,-0.005263,0.216158,0.225154,0.600775,0.001583,0.001000,1.000000,1.000000,0.052537
common_draws,c3_r15m,3,15.000000,420,0.000000,0.000000,0.240593,0.395426,0.631481,0.002056,0.001000,1.000000,1.000000,0.066667
common_draws,c2_r600m,2,600.000000,444,0.200965,0.270333,0.881174,0.920450,0.748912,0.211167,1.281064,0.000000,0.026667,0.891289
common_draws,c2_r600m,2,600.000000,445,0.221640,0.260833,0.803900,0.885013,0.732011,0.186417,0.977229,0.000000,0.033333,0.885831
common_draws,c3_r15m,3,15.000000,422,0.000000,0.000000,0.616664,0.377573,0.747450,0.000944,0.001000,1.000000,1.000000,0.066667
common_draws,c3_r15m,3,15.000000,421,0.000000,0.050000,0.422296,0.313390,0.343171,0.003389,0.001000,1.000000,1.000000,0.127143
common_draws,c3_r15m,3,15.000000,423,0.000000,0.000000,0.276025,0.623366,0.546385,0.001611,0.001000,1.000000,1.000000,0.095588
common_draws,c3_r15m,3,15.000000,412,0.000000,0.000000,0.283933,0.381334,0.673597,0.001611,0.001000,1.000000,1.000000,0.133333
common_draws,c3_r15m,3,15.000000,424,0.051429,0.068893,0.447974,0.591098,0.575218,0.001611,0.001000,1.000000,1.000000,0.115470
common_draws,c3_r15m,3,15.000000,426,0.000000,0.010000,0.171329,0.289735,0.688052,0.001528,0.001000,1.000000,1.000000,0.083333
common_draws,c3_r15m,3,15.000000,416,0.000000,0.000000,0.402367,0.437959,0.681796,0.000917,0.001000,1.000000,1.000000,0.000000
common_draws,c3_r15m,3,15.000000,429,0.000000,0.010000,0.223380,0.484365,0.571864,0.000472,0.001000,1.000000,1.000000,0.113369
common_draws,c3_r15m,3,15.000000,431,0.000000,0.008158,0.455581,0.697283,0.775643,0.002222,0.001000,1.000000,1.000000,0.399865
common_draws,c3_r15m,3,15.000000,419,0.000000,0.000000,0.307416,0.518807,0.797690,0.003528,0.001000,1.000000,1.000000,0.167857
common_draws,c3_r15m,3,15.000000,434,0.000000,0.025000,0.565817,0.349226,0.464695,0.001417,0.001000,1.000000,1.000000,0.326753
common_draws,c3_r15m,3,15.000000,435,0.000000,-0.014286,0.391525,0.187401,0.719194,0.001833,0.001000,1.000000,1.000000,0.062290
common_draws,c3_r15m,3,15.000000,436,0.000000,0.014286,0.342873,0.298587,0.661208,0.001028,0.001000,1.000000,1.000000,0.081281
common_draws,c3_r15m,3,15.000000,438,0.000000,0.068182,0.394872,0.290388,0.585709,0.001917,0.001000,1.000000,1.000000,0.156667
common_draws,c3_r15m,3,15.000000,439,0.000000,-0.014286,0.264245,0.321323,0.779396,0.003083,0.001000,1.000000,1.000000,0.118063
common_draws,c3_r15m,3,15.000000,425,0.000000,0.000000,0.350652,0.431236,0.568909,0.002639,0.001000,1.000000,1.000000,0.085621
common_draws,c3_r15m,3,15.000000,427,0.000000,0.000792,0.343062,0.359126,0.626999,0.002444,0.001000,1.000000,1.000000,0.073615
common_draws,c3_r15m,3,15.000000,441,0.000000,0.000000,0.236245,0.231648,0.477556,0.002389,0.001000,1.000000,1.000000,0.111772
common_draws,c3_r15m,3,15.000000,428,0.000000,0.000000,0.226203,0.394755,0.746110,0.000444,0.001000,1.000000,1.000000,0.100000
common_draws,c3_r15m,3,15.000000,430,0.000000,0.004909,0.307225,0.353109,0.391034,0.001778,0.001000,1.000000,1.000000,0.116294
common_draws,c3_r15m,3,15.000000,442,0.000000,0.005630,0.476054,0.300312,0.563501,0.002500,0.001000,1.000000,1.000000,0.050366
common_draws,c3_r15m,3,15.000000,444,0.000000,0.058333,0.312068,0.457517,0.693814,0.002056,0.001000,1.000000,1.000000,0.308889
common_draws,c3_r15m,3,15.000000,432,0.000000,0.000000,0.258307,0.521985,0.752284,0.003167,0.001000,1.000000,1.000000,0.070000
common_draws,c3_r15m,3,15.000000,445,0.000000,0.000000,0.133369,0.485279,0.804794,0.002361,0.001000,1.000000,1.000000,0.143012
common_draws,c3_r15m,3,15.000000,433,0.000000,0.000000,0.400043,0.248825,0.180802,0.001028,0.001000,1.000000,1.000000,0.100000
common_draws,c3_r15m,3,15.000000,446,0.000000,-0.000142,0.419749,0.260464,0.792825,0.002000,0.001000,1.000000,1.000000,0.082906
common_draws,c3_r15m,3,15.000000,447,0.000000,0.020000,0.273257,0.244526,0.664051,0.001472,0.001000,1.000000,1.000000,0.031250
common_draws,c3_r15m,3,15.000000,448,0.000000,0.000000,0.543022,0.416300,0.575898,0.002194,0.001000,1.000000,1.000000,0.136667
common_draws,c3_r15m,3,15.000000,437,0.000000,-0.011111,0.391024,0.257469,0.725287,0.001833,0.001000,1.000000,1.000000,0.033333
common_draws,c3_r37.5m,3,37.500000,401,0.000000,0.020791,0.396643,0.650863,0.296100,0.000778,0.001000,1.000000,1.000000,0.487439
common_draws,c3_r15m,3,15.000000,440,0.000000,0.000000,0.252249,0.403305,0.546179,0.001333,0.001000,1.000000,1.000000,0.063636
common_draws,c3_r37.5m,3,37.500000,404,0.020057,0.017385,0.241074,0.178815,0.503825,0.004722,0.001000,1.000000,1.000000,0.280394
common_draws,c3_r15m,3,15.000000,443,0.000000,0.000000,0.364903,0.389258,0.767756,0.001750,0.001000,1.000000,1.000000,0.107179
common_draws,c3_r37.5m,3,37.500000,405,0.050847,0.017592,0.233693,0.564927,0.693637,0.002528,0.001000,1.000000,1.000000,0.317485
common_draws,c3_r37.5m,3,37.500000,407,0.023320,0.029456,0.539718,0.296076,0.244557,0.006000,0.001000,1.000000,1.000000,0.312503
common_draws,c3_r37.5m,3,37.500000,409,0.003885,0.005418,0.304958,0.292590,0.634474,0.006556,0.001000,1.000000,1.000000,0.302093
common_draws,c3_r37.5m,3,37.500000,410,-0.024390,0.014601,0.254825,0.345434,0.435329,0.003611,0.001000,1.000000,1.000000,0.162287
common_draws,c3_r37.5m,3,37.500000,411,0.041014,0.011786,0.146822,0.517743,0.774743,0.005806,0.001000,1.000000,1.000000,0.610084
common_draws,c3_r37.5m,3,37.500000,413,0.094326,0.043160,0.714087,0.317983,0.774263,0.001694,0.001000,1.000000,1.000000,0.305096
common_draws,c3_r37.5m,3,37.500000,400,0.028302,0.018868,0.498789,0.562542,0.779286,0.002806,0.001000,1.000000,1.000000,0.577183
common_draws,c3_r15m,3,15.000000,449,0.000000,0.002763,0.300589,0.441214,0.637076,0.002278,0.001000,1.000000,1.000000,0.050746
common_draws,c3_r37.5m,3,37.500000,402,-0.003558,0.011841,0.244571,0.323520,0.680715,0.003306,0.001000,1.000000,1.000000,0.618426
common_draws,c3_r37.5m,3,37.500000,403,0.025810,0.025399,0.353690,0.367315,0.454693,0.005944,0.001000,1.000000,1.000000,0.394804
common_draws,c3_r37.5m,3,37.500000,415,0.018651,-0.001576,0.559292,0.536028,0.694671,0.004000,0.001000,1.000000,1.000000,0.326475
common_draws,c3_r37.5m,3,37.500000,417,0.043609,0.007342,0.237156,0.713522,0.532156,0.008083,0.001000,1.000000,1.000000,0.632313
common_draws,c3_r37.5m,3,37.500000,418,0.043269,0.027680,0.341885,0.411568,0.626479,0.002417,0.001000,1.000000,1.000000,0.470761
common_draws,c3_r37.5m,3,37.500000,419,0.015228,0.045877,0.507794,0.634602,0.474215,0.005194,0.001000,1.000000,1.000000,0.743788
common_draws,c3_r37.5m,3,37.500000,408,0.175686,0.059301,0.451987,0.375466,0.309996,0.003500,0.001000,1.000000,1.000000,0.311623
common_draws,c3_r37.5m,3,37.500000,406,-0.018018,0.003037,0.242161,0.224989,0.640233,0.003528,0.001000,1.000000,1.000000,0.244144
common_draws,c3_r37.5m,3,37.500000,420,-0.013889,0.040203,0.324659,0.236480,0.510032,0.003500,0.001000,1.000000,1.000000,0.230891
common_draws,c3_r37.5m,3,37.500000,421,0.020000,0.007975,0.445038,0.153602,0.509513,0.005889,0.001000,1.000000,1.000000,0.278450
common_draws,c3_r37.5m,3,37.500000,412,0.237013,0.045128,0.466153,0.364797,0.453459,0.003139,0.001000,1.000000,1.000000,0.185638
common_draws,c3_r37.5m,3,37.500000,422,0.000000,0.003674,0.432508,0.442366,0.411795,0.003278,0.001000,1.000000,1.000000,0.310226
common_draws,c3_r37.5m,3,37.500000,414,0.024035,0.051402,0.592041,0.180325,0.595738,0.005556,0.001000,1.000000,1.000000,0.152126
common_draws,c3_r37.5m,3,37.500000,427,0.059278,0.043030,0.363960,0.254985,0.745880,0.007333,0.001000,1.000000,1.000000,0.255313
common_draws,c3_r37.5m,3,37.500000,428,0.090909,0.052328,0.391010,0.533872,0.451906,0.002722,0.001000,1.000000,1.000000,0.625124
common_draws,c3_r37.5m,3,37.500000,429,0.040000,0.054961,0.768306,0.462301,0.665522,0.003639,0.001000,1.000000,1.000000,0.481065
common_draws,c3_r37.5m,3,37.500000,416,0.018904,0.017510,0.309269,0.172958,0.483953,0.003861,0.001000,1.000000,1.000000,0.196913
common_draws,c3_r37.5m,3,37.500000,430,-0.007223,0.032766,0.215684,0.474143,0.620950,0.002472,0.001000,1.000000,1.000000,0.635376
common_draws,c3_r37.5m,3,37.500000,434,-0.037037,0.024074,0.388129,0.275094,0.742450,0.000722,0.001000,1.000000,1.000000,0.244166
common_draws,c3_r37.5m,3,37.500000,433,0.058287,0.044087,0.385681,0.674648,0.733138,0.003806,0.001000,1.000000,1.000000,0.652851
common_draws,c3_r37.5m,3,37.500000,436,0.000000,0.021202,0.221030,0.377334,0.812881,0.002722,0.001000,1.000000,1.000000,0.289892
common_draws,c3_r37.5m,3,37.500000,423,0.037911,0.018466,0.355510,0.417094,0.759516,0.004250,0.001000,1.000000,1.000000,0.500751
common_draws,c3_r37.5m,3,37.500000,424,0.019048,0.041873,0.150078,0.195845,0.731508,0.003417,0.001000,1.000000,1.000000,0.202678
common_draws,c3_r37.5m,3,37.500000,426,0.142857,0.049742,0.381336,0.254357,0.615396,0.002778,0.001000,1.000000,1.000000,0.198868
common_draws,c3_r37.5m,3,37.500000,425,0.016248,0.040979,0.322504,0.298244,0.751631,0.006444,0.001000,1.000000,1.000000,0.343418
common_draws,c3_r37.5m,3,37.500000,439,0.035250,0.034896,0.652249,0.416569,0.558288,0.004333,0.001000,1.000000,1.000000,0.562965
common_draws,c3_r37.5m,3,37.500000,438,0.088889,0.067756,0.384793,0.312291,0.717693,0.005667,0.001000,1.000000,1.000000,0.245553
common_draws,c3_r37.5m,3,37.500000,440,-0.038462,0.013143,0.371950,0.574668,0.684015,0.001889,0.001000,1.000000,1.000000,0.301575
common_draws,c3_r37.5m,3,37.500000,442,0.000000,-0.013545,0.262928,0.222430,0.733789,0.000861,0.001000,1.000000,1.000000,0.256474
common_draws,c3_r37.5m,3,37.500000,431,0.022995,0.015689,0.260160,0.599444,0.672815,0.005583,0.001000,1.000000,1.000000,0.694252
common_draws,c3_r37.5m,3,37.500000,432,-0.007692,0.019228,0.303653,0.220197,0.760135,0.005750,0.001000,1.000000,1.000000,0.247167
common_draws,c3_r37.5m,3,37.500000,443,0.047619,0.053071,0.543920,0.237051,0.677290,0.006194,0.001000,1.000000,1.000000,0.203827
common_draws,c3_r37.5m,3,37.500000,444,0.016756,0.040554,0.228947,0.276144,0.812864,0.004528,0.001000,1.000000,1.000000,0.308360
common_draws,c3_r37.5m,3,37.500000,445,0.072581,0.028294,0.294025,0.370556,0.853101,0.002500,0.001000,1.000000,1.000000,0.532316
common_draws,c3_r37.5m,3,37.500000,435,0.017159,0.033220,0.690569,0.273760,0.721364,0.005139,0.001000,1.000000,1.000000,0.283917
common_draws,c3_r37.5m,3,37.500000,437,0.000000,-0.006199,0.358963,0.355409,0.411015,0.001528,0.001000,1.000000,1.000000,0.378137
common_draws,c3_r75m,3,75.000000,400,0.029466,0.051321,0.373289,0.448972,0.679490,0.008194,0.001000,1.000000,1.000000,0.499640
common_draws,c3_r75m,3,75.000000,401,0.035657,0.021053,0.389758,0.409974,0.728604,0.006361,0.001000,1.000000,1.000000,0.305949
common_draws,c3_r75m,3,75.000000,402,0.048216,0.047435,0.369989,0.372431,0.679005,0.007611,0.001000,1.000000,1.000000,0.360223
common_draws,c3_r75m,3,75.000000,403,0.056925,0.060137,0.504749,0.512260,0.445694,0.014167,0.001000,1.000000,1.000000,0.553596
common_draws,c3_r37.5m,3,37.500000,441,0.000000,0.021407,0.387447,0.386710,0.500853,0.004056,0.001000,1.000000,1.000000,0.390040
common_draws,c3_r75m,3,75.000000,406,0.015597,0.051743,0.429210,0.381652,0.610726,0.005917,0.001000,1.000000,1.000000,0.421379
common_draws,c3_r75m,3,75.000000,407,0.041304,0.046358,0.346857,0.142319,0.659199,0.011667,0.001000,1.000000,1.000000,0.135647
common_draws,c3_r75m,3,75.000000,408,0.049313,0.043265,0.216541,0.208615,0.419579,0.005583,0.001000,1.000000,1.000000,0.221194
common_draws,c3_r37.5m,3,37.500000,446,0.053667,0.049651,0.574645,0.419586,0.630722,0.005833,0.001000,1.000000,1.000000,0.352252
common_draws,c3_r75m,3,75.000000,411,0.045438,0.053123,0.239893,0.204393,0.649072,0.012139,0.001000,1.000000,1.000000,0.203217
common_draws,c3_r37.5m,3,37.500000,448,0.070494,0.019077,0.311486,0.280551,0.646225,0.004556,0.001000,1.000000,1.000000,0.291235
common_draws,c3_r37.5m,3,37.500000,447,0.072793,0.038511,0.421108,0.468041,0.665128,0.004611,0.001000,1.000000,1.000000,0.579737
common_draws,c3_r75m,3,75.000000,412,0.001713,0.021644,0.308952,0.413042,0.718572,0.010944,0.001000,1.000000,1.000000,0.238307
common_draws,c3_r37.5m,3,37.500000,449,0.027112,0.001620,0.155580,0.673157,0.598209,0.003222,0.001000,1.000000,1.000000,0.800975
common_draws,c3_r75m,3,75.000000,414,0.215428,0.090552,0.490350,0.314118,0.483243,0.008778,0.001000,1.000000,1.000000,0.405887
common_draws,c3_r75m,3,75.000000,413,0.048702,0.030368,0.203296,0.412513,0.781370,0.012722,0.001000,1.000000,1.000000,0.438738
common_draws,c3_r75m,3,75.000000,416,0.023949,0.058761,0.505303,0.503749,0.754456,0.003250,0.001000,1.000000,1.000000,0.453074
common_draws,c3_r75m,3,75.000000,404,0.071345,0.057476,0.402017,0.197336,0.350106,0.011472,0.001000,1.000000,1.000000,0.251347
common_draws,c3_r75m,3,75.000000,405,-0.000327,0.057196,0.557722,0.433675,0.693389,0.003556,0.001000,1.000000,1.000000,0.346270
common_draws,c3_r75m,3,75.000000,417,0.041814,0.021273,0.343068,0.457000,0.702196,0.007694,0.001000,1.000000,1.000000,0.569249
common_draws,c3_r75m,3,75.000000,418,0.030409,0.050478,0.217067,0.209874,0.537403,0.009944,0.001000,1.000000,1.000000,0.199090
common_draws,c3_r75m,3,75.000000,409,0.020408,0.017907,0.206337,0.609801,0.414669,0.002222,0.001000,1.000000,1.000000,0.638492
common_draws,c3_r75m,3,75.000000,420,0.117287,0.070931,0.480099,0.282290,0.597131,0.013250,0.001000,1.000000,1.000000,0.190990
common_draws,c3_r75m,3,75.000000,423,0.046979,0.028812,0.175160,0.324665,0.691021,0.008250,0.001000,1.000000,1.000000,0.338557
common_draws,c3_r75m,3,75.000000,410,0.016306,0.021974,0.338014,0.605311,0.667139,0.005889,0.001000,1.000000,1.000000,0.724441
common_draws,c3_r75m,3,75.000000,426,0.028609,0.057032,0.526936,0.285850,0.615416,0.006639,0.001000,1.000000,1.000000,0.233613
common_draws,c3_r75m,3,75.000000,425,0.038291,0.040981,0.378024,0.602633,0.311064,0.008083,0.001000,1.000000,1.000000,0.480348
common_draws,c3_r75m,3,75.000000,415,0.006807,0.039200,0.450130,0.179441,0.365393,0.009111,0.001000,1.000000,1.000000,0.208295
common_draws,c3_r75m,3,75.000000,427,0.033873,0.025884,0.265265,0.383877,0.824319,0.006972,0.001000,1.000000,1.000000,0.227971
common_draws,c3_r75m,3,75.000000,430,0.069028,0.042141,0.286643,0.310231,0.692331,0.012611,0.001000,1.000000,1.000000,0.236383
common_draws,c3_r75m,3,75.000000,431,0.025866,0.036405,0.378238,0.272227,0.736093,0.007528,0.001000,1.000000,1.000000,0.255915
common_draws,c3_r75m,3,75.000000,419,0.076010,0.051179,0.464489,0.345299,0.761062,0.007139,0.001000,1.000000,1.000000,0.360214
common_draws,c3_r75m,3,75.000000,433,0.074248,0.066986,0.625902,0.184458,0.394154,0.013417,0.001000,1.000000,1.000000,0.209773
common_draws,c3_r75m,3,75.000000,421,0.067271,0.050029,0.391444,0.283177,0.735768,0.004972,0.001000,1.000000,1.000000,0.299858
common_draws,c3_r75m,3,75.000000,436,0.023755,0.030161,0.435536,0.657502,0.609904,0.006250,0.001000,1.000000,1.000000,0.635707
common_draws,c3_r75m,3,75.000000,434,0.033723,0.050888,0.585006,0.338612,0.525886,0.010500,0.001000,1.000000,1.000000,0.332424
common_draws,c3_r75m,3,75.000000,437,0.018118,0.023938,0.229471,0.476397,0.797679,0.015639,0.001000,1.000000,1.000000,0.475444
common_draws,c3_r75m,3,75.000000,422,0.072994,0.073919,0.762663,0.489444,0.524595,0.011472,0.001000,1.000000,1.000000,0.410673
common_draws,c3_r75m,3,75.000000,424,0.019854,0.040199,0.434108,0.382964,0.767763,0.011417,0.001000,1.000000,1.000000,0.386649
common_draws,c3_r75m,3,75.000000,439,-0.008547,0.023765,0.170448,0.234384,0.511317,0.003583,0.001000,1.000000,1.000000,0.219000
common_draws,c3_r75m,3,75.000000,429,0.104816,0.045035,0.311833,0.270725,0.279921,0.005750,0.001000,1.000000,1.000000,0.228226
common_draws,c3_r75m,3,75.000000,428,0.092825,0.066865,0.628933,0.480994,0.801297,0.015056,0.001000,1.000000,1.000000,0.464647
common_draws,c3_r75m,3,75.000000,440,0.086631,0.063590,0.233955,0.483893,0.362546,0.006278,0.001000,1.000000,1.000000,0.501873
common_draws,c3_r75m,3,75.000000,441,0.142949,0.054973,0.535443,0.303121,0.476432,0.004167,0.001000,1.000000,1.000000,0.289465
common_draws,c3_r75m,3,75.000000,432,0.065209,0.052795,0.274448,0.256970,0.207905,0.013167,0.001000,1.000000,1.000000,0.277354
common_draws,c3_r75m,3,75.000000,443,0.029262,0.019220,0.218319,0.443820,0.461470,0.009083,0.001000,1.000000,1.000000,0.561062
common_draws,c3_r75m,3,75.000000,445,0.027477,0.026036,0.151337,0.375708,0.550873,0.013500,0.001000,1.000000,1.000000,0.445678
common_draws,c3_r75m,3,75.000000,435,0.035538,0.057561,0.451363,0.250322,0.756068,0.008472,0.001000,1.000000,1.000000,0.197114
common_draws,c3_r75m,3,75.000000,446,0.019150,0.056250,0.487801,0.261539,0.714953,0.008944,0.001000,1.000000,1.000000,0.239818
common_draws,c3_r75m,3,75.000000,447,0.078909,0.088252,0.675465,0.480101,0.796029,0.006583,0.001000,1.000000,1.000000,0.542902
common_draws,c3_r75m,3,75.000000,438,0.017051,0.026880,0.133456,0.222278,0.734750,0.006306,0.001000,1.000000,1.000000,0.256722
common_draws,c3_r150m,3,150.000000,400,0.041664,0.057807,0.224232,0.555695,0.696624,0.016000,0.001000,1.000000,1.000000,0.522903
common_draws,c3_r150m,3,150.000000,404,0.063242,0.102535,0.480238,0.233006,0.695203,0.004444,0.001000,1.000000,1.000000,0.254761
common_draws,c3_r75m,3,75.000000,442,0.045923,0.048040,0.407988,0.547499,0.463137,0.003667,0.001000,1.000000,1.000000,0.426661
common_draws,c3_r150m,3,150.000000,403,0.077782,0.078544,0.552762,0.465271,0.615246,0.010278,0.001000,1.000000,1.000000,0.305376
common_draws,c3_r150m,3,150.000000,406,0.023255,0.075139,0.351594,0.329551,0.573796,0.012528,0.001000,1.000000,1.000000,0.325482
common_draws,c3_r150m,3,150.000000,407,0.022902,0.060538,0.202748,0.237898,0.670547,0.010889,0.001000,1.000000,1.000000,0.316817
common_draws,c3_r150m,3,150.000000,410,0.056069,0.068886,0.280357,0.739270,0.662317,0.006972,0.001000,1.000000,0.985000,0.727872
common_draws,c3_r75m,3,75.000000,444,0.061532,0.069950,0.478887,0.397789,0.848601,0.007444,0.001000,1.000000,1.000000,0.426956
common_draws,c3_r75m,3,75.000000,448,0.035811,0.040021,0.334358,0.241797,0.768353,0.003083,0.001000,1.000000,1.000000,0.257361
common_draws,c3_r75m,3,75.000000,449,0.032379,0.038062,0.162452,0.272300,0.562160,0.006389,0.001000,1.000000,1.000000,0.242619
common_draws,c3_r150m,3,150.000000,409,0.098077,0.104442,0.622557,0.750992,0.451107,0.007972,0.001000,1.000000,0.990000,0.496179
common_draws,c3_r150m,3,150.000000,412,0.046287,0.055734,0.169082,0.206923,0.644933,0.036306,0.001000,1.000000,1.000000,0.203041
common_draws,c3_r150m,3,150.000000,401,0.068346,0.106246,0.547998,0.359543,0.719797,0.020694,0.001000,1.000000,1.000000,0.357118
common_draws,c3_r150m,3,150.000000,402,0.045160,0.091626,0.560126,0.565200,0.600543,0.022694,0.001000,1.000000,1.000000,0.543521
common_draws,c3_r150m,3,150.000000,413,0.047641,0.089320,0.260314,0.162395,0.766648,0.010083,0.001000,1.000000,0.998333,0.218312
common_draws,c3_r150m,3,150.000000,417,0.141123,0.109590,0.666510,0.334896,0.709953,0.008306,0.001000,1.000000,1.000000,0.398942
common_draws,c3_r150m,3,150.000000,416,0.022358,0.070664,0.343850,0.553512,0.369049,0.003194,0.001000,1.000000,0.958333,0.497900
common_draws,c3_r150m,3,150.000000,405,0.125079,0.066272,0.500155,0.475076,0.815795,0.029583,0.001000,1.000000,1.000000,0.567949
common_draws,c3_r150m,3,150.000000,418,0.022360,0.033850,0.170072,0.392278,0.674225,0.025639,0.001000,1.000000,1.000000,0.373646
common_draws,c3_r150m,3,150.000000,408,0.074759,0.060394,0.578020,0.383672,0.480659,0.025750,0.001000,1.000000,1.000000,0.417244
common_draws,c3_r150m,3,150.000000,422,0.044778,0.057788,0.310475,0.575666,0.876452,0.020472,0.001000,1.000000,1.000000,0.391636
common_draws,c3_r150m,3,150.000000,411,0.060355,0.089714,0.355598,0.322125,0.295954,0.029667,0.001000,1.000000,1.000000,0.315708
common_draws,c3_r150m,3,150.000000,414,0.058489,0.088455,0.258275,0.604877,0.397422,0.006139,0.001000,1.000000,1.000000,0.532872
common_draws,c3_r150m,3,150.000000,426,0.036845,0.027620,0.225811,0.675536,0.794220,0.016556,0.001000,1.000000,1.000000,0.556872
common_draws,c3_r150m,3,150.000000,428,0.155114,0.077225,0.441571,0.142182,0.612812,0.001806,0.001000,1.000000,0.948333,0.199800
common_draws,c3_r150m,3,150.000000,427,0.081012,0.057125,0.323608,0.341461,0.659124,0.012167,0.001000,1.000000,1.000000,0.314671
common_draws,c3_r150m,3,150.000000,423,0.015368,0.091431,0.429039,0.126742,0.573892,0.007833,0.001000,1.000000,1.000000,0.143471
common_draws,c3_r150m,3,150.000000,415,0.090809,0.096944,0.553860,0.540114,0.617483,0.016972,0.001000,1.000000,1.000000,0.668087
common_draws,c3_r150m,3,150.000000,421,0.073206,0.075320,0.476875,0.486633,0.617348,0.007000,0.001000,1.000000,1.000000,0.499039
common_draws,c3_r150m,3,150.000000,420,0.079341,0.070518,0.543866,0.561361,0.657496,0.010472,0.001000,1.000000,0.998333,0.388715
common_draws,c3_r150m,3,150.000000,430,0.078901,0.136796,0.813566,0.874516,0.520226,0.020000,0.001000,1.000000,0.998333,0.843029
common_draws,c3_r150m,3,150.000000,419,0.082807,0.096471,0.462630,0.236420,0.603529,0.022222,0.001000,1.000000,1.000000,0.219726
common_draws,c3_r150m,3,150.000000,432,0.102571,0.067817,0.548095,0.711076,0.706195,0.008333,0.001000,1.000000,0.998333,0.710471
common_draws,c3_r150m,3,150.000000,424,0.094260,0.070183,0.438148,0.179178,0.283145,0.029167,0.001000,1.000000,1.000000,0.268925
common_draws,c3_r150m,3,150.000000,425,0.106481,0.110389,0.690216,0.759292,0.589792,0.021583,0.001000,1.000000,1.000000,0.810432
common_draws,c3_r150m,3,150.000000,436,0.096624,0.073987,0.625645,0.897263,0.801754,0.011083,0.001000,1.000000,0.996667,0.895285
common_draws,c3_r150m,3,150.000000,435,0.120428,0.110908,0.470666,0.487058,0.684530,0.029972,0.001000,1.000000,1.000000,0.435240
common_draws,c3_r150m,3,150.000000,437,0.132034,0.111281,0.532537,0.578996,0.846005,0.016528,0.001000,1.000000,1.000000,0.403200
common_draws,c3_r150m,3,150.000000,440,0.032294,0.070085,0.220549,0.467421,0.494572,0.012528,0.001000,1.000000,1.000000,0.383009
common_draws,c3_r150m,3,150.000000,442,0.117930,0.106907,0.603001,0.510831,0.655910,0.012333,0.001000,1.000000,0.996667,0.575490
common_draws,c3_r150m,3,150.000000,444,0.082919,0.075357,0.611803,0.890456,0.533536,0.016667,0.001203,0.983333,0.998333,0.907109
common_draws,c3_r150m,3,150.000000,431,0.006459,0.032657,0.214943,0.292588,0.725903,0.012250,0.001000,1.000000,1.000000,0.235354
common_draws,c3_r150m,3,150.000000,429,0.048452,0.084207,0.609545,0.740738,0.629445,0.007639,0.001000,1.000000,1.000000,0.698698
common_draws,c3_r150m,3,150.000000,433,0.035230,0.049092,0.218823,0.168400,0.369009,0.024417,0.001000,1.000000,1.000000,0.233883
common_draws,c3_r150m,3,150.000000,434,0.116997,0.051439,0.311318,0.521049,0.699261,0.033583,0.124385,0.250000,0.925000,0.503319
common_draws,c3_r150m,3,150.000000,447,0.127717,0.084553,0.467884,0.530268,0.757274,0.016889,0.001000,1.000000,1.000000,0.294355
common_draws,c3_r150m,3,150.000000,448,0.122345,0.100438,0.447338,0.419695,0.565377,0.015250,0.001000,1.000000,1.000000,0.531171
common_draws,c3_r150m,3,150.000000,449,0.112586,0.137704,0.758088,0.717674,0.786452,0.005472,0.001000,1.000000,0.998333,0.711625
common_draws,c3_r150m,3,150.000000,438,0.092749,0.077922,0.376047,0.375035,0.884123,0.012667,0.001000,1.000000,1.000000,0.393758
common_draws,c3_r150m,3,150.000000,439,0.167507,0.138996,0.612066,0.401668,0.562948,0.015083,0.001000,1.000000,1.000000,0.420436
common_draws,c3_r150m,3,150.000000,441,0.093202,0.079633,0.789450,0.156497,0.791337,0.015778,0.001000,1.000000,1.000000,0.145581
common_draws,c3_r150m,3,150.000000,443,0.045540,0.027651,0.218527,0.375721,0.715103,0.018778,0.001000,1.000000,1.000000,0.476997
common_draws,c3_r300m,3,300.000000,402,0.157275,0.195750,0.900874,0.953396,0.552372,0.092917,0.068112,0.633333,0.646667,0.902796
common_draws,c3_r300m,3,300.000000,400,0.213690,0.208305,0.915626,0.946971,0.902617,0.107139,0.084789,0.583333,0.426667,0.921050
common_draws,c3_r300m,3,300.000000,401,0.229528,0.205646,0.919334,0.946276,0.612495,0.150444,0.572137,0.000000,0.310000,0.927268
common_draws,c3_r150m,3,150.000000,446,0.062678,0.045648,0.335742,0.556639,0.546922,0.009083,0.001000,1.000000,1.000000,0.392326
common_draws,c3_r150m,3,150.000000,445,0.089893,0.107928,0.466523,0.783282,0.466898,0.012556,0.001000,1.000000,0.998333,0.717937
common_draws,c3_r300m,3,300.000000,407,0.161730,0.208820,0.927124,0.890364,0.680744,0.087250,0.024803,0.816667,0.266667,0.896607
common_draws,c3_r300m,3,300.000000,409,0.244736,0.207303,0.921004,0.949989,0.742040,0.133278,0.420241,0.083333,0.238333,0.919991
common_draws,c3_r300m,3,300.000000,410,0.220527,0.199070,0.939956,0.951296,0.358913,0.120444,0.230983,0.200000,0.318333,0.897522
common_draws,c3_r300m,3,300.000000,408,0.200895,0.198974,0.886930,0.938332,0.807870,0.088194,0.019437,0.883333,0.425000,0.922206
common_draws,c3_r300m,3,300.000000,414,0.175020,0.199680,0.875550,0.931803,0.698803,0.107611,0.095594,0.400000,0.288333,0.898396
common_draws,c3_r300m,3,300.000000,404,0.213012,0.209221,0.896234,0.877496,0.633250,0.117472,0.156182,0.266667,0.318333,0.904853
common_draws,c3_r300m,3,300.000000,411,0.157781,0.203330,0.891230,0.941981,0.643732,0.132222,0.362526,0.033333,0.198333,0.906267
common_draws,c3_r300m,3,300.000000,403,0.226414,0.219096,0.889929,0.928276,0.499661,0.154333,0.625179,0.000000,0.310000,0.917808
common_draws,c3_r300m,3,300.000000,416,0.185919,0.192535,0.887570,0.944111,0.622253,0.136833,0.358933,0.033333,0.350000,0.907003
common_draws,c3_r300m,3,300.000000,405,0.156929,0.158037,0.686409,0.927516,0.802814,0.096944,0.047374,0.683333,0.530000,0.910905
common_draws,c3_r300m,3,300.000000,415,0.192995,0.204740,0.845884,0.944551,0.891151,0.111972,0.255518,0.150000,0.340000,0.906602
common_draws,c3_r300m,3,300.000000,406,0.217640,0.198200,0.908848,0.928481,0.838027,0.116667,0.168630,0.300000,0.486667,0.905340
common_draws,c3_r300m,3,300.000000,418,0.162043,0.211673,0.897412,0.910955,0.703699,0.086028,0.015730,0.833333,0.321667,0.896250
common_draws,c3_r300m,3,300.000000,419,0.219412,0.194901,0.869029,0.933314,0.813835,0.127639,0.252769,0.233333,0.361667,0.896772
common_draws,c3_r300m,3,300.000000,421,0.237116,0.210540,0.870459,0.925617,0.585840,0.091444,0.056145,0.650000,0.313333,0.911177
common_draws,c3_r300m,3,300.000000,413,0.183465,0.202394,0.830637,0.900208,0.648499,0.109861,0.180301,0.233333,0.328333,0.902110
common_draws,c3_r300m,3,300.000000,412,0.184011,0.211324,0.932586,0.909372,0.819295,0.149611,0.533674,0.016667,0.160000,0.902174
common_draws,c3_r300m,3,300.000000,423,0.190381,0.205864,0.893922,0.938569,0.523882,0.127583,0.269346,0.183333,0.371667,0.915339
common_draws,c3_r300m,3,300.000000,417,0.218331,0.201932,0.925830,0.946522,0.518666,0.094278,0.071962,0.600000,0.453333,0.911981
common_draws,c3_r300m,3,300.000000,427,0.207950,0.207936,0.915402,0.931442,0.306883,0.128667,0.354768,0.083333,0.338333,0.915587
common_draws,c3_r300m,3,300.000000,425,0.200941,0.197580,0.901884,0.929790,0.815578,0.119333,0.198928,0.316667,0.298333,0.906454
common_draws,c3_r300m,3,300.000000,431,0.173141,0.190252,0.868001,0.924599,0.510747,0.123611,0.261850,0.200000,0.446667,0.907603
common_draws,c3_r300m,3,300.000000,432,0.183804,0.198813,0.895564,0.922589,0.703779,0.114444,0.172190,0.283333,0.280000,0.914186
common_draws,c3_r300m,3,300.000000,420,0.193879,0.198261,0.776111,0.937527,0.381868,0.102444,0.079808,0.566667,0.365000,0.921803
common_draws,c3_r300m,3,300.000000,433,0.209308,0.184625,0.851245,0.928322,0.863746,0.173000,0.808314,0.000000,0.435000,0.925244
common_draws,c3_r300m,3,300.000000,422,0.222177,0.200659,0.916936,0.883924,0.873991,0.110056,0.119685,0.400000,0.311667,0.875320
common_draws,c3_r300m,3,300.000000,436,0.209559,0.177058,0.888462,0.943221,0.645835,0.113222,0.112464,0.416667,0.428333,0.924513
common_draws,c3_r300m,3,300.000000,424,0.167724,0.183708,0.805957,0.941275,0.895036,0.101722,0.043367,0.616667,0.465000,0.883000
common_draws,c3_r300m,3,300.000000,438,0.182781,0.201680,0.799114,0.950098,0.589313,0.101889,0.083449,0.600000,0.350000,0.897890
common_draws,c3_r300m,3,300.000000,428,0.210832,0.194982,0.940232,0.932408,0.323473,0.115861,0.226978,0.183333,0.376667,0.912891
common_draws,c3_r300m,3,300.000000,439,0.198629,0.186198,0.906856,0.913907,0.503166,0.125472,0.244292,0.183333,0.383333,0.907191
common_draws,c3_r300m,3,300.000000,426,0.206827,0.213645,0.894041,0.877783,0.711838,0.100500,0.089291,0.516667,0.345000,0.882680
common_draws,c3_r300m,3,300.000000,430,0.181942,0.194895,0.816369,0.942889,0.538224,0.105722,0.132424,0.433333,0.498333,0.905436
common_draws,c3_r300m,3,300.000000,429,0.174947,0.187772,0.894084,0.937397,0.725216,0.102722,0.082199,0.533333,0.425000,0.905103
common_draws,c3_r300m,3,300.000000,440,0.137978,0.187072,0.923170,0.947390,0.755498,0.095306,0.047196,0.700000,0.481667,0.925161
common_draws,c3_r300m,3,300.000000,441,0.167430,0.185134,0.857335,0.951808,0.596893,0.091333,0.021484,0.800000,0.540000,0.910429
common_draws,c3_r300m,3,300.000000,443,0.166085,0.200173,0.874580,0.897342,0.297662,0.128306,0.318699,0.133333,0.253333,0.911355
common_draws,c3_r300m,3,300.000000,435,0.218580,0.207727,0.887502,0.883872,0.871675,0.123833,0.300770,0.116667,0.391667,0.914313
common_draws,c3_r300m,3,300.000000,434,0.254209,0.199541,0.947137,0.923429,0.519512,0.125917,0.359503,0.066667,0.421667,0.926056
common_draws,c3_r300m,3,300.000000,445,0.223629,0.187380,0.856236,0.885074,0.791525,0.102528,0.177047,0.266667,0.505000,0.880690
common_draws,c3_r300m,3,300.000000,447,0.275741,0.231241,0.897890,0.918458,0.838448,0.133139,0.472538,0.016667,0.141667,0.897475
common_draws,c3_r300m,3,300.000000,437,0.219878,0.213845,0.872958,0.898000,0.721983,0.118889,0.190580,0.250000,0.185000,0.912572
common_draws,c3_r300m,3,300.000000,449,0.232424,0.207860,0.903519,0.931236,0.289945,0.113194,0.137872,0.416667,0.450000,0.896427
common_draws,c3_r300m,3,300.000000,442,0.213469,0.201270,0.912890,0.895931,0.869856,0.109750,0.085646,0.466667,0.476667,0.915731
common_draws,c3_r300m,3,300.000000,444,0.223254,0.188278,0.918009,0.913937,0.438989,0.082083,0.034327,0.816667,0.518333,0.897312
common_draws,c3_r600m,3,600.000000,403,0.284355,0.270826,0.859208,0.863813,0.778098,0.204306,1.184043,0.000000,0.000000,0.822521
common_draws,c3_r300m,3,300.000000,446,0.192877,0.197104,0.902419,0.934106,0.321084,0.120750,0.173981,0.266667,0.511667,0.896058
common_draws,c3_r300m,3,300.000000,448,0.198611,0.191913,0.898229,0.937084,0.753470,0.112278,0.324510,0.116667,0.283333,0.908913
common_draws,c3_r600m,3,600.000000,404,0.268749,0.281101,0.899329,0.876862,0.606284,0.222917,1.397273,0.000000,0.000000,0.868843
common_draws,c3_r600m,3,600.000000,405,0.297336,0.248398,0.825331,0.850004,0.793738,0.249250,1.867374,0.000000,0.000000,0.881189
common_draws,c3_r600m,3,600.000000,409,0.256984,0.253167,0.835166,0.921699,0.760668,0.223778,1.448738,0.000000,0.000000,0.881546
common_draws,c3_r600m,3,600.000000,408,0.223728,0.265710,0.921753,0.859961,0.524737,0.238722,1.718617,0.000000,0.000000,0.863098
common_draws,c3_r600m,3,600.000000,411,0.253164,0.238363,0.870016,0.831720,0.860018,0.252861,1.754522,0.000000,0.000000,0.841774
common_draws,c3_r600m,3,600.000000,401,0.242655,0.238415,0.781922,0.800892,0.811743,0.177250,0.859749,0.000000,0.000000,0.818833
common_draws,c3_r600m,3,600.000000,400,0.214066,0.234737,0.846808,0.888472,0.411204,0.214083,1.354397,0.000000,0.000000,0.882181
common_draws,c3_r600m,3,600.000000,402,0.246561,0.249844,0.779326,0.852928,0.665443,0.245500,1.712204,0.000000,0.000000,0.852280
common_draws,c3_r600m,3,600.000000,406,0.291226,0.275012,0.829540,0.850456,0.498926,0.205778,1.235736,0.000000,0.000000,0.839632
common_draws,c3_r600m,3,600.000000,417,0.302578,0.252955,0.793010,0.864681,0.523187,0.233944,1.532597,0.000000,0.000000,0.868971
common_draws,c3_r600m,3,600.000000,414,0.225164,0.235561,0.842450,0.899586,0.685666,0.315722,2.749406,0.000000,0.000000,0.856857
common_draws,c3_r600m,3,600.000000,418,0.253623,0.261971,0.851538,0.902533,0.637649,0.267889,1.988218,0.000000,0.000000,0.844106
common_draws,c3_r600m,3,600.000000,407,0.241593,0.253434,0.705572,0.844836,0.339169,0.284194,2.204233,0.000000,0.000000,0.858918
common_draws,c3_r600m,3,600.000000,419,0.290646,0.254010,0.771290,0.841998,0.823613,0.250778,1.810574,0.000000,0.000000,0.831820
common_draws,c3_r600m,3,600.000000,410,0.227516,0.252885,0.841364,0.898043,0.670859,0.232306,1.556040,0.000000,0.000000,0.878506
common_draws,c3_r600m,3,600.000000,413,0.260252,0.269904,0.883964,0.857687,0.662202,0.246083,1.804714,0.000000,0.000000,0.867308
common_draws,c3_r600m,3,600.000000,421,0.229305,0.243848,0.798029,0.826472,0.747720,0.194806,1.043383,0.000000,0.000000,0.842661
common_draws,c3_r600m,3,600.000000,412,0.244989,0.241470,0.771668,0.910650,0.724454,0.253222,1.779146,0.000000,0.000000,0.862449
common_draws,c3_r600m,3,600.000000,415,0.260486,0.251713,0.821361,0.773196,0.726259,0.234889,1.602811,0.000000,0.000000,0.827914
common_draws,c3_r600m,3,600.000000,416,0.221986,0.247506,0.760833,0.875589,0.660895,0.279472,2.151790,0.000000,0.000000,0.862615
common_draws,c3_r600m,3,600.000000,426,0.262435,0.266268,0.823381,0.866029,0.628558,0.293556,2.339399,0.000000,0.000000,0.836360
common_draws,c3_r600m,3,600.000000,428,0.277429,0.264111,0.870500,0.885085,0.677799,0.262667,1.944395,0.000000,0.000000,0.873213
common_draws,c3_r600m,3,600.000000,427,0.236905,0.234204,0.720194,0.872955,0.758388,0.240167,1.632434,0.000000,0.000000,0.852001
common_draws,c3_r600m,3,600.000000,430,0.255330,0.241270,0.769246,0.858489,0.535359,0.256500,1.911401,0.000000,0.000000,0.844581
common_draws,c3_r600m,3,600.000000,420,0.292079,0.242254,0.882698,0.919831,0.851249,0.316000,2.647678,0.000000,0.000000,0.891900
common_draws,c3_r600m,3,600.000000,433,0.264019,0.253241,0.769157,0.830693,0.831718,0.277500,2.106313,0.000000,0.000000,0.812965
common_draws,c3_r600m,3,600.000000,423,0.284924,0.269582,0.778817,0.919596,0.533932,0.208111,1.278652,0.000000,0.000000,0.892125
common_draws,c3_r600m,3,600.000000,422,0.220334,0.284820,0.892253,0.885535,0.826950,0.207583,1.233821,0.000000,0.000000,0.868390
common_draws,c3_r600m,3,600.000000,424,0.227820,0.244159,0.826571,0.837896,0.617374,0.206389,1.307583,0.000000,0.000000,0.875176
common_draws,c3_r600m,3,600.000000,425,0.244358,0.259029,0.769350,0.865624,0.705317,0.206333,1.250653,0.000000,0.000000,0.861861
common_draws,c3_r600m,3,600.000000,438,0.251566,0.264471,0.862660,0.867119,0.761710,0.215694,1.300413,0.000000,0.000000,0.862682
common_draws,c3_r600m,3,600.000000,429,0.279163,0.262929,0.849404,0.858366,0.532298,0.247639,1.722610,0.000000,0.000000,0.818099
common_draws,c3_r600m,3,600.000000,437,0.332073,0.262432,0.778800,0.922109,0.615484,0.263111,1.924483,0.000000,0.000000,0.896358
common_draws,c3_r600m,3,600.000000,431,0.265392,0.252798,0.821337,0.873062,0.530294,0.275167,2.087102,0.000000,0.000000,0.857663
common_draws,c3_r600m,3,600.000000,440,0.261495,0.260237,0.881207,0.834927,0.722046,0.274361,2.079732,0.000000,0.000000,0.869688
common_draws,c3_r600m,3,600.000000,434,0.244380,0.247849,0.766604,0.831145,0.511415,0.251278,1.810908,0.000000,0.000000,0.849120
common_draws,c3_r600m,3,600.000000,432,0.275135,0.270262,0.823892,0.898318,0.704876,0.268528,2.003664,0.000000,0.000000,0.870731
common_draws,c3_r600m,3,600.000000,442,0.304424,0.269888,0.751594,0.872375,0.731553,0.274778,2.112232,0.000000,0.000000,0.859399
common_draws,c3_r600m,3,600.000000,439,0.236207,0.263923,0.870039,0.836843,0.779278,0.235194,1.716708,0.000000,0.000000,0.852539
common_draws,c4_r15m,4,15.000000,401,0.000000,-0.000284,0.402332,0.389487,0.707297,0.002056,0.001000,1.000000,1.000000,0.097191
common_draws,c3_r600m,3,600.000000,436,0.246622,0.253136,0.796842,0.812247,0.774213,0.211694,1.301439,0.000000,0.000000,0.823567
common_draws,c4_r15m,4,15.000000,404,0.000000,-0.013333,0.421816,0.266826,0.783823,0.000944,0.001000,1.000000,1.000000,0.006250
common_draws,c3_r600m,3,600.000000,435,0.284297,0.285602,0.915626,0.900830,0.367638,0.215556,1.322909,0.000000,0.000000,0.881640
common_draws,c3_r600m,3,600.000000,447,0.267371,0.271972,0.854711,0.892582,0.807197,0.204167,1.194501,0.000000,0.000000,0.859307
common_draws,c3_r600m,3,600.000000,449,0.260474,0.261809,0.784001,0.866982,0.563880,0.225944,1.422383,0.000000,0.000000,0.881904
common_draws,c4_r15m,4,15.000000,400,0.000000,0.000000,0.286206,0.249687,0.512847,0.001833,0.001000,1.000000,1.000000,0.094906
common_draws,c4_r15m,4,15.000000,406,0.000000,0.000000,0.181080,0.242007,0.810555,0.001111,0.001000,1.000000,1.000000,0.000000
common_draws,c3_r600m,3,600.000000,443,0.254595,0.264076,0.754806,0.901707,0.534041,0.165750,0.851776,0.000000,0.000000,0.879732
common_draws,c3_r600m,3,600.000000,441,0.245550,0.239548,0.769985,0.872383,0.674994,0.224111,1.470860,0.000000,0.000000,0.855150
common_draws,c4_r15m,4,15.000000,402,0.000000,0.003232,0.326125,0.153672,0.730650,0.002611,0.001000,1.000000,1.000000,0.054882
common_draws,c4_r15m,4,15.000000,408,0.000000,0.007619,0.545588,0.272524,0.859773,0.001000,0.001000,1.000000,1.000000,0.031731
common_draws,c4_r15m,4,15.000000,410,0.000000,0.013077,0.408279,0.459758,0.700370,0.001083,0.001000,1.000000,1.000000,0.171522
common_draws,c4_r15m,4,15.000000,403,0.000000,0.000000,0.226312,0.515425,0.682493,0.001972,0.001000,1.000000,1.000000,0.150952
common_draws,c4_r15m,4,15.000000,411,0.000000,0.005027,0.265463,0.328282,0.724955,0.002861,0.001000,1.000000,1.000000,0.025806
common_draws,c4_r15m,4,15.000000,413,0.000000,0.000000,0.235955,0.254848,0.568752,0.000861,0.001000,1.000000,1.000000,0.175000
common_draws,c4_r15m,4,15.000000,405,0.000000,0.014286,0.354289,0.514616,0.564578,0.002000,0.001000,1.000000,1.000000,0.102083
common_draws,c3_r600m,3,600.000000,445,0.294053,0.258039,0.796895,0.853412,0.725543,0.225194,1.442845,0.000000,0.000000,0.844524
common_draws,c4_r15m,4,15.000000,414,0.000000,-0.003333,0.171856,0.602859,0.560458,0.002222,0.001000,1.000000,1.000000,0.385851
common_draws,c3_r600m,3,600.000000,444,0.263558,0.261357,0.861494,0.895837,0.488578,0.358278,3.094376,0.000000,0.000000,0.846863
common_draws,c4_r15m,4,15.000000,407,0.000000,-0.026990,0.627012,0.344163,0.762741,0.002111,0.001000,1.000000,1.000000,0.191287
common_draws,c4_r15m,4,15.000000,417,0.000000,0.000000,0.221695,0.267135,0.681574,0.002917,0.001000,1.000000,1.000000,0.054386
common_draws,c3_r600m,3,600.000000,446,0.252638,0.265090,0.799789,0.852780,0.666959,0.239278,1.689562,0.000000,0.000000,0.846184
common_draws,c4_r15m,4,15.000000,418,0.000000,0.012500,0.313932,0.567671,0.454680,0.002000,0.001000,1.000000,1.000000,0.470317
common_draws,c4_r15m,4,15.000000,409,0.000000,0.015385,0.613948,0.419343,0.444608,0.001833,0.001000,1.000000,1.000000,0.156250
common_draws,c4_r15m,4,15.000000,420,0.000000,0.006667,0.415062,0.479608,0.703081,0.001389,0.001000,1.000000,1.000000,0.256176
common_draws,c3_r600m,3,600.000000,448,0.266621,0.265707,0.829884,0.898071,0.533644,0.290972,2.432439,0.000000,0.000000,0.890102
common_draws,c4_r15m,4,15.000000,412,0.000000,0.000000,0.387237,0.663588,0.634930,0.002472,0.001000,1.000000,1.000000,0.155676
common_draws,c4_r15m,4,15.000000,421,0.000000,0.008661,0.625068,0.243764,0.712352,0.002083,0.001000,1.000000,1.000000,0.090894
common_draws,c4_r15m,4,15.000000,424,0.000000,0.000000,0.371134,0.248537,0.589967,0.002500,0.001000,1.000000,1.000000,0.000000
common_draws,c4_r15m,4,15.000000,415,0.000000,0.000000,0.317019,0.374272,0.714540,0.000778,0.001000,1.000000,1.000000,0.218355
common_draws,c4_r15m,4,15.000000,427,0.000000,0.000000,0.432686,0.315030,0.279268,0.002167,0.001000,1.000000,1.000000,0.000000
common_draws,c4_r15m,4,15.000000,429,0.000000,0.011963,0.378531,0.720046,0.647729,0.002667,0.001000,1.000000,1.000000,0.192635
common_draws,c4_r15m,4,15.000000,416,0.000000,0.014973,0.400267,0.572193,0.767169,0.001972,0.001000,1.000000,1.000000,0.417929
common_draws,c4_r15m,4,15.000000,431,0.000000,-0.006250,0.374023,0.512560,0.594271,0.001972,0.001000,1.000000,1.000000,0.155882
common_draws,c4_r15m,4,15.000000,419,0.000000,0.000000,0.290845,0.422815,0.423915,0.003639,0.001000,1.000000,1.000000,0.220467
common_draws,c4_r15m,4,15.000000,434,0.000000,0.000000,0.292817,0.225361,0.777652,0.001944,0.001000,1.000000,1.000000,0.000000
common_draws,c4_r15m,4,15.000000,422,0.028571,0.007205,0.166954,0.569103,0.632022,0.002694,0.001000,1.000000,1.000000,0.238425
common_draws,c4_r15m,4,15.000000,435,0.000000,-0.001429,0.637027,0.461275,0.811456,0.002722,0.001000,1.000000,1.000000,0.111905
common_draws,c4_r15m,4,15.000000,423,0.000000,0.022571,0.535577,0.565526,0.738199,0.001389,0.001000,1.000000,1.000000,0.071029
common_draws,c4_r15m,4,15.000000,426,0.000000,0.000000,0.227888,0.125920,0.689030,0.000750,0.001000,1.000000,1.000000,0.000000
common_draws,c4_r15m,4,15.000000,425,0.000000,0.000000,0.430394,0.242405,0.755727,0.000583,0.001000,1.000000,1.000000,0.000000
common_draws,c4_r15m,4,15.000000,437,0.000000,-0.005263,0.121543,0.407005,0.521175,0.001972,0.001000,1.000000,1.000000,0.153463
common_draws,c4_r15m,4,15.000000,438,0.000000,0.109023,0.391186,0.565338,0.720028,0.001278,0.001000,1.000000,1.000000,0.202318
common_draws,c4_r15m,4,15.000000,440,0.100000,0.010000,0.173390,0.558334,0.556790,0.001333,0.001000,1.000000,1.000000,0.099138
common_draws,c4_r15m,4,15.000000,428,0.000000,0.012500,0.507691,0.444286,0.818300,0.002944,0.001000,1.000000,1.000000,0.264337
common_draws,c4_r15m,4,15.000000,430,0.000000,0.000000,0.263905,0.652923,0.798230,0.002111,0.001000,1.000000,1.000000,0.000000
common_draws,c4_r15m,4,15.000000,432,0.000000,0.011111,0.246683,0.467992,0.587172,0.003139,0.001000,1.000000,1.000000,0.119608
common_draws,c4_r15m,4,15.000000,442,0.000000,0.000000,0.402370,0.250887,0.272884,0.001639,0.001000,1.000000,1.000000,0.020385
common_draws,c4_r15m,4,15.000000,433,0.000000,0.000000,0.478098,0.506830,0.331009,0.002583,0.001000,1.000000,1.000000,0.050000
common_draws,c4_r15m,4,15.000000,444,0.000000,0.014286,0.393776,0.331787,0.515079,0.001972,0.001000,1.000000,1.000000,0.114633
common_draws,c4_r15m,4,15.000000,449,0.000000,0.011111,0.309368,0.496853,0.738074,0.001028,0.001000,1.000000,1.000000,0.157143
common_draws,c4_r15m,4,15.000000,448,0.000000,0.004000,0.443116,0.558539,0.631478,0.001389,0.001000,1.000000,1.000000,0.102101
common_draws,c4_r37.5m,4,37.500000,400,0.051460,0.034551,0.401579,0.631099,0.701413,0.005472,0.001000,1.000000,1.000000,0.608434
common_draws,c4_r15m,4,15.000000,436,0.000000,0.000000,0.311811,0.281282,0.783491,0.002500,0.001000,1.000000,1.000000,0.030769
common_draws,c4_r15m,4,15.000000,439,0.000000,0.000000,0.462528,0.221279,0.669790,0.001611,0.001000,1.000000,1.000000,0.050627
common_draws,c4_r37.5m,4,37.500000,404,0.001466,0.027628,0.605299,0.533558,0.714254,0.003306,0.001000,1.000000,1.000000,0.525958
common_draws,c4_r15m,4,15.000000,441,0.000000,0.050000,0.250152,0.277631,0.576237,0.001667,0.001000,1.000000,1.000000,0.059193
common_draws,c4_r15m,4,15.000000,443,0.000000,0.007692,0.267597,0.581534,0.508673,0.002889,0.001000,1.000000,1.000000,0.202381
common_draws,c4_r37.5m,4,37.500000,406,0.090909,0.051805,0.491142,0.355567,0.244160,0.003222,0.001000,1.000000,1.000000,0.273241
common_draws,c4_r15m,4,15.000000,445,0.000000,0.000000,0.575436,0.481015,0.697130,0.000639,0.001000,1.000000,1.000000,0.057143
common_draws,c4_r15m,4,15.000000,446,0.000000,0.005556,0.479546,0.369720,0.658700,0.001806,0.001000,1.000000,1.000000,0.101961
common_draws,c4_r15m,4,15.000000,447,0.000000,0.000000,0.391599,0.153618,0.382523,0.001583,0.001000,1.000000,1.000000,0.042857
common_draws,c4_r37.5m,4,37.500000,407,0.028257,0.041091,0.176863,0.564322,0.852915,0.003472,0.001000,1.000000,1.000000,0.656123
common_draws,c4_r37.5m,4,37.500000,408,0.038159,0.035300,0.343762,0.276486,0.804323,0.004917,0.001000,1.000000,1.000000,0.314074
common_draws,c4_r37.5m,4,37.500000,409,0.035088,0.025907,0.274519,0.614085,0.420276,0.010028,0.001000,1.000000,1.000000,0.630348
common_draws,c4_r37.5m,4,37.500000,401,0.045050,0.027662,0.396726,0.441996,0.469071,0.004611,0.001000,1.000000,1.000000,0.458820
common_draws,c4_r37.5m,4,37.500000,412,0.045529,0.052655,0.510565,0.332534,0.632031,0.005417,0.001000,1.000000,1.000000,0.323582
common_draws,c4_r37.5m,4,37.500000,403,0.053535,0.043844,0.593374,0.441551,0.364802,0.007444,0.001000,1.000000,1.000000,0.480292
common_draws,c4_r37.5m,4,37.500000,402,0.022222,0.045163,0.393210,0.325441,0.602842,0.004250,0.001000,1.000000,1.000000,0.325914
common_draws,c4_r37.5m,4,37.500000,405,0.000000,0.027157,0.305419,0.434391,0.574915,0.002778,0.001000,1.000000,1.000000,0.425511
common_draws,c4_r37.5m,4,37.500000,415,0.062838,0.042689,0.357595,0.285453,0.664009,0.002639,0.001000,1.000000,1.000000,0.221903
common_draws,c4_r37.5m,4,37.500000,419,0.024113,0.059369,0.456229,0.343631,0.343714,0.004139,0.001000,1.000000,1.000000,0.283966
common_draws,c4_r37.5m,4,37.500000,421,0.039257,0.025090,0.830174,0.494319,0.845024,0.004889,0.001000,1.000000,1.000000,0.445369
common_draws,c4_r37.5m,4,37.500000,420,0.031106,0.018167,0.310817,0.482486,0.801159,0.005056,0.001000,1.000000,1.000000,0.610062
common_draws,c4_r37.5m,4,37.500000,410,0.082663,0.049051,0.567795,0.284795,0.769222,0.003944,0.001000,1.000000,1.000000,0.228678
common_draws,c4_r37.5m,4,37.500000,423,0.007326,0.058240,0.467540,0.289011,0.366417,0.007500,0.001000,1.000000,1.000000,0.285631
common_draws,c4_r37.5m,4,37.500000,411,0.080851,0.017122,0.351153,0.289525,0.531867,0.005722,0.001000,1.000000,1.000000,0.283682
common_draws,c4_r37.5m,4,37.500000,413,0.076234,0.023186,0.355136,0.349506,0.719171,0.007806,0.001000,1.000000,1.000000,0.307563
common_draws,c4_r37.5m,4,37.500000,414,0.024415,0.032525,0.298567,0.437684,0.834670,0.007944,0.001000,1.000000,1.000000,0.588062
common_draws,c4_r37.5m,4,37.500000,427,0.031116,0.029271,0.341046,0.176019,0.640089,0.009444,0.001000,1.000000,1.000000,0.211127
common_draws,c4_r37.5m,4,37.500000,417,0.072020,0.036086,0.600749,0.474810,0.720042,0.005889,0.001000,1.000000,1.000000,0.331744
common_draws,c4_r37.5m,4,37.500000,416,0.005747,0.017923,0.167593,0.648867,0.608213,0.003583,0.001000,1.000000,1.000000,0.711971
common_draws,c4_r37.5m,4,37.500000,428,0.075238,0.039509,0.252942,0.195687,0.798909,0.004944,0.001000,1.000000,1.000000,0.158049
common_draws,c4_r37.5m,4,37.500000,429,0.005997,0.027649,0.231444,0.561713,0.486923,0.003806,0.001000,1.000000,1.000000,0.400192
common_draws,c4_r37.5m,4,37.500000,430,0.064103,0.052411,0.416034,0.387011,0.736021,0.003194,0.001000,1.000000,1.000000,0.412955
common_draws,c4_r37.5m,4,37.500000,418,0.024289,0.031182,0.449270,0.390286,0.618926,0.007444,0.001000,1.000000,1.000000,0.323688
common_draws,c4_r37.5m,4,37.500000,432,0.034252,0.013768,0.256547,0.426844,0.292128,0.006278,0.001000,1.000000,1.000000,0.504472
common_draws,c4_r37.5m,4,37.500000,424,0.001818,0.012782,0.315710,0.547127,0.665986,0.003278,0.001000,1.000000,1.000000,0.569839
common_draws,c4_r37.5m,4,37.500000,422,0.003505,0.021710,0.367144,0.368614,0.677766,0.007028,0.001000,1.000000,1.000000,0.304128
common_draws,c4_r37.5m,4,37.500000,425,0.050997,0.063627,0.448365,0.581545,0.405555,0.004528,0.001000,1.000000,1.000000,0.270030
common_draws,c4_r37.5m,4,37.500000,426,0.008924,0.038922,0.620171,0.259550,0.717951,0.004500,0.001000,1.000000,1.000000,0.307300
common_draws,c4_r37.5m,4,37.500000,436,0.034231,0.022084,0.207661,0.413337,0.785463,0.009278,0.001000,1.000000,1.000000,0.422104
common_draws,c4_r37.5m,4,37.500000,439,0.011640,0.020182,0.411969,0.280739,0.635135,0.007583,0.001000,1.000000,1.000000,0.306933
common_draws,c4_r37.5m,4,37.500000,440,0.074722,0.040850,0.348510,0.278034,0.544791,0.005167,0.001000,1.000000,1.000000,0.293133
common_draws,c4_r37.5m,4,37.500000,441,0.049215,0.021601,0.207390,0.346006,0.679443,0.004806,0.001000,1.000000,1.000000,0.522103
common_draws,c4_r37.5m,4,37.500000,443,0.148810,0.054800,0.468008,0.437378,0.562663,0.002861,0.001000,1.000000,1.000000,0.267350
common_draws,c4_r37.5m,4,37.500000,431,0.002064,0.038563,0.388863,0.451642,0.636786,0.007250,0.001000,1.000000,1.000000,0.447861
common_draws,c4_r37.5m,4,37.500000,433,0.012048,0.028261,0.493733,0.326023,0.786938,0.006278,0.001000,1.000000,1.000000,0.369570
common_draws,c4_r37.5m,4,37.500000,448,-0.021277,0.024923,0.280836,0.303230,0.667792,0.002917,0.001000,1.000000,1.000000,0.377480
common_draws,c4_r37.5m,4,37.500000,449,0.085454,0.029675,0.397912,0.262107,0.803324,0.008361,0.001000,1.000000,1.000000,0.207309
common_draws,c4_r37.5m,4,37.500000,435,0.042690,0.027248,0.462087,0.388322,0.617157,0.010556,0.001000,1.000000,1.000000,0.365328
common_draws,c4_r37.5m,4,37.500000,434,0.009695,0.029785,0.368462,0.619833,0.618642,0.009639,0.001000,1.000000,1.000000,0.567528
common_draws,c4_r37.5m,4,37.500000,437,0.038492,0.021468,0.455187,0.312195,0.797315,0.013361,0.001000,1.000000,1.000000,0.330957
common_draws,c4_r37.5m,4,37.500000,438,-0.003313,0.038132,0.324037,0.522110,0.592938,0.007833,0.001000,1.000000,1.000000,0.544933
common_draws,c4_r75m,4,75.000000,400,0.034578,0.022549,0.288199,0.688122,0.681068,0.010611,0.001000,1.000000,1.000000,0.625199
common_draws,c4_r75m,4,75.000000,401,0.033940,0.075409,0.573138,0.371780,0.387706,0.016667,0.001000,1.000000,1.000000,0.392252
common_draws,c4_r37.5m,4,37.500000,442,0.018519,0.015941,0.501850,0.471959,0.798067,0.006417,0.001000,1.000000,1.000000,0.576824
common_draws,c4_r75m,4,75.000000,402,0.080530,0.060947,0.502975,0.471427,0.852969,0.017250,0.001000,1.000000,1.000000,0.455210
common_draws,c4_r37.5m,4,37.500000,444,0.019240,0.029532,0.441278,0.445576,0.640218,0.007139,0.001000,1.000000,1.000000,0.519807
common_draws,c4_r37.5m,4,37.500000,445,0.022141,0.034973,0.397872,0.457135,0.727750,0.006528,0.001000,1.000000,1.000000,0.422388
common_draws,c4_r37.5m,4,37.500000,447,0.032738,0.005996,0.286898,0.458177,0.650056,0.004917,0.001000,1.000000,1.000000,0.481265
common_draws,c4_r37.5m,4,37.500000,446,0.027081,0.025406,0.597013,0.200640,0.348010,0.004667,0.001000,1.000000,1.000000,0.205912
common_draws,c4_r75m,4,75.000000,405,0.108760,0.067895,0.260946,0.310591,0.609039,0.011917,0.001000,1.000000,1.000000,0.341139
common_draws,c4_r75m,4,75.000000,406,0.037697,0.058961,0.368743,0.700870,0.802782,0.006194,0.001000,1.000000,1.000000,0.529771
common_draws,c4_r75m,4,75.000000,411,0.029352,0.044778,0.300253,0.422898,0.336598,0.008972,0.001000,1.000000,1.000000,0.372265
common_draws,c4_r75m,4,75.000000,412,0.042358,0.043178,0.338611,0.456186,0.660961,0.006528,0.001000,1.000000,1.000000,0.528715
common_draws,c4_r75m,4,75.000000,414,0.046558,0.033207,0.230077,0.500857,0.542931,0.006556,0.001000,1.000000,1.000000,0.520684
common_draws,c4_r75m,4,75.000000,403,0.054379,0.044839,0.209776,0.271541,0.447628,0.012194,0.001000,1.000000,1.000000,0.255627
common_draws,c4_r75m,4,75.000000,404,0.110658,0.075385,0.460101,0.221927,0.687221,0.011611,0.001000,1.000000,1.000000,0.194502
common_draws,c4_r75m,4,75.000000,420,0.080882,0.060591,0.406050,0.491307,0.542513,0.007028,0.001000,1.000000,1.000000,0.361227
common_draws,c4_r75m,4,75.000000,419,0.068359,0.047081,0.555226,0.469845,0.521064,0.015000,0.001000,1.000000,1.000000,0.478764
common_draws,c4_r75m,4,75.000000,407,0.021442,0.049248,0.539007,0.351870,0.529849,0.010333,0.001000,1.000000,1.000000,0.438022
common_draws,c4_r75m,4,75.000000,409,0.137946,0.065745,0.491056,0.184960,0.647782,0.013778,0.001000,1.000000,1.000000,0.216647
common_draws,c4_r75m,4,75.000000,421,0.024823,0.036326,0.272836,0.263878,0.529990,0.020361,0.001000,1.000000,1.000000,0.265769
common_draws,c4_r75m,4,75.000000,408,0.015780,0.027260,0.208747,0.213432,0.754688,0.014444,0.001000,1.000000,1.000000,0.257513
common_draws,c4_r75m,4,75.000000,410,0.055778,0.063373,0.637654,0.412395,0.589362,0.015917,0.001000,1.000000,1.000000,0.279459
common_draws,c4_r75m,4,75.000000,422,0.032917,0.021961,0.214609,0.456493,0.392522,0.013611,0.001000,1.000000,1.000000,0.398996
common_draws,c4_r75m,4,75.000000,423,0.032849,0.033277,0.249049,0.303606,0.443515,0.008083,0.001000,1.000000,1.000000,0.321964
common_draws,c4_r75m,4,75.000000,413,0.024488,0.037726,0.324134,0.355340,0.690330,0.013833,0.001000,1.000000,1.000000,0.318176
common_draws,c4_r75m,4,75.000000,415,0.008587,0.053010,0.590701,0.403042,0.757626,0.005778,0.001000,1.000000,1.000000,0.524153
common_draws,c4_r75m,4,75.000000,417,0.036186,0.046704,0.423912,0.498913,0.491026,0.007778,0.001000,1.000000,1.000000,0.354412
common_draws,c4_r75m,4,75.000000,416,0.051088,0.033190,0.416574,0.571171,0.602701,0.020361,0.001000,1.000000,1.000000,0.617955
common_draws,c4_r75m,4,75.000000,418,0.032006,0.029600,0.547781,0.328231,0.754166,0.008417,0.001000,1.000000,1.000000,0.410902
common_draws,c4_r75m,4,75.000000,426,0.053699,0.044490,0.267064,0.585906,0.706045,0.018889,0.001000,1.000000,1.000000,0.624815
common_draws,c4_r75m,4,75.000000,427,0.052483,0.052164,0.607473,0.284622,0.715377,0.018611,0.001000,1.000000,1.000000,0.248195
common_draws,c4_r75m,4,75.000000,430,0.033026,0.036665,0.197568,0.640977,0.657884,0.008139,0.001000,1.000000,1.000000,0.530199
common_draws,c4_r75m,4,75.000000,434,0.021743,0.014268,0.255682,0.486605,0.687298,0.007222,0.001000,1.000000,1.000000,0.452853
common_draws,c4_r75m,4,75.000000,433,0.082573,0.027683,0.258446,0.643136,0.507671,0.007778,0.001000,1.000000,1.000000,0.517377
common_draws,c4_r75m,4,75.000000,425,0.043606,0.055857,0.620589,0.397239,0.547438,0.007972,0.001000,1.000000,1.000000,0.550356
common_draws,c4_r75m,4,75.000000,424,0.044052,0.034017,0.322347,0.803973,0.566849,0.017417,0.001000,1.000000,1.000000,0.791959
common_draws,c4_r75m,4,75.000000,440,0.029396,0.034688,0.349258,0.495321,0.706017,0.017250,0.001000,1.000000,1.000000,0.370669
common_draws,c4_r75m,4,75.000000,441,0.039385,0.032822,0.384554,0.537008,0.352200,0.008528,0.001000,1.000000,1.000000,0.549890
common_draws,c4_r75m,4,75.000000,428,0.020544,0.028552,0.269415,0.434596,0.592770,0.005000,0.001000,1.000000,1.000000,0.445755
common_draws,c4_r75m,4,75.000000,442,0.049079,0.033699,0.161557,0.195400,0.682559,0.008056,0.001000,1.000000,1.000000,0.195661
common_draws,c4_r75m,4,75.000000,429,0.020384,0.020931,0.180897,0.435458,0.260489,0.008361,0.001000,1.000000,1.000000,0.327222
common_draws,c4_r75m,4,75.000000,443,-0.011747,0.021588,0.219414,0.347625,0.509016,0.008250,0.001000,1.000000,1.000000,0.301574
common_draws,c4_r75m,4,75.000000,432,0.036045,0.029874,0.359540,0.471306,0.587463,0.018028,0.001000,1.000000,1.000000,0.540494
common_draws,c4_r75m,4,75.000000,431,0.045133,0.025579,0.182423,0.596765,0.601184,0.029056,0.001000,1.000000,1.000000,0.614796
common_draws,c4_r75m,4,75.000000,435,0.019860,0.038630,0.321481,0.220861,0.575966,0.006778,0.001000,1.000000,1.000000,0.222412
common_draws,c4_r75m,4,75.000000,436,0.151148,0.041437,0.304415,0.322375,0.580929,0.007750,0.001000,1.000000,1.000000,0.342848
common_draws,c4_r75m,4,75.000000,437,0.030503,0.033516,0.698954,0.242167,0.422917,0.007556,0.001000,1.000000,1.000000,0.192173
common_draws,c4_r75m,4,75.000000,438,0.011820,0.019905,0.216900,0.442460,0.573112,0.008000,0.001000,1.000000,1.000000,0.577764
common_draws,c4_r75m,4,75.000000,439,0.020026,0.046830,0.589470,0.648778,0.462051,0.007750,0.001000,1.000000,1.000000,0.504166
common_draws,c4_r75m,4,75.000000,447,0.035671,0.043238,0.379217,0.765392,0.535501,0.006639,0.001000,1.000000,1.000000,0.582639
common_draws,c4_r75m,4,75.000000,448,0.038983,0.060597,0.527274,0.277119,0.604907,0.013167,0.001000,1.000000,1.000000,0.304354
common_draws,c4_r150m,4,150.000000,400,0.127712,0.137342,0.847733,0.959501,0.846207,0.017000,0.001000,1.000000,0.980000,0.859464
common_draws,c4_r75m,4,75.000000,444,0.023869,0.029365,0.158503,0.449483,0.598398,0.010833,0.001000,1.000000,1.000000,0.399311
common_draws,c4_r150m,4,150.000000,402,0.058193,0.104089,0.615865,0.957337,0.243255,0.015528,0.001000,1.000000,0.971667,0.631998
common_draws,c4_r75m,4,75.000000,445,0.046112,0.037846,0.348431,0.566249,0.812437,0.007167,0.001000,1.000000,1.000000,0.445946
common_draws,c4_r150m,4,150.000000,411,0.092992,0.068979,0.314689,0.179425,0.468843,0.014833,0.001000,1.000000,1.000000,0.204293
common_draws,c4_r75m,4,75.000000,446,0.012441,0.034550,0.629040,0.270326,0.639782,0.009278,0.001000,1.000000,1.000000,0.403540
common_draws,c4_r150m,4,150.000000,410,0.097521,0.116957,0.375324,0.700300,0.853558,0.018389,0.001000,1.000000,1.000000,0.781480
common_draws,c4_r75m,4,75.000000,449,0.128329,0.063817,0.397650,0.460641,0.365004,0.015694,0.001000,1.000000,1.000000,0.485260
common_draws,c4_r150m,4,150.000000,412,0.091081,0.107116,0.710062,0.845370,0.820298,0.032306,0.001000,1.000000,0.983333,0.872888
common_draws,c4_r150m,4,150.000000,413,0.063106,0.041318,0.310061,0.517397,0.611184,0.021389,0.001000,1.000000,0.996667,0.546123
common_draws,c4_r150m,4,150.000000,414,0.156915,0.116851,0.744229,0.844558,0.694409,0.036722,0.014747,0.816667,0.976667,0.883600
common_draws,c4_r150m,4,150.000000,401,0.117427,0.150782,0.934400,0.910629,0.352632,0.026944,0.001000,1.000000,0.960000,0.920174
common_draws,c4_r150m,4,150.000000,403,0.098732,0.099650,0.750486,0.832471,0.329731,0.007167,0.001000,1.000000,0.971667,0.561845
common_draws,c4_r150m,4,150.000000,404,0.081037,0.063375,0.349944,0.238940,0.743519,0.015417,0.001000,1.000000,1.000000,0.208006
common_draws,c4_r150m,4,150.000000,406,0.106147,0.132213,0.759810,0.893184,0.344534,0.011500,0.001000,1.000000,0.971667,0.876680
common_draws,c4_r150m,4,150.000000,408,0.090528,0.069484,0.377162,0.568361,0.342945,0.014361,0.001000,1.000000,0.998333,0.432499
common_draws,c4_r150m,4,150.000000,407,0.070019,0.109177,0.529826,0.796990,0.499500,0.021833,0.001000,1.000000,0.985000,0.744538
common_draws,c4_r150m,4,150.000000,409,0.064151,0.072305,0.338708,0.416101,0.698530,0.018917,0.001000,1.000000,1.000000,0.341805
common_draws,c4_r150m,4,150.000000,405,0.140988,0.135910,0.838611,0.865599,0.608796,0.042056,0.001263,0.983333,0.988333,0.868109
common_draws,c4_r150m,4,150.000000,416,0.138636,0.111759,0.632215,0.424334,0.254413,0.012500,0.001000,1.000000,1.000000,0.657290
common_draws,c4_r150m,4,150.000000,418,0.054457,0.080682,0.285250,0.232299,0.628429,0.013694,0.001000,1.000000,0.998333,0.323939
common_draws,c4_r150m,4,150.000000,421,0.112325,0.126555,0.815858,0.780156,0.787177,0.020583,0.001000,1.000000,0.998333,0.852636
common_draws,c4_r150m,4,150.000000,420,0.124091,0.126372,0.779038,0.743335,0.368858,0.033806,0.001000,1.000000,0.985000,0.751112
common_draws,c4_r150m,4,150.000000,422,0.164510,0.063082,0.475518,0.216668,0.520923,0.002917,0.001000,1.000000,0.973333,0.503187
common_draws,c4_r150m,4,150.000000,432,0.041436,0.050445,0.415646,0.539279,0.771984,0.003167,0.001000,1.000000,0.945000,0.603753
common_draws,c4_r150m,4,150.000000,431,0.076697,0.081997,0.617625,0.822910,0.542648,0.014778,0.001000,1.000000,0.996667,0.853168
common_draws,c4_r150m,4,150.000000,417,0.173195,0.137837,0.652148,0.897131,0.773383,0.006222,0.001000,1.000000,0.925000,0.796262
common_draws,c4_r150m,4,150.000000,415,0.187333,0.110520,0.378448,0.378196,0.412454,0.055028,0.005514,0.916667,0.991667,0.231403
common_draws,c4_r150m,4,150.000000,419,0.144247,0.109261,0.877514,0.866500,0.624924,0.035694,0.001000,1.000000,0.996667,0.814595
common_draws,c4_r150m,4,150.000000,433,0.084986,0.098834,0.616790,0.887837,0.442276,0.023417,0.001000,1.000000,0.990000,0.872666
common_draws,c4_r150m,4,150.000000,434,0.141379,0.129644,0.717183,0.945847,0.633045,0.023222,0.005074,0.916667,0.961667,0.772636
common_draws,c4_r150m,4,150.000000,423,0.148179,0.102107,0.444960,0.779747,0.636562,0.017889,0.001770,0.950000,0.991667,0.622555
common_draws,c4_r150m,4,150.000000,435,0.110927,0.122778,0.899560,0.867861,0.316637,0.042778,0.001000,1.000000,0.998333,0.880200
common_draws,c4_r150m,4,150.000000,424,0.075451,0.129186,0.899649,0.920465,0.767690,0.030194,0.001000,1.000000,0.965000,0.927108
common_draws,c4_r150m,4,150.000000,425,0.127740,0.119618,0.838207,0.931632,0.762574,0.026611,0.001000,1.000000,0.981667,0.896082
common_draws,c4_r150m,4,150.000000,427,0.081577,0.125652,0.742162,0.761093,0.799767,0.026361,0.001000,1.000000,0.995000,0.624665
common_draws,c4_r150m,4,150.000000,428,0.105288,0.127387,0.737143,0.829276,0.571059,0.018639,0.001000,1.000000,0.996667,0.776196
common_draws,c4_r150m,4,150.000000,426,0.099937,0.117567,0.850920,0.921493,0.800697,0.021667,0.001000,1.000000,0.975000,0.916937
common_draws,c4_r150m,4,150.000000,430,0.157776,0.102353,0.554885,0.747951,0.596092,0.028861,0.006448,0.933333,0.970000,0.788328
common_draws,c4_r150m,4,150.000000,436,0.050557,0.061663,0.447687,0.356706,0.588117,0.033972,0.001000,1.000000,1.000000,0.364064
common_draws,c4_r150m,4,150.000000,429,0.160009,0.121863,0.842389,0.716393,0.325746,0.054639,0.001000,1.000000,0.998333,0.735136
common_draws,c4_r150m,4,150.000000,437,0.095338,0.094417,0.332932,0.177944,0.493617,0.019083,0.001000,1.000000,1.000000,0.274674
common_draws,c4_r150m,4,150.000000,441,0.071060,0.123685,0.922655,0.901750,0.478904,0.029306,0.001325,0.983333,0.988333,0.887307
common_draws,c4_r150m,4,150.000000,442,0.190679,0.143132,0.892936,0.917927,0.659336,0.034278,0.004156,0.950000,0.940000,0.905267
common_draws,c4_r150m,4,150.000000,444,0.068960,0.068137,0.358705,0.254228,0.771555,0.008528,0.001000,1.000000,1.000000,0.209687
common_draws,c4_r150m,4,150.000000,439,0.045647,0.041946,0.270929,0.680920,0.650301,0.010917,0.001000,1.000000,0.981667,0.693130
common_draws,c4_r150m,4,150.000000,440,0.026609,0.043458,0.189121,0.510055,0.303572,0.021972,0.001000,1.000000,1.000000,0.550955
common_draws,c4_r150m,4,150.000000,438,0.089320,0.083690,0.811085,0.905623,0.682374,0.032639,0.001000,1.000000,0.988333,0.821604
common_draws,c4_r150m,4,150.000000,445,0.032348,0.034412,0.291269,0.532299,0.714603,0.017944,0.001000,1.000000,1.000000,0.442048
common_draws,c4_r150m,4,150.000000,443,0.067703,0.069668,0.361231,0.738839,0.634281,0.048472,0.001000,1.000000,1.000000,0.729169
common_draws,c4_r150m,4,150.000000,447,0.040703,0.093578,0.588737,0.664339,0.877518,0.009500,0.001000,1.000000,0.998333,0.613882
common_draws,c4_r150m,4,150.000000,448,0.075372,0.046559,0.429196,0.603461,0.350162,0.017028,0.001000,1.000000,0.996667,0.398483
common_draws,c4_r300m,4,300.000000,401,0.146416,0.196334,0.836115,0.865897,0.771608,0.107889,0.071775,0.633333,0.080000,0.894034
common_draws,c4_r150m,4,150.000000,449,0.057507,0.081571,0.451785,0.606599,0.561671,0.014889,0.001000,1.000000,0.996667,0.474833
common_draws,c4_r150m,4,150.000000,446,0.052144,0.058931,0.256455,0.156014,0.565126,0.037278,0.001000,1.000000,1.000000,0.194147
common_draws,c4_r300m,4,300.000000,403,0.186962,0.226726,0.874517,0.929152,0.258361,0.140667,0.504273,0.016667,0.115000,0.905781
common_draws,c4_r300m,4,300.000000,404,0.168210,0.202336,0.897631,0.935533,0.771188,0.117444,0.203140,0.250000,0.068333,0.901597
common_draws,c4_r300m,4,300.000000,406,0.210156,0.199883,0.905312,0.901301,0.576588,0.127556,0.355516,0.083333,0.046667,0.860059
common_draws,c4_r300m,4,300.000000,405,0.158309,0.189303,0.817328,0.892700,0.320834,0.124000,0.268484,0.233333,0.103333,0.881092
common_draws,c4_r300m,4,300.000000,400,0.203332,0.186947,0.924377,0.898737,0.742472,0.168472,0.764338,0.000000,0.081667,0.891350
common_draws,c4_r300m,4,300.000000,414,0.171287,0.199175,0.847171,0.923153,0.802208,0.159083,0.655466,0.000000,0.100000,0.922741
common_draws,c4_r300m,4,300.000000,402,0.144915,0.191539,0.876826,0.919055,0.657160,0.125722,0.246615,0.133333,0.065000,0.897316
common_draws,c4_r300m,4,300.000000,417,0.184173,0.167888,0.881344,0.872075,0.734905,0.136194,0.380186,0.016667,0.166667,0.897716
common_draws,c4_r300m,4,300.000000,418,0.204112,0.184086,0.827867,0.899057,0.699471,0.174417,0.836640,0.000000,0.185000,0.912659
common_draws,c4_r300m,4,300.000000,419,0.197275,0.214713,0.845718,0.900189,0.653798,0.141639,0.463426,0.050000,0.046667,0.902700
common_draws,c4_r300m,4,300.000000,407,0.177767,0.196186,0.925385,0.906527,0.697462,0.139833,0.390925,0.000000,0.050000,0.896113
common_draws,c4_r300m,4,300.000000,408,0.203086,0.189015,0.756337,0.875103,0.775999,0.125778,0.269638,0.250000,0.075000,0.867851
common_draws,c4_r300m,4,300.000000,409,0.175800,0.199103,0.848323,0.906024,0.439300,0.125639,0.276761,0.216667,0.078333,0.881417
common_draws,c4_r300m,4,300.000000,410,0.238556,0.204879,0.858560,0.887789,0.740544,0.157778,0.734833,0.000000,0.073333,0.889804
common_draws,c4_r300m,4,300.000000,411,0.160898,0.202260,0.901788,0.903185,0.546057,0.114806,0.112144,0.483333,0.086667,0.877857
common_draws,c4_r300m,4,300.000000,413,0.186128,0.180883,0.901216,0.899300,0.868419,0.154611,0.645362,0.016667,0.156667,0.882103
common_draws,c4_r300m,4,300.000000,422,0.204785,0.191899,0.881249,0.854909,0.327454,0.118556,0.199519,0.350000,0.073333,0.872051
common_draws,c4_r300m,4,300.000000,415,0.224774,0.193319,0.869075,0.880040,0.764586,0.150861,0.537211,0.016667,0.043333,0.875323
common_draws,c4_r300m,4,300.000000,412,0.199908,0.186523,0.889425,0.924171,0.890154,0.123722,0.247255,0.150000,0.090000,0.909142
common_draws,c4_r300m,4,300.000000,416,0.150400,0.193691,0.868394,0.812878,0.499707,0.106667,0.091674,0.450000,0.111667,0.840476
common_draws,c4_r300m,4,300.000000,426,0.175910,0.180303,0.900690,0.926034,0.929235,0.096472,0.046848,0.716667,0.243333,0.898813
common_draws,c4_r300m,4,300.000000,425,0.195402,0.204116,0.894346,0.910506,0.736367,0.144972,0.498488,0.016667,0.053333,0.856526
common_draws,c4_r300m,4,300.000000,420,0.237758,0.194488,0.886779,0.898851,0.803954,0.167722,0.806516,0.000000,0.101667,0.881377
common_draws,c4_r300m,4,300.000000,430,0.163028,0.202242,0.853435,0.902014,0.727280,0.139889,0.440122,0.016667,0.051667,0.868719
common_draws,c4_r300m,4,300.000000,424,0.190782,0.190237,0.794372,0.912682,0.623545,0.130917,0.323894,0.150000,0.068333,0.907620
common_draws,c4_r300m,4,300.000000,421,0.220007,0.183666,0.902950,0.890527,0.799516,0.158167,0.593363,0.016667,0.148333,0.881991
common_draws,c4_r300m,4,300.000000,423,0.171409,0.186697,0.802538,0.905739,0.615905,0.145722,0.512668,0.033333,0.143333,0.896589
common_draws,c4_r300m,4,300.000000,434,0.163402,0.192763,0.856989,0.897612,0.807630,0.143722,0.432105,0.050000,0.081667,0.885404
common_draws,c4_r300m,4,300.000000,432,0.207653,0.195242,0.882965,0.888857,0.659114,0.133778,0.332276,0.050000,0.053333,0.872938
common_draws,c4_r300m,4,300.000000,438,0.169326,0.180323,0.874642,0.874438,0.563530,0.136750,0.382621,0.100000,0.081667,0.883327
common_draws,c4_r300m,4,300.000000,427,0.137288,0.189119,0.870773,0.910911,0.808639,0.108833,0.099098,0.400000,0.155000,0.902063
common_draws,c4_r300m,4,300.000000,433,0.170428,0.186776,0.916138,0.927903,0.805863,0.145917,0.468468,0.033333,0.101667,0.883412
common_draws,c4_r300m,4,300.000000,428,0.174656,0.191722,0.857463,0.916581,0.673281,0.122583,0.261924,0.166667,0.146667,0.873871
common_draws,c4_r300m,4,300.000000,429,0.212224,0.196413,0.922930,0.872645,0.545851,0.142083,0.481521,0.050000,0.076667,0.869700
common_draws,c4_r300m,4,300.000000,431,0.227401,0.208794,0.906838,0.860449,0.325383,0.167028,0.772752,0.000000,0.071667,0.896164
common_draws,c4_r300m,4,300.000000,440,0.189911,0.199712,0.884377,0.863637,0.580437,0.115111,0.147050,0.400000,0.140000,0.880718
common_draws,c4_r300m,4,300.000000,435,0.199953,0.193773,0.870160,0.908960,0.870753,0.178028,0.865024,0.000000,0.078333,0.898044
common_draws,c4_r300m,4,300.000000,444,0.221856,0.193829,0.876490,0.911510,0.424338,0.181972,0.913743,0.000000,0.065000,0.890114
common_draws,c4_r300m,4,300.000000,436,0.153325,0.196565,0.844990,0.903618,0.766183,0.111444,0.133562,0.416667,0.111667,0.900549
common_draws,c4_r300m,4,300.000000,437,0.184335,0.180905,0.886892,0.884814,0.746011,0.137472,0.388890,0.066667,0.103333,0.876657
common_draws,c4_r300m,4,300.000000,445,0.201612,0.190197,0.920891,0.923198,0.683539,0.144333,0.492029,0.016667,0.096667,0.898963
common_draws,c4_r300m,4,300.000000,446,0.204131,0.191615,0.920548,0.910727,0.597675,0.180750,0.896783,0.000000,0.051667,0.899473
common_draws,c4_r300m,4,300.000000,439,0.205139,0.176060,0.868370,0.925696,0.733260,0.129389,0.265594,0.133333,0.181667,0.892510
common_draws,c4_r300m,4,300.000000,441,0.235721,0.195160,0.892978,0.892871,0.538615,0.143639,0.446087,0.016667,0.110000,0.897225
common_draws,c4_r300m,4,300.000000,442,0.237545,0.188718,0.789068,0.900167,0.568279,0.148444,0.517537,0.050000,0.103333,0.880757
common_draws,c4_r300m,4,300.000000,443,0.197723,0.189598,0.774700,0.918998,0.716771,0.157944,0.670626,0.000000,0.080000,0.909175
common_draws,c4_r600m,4,600.000000,402,0.273294,0.219256,0.692309,0.838424,0.742224,0.290722,2.340066,0.000000,0.000000,0.795001
common_draws,c4_r300m,4,300.000000,447,0.205826,0.191534,0.863461,0.872853,0.654239,0.141833,0.434715,0.016667,0.073333,0.880899
common_draws,c4_r600m,4,600.000000,404,0.248705,0.246608,0.814674,0.884635,0.675207,0.349667,3.008441,0.000000,0.000000,0.871724
common_draws,c4_r300m,4,300.000000,448,0.218969,0.183958,0.860095,0.897770,0.563759,0.142500,0.445070,0.016667,0.180000,0.908865
common_draws,c4_r300m,4,300.000000,449,0.170679,0.212512,0.840172,0.883258,0.616761,0.136306,0.436505,0.066667,0.055000,0.911235
common_draws,c4_r600m,4,600.000000,407,0.269473,0.252403,0.825927,0.881550,0.545727,0.295556,2.349918,0.000000,0.000000,0.804442
common_draws,c4_r600m,4,600.000000,408,0.205839,0.228065,0.786407,0.800376,0.754138,0.256472,1.852163,0.000000,0.000000,0.802738
common_draws,c4_r600m,4,600.000000,400,0.241592,0.254652,0.855443,0.875813,0.526829,0.356194,3.111191,0.000000,0.000000,0.870019
common_draws,c4_r600m,4,600.000000,401,0.235250,0.230420,0.749539,0.880678,0.849634,0.322833,2.723534,0.000000,0.000000,0.814310
common_draws,c4_r600m,4,600.000000,413,0.295186,0.264123,0.845494,0.863584,0.623780,0.307139,2.523938,0.000000,0.000000,0.835885
common_draws,c4_r600m,4,600.000000,403,0.245034,0.240004,0.807766,0.882610,0.659521,0.332778,2.849250,0.000000,0.000000,0.851005
common_draws,c4_r600m,4,600.000000,405,0.249315,0.231949,0.874887,0.889517,0.710449,0.289417,2.293943,0.000000,0.000000,0.863044
common_draws,c4_r600m,4,600.000000,406,0.295856,0.250407,0.844632,0.882691,0.681153,0.287306,2.262574,0.000000,0.000000,0.870409
common_draws,c4_r600m,4,600.000000,415,0.250266,0.257741,0.829454,0.816603,0.508177,0.271306,2.063772,0.000000,0.000000,0.831698
common_draws,c4_r600m,4,600.000000,418,0.264051,0.249383,0.850842,0.839475,0.791609,0.331972,2.815208,0.000000,0.000000,0.847171
common_draws,c4_r600m,4,600.000000,409,0.294657,0.254856,0.859645,0.851748,0.573948,0.267139,1.965741,0.000000,0.000000,0.872484
common_draws,c4_r600m,4,600.000000,419,0.156817,0.249096,0.688511,0.827016,0.645797,0.276639,2.119566,0.000000,0.000000,0.844083
common_draws,c4_r600m,4,600.000000,412,0.273841,0.261028,0.787364,0.813157,0.873270,0.245639,1.725126,0.000000,0.000000,0.826146
common_draws,c4_r600m,4,600.000000,410,0.263200,0.251212,0.823913,0.849468,0.657860,0.317389,2.604101,0.000000,0.000000,0.873818
common_draws,c4_r600m,4,600.000000,411,0.245270,0.245285,0.852743,0.874946,0.835845,0.346389,2.945093,0.000000,0.000000,0.876622
common_draws,c4_r600m,4,600.000000,414,0.247187,0.241831,0.865287,0.879496,0.826789,0.355139,3.136788,0.000000,0.000000,0.844674
common_draws,c4_r600m,4,600.000000,422,0.238347,0.231095,0.793390,0.870148,0.361863,0.265139,1.943386,0.000000,0.000000,0.874605
common_draws,c4_r600m,4,600.000000,416,0.284037,0.261657,0.844060,0.866792,0.479895,0.241694,1.646904,0.000000,0.000000,0.857677
common_draws,c4_r600m,4,600.000000,417,0.234567,0.248714,0.809733,0.849629,0.710531,0.301556,2.449099,0.000000,0.000000,0.827408
common_draws,c4_r600m,4,600.000000,426,0.309289,0.267554,0.903069,0.833273,0.759154,0.312583,2.509243,0.000000,0.000000,0.843006
common_draws,c4_r600m,4,600.000000,427,0.246609,0.246876,0.867423,0.855890,0.538793,0.349944,2.989308,0.000000,0.000000,0.871222
common_draws,c4_r600m,4,600.000000,429,0.233572,0.245748,0.798233,0.893192,0.588201,0.369722,3.238041,0.000000,0.000000,0.868497
common_draws,c4_r600m,4,600.000000,421,0.230637,0.248457,0.808131,0.874017,0.634575,0.257500,1.843620,0.000000,0.000000,0.854243
common_draws,c4_r600m,4,600.000000,420,0.260253,0.241351,0.614719,0.850654,0.652984,0.271806,2.106327,0.000000,0.000000,0.858778
common_draws,c4_r600m,4,600.000000,423,0.255797,0.249129,0.752497,0.870967,0.822764,0.250083,1.772115,0.000000,0.000000,0.819968
common_draws,c4_r600m,4,600.000000,424,0.262680,0.252896,0.863882,0.820002,0.821470,0.311444,2.518940,0.000000,0.000000,0.821158
common_draws,c4_r600m,4,600.000000,434,0.289873,0.273629,0.816466,0.860234,0.286842,0.303611,2.447691,0.000000,0.000000,0.824379
common_draws,c4_r600m,4,600.000000,425,0.243066,0.262309,0.859395,0.882563,0.595197,0.306639,2.477661,0.000000,0.000000,0.861921
common_draws,c4_r600m,4,600.000000,428,0.226386,0.251018,0.870990,0.861000,0.557609,0.328278,2.779111,0.000000,0.000000,0.815633
common_draws,c4_r600m,4,600.000000,437,0.236274,0.244198,0.870064,0.894991,0.746805,0.287944,2.222678,0.000000,0.000000,0.868045
common_draws,c4_r600m,4,600.000000,438,0.265069,0.233330,0.842136,0.900037,0.522713,0.330222,2.752478,0.000000,0.000000,0.887859
common_draws,c4_r600m,4,600.000000,439,0.270363,0.246510,0.868157,0.882350,0.746013,0.319194,2.611312,0.000000,0.000000,0.868138
common_draws,c4_r600m,4,600.000000,430,0.230985,0.245469,0.815989,0.836988,0.802425,0.268278,2.009347,0.000000,0.000000,0.860030
common_draws,c4_r600m,4,600.000000,432,0.220844,0.231187,0.892028,0.875274,0.576815,0.331000,2.738249,0.000000,0.000000,0.864762
common_draws,c4_r600m,4,600.000000,431,0.240633,0.240443,0.830924,0.878848,0.660750,0.341250,2.927608,0.000000,0.000000,0.852628
common_draws,c4_r600m,4,600.000000,435,0.257727,0.245155,0.844579,0.861665,0.733138,0.288389,2.289168,0.000000,0.000000,0.814725
common_draws,c4_r600m,4,600.000000,436,0.246391,0.264182,0.799338,0.877848,0.804451,0.306778,2.460321,0.000000,0.000000,0.796693
common_draws,c4_r600m,4,600.000000,433,0.235326,0.247312,0.755860,0.764311,0.767788,0.265139,1.981025,0.000000,0.000000,0.791725
common_draws,c4_r600m,4,600.000000,444,0.258394,0.264919,0.822295,0.886470,0.735077,0.374222,3.310409,0.000000,0.000000,0.868585
common_draws,c4_r600m,4,600.000000,447,0.277985,0.252039,0.799101,0.874429,0.601373,0.329028,2.738293,0.000000,0.000000,0.870467
common_draws,c4_r600m,4,600.000000,448,0.294766,0.246669,0.832864,0.812024,0.730666,0.321611,2.635804,0.000000,0.000000,0.841484
common_draws,c4_r600m,4,600.000000,440,0.146244,0.244856,0.718620,0.800327,0.478858,0.326694,2.732727,0.000000,0.000000,0.800236
common_draws,c4_r600m,4,600.000000,449,0.233897,0.253361,0.873253,0.855767,0.450459,0.269611,2.030492,0.000000,0.000000,0.856449
common_draws,c6_r15m,6,15.000000,400,0.000000,0.016667,0.320871,0.413240,0.357025,0.003667,0.001000,1.000000,1.000000,0.099499
common_draws,c6_r15m,6,15.000000,406,0.000000,0.033333,0.470942,0.460497,0.784250,0.004111,0.001000,1.000000,1.000000,0.356734
common_draws,c6_r15m,6,15.000000,407,0.000000,0.000000,0.502010,0.713167,0.478499,0.003417,0.001000,1.000000,1.000000,0.144516
common_draws,c6_r15m,6,15.000000,401,0.000000,0.000000,0.460772,0.420854,0.531602,0.002611,0.001000,1.000000,1.000000,0.299481
common_draws,c6_r15m,6,15.000000,402,0.000000,0.000000,0.502891,0.577827,0.707476,0.001278,0.001000,1.000000,1.000000,0.099848
common_draws,c4_r600m,4,600.000000,441,0.255203,0.263008,0.848910,0.888084,0.611740,0.344389,2.994108,0.000000,0.000000,0.879650
common_draws,c6_r15m,6,15.000000,403,0.050000,0.048809,0.330333,0.298225,0.687238,0.004250,0.001000,1.000000,1.000000,0.258205
common_draws,c6_r15m,6,15.000000,408,0.000000,0.000000,0.429470,0.526946,0.433175,0.002750,0.001000,1.000000,1.000000,0.092500
common_draws,c4_r600m,4,600.000000,442,0.234804,0.270982,0.871322,0.891795,0.725023,0.291611,2.295810,0.000000,0.000000,0.889013
common_draws,c6_r15m,6,15.000000,404,0.000000,0.000000,0.228975,0.295809,0.761506,0.002972,0.001000,1.000000,1.000000,0.071591
common_draws,c6_r15m,6,15.000000,405,0.000000,-0.020856,0.475887,0.264249,0.548520,0.001722,0.001000,1.000000,1.000000,0.077833
common_draws,c4_r600m,4,600.000000,445,0.251215,0.253105,0.871974,0.882001,0.565105,0.316306,2.554689,0.000000,0.000000,0.840469
common_draws,c4_r600m,4,600.000000,443,0.248687,0.255179,0.860750,0.858584,0.453662,0.328139,2.771455,0.000000,0.000000,0.857649
common_draws,c6_r15m,6,15.000000,410,0.000000,0.000000,0.266935,0.701911,0.363481,0.002306,0.001000,1.000000,1.000000,0.111688
common_draws,c6_r15m,6,15.000000,412,-0.066667,0.003860,0.440484,0.290821,0.708383,0.004306,0.001000,1.000000,1.000000,0.213085
common_draws,c6_r15m,6,15.000000,413,0.000000,0.011111,0.346559,0.205704,0.752273,0.002639,0.001000,1.000000,1.000000,0.250665
common_draws,c4_r600m,4,600.000000,446,0.213833,0.248376,0.764070,0.793318,0.618621,0.295361,2.305825,0.000000,0.000000,0.855549
common_draws,c6_r15m,6,15.000000,418,0.000000,0.000000,0.234625,0.396362,0.491817,0.002694,0.001000,1.000000,1.000000,0.223810
common_draws,c6_r15m,6,15.000000,409,0.000000,0.016667,0.274894,0.438589,0.469597,0.004056,0.001000,1.000000,1.000000,0.191469
common_draws,c6_r15m,6,15.000000,411,0.000000,0.000000,0.378961,0.223060,0.354562,0.000972,0.001000,1.000000,1.000000,0.022222
common_draws,c6_r15m,6,15.000000,424,0.000000,0.000000,0.287929,0.224373,0.745035,0.004833,0.001000,1.000000,1.000000,0.089481
common_draws,c6_r15m,6,15.000000,425,0.000000,0.025397,0.157536,0.615757,0.745681,0.003639,0.001000,1.000000,1.000000,0.296000
common_draws,c6_r15m,6,15.000000,426,0.000000,0.000000,0.452440,0.350846,0.871384,0.002083,0.001000,1.000000,1.000000,0.052381
common_draws,c6_r15m,6,15.000000,414,0.000000,0.000000,0.285196,0.416551,0.512212,0.001806,0.001000,1.000000,1.000000,0.079167
common_draws,c6_r15m,6,15.000000,415,0.000000,0.000000,0.528365,0.454370,0.448588,0.002639,0.001000,1.000000,1.000000,0.020000
common_draws,c6_r15m,6,15.000000,428,0.000000,0.000000,0.575679,0.453767,0.421422,0.004056,0.001000,1.000000,1.000000,0.191667
common_draws,c6_r15m,6,15.000000,417,0.000000,0.000000,0.375824,0.310599,0.591882,0.002167,0.001000,1.000000,1.000000,0.036364
common_draws,c6_r15m,6,15.000000,416,0.000000,0.000000,0.373070,0.330966,0.644303,0.002722,0.001000,1.000000,1.000000,0.000000
common_draws,c6_r15m,6,15.000000,420,-0.034483,-0.006178,0.600251,0.638076,0.863936,0.002167,0.001000,1.000000,1.000000,0.148906
common_draws,c6_r15m,6,15.000000,419,0.000000,-0.004348,0.384433,0.363442,0.565069,0.002417,0.001000,1.000000,1.000000,0.164583
common_draws,c6_r15m,6,15.000000,421,0.000000,0.000000,0.349830,0.455803,0.356709,0.002694,0.001000,1.000000,1.000000,0.000000
common_draws,c6_r15m,6,15.000000,422,0.000000,0.037479,0.427334,0.178470,0.594517,0.003500,0.001000,1.000000,1.000000,0.143250
common_draws,c6_r15m,6,15.000000,423,0.000000,0.058333,0.243885,0.628696,0.789448,0.002528,0.001000,1.000000,1.000000,0.323056
common_draws,c6_r15m,6,15.000000,431,0.000000,0.000000,0.414793,0.284360,0.579443,0.002278,0.001000,1.000000,1.000000,0.065396
common_draws,c6_r15m,6,15.000000,432,0.000000,0.011111,0.293835,0.289224,0.483297,0.004333,0.001000,1.000000,1.000000,0.035285
common_draws,c6_r15m,6,15.000000,433,0.000000,0.000000,0.296573,0.245110,0.379491,0.006583,0.001000,1.000000,1.000000,0.031765
common_draws,c6_r15m,6,15.000000,427,0.000000,0.033333,0.461732,0.298664,0.712285,0.002222,0.001000,1.000000,1.000000,0.032168
common_draws,c6_r15m,6,15.000000,436,0.000000,-0.002778,0.352458,0.410758,0.851604,0.002000,0.001000,1.000000,1.000000,0.080769
common_draws,c6_r15m,6,15.000000,429,0.000000,0.010000,0.253558,0.229613,0.712011,0.001611,0.001000,1.000000,1.000000,0.116667
common_draws,c6_r15m,6,15.000000,444,-0.083333,-0.021190,0.403846,0.404315,0.744357,0.004611,0.001000,1.000000,1.000000,0.387874
common_draws,c6_r15m,6,15.000000,446,0.000000,-0.016667,0.249775,0.385204,0.749981,0.001917,0.001000,1.000000,1.000000,0.147948
common_draws,c6_r15m,6,15.000000,445,0.000000,0.005882,0.346503,0.541911,0.522207,0.002083,0.001000,1.000000,1.000000,0.031481
common_draws,c6_r15m,6,15.000000,430,0.000000,-0.005000,0.412094,0.245660,0.719932,0.003861,0.001000,1.000000,1.000000,0.098077
common_draws,c6_r15m,6,15.000000,448,0.000000,0.025758,0.357334,0.441300,0.769544,0.001889,0.001000,1.000000,1.000000,0.266401
common_draws,c6_r15m,6,15.000000,435,0.000000,0.000000,0.317151,0.202960,0.399451,0.002667,0.001000,1.000000,1.000000,0.073529
common_draws,c6_r15m,6,15.000000,434,0.000000,0.000000,0.302828,0.320419,0.733815,0.004278,0.001000,1.000000,1.000000,0.100298
common_draws,c6_r15m,6,15.000000,437,0.000000,0.007391,0.520951,0.328318,0.606630,0.003000,0.001000,1.000000,1.000000,0.153777
common_draws,c6_r15m,6,15.000000,438,0.000000,0.000000,0.199760,0.198231,0.281178,0.001944,0.001000,1.000000,1.000000,0.160181
common_draws,c6_r15m,6,15.000000,439,0.000000,0.000000,0.227870,0.315049,0.765325,0.003056,0.001000,1.000000,1.000000,0.084722
common_draws,c6_r15m,6,15.000000,442,0.012534,0.038171,0.547497,0.378416,0.741144,0.004528,0.001000,1.000000,1.000000,0.132787
common_draws,c6_r15m,6,15.000000,440,0.000000,-0.015278,0.335489,0.323519,0.758007,0.003167,0.001000,1.000000,1.000000,0.236875
common_draws,c6_r15m,6,15.000000,441,-0.038462,-0.013846,0.327702,0.286932,0.562962,0.005750,0.001000,1.000000,1.000000,0.120504
common_draws,c6_r37.5m,6,37.500000,400,0.062500,0.038898,0.475249,0.483444,0.351559,0.004083,0.001000,1.000000,1.000000,0.371134
common_draws,c6_r15m,6,15.000000,443,-0.142857,-0.014286,0.294983,0.634976,0.588281,0.003194,0.001000,1.000000,1.000000,0.287372
common_draws,c6_r37.5m,6,37.500000,401,0.004065,0.012779,0.292031,0.810127,0.520766,0.009472,0.001000,1.000000,1.000000,0.779958
common_draws,c6_r37.5m,6,37.500000,402,0.035294,0.034855,0.608190,0.451189,0.685371,0.006417,0.001000,1.000000,1.000000,0.573805
common_draws,c6_r15m,6,15.000000,447,0.000000,-0.009091,0.257325,0.209181,0.444100,0.001028,0.001000,1.000000,1.000000,0.015385
common_draws,c6_r37.5m,6,37.500000,404,0.033945,0.018754,0.170403,0.385418,0.775557,0.009944,0.001000,1.000000,1.000000,0.474321
common_draws,c6_r15m,6,15.000000,449,0.000000,0.000000,0.475735,0.098080,0.712251,0.004556,0.001000,1.000000,1.000000,0.128610
common_draws,c6_r37.5m,6,37.500000,413,0.083983,0.026736,0.324496,0.328908,0.428875,0.002583,0.001000,1.000000,1.000000,0.345166
common_draws,c6_r37.5m,6,37.500000,415,0.057370,0.025690,0.661113,0.348085,0.772756,0.006083,0.001000,1.000000,1.000000,0.472579
common_draws,c6_r37.5m,6,37.500000,416,0.057692,0.047374,0.367671,0.365988,0.664608,0.003417,0.001000,1.000000,1.000000,0.404609
common_draws,c6_r37.5m,6,37.500000,403,0.007018,0.027396,0.527054,0.438481,0.738889,0.005056,0.001000,1.000000,1.000000,0.330308
common_draws,c6_r37.5m,6,37.500000,418,0.030836,0.032031,0.332201,0.634371,0.467222,0.005833,0.001000,1.000000,1.000000,0.606370
common_draws,c6_r37.5m,6,37.500000,405,0.054106,0.033626,0.340496,0.312523,0.566843,0.005500,0.001000,1.000000,1.000000,0.308783
common_draws,c6_r37.5m,6,37.500000,406,0.071620,0.021659,0.213550,0.341792,0.709938,0.007139,0.001000,1.000000,1.000000,0.333933
common_draws,c6_r37.5m,6,37.500000,407,-0.007937,-0.001466,0.359754,0.242179,0.785157,0.004306,0.001000,1.000000,1.000000,0.200566
common_draws,c6_r37.5m,6,37.500000,408,-0.004397,0.039507,0.237304,0.165816,0.407693,0.011972,0.001000,1.000000,1.000000,0.189546
common_draws,c6_r37.5m,6,37.500000,410,0.047387,0.024928,0.717415,0.459737,0.675798,0.003583,0.001000,1.000000,1.000000,0.427864
common_draws,c6_r37.5m,6,37.500000,409,0.057143,0.028558,0.546490,0.183521,0.407721,0.012361,0.001000,1.000000,1.000000,0.239338
common_draws,c6_r37.5m,6,37.500000,411,0.094304,0.035395,0.262310,0.147598,0.725915,0.004944,0.001000,1.000000,1.000000,0.146822
common_draws,c6_r37.5m,6,37.500000,421,0.026224,0.062441,0.264802,0.198601,0.394785,0.006222,0.001000,1.000000,1.000000,0.285768
common_draws,c6_r37.5m,6,37.500000,412,-0.029624,0.024493,0.416607,0.507090,0.528419,0.004778,0.001000,1.000000,1.000000,0.469255
common_draws,c6_r37.5m,6,37.500000,420,0.029102,0.010189,0.241343,0.205562,0.533580,0.007056,0.001000,1.000000,1.000000,0.186648
common_draws,c6_r37.5m,6,37.500000,422,0.020096,0.028956,0.296390,0.674730,0.561738,0.003750,0.001000,1.000000,1.000000,0.725810
common_draws,c6_r37.5m,6,37.500000,414,0.037995,0.012284,0.304726,0.285010,0.619075,0.006778,0.001000,1.000000,1.000000,0.265442
common_draws,c6_r37.5m,6,37.500000,424,0.016529,0.046279,0.317549,0.585203,0.538053,0.006000,0.001000,1.000000,1.000000,0.571056
common_draws,c6_r37.5m,6,37.500000,417,0.020597,0.033802,0.271055,0.365813,0.725209,0.010250,0.001000,1.000000,1.000000,0.403497
common_draws,c6_r37.5m,6,37.500000,419,0.015863,0.008284,0.192513,0.269573,0.848865,0.013083,0.001000,1.000000,1.000000,0.213958
common_draws,c6_r37.5m,6,37.500000,432,-0.013787,0.043453,0.487857,0.370313,0.731684,0.003889,0.001000,1.000000,1.000000,0.452111
common_draws,c6_r37.5m,6,37.500000,434,-0.013036,0.045308,0.239677,0.385507,0.560713,0.006500,0.001000,1.000000,1.000000,0.440146
common_draws,c6_r37.5m,6,37.500000,435,0.057339,0.038836,0.424089,0.342976,0.795380,0.010667,0.001000,1.000000,1.000000,0.307691
common_draws,c6_r37.5m,6,37.500000,437,-0.003079,0.023569,0.220188,0.398066,0.763599,0.010167,0.001000,1.000000,1.000000,0.303259
common_draws,c6_r37.5m,6,37.500000,423,0.031466,0.014948,0.140315,0.444545,0.839765,0.010806,0.001000,1.000000,1.000000,0.422090
common_draws,c6_r37.5m,6,37.500000,425,0.008196,0.047063,0.568222,0.270854,0.744981,0.008306,0.001000,1.000000,1.000000,0.214479
common_draws,c6_r37.5m,6,37.500000,426,0.027664,0.005324,0.257336,0.365265,0.643432,0.006667,0.001000,1.000000,1.000000,0.208763
common_draws,c6_r37.5m,6,37.500000,427,-0.014085,0.012441,0.224653,0.289511,0.364504,0.007278,0.001000,1.000000,1.000000,0.294091
common_draws,c6_r37.5m,6,37.500000,429,0.026276,0.033813,0.307496,0.410741,0.688877,0.009194,0.001000,1.000000,1.000000,0.347044
common_draws,c6_r37.5m,6,37.500000,428,0.083333,0.021443,0.376776,0.461512,0.565483,0.006722,0.001000,1.000000,1.000000,0.521765
common_draws,c6_r37.5m,6,37.500000,430,0.025286,0.027517,0.311971,0.402803,0.666988,0.005167,0.001000,1.000000,1.000000,0.385219
common_draws,c6_r37.5m,6,37.500000,440,0.030270,0.027026,0.521678,0.463380,0.306667,0.010222,0.001000,1.000000,1.000000,0.463066
common_draws,c6_r37.5m,6,37.500000,441,0.017849,0.016766,0.698638,0.251797,0.613594,0.005444,0.001000,1.000000,1.000000,0.211745
common_draws,c6_r37.5m,6,37.500000,442,0.025641,0.013387,0.172204,0.197750,0.219109,0.009361,0.001000,1.000000,1.000000,0.188445
common_draws,c6_r37.5m,6,37.500000,431,0.019243,0.025217,0.463204,0.455070,0.562962,0.010806,0.001000,1.000000,1.000000,0.451419
common_draws,c6_r37.5m,6,37.500000,433,0.174978,0.050387,0.597252,0.626702,0.255882,0.013722,0.001000,1.000000,1.000000,0.455331
common_draws,c6_r37.5m,6,37.500000,443,0.086478,0.033138,0.492735,0.351571,0.747125,0.005778,0.001000,1.000000,1.000000,0.392695
common_draws,c6_r37.5m,6,37.500000,436,0.063158,0.042709,0.450175,0.461505,0.745178,0.010583,0.001000,1.000000,1.000000,0.289299
common_draws,c6_r37.5m,6,37.500000,438,0.079972,0.014626,0.297070,0.499646,0.769404,0.009583,0.001000,1.000000,1.000000,0.431487
common_draws,c6_r37.5m,6,37.500000,439,0.042938,0.049493,0.402160,0.208394,0.528768,0.004944,0.001000,1.000000,1.000000,0.239983
common_draws,c6_r75m,6,75.000000,401,0.024697,0.032495,0.225753,0.489131,0.661214,0.016556,0.001000,1.000000,1.000000,0.398453
common_draws,c6_r75m,6,75.000000,402,0.182018,0.078258,0.589827,0.219416,0.733135,0.011000,0.001000,1.000000,1.000000,0.241160
common_draws,c6_r75m,6,75.000000,403,0.045301,0.044922,0.338606,0.402068,0.664200,0.028972,0.001000,1.000000,1.000000,0.382831
common_draws,c6_r75m,6,75.000000,406,0.031565,0.062187,0.388754,0.302924,0.744128,0.009028,0.001000,1.000000,1.000000,0.331412
common_draws,c6_r37.5m,6,37.500000,444,0.023780,0.061307,0.623837,0.153769,0.818539,0.007278,0.001000,1.000000,1.000000,0.173243
common_draws,c6_r37.5m,6,37.500000,445,0.044279,0.043184,0.418265,0.414219,0.533416,0.005583,0.001000,1.000000,1.000000,0.533336
common_draws,c6_r37.5m,6,37.500000,446,0.000000,0.044440,0.501601,0.510395,0.694227,0.002083,0.001000,1.000000,1.000000,0.420071
common_draws,c6_r37.5m,6,37.500000,447,-0.006187,0.015047,0.143712,0.534094,0.720873,0.013444,0.001000,1.000000,1.000000,0.576002
common_draws,c6_r37.5m,6,37.500000,448,0.020000,0.013415,0.131905,0.358647,0.509176,0.005250,0.001000,1.000000,1.000000,0.558559
common_draws,c6_r75m,6,75.000000,410,0.107260,0.050507,0.471560,0.290526,0.581586,0.021111,0.001000,1.000000,1.000000,0.386108
common_draws,c6_r37.5m,6,37.500000,449,0.049234,0.015707,0.264420,0.390282,0.813289,0.004722,0.001000,1.000000,1.000000,0.378930
common_draws,c6_r75m,6,75.000000,400,0.038572,0.022869,0.201501,0.431717,0.745302,0.020056,0.001000,1.000000,1.000000,0.367401
common_draws,c6_r75m,6,75.000000,411,0.034786,0.033351,0.350933,0.373316,0.726816,0.015250,0.001000,1.000000,1.000000,0.323419
common_draws,c6_r75m,6,75.000000,404,0.056538,0.059607,0.792828,0.498987,0.793238,0.012611,0.001000,1.000000,1.000000,0.454039
common_draws,c6_r75m,6,75.000000,412,0.055586,0.067898,0.479501,0.357188,0.453916,0.009583,0.001000,1.000000,1.000000,0.299479
common_draws,c6_r75m,6,75.000000,405,0.052276,0.037937,0.278061,0.264075,0.752126,0.021806,0.001000,1.000000,1.000000,0.271493
common_draws,c6_r75m,6,75.000000,413,0.019177,0.037513,0.456457,0.501313,0.795962,0.004361,0.001000,1.000000,1.000000,0.488271
common_draws,c6_r75m,6,75.000000,407,0.019838,0.060454,0.248131,0.349032,0.630000,0.006278,0.001000,1.000000,1.000000,0.403491
common_draws,c6_r75m,6,75.000000,408,0.056382,0.047619,0.388175,0.252690,0.600825,0.017028,0.001000,1.000000,1.000000,0.271512
common_draws,c6_r75m,6,75.000000,409,0.045488,0.059205,0.414805,0.451311,0.507466,0.018500,0.001000,1.000000,1.000000,0.482476
common_draws,c6_r75m,6,75.000000,419,0.029888,0.081971,0.457042,0.431860,0.625277,0.009611,0.001000,1.000000,1.000000,0.493212
common_draws,c6_r75m,6,75.000000,422,0.080819,0.075755,0.544230,0.746191,0.540244,0.036028,0.001000,1.000000,1.000000,0.772187
common_draws,c6_r75m,6,75.000000,424,0.031749,0.040675,0.216246,0.256936,0.564969,0.017639,0.001000,1.000000,1.000000,0.197321
common_draws,c6_r75m,6,75.000000,426,0.068469,0.035637,0.471977,0.624291,0.670508,0.024028,0.001000,1.000000,1.000000,0.512301
common_draws,c6_r75m,6,75.000000,414,0.039527,0.042319,0.199207,0.410482,0.342694,0.016083,0.001000,1.000000,1.000000,0.285266
common_draws,c6_r75m,6,75.000000,417,0.023130,0.019667,0.163504,0.250278,0.605261,0.012028,0.001000,1.000000,1.000000,0.174271
common_draws,c6_r75m,6,75.000000,415,0.019247,0.035364,0.345335,0.452794,0.569650,0.023750,0.001000,1.000000,1.000000,0.379296
common_draws,c6_r75m,6,75.000000,416,0.103655,0.071107,0.624318,0.424541,0.671247,0.022583,0.001000,1.000000,1.000000,0.349656
common_draws,c6_r75m,6,75.000000,430,0.041888,0.043208,0.335947,0.200876,0.574427,0.015972,0.001000,1.000000,1.000000,0.179546
common_draws,c6_r75m,6,75.000000,418,0.062627,0.073225,0.591477,0.383133,0.793936,0.021056,0.001000,1.000000,1.000000,0.373949
common_draws,c6_r75m,6,75.000000,421,0.047794,0.058074,0.469958,0.316902,0.512394,0.018111,0.001000,1.000000,1.000000,0.323020
common_draws,c6_r75m,6,75.000000,420,0.081511,0.061043,0.698127,0.436672,0.830597,0.009028,0.001000,1.000000,1.000000,0.481819
common_draws,c6_r75m,6,75.000000,431,0.067762,0.036543,0.324504,0.209991,0.527527,0.011194,0.001000,1.000000,1.000000,0.265470
common_draws,c6_r75m,6,75.000000,432,0.059602,0.061929,0.360162,0.360343,0.614446,0.016500,0.001000,1.000000,1.000000,0.276798
common_draws,c6_r75m,6,75.000000,433,0.070840,0.029803,0.176437,0.182923,0.831478,0.008278,0.001000,1.000000,1.000000,0.229040
common_draws,c6_r75m,6,75.000000,423,0.098755,0.074238,0.453552,0.362395,0.331203,0.026139,0.001000,1.000000,1.000000,0.387998
common_draws,c6_r75m,6,75.000000,425,0.005698,0.018915,0.138222,0.505837,0.597154,0.027139,0.001000,1.000000,1.000000,0.444657
common_draws,c6_r75m,6,75.000000,427,0.030256,0.018984,0.232722,0.266842,0.562669,0.017944,0.001000,1.000000,1.000000,0.225297
common_draws,c6_r75m,6,75.000000,428,0.065218,0.044915,0.466247,0.658278,0.495676,0.009722,0.001000,1.000000,1.000000,0.806268
common_draws,c6_r75m,6,75.000000,438,0.030631,0.026499,0.263730,0.879747,0.385240,0.020972,0.001000,1.000000,1.000000,0.775615
common_draws,c6_r75m,6,75.000000,429,0.043688,0.057772,0.465526,0.276571,0.521971,0.016611,0.001000,1.000000,1.000000,0.282046
common_draws,c6_r75m,6,75.000000,442,0.050587,0.061201,0.368146,0.413168,0.556246,0.014000,0.001000,1.000000,1.000000,0.500983
common_draws,c6_r75m,6,75.000000,444,0.044919,0.056694,0.336574,0.150135,0.423438,0.011917,0.001000,1.000000,1.000000,0.177548
common_draws,c6_r75m,6,75.000000,434,0.067712,0.041245,0.364622,0.526624,0.443316,0.021972,0.001000,1.000000,1.000000,0.607162
common_draws,c6_r75m,6,75.000000,435,0.020043,0.040567,0.173406,0.371823,0.780770,0.013333,0.001000,1.000000,1.000000,0.241179
common_draws,c6_r75m,6,75.000000,449,0.037479,0.045332,0.360116,0.336254,0.705461,0.003528,0.001000,1.000000,1.000000,0.399038
common_draws,c6_r75m,6,75.000000,436,0.031612,0.059030,0.618774,0.224836,0.624543,0.011389,0.001000,1.000000,1.000000,0.317767
common_draws,c6_r75m,6,75.000000,439,0.038783,0.044939,0.301900,0.592931,0.557107,0.024694,0.001000,1.000000,1.000000,0.492145
common_draws,c6_r75m,6,75.000000,437,0.026671,0.036162,0.171382,0.364440,0.503889,0.026833,0.001000,1.000000,1.000000,0.414413
common_draws,c6_r75m,6,75.000000,440,0.094582,0.034604,0.420103,0.358715,0.477539,0.010667,0.001000,1.000000,1.000000,0.489519
common_draws,c6_r75m,6,75.000000,443,0.051131,0.028303,0.182002,0.337438,0.588538,0.009861,0.001000,1.000000,1.000000,0.220632
common_draws,c6_r75m,6,75.000000,441,0.071599,0.058416,0.407172,0.280847,0.704764,0.011139,0.001000,1.000000,1.000000,0.333398
common_draws,c6_r75m,6,75.000000,445,0.033942,0.044231,0.501558,0.381858,0.813043,0.013417,0.001000,1.000000,0.996667,0.253415
common_draws,c6_r75m,6,75.000000,448,0.028754,0.031760,0.206587,0.641513,0.535359,0.011000,0.001000,1.000000,1.000000,0.527002
common_draws,c6_r75m,6,75.000000,447,0.039530,0.023368,0.309638,0.303475,0.652762,0.011417,0.001000,1.000000,1.000000,0.345575
common_draws,c6_r75m,6,75.000000,446,0.024711,0.034435,0.291775,0.400822,0.775614,0.030444,0.001000,1.000000,1.000000,0.323840
common_draws,c6_r150m,6,150.000000,402,0.108269,0.118243,0.716063,0.892367,0.730983,0.078167,0.004979,0.916667,0.840000,0.873656
common_draws,c6_r150m,6,150.000000,401,0.116353,0.115711,0.934639,0.934634,0.677941,0.063389,0.017571,0.833333,0.838333,0.927396
common_draws,c6_r150m,6,150.000000,405,0.112501,0.109881,0.927279,0.886248,0.628630,0.079306,0.005822,0.950000,0.805000,0.921344
common_draws,c6_r150m,6,150.000000,400,0.123652,0.114543,0.906065,0.945548,0.701506,0.097472,0.029579,0.716667,0.826667,0.910146
common_draws,c6_r150m,6,150.000000,416,0.102123,0.102493,0.884398,0.948938,0.876083,0.095611,0.023781,0.766667,0.890000,0.912387
common_draws,c6_r150m,6,150.000000,407,0.115606,0.109218,0.842218,0.929801,0.523635,0.095000,0.023543,0.816667,0.843333,0.877344
common_draws,c6_r150m,6,150.000000,408,0.113027,0.108464,0.682795,0.862696,0.788967,0.077167,0.044770,0.716667,0.870000,0.902950
common_draws,c6_r150m,6,150.000000,404,0.120973,0.129534,0.908899,0.945048,0.641128,0.086028,0.032942,0.733333,0.746667,0.933608
common_draws,c6_r150m,6,150.000000,403,0.155747,0.110646,0.841588,0.937845,0.896041,0.105556,0.128008,0.366667,0.758333,0.925794
common_draws,c6_r150m,6,150.000000,410,0.087237,0.113891,0.693288,0.922363,0.522832,0.047250,0.001551,0.966667,0.843333,0.899329
common_draws,c6_r150m,6,150.000000,406,0.131936,0.114753,0.941929,0.893198,0.580702,0.083417,0.021108,0.816667,0.788333,0.919578
common_draws,c6_r150m,6,150.000000,417,0.090274,0.112183,0.935733,0.931683,0.680065,0.096333,0.037390,0.750000,0.826667,0.906923
common_draws,c6_r150m,6,150.000000,418,0.108539,0.105465,0.738290,0.943352,0.910946,0.090500,0.059590,0.666667,0.745000,0.921363
common_draws,c6_r150m,6,150.000000,411,0.121531,0.130817,0.939585,0.952546,0.935098,0.075056,0.011690,0.916667,0.648333,0.914991
common_draws,c6_r150m,6,150.000000,409,0.115116,0.107804,0.943852,0.855869,0.866939,0.076611,0.019275,0.850000,0.898333,0.799321
common_draws,c6_r150m,6,150.000000,414,0.120638,0.112816,0.877504,0.951829,0.876449,0.056639,0.012112,0.883333,0.860000,0.924644
common_draws,c6_r150m,6,150.000000,412,0.208938,0.136501,0.926350,0.931387,0.413270,0.083778,0.053721,0.700000,0.736667,0.870330
common_draws,c6_r150m,6,150.000000,413,0.109946,0.132733,0.878068,0.951850,0.589259,0.073694,0.010065,0.900000,0.700000,0.920697
common_draws,c6_r150m,6,150.000000,415,0.135602,0.120445,0.892822,0.960523,0.485329,0.081611,0.042286,0.750000,0.816667,0.908179
common_draws,c6_r150m,6,150.000000,420,0.155421,0.124843,0.919222,0.931850,0.596671,0.084139,0.045841,0.733333,0.673333,0.931294
common_draws,c6_r150m,6,150.000000,427,0.124106,0.107877,0.802234,0.953062,0.520977,0.075667,0.011040,0.866667,0.896667,0.900126
common_draws,c6_r150m,6,150.000000,428,0.125498,0.119053,0.915367,0.875369,0.816952,0.063028,0.010436,0.900000,0.740000,0.894349
common_draws,c6_r150m,6,150.000000,419,0.122052,0.125576,0.829437,0.920127,0.900598,0.048667,0.009885,0.900000,0.861667,0.857209
common_draws,c6_r150m,6,150.000000,435,0.110809,0.114141,0.874603,0.962614,0.581233,0.085806,0.005229,0.933333,0.790000,0.917664
common_draws,c6_r150m,6,150.000000,422,0.124667,0.130403,0.882496,0.754026,0.879620,0.044028,0.006649,0.900000,0.906667,0.689119
common_draws,c6_r150m,6,150.000000,421,0.131808,0.115539,0.868550,0.932410,0.644587,0.106556,0.111799,0.450000,0.796667,0.882846
common_draws,c6_r150m,6,150.000000,424,0.138786,0.108557,0.868230,0.934487,0.789476,0.079500,0.002959,0.950000,0.865000,0.927860
common_draws,c6_r150m,6,150.000000,423,0.114160,0.131795,0.913740,0.928454,0.298357,0.084694,0.005370,0.950000,0.738333,0.912190
common_draws,c6_r150m,6,150.000000,426,0.147847,0.132057,0.935654,0.914116,0.438238,0.105611,0.158154,0.383333,0.680000,0.886490
common_draws,c6_r150m,6,150.000000,436,0.113561,0.112015,0.943889,0.825018,0.928642,0.093583,0.007942,0.916667,0.728333,0.870136
common_draws,c6_r150m,6,150.000000,431,0.153465,0.131728,0.939458,0.915903,0.917635,0.084833,0.136001,0.283333,0.755000,0.902155
common_draws,c6_r150m,6,150.000000,432,0.133787,0.117996,0.931346,0.917913,0.519632,0.068167,0.019442,0.850000,0.820000,0.902755
common_draws,c6_r150m,6,150.000000,437,0.109361,0.117020,0.816754,0.911882,0.711720,0.053167,0.003251,0.950000,0.811667,0.917160
common_draws,c6_r150m,6,150.000000,425,0.135429,0.118286,0.886271,0.821511,0.811197,0.101750,0.073607,0.616667,0.795000,0.857108
common_draws,c6_r150m,6,150.000000,429,0.119459,0.119389,0.877137,0.867269,0.524821,0.074694,0.004041,0.983333,0.848333,0.905910
common_draws,c6_r150m,6,150.000000,430,0.060022,0.112951,0.931044,0.959587,0.703209,0.045639,0.001000,1.000000,0.873333,0.875110
common_draws,c6_r150m,6,150.000000,433,0.102594,0.108711,0.831871,0.830343,0.476702,0.076778,0.002763,0.966667,0.923333,0.899147
common_draws,c6_r150m,6,150.000000,439,0.105944,0.120747,0.830808,0.927820,0.700262,0.077500,0.025114,0.683333,0.675000,0.920177
common_draws,c6_r150m,6,150.000000,434,0.103670,0.122742,0.960162,0.910536,0.721169,0.089111,0.015620,0.866667,0.811667,0.901473
common_draws,c6_r150m,6,150.000000,445,0.168510,0.115633,0.840647,0.704221,0.225426,0.103972,0.051463,0.650000,0.906667,0.808514
common_draws,c6_r150m,6,150.000000,440,0.115981,0.082112,0.555006,0.524285,0.800403,0.022028,0.001705,0.983333,0.983333,0.554044
common_draws,c6_r150m,6,150.000000,448,0.114175,0.123006,0.852891,0.897259,0.537203,0.081250,0.003800,0.900000,0.740000,0.907143
common_draws,c6_r150m,6,150.000000,438,0.127866,0.116205,0.906311,0.895181,0.420987,0.085194,0.026096,0.800000,0.828333,0.895601
common_draws,c6_r150m,6,150.000000,443,0.094137,0.092648,0.610500,0.950962,0.225324,0.056500,0.001000,1.000000,0.928333,0.825738
common_draws,c6_r150m,6,150.000000,442,0.071255,0.105965,0.730882,0.948253,0.868538,0.074333,0.001000,1.000000,0.793333,0.914915
common_draws,c6_r150m,6,150.000000,441,0.102584,0.114804,0.922972,0.942016,0.833488,0.092778,0.016110,0.883333,0.775000,0.910967
common_draws,c6_r150m,6,150.000000,444,0.113677,0.111450,0.726830,0.827514,0.715483,0.076389,0.004443,0.966667,0.820000,0.889761
common_draws,c6_r300m,6,300.000000,403,0.157818,0.202681,0.856694,0.873812,0.420106,0.188750,0.999934,0.000000,0.000000,0.858126
common_draws,c6_r150m,6,150.000000,446,0.130365,0.116898,0.882142,0.943509,0.630738,0.081444,0.019099,0.800000,0.763333,0.898496
common_draws,c6_r150m,6,150.000000,449,0.101063,0.113292,0.948958,0.943410,0.767547,0.079361,0.019756,0.866667,0.783333,0.910119
common_draws,c6_r150m,6,150.000000,447,0.163768,0.113633,0.718870,0.891446,0.625084,0.111583,0.109300,0.483333,0.776667,0.855546
common_draws,c6_r300m,6,300.000000,405,0.182746,0.177229,0.799533,0.833987,0.746241,0.184417,0.989394,0.000000,0.000000,0.835202
common_draws,c6_r300m,6,300.000000,407,0.174004,0.184563,0.882014,0.901243,0.515433,0.201278,1.160327,0.000000,0.000000,0.892707
common_draws,c6_r300m,6,300.000000,401,0.162052,0.192916,0.866125,0.823186,0.595951,0.177139,0.846292,0.016667,0.001667,0.846267
common_draws,c6_r300m,6,300.000000,400,0.186698,0.188892,0.837537,0.872733,0.654833,0.188194,0.995045,0.000000,0.000000,0.860881
common_draws,c6_r300m,6,300.000000,402,0.205061,0.181287,0.839173,0.885383,0.429232,0.189972,1.017392,0.000000,0.003333,0.852508
common_draws,c6_r300m,6,300.000000,413,0.180964,0.177488,0.882946,0.851642,0.482042,0.188222,1.012417,0.000000,0.001667,0.834480
common_draws,c6_r300m,6,300.000000,404,0.197019,0.179276,0.791230,0.862619,0.736271,0.189306,1.087848,0.000000,0.000000,0.858375
common_draws,c6_r300m,6,300.000000,406,0.169175,0.175333,0.854219,0.898338,0.393541,0.215750,1.366964,0.000000,0.005000,0.881184
common_draws,c6_r300m,6,300.000000,417,0.164401,0.184239,0.855401,0.842929,0.541864,0.185750,1.024398,0.000000,0.005000,0.841984
common_draws,c6_r300m,6,300.000000,408,0.177193,0.170085,0.870364,0.842755,0.851857,0.203556,1.192120,0.000000,0.000000,0.846351
common_draws,c6_r300m,6,300.000000,418,0.133620,0.175231,0.802168,0.839786,0.753712,0.147333,0.509364,0.000000,0.000000,0.829817
common_draws,c6_r300m,6,300.000000,409,0.203682,0.181401,0.896080,0.884132,0.825689,0.227556,1.502849,0.000000,0.001667,0.852464
common_draws,c6_r300m,6,300.000000,410,0.156335,0.173173,0.734997,0.868972,0.714364,0.200778,1.193499,0.000000,0.000000,0.849605
common_draws,c6_r300m,6,300.000000,411,0.121424,0.173951,0.832112,0.923860,0.560542,0.171111,0.800603,0.000000,0.000000,0.881227
common_draws,c6_r300m,6,300.000000,412,0.173906,0.183250,0.817210,0.868622,0.532796,0.204750,1.214734,0.000000,0.000000,0.862015
common_draws,c6_r300m,6,300.000000,414,0.156754,0.187170,0.877651,0.821287,0.437782,0.162250,0.671353,0.000000,0.000000,0.848347
common_draws,c6_r300m,6,300.000000,422,0.165863,0.179890,0.882722,0.825812,0.679484,0.212528,1.306067,0.000000,0.003333,0.848449
common_draws,c6_r300m,6,300.000000,415,0.154140,0.172218,0.862536,0.862890,0.856949,0.199639,1.111702,0.000000,0.006667,0.847577
common_draws,c6_r300m,6,300.000000,416,0.216700,0.169096,0.856108,0.864562,0.416732,0.182889,0.914874,0.000000,0.000000,0.852259
common_draws,c6_r300m,6,300.000000,425,0.193156,0.177813,0.891109,0.874847,0.682382,0.179167,0.899779,0.000000,0.003333,0.865450
common_draws,c6_r300m,6,300.000000,427,0.166906,0.187893,0.877418,0.860850,0.612839,0.169778,0.837771,0.000000,0.000000,0.876793
common_draws,c6_r300m,6,300.000000,419,0.190407,0.178260,0.796238,0.879325,0.752761,0.205000,1.247396,0.000000,0.003333,0.823716
common_draws,c6_r300m,6,300.000000,420,0.160914,0.192988,0.823989,0.875190,0.674561,0.189361,1.010242,0.000000,0.000000,0.877085
common_draws,c6_r300m,6,300.000000,421,0.199365,0.176264,0.752419,0.827301,0.689409,0.189111,1.015127,0.000000,0.000000,0.861719
common_draws,c6_r300m,6,300.000000,430,0.186818,0.186707,0.889050,0.864749,0.834569,0.210472,1.267628,0.000000,0.000000,0.855664
common_draws,c6_r300m,6,300.000000,423,0.201994,0.166887,0.822065,0.885354,0.477992,0.260639,1.921088,0.000000,0.000000,0.895428
common_draws,c6_r300m,6,300.000000,433,0.207677,0.189110,0.888336,0.858658,0.784321,0.217778,1.388741,0.000000,0.000000,0.865108
common_draws,c6_r300m,6,300.000000,424,0.196527,0.185970,0.825589,0.874554,0.599087,0.200611,1.152685,0.000000,0.001667,0.887345
common_draws,c6_r300m,6,300.000000,426,0.203999,0.187434,0.893578,0.864107,0.821399,0.215444,1.339680,0.000000,0.000000,0.873716
common_draws,c6_r300m,6,300.000000,437,0.183874,0.176169,0.874305,0.848212,0.765281,0.167444,0.764351,0.000000,0.000000,0.831341
common_draws,c6_r300m,6,300.000000,436,0.141110,0.176957,0.823444,0.906704,0.494229,0.184861,1.023890,0.000000,0.000000,0.859456
common_draws,c6_r300m,6,300.000000,428,0.173796,0.177519,0.894505,0.859197,0.587368,0.176222,0.865206,0.000000,0.000000,0.850947
common_draws,c6_r300m,6,300.000000,429,0.184897,0.182258,0.847164,0.816864,0.553068,0.224194,1.443224,0.000000,0.000000,0.843104
common_draws,c6_r300m,6,300.000000,431,0.192991,0.180392,0.860232,0.891612,0.741247,0.207194,1.224658,0.000000,0.001667,0.884245
common_draws,c6_r300m,6,300.000000,432,0.182015,0.189236,0.838835,0.846583,0.689230,0.181639,0.948386,0.016667,0.001667,0.828600
common_draws,c6_r300m,6,300.000000,441,0.171483,0.179565,0.874354,0.900446,0.413621,0.181389,0.962459,0.000000,0.000000,0.847999
common_draws,c6_r300m,6,300.000000,434,0.177657,0.160250,0.887895,0.849621,0.775899,0.179917,0.904641,0.000000,0.005000,0.836948
common_draws,c6_r300m,6,300.000000,435,0.188812,0.189552,0.770525,0.828154,0.806051,0.182139,0.926434,0.000000,0.001667,0.835271
common_draws,c6_r300m,6,300.000000,443,0.175469,0.191727,0.851546,0.879252,0.570738,0.197444,1.098502,0.000000,0.000000,0.874620
common_draws,c6_r300m,6,300.000000,446,0.159604,0.177579,0.853354,0.857323,0.781209,0.173861,0.825050,0.000000,0.001667,0.850658
common_draws,c6_r300m,6,300.000000,447,0.167550,0.181155,0.809189,0.906311,0.506655,0.160472,0.711769,0.000000,0.003333,0.890437
common_draws,c6_r300m,6,300.000000,438,0.186512,0.179294,0.885172,0.905413,0.435726,0.214528,1.284931,0.000000,0.003333,0.856131
common_draws,c6_r300m,6,300.000000,439,0.212781,0.180168,0.794425,0.849212,0.823921,0.183222,1.000639,0.000000,0.000000,0.830508
common_draws,c6_r300m,6,300.000000,440,0.155987,0.177672,0.790128,0.827962,0.717298,0.139889,0.408845,0.100000,0.010000,0.857349
common_draws,c6_r300m,6,300.000000,442,0.167799,0.165986,0.734148,0.885591,0.853800,0.219917,1.404116,0.000000,0.001667,0.851484
common_draws,c6_r600m,6,600.000000,402,0.216786,0.208564,0.702845,0.772173,0.808740,0.398500,3.607597,0.000000,0.000000,0.823711
common_draws,c6_r300m,6,300.000000,445,0.171063,0.179379,0.690517,0.902652,0.754296,0.225500,1.518697,0.000000,0.000000,0.883830
common_draws,c6_r300m,6,300.000000,444,0.168752,0.184254,0.829337,0.865062,0.761085,0.178167,0.871264,0.000000,0.000000,0.862742
common_draws,c6_r600m,6,600.000000,405,0.187728,0.215373,0.726491,0.885784,0.634020,0.390639,3.526917,0.000000,0.000000,0.849615
common_draws,c6_r300m,6,300.000000,448,0.185424,0.178651,0.702506,0.866221,0.640132,0.175528,0.858010,0.000000,0.001667,0.842400
common_draws,c6_r600m,6,600.000000,406,0.192011,0.219333,0.699788,0.817623,0.592629,0.412306,3.823788,0.000000,0.000000,0.747618
common_draws,c6_r300m,6,300.000000,449,0.157104,0.190794,0.823185,0.857473,0.541307,0.212028,1.307801,0.000000,0.000000,0.842968
common_draws,c6_r600m,6,600.000000,407,0.227909,0.214622,0.835256,0.862600,0.807205,0.334139,2.850115,0.000000,0.000000,0.833181
common_draws,c6_r600m,6,600.000000,400,0.260745,0.226007,0.750306,0.786357,0.441664,0.386333,3.416318,0.000000,0.000000,0.822454
common_draws,c6_r600m,6,600.000000,401,0.185533,0.167044,0.550712,0.825305,0.698529,0.430222,4.023543,0.000000,0.000000,0.819983
common_draws,c6_r600m,6,600.000000,403,0.259813,0.225000,0.901191,0.904879,0.659962,0.396361,3.580276,0.000000,0.000000,0.868017
common_draws,c6_r600m,6,600.000000,404,0.192015,0.209702,0.826883,0.780301,0.628220,0.362500,3.165822,0.000000,0.000000,0.840779
common_draws,c6_r600m,6,600.000000,412,0.218156,0.206743,0.686843,0.887479,0.622467,0.354750,3.015451,0.000000,0.000000,0.851709
common_draws,c6_r600m,6,600.000000,415,0.225974,0.233497,0.849521,0.807349,0.840314,0.408444,3.770185,0.000000,0.000000,0.779136
common_draws,c6_r600m,6,600.000000,417,0.202932,0.233438,0.814157,0.858843,0.818323,0.347917,2.998213,0.000000,0.000000,0.837393
common_draws,c6_r600m,6,600.000000,408,0.251013,0.217512,0.763689,0.869617,0.602906,0.365333,3.223426,0.000000,0.000000,0.780059
common_draws,c6_r600m,6,600.000000,419,0.218251,0.195511,0.683330,0.821209,0.503518,0.323056,2.794005,0.000000,0.000000,0.811824
common_draws,c6_r600m,6,600.000000,411,0.209154,0.206807,0.765431,0.858416,0.734484,0.422472,3.910327,0.000000,0.000000,0.823782
common_draws,c6_r600m,6,600.000000,410,0.185724,0.199266,0.795376,0.661135,0.838268,0.352889,3.070731,0.000000,0.000000,0.693986
common_draws,c6_r600m,6,600.000000,409,0.232881,0.215422,0.674175,0.891888,0.657851,0.423250,3.941149,0.000000,0.000000,0.863268
common_draws,c6_r600m,6,600.000000,420,0.184668,0.220528,0.799217,0.793209,0.703087,0.387833,3.477402,0.000000,0.000000,0.789579
common_draws,c6_r600m,6,600.000000,414,0.167581,0.179151,0.488095,0.870797,0.766149,0.424000,3.945906,0.000000,0.000000,0.851679
common_draws,c6_r600m,6,600.000000,416,0.257482,0.215956,0.826964,0.821765,0.605289,0.395639,3.599973,0.000000,0.000000,0.761228
common_draws,c6_r600m,6,600.000000,413,0.158318,0.205211,0.720083,0.799575,0.708612,0.326028,2.751148,0.000000,0.000000,0.816035
common_draws,c6_r600m,6,600.000000,418,0.260959,0.230639,0.761948,0.865357,0.568333,0.375528,3.334350,0.000000,0.000000,0.823645
common_draws,c6_r600m,6,600.000000,424,0.199699,0.200206,0.698133,0.837438,0.693111,0.395972,3.609428,0.000000,0.000000,0.818520
common_draws,c6_r600m,6,600.000000,426,0.215082,0.225333,0.845270,0.765999,0.572646,0.375361,3.306473,0.000000,0.000000,0.815718
common_draws,c6_r600m,6,600.000000,425,0.260530,0.220349,0.813095,0.853820,0.330570,0.363583,3.147594,0.000000,0.000000,0.861187
common_draws,c6_r600m,6,600.000000,423,0.176387,0.191914,0.661243,0.815583,0.574484,0.302722,2.446236,0.000000,0.000000,0.822882
common_draws,c6_r600m,6,600.000000,421,0.214451,0.214633,0.730502,0.866592,0.263797,0.413361,3.820414,0.000000,0.000000,0.828681
common_draws,c6_r600m,6,600.000000,427,0.224431,0.229981,0.806021,0.869371,0.674523,0.433167,4.038117,0.000000,0.000000,0.839484
common_draws,c6_r600m,6,600.000000,422,0.209003,0.211423,0.748636,0.856425,0.776872,0.420556,3.875283,0.000000,0.000000,0.817875
common_draws,c6_r600m,6,600.000000,428,0.221961,0.228405,0.812057,0.802752,0.717766,0.367306,3.219588,0.000000,0.000000,0.797754
common_draws,c6_r600m,6,600.000000,430,0.240874,0.234029,0.831725,0.804840,0.415195,0.356917,3.114971,0.000000,0.000000,0.706477
common_draws,c6_r600m,6,600.000000,437,0.220386,0.213742,0.755542,0.902798,0.708937,0.405000,3.691338,0.000000,0.000000,0.891392
common_draws,c6_r600m,6,600.000000,436,0.234882,0.224761,0.702799,0.883723,0.656244,0.401917,3.676444,0.000000,0.000000,0.843496
common_draws,c6_r600m,6,600.000000,438,0.198089,0.219099,0.732006,0.814463,0.710461,0.407167,3.689559,0.000000,0.000000,0.836131
common_draws,c6_r600m,6,600.000000,429,0.231625,0.226784,0.872859,0.777828,0.823726,0.364361,3.149341,0.000000,0.000000,0.762714
common_draws,c6_r600m,6,600.000000,440,0.230058,0.226076,0.721650,0.791123,0.345606,0.314389,2.573347,0.000000,0.000000,0.795254
common_draws,c6_r600m,6,600.000000,431,0.240891,0.245341,0.871349,0.856082,0.695230,0.347056,2.962473,0.000000,0.000000,0.811962
common_draws,c6_r600m,6,600.000000,432,0.235072,0.215837,0.756563,0.904182,0.635470,0.413222,3.771510,0.000000,0.000000,0.877356
common_draws,c6_r600m,6,600.000000,442,0.211414,0.200349,0.610546,0.829839,0.816160,0.409167,3.856000,0.000000,0.000000,0.758420
common_draws,c6_r600m,6,600.000000,434,0.224873,0.197915,0.745426,0.811627,0.731027,0.381000,3.447133,0.000000,0.000000,0.799326
common_draws,c6_r600m,6,600.000000,435,0.259235,0.222976,0.846359,0.796071,0.709571,0.425583,3.941861,0.000000,0.000000,0.814295
common_draws,c8_r15m,8,15.000000,400,0.090909,0.014416,0.196197,0.297300,0.730350,0.003917,0.001000,1.000000,1.000000,0.203187
common_draws,c6_r600m,6,600.000000,433,0.177392,0.206380,0.654487,0.811640,0.809151,0.452111,4.382497,0.000000,0.000000,0.821466
common_draws,c6_r600m,6,600.000000,439,0.199815,0.209473,0.795888,0.865182,0.651406,0.422472,3.903974,0.000000,0.000000,0.818097
common_draws,c6_r600m,6,600.000000,444,0.201591,0.227033,0.685865,0.864933,0.667748,0.423000,3.947434,0.000000,0.000000,0.860440
common_draws,c8_r15m,8,15.000000,403,0.000000,0.020000,0.199946,0.291937,0.432725,0.003139,0.001000,1.000000,1.000000,0.246853
common_draws,c6_r600m,6,600.000000,446,0.246852,0.208951,0.766097,0.790193,0.601567,0.397222,3.615468,0.000000,0.000000,0.716685
common_draws,c6_r600m,6,600.000000,447,0.198216,0.222197,0.798591,0.817431,0.760689,0.406528,3.688994,0.000000,0.000000,0.825936
common_draws,c8_r15m,8,15.000000,406,0.000000,-0.004630,0.287218,0.424466,0.323584,0.005778,0.001000,1.000000,1.000000,0.290445
common_draws,c6_r600m,6,600.000000,441,0.209411,0.196807,0.735095,0.712044,0.805148,0.403861,3.650325,0.000000,0.000000,0.686933
common_draws,c8_r15m,8,15.000000,401,0.000000,0.020000,0.598813,0.206087,0.823073,0.004444,0.001000,1.000000,1.000000,0.138778
common_draws,c8_r15m,8,15.000000,402,0.000000,0.010231,0.310182,0.615817,0.558235,0.006750,0.001000,1.000000,1.000000,0.241667
common_draws,c6_r600m,6,600.000000,448,0.209312,0.226372,0.773093,0.869214,0.778635,0.447694,4.221199,0.000000,0.000000,0.830702
common_draws,c8_r15m,8,15.000000,409,0.000000,-0.010526,0.144096,0.283073,0.495837,0.003000,0.001000,1.000000,1.000000,0.222499
common_draws,c8_r15m,8,15.000000,404,0.000000,-0.008667,0.518737,0.191658,0.714961,0.004750,0.001000,1.000000,1.000000,0.122615
common_draws,c8_r15m,8,15.000000,411,0.000000,-0.000368,0.158956,0.605681,0.660899,0.005083,0.001000,1.000000,1.000000,0.513415
common_draws,c8_r15m,8,15.000000,405,0.000000,0.018792,0.475243,0.360150,0.811367,0.005083,0.001000,1.000000,1.000000,0.357276
common_draws,c6_r600m,6,600.000000,443,0.217359,0.220311,0.735220,0.806448,0.714448,0.397333,3.611213,0.000000,0.000000,0.799777
common_draws,c8_r15m,8,15.000000,412,0.000000,-0.019771,0.386735,0.433506,0.470710,0.006194,0.001000,1.000000,1.000000,0.154298
common_draws,c8_r15m,8,15.000000,413,0.000000,-0.010526,0.349404,0.487329,0.611713,0.002972,0.001000,1.000000,1.000000,0.209524
common_draws,c8_r15m,8,15.000000,407,0.000000,-0.006566,0.270979,0.399272,0.726986,0.005250,0.001000,1.000000,1.000000,0.224439
common_draws,c8_r15m,8,15.000000,417,0.250000,0.025000,0.448696,0.413397,0.475421,0.004444,0.001000,1.000000,1.000000,0.238237
common_draws,c8_r15m,8,15.000000,408,-0.050000,-0.005000,0.286036,0.176111,0.566996,0.006639,0.001000,1.000000,1.000000,0.091099
common_draws,c8_r15m,8,15.000000,418,0.046620,0.029821,0.220569,0.404904,0.687041,0.007056,0.001000,1.000000,1.000000,0.225062
common_draws,c8_r15m,8,15.000000,410,0.000000,-0.005590,0.580003,0.292090,0.719252,0.004278,0.001000,1.000000,1.000000,0.081058
common_draws,c8_r15m,8,15.000000,420,0.125000,0.012500,0.260921,0.648561,0.830404,0.001417,0.001000,1.000000,1.000000,0.274621
common_draws,c6_r600m,6,600.000000,445,0.222132,0.215705,0.790940,0.872099,0.763244,0.392778,3.622001,0.000000,0.000000,0.845528
common_draws,c8_r15m,8,15.000000,423,0.000000,0.014120,0.711755,0.664073,0.763331,0.001917,0.001000,1.000000,1.000000,0.438055
common_draws,c8_r15m,8,15.000000,424,0.000000,0.010000,0.661554,0.491681,0.717218,0.002944,0.001000,1.000000,1.000000,0.107835
common_draws,c8_r15m,8,15.000000,414,0.000000,0.007692,0.192101,0.306492,0.654370,0.004917,0.001000,1.000000,1.000000,0.168897
common_draws,c8_r15m,8,15.000000,426,0.000000,-0.001389,0.387607,0.479286,0.780933,0.003972,0.001000,1.000000,1.000000,0.207598
common_draws,c8_r15m,8,15.000000,415,0.000000,0.011111,0.204907,0.291145,0.629319,0.001639,0.001000,1.000000,1.000000,0.099286
common_draws,c8_r15m,8,15.000000,416,0.000000,0.007083,0.507727,0.363077,0.682602,0.008556,0.001000,1.000000,1.000000,0.177451
common_draws,c6_r600m,6,600.000000,449,0.230416,0.222810,0.844964,0.816015,0.452018,0.394222,3.656984,0.000000,0.000000,0.830851
common_draws,c8_r15m,8,15.000000,428,0.000000,0.000000,0.492756,0.484066,0.773843,0.005833,0.001000,1.000000,1.000000,0.078462
common_draws,c8_r15m,8,15.000000,430,0.000000,0.010000,0.401818,0.422681,0.587767,0.003556,0.001000,1.000000,1.000000,0.102450
common_draws,c8_r15m,8,15.000000,419,0.000000,0.000000,0.419823,0.404555,0.774622,0.003583,0.001000,1.000000,1.000000,0.288528
common_draws,c8_r15m,8,15.000000,421,0.000000,0.000000,0.286009,0.437250,0.714522,0.002444,0.001000,1.000000,1.000000,0.050000
common_draws,c8_r15m,8,15.000000,432,0.000000,0.000000,0.451573,0.503557,0.619451,0.003694,0.001000,1.000000,1.000000,0.039130
common_draws,c8_r15m,8,15.000000,433,0.000000,0.015833,0.563087,0.306319,0.228530,0.006000,0.001000,1.000000,1.000000,0.207204
common_draws,c8_r15m,8,15.000000,422,0.076923,0.050348,0.493364,0.487329,0.562714,0.005972,0.001000,1.000000,1.000000,0.471316
common_draws,c8_r15m,8,15.000000,435,0.000000,0.012132,0.527715,0.420022,0.638334,0.002944,0.001000,1.000000,1.000000,0.179396
common_draws,c8_r15m,8,15.000000,425,0.038462,-0.006154,0.405071,0.400217,0.669880,0.007500,0.001000,1.000000,1.000000,0.278180
common_draws,c8_r15m,8,15.000000,439,0.000000,0.007826,0.721882,0.281074,0.773200,0.004306,0.001000,1.000000,1.000000,0.139630
common_draws,c8_r15m,8,15.000000,427,0.000000,0.000000,0.277817,0.793739,0.264924,0.005361,0.001000,1.000000,1.000000,0.253801
common_draws,c8_r15m,8,15.000000,440,0.153846,0.040944,0.340358,0.598245,0.475722,0.005056,0.001000,1.000000,1.000000,0.247257
common_draws,c8_r15m,8,15.000000,429,0.000000,0.000000,0.199875,0.583311,0.561197,0.005417,0.001000,1.000000,1.000000,0.046154
common_draws,c8_r15m,8,15.000000,443,0.000000,0.000000,0.362344,0.401911,0.762512,0.004694,0.001000,1.000000,1.000000,0.369367
common_draws,c8_r15m,8,15.000000,431,0.000000,-0.011111,0.586193,0.277215,0.311728,0.003444,0.001000,1.000000,1.000000,0.010000
common_draws,c8_r15m,8,15.000000,444,0.000000,0.015385,0.207875,0.305127,0.406988,0.002028,0.001000,1.000000,1.000000,0.116935
common_draws,c8_r15m,8,15.000000,446,0.000000,0.016667,0.326565,0.184126,0.702861,0.003944,0.001000,1.000000,1.000000,0.082035
common_draws,c8_r15m,8,15.000000,436,0.000000,0.000000,0.583869,0.448022,0.401090,0.003417,0.001000,1.000000,1.000000,0.181818
common_draws,c8_r15m,8,15.000000,434,0.000000,-0.004376,0.242193,0.293631,0.353045,0.005083,0.001000,1.000000,1.000000,0.133389
common_draws,c8_r15m,8,15.000000,437,0.000000,0.012500,0.285297,0.456975,0.707835,0.005333,0.001000,1.000000,1.000000,0.178571
common_draws,c8_r15m,8,15.000000,448,0.000000,-0.005556,0.372751,0.309624,0.829521,0.004472,0.001000,1.000000,1.000000,0.152489
common_draws,c8_r15m,8,15.000000,438,0.000000,-0.000987,0.544274,0.446353,0.527310,0.003389,0.001000,1.000000,1.000000,0.219704
common_draws,c8_r37.5m,8,37.500000,400,0.086791,0.025902,0.344729,0.126525,0.688949,0.009056,0.001000,1.000000,1.000000,0.149330
common_draws,c8_r15m,8,15.000000,441,0.000000,-0.010061,0.260594,0.181603,0.633618,0.005583,0.001000,1.000000,1.000000,0.182728
common_draws,c8_r37.5m,8,37.500000,402,0.055784,0.019602,0.455033,0.279890,0.461398,0.009889,0.001000,1.000000,1.000000,0.314904
common_draws,c8_r37.5m,8,37.500000,404,0.045108,0.041896,0.276147,0.416866,0.452370,0.002417,0.001000,1.000000,1.000000,0.383972
common_draws,c8_r15m,8,15.000000,442,0.000000,0.015383,0.359746,0.315312,0.688133,0.002944,0.001000,1.000000,1.000000,0.161370
common_draws,c8_r15m,8,15.000000,445,0.000000,-0.018182,0.563517,0.187192,0.683215,0.004583,0.001000,1.000000,1.000000,0.072090
common_draws,c8_r37.5m,8,37.500000,405,0.056482,0.042115,0.419799,0.395968,0.583281,0.019389,0.001000,1.000000,1.000000,0.378131
common_draws,c8_r15m,8,15.000000,447,0.000000,-0.003030,0.528479,0.435912,0.664167,0.002194,0.001000,1.000000,1.000000,0.044073
common_draws,c8_r37.5m,8,37.500000,409,0.043571,0.036185,0.249874,0.376166,0.490810,0.010861,0.001000,1.000000,1.000000,0.401615
common_draws,c8_r15m,8,15.000000,449,0.111111,0.042937,0.608083,0.422705,0.721621,0.006083,0.001000,1.000000,1.000000,0.360700
common_draws,c8_r37.5m,8,37.500000,411,0.052778,0.040661,0.473003,0.563587,0.646343,0.017167,0.001000,1.000000,1.000000,0.415011
common_draws,c8_r37.5m,8,37.500000,413,0.011172,0.010685,0.246887,0.295122,0.529420,0.017944,0.001000,1.000000,1.000000,0.313241
common_draws,c8_r37.5m,8,37.500000,414,0.055556,0.032723,0.279526,0.330673,0.395015,0.007306,0.001000,1.000000,1.000000,0.337575
common_draws,c8_r37.5m,8,37.500000,401,0.046032,0.032970,0.373236,0.351966,0.617117,0.012361,0.001000,1.000000,1.000000,0.375894
common_draws,c8_r37.5m,8,37.500000,403,0.089962,0.033924,0.560958,0.523315,0.783690,0.006278,0.001000,1.000000,1.000000,0.552802
common_draws,c8_r37.5m,8,37.500000,417,-0.006576,0.010315,0.128951,0.727848,0.794130,0.006556,0.001000,1.000000,1.000000,0.657214
common_draws,c8_r37.5m,8,37.500000,419,0.017857,0.050794,0.604184,0.532493,0.460737,0.003944,0.001000,1.000000,1.000000,0.503935
common_draws,c8_r37.5m,8,37.500000,406,0.026891,0.031541,0.299003,0.238820,0.790460,0.010861,0.001000,1.000000,1.000000,0.298149
common_draws,c8_r37.5m,8,37.500000,408,-0.007749,0.008750,0.449551,0.280386,0.770505,0.011167,0.001000,1.000000,1.000000,0.255371
common_draws,c8_r37.5m,8,37.500000,407,0.024598,0.024352,0.362628,0.313076,0.667202,0.016389,0.001000,1.000000,1.000000,0.376308
common_draws,c8_r37.5m,8,37.500000,421,0.085649,0.035938,0.370699,0.729808,0.416951,0.004778,0.001000,1.000000,1.000000,0.598515
common_draws,c8_r37.5m,8,37.500000,410,0.083005,0.033623,0.364951,0.393970,0.533361,0.013750,0.001000,1.000000,1.000000,0.433232
common_draws,c8_r37.5m,8,37.500000,422,0.019406,0.018883,0.200276,0.484972,0.508197,0.005778,0.001000,1.000000,1.000000,0.482067
common_draws,c8_r37.5m,8,37.500000,412,0.049302,0.038610,0.453110,0.582868,0.786049,0.010833,0.001000,1.000000,1.000000,0.529937
common_draws,c8_r37.5m,8,37.500000,423,-0.016300,0.023078,0.150671,0.392142,0.370181,0.008250,0.001000,1.000000,1.000000,0.459815
common_draws,c8_r37.5m,8,37.500000,415,0.037984,0.019877,0.228387,0.574380,0.540845,0.017833,0.001000,1.000000,1.000000,0.540120
common_draws,c8_r37.5m,8,37.500000,416,0.024904,0.015313,0.328154,0.193427,0.688189,0.013778,0.001000,1.000000,1.000000,0.231117
common_draws,c8_r37.5m,8,37.500000,426,0.022711,0.016109,0.454371,0.500052,0.600331,0.004444,0.001000,1.000000,1.000000,0.331435
common_draws,c8_r37.5m,8,37.500000,418,0.033855,0.047656,0.552986,0.553806,0.618303,0.015694,0.001000,1.000000,1.000000,0.683030
common_draws,c8_r37.5m,8,37.500000,427,0.006984,0.021846,0.201579,0.306976,0.837136,0.006583,0.001000,1.000000,1.000000,0.293282
common_draws,c8_r37.5m,8,37.500000,431,0.007709,0.031502,0.414721,0.337585,0.607264,0.009222,0.001000,1.000000,1.000000,0.312824
common_draws,c8_r37.5m,8,37.500000,420,0.066215,0.049056,0.338409,0.450042,0.596250,0.008694,0.001000,1.000000,1.000000,0.384295
common_draws,c8_r37.5m,8,37.500000,433,-0.015672,0.022286,0.364801,0.602715,0.305379,0.007028,0.001000,1.000000,1.000000,0.433334
common_draws,c8_r37.5m,8,37.500000,435,0.027904,0.042921,0.454028,0.195538,0.533815,0.011778,0.001000,1.000000,1.000000,0.247808
common_draws,c8_r37.5m,8,37.500000,425,-0.001291,0.022238,0.214146,0.314512,0.577728,0.008167,0.001000,1.000000,1.000000,0.321204
common_draws,c8_r37.5m,8,37.500000,424,0.047017,0.029733,0.259920,0.518075,0.742291,0.012861,0.001000,1.000000,1.000000,0.440452
common_draws,c8_r37.5m,8,37.500000,438,0.005543,0.012181,0.183209,0.541314,0.628308,0.018889,0.001000,1.000000,1.000000,0.542418
common_draws,c8_r37.5m,8,37.500000,440,0.000273,0.016076,0.251102,0.524855,0.768570,0.019250,0.001000,1.000000,1.000000,0.480293
common_draws,c8_r37.5m,8,37.500000,441,-0.011121,0.025534,0.346551,0.357746,0.653731,0.006361,0.001000,1.000000,1.000000,0.371197
common_draws,c8_r37.5m,8,37.500000,429,0.062739,0.036096,0.348600,0.250144,0.663383,0.005750,0.001000,1.000000,1.000000,0.332160
common_draws,c8_r37.5m,8,37.500000,428,-0.009346,0.056178,0.513404,0.482493,0.530778,0.005917,0.001000,1.000000,1.000000,0.545462
common_draws,c8_r37.5m,8,37.500000,430,0.082348,0.042691,0.491346,0.373433,0.636010,0.003278,0.001000,1.000000,1.000000,0.397936
common_draws,c8_r37.5m,8,37.500000,432,0.087826,0.040580,0.314922,0.430328,0.363823,0.005528,0.001000,1.000000,1.000000,0.306946
common_draws,c8_r37.5m,8,37.500000,443,0.051458,0.036498,0.763840,0.474695,0.592084,0.020194,0.001000,1.000000,1.000000,0.369297
common_draws,c8_r37.5m,8,37.500000,444,0.006853,0.030927,0.299107,0.218775,0.826101,0.010389,0.001000,1.000000,1.000000,0.311476
common_draws,c8_r37.5m,8,37.500000,434,0.067477,0.035528,0.461997,0.583871,0.639723,0.016333,0.001000,1.000000,1.000000,0.571863
common_draws,c8_r37.5m,8,37.500000,436,0.044320,0.014848,0.266598,0.192442,0.631912,0.011000,0.001000,1.000000,1.000000,0.178032
common_draws,c8_r37.5m,8,37.500000,447,0.064098,0.042270,0.530596,0.346328,0.644085,0.015556,0.001000,1.000000,1.000000,0.334185
common_draws,c8_r37.5m,8,37.500000,437,0.051100,0.041928,0.348537,0.359528,0.258438,0.015972,0.001000,1.000000,1.000000,0.331444
common_draws,c8_r37.5m,8,37.500000,448,0.038157,0.053060,0.494882,0.445422,0.602332,0.014778,0.001000,1.000000,1.000000,0.321521
common_draws,c8_r37.5m,8,37.500000,439,-0.005952,0.021425,0.287588,0.409788,0.566278,0.008111,0.001000,1.000000,1.000000,0.527817
common_draws,c8_r37.5m,8,37.500000,449,0.027009,0.014011,0.222649,0.666708,0.517744,0.021222,0.001000,1.000000,1.000000,0.666817
common_draws,c8_r37.5m,8,37.500000,442,0.024420,0.022518,0.284549,0.299800,0.730443,0.008639,0.001000,1.000000,1.000000,0.282232
common_draws,c8_r75m,8,75.000000,404,0.020344,0.040894,0.421920,0.658036,0.619013,0.013528,0.001000,1.000000,1.000000,0.711930
common_draws,c8_r75m,8,75.000000,405,0.085220,0.041574,0.267375,0.168861,0.274292,0.013472,0.001000,1.000000,1.000000,0.255972
common_draws,c8_r37.5m,8,37.500000,445,-0.010602,0.028583,0.218416,0.746773,0.654604,0.012500,0.001000,1.000000,1.000000,0.810378
common_draws,c8_r37.5m,8,37.500000,446,0.020922,0.036817,0.394571,0.450197,0.309432,0.006750,0.001000,1.000000,1.000000,0.561725
common_draws,c8_r75m,8,75.000000,408,0.066923,0.062070,0.567362,0.338352,0.668000,0.032417,0.001000,1.000000,1.000000,0.422429
common_draws,c8_r75m,8,75.000000,410,0.053922,0.043199,0.538122,0.368547,0.653378,0.035444,0.001000,1.000000,1.000000,0.328529
common_draws,c8_r75m,8,75.000000,412,0.041484,0.046495,0.449276,0.298537,0.668694,0.034250,0.001000,1.000000,1.000000,0.275055
common_draws,c8_r75m,8,75.000000,401,0.006402,0.049661,0.252513,0.484522,0.366014,0.018917,0.001000,1.000000,1.000000,0.490491
common_draws,c8_r75m,8,75.000000,400,0.034511,0.037335,0.410923,0.629504,0.426494,0.014250,0.001000,1.000000,1.000000,0.630508
common_draws,c8_r75m,8,75.000000,402,0.067685,0.039255,0.272962,0.267507,0.256438,0.013917,0.001000,1.000000,1.000000,0.344422
common_draws,c8_r75m,8,75.000000,403,0.028906,0.036572,0.307794,0.376287,0.445093,0.018694,0.001000,1.000000,1.000000,0.384345
common_draws,c8_r75m,8,75.000000,415,0.023964,0.029518,0.335640,0.327965,0.738714,0.008194,0.001000,1.000000,1.000000,0.266399
common_draws,c8_r75m,8,75.000000,414,0.054474,0.053843,0.356490,0.442022,0.705832,0.032917,0.001000,1.000000,1.000000,0.450178
common_draws,c8_r75m,8,75.000000,406,0.047125,0.028924,0.313068,0.529844,0.671586,0.043222,0.001000,1.000000,1.000000,0.553167
common_draws,c8_r75m,8,75.000000,407,0.005209,0.052869,0.327567,0.250171,0.528438,0.020694,0.001000,1.000000,1.000000,0.209557
common_draws,c8_r75m,8,75.000000,418,0.063758,0.056178,0.386906,0.431695,0.554825,0.022083,0.001000,1.000000,1.000000,0.437485
common_draws,c8_r75m,8,75.000000,409,0.095551,0.052714,0.489934,0.308485,0.687511,0.029667,0.001000,1.000000,1.000000,0.282514
common_draws,c8_r75m,8,75.000000,419,0.070211,0.057174,0.399399,0.533989,0.439125,0.011639,0.001000,1.000000,0.998333,0.551565
common_draws,c8_r75m,8,75.000000,420,0.038160,0.042682,0.518116,0.243158,0.606484,0.028722,0.001000,1.000000,1.000000,0.298750
common_draws,c8_r75m,8,75.000000,411,0.038282,0.030499,0.219386,0.415498,0.489564,0.014222,0.001000,1.000000,1.000000,0.261225
common_draws,c8_r75m,8,75.000000,413,0.041031,0.052261,0.442556,0.243869,0.680621,0.013250,0.001000,1.000000,1.000000,0.398187
common_draws,c8_r75m,8,75.000000,425,0.029835,0.023266,0.435564,0.487007,0.605313,0.019111,0.001000,1.000000,1.000000,0.614090
common_draws,c8_r75m,8,75.000000,416,0.054296,0.044090,0.482492,0.529563,0.753337,0.019806,0.001000,1.000000,1.000000,0.599050
common_draws,c8_r75m,8,75.000000,417,0.032202,0.046802,0.286210,0.335130,0.725452,0.020500,0.001000,1.000000,1.000000,0.308209
common_draws,c8_r75m,8,75.000000,429,0.048197,0.032126,0.232893,0.526144,0.603170,0.029861,0.001000,1.000000,1.000000,0.571088
common_draws,c8_r75m,8,75.000000,426,0.030585,0.023048,0.232316,0.433568,0.754220,0.024583,0.001000,1.000000,1.000000,0.264785
common_draws,c8_r75m,8,75.000000,432,0.038658,0.029895,0.340652,0.299706,0.610737,0.024778,0.001000,1.000000,1.000000,0.294258
common_draws,c8_r75m,8,75.000000,431,0.053591,0.061446,0.639483,0.729127,0.316356,0.052417,0.001000,1.000000,1.000000,0.729508
common_draws,c8_r75m,8,75.000000,421,-0.002928,0.022034,0.161091,0.464496,0.525678,0.026000,0.001000,1.000000,1.000000,0.308433
common_draws,c8_r75m,8,75.000000,422,0.054903,0.052187,0.466557,0.400118,0.381353,0.031139,0.001000,1.000000,1.000000,0.384386
common_draws,c8_r75m,8,75.000000,435,0.034871,0.025716,0.152154,0.341189,0.330575,0.035056,0.001000,1.000000,1.000000,0.285380
common_draws,c8_r75m,8,75.000000,424,0.063352,0.032625,0.400741,0.705499,0.671949,0.026222,0.001000,1.000000,1.000000,0.746273
common_draws,c8_r75m,8,75.000000,423,0.055874,0.040374,0.363645,0.516444,0.558749,0.022806,0.001000,1.000000,1.000000,0.396030
common_draws,c8_r75m,8,75.000000,427,0.001643,0.019639,0.292885,0.423047,0.712510,0.015528,0.001000,1.000000,1.000000,0.210518
common_draws,c8_r75m,8,75.000000,428,0.059952,0.077156,0.658463,0.562245,0.325188,0.024389,0.001000,1.000000,1.000000,0.631862
common_draws,c8_r75m,8,75.000000,438,0.016350,0.030427,0.299279,0.522431,0.644034,0.027889,0.001000,1.000000,1.000000,0.416359
common_draws,c8_r75m,8,75.000000,430,0.048927,0.024941,0.360114,0.405231,0.845157,0.024028,0.001000,1.000000,1.000000,0.301598
common_draws,c8_r75m,8,75.000000,440,0.050955,0.053979,0.350437,0.388805,0.620330,0.017056,0.001000,1.000000,1.000000,0.234823
common_draws,c8_r75m,8,75.000000,439,0.102078,0.058929,0.498867,0.357294,0.656809,0.011444,0.001000,1.000000,1.000000,0.411287
common_draws,c8_r75m,8,75.000000,441,0.019987,0.033570,0.249008,0.269788,0.681142,0.036972,0.001000,1.000000,1.000000,0.253293
common_draws,c8_r75m,8,75.000000,433,0.028061,0.031463,0.183620,0.525635,0.530658,0.011806,0.001000,1.000000,1.000000,0.488317
common_draws,c8_r75m,8,75.000000,444,0.030249,0.033161,0.267748,0.495098,0.587687,0.028222,0.001000,1.000000,1.000000,0.446591
common_draws,c8_r75m,8,75.000000,434,0.032096,0.037439,0.369496,0.305952,0.512616,0.030583,0.001000,1.000000,1.000000,0.273991
common_draws,c8_r75m,8,75.000000,436,0.051400,0.049807,0.529688,0.298061,0.712601,0.020750,0.001000,1.000000,1.000000,0.203779
common_draws,c8_r75m,8,75.000000,449,0.043140,0.041409,0.388112,0.422912,0.752992,0.010972,0.001000,1.000000,1.000000,0.468085
common_draws,c8_r75m,8,75.000000,437,0.022290,0.020079,0.151056,0.156250,0.452900,0.041556,0.001000,1.000000,1.000000,0.160321
common_draws,c8_r75m,8,75.000000,442,0.011956,0.029419,0.293258,0.208503,0.937059,0.018167,0.001000,1.000000,1.000000,0.206784
common_draws,c8_r75m,8,75.000000,443,0.042472,0.031470,0.237962,0.505692,0.797463,0.018611,0.001000,1.000000,1.000000,0.401285
common_draws,c8_r75m,8,75.000000,445,0.047062,0.038600,0.331192,0.388021,0.285773,0.028472,0.001000,1.000000,1.000000,0.476030
common_draws,c8_r75m,8,75.000000,446,0.024433,0.034815,0.353421,0.300132,0.814020,0.027889,0.001000,1.000000,1.000000,0.340288
common_draws,c8_r150m,8,150.000000,401,0.128081,0.124990,0.875797,0.905243,0.784666,0.144639,0.470282,0.033333,0.236667,0.850093
common_draws,c8_r75m,8,75.000000,447,0.043707,0.036396,0.490855,0.374266,0.690759,0.019361,0.001000,1.000000,1.000000,0.380128
common_draws,c8_r75m,8,75.000000,448,0.044991,0.048257,0.277257,0.284355,0.472248,0.017444,0.001000,1.000000,1.000000,0.273587
common_draws,c8_r150m,8,150.000000,402,0.117605,0.127539,0.879454,0.930870,0.422543,0.112694,0.126712,0.416667,0.356667,0.898548
common_draws,c8_r150m,8,150.000000,405,0.102289,0.110464,0.922542,0.914513,0.840626,0.116611,0.119563,0.416667,0.353333,0.883338
common_draws,c8_r150m,8,150.000000,403,0.121071,0.115684,0.931466,0.903828,0.443492,0.119722,0.176075,0.233333,0.350000,0.892414
common_draws,c8_r150m,8,150.000000,408,0.149668,0.122865,0.900595,0.918236,0.690500,0.137556,0.388979,0.083333,0.381667,0.895970
common_draws,c8_r150m,8,150.000000,406,0.122319,0.112813,0.895682,0.888758,0.788606,0.115611,0.160830,0.283333,0.311667,0.877034
common_draws,c8_r150m,8,150.000000,414,0.111908,0.113197,0.897322,0.883331,0.583064,0.101500,0.051500,0.616667,0.413333,0.884819
common_draws,c8_r150m,8,150.000000,400,0.104872,0.106333,0.879183,0.935336,0.630258,0.107750,0.097896,0.433333,0.340000,0.890350
common_draws,c8_r150m,8,150.000000,404,0.078798,0.113332,0.916778,0.893048,0.703248,0.102000,0.044836,0.566667,0.298333,0.885481
common_draws,c8_r150m,8,150.000000,418,0.103386,0.115168,0.918344,0.863750,0.414517,0.101500,0.083546,0.500000,0.373333,0.883982
common_draws,c8_r150m,8,150.000000,417,0.087286,0.106424,0.945284,0.925130,0.686337,0.091417,0.040677,0.716667,0.478333,0.910596
common_draws,c8_r150m,8,150.000000,407,0.092547,0.118503,0.947435,0.921141,0.719290,0.106944,0.116583,0.416667,0.288333,0.906210
common_draws,c8_r150m,8,150.000000,409,0.105571,0.105637,0.873802,0.936844,0.902737,0.126222,0.239662,0.150000,0.345000,0.922706
common_draws,c8_r150m,8,150.000000,420,0.128460,0.114699,0.879239,0.909559,0.765224,0.136667,0.358749,0.066667,0.278333,0.880438
common_draws,c8_r150m,8,150.000000,421,0.139657,0.118604,0.891379,0.885271,0.671187,0.118083,0.147825,0.233333,0.308333,0.893640
common_draws,c8_r150m,8,150.000000,410,0.111850,0.104997,0.837249,0.890921,0.764840,0.121972,0.208418,0.316667,0.366667,0.912137
common_draws,c8_r150m,8,150.000000,411,0.108133,0.112644,0.859837,0.883105,0.717338,0.111556,0.144993,0.316667,0.291667,0.872493
common_draws,c8_r150m,8,150.000000,412,0.090136,0.101352,0.923438,0.894211,0.755632,0.102833,0.056011,0.683333,0.413333,0.898861
common_draws,c8_r150m,8,150.000000,413,0.138602,0.122024,0.873507,0.921690,0.578333,0.110611,0.189549,0.233333,0.330000,0.885706
common_draws,c8_r150m,8,150.000000,415,0.110787,0.120678,0.918089,0.896872,0.793249,0.131222,0.268680,0.133333,0.320000,0.913316
common_draws,c8_r150m,8,150.000000,422,0.142120,0.124573,0.886355,0.897212,0.486065,0.120000,0.176254,0.183333,0.278333,0.904059
common_draws,c8_r150m,8,150.000000,416,0.148269,0.115848,0.863295,0.907803,0.517929,0.125972,0.261941,0.133333,0.250000,0.878246
common_draws,c8_r150m,8,150.000000,425,0.107595,0.112875,0.908749,0.890599,0.715980,0.112611,0.154940,0.333333,0.338333,0.880332
common_draws,c8_r150m,8,150.000000,426,0.111388,0.117513,0.897804,0.926950,0.564779,0.119667,0.213606,0.250000,0.383333,0.911397
common_draws,c8_r150m,8,150.000000,419,0.115982,0.100282,0.887694,0.833194,0.826394,0.104278,0.045648,0.683333,0.465000,0.877818
common_draws,c8_r150m,8,150.000000,429,0.109916,0.120675,0.862443,0.896031,0.547994,0.128444,0.258012,0.166667,0.263333,0.878289
common_draws,c8_r150m,8,150.000000,430,0.133899,0.123981,0.869748,0.910441,0.474606,0.137167,0.362884,0.100000,0.280000,0.910733
common_draws,c8_r150m,8,150.000000,436,0.131991,0.108682,0.930034,0.911074,0.892442,0.098111,0.099979,0.366667,0.363333,0.906353
common_draws,c8_r150m,8,150.000000,423,0.108955,0.121069,0.907238,0.915347,0.724110,0.104500,0.109172,0.400000,0.343333,0.902723
common_draws,c8_r150m,8,150.000000,424,0.116254,0.105126,0.932627,0.937322,0.737722,0.110222,0.124829,0.416667,0.450000,0.918159
common_draws,c8_r150m,8,150.000000,439,0.086611,0.107902,0.901399,0.910805,0.745702,0.109972,0.090657,0.483333,0.318333,0.894341
common_draws,c8_r150m,8,150.000000,438,0.132655,0.109738,0.898119,0.916929,0.755221,0.131500,0.329995,0.166667,0.358333,0.921684
common_draws,c8_r150m,8,150.000000,427,0.118386,0.119856,0.942388,0.905282,0.630743,0.115944,0.153859,0.333333,0.340000,0.900446
common_draws,c8_r150m,8,150.000000,441,0.099832,0.102650,0.918154,0.907702,0.600965,0.101778,0.060521,0.583333,0.425000,0.903588
common_draws,c8_r150m,8,150.000000,428,0.188023,0.114961,0.952262,0.916895,0.778591,0.172389,0.810061,0.000000,0.351667,0.891124
common_draws,c8_r150m,8,150.000000,442,0.107418,0.111791,0.890902,0.853102,0.753085,0.130556,0.286093,0.150000,0.340000,0.865491
common_draws,c8_r150m,8,150.000000,431,0.127889,0.125490,0.881419,0.917524,0.593270,0.114167,0.202262,0.250000,0.238333,0.905719
common_draws,c8_r150m,8,150.000000,432,0.122958,0.106777,0.907670,0.916892,0.564647,0.116806,0.183449,0.266667,0.390000,0.893283
common_draws,c8_r150m,8,150.000000,434,0.181037,0.120810,0.956143,0.905113,0.595602,0.126361,0.310335,0.100000,0.336667,0.866080
common_draws,c8_r150m,8,150.000000,433,0.091552,0.109753,0.913133,0.905864,0.479694,0.099944,0.038399,0.716667,0.313333,0.890588
common_draws,c8_r150m,8,150.000000,435,0.131466,0.124995,0.860664,0.897250,0.710471,0.108139,0.105303,0.483333,0.301667,0.904197
common_draws,c8_r150m,8,150.000000,443,0.108085,0.129908,0.856393,0.904101,0.712761,0.123917,0.229494,0.183333,0.171667,0.883538
common_draws,c8_r150m,8,150.000000,437,0.113172,0.124580,0.851867,0.913471,0.764346,0.116111,0.185962,0.300000,0.273333,0.895421
common_draws,c8_r150m,8,150.000000,447,0.111815,0.111682,0.840343,0.892631,0.766735,0.097083,0.042027,0.733333,0.456667,0.896965
common_draws,c8_r150m,8,150.000000,446,0.124806,0.112527,0.909373,0.884608,0.720697,0.123306,0.235769,0.183333,0.385000,0.893099
common_draws,c8_r150m,8,150.000000,449,0.166686,0.124866,0.916385,0.928009,0.476176,0.134333,0.318863,0.116667,0.380000,0.880867
common_draws,c8_r150m,8,150.000000,440,0.102951,0.114293,0.923861,0.941439,0.603420,0.118083,0.157037,0.283333,0.405000,0.896822
common_draws,c8_r300m,8,300.000000,401,0.134296,0.157065,0.692366,0.847457,0.798734,0.207056,1.274478,0.000000,0.000000,0.801661
common_draws,c8_r150m,8,150.000000,444,0.110666,0.122450,0.900793,0.912856,0.457553,0.096361,0.041189,0.716667,0.313333,0.898823
common_draws,c8_r150m,8,150.000000,445,0.109800,0.116799,0.929094,0.880117,0.678724,0.101778,0.058857,0.600000,0.313333,0.890468
common_draws,c8_r300m,8,300.000000,407,0.170925,0.173741,0.847520,0.859052,0.501909,0.250111,1.764957,0.000000,0.000000,0.850971
common_draws,c8_r150m,8,150.000000,448,0.127848,0.116547,0.899510,0.891890,0.486918,0.118583,0.169984,0.200000,0.360000,0.905196
common_draws,c8_r300m,8,300.000000,409,0.157100,0.185066,0.878517,0.921328,0.531898,0.206972,1.306319,0.000000,0.000000,0.842083
common_draws,c8_r300m,8,300.000000,410,0.184879,0.178651,0.843613,0.865014,0.738115,0.236417,1.596350,0.000000,0.000000,0.846437
common_draws,c8_r300m,8,300.000000,411,0.143472,0.169165,0.791019,0.909792,0.821168,0.223694,1.434620,0.000000,0.000000,0.841507
common_draws,c8_r300m,8,300.000000,400,0.157714,0.164491,0.825743,0.824108,0.712378,0.256806,1.860635,0.000000,0.000000,0.845798
common_draws,c8_r300m,8,300.000000,413,0.132822,0.166058,0.747304,0.835128,0.475808,0.203917,1.237309,0.000000,0.000000,0.824799
common_draws,c8_r300m,8,300.000000,403,0.148426,0.191388,0.856428,0.877972,0.872886,0.191778,1.018481,0.000000,0.000000,0.820039
common_draws,c8_r300m,8,300.000000,402,0.158964,0.185831,0.876223,0.879229,0.647346,0.215222,1.313480,0.000000,0.000000,0.837947
common_draws,c8_r300m,8,300.000000,404,0.169317,0.170540,0.891894,0.860402,0.731241,0.232778,1.547054,0.000000,0.000000,0.826130
common_draws,c8_r300m,8,300.000000,405,0.157850,0.162628,0.816353,0.889386,0.642717,0.266083,1.951726,0.000000,0.000000,0.826071
common_draws,c8_r300m,8,300.000000,406,0.161161,0.173556,0.807642,0.863823,0.555926,0.228361,1.517882,0.000000,0.000000,0.852836
common_draws,c8_r300m,8,300.000000,416,0.156600,0.165960,0.823788,0.805594,0.635183,0.245417,1.739259,0.000000,0.000000,0.810631
common_draws,c8_r300m,8,300.000000,408,0.133255,0.169573,0.831517,0.882608,0.757053,0.229583,1.539934,0.000000,0.000000,0.825712
common_draws,c8_r300m,8,300.000000,418,0.182518,0.173189,0.837684,0.867017,0.340754,0.246444,1.690966,0.000000,0.000000,0.866069
common_draws,c8_r300m,8,300.000000,419,0.181264,0.163158,0.765149,0.849702,0.636056,0.258889,1.878162,0.000000,0.000000,0.813412
common_draws,c8_r300m,8,300.000000,420,0.133063,0.187412,0.874095,0.837011,0.523371,0.220139,1.414424,0.000000,0.000000,0.767290
common_draws,c8_r300m,8,300.000000,412,0.213341,0.169845,0.804411,0.854612,0.631102,0.279444,2.160306,0.000000,0.000000,0.814458
common_draws,c8_r300m,8,300.000000,422,0.143994,0.166206,0.771797,0.889167,0.656683,0.216194,1.417543,0.000000,0.000000,0.848971
common_draws,c8_r300m,8,300.000000,414,0.196970,0.181201,0.887573,0.874091,0.752397,0.254167,1.846825,0.000000,0.000000,0.840024
common_draws,c8_r300m,8,300.000000,417,0.175457,0.173117,0.858370,0.883714,0.380403,0.233500,1.575853,0.000000,0.000000,0.858229
common_draws,c8_r300m,8,300.000000,415,0.172044,0.169402,0.862317,0.875686,0.730729,0.246444,1.758100,0.000000,0.000000,0.859818
common_draws,c8_r300m,8,300.000000,428,0.131757,0.171857,0.835947,0.822320,0.854225,0.206750,1.263933,0.000000,0.000000,0.842696
common_draws,c8_r300m,8,300.000000,430,0.176935,0.169289,0.790118,0.853984,0.654265,0.272472,2.061571,0.000000,0.000000,0.848300
common_draws,c8_r300m,8,300.000000,431,0.170205,0.167300,0.789777,0.834004,0.637286,0.249472,1.773501,0.000000,0.000000,0.806498
common_draws,c8_r300m,8,300.000000,432,0.145142,0.171380,0.815770,0.857939,0.828733,0.238472,1.659634,0.000000,0.000000,0.850536
common_draws,c8_r300m,8,300.000000,421,0.176112,0.180991,0.811743,0.837947,0.787094,0.246778,1.740000,0.000000,0.000000,0.838602
common_draws,c8_r300m,8,300.000000,423,0.171814,0.175356,0.797312,0.822053,0.782024,0.245528,1.700785,0.000000,0.000000,0.819202
common_draws,c8_r300m,8,300.000000,424,0.149628,0.183309,0.832323,0.800257,0.434049,0.263500,1.934927,0.000000,0.000000,0.856876
common_draws,c8_r300m,8,300.000000,426,0.204884,0.181022,0.868628,0.817253,0.446865,0.268306,2.001263,0.000000,0.000000,0.824735
common_draws,c8_r300m,8,300.000000,434,0.169848,0.180215,0.827920,0.871600,0.332679,0.230083,1.513124,0.000000,0.000000,0.880830
common_draws,c8_r300m,8,300.000000,425,0.182727,0.175328,0.780291,0.843824,0.608807,0.265472,1.993139,0.000000,0.000000,0.832999
common_draws,c8_r300m,8,300.000000,427,0.159612,0.181639,0.881576,0.873451,0.735481,0.267417,1.988310,0.000000,0.000000,0.849937
common_draws,c8_r300m,8,300.000000,429,0.189104,0.164473,0.843490,0.926881,0.639245,0.241250,1.667097,0.000000,0.000000,0.875819
common_draws,c8_r300m,8,300.000000,438,0.162274,0.160005,0.801271,0.900150,0.462824,0.276528,2.095239,0.000000,0.000000,0.824101
common_draws,c8_r300m,8,300.000000,439,0.162963,0.162797,0.709726,0.858149,0.886458,0.216778,1.385061,0.000000,0.000000,0.807817
common_draws,c8_r300m,8,300.000000,433,0.166424,0.183472,0.866621,0.787518,0.802627,0.202028,1.187357,0.000000,0.000000,0.834870
common_draws,c8_r300m,8,300.000000,440,0.177547,0.157658,0.802005,0.841717,0.690486,0.258500,1.892513,0.000000,0.000000,0.770717
common_draws,c8_r300m,8,300.000000,441,0.161049,0.170413,0.855700,0.877222,0.649406,0.250278,1.788755,0.000000,0.000000,0.847758
common_draws,c8_r300m,8,300.000000,435,0.142918,0.159327,0.846416,0.820517,0.681385,0.197333,1.118579,0.000000,0.000000,0.858140
common_draws,c8_r300m,8,300.000000,446,0.149930,0.166556,0.774786,0.850288,0.391564,0.219750,1.513914,0.000000,0.000000,0.848228
common_draws,c8_r300m,8,300.000000,436,0.202021,0.168883,0.834080,0.874203,0.817484,0.280778,2.154250,0.000000,0.000000,0.869700
common_draws,c8_r300m,8,300.000000,437,0.163878,0.151354,0.789803,0.873148,0.831960,0.234222,1.581793,0.000000,0.001667,0.838498
common_draws,c8_r600m,8,600.000000,400,0.237168,0.206078,0.764995,0.684610,0.780736,0.491944,4.793220,0.000000,0.000000,0.637991
common_draws,c8_r300m,8,300.000000,442,0.178671,0.167712,0.831574,0.844645,0.644609,0.267778,2.048781,0.000000,0.000000,0.855626
common_draws,c8_r600m,8,600.000000,404,0.123606,0.112115,0.383884,0.617889,0.635776,0.426000,4.010467,0.000000,0.000000,0.613033
common_draws,c8_r600m,8,600.000000,401,0.211356,0.208922,0.789577,0.796446,0.777067,0.481222,4.670597,0.000000,0.000000,0.818325
common_draws,c8_r600m,8,600.000000,403,0.191310,0.189190,0.755429,0.760590,0.211482,0.459333,4.334226,0.000000,0.000000,0.805158
common_draws,c8_r300m,8,300.000000,443,0.166484,0.159274,0.676887,0.829690,0.477849,0.238806,1.642375,0.000000,0.000000,0.820171
common_draws,c8_r300m,8,300.000000,444,0.152319,0.167752,0.808896,0.891173,0.802086,0.217972,1.416031,0.000000,0.000000,0.840084
common_draws,c8_r300m,8,300.000000,445,0.170115,0.156002,0.748734,0.898349,0.819823,0.199500,1.171299,0.000000,0.000000,0.873430
common_draws,c8_r300m,8,300.000000,449,0.149483,0.167051,0.848206,0.872864,0.678069,0.242306,1.701193,0.000000,0.000000,0.877228
common_draws,c8_r300m,8,300.000000,448,0.175518,0.159648,0.882552,0.814833,0.802122,0.297667,2.382640,0.000000,0.000000,0.806946
common_draws,c8_r300m,8,300.000000,447,0.203207,0.178946,0.885186,0.837409,0.822195,0.254722,1.841821,0.000000,0.000000,0.838035
common_draws,c8_r600m,8,600.000000,406,0.173220,0.176085,0.629434,0.747547,0.838022,0.428444,4.054634,0.000000,0.000000,0.791747
common_draws,c8_r600m,8,600.000000,409,0.192468,0.203688,0.749973,0.875041,0.529705,0.539778,5.397354,0.000000,0.000000,0.847245
common_draws,c8_r600m,8,600.000000,402,0.152679,0.168311,0.571674,0.875644,0.627055,0.468778,4.461669,0.000000,0.000000,0.822242
common_draws,c8_r600m,8,600.000000,413,0.184788,0.178491,0.711817,0.819724,0.823008,0.520639,5.125804,0.000000,0.000000,0.708225
common_draws,c8_r600m,8,600.000000,411,0.172336,0.198204,0.858567,0.853180,0.488968,0.492583,4.779532,0.000000,0.000000,0.846292
common_draws,c8_r600m,8,600.000000,412,0.157512,0.170170,0.693093,0.835501,0.714961,0.414278,3.779974,0.000000,0.000000,0.844536
common_draws,c8_r600m,8,600.000000,407,0.202845,0.168381,0.704033,0.656054,0.713975,0.451944,4.292375,0.000000,0.000000,0.588940
common_draws,c8_r600m,8,600.000000,405,0.190149,0.185660,0.686294,0.751739,0.677947,0.456861,4.375959,0.000000,0.000000,0.707375
common_draws,c8_r600m,8,600.000000,420,0.210046,0.209409,0.744069,0.761440,0.748944,0.454417,4.317715,0.000000,0.000000,0.667647
common_draws,c8_r600m,8,600.000000,408,0.209822,0.187230,0.808715,0.845455,0.686410,0.468528,4.474198,0.000000,0.000000,0.798048
common_draws,c8_r600m,8,600.000000,410,0.187367,0.145665,0.554836,0.650100,0.496778,0.513694,5.157207,0.000000,0.000000,0.492548
common_draws,c8_r600m,8,600.000000,421,0.167426,0.162697,0.615397,0.749039,0.591927,0.453139,4.363266,0.000000,0.000000,0.720465
common_draws,c8_r600m,8,600.000000,425,0.184911,0.184955,0.737841,0.807962,0.539443,0.526194,5.163873,0.000000,0.000000,0.640890
common_draws,c8_r600m,8,600.000000,424,0.202212,0.197862,0.790889,0.844045,0.553743,0.450361,4.308057,0.000000,0.000000,0.841626
common_draws,c8_r600m,8,600.000000,414,0.190013,0.191170,0.843125,0.854726,0.355794,0.431472,3.978404,0.000000,0.000000,0.826420
common_draws,c8_r600m,8,600.000000,423,0.227765,0.179846,0.704799,0.828066,0.749264,0.508611,5.025578,0.000000,0.000000,0.820489
common_draws,c8_r600m,8,600.000000,417,0.175739,0.180873,0.691246,0.736628,0.513945,0.458417,4.442662,0.000000,0.000000,0.767418
common_draws,c8_r600m,8,600.000000,415,0.180946,0.184258,0.736713,0.818684,0.789324,0.492806,4.814363,0.000000,0.000000,0.810262
common_draws,c8_r600m,8,600.000000,416,0.167264,0.181312,0.518545,0.777727,0.455617,0.405472,3.725801,0.000000,0.000000,0.784832
common_draws,c8_r600m,8,600.000000,419,0.173134,0.177324,0.677050,0.848102,0.644273,0.457556,4.376363,0.000000,0.000000,0.729443
common_draws,c8_r600m,8,600.000000,418,0.192650,0.207031,0.856993,0.922425,0.673555,0.515417,5.048143,0.000000,0.000000,0.856845
common_draws,c8_r600m,8,600.000000,428,0.227195,0.201822,0.725600,0.852525,0.584461,0.485222,4.704225,0.000000,0.000000,0.855337
common_draws,c8_r600m,8,600.000000,431,0.145121,0.171322,0.715715,0.875363,0.462021,0.498361,4.866248,0.000000,0.000000,0.835464
common_draws,c8_r600m,8,600.000000,432,0.212244,0.205597,0.855161,0.867741,0.403787,0.501778,4.890886,0.000000,0.000000,0.856833
common_draws,c8_r600m,8,600.000000,422,0.241901,0.190294,0.718232,0.902167,0.808093,0.483917,4.690736,0.000000,0.000000,0.875330
common_draws,c8_r600m,8,600.000000,433,0.194026,0.200306,0.809657,0.835326,0.364062,0.388139,3.577380,0.000000,0.000000,0.816556
common_draws,c8_r600m,8,600.000000,435,0.208841,0.192559,0.768515,0.895976,0.462454,0.434444,4.012150,0.000000,0.000000,0.859955
common_draws,c8_r600m,8,600.000000,430,0.177233,0.193453,0.745652,0.868302,0.565226,0.462833,4.440297,0.000000,0.000000,0.875440
common_draws,c8_r600m,8,600.000000,426,0.197083,0.198134,0.720557,0.828619,0.391604,0.461389,4.388173,0.000000,0.000000,0.850713
common_draws,c8_r600m,8,600.000000,427,0.175683,0.192597,0.683101,0.881293,0.706826,0.463917,4.392377,0.000000,0.000000,0.861684
common_draws,c8_r600m,8,600.000000,429,0.173756,0.150250,0.545319,0.722772,0.551749,0.423278,3.954402,0.000000,0.000000,0.617807
common_draws,c8_r600m,8,600.000000,442,0.162956,0.178464,0.586975,0.784273,0.408726,0.447167,4.355087,0.000000,0.000000,0.785710
common_draws,c8_r600m,8,600.000000,441,0.232627,0.205776,0.786891,0.805208,0.771131,0.483611,4.663865,0.000000,0.000000,0.820917
common_draws,c8_r600m,8,600.000000,434,0.229398,0.187396,0.742659,0.836544,0.610690,0.464500,4.479096,0.000000,0.000000,0.826913
common_draws,c8_r600m,8,600.000000,443,0.157996,0.198776,0.806663,0.894488,0.678755,0.461389,4.371257,0.000000,0.000000,0.893913
common_draws,c8_r600m,8,600.000000,445,0.186422,0.204143,0.677778,0.672754,0.677096,0.412528,3.793005,0.000000,0.000000,0.637288
common_draws,c8_r600m,8,600.000000,436,0.218599,0.188379,0.753592,0.695770,0.741567,0.448611,4.304229,0.000000,0.000000,0.728358
common_draws,c8_r600m,8,600.000000,446,0.143324,0.128683,0.471943,0.821556,0.600038,0.429056,4.007545,0.000000,0.000000,0.711766
common_draws,c8_r600m,8,600.000000,447,0.193970,0.188883,0.786005,0.863275,0.804625,0.422889,3.895677,0.000000,0.000000,0.802278
common_draws,c8_r600m,8,600.000000,438,0.179839,0.189715,0.679094,0.817200,0.329696,0.479139,4.642841,0.000000,0.000000,0.772757
common_draws,c8_r600m,8,600.000000,437,0.172967,0.206658,0.816155,0.843400,0.441043,0.411111,3.814572,0.000000,0.000000,0.835741
common_draws,c12_r15m,12,15.000000,401,0.000000,0.011553,0.576493,0.350470,0.721610,0.004556,0.001000,1.000000,1.000000,0.382063
common_draws,c12_r15m,12,15.000000,402,0.000000,0.024022,0.469040,0.231827,0.658113,0.007778,0.001000,1.000000,1.000000,0.149032
common_draws,c8_r600m,8,600.000000,439,0.203963,0.207330,0.783121,0.787785,0.699643,0.427361,3.994444,0.000000,0.000000,0.703931
common_draws,c12_r15m,12,15.000000,400,0.000000,0.012258,0.576132,0.243240,0.841667,0.008444,0.001000,1.000000,1.000000,0.145171
common_draws,c8_r600m,8,600.000000,440,0.245066,0.201761,0.882528,0.808920,0.739357,0.449583,4.190885,0.000000,0.000000,0.801530
common_draws,c12_r15m,12,15.000000,404,-0.142857,-0.014286,0.487139,0.523134,0.591919,0.008778,0.001000,1.000000,1.000000,0.552992
common_draws,c12_r15m,12,15.000000,405,0.000000,0.014815,0.661687,0.477993,0.626317,0.007778,0.001000,1.000000,1.000000,0.427534
common_draws,c12_r15m,12,15.000000,407,0.000000,0.016389,0.230768,0.271585,0.846979,0.005167,0.001000,1.000000,1.000000,0.258384
common_draws,c12_r15m,12,15.000000,408,0.000000,-0.000758,0.251243,0.497727,0.740937,0.001972,0.001000,1.000000,1.000000,0.236405
common_draws,c12_r15m,12,15.000000,411,0.000000,-0.001346,0.438288,0.268929,0.304192,0.009417,0.001000,1.000000,1.000000,0.047169
common_draws,c12_r15m,12,15.000000,412,0.000000,0.000000,0.501359,0.398853,0.775879,0.007667,0.001000,1.000000,1.000000,0.105556
common_draws,c12_r15m,12,15.000000,403,0.000000,0.014804,0.455880,0.404920,0.600178,0.007194,0.001000,1.000000,1.000000,0.164126
common_draws,c8_r600m,8,600.000000,444,0.174226,0.145741,0.560449,0.664471,0.659176,0.466417,4.531378,0.000000,0.000000,0.621111
common_draws,c12_r15m,12,15.000000,416,0.000000,0.008941,0.395866,0.304758,0.318664,0.005000,0.001000,1.000000,1.000000,0.243676
common_draws,c12_r15m,12,15.000000,417,0.000000,-0.005714,0.509908,0.323457,0.524225,0.002389,0.001000,1.000000,1.000000,0.055000
common_draws,c8_r600m,8,600.000000,448,0.127596,0.127953,0.388116,0.324035,0.717876,0.384639,3.568962,0.000000,0.000000,0.298980
common_draws,c12_r15m,12,15.000000,418,0.000000,0.000000,0.526680,0.257885,0.599703,0.003417,0.001000,1.000000,1.000000,0.045833
common_draws,c12_r15m,12,15.000000,406,0.000000,0.010893,0.273522,0.410339,0.486165,0.007806,0.001000,1.000000,1.000000,0.339392
common_draws,c12_r15m,12,15.000000,419,0.110546,-0.001133,0.708046,0.617616,0.783439,0.011750,0.001000,1.000000,1.000000,0.583871
common_draws,c12_r15m,12,15.000000,409,0.000000,0.026374,0.410758,0.380213,0.677093,0.004528,0.001000,1.000000,1.000000,0.392382
common_draws,c12_r15m,12,15.000000,421,0.000000,-0.014476,0.147949,0.309087,0.531892,0.008028,0.001000,1.000000,1.000000,0.276918
common_draws,c12_r15m,12,15.000000,420,0.000000,0.022297,0.711961,0.299882,0.652003,0.003722,0.001000,1.000000,1.000000,0.066894
common_draws,c12_r15m,12,15.000000,410,0.000000,0.043439,0.189648,0.342453,0.732955,0.006917,0.001000,1.000000,1.000000,0.305777
common_draws,c12_r15m,12,15.000000,413,-0.111111,0.022639,0.278581,0.290824,0.297651,0.008778,0.001000,1.000000,1.000000,0.116559
common_draws,c12_r15m,12,15.000000,414,0.000000,-0.011233,0.585063,0.481920,0.633218,0.004444,0.001000,1.000000,1.000000,0.257278
common_draws,c12_r15m,12,15.000000,415,0.000000,-0.016667,0.338987,0.558288,0.555910,0.007806,0.001000,1.000000,1.000000,0.238541
common_draws,c8_r600m,8,600.000000,449,0.169924,0.201802,0.865049,0.901243,0.666929,0.465556,4.402801,0.000000,0.000000,0.862794
common_draws,c12_r15m,12,15.000000,424,-0.046154,-0.011666,0.382833,0.178831,0.617558,0.009611,0.001000,1.000000,1.000000,0.189053
common_draws,c12_r15m,12,15.000000,425,0.000000,0.007237,0.209788,0.473588,0.530119,0.006528,0.001000,1.000000,1.000000,0.185661
common_draws,c12_r15m,12,15.000000,427,-0.166667,0.020051,0.426243,0.403705,0.600793,0.005917,0.001000,1.000000,1.000000,0.269221
common_draws,c12_r15m,12,15.000000,429,0.000000,0.025197,0.327407,0.595671,0.649794,0.009250,0.001000,1.000000,1.000000,0.351747
common_draws,c12_r15m,12,15.000000,432,0.000000,0.006385,0.307352,0.387679,0.716755,0.005000,0.001000,1.000000,1.000000,0.226492
common_draws,c12_r15m,12,15.000000,431,0.000000,-0.021282,0.406441,0.403561,0.650266,0.008639,0.001000,1.000000,1.000000,0.367317
common_draws,c12_r15m,12,15.000000,422,0.000000,0.000000,0.473252,0.184803,0.429108,0.004306,0.001000,1.000000,1.000000,0.181349
common_draws,c12_r15m,12,15.000000,423,0.000000,0.023258,0.298367,0.295493,0.778566,0.005556,0.001000,1.000000,1.000000,0.280821
common_draws,c12_r15m,12,15.000000,438,0.045455,0.004545,0.287957,0.757273,0.584357,0.006611,0.001000,1.000000,1.000000,0.336849
common_draws,c12_r15m,12,15.000000,439,0.111111,0.022727,0.428657,0.461662,0.802782,0.004861,0.001000,1.000000,1.000000,0.424167
common_draws,c12_r15m,12,15.000000,440,0.000000,-0.030119,0.218499,0.486743,0.537252,0.003806,0.001000,1.000000,1.000000,0.276848
common_draws,c12_r15m,12,15.000000,426,0.111111,0.023611,0.404736,0.415873,0.403415,0.005056,0.001000,1.000000,1.000000,0.133575
common_draws,c12_r15m,12,15.000000,428,0.000000,-0.020159,0.204935,0.253476,0.732410,0.005639,0.001000,1.000000,1.000000,0.118003
common_draws,c12_r15m,12,15.000000,441,0.052632,0.032224,0.557106,0.481076,0.560935,0.005444,0.001000,1.000000,1.000000,0.685432
common_draws,c12_r15m,12,15.000000,430,0.000000,0.000000,0.274566,0.579784,0.579874,0.002667,0.001000,1.000000,1.000000,0.185982
common_draws,c12_r15m,12,15.000000,442,0.000000,0.008250,0.615462,0.453120,0.699054,0.005611,0.001000,1.000000,1.000000,0.317802
common_draws,c12_r15m,12,15.000000,443,0.000000,-0.012500,0.219709,0.362017,0.378441,0.006917,0.001000,1.000000,1.000000,0.316936
common_draws,c12_r15m,12,15.000000,433,-0.050000,-0.005000,0.166949,0.406207,0.529074,0.005639,0.001000,1.000000,1.000000,0.200390
common_draws,c12_r15m,12,15.000000,434,0.035104,0.012399,0.160274,0.538324,0.681314,0.004250,0.001000,1.000000,1.000000,0.417802
common_draws,c12_r15m,12,15.000000,436,0.000000,0.007446,0.206147,0.313329,0.763566,0.006083,0.001000,1.000000,1.000000,0.184938
common_draws,c12_r15m,12,15.000000,435,0.000000,-0.002222,0.258353,0.179855,0.599656,0.004889,0.001000,1.000000,1.000000,0.067398
common_draws,c12_r15m,12,15.000000,446,0.000000,0.000000,0.683378,0.277456,0.860918,0.004528,0.001000,1.000000,1.000000,0.091558
common_draws,c12_r15m,12,15.000000,447,0.000000,0.025000,0.335528,0.305545,0.559031,0.006028,0.001000,1.000000,1.000000,0.236189
common_draws,c12_r15m,12,15.000000,437,0.052778,0.006934,0.199110,0.476028,0.718033,0.007972,0.001000,1.000000,1.000000,0.358099
common_draws,c12_r15m,12,15.000000,448,0.062500,-0.001442,0.143350,0.462175,0.719343,0.008028,0.001000,1.000000,1.000000,0.240933
common_draws,c12_r37.5m,12,37.500000,401,0.032930,0.031680,0.469167,0.437902,0.751533,0.009556,0.001000,1.000000,1.000000,0.381495
common_draws,c12_r37.5m,12,37.500000,403,-0.018883,0.026737,0.264012,0.314661,0.743325,0.016611,0.001000,1.000000,1.000000,0.325587
common_draws,c12_r37.5m,12,37.500000,404,-0.010025,0.017839,0.359407,0.424544,0.715790,0.015694,0.001000,1.000000,1.000000,0.329309
common_draws,c12_r37.5m,12,37.500000,409,0.039615,0.021388,0.601421,0.529245,0.449608,0.015167,0.001000,1.000000,1.000000,0.560984
common_draws,c12_r15m,12,15.000000,444,0.000000,-0.010598,0.594232,0.334384,0.542197,0.007833,0.001000,1.000000,1.000000,0.243705
common_draws,c12_r37.5m,12,37.500000,410,0.034352,0.032710,0.551000,0.359188,0.580834,0.017000,0.001000,1.000000,1.000000,0.347923
common_draws,c12_r15m,12,15.000000,445,0.083333,0.036288,0.330419,0.590789,0.821872,0.008278,0.001000,1.000000,1.000000,0.336735
common_draws,c12_r37.5m,12,37.500000,412,0.051831,0.048996,0.612644,0.566120,0.388268,0.012417,0.001000,1.000000,1.000000,0.479667
common_draws,c12_r15m,12,15.000000,449,0.000000,0.040509,0.253761,0.360560,0.491415,0.008361,0.001000,1.000000,1.000000,0.339765
common_draws,c12_r37.5m,12,37.500000,400,0.044723,0.037007,0.405489,0.367107,0.680221,0.011389,0.001000,1.000000,1.000000,0.312322
common_draws,c12_r37.5m,12,37.500000,413,0.025184,0.026122,0.244998,0.590553,0.422008,0.019333,0.001000,1.000000,1.000000,0.642120
common_draws,c12_r37.5m,12,37.500000,402,0.048162,0.033003,0.353030,0.229374,0.328750,0.018667,0.001000,1.000000,1.000000,0.247712
common_draws,c12_r37.5m,12,37.500000,414,0.076380,0.044890,0.514684,0.393511,0.454072,0.016083,0.001000,1.000000,1.000000,0.247141
common_draws,c12_r37.5m,12,37.500000,415,0.026544,0.014931,0.257298,0.223553,0.628827,0.013306,0.001000,1.000000,1.000000,0.306090
common_draws,c12_r37.5m,12,37.500000,405,0.071635,0.027943,0.520627,0.405653,0.642014,0.017417,0.001000,1.000000,1.000000,0.439683
common_draws,c12_r37.5m,12,37.500000,407,0.015192,0.035666,0.318928,0.495936,0.683807,0.016111,0.001000,1.000000,1.000000,0.401854
common_draws,c12_r37.5m,12,37.500000,418,0.002417,0.017399,0.190906,0.364099,0.783311,0.025611,0.001000,1.000000,1.000000,0.372797
common_draws,c12_r37.5m,12,37.500000,416,0.100790,0.041593,0.487004,0.713886,0.422251,0.025694,0.001000,1.000000,1.000000,0.683922
common_draws,c12_r37.5m,12,37.500000,408,0.072375,0.060231,0.716348,0.553849,0.687827,0.019472,0.001000,1.000000,1.000000,0.654587
common_draws,c12_r37.5m,12,37.500000,406,0.059784,0.033340,0.264735,0.295722,0.589497,0.015389,0.001000,1.000000,1.000000,0.250331
common_draws,c12_r37.5m,12,37.500000,420,0.027509,0.035811,0.284063,0.402195,0.508432,0.017167,0.001000,1.000000,1.000000,0.314959
common_draws,c12_r37.5m,12,37.500000,411,0.042463,0.022502,0.385007,0.414883,0.479165,0.026083,0.001000,1.000000,1.000000,0.268806
common_draws,c12_r37.5m,12,37.500000,423,0.086904,0.050319,0.609730,0.382253,0.729117,0.028389,0.001000,1.000000,1.000000,0.350512
common_draws,c12_r37.5m,12,37.500000,425,0.028106,0.035613,0.546551,0.379565,0.819517,0.017056,0.001000,1.000000,1.000000,0.306831
common_draws,c12_r37.5m,12,37.500000,426,0.069695,0.034195,0.492470,0.533158,0.693851,0.012056,0.001000,1.000000,1.000000,0.426457
common_draws,c12_r37.5m,12,37.500000,429,0.016086,0.020397,0.209947,0.349034,0.576549,0.013722,0.001000,1.000000,1.000000,0.406269
common_draws,c12_r37.5m,12,37.500000,430,0.030854,0.022030,0.182628,0.674903,0.365970,0.022833,0.001000,1.000000,1.000000,0.596703
common_draws,c12_r37.5m,12,37.500000,417,0.071787,0.058766,0.687389,0.433536,0.671667,0.014694,0.001000,1.000000,1.000000,0.371061
common_draws,c12_r37.5m,12,37.500000,433,0.024275,0.041513,0.455686,0.334409,0.425332,0.015722,0.001000,1.000000,1.000000,0.458394
common_draws,c12_r37.5m,12,37.500000,419,-0.003082,0.013686,0.258592,0.436564,0.697017,0.021083,0.001000,1.000000,1.000000,0.331154
common_draws,c12_r37.5m,12,37.500000,421,0.035724,0.052308,0.742905,0.480024,0.795469,0.028528,0.001000,1.000000,1.000000,0.356218
common_draws,c12_r37.5m,12,37.500000,422,0.001363,0.033667,0.299700,0.466894,0.487842,0.009194,0.001000,1.000000,1.000000,0.314128
common_draws,c12_r37.5m,12,37.500000,435,0.021790,0.031011,0.320760,0.333033,0.537566,0.010167,0.001000,1.000000,1.000000,0.305051
common_draws,c12_r37.5m,12,37.500000,436,0.073121,0.053646,0.408545,0.491205,0.630136,0.008472,0.001000,1.000000,1.000000,0.442830
common_draws,c12_r37.5m,12,37.500000,424,0.029281,0.036731,0.398868,0.392921,0.381001,0.023889,0.001000,1.000000,1.000000,0.256959
common_draws,c12_r37.5m,12,37.500000,437,0.018686,0.021197,0.336804,0.250485,0.715143,0.021861,0.001000,1.000000,1.000000,0.237771
common_draws,c12_r37.5m,12,37.500000,427,0.033394,0.029513,0.512874,0.569102,0.619826,0.026667,0.001000,1.000000,1.000000,0.529124
common_draws,c12_r37.5m,12,37.500000,438,0.042183,0.038836,0.294212,0.357552,0.707063,0.014056,0.001000,1.000000,1.000000,0.397365
common_draws,c12_r37.5m,12,37.500000,439,0.013841,0.016478,0.434389,0.456252,0.682808,0.020972,0.001000,1.000000,1.000000,0.290506
common_draws,c12_r37.5m,12,37.500000,428,0.032969,0.046231,0.550450,0.233145,0.810115,0.017472,0.001000,1.000000,1.000000,0.253000
common_draws,c12_r37.5m,12,37.500000,441,-0.004002,0.015122,0.298309,0.350940,0.557890,0.016083,0.001000,1.000000,1.000000,0.441687
common_draws,c12_r37.5m,12,37.500000,431,0.013206,0.034982,0.503086,0.247638,0.550790,0.018667,0.001000,1.000000,1.000000,0.228751
common_draws,c12_r37.5m,12,37.500000,432,0.028230,0.037238,0.378853,0.317608,0.515988,0.018833,0.001000,1.000000,1.000000,0.293835
common_draws,c12_r37.5m,12,37.500000,434,0.025685,0.041843,0.378168,0.200302,0.373520,0.009611,0.001000,1.000000,1.000000,0.174549
common_draws,c12_r37.5m,12,37.500000,445,0.062084,0.025639,0.306464,0.248899,0.632140,0.015111,0.001000,1.000000,1.000000,0.315045
common_draws,c12_r37.5m,12,37.500000,446,0.027726,0.036430,0.564166,0.356403,0.600272,0.025806,0.001000,1.000000,1.000000,0.317609
common_draws,c12_r37.5m,12,37.500000,448,0.050239,0.039754,0.544065,0.403491,0.773674,0.011417,0.001000,1.000000,1.000000,0.605939
common_draws,c12_r75m,12,75.000000,400,0.056473,0.045447,0.415275,0.306985,0.582156,0.054500,0.003139,0.983333,0.996667,0.291782
common_draws,c12_r37.5m,12,37.500000,440,0.058258,0.020505,0.275144,0.475468,0.676702,0.016306,0.001000,1.000000,1.000000,0.457942
common_draws,c12_r75m,12,75.000000,401,0.008962,0.044810,0.267067,0.261137,0.573004,0.023083,0.001000,1.000000,0.996667,0.218257
common_draws,c12_r75m,12,75.000000,403,0.053162,0.034440,0.357247,0.341311,0.835226,0.055361,0.001000,1.000000,0.998333,0.249735
common_draws,c12_r37.5m,12,37.500000,442,0.015595,0.005213,0.266187,0.716354,0.711924,0.010250,0.001000,1.000000,1.000000,0.604243
common_draws,c12_r37.5m,12,37.500000,443,0.074658,0.051376,0.375740,0.182925,0.431229,0.019139,0.001000,1.000000,1.000000,0.143476
common_draws,c12_r37.5m,12,37.500000,444,0.019633,0.019541,0.520080,0.421871,0.630601,0.010722,0.001000,1.000000,1.000000,0.291020
common_draws,c12_r75m,12,75.000000,407,0.108790,0.053289,0.823545,0.817058,0.726445,0.027000,0.004484,0.966667,0.990000,0.686991
common_draws,c12_r37.5m,12,37.500000,447,-0.012048,0.017069,0.337264,0.334061,0.446858,0.017611,0.001000,1.000000,1.000000,0.337992
common_draws,c12_r75m,12,75.000000,408,0.041776,0.071448,0.715119,0.959474,0.829791,0.057083,0.001460,0.983333,0.963333,0.921601
common_draws,c12_r75m,12,75.000000,409,0.058615,0.055381,0.626123,0.403884,0.488148,0.038694,0.001000,1.000000,1.000000,0.365440
common_draws,c12_r37.5m,12,37.500000,449,0.007879,0.025271,0.527130,0.387272,0.733088,0.012861,0.001000,1.000000,1.000000,0.473190
common_draws,c12_r75m,12,75.000000,410,0.045460,0.052461,0.545470,0.452237,0.608925,0.050778,0.001000,1.000000,0.998333,0.496913
common_draws,c12_r75m,12,75.000000,412,0.031472,0.033789,0.210256,0.343939,0.361562,0.043389,0.001000,1.000000,1.000000,0.390527
common_draws,c12_r75m,12,75.000000,402,0.041278,0.055920,0.468803,0.289582,0.682147,0.026306,0.001000,1.000000,1.000000,0.315304
common_draws,c12_r75m,12,75.000000,413,0.123911,0.075735,0.744910,0.894862,0.617846,0.047694,0.001537,0.983333,0.991667,0.875437
common_draws,c12_r75m,12,75.000000,404,0.074306,0.050580,0.584545,0.177794,0.647203,0.026806,0.001000,1.000000,1.000000,0.198547
common_draws,c12_r75m,12,75.000000,405,0.053464,0.040528,0.257427,0.204902,0.330742,0.039056,0.001000,1.000000,1.000000,0.173483
common_draws,c12_r75m,12,75.000000,406,0.068542,0.067515,0.857462,0.678612,0.833986,0.030083,0.002694,0.966667,0.991667,0.599617
common_draws,c12_r75m,12,75.000000,417,0.035329,0.059812,0.544277,0.954390,0.656372,0.033667,0.001000,1.000000,0.976667,0.878208
common_draws,c12_r75m,12,75.000000,420,0.073106,0.053851,0.372543,0.579356,0.624809,0.035278,0.001000,1.000000,0.998333,0.577553
common_draws,c12_r75m,12,75.000000,419,0.035925,0.052325,0.594694,0.804099,0.803341,0.042667,0.001000,1.000000,0.986667,0.734443
common_draws,c12_r75m,12,75.000000,422,0.037170,0.023253,0.276094,0.448418,0.518864,0.042583,0.001000,1.000000,1.000000,0.631398
common_draws,c12_r75m,12,75.000000,423,0.057392,0.074296,0.814465,0.913185,0.683089,0.050111,0.003254,0.966667,0.980000,0.882902
common_draws,c12_r75m,12,75.000000,411,0.054171,0.062078,0.638860,0.696324,0.690943,0.058333,0.001000,1.000000,0.995000,0.513565
common_draws,c12_r75m,12,75.000000,425,0.085426,0.059758,0.591833,0.362333,0.401557,0.050167,0.001000,1.000000,1.000000,0.327501
common_draws,c12_r75m,12,75.000000,415,0.063716,0.051946,0.529510,0.882403,0.835551,0.044806,0.002318,0.966667,0.988333,0.788693
common_draws,c12_r75m,12,75.000000,414,0.051267,0.071605,0.829918,0.725562,0.597722,0.064194,0.001000,1.000000,0.991667,0.727147
common_draws,c12_r75m,12,75.000000,429,0.071149,0.071503,0.721147,0.771846,0.815205,0.023222,0.001000,1.000000,0.995000,0.687285
common_draws,c12_r75m,12,75.000000,416,0.085791,0.079549,0.916309,0.911647,0.615387,0.059889,0.002354,0.983333,0.975000,0.909710
common_draws,c12_r75m,12,75.000000,431,0.049087,0.035919,0.249851,0.438138,0.726699,0.030306,0.001000,1.000000,1.000000,0.602454
common_draws,c12_r75m,12,75.000000,430,0.068703,0.054216,0.613161,0.872408,0.870283,0.054306,0.003522,0.966667,0.995000,0.817215
common_draws,c12_r75m,12,75.000000,418,0.058590,0.055663,0.699296,0.660635,0.672602,0.035250,0.001000,1.000000,0.986667,0.827771
common_draws,c12_r75m,12,75.000000,432,0.116338,0.051344,0.593894,0.496322,0.686680,0.058333,0.007601,0.883333,0.985000,0.531181
common_draws,c12_r75m,12,75.000000,433,0.065342,0.067785,0.657320,0.571905,0.138927,0.044111,0.001000,1.000000,0.996667,0.430389
common_draws,c12_r75m,12,75.000000,421,0.080340,0.074890,0.939785,0.754133,0.886219,0.038944,0.002391,0.950000,0.985000,0.748476
common_draws,c12_r75m,12,75.000000,424,0.065687,0.057096,0.315411,0.235632,0.382208,0.024750,0.001000,1.000000,1.000000,0.190215
common_draws,c12_r75m,12,75.000000,435,0.072885,0.066148,0.569793,0.736024,0.907469,0.036667,0.001000,1.000000,0.996667,0.500001
common_draws,c12_r75m,12,75.000000,426,0.069157,0.034147,0.446980,0.289990,0.685548,0.045167,0.001000,1.000000,0.996667,0.377037
common_draws,c12_r75m,12,75.000000,427,0.050639,0.033479,0.310665,0.549838,0.817409,0.042417,0.001000,1.000000,0.998333,0.595828
common_draws,c12_r75m,12,75.000000,438,0.051674,0.039907,0.287875,0.247413,0.454192,0.012528,0.001000,1.000000,1.000000,0.221998
common_draws,c12_r75m,12,75.000000,428,0.052443,0.057457,0.829517,0.880411,0.806563,0.047917,0.001000,1.000000,0.985000,0.830137
common_draws,c12_r75m,12,75.000000,441,0.043941,0.044548,0.472314,0.309210,0.460888,0.031639,0.001000,1.000000,1.000000,0.349033
common_draws,c12_r75m,12,75.000000,440,0.064825,0.070744,0.914171,0.853324,0.795709,0.064222,0.002616,0.966667,0.961667,0.880162
common_draws,c12_r75m,12,75.000000,443,0.015664,0.016098,0.323028,0.445993,0.541239,0.038583,0.001000,1.000000,1.000000,0.397144
common_draws,c12_r75m,12,75.000000,444,0.040840,0.034776,0.442361,0.526082,0.794568,0.055639,0.001000,1.000000,0.996667,0.547638
common_draws,c12_r75m,12,75.000000,434,0.030803,0.044006,0.556192,0.910578,0.647174,0.031417,0.001000,1.000000,0.981667,0.831313
common_draws,c12_r75m,12,75.000000,447,0.101873,0.084463,0.945643,0.939443,0.731885,0.093750,0.020359,0.833333,0.956667,0.856834
common_draws,c12_r75m,12,75.000000,436,0.056857,0.062653,0.807993,0.752976,0.673652,0.050194,0.001192,0.983333,0.990000,0.691606
common_draws,c12_r75m,12,75.000000,439,0.057929,0.046617,0.232613,0.193994,0.702779,0.023194,0.001000,1.000000,1.000000,0.150370
common_draws,c12_r75m,12,75.000000,437,0.067990,0.078844,0.854692,0.721590,0.878307,0.048500,0.001000,1.000000,0.976667,0.647277
common_draws,c12_r75m,12,75.000000,442,0.033514,0.042593,0.248903,0.540872,0.637970,0.007917,0.001000,1.000000,1.000000,0.611654
common_draws,c12_r150m,12,150.000000,400,0.085667,0.098063,0.822530,0.853230,0.578603,0.164139,0.700453,0.000000,0.005000,0.859071
common_draws,c12_r75m,12,75.000000,445,0.031483,0.044329,0.325502,0.291310,0.619409,0.020611,0.001000,1.000000,1.000000,0.311499
common_draws,c12_r150m,12,150.000000,402,0.089050,0.100297,0.873784,0.791957,0.462108,0.152944,0.597857,0.000000,0.003333,0.825961
common_draws,c12_r75m,12,75.000000,446,0.064572,0.061009,0.840163,0.888173,0.549746,0.069750,0.001000,1.000000,0.985000,0.892495
common_draws,c12_r150m,12,150.000000,403,0.099518,0.088451,0.768942,0.852618,0.822489,0.171889,0.795005,0.000000,0.015000,0.852122
common_draws,c12_r75m,12,75.000000,448,0.057959,0.068032,0.881392,0.865358,0.451007,0.071917,0.001000,1.000000,0.990000,0.784242
common_draws,c12_r150m,12,150.000000,404,0.115897,0.101054,0.869354,0.816707,0.699345,0.188806,0.988512,0.000000,0.016667,0.813392
common_draws,c12_r150m,12,150.000000,405,0.095631,0.097282,0.882442,0.835052,0.835689,0.163389,0.715114,0.000000,0.020000,0.830368
common_draws,c12_r75m,12,75.000000,449,0.052842,0.061688,0.869228,0.841257,0.789148,0.067639,0.001000,1.000000,0.976667,0.871721
common_draws,c12_r150m,12,150.000000,407,0.100690,0.105320,0.821661,0.771869,0.734511,0.152444,0.559572,0.000000,0.023333,0.677348
common_draws,c12_r150m,12,150.000000,412,0.109446,0.113490,0.886066,0.828267,0.579574,0.166806,0.750041,0.000000,0.000000,0.835113
common_draws,c12_r150m,12,150.000000,401,0.108145,0.105167,0.777786,0.865820,0.587283,0.146167,0.484310,0.016667,0.006667,0.872593
common_draws,c12_r150m,12,150.000000,414,0.113365,0.103904,0.904592,0.854879,0.325574,0.145500,0.489583,0.000000,0.011667,0.858250
common_draws,c12_r150m,12,150.000000,416,0.144795,0.113540,0.797212,0.833655,0.688338,0.182750,0.951959,0.000000,0.005000,0.831915
common_draws,c12_r150m,12,150.000000,418,0.107484,0.108623,0.840476,0.865768,0.701952,0.154583,0.646036,0.000000,0.015000,0.849448
common_draws,c12_r150m,12,150.000000,406,0.155422,0.104841,0.817175,0.890781,0.304982,0.179806,0.950650,0.000000,0.011667,0.866477
common_draws,c12_r150m,12,150.000000,419,0.107875,0.105928,0.742556,0.730609,0.677531,0.164639,0.701020,0.000000,0.010000,0.739487
common_draws,c12_r150m,12,150.000000,408,0.111700,0.109979,0.862822,0.879421,0.665735,0.166917,0.776429,0.000000,0.005000,0.842848
common_draws,c12_r150m,12,150.000000,421,0.096318,0.115008,0.848781,0.849771,0.811952,0.176306,0.875740,0.000000,0.000000,0.843787
common_draws,c12_r150m,12,150.000000,409,0.092502,0.105696,0.845518,0.883739,0.811455,0.165389,0.732677,0.000000,0.008333,0.813517
common_draws,c12_r150m,12,150.000000,410,0.109677,0.113208,0.903234,0.908808,0.663534,0.154667,0.564664,0.000000,0.001667,0.840841
common_draws,c12_r150m,12,150.000000,411,0.102051,0.119172,0.887900,0.897251,0.585582,0.155111,0.646464,0.000000,0.013333,0.852041
common_draws,c12_r150m,12,150.000000,413,0.115239,0.102890,0.832468,0.851982,0.634357,0.160306,0.679866,0.016667,0.013333,0.836202
common_draws,c12_r150m,12,150.000000,415,0.092396,0.106542,0.841447,0.894042,0.437187,0.156472,0.599595,0.000000,0.018333,0.888418
common_draws,c12_r150m,12,150.000000,422,0.108344,0.103940,0.870883,0.774624,0.776118,0.154667,0.574167,0.016667,0.013333,0.802184
common_draws,c12_r150m,12,150.000000,417,0.077977,0.100820,0.824454,0.831989,0.801968,0.162694,0.718634,0.000000,0.006667,0.791751
common_draws,c12_r150m,12,150.000000,424,0.133648,0.106148,0.820611,0.830653,0.810274,0.194333,1.065441,0.000000,0.003333,0.838687
common_draws,c12_r150m,12,150.000000,425,0.094167,0.110219,0.782862,0.857600,0.829753,0.138917,0.388765,0.066667,0.010000,0.870763
common_draws,c12_r150m,12,150.000000,426,0.111912,0.099457,0.864028,0.883857,0.756537,0.171139,0.792632,0.000000,0.010000,0.843619
common_draws,c12_r150m,12,150.000000,428,0.101072,0.100892,0.834706,0.853674,0.505580,0.164028,0.703858,0.000000,0.010000,0.844648
common_draws,c12_r150m,12,150.000000,420,0.100605,0.107059,0.794848,0.863441,0.645510,0.168639,0.749117,0.000000,0.003333,0.860629
common_draws,c12_r150m,12,150.000000,430,0.091533,0.111070,0.865757,0.807827,0.837695,0.146417,0.485265,0.000000,0.006667,0.830727
common_draws,c12_r150m,12,150.000000,436,0.112811,0.106954,0.853987,0.899283,0.711592,0.160306,0.651246,0.000000,0.003333,0.873460
common_draws,c12_r150m,12,150.000000,423,0.122262,0.110346,0.819976,0.888560,0.736058,0.162833,0.749152,0.000000,0.005000,0.889816
common_draws,c12_r150m,12,150.000000,438,0.108667,0.113981,0.892564,0.873136,0.582996,0.186750,0.953101,0.000000,0.016667,0.836367
common_draws,c12_r150m,12,150.000000,439,0.093887,0.105892,0.850696,0.914303,0.747387,0.174667,0.838713,0.000000,0.008333,0.893150
common_draws,c12_r150m,12,150.000000,441,0.085687,0.100980,0.851214,0.899824,0.440634,0.147639,0.515059,0.033333,0.010000,0.874764
common_draws,c12_r150m,12,150.000000,440,0.074261,0.093277,0.857397,0.873650,0.722191,0.149611,0.525164,0.033333,0.006667,0.860989
common_draws,c12_r150m,12,150.000000,427,0.135783,0.101948,0.836053,0.840679,0.786629,0.166028,0.751150,0.000000,0.008333,0.837484
common_draws,c12_r150m,12,150.000000,432,0.116258,0.119889,0.827639,0.887165,0.329792,0.161500,0.683142,0.000000,0.003333,0.874244
common_draws,c12_r150m,12,150.000000,429,0.124546,0.112220,0.813555,0.872666,0.780005,0.193528,1.054186,0.000000,0.008333,0.836031
common_draws,c12_r150m,12,150.000000,443,0.118534,0.106511,0.829473,0.763923,0.513370,0.151500,0.556457,0.016667,0.015000,0.733878
common_draws,c12_r150m,12,150.000000,431,0.086281,0.093637,0.893149,0.845382,0.521070,0.148500,0.489838,0.016667,0.005000,0.848892
common_draws,c12_r150m,12,150.000000,433,0.114034,0.106010,0.848676,0.803107,0.585142,0.143417,0.493302,0.000000,0.008333,0.853510
common_draws,c12_r150m,12,150.000000,434,0.075608,0.096687,0.867648,0.893117,0.553824,0.145861,0.467123,0.033333,0.008333,0.848586
common_draws,c12_r150m,12,150.000000,435,0.102440,0.099663,0.834137,0.914985,0.669100,0.162194,0.666649,0.000000,0.008333,0.873591
common_draws,c12_r150m,12,150.000000,444,0.084285,0.100146,0.840970,0.784402,0.822750,0.138917,0.460561,0.033333,0.031667,0.807956
common_draws,c12_r150m,12,150.000000,437,0.106305,0.105072,0.838201,0.844751,0.631752,0.156333,0.582046,0.000000,0.020000,0.841024
common_draws,c12_r150m,12,150.000000,446,0.072354,0.098110,0.801117,0.916725,0.607674,0.143639,0.450792,0.033333,0.016667,0.865690
common_draws,c12_r150m,12,150.000000,448,0.094047,0.098159,0.715281,0.841120,0.502172,0.166583,0.696917,0.000000,0.005000,0.838625
common_draws,c12_r150m,12,150.000000,447,0.115780,0.100491,0.842585,0.852116,0.572931,0.174194,0.836750,0.000000,0.011667,0.829743
common_draws,c12_r150m,12,150.000000,449,0.108784,0.106587,0.779413,0.875347,0.594469,0.169778,0.770804,0.000000,0.006667,0.856149
common_draws,c12_r150m,12,150.000000,442,0.090981,0.109119,0.854703,0.883501,0.841828,0.157806,0.708156,0.000000,0.005000,0.875939
common_draws,c12_r300m,12,300.000000,403,0.158424,0.143312,0.738167,0.792496,0.603360,0.313583,2.633163,0.000000,0.000000,0.774155
common_draws,c12_r150m,12,150.000000,445,0.084492,0.115200,0.837642,0.893342,0.777275,0.134722,0.357621,0.050000,0.006667,0.816235
common_draws,c12_r300m,12,300.000000,408,0.160659,0.146992,0.763271,0.696613,0.671531,0.300667,2.414773,0.000000,0.000000,0.671279
common_draws,c12_r300m,12,300.000000,410,0.131743,0.156438,0.736685,0.709685,0.719055,0.342778,2.936237,0.000000,0.000000,0.654249
common_draws,c12_r300m,12,300.000000,411,0.129798,0.154779,0.796007,0.911543,0.795354,0.296972,2.316005,0.000000,0.000000,0.859193
common_draws,c12_r300m,12,300.000000,412,0.170507,0.163864,0.804075,0.915698,0.742346,0.332833,2.785813,0.000000,0.000000,0.867672
common_draws,c12_r300m,12,300.000000,413,0.157674,0.157359,0.824770,0.875867,0.583372,0.334528,2.889199,0.000000,0.000000,0.850032
common_draws,c12_r300m,12,300.000000,400,0.171291,0.164186,0.881474,0.813650,0.664047,0.349750,3.022858,0.000000,0.000000,0.755376
common_draws,c12_r300m,12,300.000000,401,0.154160,0.143382,0.743104,0.793291,0.667407,0.326306,2.727907,0.000000,0.000000,0.783977
common_draws,c12_r300m,12,300.000000,402,0.151414,0.156906,0.806679,0.764989,0.548579,0.334667,2.827803,0.000000,0.000000,0.781084
common_draws,c12_r300m,12,300.000000,415,0.129166,0.143164,0.703404,0.775421,0.694873,0.328944,2.812829,0.000000,0.000000,0.774898
common_draws,c12_r300m,12,300.000000,405,0.118323,0.145516,0.810921,0.886675,0.762348,0.303944,2.480224,0.000000,0.000000,0.819488
common_draws,c12_r300m,12,300.000000,404,0.164458,0.159891,0.782431,0.842598,0.763818,0.327222,2.734737,0.000000,0.000000,0.798913
common_draws,c12_r300m,12,300.000000,407,0.161617,0.144409,0.840933,0.806084,0.543964,0.294861,2.342776,0.000000,0.000000,0.784007
common_draws,c12_r300m,12,300.000000,406,0.172659,0.163833,0.820566,0.849476,0.699111,0.310139,2.567298,0.000000,0.000000,0.864214
common_draws,c12_r300m,12,300.000000,409,0.122607,0.141925,0.832555,0.774369,0.837441,0.332139,2.791427,0.000000,0.000000,0.792420
common_draws,c12_r300m,12,300.000000,417,0.142753,0.133997,0.711084,0.760475,0.575250,0.288250,2.294336,0.000000,0.000000,0.776922
common_draws,c12_r300m,12,300.000000,418,0.142352,0.138197,0.741750,0.894005,0.330486,0.333472,2.822625,0.000000,0.000000,0.879917
common_draws,c12_r300m,12,300.000000,420,0.162602,0.158323,0.820555,0.867898,0.516972,0.311917,2.512964,0.000000,0.000000,0.829960
common_draws,c12_r300m,12,300.000000,419,0.138569,0.158576,0.816939,0.783771,0.642545,0.328472,2.827787,0.000000,0.000000,0.808062
common_draws,c12_r300m,12,300.000000,421,0.138123,0.140559,0.715435,0.721878,0.755953,0.260861,1.958922,0.000000,0.000000,0.649255
common_draws,c12_r300m,12,300.000000,414,0.102348,0.133570,0.811485,0.804193,0.656911,0.286917,2.225871,0.000000,0.000000,0.834332
common_draws,c12_r300m,12,300.000000,425,0.159824,0.147802,0.739073,0.837011,0.817619,0.338417,2.903310,0.000000,0.000000,0.844985
common_draws,c12_r300m,12,300.000000,416,0.150249,0.146286,0.832102,0.850976,0.561429,0.296250,2.353147,0.000000,0.000000,0.807886
common_draws,c12_r300m,12,300.000000,431,0.181284,0.169138,0.787721,0.778278,0.603808,0.321500,2.665590,0.000000,0.000000,0.757811
common_draws,c12_r300m,12,300.000000,422,0.142143,0.158931,0.757239,0.828177,0.409279,0.295611,2.337801,0.000000,0.000000,0.793868
common_draws,c12_r300m,12,300.000000,433,0.157467,0.150935,0.718626,0.861346,0.324381,0.339333,2.899423,0.000000,0.000000,0.850723
common_draws,c12_r300m,12,300.000000,434,0.137198,0.147955,0.855242,0.772838,0.474158,0.301083,2.401683,0.000000,0.000000,0.769257
common_draws,c12_r300m,12,300.000000,432,0.182238,0.152334,0.829251,0.868939,0.688030,0.304972,2.439310,0.000000,0.000000,0.821274
common_draws,c12_r300m,12,300.000000,435,0.127673,0.133785,0.696506,0.776566,0.739901,0.326778,2.756667,0.000000,0.000000,0.783379
common_draws,c12_r300m,12,300.000000,423,0.144288,0.143421,0.797649,0.812292,0.541890,0.304833,2.441813,0.000000,0.000000,0.808178
common_draws,c12_r300m,12,300.000000,424,0.163365,0.154058,0.860673,0.859814,0.853478,0.302778,2.468958,0.000000,0.000000,0.800726
common_draws,c12_r300m,12,300.000000,437,0.162629,0.150577,0.757287,0.739293,0.645748,0.325944,2.791567,0.000000,0.000000,0.653154
common_draws,c12_r300m,12,300.000000,428,0.137054,0.121529,0.692463,0.790405,0.433097,0.287528,2.257361,0.000000,0.000000,0.735581
common_draws,c12_r300m,12,300.000000,426,0.138847,0.144358,0.729941,0.848494,0.756740,0.311139,2.585016,0.000000,0.000000,0.823189
common_draws,c12_r300m,12,300.000000,427,0.143921,0.130277,0.717215,0.792401,0.663798,0.303389,2.411908,0.000000,0.000000,0.765894
common_draws,c12_r300m,12,300.000000,430,0.169266,0.142605,0.762913,0.843766,0.809169,0.357528,3.152800,0.000000,0.000000,0.831802
common_draws,c12_r300m,12,300.000000,429,0.156183,0.163431,0.872646,0.801763,0.636149,0.304000,2.448636,0.000000,0.000000,0.807661
common_draws,c12_r300m,12,300.000000,439,0.175763,0.129543,0.744229,0.729923,0.879933,0.325806,2.764622,0.000000,0.000000,0.751329
common_draws,c12_r300m,12,300.000000,441,0.180268,0.152022,0.819680,0.814800,0.705082,0.341639,2.972404,0.000000,0.000000,0.789572
common_draws,c12_r300m,12,300.000000,442,0.120862,0.130951,0.535153,0.785756,0.324024,0.271889,2.075092,0.000000,0.000000,0.792932
common_draws,c12_r300m,12,300.000000,436,0.129598,0.150943,0.728685,0.814991,0.252256,0.306417,2.496606,0.000000,0.000000,0.791941
common_draws,c12_r300m,12,300.000000,444,0.135010,0.144790,0.822689,0.856994,0.589682,0.307361,2.448951,0.000000,0.000000,0.858287
common_draws,c12_r300m,12,300.000000,447,0.129870,0.142637,0.647347,0.842659,0.717273,0.316972,2.601784,0.000000,0.000000,0.741157
common_draws,c12_r300m,12,300.000000,443,0.137784,0.153183,0.841718,0.852956,0.760020,0.331944,2.847405,0.000000,0.000000,0.799056
common_draws,c12_r300m,12,300.000000,438,0.137985,0.156787,0.805449,0.836788,0.687143,0.314583,2.577781,0.000000,0.000000,0.801832
common_draws,c12_r300m,12,300.000000,440,0.143405,0.148827,0.743711,0.789751,0.740923,0.343694,2.970801,0.000000,0.000000,0.773206
common_draws,c12_r300m,12,300.000000,445,0.152539,0.146598,0.757466,0.845773,0.287610,0.340361,2.970528,0.000000,0.000000,0.806378
common_draws,c12_r600m,12,600.000000,403,0.139614,0.125134,0.421341,0.736792,0.589552,0.531639,5.302224,0.000000,0.000000,0.602619
common_draws,c12_r300m,12,300.000000,446,0.136566,0.142338,0.692144,0.828406,0.633891,0.347500,3.031686,0.000000,0.000000,0.803674
common_draws,c12_r300m,12,300.000000,449,0.143017,0.149090,0.880176,0.736289,0.831921,0.307972,2.452007,0.000000,0.000000,0.560486
common_draws,c12_r600m,12,600.000000,404,0.172899,0.154922,0.763713,0.725948,0.826875,0.576778,5.862506,0.000000,0.000000,0.731951
common_draws,c12_r300m,12,300.000000,448,0.166774,0.170130,0.797020,0.692815,0.388203,0.316417,2.679356,0.000000,0.000000,0.678462
common_draws,c12_r600m,12,600.000000,405,0.172969,0.150119,0.746652,0.740259,0.490468,0.532694,5.352081,0.000000,0.000000,0.787066
common_draws,c12_r600m,12,600.000000,407,0.146183,0.153423,0.713719,0.809622,0.809124,0.568417,5.782888,0.000000,0.000000,0.761276
common_draws,c12_r600m,12,600.000000,408,0.175244,0.155068,0.747159,0.885530,0.377188,0.597111,6.115961,0.000000,0.000000,0.794545
common_draws,c12_r600m,12,600.000000,409,0.114585,0.131133,0.499806,0.610119,0.669941,0.540083,5.385127,0.000000,0.000000,0.490974
common_draws,c12_r600m,12,600.000000,400,0.160653,0.135563,0.626341,0.748502,0.657087,0.616917,6.413538,0.000000,0.000000,0.643791
common_draws,c12_r600m,12,600.000000,402,0.184028,0.135562,0.661293,0.807713,0.545113,0.564278,5.671317,0.000000,0.000000,0.826775
common_draws,c12_r600m,12,600.000000,401,0.139258,0.165755,0.773888,0.664171,0.629723,0.559722,5.716968,0.000000,0.000000,0.755561
common_draws,c12_r600m,12,600.000000,413,0.140172,0.153666,0.758700,0.827237,0.660285,0.579444,5.870235,0.000000,0.000000,0.781936
common_draws,c12_r600m,12,600.000000,419,0.082688,0.061385,0.296858,0.537074,0.489366,0.506972,5.065173,0.000000,0.000000,0.496481
common_draws,c12_r600m,12,600.000000,406,0.120619,0.111996,0.478700,0.712389,0.511460,0.514861,5.122841,0.000000,0.000000,0.721148
common_draws,c12_r600m,12,600.000000,416,0.133202,0.144972,0.651372,0.761482,0.777056,0.537333,5.327839,0.000000,0.000000,0.755345
common_draws,c12_r600m,12,600.000000,420,0.070271,0.059482,0.264126,0.358155,0.458457,0.503611,5.078654,0.000000,0.000000,0.444804
common_draws,c12_r600m,12,600.000000,418,0.149521,0.147008,0.663609,0.775202,0.438445,0.565583,5.775310,0.000000,0.000000,0.760288
common_draws,c12_r600m,12,600.000000,410,0.181981,0.153408,0.677635,0.622385,0.664208,0.545889,5.489056,0.000000,0.000000,0.585847
common_draws,c12_r600m,12,600.000000,411,0.131394,0.129755,0.675878,0.767349,0.762913,0.578583,5.889662,0.000000,0.000000,0.674676
common_draws,c12_r600m,12,600.000000,421,0.181554,0.158329,0.778306,0.822723,0.554932,0.609611,6.225565,0.000000,0.000000,0.783238
common_draws,c12_r600m,12,600.000000,414,0.160966,0.120378,0.406586,0.575232,0.636310,0.488778,4.890228,0.000000,0.000000,0.515233
common_draws,c12_r600m,12,600.000000,412,0.161857,0.142219,0.657188,0.776288,0.704862,0.551917,5.593859,0.000000,0.000000,0.725738
common_draws,c12_r600m,12,600.000000,415,0.124605,0.107594,0.537491,0.625080,0.645502,0.605361,6.219161,0.000000,0.000000,0.601382
common_draws,c12_r600m,12,600.000000,417,0.150753,0.141061,0.666838,0.703996,0.750824,0.579194,5.857632,0.000000,0.000000,0.702537
common_draws,c12_r600m,12,600.000000,425,0.153861,0.150136,0.713259,0.756518,0.709111,0.530722,5.302808,0.000000,0.000000,0.729714
common_draws,c12_r600m,12,600.000000,426,0.155692,0.147724,0.678458,0.710817,0.754348,0.528250,5.243550,0.000000,0.000000,0.671881
common_draws,c12_r600m,12,600.000000,422,0.114754,0.139986,0.483118,0.802273,0.850267,0.629250,6.531827,0.000000,0.000000,0.758184
common_draws,c12_r600m,12,600.000000,428,0.111542,0.128583,0.473152,0.672609,0.788654,0.488861,4.880519,0.000000,0.000000,0.691618
common_draws,c12_r600m,12,600.000000,423,0.125836,0.116394,0.336109,0.477122,0.687692,0.465722,4.560940,0.000000,0.000000,0.461729
common_draws,c12_r600m,12,600.000000,424,0.150315,0.151895,0.646462,0.817400,0.357068,0.595944,6.098068,0.000000,0.000000,0.720288
common_draws,c12_r600m,12,600.000000,429,0.123937,0.118853,0.471309,0.655139,0.402191,0.586528,6.064226,0.000000,0.000000,0.684009
common_draws,c12_r600m,12,600.000000,434,0.141004,0.131846,0.633494,0.872050,0.697312,0.593750,6.066912,0.000000,0.000000,0.757352
common_draws,c12_r600m,12,600.000000,433,0.114367,0.097999,0.364298,0.760414,0.495361,0.511278,5.097076,0.000000,0.000000,0.736639
common_draws,c12_r600m,12,600.000000,427,0.164480,0.148895,0.660935,0.570095,0.675796,0.547861,5.521509,0.000000,0.000000,0.366171
common_draws,c12_r600m,12,600.000000,430,0.203370,0.184568,0.802412,0.503938,0.588202,0.521667,5.169748,0.000000,0.000000,0.370503
common_draws,c12_r600m,12,600.000000,438,0.106295,0.137787,0.527877,0.554753,0.715056,0.495167,4.850330,0.000000,0.000000,0.406981
common_draws,c12_r600m,12,600.000000,439,0.138806,0.136011,0.606608,0.802179,0.472614,0.612278,6.332789,0.000000,0.000000,0.830036
common_draws,c12_r600m,12,600.000000,441,0.137336,0.136568,0.747197,0.761477,0.606323,0.621722,6.444876,0.000000,0.000000,0.680231
common_draws,c12_r600m,12,600.000000,431,0.126136,0.129685,0.439856,0.601596,0.401246,0.508778,5.044512,0.000000,0.000000,0.555494
common_draws,c12_r600m,12,600.000000,432,0.145328,0.146436,0.658166,0.763075,0.600991,0.616389,6.350741,0.000000,0.000000,0.741154
common_draws,c16_r15m,16,15.000000,400,0.000000,0.002308,0.385690,0.342981,0.485481,0.007972,0.001000,1.000000,1.000000,0.350785
common_draws,c12_r600m,12,600.000000,442,0.208140,0.159792,0.723096,0.619229,0.832209,0.527833,5.263416,0.000000,0.000000,0.579357
common_draws,c12_r600m,12,600.000000,435,0.121033,0.137833,0.614513,0.796619,0.749743,0.567722,5.790365,0.000000,0.000000,0.823020
common_draws,c12_r600m,12,600.000000,436,0.178650,0.144043,0.607148,0.523799,0.706079,0.478917,4.696003,0.000000,0.000000,0.464400
common_draws,c16_r15m,16,15.000000,401,0.200000,0.020110,0.500851,0.224429,0.522288,0.012278,0.001000,1.000000,1.000000,0.107149
common_draws,c12_r600m,12,600.000000,448,0.167361,0.158308,0.851932,0.810846,0.779975,0.593694,6.042874,0.000000,0.000000,0.564036
common_draws,c12_r600m,12,600.000000,445,0.121921,0.125920,0.557372,0.633722,0.687620,0.572056,5.838121,0.000000,0.000000,0.666557
common_draws,c12_r600m,12,600.000000,437,0.177826,0.151825,0.738649,0.871206,0.869470,0.613333,6.298480,0.000000,0.000000,0.802536
common_draws,c12_r600m,12,600.000000,449,0.142963,0.159373,0.670419,0.336651,0.847683,0.532167,5.330221,0.000000,0.000000,0.276410
common_draws,c16_r15m,16,15.000000,404,0.126464,0.039313,0.407468,0.208637,0.557735,0.014722,0.001000,1.000000,1.000000,0.225469
common_draws,c16_r15m,16,15.000000,405,0.109091,0.022299,0.390626,0.478137,0.740896,0.015250,0.001000,1.000000,1.000000,0.396465
common_draws,c16_r15m,16,15.000000,408,0.000000,0.000000,0.261025,0.154695,0.676844,0.004194,0.001000,1.000000,1.000000,0.069930
common_draws,c16_r15m,16,15.000000,409,0.049887,0.014657,0.167424,0.533196,0.776423,0.008722,0.001000,1.000000,1.000000,0.388643
common_draws,c12_r600m,12,600.000000,440,0.135116,0.163311,0.810691,0.807353,0.744661,0.554833,5.638618,0.000000,0.000000,0.832568
common_draws,c16_r15m,16,15.000000,410,0.000000,0.030071,0.169470,0.426687,0.670988,0.012583,0.001000,1.000000,1.000000,0.165010
common_draws,c16_r15m,16,15.000000,402,0.000000,0.013761,0.499687,0.388783,0.796173,0.003083,0.001000,1.000000,1.000000,0.212000
common_draws,c16_r15m,16,15.000000,412,0.000000,0.018333,0.354338,0.559520,0.530002,0.012028,0.001000,1.000000,1.000000,0.303763
common_draws,c16_r15m,16,15.000000,403,-0.030303,0.061589,0.367619,0.200738,0.573564,0.008083,0.001000,1.000000,1.000000,0.258145
common_draws,c12_r600m,12,600.000000,443,0.126657,0.138868,0.618805,0.806216,0.615284,0.600278,6.150416,0.000000,0.000000,0.752711
common_draws,c16_r15m,16,15.000000,413,0.000000,0.005455,0.341770,0.357601,0.613529,0.002333,0.001000,1.000000,1.000000,0.169062
common_draws,c16_r15m,16,15.000000,414,0.000000,0.030550,0.179120,0.514938,0.624536,0.012333,0.001000,1.000000,1.000000,0.599178
common_draws,c12_r600m,12,600.000000,444,0.119165,0.113284,0.604905,0.608797,0.524593,0.519028,5.161822,0.000000,0.000000,0.552081
common_draws,c16_r15m,16,15.000000,406,0.000000,0.000000,0.319986,0.214886,0.550293,0.004639,0.001000,1.000000,1.000000,0.079025
common_draws,c16_r15m,16,15.000000,407,-0.076923,-0.001373,0.212914,0.316882,0.586128,0.008972,0.001000,1.000000,1.000000,0.301811
common_draws,c16_r15m,16,15.000000,415,0.058824,0.006798,0.431977,0.484125,0.656334,0.007000,0.001000,1.000000,1.000000,0.281987
common_draws,c12_r600m,12,600.000000,446,0.162239,0.163935,0.634457,0.567127,0.559326,0.503972,5.040465,0.000000,0.000000,0.633713
common_draws,c16_r15m,16,15.000000,416,0.000000,0.000000,0.327602,0.485081,0.327326,0.006889,0.001000,1.000000,1.000000,0.184964
common_draws,c16_r15m,16,15.000000,418,0.000000,0.027681,0.310431,0.453687,0.595417,0.008806,0.001000,1.000000,1.000000,0.236816
common_draws,c16_r15m,16,15.000000,411,0.000000,0.014052,0.363431,0.567748,0.455154,0.011389,0.001000,1.000000,1.000000,0.397646
common_draws,c12_r600m,12,600.000000,447,0.134116,0.155019,0.783695,0.840613,0.418331,0.528278,5.220198,0.000000,0.000000,0.794654
common_draws,c16_r15m,16,15.000000,420,0.040000,0.030848,0.250596,0.469582,0.803156,0.006583,0.001000,1.000000,1.000000,0.586919
common_draws,c16_r15m,16,15.000000,423,0.000000,0.012500,0.484973,0.317696,0.472473,0.004472,0.001000,1.000000,1.000000,0.275000
common_draws,c16_r15m,16,15.000000,424,0.058824,0.019213,0.592030,0.309878,0.568420,0.008972,0.001000,1.000000,1.000000,0.415084
common_draws,c16_r15m,16,15.000000,428,0.000000,-0.009179,0.285558,0.121074,0.418121,0.012139,0.001000,1.000000,1.000000,0.185577
common_draws,c16_r15m,16,15.000000,430,0.000000,0.013571,0.457707,0.395690,0.731174,0.005750,0.001000,1.000000,1.000000,0.561347
common_draws,c16_r15m,16,15.000000,431,0.000000,0.000615,0.368624,0.235818,0.675310,0.011750,0.001000,1.000000,1.000000,0.329490
common_draws,c16_r15m,16,15.000000,417,0.000000,0.086180,0.445700,0.283465,0.723290,0.007833,0.001000,1.000000,1.000000,0.121004
common_draws,c16_r15m,16,15.000000,419,-0.083333,0.006404,0.613232,0.509212,0.398913,0.010167,0.001000,1.000000,1.000000,0.188682
common_draws,c16_r15m,16,15.000000,434,0.142857,0.007222,0.567661,0.370086,0.371391,0.008111,0.001000,1.000000,1.000000,0.320909
common_draws,c16_r15m,16,15.000000,421,0.000000,0.016942,0.355628,0.646534,0.369708,0.008028,0.001000,1.000000,1.000000,0.294667
common_draws,c16_r15m,16,15.000000,435,0.000000,0.014286,0.460198,0.229145,0.647416,0.005111,0.001000,1.000000,1.000000,0.255349
common_draws,c16_r15m,16,15.000000,422,0.000000,0.004133,0.383805,0.329652,0.739146,0.012139,0.001000,1.000000,1.000000,0.319395
common_draws,c16_r15m,16,15.000000,436,-0.062500,0.016389,0.304989,0.504245,0.613033,0.012444,0.001000,1.000000,1.000000,0.373090
common_draws,c16_r15m,16,15.000000,425,0.000000,-0.005556,0.367712,0.325790,0.770849,0.006472,0.001000,1.000000,1.000000,0.071770
common_draws,c16_r15m,16,15.000000,437,-0.014286,0.063810,0.339808,0.310851,0.617514,0.013694,0.001000,1.000000,1.000000,0.293035
common_draws,c16_r15m,16,15.000000,426,0.000000,0.047576,0.494646,0.339447,0.859095,0.004167,0.001000,1.000000,1.000000,0.281237
common_draws,c16_r15m,16,15.000000,427,0.000000,0.025154,0.310140,0.355962,0.487549,0.010722,0.001000,1.000000,1.000000,0.184715
common_draws,c16_r15m,16,15.000000,438,0.000000,-0.035522,0.402093,0.546506,0.457446,0.009056,0.001000,1.000000,1.000000,0.443240
common_draws,c16_r15m,16,15.000000,429,-0.100000,-0.058587,0.262847,0.398365,0.679451,0.011639,0.001000,1.000000,1.000000,0.437954
common_draws,c16_r15m,16,15.000000,439,0.000000,-0.000845,0.341458,0.350527,0.760347,0.006056,0.001000,1.000000,1.000000,0.237921
common_draws,c16_r15m,16,15.000000,432,0.000000,-0.002631,0.260123,0.223563,0.799161,0.006250,0.001000,1.000000,1.000000,0.110952
common_draws,c16_r15m,16,15.000000,433,0.000000,-0.013575,0.371454,0.112552,0.592091,0.012306,0.001000,1.000000,1.000000,0.136922
common_draws,c16_r15m,16,15.000000,442,-0.015152,0.002980,0.295880,0.390444,0.773006,0.007778,0.001000,1.000000,1.000000,0.226448
common_draws,c16_r15m,16,15.000000,444,0.000000,0.010119,0.207081,0.194232,0.728432,0.013611,0.001000,1.000000,1.000000,0.259150
common_draws,c16_r15m,16,15.000000,446,0.000000,0.013771,0.291490,0.518953,0.809810,0.011389,0.001000,1.000000,1.000000,0.378381
common_draws,c16_r15m,16,15.000000,448,0.000000,0.002750,0.302861,0.631023,0.667104,0.004889,0.001000,1.000000,1.000000,0.323681
common_draws,c16_r37.5m,16,37.500000,401,0.016406,0.012089,0.172406,0.411078,0.789879,0.025556,0.001000,1.000000,1.000000,0.442662
common_draws,c16_r37.5m,16,37.500000,403,0.022544,0.030525,0.404830,0.442679,0.763751,0.032056,0.001000,1.000000,1.000000,0.525845
common_draws,c16_r15m,16,15.000000,440,0.000000,-0.012659,0.529495,0.500538,0.760808,0.008333,0.001000,1.000000,1.000000,0.241218
common_draws,c16_r15m,16,15.000000,441,0.000000,0.020204,0.247517,0.243332,0.426703,0.004111,0.001000,1.000000,1.000000,0.241768
common_draws,c16_r37.5m,16,37.500000,407,0.017596,0.031928,0.655927,0.392028,0.810376,0.014361,0.001000,1.000000,1.000000,0.362829
common_draws,c16_r37.5m,16,37.500000,406,0.005873,0.023352,0.332994,0.257387,0.830400,0.010222,0.001000,1.000000,1.000000,0.328362
common_draws,c16_r15m,16,15.000000,443,0.029830,0.013014,0.367909,0.458756,0.756624,0.014944,0.001000,1.000000,1.000000,0.476667
common_draws,c16_r15m,16,15.000000,445,-0.004449,-0.011364,0.397561,0.286309,0.642988,0.012833,0.001000,1.000000,1.000000,0.204907
common_draws,c16_r37.5m,16,37.500000,408,0.016698,0.027178,0.243822,0.171969,0.659179,0.017194,0.001000,1.000000,1.000000,0.166711
common_draws,c16_r15m,16,15.000000,447,0.000000,-0.005374,0.650573,0.405536,0.680629,0.010528,0.001000,1.000000,1.000000,0.251606
common_draws,c16_r37.5m,16,37.500000,409,0.039520,0.041272,0.738483,0.634217,0.653846,0.033028,0.001000,1.000000,1.000000,0.458834
common_draws,c16_r15m,16,15.000000,449,0.000000,0.007360,0.372290,0.551756,0.446055,0.009917,0.001000,1.000000,1.000000,0.302944
common_draws,c16_r37.5m,16,37.500000,400,0.006770,0.025025,0.416222,0.414241,0.349101,0.019278,0.001000,1.000000,1.000000,0.428952
common_draws,c16_r37.5m,16,37.500000,411,0.019365,0.024969,0.570889,0.582525,0.605981,0.017167,0.001000,1.000000,1.000000,0.570967
common_draws,c16_r37.5m,16,37.500000,402,0.020293,0.022925,0.361827,0.316496,0.495638,0.024111,0.001000,1.000000,1.000000,0.308731
common_draws,c16_r37.5m,16,37.500000,404,0.043004,0.032479,0.473746,0.370639,0.711228,0.038333,0.001000,1.000000,1.000000,0.330781
common_draws,c16_r37.5m,16,37.500000,410,0.047693,0.027219,0.250041,0.737851,0.372916,0.028056,0.001000,1.000000,1.000000,0.611574
common_draws,c16_r37.5m,16,37.500000,414,0.046287,0.029961,0.581005,0.420442,0.686537,0.013194,0.001000,1.000000,1.000000,0.455910
common_draws,c16_r37.5m,16,37.500000,415,0.052255,0.019897,0.444348,0.579713,0.696964,0.038222,0.001000,1.000000,1.000000,0.536440
common_draws,c16_r37.5m,16,37.500000,405,0.002812,0.024017,0.267840,0.292401,0.434719,0.014722,0.001000,1.000000,1.000000,0.221251
common_draws,c16_r37.5m,16,37.500000,418,0.024886,0.023054,0.174023,0.724892,0.752787,0.039056,0.001000,1.000000,1.000000,0.718426
common_draws,c16_r37.5m,16,37.500000,420,0.003755,0.006321,0.209289,0.262695,0.458638,0.018694,0.001000,1.000000,1.000000,0.273125
common_draws,c16_r37.5m,16,37.500000,423,-0.023604,0.055960,0.460122,0.432458,0.501534,0.009889,0.001000,1.000000,1.000000,0.187981
common_draws,c16_r37.5m,16,37.500000,412,-0.014722,0.033558,0.177948,0.222644,0.343702,0.006417,0.001000,1.000000,1.000000,0.374380
common_draws,c16_r37.5m,16,37.500000,426,0.017788,0.016355,0.221615,0.559215,0.664612,0.014667,0.001000,1.000000,1.000000,0.625940
common_draws,c16_r37.5m,16,37.500000,427,0.039444,0.027842,0.286103,0.620521,0.712075,0.029028,0.001000,1.000000,1.000000,0.642876
common_draws,c16_r37.5m,16,37.500000,428,0.048291,0.044944,0.546472,0.385710,0.423159,0.034583,0.001000,1.000000,1.000000,0.422759
common_draws,c16_r37.5m,16,37.500000,413,0.004057,0.017825,0.194059,0.221757,0.548045,0.036833,0.001000,1.000000,1.000000,0.241894
common_draws,c16_r37.5m,16,37.500000,416,0.055690,0.041928,0.499725,0.657285,0.577201,0.021639,0.001000,1.000000,1.000000,0.548049
common_draws,c16_r37.5m,16,37.500000,417,0.027530,0.041830,0.508796,0.253470,0.478621,0.012889,0.001000,1.000000,1.000000,0.244617
common_draws,c16_r37.5m,16,37.500000,430,0.070332,0.038450,0.291140,0.303491,0.804518,0.018806,0.001000,1.000000,1.000000,0.238471
common_draws,c16_r37.5m,16,37.500000,419,0.042732,0.014222,0.144299,0.201628,0.579486,0.029000,0.001000,1.000000,1.000000,0.209224
common_draws,c16_r37.5m,16,37.500000,431,0.013854,0.023127,0.229493,0.381262,0.543222,0.013861,0.001000,1.000000,1.000000,0.366576
common_draws,c16_r37.5m,16,37.500000,432,0.040842,0.041227,0.314792,0.478952,0.731531,0.009139,0.001000,1.000000,1.000000,0.699487
common_draws,c16_r37.5m,16,37.500000,421,0.026160,0.042729,0.413061,0.331229,0.690586,0.024500,0.001000,1.000000,1.000000,0.300078
common_draws,c16_r37.5m,16,37.500000,422,0.028725,0.026095,0.203045,0.365352,0.629128,0.014861,0.001000,1.000000,1.000000,0.374115
common_draws,c16_r37.5m,16,37.500000,424,0.075050,0.046954,0.569748,0.616850,0.691851,0.022333,0.001000,1.000000,1.000000,0.801417
common_draws,c16_r37.5m,16,37.500000,434,0.061429,0.055019,0.392826,0.264076,0.586989,0.009472,0.001000,1.000000,1.000000,0.192255
common_draws,c16_r37.5m,16,37.500000,425,0.036442,0.021878,0.389264,0.417905,0.502470,0.014139,0.001000,1.000000,1.000000,0.588647
common_draws,c16_r37.5m,16,37.500000,435,0.085539,0.039197,0.490636,0.669474,0.434893,0.009111,0.001000,1.000000,1.000000,0.618886
common_draws,c16_r37.5m,16,37.500000,436,0.035836,0.023808,0.180577,0.197957,0.523084,0.016417,0.001000,1.000000,1.000000,0.345473
common_draws,c16_r37.5m,16,37.500000,429,0.037087,0.022111,0.318435,0.163335,0.833056,0.027167,0.001000,1.000000,1.000000,0.140677
common_draws,c16_r37.5m,16,37.500000,440,0.006341,0.014140,0.240615,0.206701,0.491524,0.023639,0.001000,1.000000,1.000000,0.261060
common_draws,c16_r37.5m,16,37.500000,442,0.021881,0.036250,0.420755,0.447282,0.633696,0.021056,0.001000,1.000000,1.000000,0.433874
common_draws,c16_r37.5m,16,37.500000,443,0.037803,0.036998,0.401070,0.236533,0.660621,0.031528,0.001000,1.000000,1.000000,0.235366
common_draws,c16_r37.5m,16,37.500000,433,0.001330,0.052719,0.286114,0.222276,0.637798,0.006778,0.001000,1.000000,1.000000,0.599130
common_draws,c16_r37.5m,16,37.500000,447,0.035088,0.028947,0.281573,0.598912,0.689574,0.018722,0.001000,1.000000,1.000000,0.652091
common_draws,c16_r37.5m,16,37.500000,449,0.059310,0.043829,0.394684,0.368879,0.671105,0.016694,0.001000,1.000000,1.000000,0.394462
common_draws,c16_r37.5m,16,37.500000,444,-0.001834,0.024351,0.266683,0.270871,0.777700,0.026778,0.001000,1.000000,1.000000,0.281729
common_draws,c16_r37.5m,16,37.500000,438,-0.009701,0.018550,0.330037,0.281369,0.473971,0.014722,0.001000,1.000000,1.000000,0.362421
common_draws,c16_r37.5m,16,37.500000,437,-0.001520,0.038922,0.601605,0.504335,0.603090,0.018000,0.001000,1.000000,1.000000,0.408685
common_draws,c16_r37.5m,16,37.500000,439,0.021981,0.018214,0.274200,0.444322,0.420033,0.021417,0.001000,1.000000,1.000000,0.565700
common_draws,c16_r37.5m,16,37.500000,441,0.009026,0.026428,0.395223,0.656395,0.549140,0.028306,0.001000,1.000000,1.000000,0.465242
common_draws,c16_r75m,16,75.000000,402,0.060031,0.069005,0.828526,0.842724,0.685073,0.089889,0.011908,0.850000,0.801667,0.733751
common_draws,c16_r37.5m,16,37.500000,445,-0.006982,0.030838,0.254367,0.143128,0.700622,0.010694,0.001000,1.000000,1.000000,0.165850
common_draws,c16_r75m,16,75.000000,404,0.061785,0.050564,0.538484,0.497119,0.912372,0.097806,0.026400,0.766667,0.883333,0.476450
common_draws,c16_r37.5m,16,37.500000,446,0.033367,0.026204,0.286387,0.372718,0.510266,0.018528,0.001000,1.000000,1.000000,0.319582
common_draws,c16_r75m,16,75.000000,403,0.050442,0.060058,0.821402,0.876471,0.811526,0.091306,0.009677,0.833333,0.795000,0.886797
common_draws,c16_r37.5m,16,37.500000,448,0.033918,0.014740,0.385021,0.562572,0.736947,0.013639,0.001000,1.000000,1.000000,0.536769
common_draws,c16_r75m,16,75.000000,406,0.055810,0.058623,0.886496,0.880261,0.805243,0.090250,0.034055,0.766667,0.840000,0.773906
common_draws,c16_r75m,16,75.000000,407,0.073281,0.069302,0.803652,0.614439,0.523609,0.086139,0.007709,0.883333,0.876667,0.442385
common_draws,c16_r75m,16,75.000000,408,0.055843,0.063620,0.843887,0.927991,0.538632,0.100556,0.029966,0.750000,0.773333,0.904307
common_draws,c16_r75m,16,75.000000,400,0.098787,0.073173,0.913223,0.937238,0.898200,0.100639,0.047037,0.600000,0.716667,0.886857
common_draws,c16_r75m,16,75.000000,401,0.066967,0.062858,0.908569,0.788349,0.564625,0.082528,0.009467,0.833333,0.756667,0.826546
common_draws,c16_r75m,16,75.000000,413,0.051781,0.067408,0.857072,0.871439,0.651012,0.096861,0.019846,0.833333,0.698333,0.864790
common_draws,c16_r75m,16,75.000000,415,0.059387,0.061140,0.874207,0.880114,0.797809,0.094056,0.006188,0.916667,0.795000,0.853846
common_draws,c16_r75m,16,75.000000,419,0.057362,0.074193,0.819394,0.837444,0.490781,0.077639,0.024786,0.816667,0.725000,0.892664
common_draws,c16_r75m,16,75.000000,420,0.086639,0.087338,0.829485,0.903435,0.323191,0.088194,0.013901,0.883333,0.753333,0.867708
common_draws,c16_r75m,16,75.000000,405,0.054279,0.052437,0.724596,0.855063,0.809773,0.076667,0.011412,0.883333,0.780000,0.899751
common_draws,c16_r75m,16,75.000000,417,0.060274,0.064670,0.881442,0.891421,0.600490,0.079083,0.002682,0.950000,0.770000,0.855171
common_draws,c16_r75m,16,75.000000,409,0.088833,0.072506,0.867482,0.868609,0.534447,0.113389,0.131913,0.266667,0.650000,0.903908
common_draws,c16_r75m,16,75.000000,421,0.035831,0.061714,0.905774,0.938561,0.783817,0.096528,0.024007,0.800000,0.695000,0.909502
common_draws,c16_r75m,16,75.000000,411,0.045719,0.065180,0.935158,0.957773,0.830565,0.086111,0.006649,0.900000,0.723333,0.898786
common_draws,c16_r75m,16,75.000000,410,0.060124,0.058471,0.806649,0.954643,0.779301,0.086694,0.003179,0.966667,0.835000,0.885039
common_draws,c16_r75m,16,75.000000,412,0.058302,0.064127,0.934550,0.881275,0.832446,0.093167,0.060971,0.566667,0.781667,0.892768
common_draws,c16_r75m,16,75.000000,424,0.071204,0.060602,0.890589,0.731645,0.789120,0.097694,0.032059,0.700000,0.728333,0.857277
common_draws,c16_r75m,16,75.000000,414,0.053422,0.066877,0.547720,0.949049,0.489864,0.093389,0.020441,0.716667,0.798333,0.915709
common_draws,c16_r75m,16,75.000000,425,0.058348,0.065270,0.939519,0.956007,0.706534,0.102167,0.044446,0.666667,0.660000,0.916377
common_draws,c16_r75m,16,75.000000,418,0.056694,0.070136,0.903273,0.895933,0.562422,0.087333,0.003636,0.966667,0.728333,0.886966
common_draws,c16_r75m,16,75.000000,416,0.052828,0.060592,0.963191,0.954521,0.810540,0.085167,0.001304,0.983333,0.743333,0.887564
common_draws,c16_r75m,16,75.000000,426,0.061091,0.065481,0.899783,0.903554,0.618129,0.093250,0.023490,0.833333,0.745000,0.887839
common_draws,c16_r75m,16,75.000000,427,0.090834,0.058997,0.906905,0.950001,0.911070,0.107250,0.071170,0.566667,0.640000,0.888956
common_draws,c16_r75m,16,75.000000,429,0.065068,0.071354,0.837527,0.918682,0.566553,0.090889,0.025515,0.766667,0.730000,0.876738
common_draws,c16_r75m,16,75.000000,422,0.042449,0.052330,0.676759,0.948749,0.320748,0.091833,0.022854,0.833333,0.868333,0.882200
common_draws,c16_r75m,16,75.000000,431,0.072612,0.060612,0.715733,0.908113,0.459722,0.076194,0.004431,0.966667,0.751667,0.887976
common_draws,c16_r75m,16,75.000000,435,0.055556,0.055483,0.730459,0.867369,0.893710,0.101889,0.038899,0.600000,0.691667,0.882589
common_draws,c16_r75m,16,75.000000,423,0.039282,0.060099,0.873878,0.792383,0.836217,0.084611,0.002602,0.966667,0.848333,0.864416
common_draws,c16_r75m,16,75.000000,437,0.025492,0.028810,0.314427,0.765411,0.680903,0.073333,0.003005,0.983333,0.936667,0.692292
common_draws,c16_r75m,16,75.000000,441,0.073848,0.057180,0.674413,0.573499,0.670850,0.094861,0.048507,0.650000,0.893333,0.560653
common_draws,c16_r75m,16,75.000000,442,0.082626,0.058033,0.795817,0.774875,0.749514,0.100583,0.054844,0.666667,0.790000,0.659178
common_draws,c16_r75m,16,75.000000,428,0.069864,0.065000,0.851312,0.863396,0.812473,0.101917,0.044331,0.666667,0.743333,0.900667
common_draws,c16_r75m,16,75.000000,440,0.082050,0.060862,0.933936,0.941892,0.698307,0.098833,0.031987,0.716667,0.708333,0.913663
common_draws,c16_r75m,16,75.000000,430,0.073745,0.060135,0.571756,0.619838,0.652848,0.080861,0.004800,0.933333,0.873333,0.499193
common_draws,c16_r75m,16,75.000000,444,0.075604,0.064286,0.882472,0.900804,0.821895,0.096083,0.028140,0.750000,0.763333,0.907170
common_draws,c16_r75m,16,75.000000,433,0.101910,0.073632,0.934945,0.876289,0.714876,0.122667,0.198747,0.116667,0.635000,0.877135
common_draws,c16_r75m,16,75.000000,432,0.045679,0.067551,0.950089,0.957918,0.838730,0.095778,0.026579,0.783333,0.693333,0.908442
common_draws,c16_r75m,16,75.000000,445,0.033238,0.044038,0.513129,0.915710,0.897652,0.089361,0.021969,0.816667,0.881667,0.717709
common_draws,c16_r75m,16,75.000000,434,0.083838,0.063038,0.903248,0.862883,0.316970,0.092556,0.012556,0.816667,0.768333,0.903769
common_draws,c16_r75m,16,75.000000,447,0.090390,0.067063,0.905551,0.935830,0.595773,0.097056,0.023702,0.800000,0.813333,0.877813
common_draws,c16_r75m,16,75.000000,436,0.057281,0.073259,0.920125,0.917189,0.684105,0.097667,0.037937,0.750000,0.738333,0.860192
common_draws,c16_r75m,16,75.000000,438,0.082800,0.067576,0.903434,0.812269,0.423246,0.104972,0.064773,0.583333,0.755000,0.840120
common_draws,c16_r75m,16,75.000000,439,0.092003,0.059936,0.739599,0.926151,0.895948,0.107167,0.095067,0.500000,0.720000,0.860412
common_draws,c16_r75m,16,75.000000,448,0.060694,0.052754,0.853527,0.762258,0.896784,0.082611,0.009687,0.933333,0.806667,0.774260
common_draws,c16_r75m,16,75.000000,449,0.086277,0.070629,0.830266,0.829278,0.618891,0.096833,0.029429,0.683333,0.731667,0.902202
common_draws,c16_r75m,16,75.000000,443,0.058101,0.071283,0.824522,0.680472,0.816073,0.093056,0.028789,0.783333,0.733333,0.726578
common_draws,c16_r150m,16,150.000000,401,0.083784,0.089152,0.794185,0.797862,0.578927,0.205778,1.230444,0.000000,0.000000,0.710478
common_draws,c16_r150m,16,150.000000,403,0.101147,0.091141,0.763856,0.863870,0.842845,0.206194,1.274345,0.000000,0.001667,0.805653
common_draws,c16_r75m,16,75.000000,446,0.059289,0.055739,0.925037,0.940723,0.876841,0.103750,0.041972,0.650000,0.788333,0.850588
common_draws,c16_r150m,16,150.000000,406,0.087073,0.102616,0.792945,0.889820,0.700663,0.220944,1.395280,0.000000,0.000000,0.801960
common_draws,c16_r150m,16,150.000000,408,0.081408,0.093950,0.722541,0.851147,0.565810,0.196528,1.113348,0.000000,0.000000,0.764180
common_draws,c16_r150m,16,150.000000,412,0.114434,0.090825,0.815522,0.836076,0.637133,0.205194,1.241825,0.000000,0.000000,0.849129
common_draws,c16_r150m,16,150.000000,413,0.084771,0.098704,0.800367,0.814611,0.635833,0.194556,1.088012,0.000000,0.000000,0.824112
common_draws,c16_r150m,16,150.000000,400,0.076288,0.099969,0.793389,0.798620,0.819609,0.170111,0.753763,0.000000,0.001667,0.804754
common_draws,c16_r150m,16,150.000000,415,0.064197,0.092716,0.801168,0.877827,0.606023,0.192889,1.044888,0.000000,0.000000,0.868375
common_draws,c16_r150m,16,150.000000,402,0.071869,0.090069,0.752713,0.850129,0.632077,0.188806,1.053871,0.000000,0.000000,0.821201
common_draws,c16_r150m,16,150.000000,416,0.096931,0.083838,0.767015,0.814363,0.653536,0.196250,1.148675,0.000000,0.000000,0.815424
common_draws,c16_r150m,16,150.000000,407,0.089188,0.096546,0.848497,0.894872,0.829244,0.219556,1.393365,0.000000,0.000000,0.854906
common_draws,c16_r150m,16,150.000000,405,0.100081,0.095863,0.877392,0.889106,0.676084,0.209167,1.252409,0.000000,0.000000,0.841705
common_draws,c16_r150m,16,150.000000,404,0.108729,0.101382,0.830762,0.839117,0.515942,0.186694,1.021967,0.000000,0.000000,0.837305
common_draws,c16_r150m,16,150.000000,419,0.100267,0.092621,0.838545,0.758714,0.788750,0.202472,1.150997,0.000000,0.000000,0.717791
common_draws,c16_r150m,16,150.000000,418,0.134519,0.102293,0.837541,0.912248,0.729084,0.217167,1.335312,0.000000,0.000000,0.877562
common_draws,c16_r150m,16,150.000000,410,0.093952,0.097014,0.814597,0.846051,0.561408,0.201472,1.170602,0.000000,0.000000,0.836153
common_draws,c16_r150m,16,150.000000,409,0.107413,0.101385,0.811063,0.808768,0.780029,0.201444,1.188334,0.000000,0.000000,0.826421
common_draws,c16_r150m,16,150.000000,411,0.084845,0.108428,0.822279,0.887957,0.632063,0.187194,1.026646,0.000000,0.000000,0.835094
common_draws,c16_r150m,16,150.000000,420,0.116898,0.088978,0.814575,0.791040,0.741396,0.203556,1.195338,0.000000,0.000000,0.749187
common_draws,c16_r150m,16,150.000000,414,0.094542,0.104850,0.821739,0.907994,0.448665,0.227056,1.479613,0.000000,0.000000,0.844886
common_draws,c16_r150m,16,150.000000,421,0.071494,0.082981,0.694134,0.906462,0.654384,0.197000,1.132072,0.000000,0.000000,0.845881
common_draws,c16_r150m,16,150.000000,423,0.143109,0.105610,0.754027,0.746244,0.690571,0.212306,1.344433,0.000000,0.000000,0.722520
common_draws,c16_r150m,16,150.000000,425,0.065392,0.090287,0.729676,0.831014,0.659249,0.175972,0.843531,0.000000,0.001667,0.783870
common_draws,c16_r150m,16,150.000000,417,0.110701,0.093082,0.852271,0.865078,0.785499,0.224694,1.496341,0.000000,0.000000,0.844622
common_draws,c16_r150m,16,150.000000,429,0.080879,0.088749,0.806741,0.885373,0.738067,0.193361,1.065170,0.000000,0.000000,0.845694
common_draws,c16_r150m,16,150.000000,430,0.106042,0.094434,0.842433,0.869261,0.548166,0.207194,1.240947,0.000000,0.000000,0.815969
common_draws,c16_r150m,16,150.000000,422,0.100285,0.087332,0.634437,0.635887,0.649633,0.204944,1.214518,0.000000,0.000000,0.539737
common_draws,c16_r150m,16,150.000000,434,0.088106,0.095202,0.770425,0.755015,0.760426,0.198889,1.150377,0.000000,0.000000,0.745261
common_draws,c16_r150m,16,150.000000,436,0.085526,0.094450,0.874176,0.814411,0.538562,0.195167,1.096612,0.000000,0.000000,0.827390
common_draws,c16_r150m,16,150.000000,424,0.086302,0.083284,0.901023,0.874987,0.820964,0.187000,0.997470,0.000000,0.000000,0.869712
common_draws,c16_r150m,16,150.000000,437,0.123280,0.100196,0.874578,0.816752,0.431228,0.212639,1.316319,0.000000,0.000000,0.836447
common_draws,c16_r150m,16,150.000000,426,0.097993,0.090315,0.845405,0.873450,0.506811,0.185861,0.980044,0.000000,0.000000,0.857916
common_draws,c16_r150m,16,150.000000,427,0.117459,0.084753,0.782199,0.817829,0.746924,0.193694,1.108094,0.000000,0.000000,0.803900
common_draws,c16_r150m,16,150.000000,438,0.135131,0.109760,0.823416,0.774417,0.568861,0.199694,1.161417,0.000000,0.000000,0.806654
common_draws,c16_r150m,16,150.000000,428,0.092630,0.099164,0.766120,0.768114,0.791793,0.189194,1.015216,0.000000,0.000000,0.779505
common_draws,c16_r150m,16,150.000000,441,0.076628,0.067466,0.632573,0.855755,0.799579,0.199528,1.178169,0.000000,0.001667,0.829980
common_draws,c16_r150m,16,150.000000,440,0.097500,0.090699,0.739903,0.850141,0.603899,0.200389,1.162208,0.000000,0.000000,0.840261
common_draws,c16_r150m,16,150.000000,431,0.098027,0.098035,0.747340,0.848587,0.635741,0.209556,1.282189,0.000000,0.000000,0.853628
common_draws,c16_r150m,16,150.000000,433,0.096848,0.099821,0.729308,0.806722,0.575331,0.206500,1.226967,0.000000,0.000000,0.701576
common_draws,c16_r150m,16,150.000000,432,0.119618,0.108025,0.828002,0.763257,0.572168,0.195917,1.099875,0.000000,0.000000,0.768238
common_draws,c16_r150m,16,150.000000,443,0.092870,0.098545,0.869542,0.784191,0.687755,0.213056,1.296880,0.000000,0.000000,0.688298
common_draws,c16_r150m,16,150.000000,435,0.095045,0.098120,0.781496,0.800931,0.524531,0.209028,1.300054,0.000000,0.000000,0.750832
common_draws,c16_r150m,16,150.000000,444,0.090265,0.091305,0.814267,0.820929,0.662257,0.167722,0.766253,0.000000,0.000000,0.810185
common_draws,c16_r150m,16,150.000000,446,0.126176,0.094964,0.809735,0.864412,0.735976,0.220806,1.410186,0.000000,0.000000,0.835480
common_draws,c16_r150m,16,150.000000,439,0.088866,0.093090,0.777148,0.822325,0.722553,0.209833,1.254180,0.000000,0.000000,0.749832
common_draws,c16_r150m,16,150.000000,449,0.086402,0.092132,0.831233,0.792937,0.683186,0.196472,1.083998,0.000000,0.000000,0.758272
common_draws,c16_r300m,16,300.000000,402,0.146124,0.118368,0.663289,0.777425,0.353692,0.382806,3.466045,0.000000,0.000000,0.770673
common_draws,c16_r300m,16,300.000000,401,0.132257,0.140124,0.698870,0.692735,0.556165,0.394917,3.601564,0.000000,0.000000,0.623474
common_draws,c16_r150m,16,150.000000,442,0.073395,0.105790,0.644298,0.809037,0.707907,0.162917,0.743348,0.000000,0.000000,0.818692
common_draws,c16_r300m,16,300.000000,406,0.102578,0.104487,0.587172,0.728325,0.623351,0.394694,3.643152,0.000000,0.000000,0.663071
common_draws,c16_r150m,16,150.000000,445,0.075752,0.092226,0.770201,0.904638,0.772775,0.186750,0.993584,0.000000,0.000000,0.832539
common_draws,c16_r300m,16,300.000000,408,0.152588,0.127701,0.774140,0.529163,0.670703,0.339056,2.860061,0.000000,0.000000,0.454636
common_draws,c16_r150m,16,150.000000,447,0.110601,0.095782,0.844584,0.762084,0.602134,0.184139,0.976581,0.000000,0.001667,0.773659
common_draws,c16_r150m,16,150.000000,448,0.088220,0.106509,0.882838,0.777990,0.619398,0.181167,0.920026,0.000000,0.000000,0.762594
common_draws,c16_r300m,16,300.000000,409,0.122745,0.126672,0.737292,0.846665,0.738551,0.372778,3.332903,0.000000,0.000000,0.837677
common_draws,c16_r300m,16,300.000000,411,0.145557,0.130902,0.750462,0.682618,0.790911,0.399111,3.674613,0.000000,0.000000,0.610017
common_draws,c16_r300m,16,300.000000,400,0.073867,0.111213,0.513789,0.828033,0.725291,0.369917,3.312421,0.000000,0.000000,0.816226
common_draws,c16_r300m,16,300.000000,403,0.146046,0.123902,0.662262,0.806704,0.509742,0.363361,3.177971,0.000000,0.000000,0.766225
common_draws,c16_r300m,16,300.000000,412,0.142901,0.138226,0.864097,0.735033,0.786874,0.396139,3.584465,0.000000,0.000000,0.759757
common_draws,c16_r300m,16,300.000000,404,0.122639,0.137249,0.800051,0.770469,0.699800,0.374472,3.316850,0.000000,0.000000,0.755847
common_draws,c16_r300m,16,300.000000,413,0.136647,0.131032,0.707454,0.784375,0.347936,0.365361,3.184788,0.000000,0.000000,0.730159
common_draws,c16_r300m,16,300.000000,407,0.137191,0.147223,0.838246,0.684669,0.321785,0.394472,3.569128,0.000000,0.000000,0.733562
common_draws,c16_r300m,16,300.000000,405,0.147752,0.136993,0.828319,0.828589,0.375906,0.385000,3.456447,0.000000,0.000000,0.801260
common_draws,c16_r300m,16,300.000000,417,0.140991,0.113626,0.610943,0.720041,0.277344,0.390528,3.575716,0.000000,0.000000,0.679804
common_draws,c16_r300m,16,300.000000,415,0.111155,0.125471,0.723590,0.645754,0.743876,0.365472,3.222506,0.000000,0.000000,0.695654
common_draws,c16_r300m,16,300.000000,420,0.116715,0.106782,0.535509,0.481494,0.712317,0.380833,3.455361,0.000000,0.000000,0.427505
common_draws,c16_r300m,16,300.000000,410,0.132393,0.128380,0.668601,0.569100,0.715571,0.338000,2.886572,0.000000,0.000000,0.525287
common_draws,c16_r300m,16,300.000000,421,0.138492,0.117802,0.752603,0.682224,0.607704,0.380417,3.461778,0.000000,0.000000,0.608517
common_draws,c16_r300m,16,300.000000,414,0.123391,0.116314,0.557499,0.411323,0.425295,0.353167,3.089164,0.000000,0.000000,0.407389
common_draws,c16_r300m,16,300.000000,424,0.136223,0.126005,0.768782,0.701285,0.736638,0.392250,3.573810,0.000000,0.000000,0.705307
common_draws,c16_r300m,16,300.000000,426,0.120694,0.131389,0.801637,0.821547,0.604177,0.402500,3.660056,0.000000,0.000000,0.717653
common_draws,c16_r300m,16,300.000000,429,0.145972,0.139517,0.647493,0.510343,0.565434,0.336889,2.910131,0.000000,0.000000,0.464045
common_draws,c16_r300m,16,300.000000,416,0.154097,0.136797,0.762520,0.767250,0.823928,0.400889,3.727743,0.000000,0.000000,0.756150
common_draws,c16_r300m,16,300.000000,430,0.124931,0.138691,0.766860,0.755450,0.364886,0.343167,2.957818,0.000000,0.000000,0.738650
common_draws,c16_r300m,16,300.000000,418,0.166539,0.132782,0.807370,0.843065,0.801090,0.411250,3.762348,0.000000,0.000000,0.770879
common_draws,c16_r300m,16,300.000000,419,0.155907,0.145470,0.776952,0.842464,0.759670,0.408250,3.756548,0.000000,0.000000,0.758313
common_draws,c16_r300m,16,300.000000,431,0.123829,0.119109,0.587070,0.452999,0.739485,0.360167,3.206181,0.000000,0.000000,0.480837
common_draws,c16_r300m,16,300.000000,422,0.127265,0.121928,0.636014,0.574689,0.261376,0.378500,3.403023,0.000000,0.000000,0.564975
common_draws,c16_r300m,16,300.000000,433,0.162322,0.140222,0.814903,0.824879,0.729744,0.382778,3.443141,0.000000,0.000000,0.820815
common_draws,c16_r300m,16,300.000000,425,0.161516,0.139593,0.740054,0.667014,0.174119,0.340861,3.003294,0.000000,0.000000,0.565449
common_draws,c16_r300m,16,300.000000,423,0.171743,0.150655,0.803044,0.816488,0.353450,0.378278,3.401115,0.000000,0.000000,0.815410
common_draws,c16_r300m,16,300.000000,435,0.086992,0.126597,0.640496,0.875963,0.706520,0.340833,2.908728,0.000000,0.000000,0.840809
common_draws,c16_r300m,16,300.000000,427,0.158968,0.158009,0.849025,0.777002,0.476769,0.438833,4.132736,0.000000,0.000000,0.784928
common_draws,c16_r300m,16,300.000000,436,0.096662,0.122263,0.726914,0.681045,0.789429,0.340194,2.876878,0.000000,0.000000,0.734306
common_draws,c16_r300m,16,300.000000,437,0.115821,0.117805,0.650219,0.780505,0.771513,0.359639,3.268656,0.000000,0.000000,0.785504
common_draws,c16_r300m,16,300.000000,439,0.112655,0.124373,0.603843,0.627025,0.717962,0.366583,3.258156,0.000000,0.000000,0.602008
common_draws,c16_r300m,16,300.000000,428,0.146727,0.139385,0.893034,0.889643,0.616229,0.353389,3.084884,0.000000,0.000000,0.858984
common_draws,c16_r300m,16,300.000000,442,0.110463,0.123337,0.712552,0.818433,0.686216,0.370528,3.313497,0.000000,0.000000,0.792012
common_draws,c16_r300m,16,300.000000,432,0.119305,0.128341,0.790768,0.852919,0.659818,0.391972,3.499071,0.000000,0.000000,0.806767
common_draws,c16_r300m,16,300.000000,434,0.140977,0.140678,0.758114,0.753040,0.693262,0.383389,3.455414,0.000000,0.000000,0.751378
common_draws,c16_r300m,16,300.000000,438,0.097563,0.079479,0.310016,0.250280,0.832162,0.331750,2.937861,0.000000,0.000000,0.238052
common_draws,c16_r300m,16,300.000000,447,0.108586,0.131570,0.627700,0.791137,0.750135,0.365556,3.219721,0.000000,0.000000,0.776156
common_draws,c16_r300m,16,300.000000,449,0.128035,0.104331,0.511774,0.528281,0.309559,0.334056,2.889927,0.000000,0.000000,0.506814
common_draws,c16_r300m,16,300.000000,441,0.165237,0.122292,0.585675,0.563787,0.315723,0.360778,3.203327,0.000000,0.000000,0.422411
common_draws,c16_r300m,16,300.000000,440,0.148887,0.121956,0.594914,0.662472,0.667779,0.372500,3.321075,0.000000,0.000000,0.650083
common_draws,c16_r300m,16,300.000000,444,0.107361,0.095926,0.460577,0.844550,0.866249,0.368111,3.279105,0.000000,0.000000,0.831476
common_draws,c16_r600m,16,600.000000,400,0.107022,0.124047,0.653684,0.732694,0.619339,0.689833,7.313902,0.000000,0.000000,0.728837
common_draws,c16_r600m,16,600.000000,401,0.131035,0.135208,0.700953,0.788136,0.541223,0.617861,6.356196,0.000000,0.000000,0.829108
common_draws,c16_r600m,16,600.000000,403,0.076866,0.072035,0.310004,0.536811,0.405463,0.604722,6.267030,0.000000,0.000000,0.417299
common_draws,c16_r300m,16,300.000000,443,0.108535,0.110063,0.755912,0.720841,0.809993,0.382583,3.476354,0.000000,0.000000,0.629644
common_draws,c16_r300m,16,300.000000,445,0.122870,0.128033,0.652678,0.883269,0.275176,0.399444,3.665722,0.000000,0.000000,0.833361
common_draws,c16_r300m,16,300.000000,448,0.122521,0.131937,0.708981,0.698904,0.259810,0.351833,3.041679,0.000000,0.000000,0.641236
common_draws,c16_r300m,16,300.000000,446,0.140213,0.147373,0.851846,0.740379,0.662911,0.374194,3.365936,0.000000,0.000000,0.745781
common_draws,c16_r600m,16,600.000000,407,0.113007,0.114563,0.725196,0.723780,0.865109,0.626667,6.529107,0.000000,0.000000,0.641890
common_draws,c16_r600m,16,600.000000,411,0.146929,0.133643,0.685875,0.779534,0.755251,0.590111,6.028898,0.000000,0.000000,0.600138
common_draws,c16_r600m,16,600.000000,402,0.104363,0.114820,0.756450,0.657377,0.554174,0.619083,6.396034,0.000000,0.000000,0.752994
common_draws,c16_r600m,16,600.000000,412,0.103651,0.106644,0.494535,0.525344,0.682928,0.558194,5.750354,0.000000,0.000000,0.578303
common_draws,c16_r600m,16,600.000000,413,0.103706,0.138501,0.629841,0.675550,0.244080,0.597000,6.162020,0.000000,0.000000,0.647167
common_draws,c16_r600m,16,600.000000,414,0.102649,0.102953,0.682141,0.768536,0.606391,0.678806,7.196417,0.000000,0.000000,0.776493
common_draws,c16_r600m,16,600.000000,404,0.071039,0.072815,0.265062,0.790333,0.790493,0.567444,5.803066,0.000000,0.000000,0.687637
common_draws,c16_r600m,16,600.000000,408,0.107655,0.105061,0.629284,0.670953,0.592747,0.614611,6.364533,0.000000,0.000000,0.681923
common_draws,c16_r600m,16,600.000000,406,0.075156,0.084978,0.444066,0.643677,0.692761,0.630333,6.612957,0.000000,0.000000,0.621693
common_draws,c16_r600m,16,600.000000,409,0.094510,0.091510,0.530528,0.526390,0.326900,0.595056,6.163791,0.000000,0.000000,0.462754
common_draws,c16_r600m,16,600.000000,410,0.105990,0.110102,0.502731,0.481914,0.802913,0.600278,6.182305,0.000000,0.000000,0.480190
common_draws,c16_r600m,16,600.000000,405,0.101116,0.101447,0.555246,0.890622,0.565926,0.608361,6.320134,0.000000,0.000000,0.844449
common_draws,c16_r600m,16,600.000000,419,0.115052,0.106594,0.469183,0.601882,0.441101,0.571778,5.920692,0.000000,0.000000,0.551865
common_draws,c16_r600m,16,600.000000,420,0.086964,0.087298,0.404932,0.150725,0.568604,0.566639,5.833622,0.000000,0.000000,0.216633
common_draws,c16_r600m,16,600.000000,422,0.102690,0.117335,0.569763,0.626698,0.463441,0.654250,6.852012,0.000000,0.000000,0.534488
common_draws,c16_r600m,16,600.000000,415,0.149605,0.134305,0.726694,0.704387,0.693351,0.609111,6.326127,0.000000,0.000000,0.643862
common_draws,c16_r600m,16,600.000000,423,0.079056,0.105160,0.607199,0.756949,0.627730,0.624972,6.501130,0.000000,0.000000,0.699883
common_draws,c16_r600m,16,600.000000,424,0.109230,0.120712,0.501379,0.652902,0.514473,0.641194,6.699800,0.000000,0.000000,0.569800
common_draws,c16_r600m,16,600.000000,417,0.115232,0.119037,0.543256,0.587511,0.536679,0.620278,6.454734,0.000000,0.000000,0.518142
common_draws,c16_r600m,16,600.000000,416,0.102572,0.112553,0.529368,0.650269,0.234027,0.672361,7.106947,0.000000,0.000000,0.622530
common_draws,c16_r600m,16,600.000000,418,0.082853,0.104537,0.511298,0.674448,0.567262,0.639278,6.627451,0.000000,0.000000,0.764697
common_draws,c16_r600m,16,600.000000,431,0.145131,0.133632,0.752156,0.576300,0.443066,0.614389,6.339908,0.000000,0.000000,0.578353
common_draws,c16_r600m,16,600.000000,432,0.083523,0.079305,0.416325,0.590349,0.595420,0.610111,6.364528,0.000000,0.000000,0.501513
common_draws,c16_r600m,16,600.000000,421,0.134889,0.116319,0.575490,0.414091,0.592696,0.614639,6.402584,0.000000,0.000000,0.371592
common_draws,c16_r600m,16,600.000000,433,0.119340,0.128623,0.720685,0.688456,0.708006,0.642694,6.678480,0.000000,0.000000,0.677688
common_draws,c16_r600m,16,600.000000,436,0.089993,0.070838,0.285806,0.425937,0.447512,0.602222,6.260249,0.000000,0.000000,0.347142
common_draws,c16_r600m,16,600.000000,435,0.111416,0.115613,0.608773,0.654284,0.801324,0.604222,6.268447,0.000000,0.000000,0.620670
common_draws,c16_r600m,16,600.000000,425,0.067370,0.075192,0.252906,0.435440,0.797844,0.547694,5.641613,0.000000,0.000000,0.408799
common_draws,c16_r600m,16,600.000000,427,0.122205,0.123764,0.715912,0.523507,0.382339,0.563778,5.733066,0.000000,0.000000,0.515867
common_draws,c16_r600m,16,600.000000,430,0.093522,0.112608,0.503189,0.507671,0.641369,0.568806,5.810007,0.000000,0.000000,0.360656
common_draws,c16_r600m,16,600.000000,426,0.115720,0.124632,0.738480,0.824358,0.408498,0.621222,6.385100,0.000000,0.000000,0.736024
common_draws,c16_r600m,16,600.000000,428,0.074599,0.091298,0.336419,0.664682,0.696917,0.611361,6.302191,0.000000,0.000000,0.635398
common_draws,c16_r600m,16,600.000000,429,0.154300,0.125101,0.656703,0.709415,0.347749,0.614083,6.364721,0.000000,0.000000,0.599720
common_draws,c16_r600m,16,600.000000,440,0.100800,0.098246,0.514617,0.612050,0.567481,0.637222,6.675963,0.000000,0.000000,0.599474
common_draws,c16_r600m,16,600.000000,441,0.043682,0.053513,0.224521,0.511907,0.698982,0.625111,6.559906,0.000000,0.000000,0.394254
common_draws,c16_r600m,16,600.000000,443,0.115643,0.123188,0.739359,0.570538,0.432632,0.581583,5.914809,0.000000,0.000000,0.594179
common_draws,c16_r600m,16,600.000000,444,0.112427,0.094427,0.333263,0.719030,0.395017,0.563194,5.716820,0.000000,0.000000,0.660085
common_draws,c16_r600m,16,600.000000,445,0.123295,0.116136,0.672744,0.741053,0.331156,0.681222,7.188467,0.000000,0.000000,0.677355
common_draws,c16_r600m,16,600.000000,434,0.090208,0.127544,0.682877,0.832083,0.433286,0.686250,7.227981,0.000000,0.000000,0.768087
common_draws,c16_r600m,16,600.000000,438,0.073822,0.086530,0.313247,0.422475,0.669272,0.536944,5.438936,0.000000,0.000000,0.469646
common_draws,c16_r600m,16,600.000000,437,0.068918,0.063152,0.336884,0.902290,0.776494,0.627833,6.497116,0.000000,0.000000,0.814492
common_draws,c24_r15m,24,15.000000,402,0.000000,0.044544,0.375837,0.475034,0.421460,0.008667,0.001000,1.000000,1.000000,0.445857
common_draws,c16_r600m,16,600.000000,439,0.136106,0.138067,0.773417,0.664299,0.751937,0.653056,6.872173,0.000000,0.000000,0.698763
common_draws,c24_r15m,24,15.000000,403,-0.083333,-0.027521,0.621583,0.333040,0.526843,0.013556,0.001000,1.000000,1.000000,0.322515
common_draws,c24_r15m,24,15.000000,401,0.015152,0.001118,0.239305,0.729910,0.554644,0.015917,0.001000,1.000000,1.000000,0.599827
common_draws,c24_r15m,24,15.000000,404,0.000000,-0.002174,0.457634,0.277400,0.635241,0.007083,0.001000,1.000000,1.000000,0.296296
common_draws,c24_r15m,24,15.000000,400,0.200000,0.113333,0.347867,0.427459,0.612558,0.007639,0.001000,1.000000,1.000000,0.176699
common_draws,c24_r15m,24,15.000000,405,0.000000,0.041667,0.631213,0.486484,0.516171,0.009028,0.001000,1.000000,1.000000,0.342444
common_draws,c16_r600m,16,600.000000,442,0.115850,0.099129,0.557055,0.460218,0.751352,0.616028,6.362366,0.000000,0.000000,0.425018
common_draws,c24_r15m,24,15.000000,406,0.000000,0.000000,0.435982,0.598202,0.500176,0.006833,0.001000,1.000000,1.000000,0.201870
common_draws,c24_r15m,24,15.000000,410,-0.031328,0.002238,0.471207,0.485613,0.839136,0.010500,0.001000,1.000000,1.000000,0.605214
common_draws,c24_r15m,24,15.000000,412,0.000000,0.035330,0.418004,0.400535,0.593371,0.007222,0.001000,1.000000,1.000000,0.324211
common_draws,c24_r15m,24,15.000000,414,0.000000,-0.052341,0.213466,0.350107,0.700327,0.017972,0.001000,1.000000,1.000000,0.356508
common_draws,c16_r600m,16,600.000000,446,0.112548,0.117733,0.589950,0.845843,0.703624,0.656917,6.898878,0.000000,0.000000,0.812076
common_draws,c16_r600m,16,600.000000,447,0.103689,0.088401,0.537983,0.681641,0.450354,0.606278,6.292174,0.000000,0.000000,0.610339
common_draws,c24_r15m,24,15.000000,416,0.000000,0.022134,0.352284,0.402369,0.300643,0.021972,0.001000,1.000000,1.000000,0.417706
common_draws,c24_r15m,24,15.000000,418,0.000000,0.008038,0.688833,0.529973,0.491764,0.016139,0.001000,1.000000,1.000000,0.494706
common_draws,c16_r600m,16,600.000000,449,0.087859,0.103102,0.299744,0.434595,0.879461,0.572056,5.892980,0.000000,0.000000,0.499224
common_draws,c16_r600m,16,600.000000,448,0.076435,0.100894,0.539839,0.656785,0.582868,0.626500,6.544360,0.000000,0.000000,0.663551
common_draws,c24_r15m,24,15.000000,407,-0.142857,-0.019359,0.479386,0.676189,0.779394,0.012028,0.001000,1.000000,1.000000,0.383077
common_draws,c24_r15m,24,15.000000,408,-0.003077,0.046325,0.184282,0.119891,0.853719,0.022028,0.001000,1.000000,1.000000,0.127574
common_draws,c24_r15m,24,15.000000,409,0.000000,0.034223,0.381182,0.465234,0.805806,0.018194,0.001000,1.000000,1.000000,0.394254
common_draws,c24_r15m,24,15.000000,419,0.051335,0.030205,0.356278,0.318485,0.867067,0.021028,0.001000,1.000000,1.000000,0.331813
common_draws,c24_r15m,24,15.000000,411,0.085714,0.017366,0.321479,0.309646,0.599774,0.008722,0.001000,1.000000,1.000000,0.220161
common_draws,c24_r15m,24,15.000000,420,-0.041026,-0.096652,0.202208,0.406331,0.704172,0.007583,0.001000,1.000000,1.000000,0.432860
common_draws,c24_r15m,24,15.000000,413,0.062500,-0.024244,0.314486,0.322933,0.519985,0.014500,0.001000,1.000000,1.000000,0.539232
common_draws,c24_r15m,24,15.000000,421,0.000000,0.010493,0.334752,0.332919,0.758128,0.017083,0.001000,1.000000,1.000000,0.301636
common_draws,c24_r15m,24,15.000000,415,0.000000,0.039643,0.253800,0.558086,0.597684,0.008528,0.001000,1.000000,1.000000,0.476629
common_draws,c24_r15m,24,15.000000,424,0.000000,0.026597,0.288454,0.489903,0.659158,0.011944,0.001000,1.000000,1.000000,0.376388
common_draws,c24_r15m,24,15.000000,425,0.000000,0.015621,0.228030,0.193604,0.533027,0.004306,0.001000,1.000000,1.000000,0.244438
common_draws,c24_r15m,24,15.000000,417,0.000000,-0.002715,0.495968,0.407155,0.816772,0.016139,0.001000,1.000000,1.000000,0.254961
common_draws,c24_r15m,24,15.000000,429,0.000000,0.008152,0.134843,0.398265,0.310985,0.009333,0.001000,1.000000,1.000000,0.295960
common_draws,c24_r15m,24,15.000000,431,0.000000,-0.003583,0.228579,0.369384,0.689787,0.017750,0.001000,1.000000,1.000000,0.438488
common_draws,c24_r15m,24,15.000000,433,0.000000,0.043509,0.586872,0.479752,0.317889,0.006694,0.001000,1.000000,1.000000,0.499944
common_draws,c24_r15m,24,15.000000,435,0.108374,0.008397,0.253998,0.385247,0.636901,0.017944,0.001000,1.000000,1.000000,0.203419
common_draws,c24_r15m,24,15.000000,423,0.000000,0.008931,0.241935,0.365152,0.584950,0.014722,0.001000,1.000000,1.000000,0.214432
common_draws,c24_r15m,24,15.000000,422,0.107143,0.060030,0.364436,0.412620,0.548603,0.015611,0.001000,1.000000,1.000000,0.329757
common_draws,c24_r15m,24,15.000000,437,0.090909,0.035877,0.538037,0.397286,0.313528,0.008889,0.001000,1.000000,1.000000,0.345797
common_draws,c24_r15m,24,15.000000,438,0.000000,-0.001016,0.720442,0.647726,0.476065,0.011583,0.001000,1.000000,1.000000,0.304700
common_draws,c24_r15m,24,15.000000,426,0.000000,-0.017303,0.518873,0.335368,0.823734,0.012972,0.001000,1.000000,1.000000,0.219156
common_draws,c24_r15m,24,15.000000,427,0.000000,0.000234,0.718670,0.333764,0.793542,0.010056,0.001000,1.000000,1.000000,0.151453
common_draws,c24_r15m,24,15.000000,428,0.000000,0.021823,0.479573,0.450430,0.760839,0.010361,0.001000,1.000000,1.000000,0.222741
common_draws,c24_r15m,24,15.000000,440,0.119122,0.006727,0.347381,0.335793,0.692656,0.013222,0.001000,1.000000,1.000000,0.253603
common_draws,c24_r15m,24,15.000000,430,0.083333,0.038827,0.419039,0.516492,0.418722,0.017528,0.001000,1.000000,1.000000,0.352296
common_draws,c24_r15m,24,15.000000,441,0.003788,0.053229,0.337406,0.290009,0.707498,0.021972,0.001000,1.000000,1.000000,0.329919
common_draws,c24_r15m,24,15.000000,432,0.000000,-0.006348,0.467338,0.509100,0.715113,0.020000,0.001000,1.000000,1.000000,0.569477
common_draws,c24_r15m,24,15.000000,442,0.000000,0.020482,0.524981,0.628825,0.713487,0.014222,0.001000,1.000000,1.000000,0.591468
common_draws,c24_r15m,24,15.000000,443,-0.083333,0.022736,0.401941,0.208013,0.667117,0.016444,0.001000,1.000000,1.000000,0.164040
common_draws,c24_r15m,24,15.000000,434,0.068966,0.038403,0.374604,0.623879,0.541851,0.012500,0.001000,1.000000,1.000000,0.550622
common_draws,c24_r15m,24,15.000000,446,0.000000,0.042131,0.305679,0.328641,0.708460,0.013944,0.001000,1.000000,1.000000,0.471669
common_draws,c24_r15m,24,15.000000,436,0.000000,-0.004545,0.213279,0.638044,0.307792,0.003861,0.001000,1.000000,1.000000,0.209032
common_draws,c24_r15m,24,15.000000,447,0.076923,0.023753,0.255354,0.673107,0.663621,0.022333,0.001000,1.000000,1.000000,0.652276
common_draws,c24_r15m,24,15.000000,439,0.000000,0.041426,0.672914,0.260436,0.433837,0.022694,0.001000,1.000000,1.000000,0.341927
common_draws,c24_r37.5m,24,37.500000,401,0.022769,0.018036,0.286722,0.574379,0.768917,0.032833,0.001000,1.000000,1.000000,0.515328
common_draws,c24_r37.5m,24,37.500000,403,0.076454,0.062151,0.798550,0.245479,0.541519,0.042806,0.001000,1.000000,1.000000,0.180090
common_draws,c24_r37.5m,24,37.500000,405,0.028312,0.032484,0.161259,0.585853,0.753847,0.017694,0.001000,1.000000,1.000000,0.459802
common_draws,c24_r37.5m,24,37.500000,406,0.007446,0.035195,0.367441,0.206854,0.473742,0.024417,0.001000,1.000000,1.000000,0.208156
common_draws,c24_r15m,24,15.000000,444,0.000000,0.007141,0.271935,0.185004,0.566847,0.013111,0.001000,1.000000,1.000000,0.260469
common_draws,c24_r37.5m,24,37.500000,408,0.044873,0.057354,0.281165,0.276585,0.500152,0.020750,0.001000,1.000000,1.000000,0.259694
common_draws,c24_r15m,24,15.000000,445,0.015251,0.022331,0.226552,0.411376,0.423633,0.021417,0.001000,1.000000,1.000000,0.367321
common_draws,c24_r37.5m,24,37.500000,410,0.027228,0.039087,0.226294,0.258486,0.627958,0.021194,0.001000,1.000000,1.000000,0.370170
common_draws,c24_r15m,24,15.000000,449,0.142857,0.020716,0.351993,0.471707,0.624198,0.013889,0.001000,1.000000,1.000000,0.345254
common_draws,c24_r15m,24,15.000000,448,-0.023256,-0.003786,0.337353,0.444021,0.626216,0.021111,0.001000,1.000000,1.000000,0.326729
common_draws,c24_r37.5m,24,37.500000,400,0.028249,0.032771,0.412583,0.257505,0.307233,0.044472,0.001000,1.000000,1.000000,0.253037
common_draws,c24_r37.5m,24,37.500000,412,0.030668,0.027773,0.403619,0.236288,0.328188,0.043889,0.001000,1.000000,1.000000,0.225522
common_draws,c24_r37.5m,24,37.500000,402,0.039922,0.048859,0.510344,0.508586,0.408690,0.053111,0.001000,1.000000,0.998333,0.452155
common_draws,c24_r37.5m,24,37.500000,404,0.033799,0.024900,0.488630,0.580126,0.854057,0.019000,0.001000,1.000000,1.000000,0.621013
common_draws,c24_r37.5m,24,37.500000,414,0.023475,0.016852,0.254248,0.513902,0.482377,0.053139,0.001000,1.000000,0.998333,0.550241
common_draws,c24_r37.5m,24,37.500000,413,0.018998,0.026790,0.290052,0.252372,0.478146,0.026417,0.001000,1.000000,1.000000,0.275568
common_draws,c24_r37.5m,24,37.500000,415,0.087716,0.050087,0.468907,0.338432,0.633055,0.051917,0.001000,1.000000,1.000000,0.329359
common_draws,c24_r37.5m,24,37.500000,407,0.086813,0.023551,0.395310,0.221888,0.536699,0.049389,0.001000,1.000000,1.000000,0.274575
common_draws,c24_r37.5m,24,37.500000,417,0.007299,0.021313,0.209845,0.604898,0.770257,0.051083,0.001000,1.000000,0.998333,0.632406
common_draws,c24_r37.5m,24,37.500000,409,0.050529,0.048635,0.646056,0.371507,0.459027,0.023972,0.001000,1.000000,1.000000,0.399486
common_draws,c24_r37.5m,24,37.500000,419,0.023848,0.034871,0.410373,0.229005,0.406838,0.017667,0.001000,1.000000,1.000000,0.173828
common_draws,c24_r37.5m,24,37.500000,411,-0.009438,0.019910,0.181165,0.406899,0.817989,0.012722,0.001000,1.000000,1.000000,0.507145
common_draws,c24_r37.5m,24,37.500000,423,0.038631,0.037619,0.411146,0.459963,0.718262,0.018222,0.001000,1.000000,1.000000,0.385049
common_draws,c24_r37.5m,24,37.500000,426,0.034408,0.028784,0.356686,0.751652,0.796115,0.018139,0.001000,1.000000,1.000000,0.478295
common_draws,c24_r37.5m,24,37.500000,427,0.030451,0.024393,0.374307,0.379777,0.793124,0.034833,0.001000,1.000000,1.000000,0.341067
common_draws,c24_r37.5m,24,37.500000,428,0.006737,0.026078,0.444563,0.637670,0.600454,0.034417,0.001000,1.000000,0.998333,0.533591
common_draws,c24_r37.5m,24,37.500000,416,0.038357,0.041289,0.676409,0.084990,0.785220,0.028278,0.001000,1.000000,1.000000,0.126204
common_draws,c24_r37.5m,24,37.500000,430,0.080675,0.034359,0.284715,0.333649,0.540101,0.021917,0.001000,1.000000,1.000000,0.317709
common_draws,c24_r37.5m,24,37.500000,418,0.018862,0.028034,0.467073,0.249776,0.446951,0.038972,0.001000,1.000000,1.000000,0.192758
common_draws,c24_r37.5m,24,37.500000,432,0.023314,0.021127,0.369171,0.394199,0.650439,0.042472,0.001000,1.000000,1.000000,0.285206
common_draws,c24_r37.5m,24,37.500000,420,0.033275,0.023486,0.317507,0.334146,0.544532,0.027472,0.001000,1.000000,1.000000,0.432172
common_draws,c24_r37.5m,24,37.500000,421,0.063142,0.040778,0.450548,0.313229,0.847943,0.039694,0.001000,1.000000,1.000000,0.279601
common_draws,c24_r37.5m,24,37.500000,434,0.051069,0.043611,0.413830,0.763893,0.494450,0.040917,0.001000,1.000000,1.000000,0.737248
common_draws,c24_r37.5m,24,37.500000,422,0.002239,0.018287,0.352992,0.569226,0.375771,0.031583,0.001000,1.000000,1.000000,0.470926
common_draws,c24_r37.5m,24,37.500000,424,0.030387,0.050676,0.327471,0.415173,0.700856,0.012000,0.001000,1.000000,1.000000,0.637987
common_draws,c24_r37.5m,24,37.500000,425,0.031736,0.023852,0.226988,0.606840,0.545010,0.039056,0.001000,1.000000,1.000000,0.549915
common_draws,c24_r37.5m,24,37.500000,435,0.007780,-0.002372,0.136505,0.398271,0.787934,0.044583,0.001000,1.000000,0.998333,0.284049
common_draws,c24_r37.5m,24,37.500000,436,0.056347,0.023683,0.433862,0.298763,0.689434,0.038000,0.001000,1.000000,1.000000,0.226218
common_draws,c24_r37.5m,24,37.500000,437,0.036286,0.013856,0.300685,0.373881,0.681738,0.027778,0.001000,1.000000,1.000000,0.276842
common_draws,c24_r37.5m,24,37.500000,429,0.049653,0.036042,0.491420,0.716691,0.697205,0.031778,0.001000,1.000000,1.000000,0.717309
common_draws,c24_r37.5m,24,37.500000,439,0.053673,0.024599,0.329007,0.216793,0.644852,0.053389,0.001000,1.000000,1.000000,0.199000
common_draws,c24_r37.5m,24,37.500000,431,0.039885,0.036372,0.480002,0.487888,0.575574,0.051556,0.001000,1.000000,1.000000,0.461819
common_draws,c24_r37.5m,24,37.500000,441,0.025871,0.004496,0.253279,0.255303,0.729540,0.024944,0.001000,1.000000,1.000000,0.168859
common_draws,c24_r37.5m,24,37.500000,433,0.089172,0.011121,0.529941,0.357628,0.820514,0.015583,0.001000,1.000000,1.000000,0.433944
common_draws,c24_r37.5m,24,37.500000,444,0.006117,0.026053,0.301036,0.260066,0.554883,0.036917,0.001000,1.000000,1.000000,0.291901
common_draws,c24_r37.5m,24,37.500000,449,0.035557,0.022091,0.421418,0.419340,0.520384,0.026639,0.001000,1.000000,1.000000,0.392088
common_draws,c24_r37.5m,24,37.500000,448,0.032521,0.042234,0.383319,0.202418,0.644551,0.045583,0.001000,1.000000,1.000000,0.171028
common_draws,c24_r37.5m,24,37.500000,438,0.052157,0.043415,0.332524,0.254038,0.268935,0.029444,0.001000,1.000000,1.000000,0.319451
common_draws,c24_r37.5m,24,37.500000,440,0.053435,0.048181,0.480805,0.570562,0.124992,0.029722,0.001000,1.000000,1.000000,0.368067
common_draws,c24_r37.5m,24,37.500000,442,0.005913,0.015800,0.437514,0.301987,0.808160,0.016889,0.001000,1.000000,1.000000,0.262746
common_draws,c24_r75m,24,75.000000,400,0.038886,0.061745,0.794521,0.725845,0.547626,0.136472,0.349085,0.016667,0.055000,0.710901
common_draws,c24_r37.5m,24,37.500000,443,0.016213,0.012772,0.234972,0.311313,0.420931,0.036944,0.001000,1.000000,1.000000,0.371275
common_draws,c24_r75m,24,75.000000,402,0.076787,0.063350,0.785566,0.724599,0.361959,0.148806,0.526282,0.000000,0.060000,0.749169
common_draws,c24_r75m,24,75.000000,404,0.060811,0.060600,0.737315,0.789823,0.738746,0.140722,0.422256,0.000000,0.033333,0.774236
common_draws,c24_r37.5m,24,37.500000,445,0.023715,0.005134,0.139897,0.196316,0.686092,0.005472,0.001000,1.000000,1.000000,0.195988
common_draws,c24_r37.5m,24,37.500000,446,-0.024772,0.013818,0.255684,0.428410,0.680861,0.028917,0.001000,1.000000,1.000000,0.228190
common_draws,c24_r37.5m,24,37.500000,447,0.026659,0.021400,0.315814,0.405002,0.727744,0.054389,0.001000,1.000000,1.000000,0.430207
common_draws,c24_r75m,24,75.000000,406,0.081769,0.056820,0.879283,0.792189,0.621425,0.138611,0.402248,0.050000,0.051667,0.785762
common_draws,c24_r75m,24,75.000000,407,0.070942,0.060717,0.794145,0.757928,0.618460,0.136333,0.354084,0.033333,0.031667,0.775226
common_draws,c24_r75m,24,75.000000,401,0.053644,0.064556,0.876094,0.901057,0.542854,0.145139,0.460875,0.016667,0.050000,0.865997
common_draws,c24_r75m,24,75.000000,414,0.061850,0.063726,0.886189,0.875853,0.817347,0.140028,0.398172,0.016667,0.020000,0.876151
common_draws,c24_r75m,24,75.000000,415,0.085621,0.081801,0.785110,0.748145,0.322951,0.135750,0.404454,0.000000,0.051667,0.686772
common_draws,c24_r75m,24,75.000000,403,0.055749,0.052943,0.742399,0.721729,0.797981,0.139583,0.438877,0.000000,0.046667,0.774979
common_draws,c24_r75m,24,75.000000,405,0.044633,0.053352,0.838346,0.757756,0.748862,0.126389,0.235377,0.166667,0.041667,0.729597
common_draws,c24_r75m,24,75.000000,408,0.059110,0.054193,0.873859,0.635783,0.869622,0.130861,0.300534,0.050000,0.081667,0.713884
common_draws,c24_r75m,24,75.000000,412,0.043883,0.051919,0.815197,0.832288,0.784838,0.126444,0.225139,0.083333,0.056667,0.858807
common_draws,c24_r75m,24,75.000000,419,0.067933,0.050800,0.870063,0.858591,0.877657,0.130528,0.292433,0.050000,0.030000,0.835430
common_draws,c24_r75m,24,75.000000,420,0.043025,0.064183,0.887050,0.874209,0.487246,0.138472,0.378640,0.016667,0.051667,0.818042
common_draws,c24_r75m,24,75.000000,409,0.042386,0.051163,0.699596,0.782355,0.529079,0.130778,0.304618,0.033333,0.050000,0.815966
common_draws,c24_r75m,24,75.000000,411,0.069258,0.063000,0.791091,0.785912,0.357707,0.123778,0.233420,0.100000,0.055000,0.691633
common_draws,c24_r75m,24,75.000000,410,0.070168,0.061372,0.806714,0.776738,0.693166,0.135028,0.340038,0.016667,0.053333,0.787643
common_draws,c24_r75m,24,75.000000,413,0.039682,0.057532,0.872577,0.922382,0.860120,0.143611,0.422354,0.016667,0.025000,0.858685
common_draws,c24_r75m,24,75.000000,422,0.045077,0.052892,0.766834,0.821294,0.728147,0.132528,0.315646,0.083333,0.076667,0.826900
common_draws,c24_r75m,24,75.000000,423,0.060719,0.059153,0.843565,0.811384,0.709030,0.131694,0.326025,0.050000,0.028333,0.801508
common_draws,c24_r75m,24,75.000000,416,0.067285,0.062818,0.840999,0.832320,0.457374,0.140444,0.447987,0.016667,0.050000,0.784172
common_draws,c24_r75m,24,75.000000,417,0.068190,0.061724,0.732890,0.871774,0.608826,0.156472,0.610123,0.000000,0.035000,0.731029
common_draws,c24_r75m,24,75.000000,418,0.064048,0.058587,0.744429,0.772100,0.373407,0.134889,0.344427,0.033333,0.045000,0.683604
common_draws,c24_r75m,24,75.000000,427,0.054017,0.064900,0.917332,0.867003,0.623845,0.138056,0.395101,0.000000,0.036667,0.857305
common_draws,c24_r75m,24,75.000000,428,0.051480,0.056943,0.800428,0.602199,0.633156,0.129583,0.295263,0.066667,0.045000,0.641968
common_draws,c24_r75m,24,75.000000,429,0.020231,0.052523,0.763231,0.832268,0.735040,0.131194,0.340136,0.066667,0.063333,0.796793
common_draws,c24_r75m,24,75.000000,421,0.044281,0.062938,0.851879,0.838921,0.421949,0.134222,0.381382,0.033333,0.056667,0.793827
common_draws,c24_r75m,24,75.000000,424,0.063156,0.063867,0.711673,0.749765,0.668568,0.122333,0.268967,0.050000,0.033333,0.720835
common_draws,c24_r75m,24,75.000000,434,0.062035,0.059750,0.886278,0.894645,0.620994,0.133417,0.338516,0.033333,0.040000,0.858277
common_draws,c24_r75m,24,75.000000,435,0.068450,0.062516,0.809343,0.747295,0.703170,0.136667,0.403699,0.050000,0.051667,0.708952
common_draws,c24_r75m,24,75.000000,425,0.044108,0.051204,0.749749,0.763467,0.513544,0.126278,0.274472,0.050000,0.048333,0.811446
common_draws,c24_r75m,24,75.000000,426,0.067657,0.050361,0.706264,0.623850,0.484208,0.140750,0.446310,0.016667,0.065000,0.680615
common_draws,c24_r75m,24,75.000000,439,0.039295,0.048695,0.554286,0.643290,0.234441,0.131167,0.289221,0.033333,0.050000,0.683606
common_draws,c24_r75m,24,75.000000,440,0.054846,0.048664,0.738909,0.808757,0.723786,0.116694,0.161162,0.200000,0.050000,0.782382
common_draws,c24_r75m,24,75.000000,430,0.068593,0.063500,0.893673,0.872284,0.638910,0.131000,0.325412,0.066667,0.048333,0.801220
common_draws,c24_r75m,24,75.000000,441,0.065680,0.059296,0.887273,0.714091,0.684456,0.137306,0.379318,0.016667,0.046667,0.681029
common_draws,c24_r75m,24,75.000000,431,0.064386,0.064174,0.849735,0.862522,0.796277,0.119444,0.190788,0.183333,0.036667,0.798308
common_draws,c24_r75m,24,75.000000,432,0.072204,0.065421,0.740930,0.633374,0.524756,0.139000,0.391124,0.033333,0.043333,0.567141
common_draws,c24_r75m,24,75.000000,433,0.057195,0.066154,0.784021,0.871314,0.583976,0.131083,0.316551,0.083333,0.051667,0.827016
common_draws,c24_r75m,24,75.000000,444,0.064047,0.060611,0.838816,0.900251,0.720305,0.157361,0.612766,0.016667,0.033333,0.888709
common_draws,c24_r75m,24,75.000000,445,0.043372,0.060701,0.925911,0.814887,0.615159,0.137833,0.395409,0.016667,0.018333,0.798252
common_draws,c24_r75m,24,75.000000,436,0.066527,0.053886,0.851745,0.847530,0.734762,0.138500,0.393908,0.033333,0.035000,0.735645
common_draws,c24_r75m,24,75.000000,438,0.037171,0.054559,0.894758,0.843162,0.620736,0.132472,0.299234,0.050000,0.050000,0.833530
common_draws,c24_r75m,24,75.000000,437,0.068656,0.055182,0.828360,0.704493,0.786151,0.132111,0.334608,0.050000,0.040000,0.778181
common_draws,c24_r75m,24,75.000000,448,0.074680,0.054662,0.619571,0.688220,0.423701,0.143444,0.455606,0.016667,0.065000,0.682143
common_draws,c24_r75m,24,75.000000,449,0.072359,0.054882,0.855314,0.791089,0.615480,0.138250,0.374916,0.066667,0.033333,0.820229
common_draws,c24_r75m,24,75.000000,442,0.037400,0.051490,0.657961,0.603836,0.541495,0.130167,0.326166,0.016667,0.068333,0.585301
common_draws,c24_r150m,24,150.000000,401,0.070805,0.073284,0.812472,0.637464,0.848782,0.252694,1.783517,0.000000,0.000000,0.563450
common_draws,c24_r75m,24,75.000000,443,0.077769,0.063655,0.816676,0.892083,0.650821,0.137639,0.376138,0.033333,0.040000,0.874070
common_draws,c24_r75m,24,75.000000,446,0.053568,0.046768,0.598630,0.720005,0.727321,0.157694,0.622210,0.000000,0.056667,0.685357
common_draws,c24_r75m,24,75.000000,447,0.045721,0.056653,0.837663,0.782617,0.686000,0.125389,0.256710,0.133333,0.076667,0.814604
common_draws,c24_r150m,24,150.000000,406,0.041879,0.050774,0.456984,0.792176,0.790293,0.251056,1.788830,0.000000,0.000000,0.657078
common_draws,c24_r150m,24,150.000000,405,0.063176,0.065680,0.492895,0.873500,0.607053,0.254583,1.895548,0.000000,0.000000,0.772040
common_draws,c24_r150m,24,150.000000,410,0.104581,0.087354,0.776725,0.796114,0.617484,0.246806,1.775243,0.000000,0.000000,0.775479
common_draws,c24_r150m,24,150.000000,411,0.072170,0.075960,0.665488,0.669446,0.779867,0.251028,1.791756,0.000000,0.000000,0.616349
common_draws,c24_r150m,24,150.000000,400,0.059530,0.082558,0.764368,0.597910,0.431906,0.227028,1.525514,0.000000,0.000000,0.567578
common_draws,c24_r150m,24,150.000000,403,0.069967,0.053046,0.464328,0.709739,0.256144,0.257972,1.886609,0.000000,0.000000,0.584722
common_draws,c24_r150m,24,150.000000,402,0.094262,0.088649,0.773362,0.725573,0.513168,0.251139,1.774374,0.000000,0.000000,0.727533
common_draws,c24_r150m,24,150.000000,413,0.081956,0.070091,0.704522,0.805800,0.498263,0.260833,1.899041,0.000000,0.000000,0.785724
common_draws,c24_r150m,24,150.000000,404,0.075370,0.087549,0.743956,0.415801,0.592021,0.244389,1.754656,0.000000,0.000000,0.375298
common_draws,c24_r150m,24,150.000000,417,0.069318,0.051833,0.538507,0.792123,0.606288,0.235056,1.643989,0.000000,0.000000,0.653467
common_draws,c24_r150m,24,150.000000,407,0.089240,0.088551,0.856812,0.814106,0.509894,0.268750,1.975577,0.000000,0.000000,0.767135
common_draws,c24_r150m,24,150.000000,408,0.082264,0.085276,0.810575,0.826754,0.616595,0.271722,2.017914,0.000000,0.000000,0.798176
common_draws,c24_r150m,24,150.000000,418,0.068984,0.087270,0.682095,0.604823,0.546674,0.258639,1.890617,0.000000,0.000000,0.464535
common_draws,c24_r150m,24,150.000000,409,0.070137,0.086063,0.807482,0.801367,0.729711,0.262556,1.907381,0.000000,0.000000,0.728215
common_draws,c24_r150m,24,150.000000,419,0.050519,0.052066,0.314378,0.175525,0.808283,0.237417,1.699791,0.000000,0.000000,0.178897
common_draws,c24_r150m,24,150.000000,412,0.072699,0.060079,0.722092,0.653104,0.803681,0.249944,1.809240,0.000000,0.000000,0.574263
common_draws,c24_r150m,24,150.000000,420,0.104103,0.081724,0.757410,0.803906,0.679516,0.293528,2.345879,0.000000,0.000000,0.813597
common_draws,c24_r150m,24,150.000000,415,0.070396,0.060881,0.392603,0.318348,0.535769,0.237306,1.694822,0.000000,0.000000,0.293385
common_draws,c24_r150m,24,150.000000,414,0.088323,0.075349,0.688998,0.762762,0.510406,0.283917,2.208501,0.000000,0.000000,0.789347
common_draws,c24_r150m,24,150.000000,424,0.096446,0.071476,0.726790,0.755755,0.486058,0.282833,2.214152,0.000000,0.000000,0.703628
common_draws,c24_r150m,24,150.000000,416,0.082948,0.070538,0.648306,0.749496,0.491017,0.272194,2.057639,0.000000,0.000000,0.735851
common_draws,c24_r150m,24,150.000000,426,0.089499,0.082181,0.709568,0.701141,0.320153,0.248306,1.790201,0.000000,0.000000,0.747836
common_draws,c24_r150m,24,150.000000,429,0.087709,0.075793,0.715869,0.590623,0.533258,0.236750,1.623743,0.000000,0.000000,0.643490
common_draws,c24_r150m,24,150.000000,431,0.076991,0.057478,0.717074,0.725468,0.597656,0.241556,1.695604,0.000000,0.000000,0.664688
common_draws,c24_r150m,24,150.000000,433,0.062952,0.077887,0.641947,0.688667,0.522356,0.232194,1.561697,0.000000,0.000000,0.619818
common_draws,c24_r150m,24,150.000000,423,0.061418,0.067311,0.512065,0.525451,0.688920,0.248222,1.779783,0.000000,0.000000,0.493217
common_draws,c24_r150m,24,150.000000,421,0.116426,0.091747,0.765529,0.790110,0.537365,0.284889,2.218663,0.000000,0.000000,0.736315
common_draws,c24_r150m,24,150.000000,422,0.045420,0.061787,0.521333,0.667602,0.718832,0.239917,1.656791,0.000000,0.000000,0.600846
common_draws,c24_r150m,24,150.000000,436,0.076658,0.077419,0.633261,0.748733,0.475417,0.275639,2.129285,0.000000,0.000000,0.614011
common_draws,c24_r150m,24,150.000000,425,0.083643,0.077301,0.709736,0.816216,0.700094,0.279028,2.103910,0.000000,0.000000,0.832147
common_draws,c24_r150m,24,150.000000,438,0.070761,0.075696,0.867203,0.810343,0.738281,0.253472,1.860849,0.000000,0.000000,0.735628
common_draws,c24_r150m,24,150.000000,428,0.083949,0.075247,0.811542,0.731228,0.640076,0.258472,1.902979,0.000000,0.000000,0.745524
common_draws,c24_r150m,24,150.000000,430,0.084106,0.089126,0.760150,0.786353,0.523058,0.242528,1.700154,0.000000,0.000000,0.777787
common_draws,c24_r150m,24,150.000000,427,0.072393,0.080998,0.722803,0.810471,0.346506,0.260500,1.913102,0.000000,0.000000,0.819358
common_draws,c24_r150m,24,150.000000,439,0.072490,0.090966,0.675195,0.660662,0.430273,0.257889,1.924541,0.000000,0.000000,0.628810
common_draws,c24_r150m,24,150.000000,440,0.067046,0.086392,0.843364,0.781063,0.710089,0.260167,1.878119,0.000000,0.000000,0.706554
common_draws,c24_r150m,24,150.000000,432,0.077754,0.080441,0.773936,0.913301,0.575381,0.273861,2.053139,0.000000,0.000000,0.875201
common_draws,c24_r150m,24,150.000000,441,0.084010,0.070013,0.655625,0.672192,0.776183,0.283306,2.221953,0.000000,0.000000,0.571618
common_draws,c24_r150m,24,150.000000,435,0.090001,0.096220,0.709521,0.426532,0.365888,0.238000,1.633748,0.000000,0.000000,0.444448
common_draws,c24_r150m,24,150.000000,445,0.090792,0.088603,0.716341,0.709304,0.275193,0.237611,1.654966,0.000000,0.000000,0.531212
common_draws,c24_r150m,24,150.000000,434,0.090502,0.082946,0.800024,0.818931,0.498622,0.270194,2.013360,0.000000,0.000000,0.813519
common_draws,c24_r150m,24,150.000000,437,0.093537,0.098032,0.702459,0.739653,0.230695,0.255250,1.870438,0.000000,0.000000,0.812652
common_draws,c24_r150m,24,150.000000,447,0.065487,0.085649,0.853908,0.844643,0.526785,0.264667,1.964136,0.000000,0.000000,0.805869
common_draws,c24_r300m,24,300.000000,401,0.089878,0.086748,0.586999,0.530043,0.638733,0.476444,4.668690,0.000000,0.000000,0.611040
common_draws,c24_r150m,24,150.000000,442,0.073169,0.074654,0.541216,0.629677,0.785866,0.238889,1.718417,0.000000,0.000000,0.583503
common_draws,c24_r150m,24,150.000000,443,0.049557,0.048718,0.447803,0.552144,0.789382,0.244417,1.724418,0.000000,0.000000,0.461548
common_draws,c24_r300m,24,300.000000,402,0.105508,0.093312,0.774115,0.771358,0.800596,0.463861,4.446215,0.000000,0.000000,0.772258
common_draws,c24_r150m,24,150.000000,444,0.086960,0.080820,0.761499,0.708060,0.639880,0.250500,1.771102,0.000000,0.000000,0.681322
common_draws,c24_r300m,24,300.000000,404,0.052321,0.073876,0.224735,0.291896,0.402824,0.385444,3.600412,0.000000,0.000000,0.257124
common_draws,c24_r300m,24,300.000000,406,0.088439,0.072599,0.346042,0.237561,0.578676,0.428861,4.102776,0.000000,0.000000,0.228790
common_draws,c24_r150m,24,150.000000,446,0.085925,0.085890,0.804668,0.838753,0.778327,0.278806,2.164837,0.000000,0.000000,0.845005
common_draws,c24_r150m,24,150.000000,448,0.086312,0.083705,0.809496,0.684298,0.864867,0.262806,1.955165,0.000000,0.000000,0.737173
common_draws,c24_r150m,24,150.000000,449,0.113110,0.100188,0.826823,0.790560,0.707920,0.283167,2.186293,0.000000,0.000000,0.837178
common_draws,c24_r300m,24,300.000000,409,0.094034,0.073908,0.502313,0.570848,0.175967,0.481444,4.736971,0.000000,0.000000,0.617294
common_draws,c24_r300m,24,300.000000,400,0.133330,0.120465,0.715609,0.377929,0.532469,0.481139,4.691198,0.000000,0.000000,0.331215
common_draws,c24_r300m,24,300.000000,410,0.102363,0.091402,0.675130,0.564810,0.442702,0.448333,4.278829,0.000000,0.000000,0.522103
common_draws,c24_r300m,24,300.000000,413,0.096815,0.104105,0.681454,0.779129,0.734005,0.500944,4.928154,0.000000,0.000000,0.757388
common_draws,c24_r300m,24,300.000000,403,0.120003,0.114026,0.780787,0.717332,0.769018,0.484722,4.736596,0.000000,0.000000,0.729582
common_draws,c24_r300m,24,300.000000,405,0.086926,0.111838,0.599965,0.562935,0.828418,0.460472,4.459763,0.000000,0.000000,0.589731
common_draws,c24_r300m,24,300.000000,415,0.106313,0.108512,0.757671,0.755437,0.608189,0.489361,4.764737,0.000000,0.000000,0.718683
common_draws,c24_r300m,24,300.000000,416,0.088753,0.079252,0.615973,0.834847,0.724752,0.471889,4.538809,0.000000,0.000000,0.812188
common_draws,c24_r300m,24,300.000000,407,0.051390,0.077876,0.426736,0.685030,0.687245,0.457389,4.397408,0.000000,0.000000,0.645688
common_draws,c24_r300m,24,300.000000,408,0.056742,0.076842,0.392998,0.675581,0.578134,0.405944,3.808059,0.000000,0.000000,0.601869
common_draws,c24_r300m,24,300.000000,420,0.096996,0.095786,0.618183,0.685270,0.610973,0.459194,4.446061,0.000000,0.000000,0.666504
common_draws,c24_r300m,24,300.000000,412,0.086346,0.079548,0.448614,0.521874,0.600859,0.442389,4.322128,0.000000,0.000000,0.508124
common_draws,c24_r300m,24,300.000000,422,0.053827,0.081678,0.408739,0.795089,0.745698,0.484750,4.775974,0.000000,0.000000,0.695195
common_draws,c24_r300m,24,300.000000,411,0.098890,0.107023,0.594264,0.726368,0.702530,0.436972,4.136908,0.000000,0.000000,0.767812
common_draws,c24_r300m,24,300.000000,414,0.098485,0.104771,0.668338,0.531199,0.731194,0.474056,4.588785,0.000000,0.000000,0.524929
common_draws,c24_r300m,24,300.000000,423,0.079231,0.076897,0.517908,0.597343,0.807595,0.473167,4.602672,0.000000,0.000000,0.483653
common_draws,c24_r300m,24,300.000000,426,0.083026,0.062607,0.444612,0.566217,0.717431,0.474583,4.613790,0.000000,0.000000,0.510007
common_draws,c24_r300m,24,300.000000,427,0.109124,0.102406,0.650046,0.650500,0.763989,0.481944,4.730015,0.000000,0.000000,0.600096
common_draws,c24_r300m,24,300.000000,418,0.108357,0.110548,0.825807,0.726031,0.166357,0.487972,4.780220,0.000000,0.000000,0.662679
common_draws,c24_r300m,24,300.000000,417,0.096135,0.066488,0.396436,0.570813,0.745896,0.438278,4.209650,0.000000,0.000000,0.656417
common_draws,c24_r300m,24,300.000000,419,0.097766,0.087232,0.631896,0.711897,0.622854,0.475306,4.616344,0.000000,0.000000,0.686493
common_draws,c24_r300m,24,300.000000,421,0.099467,0.107093,0.656949,0.641251,0.738359,0.433278,4.097728,0.000000,0.000000,0.473527
common_draws,c24_r300m,24,300.000000,432,0.053359,0.048404,0.141470,0.272344,0.725341,0.408389,3.866999,0.000000,0.000000,0.290505
common_draws,c24_r300m,24,300.000000,424,0.124946,0.107003,0.503286,0.329972,0.479682,0.444639,4.280115,0.000000,0.000000,0.331179
common_draws,c24_r300m,24,300.000000,425,0.059316,0.091198,0.579865,0.651309,0.602800,0.439222,4.213295,0.000000,0.000000,0.585037
common_draws,c24_r300m,24,300.000000,429,0.087362,0.086363,0.570635,0.693831,0.665334,0.481917,4.760899,0.000000,0.000000,0.629893
common_draws,c24_r300m,24,300.000000,428,0.058744,0.081357,0.517630,0.584336,0.704443,0.423389,4.011929,0.000000,0.000000,0.500885
common_draws,c24_r300m,24,300.000000,435,0.095058,0.099975,0.745464,0.783084,0.664586,0.475056,4.581716,0.000000,0.000000,0.701922
common_draws,c24_r300m,24,300.000000,430,0.139401,0.107540,0.628740,0.628339,0.449698,0.476944,4.636042,0.000000,0.000000,0.530683
common_draws,c24_r300m,24,300.000000,436,0.107689,0.100910,0.698863,0.832441,0.550915,0.456556,4.347985,0.000000,0.000000,0.827211
common_draws,c24_r300m,24,300.000000,437,0.125179,0.117866,0.837520,0.701139,0.514240,0.491833,4.820623,0.000000,0.000000,0.727023
common_draws,c24_r300m,24,300.000000,431,0.085990,0.094743,0.638298,0.785435,0.668311,0.436778,4.147834,0.000000,0.000000,0.753454
common_draws,c24_r300m,24,300.000000,439,0.080503,0.092037,0.482615,0.472304,0.158697,0.438806,4.196623,0.000000,0.000000,0.332813
common_draws,c24_r300m,24,300.000000,442,0.064773,0.103343,0.650338,0.614146,0.626053,0.428750,4.111501,0.000000,0.000000,0.567363
common_draws,c24_r300m,24,300.000000,433,0.099525,0.098597,0.669189,0.779329,0.639480,0.500778,4.985182,0.000000,0.000000,0.773076
common_draws,c24_r300m,24,300.000000,434,0.083307,0.054774,0.443321,0.760140,0.766297,0.413000,3.957931,0.000000,0.000000,0.743434
common_draws,c24_r300m,24,300.000000,440,0.107132,0.104595,0.697429,0.447847,0.247203,0.447417,4.302662,0.000000,0.000000,0.425785
common_draws,c24_r300m,24,300.000000,445,0.111747,0.108408,0.702615,0.767621,0.734385,0.524556,5.214857,0.000000,0.000000,0.736643
common_draws,c24_r300m,24,300.000000,447,0.064958,0.084267,0.457864,0.529006,0.765596,0.431778,4.065654,0.000000,0.000000,0.434973
common_draws,c24_r300m,24,300.000000,441,0.078232,0.107609,0.673495,0.800214,0.715980,0.454306,4.357708,0.000000,0.000000,0.811432
common_draws,c24_r300m,24,300.000000,438,0.073761,0.084796,0.626183,0.819801,0.859661,0.474667,4.604343,0.000000,0.000000,0.788537
common_draws,c24_r300m,24,300.000000,449,0.068346,0.079939,0.600477,0.306361,0.618956,0.440361,4.203819,0.000000,0.000000,0.276470
common_draws,c24_r300m,24,300.000000,446,0.058788,0.059126,0.326255,0.293188,0.568073,0.407389,3.818327,0.000000,0.000000,0.250691
common_draws,c24_r300m,24,300.000000,444,0.087937,0.113784,0.808137,0.770046,0.594055,0.479806,4.612209,0.000000,0.000000,0.800301
common_draws,c24_r300m,24,300.000000,443,0.111309,0.112908,0.781717,0.738181,0.736903,0.461500,4.415928,0.000000,0.000000,0.711496
common_draws,c24_r600m,24,600.000000,401,0.071491,0.089404,0.720217,0.589957,0.681104,0.813667,8.847458,0.000000,0.000000,0.542200
common_draws,c24_r600m,24,600.000000,402,0.048064,0.046281,0.331731,0.361043,0.322320,0.694889,7.414671,0.000000,0.000000,0.340144
common_draws,c24_r600m,24,600.000000,403,0.092534,0.081498,0.639442,0.542939,0.781489,0.721083,7.677462,0.000000,0.000000,0.485766
common_draws,c24_r300m,24,300.000000,448,0.103036,0.096218,0.564250,0.685308,0.372335,0.475750,4.634299,0.000000,0.000000,0.575293
common_draws,c24_r600m,24,600.000000,404,0.109436,0.090024,0.682921,0.607198,0.739256,0.764972,8.247687,0.000000,0.000000,0.587720
common_draws,c24_r600m,24,600.000000,400,0.087003,0.057366,0.485511,0.246498,0.615064,0.673583,7.190976,0.000000,0.000000,0.253689
common_draws,c24_r600m,24,600.000000,405,0.079658,0.079585,0.646577,0.817855,0.701560,0.753528,8.077861,0.000000,0.000000,0.813816
common_draws,c24_r600m,24,600.000000,407,0.022743,0.033433,0.210185,0.509787,0.706450,0.764167,8.406337,0.000000,0.000000,0.529238
common_draws,c24_r600m,24,600.000000,408,0.039325,0.046015,0.338743,0.376594,0.808178,0.722861,7.794565,0.000000,0.000000,0.418200
common_draws,c24_r600m,24,600.000000,406,0.034857,0.051871,0.258651,0.353037,0.515998,0.714417,7.692564,0.000000,0.000000,0.316162
common_draws,c24_r600m,24,600.000000,409,0.061537,0.055036,0.272132,0.567823,0.474749,0.720528,7.788585,0.000000,0.000000,0.554521
common_draws,c24_r600m,24,600.000000,411,0.033979,0.046666,0.163231,0.764767,0.731127,0.717806,7.738922,0.000000,0.000000,0.614813
common_draws,c24_r600m,24,600.000000,410,0.079649,0.082195,0.619597,0.400819,0.595973,0.710306,7.568044,0.000000,0.000000,0.457912
common_draws,c24_r600m,24,600.000000,413,0.082466,0.067524,0.526389,0.215357,0.694989,0.729639,7.904404,0.000000,0.000000,0.238791
common_draws,c24_r600m,24,600.000000,412,0.044494,0.063745,0.358635,0.345716,0.518012,0.717639,7.768105,0.000000,0.000000,0.346986
common_draws,c24_r600m,24,600.000000,414,0.072375,0.077545,0.672779,0.447730,0.427930,0.809944,8.810337,0.000000,0.000000,0.414514
common_draws,c24_r600m,24,600.000000,416,0.077536,0.072200,0.600658,0.466871,0.403655,0.762250,8.267872,0.000000,0.000000,0.346068
common_draws,c24_r600m,24,600.000000,415,0.046962,0.059031,0.272121,0.312831,0.805036,0.735167,7.999249,0.000000,0.000000,0.298013
common_draws,c24_r600m,24,600.000000,417,0.036065,0.050266,0.212936,0.562464,0.776131,0.770972,8.408126,0.000000,0.000000,0.533238
common_draws,c24_r600m,24,600.000000,420,0.065500,0.077933,0.679957,0.192916,0.714330,0.783417,8.486542,0.000000,0.000000,0.286875
common_draws,c24_r600m,24,600.000000,418,0.095801,0.098503,0.774012,0.705466,0.605500,0.756722,8.101354,0.000000,0.000000,0.656019
common_draws,c24_r600m,24,600.000000,419,0.041243,0.055836,0.471386,0.484822,0.637480,0.731972,7.934215,0.000000,0.000000,0.544509
common_draws,c24_r600m,24,600.000000,421,0.054050,0.049479,0.465267,0.630799,0.826274,0.739194,7.917890,0.000000,0.000000,0.621190
common_draws,c24_r600m,24,600.000000,422,0.088928,0.086178,0.539249,0.468888,0.687318,0.686833,7.356412,0.000000,0.000000,0.458310
common_draws,c24_r600m,24,600.000000,424,0.032315,0.037869,0.232624,0.267701,0.708083,0.740083,8.058300,0.000000,0.000000,0.272854
common_draws,c24_r600m,24,600.000000,423,0.056113,0.041734,0.415798,0.446306,0.703249,0.738333,7.962383,0.000000,0.000000,0.430903
common_draws,c24_r600m,24,600.000000,425,0.076360,0.062953,0.465605,0.460915,0.433805,0.716194,7.708128,0.000000,0.000000,0.405829
common_draws,c24_r600m,24,600.000000,427,0.052711,0.058962,0.292439,0.198268,0.807805,0.695472,7.501341,0.000000,0.000000,0.232574
common_draws,c24_r600m,24,600.000000,426,0.043559,0.059759,0.467772,0.488924,0.549207,0.704611,7.606746,0.000000,0.000000,0.587572
common_draws,c24_r600m,24,600.000000,428,0.076338,0.077190,0.498875,0.210686,0.803073,0.709694,7.676366,0.000000,0.000000,0.254563
common_draws,c24_r600m,24,600.000000,429,0.073541,0.064895,0.411590,0.712682,0.526802,0.708444,7.557350,0.000000,0.000000,0.612498
common_draws,c24_r600m,24,600.000000,430,0.039328,0.058257,0.287696,0.501367,0.485089,0.761444,8.319219,0.000000,0.000000,0.431199
common_draws,c24_r600m,24,600.000000,431,0.069898,0.039726,0.249173,0.156413,0.734686,0.696472,7.472430,0.000000,0.000000,0.159058
common_draws,c24_r600m,24,600.000000,432,0.057592,0.059955,0.385987,0.471092,0.682165,0.683250,7.323942,0.000000,0.000000,0.483117
common_draws,c24_r600m,24,600.000000,433,0.061254,0.078649,0.617263,0.169725,0.739906,0.766556,8.299632,0.000000,0.000000,0.196645
common_draws,c24_r600m,24,600.000000,434,0.059831,0.066647,0.414925,0.353287,0.706457,0.703639,7.531403,0.000000,0.000000,0.293256
common_draws,c24_r600m,24,600.000000,435,0.090099,0.101316,0.724638,0.605095,0.701487,0.780194,8.424414,0.000000,0.000000,0.462871
common_draws,c24_r600m,24,600.000000,436,0.069174,0.058995,0.389478,0.501252,0.713465,0.757472,8.209370,0.000000,0.000000,0.590101
common_draws,c24_r600m,24,600.000000,437,0.032886,0.040894,0.363424,0.366811,0.639372,0.704694,7.534480,0.000000,0.000000,0.410642
common_draws,c24_r600m,24,600.000000,439,0.044869,0.044970,0.319298,0.265682,0.279962,0.716444,7.774451,0.000000,0.000000,0.233205
common_draws,c24_r600m,24,600.000000,441,0.103495,0.089998,0.651694,0.338266,0.306439,0.713333,7.600327,0.000000,0.000000,0.281705
common_draws,c24_r600m,24,600.000000,438,0.067830,0.067377,0.545076,0.801581,0.677346,0.716167,7.660003,0.000000,0.000000,0.837431
common_draws,c24_r600m,24,600.000000,442,0.070091,0.039751,0.494488,0.261216,0.517429,0.710250,7.641761,0.000000,0.000000,0.300089
common_draws,c24_r600m,24,600.000000,440,0.055221,0.055198,0.289178,0.606753,0.525785,0.769361,8.379858,0.000000,0.000000,0.677116
common_draws,c24_r600m,24,600.000000,443,0.077433,0.081546,0.718048,0.564477,0.338715,0.750722,8.098891,0.000000,0.000000,0.504587
common_draws,c24_r600m,24,600.000000,444,0.082908,0.072985,0.542344,0.297372,0.457221,0.733750,7.907369,0.000000,0.000000,0.358713
common_draws,c24_r600m,24,600.000000,445,0.061126,0.073151,0.652003,0.559054,0.706903,0.723306,7.735615,0.000000,0.000000,0.549807
common_draws,c24_r600m,24,600.000000,448,0.046792,0.033847,0.199942,0.136763,0.366330,0.710639,7.707573,0.000000,0.000000,0.185632
common_draws,c24_r600m,24,600.000000,446,0.058302,0.063690,0.477382,0.675488,0.515516,0.756333,8.155650,0.000000,0.000000,0.649913
common_draws,c24_r600m,24,600.000000,447,0.078884,0.077773,0.421443,0.745658,0.577067,0.722833,7.767855,0.000000,0.000000,0.734761
common_draws,c24_r600m,24,600.000000,449,0.077045,0.062043,0.527635,0.397002,0.588281,0.660278,6.992416,0.000000,0.000000,0.377595
