variant,condition,food_site_count,food_site_radius,seed,final_recruitment_advantage,tail_recruitment_advantage,final_directional_bias,final_receiver_attention,final_dance_propensity,final_success,final_payoff,final_floor_fraction,tail_floor_fraction,tail_dance_follow_share
pre_visit_dance,c1_r15m,1,15.000000,413,0.000000,0.000000,0.249047,0.422634,0.608917,0.000694,0.001000,1.000000,1.000000,0.337991
pre_visit_dance,c1_r15m,1,15.000000,408,0.000000,0.000000,0.255509,0.451824,0.563965,0.000333,0.001000,1.000000,1.000000,0.419768
pre_visit_dance,c1_r15m,1,15.000000,400,0.000000,0.004059,0.529387,0.298412,0.710669,0.000500,0.001000,1.000000,1.000000,0.206585
pre_visit_dance,c1_r15m,1,15.000000,410,0.000000,0.000000,0.167050,0.248084,0.596233,0.000528,0.001000,1.000000,1.000000,0.246323
pre_visit_dance,c1_r15m,1,15.000000,402,0.000000,-0.014286,0.323105,0.492688,0.490322,0.000250,0.001000,1.000000,1.000000,0.632353
pre_visit_dance,c1_r15m,1,15.000000,411,0.000000,0.000000,0.604861,0.459045,0.516912,0.000417,0.001000,1.000000,1.000000,0.389140
pre_visit_dance,c1_r15m,1,15.000000,412,0.000000,0.000000,0.229476,0.297412,0.624039,0.000917,0.001000,1.000000,1.000000,0.433752
pre_visit_dance,c1_r15m,1,15.000000,405,-0.032258,-0.003226,0.343991,0.612358,0.637562,0.000500,0.001000,1.000000,1.000000,0.672150
pre_visit_dance,c1_r15m,1,15.000000,406,0.000000,0.000000,0.562277,0.307769,0.548816,0.000250,0.001000,1.000000,1.000000,0.581698
pre_visit_dance,c1_r15m,1,15.000000,409,0.000000,0.000000,0.224538,0.398398,0.845961,0.000194,0.001000,1.000000,1.000000,0.484218
pre_visit_dance,c1_r15m,1,15.000000,407,0.000000,0.000000,0.223864,0.103676,0.692168,0.000222,0.001000,1.000000,1.000000,0.134145
pre_visit_dance,c1_r15m,1,15.000000,403,0.000000,0.002885,0.291082,0.553800,0.620689,0.000528,0.001000,1.000000,1.000000,0.638086
pre_visit_dance,c1_r15m,1,15.000000,415,0.000000,0.000000,0.429418,0.447167,0.790645,0.000500,0.001000,1.000000,1.000000,0.353354
pre_visit_dance,c1_r15m,1,15.000000,404,0.000000,0.000000,0.199837,0.537364,0.340441,0.000361,0.001000,1.000000,1.000000,0.558622
pre_visit_dance,c1_r15m,1,15.000000,401,0.000000,0.000000,0.441821,0.464467,0.536974,0.000917,0.001000,1.000000,1.000000,0.361051
pre_visit_dance,c1_r15m,1,15.000000,414,0.000000,0.000000,0.252727,0.573499,0.619186,0.001167,0.001000,1.000000,1.000000,0.435241
pre_visit_dance,c1_r15m,1,15.000000,416,0.000000,-0.001449,0.167817,0.415134,0.533218,0.000944,0.001000,1.000000,1.000000,0.382460
pre_visit_dance,c1_r15m,1,15.000000,417,0.000000,0.004348,0.501817,0.428830,0.578059,0.000472,0.001000,1.000000,1.000000,0.538009
pre_visit_dance,c1_r15m,1,15.000000,418,0.000000,0.006667,0.636934,0.426899,0.525811,0.000250,0.001000,1.000000,1.000000,0.357535
pre_visit_dance,c1_r15m,1,15.000000,419,0.000000,0.000000,0.524082,0.278290,0.351599,0.000889,0.001000,1.000000,1.000000,0.322942
pre_visit_dance,c1_r15m,1,15.000000,420,0.000000,0.002132,0.566728,0.673741,0.779226,0.001111,0.001000,1.000000,1.000000,0.634911
pre_visit_dance,c1_r15m,1,15.000000,424,0.000000,0.000000,0.504830,0.362878,0.419548,0.000583,0.001000,1.000000,1.000000,0.342640
pre_visit_dance,c1_r15m,1,15.000000,422,0.000000,0.000000,0.454621,0.295276,0.761097,0.000361,0.001000,1.000000,1.000000,0.110885
pre_visit_dance,c1_r15m,1,15.000000,427,0.000000,0.003037,0.291370,0.717127,0.593982,0.000722,0.001000,1.000000,1.000000,0.724047
pre_visit_dance,c1_r15m,1,15.000000,429,0.000000,-0.002564,0.217278,0.222435,0.789718,0.000472,0.001000,1.000000,1.000000,0.210187
pre_visit_dance,c1_r15m,1,15.000000,425,0.000000,-0.001667,0.292587,0.518445,0.526545,0.000861,0.001000,1.000000,1.000000,0.521475
pre_visit_dance,c1_r15m,1,15.000000,428,0.000000,0.000000,0.352094,0.358839,0.563198,0.000556,0.001000,1.000000,1.000000,0.401427
pre_visit_dance,c1_r15m,1,15.000000,430,0.000000,0.002564,0.695478,0.388909,0.691314,0.000750,0.001000,1.000000,1.000000,0.375219
pre_visit_dance,c1_r15m,1,15.000000,426,0.000000,0.000000,0.620489,0.303549,0.331778,0.000167,0.001000,1.000000,1.000000,0.365976
pre_visit_dance,c1_r15m,1,15.000000,421,0.000000,0.000000,0.195563,0.846722,0.425771,0.001000,0.001000,1.000000,1.000000,0.651798
pre_visit_dance,c1_r15m,1,15.000000,423,-0.018182,-0.001818,0.341337,0.227586,0.607175,0.000444,0.001000,1.000000,1.000000,0.322805
pre_visit_dance,c1_r15m,1,15.000000,431,0.000000,0.000000,0.268719,0.360361,0.701610,0.000667,0.001000,1.000000,1.000000,0.299230
pre_visit_dance,c1_r15m,1,15.000000,432,0.000000,-0.006250,0.302253,0.325895,0.363570,0.000611,0.001000,1.000000,1.000000,0.296005
pre_visit_dance,c1_r15m,1,15.000000,433,0.000000,0.002778,0.144502,0.447420,0.587032,0.000528,0.001000,1.000000,1.000000,0.546243
pre_visit_dance,c1_r15m,1,15.000000,434,0.000000,0.003917,0.898416,0.393407,0.875389,0.000694,0.001000,1.000000,1.000000,0.415166
pre_visit_dance,c1_r15m,1,15.000000,435,0.000000,0.000000,0.619198,0.391796,0.342791,0.000722,0.001000,1.000000,1.000000,0.425572
pre_visit_dance,c1_r15m,1,15.000000,436,0.000000,0.000000,0.199416,0.334422,0.483950,0.000361,0.001000,1.000000,1.000000,0.409866
pre_visit_dance,c1_r15m,1,15.000000,438,0.000000,0.002941,0.368281,0.568028,0.710673,0.000333,0.001000,1.000000,1.000000,0.532882
pre_visit_dance,c1_r15m,1,15.000000,437,0.000000,0.000000,0.277214,0.532620,0.490004,0.000472,0.001000,1.000000,1.000000,0.637690
pre_visit_dance,c1_r15m,1,15.000000,439,0.000000,0.000000,0.528094,0.226313,0.534284,0.000722,0.001000,1.000000,1.000000,0.199251
pre_visit_dance,c1_r15m,1,15.000000,440,0.000000,0.000000,0.429179,0.371483,0.688469,0.001222,0.001000,1.000000,1.000000,0.342954
pre_visit_dance,c1_r15m,1,15.000000,441,0.000000,0.000868,0.258285,0.662094,0.678376,0.000583,0.001000,1.000000,1.000000,0.497962
pre_visit_dance,c1_r15m,1,15.000000,442,0.000000,0.000000,0.237387,0.205266,0.591466,0.000833,0.001000,1.000000,1.000000,0.169556
pre_visit_dance,c1_r15m,1,15.000000,443,0.000000,0.000000,0.355625,0.339625,0.553472,0.000667,0.001000,1.000000,1.000000,0.172855
pre_visit_dance,c1_r15m,1,15.000000,444,0.000000,-0.002000,0.387996,0.246454,0.494583,0.000611,0.001000,1.000000,1.000000,0.264440
pre_visit_dance,c1_r15m,1,15.000000,445,0.000000,-0.001493,0.206885,0.504151,0.573505,0.000917,0.001000,1.000000,1.000000,0.415183
pre_visit_dance,c1_r15m,1,15.000000,446,0.000000,0.000000,0.574114,0.385418,0.700736,0.001056,0.001000,1.000000,1.000000,0.472623
pre_visit_dance,c1_r15m,1,15.000000,447,0.000000,0.001961,0.241039,0.439666,0.620828,0.000833,0.001000,1.000000,1.000000,0.376143
pre_visit_dance,c1_r15m,1,15.000000,448,0.000000,0.000535,0.293503,0.525168,0.840777,0.000722,0.001000,1.000000,1.000000,0.473305
pre_visit_dance,c1_r15m,1,15.000000,449,-0.029412,0.001225,0.557413,0.464388,0.664893,0.000500,0.001000,1.000000,1.000000,0.411410
pre_visit_dance,c1_r37.5m,1,37.500000,400,0.037970,0.003582,0.190627,0.415803,0.769520,0.001139,0.001000,1.000000,1.000000,0.349306
pre_visit_dance,c1_r37.5m,1,37.500000,401,-0.007937,0.018653,0.527506,0.186510,0.423747,0.001889,0.001000,1.000000,1.000000,0.101111
pre_visit_dance,c1_r37.5m,1,37.500000,402,0.002405,0.012566,0.336311,0.364005,0.596332,0.001583,0.001000,1.000000,1.000000,0.394402
pre_visit_dance,c1_r37.5m,1,37.500000,404,0.033333,0.018034,0.487807,0.299625,0.781110,0.001250,0.001000,1.000000,1.000000,0.312177
pre_visit_dance,c1_r37.5m,1,37.500000,405,0.000000,0.015848,0.296343,0.529951,0.706488,0.001028,0.001000,1.000000,1.000000,0.588031
pre_visit_dance,c1_r37.5m,1,37.500000,403,0.000000,0.014888,0.278582,0.431563,0.468510,0.001694,0.001000,1.000000,1.000000,0.309490
pre_visit_dance,c1_r37.5m,1,37.500000,408,0.011236,0.007181,0.394184,0.542945,0.641385,0.001167,0.001000,1.000000,1.000000,0.592618
pre_visit_dance,c1_r37.5m,1,37.500000,406,0.032609,0.018620,0.584801,0.591159,0.432192,0.001361,0.001000,1.000000,1.000000,0.449001
pre_visit_dance,c1_r37.5m,1,37.500000,407,0.015385,0.007057,0.386165,0.367277,0.572461,0.001806,0.001000,1.000000,1.000000,0.359049
pre_visit_dance,c1_r37.5m,1,37.500000,409,0.005159,0.020977,0.251699,0.468466,0.247511,0.002528,0.001000,1.000000,1.000000,0.345421
pre_visit_dance,c1_r37.5m,1,37.500000,410,0.029412,0.010928,0.206233,0.319423,0.799393,0.000944,0.001000,1.000000,1.000000,0.243362
pre_visit_dance,c1_r37.5m,1,37.500000,412,-0.017544,0.015278,0.405466,0.314794,0.655887,0.000944,0.001000,1.000000,1.000000,0.283465
pre_visit_dance,c1_r37.5m,1,37.500000,411,-0.009434,0.002137,0.254567,0.184587,0.228237,0.001944,0.001000,1.000000,1.000000,0.379142
pre_visit_dance,c1_r37.5m,1,37.500000,413,0.000000,0.012671,0.418283,0.275251,0.450641,0.000556,0.001000,1.000000,1.000000,0.219688
pre_visit_dance,c1_r37.5m,1,37.500000,414,0.000000,0.009202,0.293046,0.468464,0.262618,0.001389,0.001000,1.000000,1.000000,0.332607
pre_visit_dance,c1_r37.5m,1,37.500000,415,0.011364,0.010712,0.567567,0.615492,0.656553,0.001194,0.001000,1.000000,1.000000,0.507363
pre_visit_dance,c1_r37.5m,1,37.500000,416,0.005495,0.029946,0.562438,0.286225,0.622095,0.001722,0.001000,1.000000,1.000000,0.335424
pre_visit_dance,c1_r37.5m,1,37.500000,419,0.000000,0.016998,0.586922,0.320051,0.590513,0.000556,0.001000,1.000000,1.000000,0.271224
pre_visit_dance,c1_r37.5m,1,37.500000,417,0.000000,0.013169,0.294300,0.345249,0.497444,0.000444,0.001000,1.000000,1.000000,0.480688
pre_visit_dance,c1_r37.5m,1,37.500000,420,-0.009868,0.009058,0.203324,0.281262,0.555640,0.000639,0.001000,1.000000,1.000000,0.420608
pre_visit_dance,c1_r37.5m,1,37.500000,418,0.013699,0.018560,0.604819,0.302195,0.471781,0.001194,0.001000,1.000000,1.000000,0.437183
pre_visit_dance,c1_r37.5m,1,37.500000,421,0.026144,0.002609,0.364168,0.335529,0.289970,0.002000,0.001000,1.000000,1.000000,0.378965
pre_visit_dance,c1_r37.5m,1,37.500000,423,0.017647,0.010154,0.555575,0.453113,0.572189,0.002056,0.001000,1.000000,1.000000,0.410566
pre_visit_dance,c1_r37.5m,1,37.500000,422,0.000000,0.028173,0.259843,0.378784,0.565298,0.000778,0.001000,1.000000,1.000000,0.352332
pre_visit_dance,c1_r37.5m,1,37.500000,425,-0.015873,0.010443,0.179035,0.276397,0.639907,0.001500,0.001000,1.000000,1.000000,0.228896
pre_visit_dance,c1_r37.5m,1,37.500000,424,-0.009434,0.015582,0.515735,0.235443,0.747098,0.001083,0.001000,1.000000,1.000000,0.247382
pre_visit_dance,c1_r37.5m,1,37.500000,427,0.005155,0.006332,0.394029,0.499427,0.675891,0.001833,0.001000,1.000000,1.000000,0.598428
pre_visit_dance,c1_r37.5m,1,37.500000,426,-0.006061,0.020040,0.401826,0.439733,0.444134,0.002250,0.001000,1.000000,1.000000,0.258778
pre_visit_dance,c1_r37.5m,1,37.500000,428,0.000000,0.007076,0.305790,0.546513,0.843867,0.001278,0.001000,1.000000,1.000000,0.577868
pre_visit_dance,c1_r37.5m,1,37.500000,429,0.000000,0.016598,0.563686,0.682874,0.414150,0.000972,0.001000,1.000000,1.000000,0.724740
pre_visit_dance,c1_r37.5m,1,37.500000,430,0.005175,0.021920,0.486993,0.383622,0.627816,0.001750,0.001000,1.000000,1.000000,0.405276
pre_visit_dance,c1_r37.5m,1,37.500000,431,0.017339,0.010776,0.281669,0.275042,0.713373,0.002278,0.001000,1.000000,1.000000,0.422848
pre_visit_dance,c1_r37.5m,1,37.500000,432,0.070290,0.034575,0.712687,0.202241,0.349188,0.001000,0.001000,1.000000,1.000000,0.186661
pre_visit_dance,c1_r37.5m,1,37.500000,433,0.019231,-0.003780,0.174382,0.337510,0.679389,0.000861,0.001000,1.000000,1.000000,0.236225
pre_visit_dance,c1_r37.5m,1,37.500000,435,0.000000,0.010554,0.287407,0.518707,0.639069,0.000694,0.001000,1.000000,1.000000,0.514201
pre_visit_dance,c1_r37.5m,1,37.500000,434,0.000000,0.002815,0.150202,0.299735,0.750565,0.001667,0.001000,1.000000,1.000000,0.214062
pre_visit_dance,c1_r37.5m,1,37.500000,436,0.017500,0.002099,0.388629,0.534515,0.422806,0.001056,0.001000,1.000000,1.000000,0.608222
pre_visit_dance,c1_r37.5m,1,37.500000,437,0.000000,-0.000713,0.344439,0.422662,0.536028,0.001111,0.001000,1.000000,1.000000,0.656861
pre_visit_dance,c1_r37.5m,1,37.500000,438,-0.005709,0.014408,0.252664,0.333967,0.744208,0.000944,0.001000,1.000000,1.000000,0.308126
pre_visit_dance,c1_r37.5m,1,37.500000,440,0.010989,0.001113,0.314001,0.348158,0.606526,0.001389,0.001000,1.000000,1.000000,0.426350
pre_visit_dance,c1_r37.5m,1,37.500000,441,0.002506,0.024728,0.476486,0.544797,0.472911,0.001861,0.001000,1.000000,1.000000,0.522421
pre_visit_dance,c1_r37.5m,1,37.500000,439,0.076923,0.018256,0.514481,0.458675,0.625375,0.000861,0.001000,1.000000,1.000000,0.452242
pre_visit_dance,c1_r37.5m,1,37.500000,442,0.000000,0.011425,0.416242,0.421880,0.540471,0.001028,0.001000,1.000000,1.000000,0.349635
pre_visit_dance,c1_r37.5m,1,37.500000,444,-0.002392,0.005721,0.278080,0.525393,0.718422,0.001667,0.001000,1.000000,1.000000,0.571704
pre_visit_dance,c1_r37.5m,1,37.500000,443,0.012393,0.014109,0.267668,0.407237,0.697372,0.002583,0.001000,1.000000,1.000000,0.425807
pre_visit_dance,c1_r37.5m,1,37.500000,446,0.000000,0.010476,0.385162,0.323619,0.627058,0.000972,0.001000,1.000000,1.000000,0.404269
pre_visit_dance,c1_r37.5m,1,37.500000,445,-0.016049,0.016159,0.562084,0.599187,0.660213,0.002278,0.001000,1.000000,1.000000,0.654183
pre_visit_dance,c1_r37.5m,1,37.500000,447,0.000000,0.015848,0.459446,0.340930,0.641735,0.001083,0.001000,1.000000,1.000000,0.301584
pre_visit_dance,c1_r37.5m,1,37.500000,448,0.013889,0.011637,0.296467,0.357372,0.697822,0.001000,0.001000,1.000000,1.000000,0.393133
pre_visit_dance,c1_r75m,1,75.000000,400,0.040973,0.044693,0.507406,0.461180,0.446042,0.003028,0.001000,1.000000,1.000000,0.298268
pre_visit_dance,c1_r37.5m,1,37.500000,449,0.032990,0.005245,0.804058,0.744279,0.593804,0.001778,0.001000,1.000000,1.000000,0.751998
pre_visit_dance,c1_r75m,1,75.000000,401,0.018241,0.056243,0.665700,0.186070,0.790491,0.004333,0.001000,1.000000,1.000000,0.301385
pre_visit_dance,c1_r75m,1,75.000000,402,0.056843,0.055788,0.552208,0.670471,0.699239,0.004222,0.001000,1.000000,1.000000,0.587570
pre_visit_dance,c1_r75m,1,75.000000,403,0.033347,0.048756,0.362035,0.280289,0.666258,0.003056,0.001000,1.000000,1.000000,0.381973
pre_visit_dance,c1_r75m,1,75.000000,405,0.027657,0.028590,0.215420,0.511907,0.502680,0.003889,0.001000,1.000000,1.000000,0.345904
pre_visit_dance,c1_r75m,1,75.000000,404,0.037592,0.036320,0.302900,0.358026,0.449951,0.003750,0.001000,1.000000,1.000000,0.472535
pre_visit_dance,c1_r75m,1,75.000000,406,0.038635,0.031569,0.205578,0.192800,0.627006,0.003722,0.001000,1.000000,1.000000,0.207988
pre_visit_dance,c1_r75m,1,75.000000,408,0.037679,0.051448,0.532424,0.191680,0.787179,0.001750,0.001000,1.000000,1.000000,0.275642
pre_visit_dance,c1_r75m,1,75.000000,407,0.004464,0.022380,0.159030,0.166363,0.379948,0.002472,0.001000,1.000000,1.000000,0.165114
pre_visit_dance,c1_r75m,1,75.000000,409,0.010733,0.022531,0.226600,0.553436,0.628777,0.005000,0.001000,1.000000,1.000000,0.546351
pre_visit_dance,c1_r75m,1,75.000000,410,0.021390,0.031036,0.234026,0.346762,0.515650,0.001083,0.001000,1.000000,1.000000,0.390626
pre_visit_dance,c1_r75m,1,75.000000,411,0.029851,0.012017,0.155961,0.385895,0.674620,0.000944,0.001000,1.000000,1.000000,0.431421
pre_visit_dance,c1_r75m,1,75.000000,413,0.064516,0.041728,0.230397,0.474911,0.517657,0.001694,0.001000,1.000000,1.000000,0.641572
pre_visit_dance,c1_r75m,1,75.000000,412,0.026660,0.030931,0.223647,0.432424,0.629332,0.003167,0.001000,1.000000,1.000000,0.325944
pre_visit_dance,c1_r75m,1,75.000000,414,0.081564,0.037314,0.389213,0.303563,0.537514,0.003333,0.001000,1.000000,1.000000,0.316747
pre_visit_dance,c1_r75m,1,75.000000,415,0.014090,0.022368,0.353408,0.357346,0.700964,0.003667,0.001000,1.000000,1.000000,0.402601
pre_visit_dance,c1_r75m,1,75.000000,416,0.035887,0.028904,0.531994,0.339789,0.485225,0.001278,0.001000,1.000000,1.000000,0.330015
pre_visit_dance,c1_r75m,1,75.000000,417,0.086555,0.064955,0.496893,0.252622,0.715754,0.002528,0.001000,1.000000,1.000000,0.205260
pre_visit_dance,c1_r75m,1,75.000000,418,0.047619,0.029771,0.315623,0.356877,0.642173,0.001750,0.001000,1.000000,1.000000,0.321152
pre_visit_dance,c1_r75m,1,75.000000,419,0.048307,0.053968,0.309709,0.325462,0.563594,0.002444,0.001000,1.000000,1.000000,0.340326
pre_visit_dance,c1_r75m,1,75.000000,423,0.033348,0.030919,0.310789,0.539245,0.438892,0.001833,0.001000,1.000000,1.000000,0.446789
pre_visit_dance,c1_r75m,1,75.000000,421,0.024637,0.048669,0.304324,0.466645,0.816999,0.002583,0.001000,1.000000,1.000000,0.361707
pre_visit_dance,c1_r75m,1,75.000000,420,0.011991,0.047743,0.562219,0.451423,0.570906,0.001361,0.001000,1.000000,1.000000,0.564887
pre_visit_dance,c1_r75m,1,75.000000,422,0.013068,0.027611,0.382513,0.396064,0.614000,0.004556,0.001000,1.000000,1.000000,0.426445
pre_visit_dance,c1_r75m,1,75.000000,425,0.001971,0.035574,0.609085,0.445154,0.593691,0.001972,0.001000,1.000000,1.000000,0.458724
pre_visit_dance,c1_r75m,1,75.000000,426,0.042254,0.046552,0.788467,0.408087,0.702490,0.001278,0.001000,1.000000,1.000000,0.258884
pre_visit_dance,c1_r75m,1,75.000000,424,0.076023,0.057325,0.518890,0.601408,0.565479,0.002333,0.001000,1.000000,1.000000,0.718498
pre_visit_dance,c1_r75m,1,75.000000,427,-0.004896,0.027097,0.215699,0.398974,0.841413,0.002667,0.001000,1.000000,1.000000,0.319514
pre_visit_dance,c1_r75m,1,75.000000,428,0.003589,0.019625,0.349886,0.513739,0.580084,0.002556,0.001000,1.000000,1.000000,0.517465
pre_visit_dance,c1_r75m,1,75.000000,430,0.008681,0.041049,0.329901,0.227740,0.577878,0.002556,0.001000,1.000000,1.000000,0.255910
pre_visit_dance,c1_r75m,1,75.000000,429,0.040421,0.052703,0.231296,0.205932,0.566538,0.003028,0.001000,1.000000,1.000000,0.234507
pre_visit_dance,c1_r75m,1,75.000000,431,0.079796,0.044298,0.480600,0.307608,0.752637,0.001889,0.001000,1.000000,1.000000,0.258858
pre_visit_dance,c1_r75m,1,75.000000,432,0.044778,0.049003,0.399090,0.378160,0.693114,0.003778,0.001000,1.000000,1.000000,0.342368
pre_visit_dance,c1_r75m,1,75.000000,434,0.059179,0.035694,0.389461,0.419374,0.813512,0.002944,0.001000,1.000000,1.000000,0.559474
pre_visit_dance,c1_r75m,1,75.000000,436,0.027272,0.038331,0.287100,0.529584,0.755311,0.003417,0.001000,1.000000,1.000000,0.540655
pre_visit_dance,c1_r75m,1,75.000000,439,0.020074,0.047954,0.643613,0.229856,0.877486,0.005083,0.001000,1.000000,1.000000,0.248802
pre_visit_dance,c1_r75m,1,75.000000,435,0.012689,0.037997,0.334392,0.387284,0.535302,0.002667,0.001000,1.000000,1.000000,0.411830
pre_visit_dance,c1_r75m,1,75.000000,433,0.037509,0.050027,0.572943,0.455619,0.739045,0.002611,0.001000,1.000000,1.000000,0.610789
pre_visit_dance,c1_r75m,1,75.000000,440,0.032000,0.050909,0.377757,0.535834,0.716355,0.001722,0.001000,1.000000,1.000000,0.469997
pre_visit_dance,c1_r75m,1,75.000000,437,0.044538,0.048257,0.474845,0.416698,0.648412,0.002222,0.001000,1.000000,1.000000,0.477788
pre_visit_dance,c1_r75m,1,75.000000,438,0.077210,0.043294,0.383984,0.414217,0.587562,0.002000,0.001000,1.000000,1.000000,0.382708
pre_visit_dance,c1_r75m,1,75.000000,441,0.015244,0.037909,0.244410,0.325095,0.445008,0.002889,0.001000,1.000000,1.000000,0.380553
pre_visit_dance,c1_r75m,1,75.000000,444,0.060914,0.035488,0.323541,0.624767,0.614654,0.005694,0.001000,1.000000,1.000000,0.566670
pre_visit_dance,c1_r75m,1,75.000000,443,0.059416,0.025156,0.291074,0.283107,0.429137,0.003667,0.001000,1.000000,1.000000,0.412039
pre_visit_dance,c1_r75m,1,75.000000,446,0.055471,0.032665,0.315512,0.255966,0.732918,0.002028,0.001000,1.000000,1.000000,0.198887
pre_visit_dance,c1_r75m,1,75.000000,445,0.051454,0.052030,0.419690,0.291297,0.661103,0.003306,0.001000,1.000000,1.000000,0.417759
pre_visit_dance,c1_r75m,1,75.000000,442,0.023018,0.012238,0.233842,0.702259,0.803794,0.002222,0.001000,1.000000,1.000000,0.439437
pre_visit_dance,c1_r75m,1,75.000000,447,0.048855,0.026531,0.133534,0.381054,0.608196,0.002083,0.001000,1.000000,1.000000,0.446945
pre_visit_dance,c1_r75m,1,75.000000,449,0.068676,0.050094,0.531210,0.327416,0.658576,0.003306,0.001000,1.000000,1.000000,0.256776
pre_visit_dance,c1_r75m,1,75.000000,448,0.007582,0.032168,0.238258,0.468184,0.743198,0.003472,0.001000,1.000000,1.000000,0.395813
pre_visit_dance,c1_r150m,1,150.000000,400,0.045378,0.056814,0.287689,0.390078,0.410648,0.007861,0.001000,1.000000,1.000000,0.381723
pre_visit_dance,c1_r150m,1,150.000000,401,0.118463,0.102611,0.514402,0.194361,0.630504,0.006500,0.001000,1.000000,1.000000,0.213764
pre_visit_dance,c1_r150m,1,150.000000,404,0.116056,0.086493,0.508319,0.360093,0.844253,0.007167,0.001000,1.000000,1.000000,0.368159
pre_visit_dance,c1_r150m,1,150.000000,402,0.093951,0.095147,0.354676,0.327869,0.593934,0.007000,0.001000,1.000000,1.000000,0.338639
pre_visit_dance,c1_r150m,1,150.000000,406,0.096679,0.057216,0.278541,0.431454,0.642982,0.004222,0.001000,1.000000,1.000000,0.409003
pre_visit_dance,c1_r150m,1,150.000000,407,0.118736,0.062000,0.048342,0.585145,0.346470,0.000806,0.001000,1.000000,0.996667,0.371046
pre_visit_dance,c1_r150m,1,150.000000,412,0.076860,0.108452,0.515550,0.576164,0.785070,0.002583,0.001000,1.000000,0.998333,0.448600
pre_visit_dance,c1_r150m,1,150.000000,403,0.084835,0.097302,0.864787,0.490458,0.478239,0.000639,0.001000,1.000000,0.996667,0.398139
pre_visit_dance,c1_r150m,1,150.000000,408,0.060016,0.045691,0.342200,0.270166,0.592443,0.008806,0.001000,1.000000,1.000000,0.367522
pre_visit_dance,c1_r150m,1,150.000000,410,0.053470,0.035859,0.261517,0.777140,0.756594,0.006944,0.001000,1.000000,1.000000,0.662144
pre_visit_dance,c1_r150m,1,150.000000,413,0.070610,0.071733,0.433406,0.632921,0.572979,0.005444,0.001000,1.000000,1.000000,0.645746
pre_visit_dance,c1_r150m,1,150.000000,411,0.094529,0.057668,0.421339,0.403050,0.577994,0.009944,0.001000,1.000000,1.000000,0.394035
pre_visit_dance,c1_r150m,1,150.000000,409,0.089134,0.099733,0.261379,0.489332,0.592729,0.001417,0.001000,1.000000,0.996667,0.517060
pre_visit_dance,c1_r150m,1,150.000000,405,0.128651,0.107988,0.894365,0.586727,0.876778,0.001472,0.001000,1.000000,0.995000,0.425375
pre_visit_dance,c1_r150m,1,150.000000,414,0.046322,0.073896,0.337755,0.206480,0.614309,0.008083,0.001000,1.000000,1.000000,0.227323
pre_visit_dance,c1_r150m,1,150.000000,416,0.102517,0.058322,0.328081,0.232015,0.302049,0.005667,0.001000,1.000000,1.000000,0.226193
pre_visit_dance,c1_r150m,1,150.000000,417,0.045412,0.120406,0.404104,0.157728,0.763688,0.002556,0.001000,1.000000,1.000000,0.178463
pre_visit_dance,c1_r150m,1,150.000000,418,0.051500,0.074148,0.334464,0.125003,0.529388,0.001444,0.001000,1.000000,0.998333,0.183693
pre_visit_dance,c1_r150m,1,150.000000,415,0.068492,0.106271,0.239549,0.853749,0.856879,0.003083,0.001000,1.000000,0.998333,0.802924
pre_visit_dance,c1_r150m,1,150.000000,420,0.059219,0.070058,0.222783,0.289882,0.815391,0.004944,0.001000,1.000000,1.000000,0.302217
pre_visit_dance,c1_r150m,1,150.000000,422,0.066481,0.059563,0.122904,0.468064,0.783545,0.001944,0.001000,1.000000,1.000000,0.419247
pre_visit_dance,c1_r150m,1,150.000000,421,0.030117,0.050879,0.206425,0.230879,0.536107,0.002028,0.001000,1.000000,0.998333,0.525654
pre_visit_dance,c1_r150m,1,150.000000,424,0.105512,0.103246,0.426144,0.637283,0.541079,0.006194,0.001000,1.000000,1.000000,0.469821
pre_visit_dance,c1_r150m,1,150.000000,427,0.030242,0.126938,0.617969,0.203289,0.248680,0.000611,0.001000,1.000000,0.998333,0.204613
pre_visit_dance,c1_r150m,1,150.000000,425,0.099046,0.064339,0.329515,0.231204,0.619502,0.005222,0.001000,1.000000,1.000000,0.311063
pre_visit_dance,c1_r150m,1,150.000000,419,0.083874,0.066677,0.613118,0.498381,0.785305,0.001028,0.001000,1.000000,1.000000,0.403421
pre_visit_dance,c1_r150m,1,150.000000,426,0.084865,0.065180,0.295048,0.360921,0.620442,0.008111,0.001000,1.000000,1.000000,0.274126
pre_visit_dance,c1_r150m,1,150.000000,423,0.047977,0.091963,0.532783,0.442321,0.685617,0.003278,0.001000,1.000000,0.998333,0.638008
pre_visit_dance,c1_r150m,1,150.000000,428,0.103729,0.086312,0.568371,0.249479,0.441514,0.003639,0.001000,1.000000,0.998333,0.284996
pre_visit_dance,c1_r150m,1,150.000000,429,0.013601,0.038288,0.248236,0.399432,0.555513,0.004333,0.001000,1.000000,1.000000,0.444548
pre_visit_dance,c1_r150m,1,150.000000,431,0.045167,0.061475,0.342753,0.419871,0.402976,0.005500,0.001000,1.000000,0.998333,0.236012
pre_visit_dance,c1_r150m,1,150.000000,430,0.071322,0.040932,0.193243,0.294885,0.693880,0.008944,0.001000,1.000000,1.000000,0.302248
pre_visit_dance,c1_r150m,1,150.000000,432,0.126301,0.069221,0.111416,0.659237,0.218411,0.001250,0.001000,1.000000,0.998333,0.245918
pre_visit_dance,c1_r150m,1,150.000000,433,0.095792,0.114636,0.369311,0.615539,0.743578,0.002556,0.001000,1.000000,0.998333,0.448671
pre_visit_dance,c1_r150m,1,150.000000,435,0.103907,0.046274,0.217539,0.389725,0.772205,0.002639,0.001000,1.000000,1.000000,0.273219
pre_visit_dance,c1_r150m,1,150.000000,436,0.067010,0.072799,0.321075,0.402014,0.709094,0.004778,0.001000,1.000000,1.000000,0.504009
pre_visit_dance,c1_r150m,1,150.000000,437,0.048833,0.094440,0.258256,0.290558,0.390100,0.001361,0.001000,1.000000,0.996667,0.309206
pre_visit_dance,c1_r150m,1,150.000000,442,0.053013,0.041084,0.183484,0.308480,0.664183,0.002444,0.001000,1.000000,1.000000,0.357203
pre_visit_dance,c1_r150m,1,150.000000,439,0.115303,0.074145,0.548768,0.345649,0.387371,0.004417,0.001612,0.983333,0.996667,0.524472
pre_visit_dance,c1_r150m,1,150.000000,438,0.106701,0.076534,0.172945,0.400976,0.496142,0.003722,0.001000,1.000000,0.998333,0.342730
pre_visit_dance,c1_r150m,1,150.000000,440,0.223404,0.078876,0.837797,0.753669,0.833796,0.001333,0.001000,1.000000,0.998333,0.683970
pre_visit_dance,c1_r150m,1,150.000000,434,0.101616,0.071675,0.294423,0.465497,0.511638,0.003083,0.001000,1.000000,1.000000,0.498790
pre_visit_dance,c1_r150m,1,150.000000,443,0.053942,0.043831,0.249722,0.296489,0.612217,0.004667,0.001000,1.000000,1.000000,0.285523
pre_visit_dance,c1_r150m,1,150.000000,441,0.108336,0.061877,0.183152,0.416680,0.294833,0.003306,0.001000,1.000000,1.000000,0.378295
pre_visit_dance,c1_r150m,1,150.000000,444,0.054672,0.037819,0.210219,0.406599,0.772378,0.007056,0.001000,1.000000,1.000000,0.451101
pre_visit_dance,c1_r150m,1,150.000000,445,0.083535,0.088358,0.346276,0.196645,0.303058,0.002083,0.001000,1.000000,1.000000,0.117986
pre_visit_dance,c1_r150m,1,150.000000,446,0.058484,0.045213,0.295345,0.506009,0.739821,0.009139,0.001000,1.000000,1.000000,0.481323
pre_visit_dance,c1_r150m,1,150.000000,447,0.219551,0.169318,0.733241,0.630867,0.145679,0.001083,0.001000,1.000000,0.998333,0.350625
pre_visit_dance,c1_r150m,1,150.000000,448,0.105263,0.091754,0.747914,0.200453,0.672804,0.000250,0.001000,1.000000,0.996667,0.227137
pre_visit_dance,c1_r300m,1,300.000000,400,0.173141,0.135956,0.313082,0.561131,0.605378,0.004417,0.005648,0.966667,0.956667,0.452058
pre_visit_dance,c1_r150m,1,150.000000,449,0.074366,0.039682,0.319966,0.630234,0.306894,0.003806,0.001000,1.000000,1.000000,0.553057
pre_visit_dance,c1_r300m,1,300.000000,401,0.047078,0.154400,0.381851,0.413607,0.041409,0.002083,0.005452,0.966667,0.941667,0.518944
pre_visit_dance,c1_r300m,1,300.000000,403,0.288732,0.161490,0.305171,0.065028,0.650410,0.001556,0.006571,0.966667,0.955000,0.081163
pre_visit_dance,c1_r300m,1,300.000000,402,0.137842,0.069143,0.160031,0.156237,0.649742,0.002833,0.016416,0.916667,0.945000,0.106022
pre_visit_dance,c1_r300m,1,300.000000,404,0.050654,0.029984,0.053612,0.068073,0.328901,0.002778,0.011566,0.916667,0.950000,0.089702
pre_visit_dance,c1_r300m,1,300.000000,405,0.204638,0.140096,0.358964,0.545693,0.583029,0.002194,0.002853,0.933333,0.938333,0.545624
pre_visit_dance,c1_r300m,1,300.000000,407,0.401838,0.175218,0.422754,0.085042,0.922341,0.002139,0.010011,0.966667,0.963333,0.081205
pre_visit_dance,c1_r300m,1,300.000000,406,0.058824,0.079800,0.189886,0.106554,0.938857,0.001056,0.005374,0.966667,0.953333,0.163495
pre_visit_dance,c1_r300m,1,300.000000,408,-0.053030,0.094467,0.123564,0.348808,0.951445,0.000833,0.001000,1.000000,0.953333,0.192247
pre_visit_dance,c1_r300m,1,300.000000,409,0.093030,0.185260,0.731292,0.208265,0.549370,0.002556,0.006524,0.966667,0.945000,0.183667
pre_visit_dance,c1_r300m,1,300.000000,410,0.448643,0.153942,0.503396,0.559702,0.517784,0.001167,0.002954,0.966667,0.950000,0.542386
pre_visit_dance,c1_r300m,1,300.000000,411,0.103289,0.088405,0.085282,0.194239,0.803368,0.000722,0.001000,1.000000,0.961667,0.248857
pre_visit_dance,c1_r300m,1,300.000000,412,0.178043,0.115597,0.377142,0.460139,0.672009,0.002361,0.013446,0.933333,0.945000,0.372590
pre_visit_dance,c1_r300m,1,300.000000,413,0.293870,0.151772,0.472294,0.507545,0.498254,0.002333,0.011605,0.933333,0.945000,0.428473
pre_visit_dance,c1_r300m,1,300.000000,414,-0.035266,0.132960,0.137905,0.454828,0.147023,0.002750,0.013329,0.933333,0.951667,0.288533
pre_visit_dance,c1_r300m,1,300.000000,415,0.295012,0.219561,0.692412,0.675665,0.121294,0.005972,0.006425,0.950000,0.953333,0.770512
pre_visit_dance,c1_r300m,1,300.000000,416,0.179699,0.139888,0.390413,0.426091,0.033609,0.002278,0.019705,0.916667,0.965000,0.576219
pre_visit_dance,c1_r300m,1,300.000000,418,0.144250,0.099227,0.277763,0.569938,0.830459,0.001167,0.001000,1.000000,0.948333,0.681561
pre_visit_dance,c1_r300m,1,300.000000,417,0.095238,0.100999,0.239039,0.656122,0.669758,0.001222,0.004819,0.983333,0.941667,0.614109
pre_visit_dance,c1_r300m,1,300.000000,419,0.094980,0.083487,0.182170,0.313882,0.374434,0.003639,0.007133,0.933333,0.953333,0.310431
pre_visit_dance,c1_r300m,1,300.000000,420,0.168364,0.118693,0.412548,0.738721,0.184797,0.006139,0.001934,0.983333,0.953333,0.531774
pre_visit_dance,c1_r300m,1,300.000000,423,0.015810,0.190871,0.192451,0.034956,0.256088,0.001750,0.010929,0.950000,0.963333,0.128211
pre_visit_dance,c1_r300m,1,300.000000,422,0.283516,0.203850,0.870361,0.777694,0.152134,0.004972,0.010671,0.950000,0.930000,0.788621
pre_visit_dance,c1_r300m,1,300.000000,421,0.094033,0.116612,0.653029,0.549331,0.696798,0.001778,0.008719,0.950000,0.943333,0.314406
pre_visit_dance,c1_r300m,1,300.000000,424,0.178524,0.180196,0.516108,0.526484,0.888561,0.002833,0.006974,0.966667,0.961667,0.406604
pre_visit_dance,c1_r300m,1,300.000000,425,0.161812,0.151086,0.620783,0.399764,0.741218,0.002944,0.015194,0.933333,0.940000,0.585115
pre_visit_dance,c1_r300m,1,300.000000,426,-0.061318,0.009119,0.372207,0.197933,0.301042,0.001333,0.006851,0.966667,0.951667,0.308142
pre_visit_dance,c1_r300m,1,300.000000,427,-0.007413,0.124364,0.136077,0.182722,0.932054,0.002722,0.017713,0.900000,0.931667,0.198728
pre_visit_dance,c1_r300m,1,300.000000,428,0.098684,0.081030,0.356651,0.773477,0.038942,0.004028,0.010704,0.900000,0.948333,0.598883
pre_visit_dance,c1_r300m,1,300.000000,429,0.365079,0.151365,0.119697,0.135750,0.239127,0.001167,0.001807,0.983333,0.963333,0.096726
pre_visit_dance,c1_r300m,1,300.000000,430,-0.152803,0.018290,0.094681,0.207878,0.824878,0.002667,0.005860,0.933333,0.945000,0.263926
pre_visit_dance,c1_r300m,1,300.000000,431,0.125039,0.136571,0.246479,0.791443,0.883294,0.002611,0.001000,1.000000,0.935000,0.743753
pre_visit_dance,c1_r300m,1,300.000000,433,0.177675,0.147432,0.229285,0.262611,0.504411,0.002306,0.001000,1.000000,0.955000,0.301924
pre_visit_dance,c1_r300m,1,300.000000,432,0.010043,0.095357,0.237175,0.062184,0.617533,0.001028,0.001000,1.000000,0.963333,0.093587
pre_visit_dance,c1_r300m,1,300.000000,434,0.356508,0.270057,0.932032,0.565549,0.325752,0.002417,0.009103,0.950000,0.946667,0.540473
pre_visit_dance,c1_r300m,1,300.000000,436,0.176707,0.098746,0.143373,0.072813,0.542564,0.000778,0.001120,0.983333,0.951667,0.143724
pre_visit_dance,c1_r300m,1,300.000000,435,0.330128,0.242635,0.471521,0.279151,0.800956,0.001750,0.006254,0.966667,0.946667,0.317050
pre_visit_dance,c1_r300m,1,300.000000,437,0.171875,0.059545,0.218035,0.080556,0.955011,0.001944,0.016269,0.933333,0.950000,0.081756
pre_visit_dance,c1_r300m,1,300.000000,439,0.033019,0.042104,0.082938,0.549283,0.495359,0.003194,0.006981,0.950000,0.963333,0.466435
pre_visit_dance,c1_r300m,1,300.000000,438,0.017338,0.176970,0.785863,0.312842,0.857790,0.002111,0.015451,0.916667,0.948333,0.247949
pre_visit_dance,c1_r300m,1,300.000000,440,0.163010,0.201950,0.914076,0.668180,0.722647,0.001861,0.008431,0.950000,0.946667,0.652505
pre_visit_dance,c1_r300m,1,300.000000,442,0.194391,0.185414,0.959830,0.435309,0.955678,0.002500,0.017291,0.900000,0.935000,0.421425
pre_visit_dance,c1_r300m,1,300.000000,441,0.161885,0.123526,0.260144,0.275076,0.839285,0.001722,0.008639,0.966667,0.961667,0.283377
pre_visit_dance,c1_r300m,1,300.000000,443,0.137705,0.107065,0.306777,0.251384,0.207255,0.000944,0.004790,0.983333,0.960000,0.300682
pre_visit_dance,c1_r300m,1,300.000000,444,0.280042,0.269740,0.820527,0.941595,0.755739,0.007972,0.004745,0.933333,0.951667,0.863725
pre_visit_dance,c1_r300m,1,300.000000,445,0.087719,0.078183,0.137551,0.075583,0.515262,0.002333,0.001559,0.966667,0.951667,0.356154
pre_visit_dance,c1_r300m,1,300.000000,446,0.137851,0.207003,0.929431,0.700542,0.283834,0.004056,0.001000,1.000000,0.943333,0.652964
pre_visit_dance,c1_r300m,1,300.000000,447,0.105460,0.177354,0.913871,0.047938,0.110640,0.003472,0.010410,0.933333,0.955000,0.127097
pre_visit_dance,c1_r300m,1,300.000000,449,0.094664,0.125575,0.296271,0.051843,0.500828,0.000556,0.001000,1.000000,0.965000,0.085999
pre_visit_dance,c1_r300m,1,300.000000,448,0.112500,0.149141,0.296282,0.540181,0.369013,0.002528,0.014246,0.933333,0.928333,0.638292
pre_visit_dance,c1_r600m,1,600.000000,401,0.211634,0.159894,0.398869,0.428422,0.831385,0.017444,0.104015,0.566667,0.538333,0.482610
pre_visit_dance,c1_r600m,1,600.000000,402,0.257839,0.125117,0.335663,0.150277,0.848118,0.018889,0.126178,0.583333,0.541667,0.176608
pre_visit_dance,c1_r600m,1,600.000000,403,0.014489,0.082135,0.299785,0.492926,0.542757,0.013472,0.074347,0.650000,0.513333,0.514531
pre_visit_dance,c1_r600m,1,600.000000,406,0.159303,0.157921,0.596681,0.519143,0.696182,0.020333,0.106180,0.516667,0.530000,0.451432
pre_visit_dance,c1_r600m,1,600.000000,405,0.147939,0.224905,0.639165,0.929613,0.575373,0.045528,0.123142,0.383333,0.448333,0.901331
pre_visit_dance,c1_r600m,1,600.000000,404,0.300897,0.277265,0.869633,0.911837,0.835844,0.041306,0.146146,0.466667,0.451667,0.889026
pre_visit_dance,c1_r600m,1,600.000000,407,0.006422,0.163189,0.288366,0.330010,0.448412,0.016583,0.099167,0.600000,0.556667,0.361916
pre_visit_dance,c1_r600m,1,600.000000,408,0.130576,0.061941,0.147689,0.119409,0.841382,0.010806,0.074754,0.633333,0.558333,0.109405
pre_visit_dance,c1_r600m,1,600.000000,400,0.291554,0.281390,0.876382,0.890470,0.885293,0.042556,0.132617,0.500000,0.491667,0.900570
pre_visit_dance,c1_r600m,1,600.000000,410,0.136528,0.100218,0.410256,0.845818,0.790554,0.021472,0.117490,0.533333,0.521667,0.863641
pre_visit_dance,c1_r600m,1,600.000000,409,0.082663,0.148626,0.761304,0.742636,0.132630,0.024722,0.119385,0.483333,0.521667,0.792227
pre_visit_dance,c1_r600m,1,600.000000,411,0.307686,0.104906,0.439954,0.208426,0.722958,0.016028,0.088262,0.533333,0.555000,0.264213
pre_visit_dance,c1_r600m,1,600.000000,412,0.067302,0.169426,0.513350,0.352524,0.768418,0.017306,0.095298,0.600000,0.536667,0.323859
pre_visit_dance,c1_r600m,1,600.000000,413,0.191092,0.153964,0.696668,0.937429,0.462293,0.025806,0.125676,0.400000,0.505000,0.903882
pre_visit_dance,c1_r600m,1,600.000000,414,0.130007,0.068112,0.133041,0.155592,0.481313,0.013250,0.089848,0.600000,0.550000,0.139737
pre_visit_dance,c1_r600m,1,600.000000,415,-0.012455,0.123698,0.376665,0.364080,0.234060,0.013500,0.107145,0.516667,0.523333,0.342985
pre_visit_dance,c1_r600m,1,600.000000,416,0.166223,0.185761,0.586346,0.525907,0.321652,0.023139,0.110781,0.500000,0.585000,0.477268
pre_visit_dance,c1_r600m,1,600.000000,419,0.206061,0.147420,0.404642,0.239476,0.386871,0.015306,0.103464,0.616667,0.523333,0.229088
pre_visit_dance,c1_r600m,1,600.000000,420,0.064888,0.128481,0.311351,0.287359,0.540762,0.018306,0.106698,0.633333,0.583333,0.361160
pre_visit_dance,c1_r600m,1,600.000000,421,0.201741,0.181075,0.555846,0.328960,0.787856,0.018222,0.099719,0.550000,0.566667,0.256550
pre_visit_dance,c1_r600m,1,600.000000,422,0.208891,0.157853,0.391562,0.776231,0.804117,0.024417,0.133237,0.533333,0.535000,0.639587
pre_visit_dance,c1_r600m,1,600.000000,418,0.307200,0.276258,0.889818,0.906004,0.612764,0.084306,0.140442,0.550000,0.551667,0.902888
pre_visit_dance,c1_r600m,1,600.000000,417,0.310948,0.288048,0.890676,0.813100,0.183154,0.074028,0.086113,0.600000,0.558333,0.874385
pre_visit_dance,c1_r600m,1,600.000000,423,0.272217,0.229770,0.614467,0.878118,0.528929,0.040667,0.145635,0.433333,0.498333,0.896814
pre_visit_dance,c1_r600m,1,600.000000,425,0.176076,0.068248,0.409025,0.149930,0.400527,0.015583,0.088324,0.566667,0.581667,0.262769
pre_visit_dance,c1_r600m,1,600.000000,424,0.273064,0.287870,0.861842,0.864594,0.588844,0.076639,0.168544,0.416667,0.496667,0.905244
pre_visit_dance,c1_r600m,1,600.000000,426,0.108970,0.166504,0.461275,0.814494,0.860980,0.022972,0.121774,0.466667,0.500000,0.701336
pre_visit_dance,c1_r600m,1,600.000000,427,0.109753,0.114054,0.443075,0.720345,0.919619,0.028194,0.136329,0.466667,0.506667,0.605319
pre_visit_dance,c1_r600m,1,600.000000,428,0.196115,0.177033,0.633341,0.561152,0.543212,0.016611,0.125656,0.483333,0.520000,0.688155
pre_visit_dance,c1_r600m,1,600.000000,431,0.288906,0.200802,0.801440,0.780105,0.868837,0.021056,0.091755,0.583333,0.506667,0.781478
pre_visit_dance,c1_r600m,1,600.000000,430,0.108383,0.167020,0.781326,0.820229,0.677105,0.027278,0.143662,0.483333,0.483333,0.761281
pre_visit_dance,c1_r600m,1,600.000000,432,0.152843,0.185978,0.431832,0.902390,0.513335,0.014417,0.079248,0.566667,0.511667,0.854978
pre_visit_dance,c1_r600m,1,600.000000,429,0.283190,0.263917,0.825745,0.863256,0.530859,0.055556,0.128164,0.516667,0.510000,0.903109
pre_visit_dance,c1_r600m,1,600.000000,434,0.254888,0.168272,0.542156,0.456978,0.460662,0.016361,0.074311,0.633333,0.561667,0.359979
pre_visit_dance,c1_r600m,1,600.000000,435,0.050133,0.150963,0.417659,0.186171,0.308463,0.017083,0.106599,0.550000,0.575000,0.229230
pre_visit_dance,c1_r600m,1,600.000000,436,-0.039489,0.071895,0.623452,0.431736,0.621406,0.020083,0.170559,0.433333,0.475000,0.589398
pre_visit_dance,c1_r600m,1,600.000000,437,0.105504,0.162708,0.448305,0.694630,0.496246,0.017278,0.116816,0.500000,0.526667,0.592616
pre_visit_dance,c1_r600m,1,600.000000,438,0.236328,0.127086,0.747868,0.946633,0.818345,0.038722,0.121923,0.516667,0.510000,0.861300
pre_visit_dance,c1_r600m,1,600.000000,433,0.180975,0.223915,0.833038,0.819747,0.641900,0.033500,0.092847,0.533333,0.485000,0.853652
pre_visit_dance,c1_r600m,1,600.000000,440,0.093781,0.121929,0.397355,0.378370,0.328023,0.020667,0.137327,0.483333,0.545000,0.265745
pre_visit_dance,c1_r600m,1,600.000000,441,0.224942,0.186115,0.527478,0.523931,0.671480,0.020583,0.146853,0.516667,0.536667,0.522167
pre_visit_dance,c1_r600m,1,600.000000,442,0.019273,0.084593,0.124226,0.510899,0.692666,0.019389,0.096711,0.533333,0.571667,0.490692
pre_visit_dance,c1_r600m,1,600.000000,443,0.065324,0.166225,0.599181,0.316641,0.714179,0.014278,0.078681,0.600000,0.535000,0.344943
pre_visit_dance,c1_r600m,1,600.000000,439,0.222181,0.224294,0.875247,0.781636,0.820924,0.037306,0.151946,0.433333,0.488333,0.768735
pre_visit_dance,c1_r600m,1,600.000000,444,0.200994,0.134302,0.374133,0.634015,0.782338,0.028806,0.094282,0.600000,0.540000,0.689139
pre_visit_dance,c1_r600m,1,600.000000,445,0.257881,0.198243,0.786412,0.373627,0.357169,0.011861,0.085219,0.650000,0.548333,0.332107
pre_visit_dance,c1_r600m,1,600.000000,447,-0.007199,0.079888,0.137262,0.439380,0.868427,0.015222,0.125616,0.566667,0.545000,0.266804
pre_visit_dance,c1_r600m,1,600.000000,446,0.261021,0.239477,0.758982,0.892036,0.755410,0.072722,0.144317,0.500000,0.518333,0.910125
pre_visit_dance,c1_r600m,1,600.000000,448,0.255851,0.237970,0.700421,0.900579,0.880763,0.034167,0.089516,0.550000,0.481667,0.902552
pre_visit_dance,c1_r600m,1,600.000000,449,0.217446,0.050212,0.462618,0.604612,0.775491,0.017056,0.125224,0.466667,0.555000,0.602623
pre_visit_dance,c2_r15m,2,15.000000,400,0.000000,0.001351,0.369866,0.293012,0.701383,0.001028,0.001000,1.000000,1.000000,0.351580
pre_visit_dance,c2_r15m,2,15.000000,402,0.000000,0.000847,0.353327,0.784276,0.756622,0.001250,0.001000,1.000000,1.000000,0.835929
pre_visit_dance,c2_r15m,2,15.000000,401,0.021680,0.006574,0.621625,0.289205,0.610433,0.001361,0.001000,1.000000,1.000000,0.183710
pre_visit_dance,c2_r15m,2,15.000000,405,0.000000,0.000275,0.237405,0.213064,0.674432,0.000167,0.001000,1.000000,1.000000,0.308354
pre_visit_dance,c2_r15m,2,15.000000,403,0.000000,0.001361,0.239945,0.292918,0.678224,0.001167,0.001000,1.000000,1.000000,0.320171
pre_visit_dance,c2_r15m,2,15.000000,407,0.000000,0.001744,0.181108,0.372961,0.587665,0.001194,0.001000,1.000000,1.000000,0.501373
pre_visit_dance,c2_r15m,2,15.000000,406,-0.013605,-0.000019,0.412983,0.358351,0.641109,0.001528,0.001000,1.000000,1.000000,0.414762
pre_visit_dance,c2_r15m,2,15.000000,408,0.000000,-0.000588,0.299169,0.400895,0.798624,0.001194,0.001000,1.000000,1.000000,0.251414
pre_visit_dance,c2_r15m,2,15.000000,409,0.014286,-0.003391,0.331283,0.331560,0.786141,0.000611,0.001000,1.000000,1.000000,0.555328
pre_visit_dance,c2_r15m,2,15.000000,404,-0.010870,0.000552,0.346064,0.314424,0.781358,0.000833,0.001000,1.000000,1.000000,0.293745
pre_visit_dance,c2_r15m,2,15.000000,410,0.000000,-0.002432,0.224385,0.324296,0.690139,0.000806,0.001000,1.000000,1.000000,0.395916
pre_visit_dance,c2_r15m,2,15.000000,411,0.000000,0.001149,0.252903,0.340340,0.679273,0.000889,0.001000,1.000000,1.000000,0.456529
pre_visit_dance,c2_r15m,2,15.000000,412,-0.076923,-0.006004,0.714297,0.503857,0.423872,0.000722,0.001000,1.000000,1.000000,0.648129
pre_visit_dance,c2_r15m,2,15.000000,413,0.000000,0.006250,0.565302,0.269854,0.729039,0.001056,0.001000,1.000000,1.000000,0.328259
pre_visit_dance,c2_r15m,2,15.000000,414,0.000000,0.000000,0.449387,0.538786,0.638007,0.000333,0.001000,1.000000,1.000000,0.503993
pre_visit_dance,c2_r15m,2,15.000000,415,0.000000,-0.000513,0.232792,0.195706,0.727465,0.000972,0.001000,1.000000,1.000000,0.185131
pre_visit_dance,c2_r15m,2,15.000000,416,0.000000,-0.004762,0.542529,0.430242,0.655493,0.000361,0.001000,1.000000,1.000000,0.416579
pre_visit_dance,c2_r15m,2,15.000000,417,0.000000,-0.000917,0.162573,0.417716,0.623712,0.001028,0.001000,1.000000,1.000000,0.288747
pre_visit_dance,c2_r15m,2,15.000000,419,0.000000,-0.004580,0.119316,0.280736,0.618028,0.001556,0.001000,1.000000,1.000000,0.321434
pre_visit_dance,c2_r15m,2,15.000000,421,0.000000,-0.003299,0.305182,0.364637,0.732897,0.000944,0.001000,1.000000,1.000000,0.557292
pre_visit_dance,c2_r15m,2,15.000000,423,0.000000,-0.001565,0.566201,0.511793,0.457173,0.000694,0.001000,1.000000,1.000000,0.554833
pre_visit_dance,c2_r15m,2,15.000000,422,0.000000,-0.001732,0.245852,0.520506,0.816280,0.001222,0.001000,1.000000,1.000000,0.389365
pre_visit_dance,c2_r15m,2,15.000000,418,0.000000,0.002893,0.494201,0.655618,0.533326,0.001806,0.001000,1.000000,1.000000,0.667355
pre_visit_dance,c2_r15m,2,15.000000,424,-0.007752,-0.000775,0.678736,0.365634,0.754976,0.001000,0.001000,1.000000,1.000000,0.199816
pre_visit_dance,c2_r15m,2,15.000000,420,-0.024390,-0.003208,0.268410,0.547098,0.455232,0.001000,0.001000,1.000000,1.000000,0.366032
pre_visit_dance,c2_r15m,2,15.000000,425,0.000000,0.004420,0.379723,0.400831,0.494926,0.001028,0.001000,1.000000,1.000000,0.508266
pre_visit_dance,c2_r15m,2,15.000000,426,0.000000,0.001588,0.162388,0.185707,0.607689,0.001444,0.001000,1.000000,1.000000,0.348331
pre_visit_dance,c2_r15m,2,15.000000,427,0.002179,-0.002974,0.462488,0.541754,0.863795,0.001167,0.001000,1.000000,1.000000,0.618133
pre_visit_dance,c2_r15m,2,15.000000,428,0.019048,0.002734,0.156467,0.509772,0.696830,0.001750,0.001000,1.000000,1.000000,0.474337
pre_visit_dance,c2_r15m,2,15.000000,429,0.000000,-0.004709,0.403010,0.623515,0.609827,0.001306,0.001000,1.000000,1.000000,0.537785
pre_visit_dance,c2_r15m,2,15.000000,430,0.000000,-0.001282,0.508681,0.332295,0.393850,0.000889,0.001000,1.000000,1.000000,0.295183
pre_visit_dance,c2_r15m,2,15.000000,431,0.000000,-0.002627,0.461809,0.594499,0.749395,0.001306,0.001000,1.000000,1.000000,0.642981
pre_visit_dance,c2_r15m,2,15.000000,432,0.009434,-0.002278,0.397383,0.517843,0.706676,0.001583,0.001000,1.000000,1.000000,0.426749
pre_visit_dance,c2_r15m,2,15.000000,433,-0.007937,-0.005227,0.342570,0.295274,0.713917,0.001222,0.001000,1.000000,1.000000,0.315824
pre_visit_dance,c2_r15m,2,15.000000,434,0.000000,-0.001299,0.195192,0.196211,0.417330,0.001056,0.001000,1.000000,1.000000,0.265303
pre_visit_dance,c2_r15m,2,15.000000,435,0.000000,0.000000,0.459045,0.245469,0.429766,0.000806,0.001000,1.000000,1.000000,0.287757
pre_visit_dance,c2_r15m,2,15.000000,437,0.000000,0.000000,0.291517,0.424575,0.656402,0.000611,0.001000,1.000000,1.000000,0.494223
pre_visit_dance,c2_r15m,2,15.000000,436,0.000000,0.000000,0.596185,0.247769,0.452777,0.001194,0.001000,1.000000,1.000000,0.407343
pre_visit_dance,c2_r15m,2,15.000000,438,0.000000,-0.000425,0.711300,0.492687,0.548916,0.001694,0.001000,1.000000,1.000000,0.419027
pre_visit_dance,c2_r15m,2,15.000000,439,0.034483,0.022241,0.634370,0.393927,0.427627,0.001250,0.001000,1.000000,1.000000,0.342794
pre_visit_dance,c2_r15m,2,15.000000,440,0.000000,-0.001473,0.295687,0.188492,0.704363,0.001028,0.001000,1.000000,1.000000,0.189370
pre_visit_dance,c2_r15m,2,15.000000,442,-0.014493,-0.004598,0.650423,0.245779,0.395620,0.001500,0.001000,1.000000,1.000000,0.235945
pre_visit_dance,c2_r15m,2,15.000000,441,0.000000,0.000000,0.209126,0.318265,0.350245,0.001028,0.001000,1.000000,1.000000,0.378446
pre_visit_dance,c2_r15m,2,15.000000,443,0.000000,-0.003083,0.263254,0.313299,0.605031,0.001250,0.001000,1.000000,1.000000,0.282865
pre_visit_dance,c2_r15m,2,15.000000,444,0.000000,-0.002334,0.270947,0.517939,0.488954,0.001944,0.001000,1.000000,1.000000,0.515184
pre_visit_dance,c2_r15m,2,15.000000,445,0.000000,0.006224,0.377935,0.745528,0.801278,0.001222,0.001000,1.000000,1.000000,0.649773
pre_visit_dance,c2_r15m,2,15.000000,446,-0.014085,-0.000370,0.657574,0.272674,0.573780,0.000972,0.001000,1.000000,1.000000,0.379835
pre_visit_dance,c2_r15m,2,15.000000,447,0.000000,-0.001643,0.527735,0.168517,0.767210,0.001444,0.001000,1.000000,1.000000,0.172504
pre_visit_dance,c2_r15m,2,15.000000,448,0.000000,0.002056,0.273285,0.326611,0.416094,0.001444,0.001000,1.000000,1.000000,0.214518
pre_visit_dance,c2_r37.5m,2,37.500000,400,0.024916,0.016126,0.352268,0.210907,0.608102,0.003389,0.001000,1.000000,1.000000,0.209349
pre_visit_dance,c2_r15m,2,15.000000,449,-0.022727,-0.001175,0.447617,0.482815,0.514018,0.000778,0.001000,1.000000,1.000000,0.369887
pre_visit_dance,c2_r37.5m,2,37.500000,402,0.015705,0.009184,0.297029,0.484615,0.585418,0.002417,0.001000,1.000000,1.000000,0.496666
pre_visit_dance,c2_r37.5m,2,37.500000,401,0.007013,0.005732,0.221629,0.281176,0.704915,0.004944,0.001000,1.000000,1.000000,0.399615
pre_visit_dance,c2_r37.5m,2,37.500000,403,-0.003289,0.006568,0.393039,0.341789,0.686041,0.003444,0.001000,1.000000,1.000000,0.459345
pre_visit_dance,c2_r37.5m,2,37.500000,404,-0.007245,0.010534,0.250847,0.459703,0.735800,0.004722,0.001000,1.000000,1.000000,0.494434
pre_visit_dance,c2_r37.5m,2,37.500000,405,-0.018868,0.010017,0.234973,0.310498,0.856548,0.002361,0.001000,1.000000,1.000000,0.401344
pre_visit_dance,c2_r37.5m,2,37.500000,407,0.005929,0.013276,0.259007,0.195116,0.631635,0.003278,0.001000,1.000000,1.000000,0.209205
pre_visit_dance,c2_r37.5m,2,37.500000,408,0.018635,0.009246,0.372761,0.227825,0.698024,0.003917,0.001000,1.000000,1.000000,0.292312
pre_visit_dance,c2_r37.5m,2,37.500000,406,-0.001901,0.008596,0.377606,0.255316,0.732280,0.004028,0.001000,1.000000,1.000000,0.313057
pre_visit_dance,c2_r37.5m,2,37.500000,409,0.029412,0.001877,0.236866,0.617705,0.473391,0.002333,0.001000,1.000000,1.000000,0.430305
pre_visit_dance,c2_r37.5m,2,37.500000,410,0.019737,0.024303,0.375594,0.491114,0.569664,0.002694,0.001000,1.000000,1.000000,0.400986
pre_visit_dance,c2_r37.5m,2,37.500000,411,0.000479,0.006870,0.416829,0.320463,0.447840,0.001889,0.001000,1.000000,1.000000,0.426444
pre_visit_dance,c2_r37.5m,2,37.500000,412,0.008583,0.017123,0.429976,0.290877,0.555993,0.001778,0.001000,1.000000,1.000000,0.448261
pre_visit_dance,c2_r37.5m,2,37.500000,413,0.026271,0.016550,0.409530,0.291497,0.621265,0.003778,0.001000,1.000000,1.000000,0.290233
pre_visit_dance,c2_r37.5m,2,37.500000,414,-0.003273,0.009119,0.377730,0.243011,0.787379,0.003333,0.001000,1.000000,1.000000,0.231054
pre_visit_dance,c2_r37.5m,2,37.500000,415,0.040826,0.021675,0.310432,0.174262,0.696821,0.001222,0.001000,1.000000,1.000000,0.172820
pre_visit_dance,c2_r37.5m,2,37.500000,416,-0.011071,0.004218,0.196450,0.561401,0.562259,0.001611,0.001000,1.000000,1.000000,0.598388
pre_visit_dance,c2_r37.5m,2,37.500000,417,0.008836,0.008549,0.338757,0.246029,0.375745,0.002278,0.001000,1.000000,1.000000,0.215495
pre_visit_dance,c2_r37.5m,2,37.500000,418,-0.011905,0.017397,0.237033,0.444548,0.546687,0.001528,0.001000,1.000000,1.000000,0.279150
pre_visit_dance,c2_r37.5m,2,37.500000,419,0.076923,0.020260,0.646119,0.401739,0.307182,0.001028,0.001000,1.000000,1.000000,0.320123
pre_visit_dance,c2_r37.5m,2,37.500000,421,0.200000,0.027147,0.121865,0.504460,0.133117,0.001250,0.001000,1.000000,1.000000,0.280269
pre_visit_dance,c2_r37.5m,2,37.500000,420,-0.003278,0.000290,0.141564,0.203395,0.719039,0.004361,0.001000,1.000000,1.000000,0.175056
pre_visit_dance,c2_r37.5m,2,37.500000,422,0.018197,0.005345,0.326264,0.354537,0.627318,0.004333,0.001000,1.000000,1.000000,0.300478
pre_visit_dance,c2_r37.5m,2,37.500000,423,-0.009009,0.024994,0.383052,0.273385,0.706023,0.001528,0.001000,1.000000,1.000000,0.248764
pre_visit_dance,c2_r37.5m,2,37.500000,424,0.026144,0.004633,0.451108,0.533210,0.638692,0.002000,0.001000,1.000000,1.000000,0.589207
pre_visit_dance,c2_r37.5m,2,37.500000,425,0.034576,0.005211,0.288856,0.247054,0.608770,0.002889,0.001000,1.000000,1.000000,0.238799
pre_visit_dance,c2_r37.5m,2,37.500000,426,0.008439,0.000497,0.320997,0.454549,0.829564,0.003361,0.001000,1.000000,1.000000,0.523324
pre_visit_dance,c2_r37.5m,2,37.500000,427,0.004651,0.009901,0.411496,0.261293,0.546229,0.001917,0.001000,1.000000,1.000000,0.322596
pre_visit_dance,c2_r37.5m,2,37.500000,428,-0.011696,0.004369,0.279691,0.268545,0.792492,0.001722,0.001000,1.000000,1.000000,0.302962
pre_visit_dance,c2_r37.5m,2,37.500000,429,-0.006135,0.022735,0.225072,0.402749,0.453165,0.003139,0.001000,1.000000,1.000000,0.227419
pre_visit_dance,c2_r37.5m,2,37.500000,430,0.012656,0.009198,0.189100,0.489640,0.348536,0.002028,0.001000,1.000000,1.000000,0.238811
pre_visit_dance,c2_r37.5m,2,37.500000,431,0.002046,0.012004,0.214405,0.378305,0.543644,0.002861,0.001000,1.000000,1.000000,0.250176
pre_visit_dance,c2_r37.5m,2,37.500000,433,0.033478,0.015001,0.289926,0.417491,0.483803,0.005139,0.001000,1.000000,1.000000,0.362440
pre_visit_dance,c2_r37.5m,2,37.500000,434,0.003777,0.010690,0.266006,0.349452,0.676076,0.003833,0.001000,1.000000,1.000000,0.269125
pre_visit_dance,c2_r37.5m,2,37.500000,432,0.000785,0.005697,0.265719,0.493868,0.564641,0.002528,0.001000,1.000000,1.000000,0.501911
pre_visit_dance,c2_r37.5m,2,37.500000,436,0.019595,0.014199,0.254529,0.633949,0.653392,0.003278,0.001000,1.000000,1.000000,0.698066
pre_visit_dance,c2_r37.5m,2,37.500000,435,0.000000,0.002377,0.189615,0.248808,0.531497,0.002694,0.001000,1.000000,1.000000,0.283089
pre_visit_dance,c2_r37.5m,2,37.500000,437,0.015957,0.013875,0.388963,0.660175,0.475240,0.002417,0.001000,1.000000,1.000000,0.532742
pre_visit_dance,c2_r37.5m,2,37.500000,439,0.015873,0.011729,0.259606,0.455836,0.787982,0.001556,0.001000,1.000000,1.000000,0.399464
pre_visit_dance,c2_r37.5m,2,37.500000,438,0.010926,0.007467,0.200154,0.650824,0.700036,0.003333,0.001000,1.000000,1.000000,0.648159
pre_visit_dance,c2_r37.5m,2,37.500000,441,0.006935,0.003497,0.143316,0.319167,0.777872,0.003556,0.001000,1.000000,1.000000,0.303121
pre_visit_dance,c2_r37.5m,2,37.500000,440,0.017460,0.005891,0.307823,0.336975,0.727932,0.002528,0.001000,1.000000,1.000000,0.353202
pre_visit_dance,c2_r37.5m,2,37.500000,442,0.000000,-0.004080,0.597778,0.276993,0.815977,0.000972,0.001000,1.000000,1.000000,0.277033
pre_visit_dance,c2_r37.5m,2,37.500000,443,0.009707,0.010220,0.576037,0.532756,0.678800,0.002500,0.001000,1.000000,1.000000,0.533654
pre_visit_dance,c2_r37.5m,2,37.500000,445,0.017342,0.018824,0.310462,0.456482,0.642262,0.002056,0.001000,1.000000,1.000000,0.309262
pre_visit_dance,c2_r37.5m,2,37.500000,444,0.015152,0.016186,0.417379,0.439272,0.762494,0.001750,0.001000,1.000000,1.000000,0.411341
pre_visit_dance,c2_r37.5m,2,37.500000,446,0.001555,0.003456,0.202041,0.245319,0.495215,0.003500,0.001000,1.000000,1.000000,0.203746
pre_visit_dance,c2_r37.5m,2,37.500000,447,0.001508,0.014729,0.267006,0.380017,0.315968,0.002972,0.001000,1.000000,1.000000,0.408136
pre_visit_dance,c2_r37.5m,2,37.500000,448,0.044248,0.023081,0.347367,0.637469,0.623262,0.001056,0.001000,1.000000,1.000000,0.814579
pre_visit_dance,c2_r37.5m,2,37.500000,449,0.001326,0.001951,0.146393,0.220242,0.752532,0.003972,0.001000,1.000000,1.000000,0.208080
pre_visit_dance,c2_r75m,2,75.000000,401,0.059818,0.041373,0.399583,0.468751,0.734630,0.007444,0.001000,1.000000,1.000000,0.424657
pre_visit_dance,c2_r75m,2,75.000000,403,0.040323,0.045321,0.357263,0.491457,0.659107,0.002306,0.001000,1.000000,1.000000,0.672811
pre_visit_dance,c2_r75m,2,75.000000,400,0.033873,0.047197,0.494395,0.598750,0.719731,0.004556,0.001000,1.000000,1.000000,0.487861
pre_visit_dance,c2_r75m,2,75.000000,402,0.040453,0.040372,0.287966,0.335353,0.552730,0.005750,0.001000,1.000000,1.000000,0.271621
pre_visit_dance,c2_r75m,2,75.000000,404,0.039475,0.036785,0.449062,0.459097,0.715628,0.007583,0.001000,1.000000,1.000000,0.367570
pre_visit_dance,c2_r75m,2,75.000000,407,-0.007079,0.043167,0.378736,0.365161,0.716591,0.001583,0.001000,1.000000,0.998333,0.349237
pre_visit_dance,c2_r75m,2,75.000000,405,0.025536,0.022419,0.182304,0.676974,0.455161,0.007889,0.001000,1.000000,1.000000,0.724284
pre_visit_dance,c2_r75m,2,75.000000,406,0.027805,0.039400,0.295401,0.404116,0.624277,0.009417,0.001000,1.000000,1.000000,0.376846
pre_visit_dance,c2_r75m,2,75.000000,408,0.103750,0.039261,0.460427,0.705646,0.686577,0.004500,0.001000,1.000000,1.000000,0.501635
pre_visit_dance,c2_r75m,2,75.000000,409,0.027866,0.052028,0.419525,0.306278,0.702907,0.005833,0.001000,1.000000,1.000000,0.297342
pre_visit_dance,c2_r75m,2,75.000000,410,0.101503,0.065669,0.722314,0.421064,0.605644,0.004278,0.001000,1.000000,1.000000,0.308209
pre_visit_dance,c2_r75m,2,75.000000,411,0.005627,0.022579,0.291285,0.768578,0.504506,0.006472,0.001000,1.000000,1.000000,0.686127
pre_visit_dance,c2_r75m,2,75.000000,412,0.085194,0.067054,0.682416,0.422564,0.518754,0.008583,0.001000,1.000000,1.000000,0.319172
pre_visit_dance,c2_r75m,2,75.000000,413,0.006990,0.016371,0.267100,0.239378,0.675791,0.005417,0.001000,1.000000,1.000000,0.325291
pre_visit_dance,c2_r75m,2,75.000000,414,0.069024,0.040746,0.550546,0.348782,0.212423,0.010000,0.001000,1.000000,1.000000,0.295536
pre_visit_dance,c2_r75m,2,75.000000,415,0.048194,0.027702,0.406997,0.159210,0.816431,0.007778,0.001000,1.000000,1.000000,0.198263
pre_visit_dance,c2_r75m,2,75.000000,417,0.003540,0.022972,0.287153,0.301188,0.399233,0.004083,0.001000,1.000000,1.000000,0.322786
pre_visit_dance,c2_r75m,2,75.000000,419,0.014879,0.026671,0.295720,0.290811,0.584990,0.002333,0.001000,1.000000,1.000000,0.291739
pre_visit_dance,c2_r75m,2,75.000000,416,0.041608,0.033568,0.485516,0.538881,0.712691,0.008694,0.001000,1.000000,1.000000,0.536171
pre_visit_dance,c2_r75m,2,75.000000,418,0.049073,0.029038,0.318821,0.621936,0.442911,0.007111,0.001000,1.000000,1.000000,0.584033
pre_visit_dance,c2_r75m,2,75.000000,420,0.029898,0.024667,0.412650,0.167827,0.535240,0.006389,0.001000,1.000000,1.000000,0.160766
pre_visit_dance,c2_r75m,2,75.000000,421,0.078333,0.031652,0.252034,0.432139,0.379677,0.002722,0.001000,1.000000,1.000000,0.337378
pre_visit_dance,c2_r75m,2,75.000000,423,0.073027,0.045557,0.317267,0.612029,0.722450,0.008667,0.001000,1.000000,1.000000,0.543843
pre_visit_dance,c2_r75m,2,75.000000,422,0.060382,0.056128,0.506976,0.293519,0.475992,0.009944,0.001000,1.000000,1.000000,0.256947
pre_visit_dance,c2_r75m,2,75.000000,424,0.006772,0.018189,0.379971,0.437879,0.634647,0.002722,0.001000,1.000000,1.000000,0.517077
pre_visit_dance,c2_r75m,2,75.000000,425,-0.019461,0.037737,0.332808,0.322743,0.577868,0.002278,0.001000,1.000000,1.000000,0.378857
pre_visit_dance,c2_r75m,2,75.000000,426,0.029616,0.045064,0.518897,0.382886,0.857645,0.007722,0.001000,1.000000,1.000000,0.432011
pre_visit_dance,c2_r75m,2,75.000000,427,0.069481,0.034751,0.404048,0.278078,0.665804,0.004056,0.001000,1.000000,1.000000,0.171700
pre_visit_dance,c2_r75m,2,75.000000,428,0.049478,0.042181,0.316318,0.348390,0.333924,0.005139,0.001000,1.000000,1.000000,0.426845
pre_visit_dance,c2_r75m,2,75.000000,429,0.088703,0.047019,0.372813,0.562639,0.226893,0.005306,0.001000,1.000000,1.000000,0.485425
pre_visit_dance,c2_r75m,2,75.000000,430,0.056930,0.043889,0.672007,0.627637,0.596834,0.003278,0.001000,1.000000,1.000000,0.523823
pre_visit_dance,c2_r75m,2,75.000000,431,0.023366,0.028045,0.318030,0.633098,0.752714,0.005000,0.001000,1.000000,1.000000,0.748205
pre_visit_dance,c2_r75m,2,75.000000,432,0.016687,0.024649,0.192068,0.389286,0.729125,0.003722,0.001000,1.000000,1.000000,0.557834
pre_visit_dance,c2_r75m,2,75.000000,433,0.026407,0.037185,0.574516,0.291061,0.568494,0.006472,0.001000,1.000000,1.000000,0.273341
pre_visit_dance,c2_r75m,2,75.000000,434,0.056390,0.024053,0.270805,0.389718,0.616140,0.006333,0.001000,1.000000,1.000000,0.425441
pre_visit_dance,c2_r75m,2,75.000000,435,0.006814,0.019185,0.271453,0.492884,0.677791,0.009111,0.001000,1.000000,1.000000,0.481221
pre_visit_dance,c2_r75m,2,75.000000,436,0.028781,0.029526,0.160377,0.210484,0.578051,0.005194,0.001000,1.000000,1.000000,0.203920
pre_visit_dance,c2_r75m,2,75.000000,437,0.003714,0.020775,0.404394,0.612230,0.620473,0.005194,0.001000,1.000000,1.000000,0.626948
pre_visit_dance,c2_r75m,2,75.000000,438,0.018803,0.022741,0.195210,0.596655,0.557987,0.002833,0.001000,1.000000,1.000000,0.507331
pre_visit_dance,c2_r75m,2,75.000000,440,0.013646,0.026508,0.341289,0.299727,0.672300,0.007694,0.001000,1.000000,1.000000,0.313536
pre_visit_dance,c2_r75m,2,75.000000,439,0.052167,0.048935,0.445970,0.359086,0.688067,0.010750,0.001000,1.000000,1.000000,0.316402
pre_visit_dance,c2_r75m,2,75.000000,442,0.073751,0.037536,0.253254,0.239406,0.817913,0.007417,0.001000,1.000000,1.000000,0.187166
pre_visit_dance,c2_r75m,2,75.000000,441,0.029860,0.028219,0.355018,0.701603,0.498691,0.003167,0.001000,1.000000,1.000000,0.672099
pre_visit_dance,c2_r75m,2,75.000000,443,0.003997,0.013762,0.227771,0.251580,0.662109,0.005667,0.001000,1.000000,1.000000,0.292473
pre_visit_dance,c2_r75m,2,75.000000,444,0.042553,0.043301,0.247090,0.596860,0.318466,0.001667,0.001000,1.000000,1.000000,0.347507
pre_visit_dance,c2_r75m,2,75.000000,445,0.053962,0.035545,0.304507,0.344413,0.480736,0.006222,0.001000,1.000000,1.000000,0.359308
pre_visit_dance,c2_r75m,2,75.000000,446,0.029064,0.038898,0.265864,0.299403,0.678570,0.003611,0.001000,1.000000,1.000000,0.302337
pre_visit_dance,c2_r75m,2,75.000000,447,-0.015107,0.021521,0.181794,0.291605,0.784749,0.006111,0.001000,1.000000,1.000000,0.214116
pre_visit_dance,c2_r75m,2,75.000000,448,0.060842,0.048279,0.551825,0.201233,0.409983,0.005583,0.001000,1.000000,1.000000,0.346230
pre_visit_dance,c2_r150m,2,150.000000,401,0.051149,0.060101,0.188451,0.159973,0.521768,0.002972,0.001000,1.000000,1.000000,0.136492
pre_visit_dance,c2_r75m,2,75.000000,449,0.006757,0.017969,0.269794,0.384489,0.571124,0.007611,0.001000,1.000000,1.000000,0.331236
pre_visit_dance,c2_r150m,2,150.000000,404,0.103708,0.082517,0.444749,0.666422,0.589850,0.010667,0.001000,1.000000,1.000000,0.516299
pre_visit_dance,c2_r150m,2,150.000000,402,0.217854,0.147181,0.631444,0.772169,0.586055,0.004750,0.002077,0.983333,0.991667,0.703451
pre_visit_dance,c2_r150m,2,150.000000,403,0.075377,0.062279,0.470140,0.396911,0.800177,0.008278,0.001000,1.000000,1.000000,0.300443
pre_visit_dance,c2_r150m,2,150.000000,400,0.045709,0.059135,0.265350,0.390341,0.858660,0.002083,0.001000,1.000000,0.998333,0.511166
pre_visit_dance,c2_r150m,2,150.000000,406,0.041667,0.067605,0.141234,0.088152,0.730606,0.001556,0.001887,0.983333,0.995000,0.150704
pre_visit_dance,c2_r150m,2,150.000000,405,0.044080,0.054728,0.151064,0.221918,0.770879,0.018861,0.001000,1.000000,1.000000,0.202693
pre_visit_dance,c2_r150m,2,150.000000,408,0.004106,0.045798,0.131061,0.633262,0.913473,0.000806,0.001000,1.000000,0.993333,0.589443
pre_visit_dance,c2_r150m,2,150.000000,407,0.082216,0.043428,0.160989,0.668702,0.611079,0.002611,0.001000,1.000000,0.998333,0.722352
pre_visit_dance,c2_r150m,2,150.000000,409,0.091441,0.110947,0.441959,0.658607,0.694783,0.001639,0.001000,1.000000,0.996667,0.277766
pre_visit_dance,c2_r150m,2,150.000000,410,0.078488,0.064010,0.336706,0.519684,0.709784,0.005861,0.001000,1.000000,1.000000,0.483131
pre_visit_dance,c2_r150m,2,150.000000,411,0.078513,0.088822,0.479896,0.567486,0.922288,0.001917,0.001000,1.000000,0.988333,0.556933
pre_visit_dance,c2_r150m,2,150.000000,412,0.034852,0.096012,0.256261,0.253126,0.667634,0.006556,0.001000,1.000000,1.000000,0.300857
pre_visit_dance,c2_r150m,2,150.000000,413,0.050780,0.049930,0.161440,0.559961,0.716972,0.019306,0.001000,1.000000,1.000000,0.482751
pre_visit_dance,c2_r150m,2,150.000000,414,0.044942,0.084022,0.180360,0.135171,0.688768,0.003528,0.001000,1.000000,0.998333,0.223197
pre_visit_dance,c2_r150m,2,150.000000,415,0.089468,0.049593,0.186699,0.103324,0.185284,0.005972,0.001000,1.000000,0.998333,0.103936
pre_visit_dance,c2_r150m,2,150.000000,416,0.108689,0.103061,0.454020,0.520670,0.874896,0.002389,0.001000,1.000000,0.993333,0.370506
pre_visit_dance,c2_r150m,2,150.000000,418,0.064530,0.067470,0.108190,0.144466,0.295848,0.002333,0.001000,1.000000,0.998333,0.209306
pre_visit_dance,c2_r150m,2,150.000000,417,0.139644,0.114756,0.569337,0.758111,0.139206,0.005778,0.001509,0.966667,0.993333,0.543857
pre_visit_dance,c2_r150m,2,150.000000,419,0.024000,0.045020,0.340222,0.718657,0.299412,0.005528,0.001000,1.000000,1.000000,0.631415
pre_visit_dance,c2_r150m,2,150.000000,421,0.103914,0.125593,0.550572,0.217906,0.666518,0.005778,0.001000,1.000000,0.998333,0.236444
pre_visit_dance,c2_r150m,2,150.000000,422,0.051388,0.081085,0.435700,0.457623,0.737970,0.008444,0.003184,0.983333,0.998333,0.448244
pre_visit_dance,c2_r150m,2,150.000000,423,0.062542,0.027021,0.200741,0.298368,0.433371,0.005361,0.001000,1.000000,1.000000,0.237883
pre_visit_dance,c2_r150m,2,150.000000,420,0.092810,0.142984,0.663581,0.447279,0.198468,0.005333,0.001000,1.000000,1.000000,0.361763
pre_visit_dance,c2_r150m,2,150.000000,424,0.182540,0.121313,0.563659,0.558471,0.806554,0.003222,0.001000,1.000000,0.993333,0.605736
pre_visit_dance,c2_r150m,2,150.000000,425,0.076923,0.044354,0.258465,0.938048,0.861907,0.000389,0.001000,1.000000,0.993333,0.618398
pre_visit_dance,c2_r150m,2,150.000000,426,0.086405,0.069339,0.292727,0.268216,0.673365,0.011833,0.001000,1.000000,1.000000,0.213382
pre_visit_dance,c2_r150m,2,150.000000,427,0.028926,0.006208,0.084629,0.651310,0.697145,0.001833,0.001000,1.000000,0.995000,0.679478
pre_visit_dance,c2_r150m,2,150.000000,428,0.083244,0.140800,0.815411,0.153920,0.729056,0.007417,0.001000,1.000000,0.996667,0.222366
pre_visit_dance,c2_r150m,2,150.000000,429,0.152504,0.074352,0.688323,0.534827,0.063193,0.002194,0.001000,1.000000,0.993333,0.472966
pre_visit_dance,c2_r150m,2,150.000000,432,0.047931,0.038553,0.149215,0.480725,0.413058,0.002611,0.001000,1.000000,1.000000,0.609258
pre_visit_dance,c2_r150m,2,150.000000,430,0.076804,0.057847,0.519348,0.172125,0.661742,0.005861,0.001000,1.000000,0.996667,0.329052
pre_visit_dance,c2_r150m,2,150.000000,431,0.054807,0.063387,0.273961,0.559109,0.774336,0.014194,0.001000,1.000000,1.000000,0.480170
pre_visit_dance,c2_r150m,2,150.000000,434,0.118048,0.111201,0.652030,0.623793,0.230619,0.006778,0.001000,1.000000,0.996667,0.689054
pre_visit_dance,c2_r150m,2,150.000000,433,0.083243,0.098597,0.371563,0.413799,0.505846,0.012250,0.001000,1.000000,1.000000,0.341729
pre_visit_dance,c2_r150m,2,150.000000,435,0.012913,0.043798,0.180643,0.208992,0.402997,0.004278,0.001000,1.000000,1.000000,0.180262
pre_visit_dance,c2_r150m,2,150.000000,438,0.048233,0.043584,0.135020,0.221706,0.871883,0.003028,0.001000,1.000000,0.998333,0.304407
pre_visit_dance,c2_r150m,2,150.000000,437,0.143480,0.100470,0.402802,0.181286,0.506422,0.005139,0.001000,1.000000,0.998333,0.157482
pre_visit_dance,c2_r150m,2,150.000000,436,0.045221,0.081881,0.678600,0.165264,0.371145,0.001917,0.004790,0.983333,0.995000,0.277041
pre_visit_dance,c2_r150m,2,150.000000,440,0.118238,0.072234,0.504906,0.157574,0.466096,0.005556,0.002664,0.966667,0.996667,0.220754
pre_visit_dance,c2_r150m,2,150.000000,439,0.100553,0.100507,0.667847,0.523626,0.712352,0.001778,0.001530,0.983333,0.990000,0.387359
pre_visit_dance,c2_r150m,2,150.000000,441,0.142937,0.127933,0.536821,0.202182,0.545167,0.011889,0.001000,1.000000,1.000000,0.238230
pre_visit_dance,c2_r150m,2,150.000000,442,0.003555,0.034355,0.404318,0.179298,0.617044,0.001667,0.001000,1.000000,0.998333,0.318117
pre_visit_dance,c2_r150m,2,150.000000,443,0.115864,0.056518,0.179049,0.194582,0.384827,0.004278,0.001000,1.000000,1.000000,0.206393
pre_visit_dance,c2_r150m,2,150.000000,444,0.108972,0.101801,0.562454,0.113750,0.747865,0.009833,0.001000,1.000000,0.998333,0.166360
pre_visit_dance,c2_r150m,2,150.000000,445,0.078571,0.072901,0.338654,0.768415,0.400009,0.000917,0.001000,1.000000,0.995000,0.574588
pre_visit_dance,c2_r150m,2,150.000000,446,0.146815,0.106906,0.238701,0.206499,0.472850,0.005306,0.001504,0.983333,0.995000,0.223907
pre_visit_dance,c2_r150m,2,150.000000,448,0.073364,0.060609,0.254331,0.183273,0.308359,0.008778,0.001000,1.000000,1.000000,0.159539
pre_visit_dance,c2_r150m,2,150.000000,447,0.333763,0.099521,0.574446,0.086113,0.910773,0.000667,0.001000,1.000000,0.995000,0.188975
pre_visit_dance,c2_r300m,2,300.000000,400,-0.011730,0.101641,0.188154,0.156767,0.814484,0.002667,0.011549,0.950000,0.915000,0.360811
pre_visit_dance,c2_r150m,2,150.000000,449,0.077986,0.085407,0.368387,0.197040,0.644360,0.010083,0.001000,1.000000,0.998333,0.221402
pre_visit_dance,c2_r300m,2,300.000000,402,-0.018879,0.071683,0.045125,0.375577,0.856519,0.004333,0.025010,0.866667,0.900000,0.346137
pre_visit_dance,c2_r300m,2,300.000000,401,0.006836,0.092006,0.199918,0.554072,0.812333,0.002972,0.011121,0.966667,0.896667,0.437943
pre_visit_dance,c2_r300m,2,300.000000,405,0.170060,0.167054,0.504980,0.536695,0.404189,0.005000,0.017137,0.883333,0.878333,0.403393
pre_visit_dance,c2_r300m,2,300.000000,404,0.152961,0.223341,0.473096,0.502792,0.720371,0.005194,0.020054,0.833333,0.885000,0.350958
pre_visit_dance,c2_r300m,2,300.000000,406,0.061077,0.082528,0.157676,0.290736,0.948057,0.002139,0.012742,0.916667,0.865000,0.485622
pre_visit_dance,c2_r300m,2,300.000000,408,0.122590,0.055101,0.231053,0.886800,0.349244,0.005000,0.015913,0.866667,0.865000,0.822200
pre_visit_dance,c2_r300m,2,300.000000,403,0.217424,0.214049,0.909755,0.932999,0.660044,0.054667,0.042585,0.800000,0.793333,0.911815
pre_visit_dance,c2_r300m,2,300.000000,407,0.205721,0.208051,0.584457,0.290501,0.605310,0.007417,0.013353,0.866667,0.876667,0.324285
pre_visit_dance,c2_r300m,2,300.000000,409,0.076685,0.171367,0.309491,0.793218,0.846297,0.008028,0.018776,0.850000,0.841667,0.627061
pre_visit_dance,c2_r300m,2,300.000000,410,0.260031,0.210032,0.861018,0.461233,0.658119,0.006583,0.019207,0.900000,0.860000,0.623394
pre_visit_dance,c2_r300m,2,300.000000,411,0.226828,0.212519,0.752558,0.939887,0.598758,0.025000,0.024174,0.766667,0.823333,0.890836
pre_visit_dance,c2_r300m,2,300.000000,413,0.052632,0.032337,0.185323,0.043853,0.188075,0.001889,0.005501,0.950000,0.906667,0.117149
pre_visit_dance,c2_r300m,2,300.000000,414,0.186017,0.153805,0.578041,0.400985,0.593993,0.008806,0.026665,0.866667,0.893333,0.389414
pre_visit_dance,c2_r300m,2,300.000000,415,0.146185,0.158951,0.516256,0.328045,0.647931,0.005361,0.020566,0.883333,0.903333,0.226139
pre_visit_dance,c2_r300m,2,300.000000,412,0.196236,0.147646,0.518050,0.854028,0.207997,0.018528,0.011504,0.883333,0.851667,0.877350
pre_visit_dance,c2_r300m,2,300.000000,420,-0.011416,0.031657,0.089401,0.178179,0.108960,0.004667,0.022068,0.866667,0.898333,0.218712
pre_visit_dance,c2_r300m,2,300.000000,419,-0.062437,0.040848,0.383737,0.707861,0.356543,0.004000,0.020349,0.883333,0.883333,0.694581
pre_visit_dance,c2_r300m,2,300.000000,421,0.192833,0.201209,0.802134,0.376069,0.588577,0.004111,0.009417,0.933333,0.863333,0.403492
pre_visit_dance,c2_r300m,2,300.000000,417,0.233000,0.211870,0.730344,0.873799,0.814407,0.025167,0.020348,0.816667,0.786667,0.912203
pre_visit_dance,c2_r300m,2,300.000000,423,0.476384,0.175468,0.368800,0.208773,0.649665,0.004000,0.026011,0.866667,0.898333,0.135830
pre_visit_dance,c2_r300m,2,300.000000,416,0.205973,0.211877,0.859289,0.785158,0.702208,0.026139,0.030253,0.800000,0.838333,0.706318
pre_visit_dance,c2_r300m,2,300.000000,418,0.168471,0.211994,0.849953,0.895884,0.509230,0.039194,0.017269,0.816667,0.768333,0.899475
pre_visit_dance,c2_r300m,2,300.000000,422,0.234203,0.185845,0.939084,0.904551,0.970780,0.048722,0.043300,0.733333,0.786667,0.898536
pre_visit_dance,c2_r300m,2,300.000000,424,0.215437,0.186988,0.717688,0.936229,0.732404,0.045278,0.038456,0.716667,0.846667,0.754234
pre_visit_dance,c2_r300m,2,300.000000,425,0.234325,0.212277,0.898198,0.930828,0.753336,0.060861,0.065623,0.716667,0.783333,0.922007
pre_visit_dance,c2_r300m,2,300.000000,426,0.228127,0.211179,0.874646,0.952517,0.461524,0.022500,0.021402,0.816667,0.798333,0.857379
pre_visit_dance,c2_r300m,2,300.000000,428,-0.133137,0.017309,0.080618,0.046799,0.142716,0.004861,0.017368,0.916667,0.903333,0.067377
pre_visit_dance,c2_r300m,2,300.000000,427,0.203582,0.101846,0.371320,0.837429,0.751029,0.020861,0.020232,0.850000,0.846667,0.715115
pre_visit_dance,c2_r300m,2,300.000000,431,0.105574,0.100423,0.070906,0.835894,0.485359,0.007528,0.035725,0.833333,0.875000,0.761878
pre_visit_dance,c2_r300m,2,300.000000,429,0.191636,0.155658,0.403582,0.736048,0.534462,0.017778,0.016276,0.900000,0.878333,0.736251
pre_visit_dance,c2_r300m,2,300.000000,430,0.092419,0.093704,0.455236,0.174904,0.629586,0.002028,0.011136,0.950000,0.901667,0.144818
pre_visit_dance,c2_r300m,2,300.000000,433,0.217537,0.151432,0.647095,0.500737,0.682863,0.016639,0.032378,0.783333,0.883333,0.377422
pre_visit_dance,c2_r300m,2,300.000000,432,0.305595,0.234720,0.657631,0.846446,0.187586,0.006472,0.013101,0.883333,0.875000,0.822476
pre_visit_dance,c2_r300m,2,300.000000,435,0.143742,0.102086,0.156619,0.288040,0.775458,0.002528,0.009587,0.933333,0.903333,0.307800
pre_visit_dance,c2_r300m,2,300.000000,436,0.203907,0.138414,0.083910,0.062352,0.458312,0.002611,0.002392,0.983333,0.925000,0.095106
pre_visit_dance,c2_r300m,2,300.000000,437,0.048706,0.120929,0.099645,0.265761,0.776878,0.007194,0.008494,0.916667,0.895000,0.268995
pre_visit_dance,c2_r300m,2,300.000000,434,0.150644,0.180636,0.720785,0.927378,0.442180,0.034694,0.029390,0.816667,0.838333,0.839747
pre_visit_dance,c2_r300m,2,300.000000,438,0.071759,0.101361,0.100913,0.137050,0.830202,0.004611,0.011042,0.950000,0.900000,0.158186
pre_visit_dance,c2_r300m,2,300.000000,439,0.148515,0.142344,0.560585,0.805469,0.931912,0.006056,0.026013,0.800000,0.853333,0.887802
pre_visit_dance,c2_r300m,2,300.000000,440,0.197764,0.216977,0.569353,0.875986,0.564135,0.025167,0.033373,0.800000,0.826667,0.739224
pre_visit_dance,c2_r300m,2,300.000000,441,0.218081,0.215043,0.849312,0.876291,0.917593,0.024222,0.030471,0.800000,0.766667,0.882905
pre_visit_dance,c2_r300m,2,300.000000,442,0.009972,0.012809,0.173859,0.822421,0.851789,0.004528,0.021063,0.850000,0.890000,0.871820
pre_visit_dance,c2_r300m,2,300.000000,444,0.248756,0.190450,0.921320,0.034465,0.729709,0.004639,0.020867,0.850000,0.903333,0.118064
pre_visit_dance,c2_r300m,2,300.000000,446,0.260681,0.222425,0.509270,0.361120,0.526652,0.007333,0.036912,0.783333,0.876667,0.250107
pre_visit_dance,c2_r300m,2,300.000000,443,0.148182,0.180575,0.742288,0.929418,0.959222,0.036139,0.041660,0.783333,0.803333,0.909805
pre_visit_dance,c2_r300m,2,300.000000,445,0.213363,0.202309,0.682852,0.927706,0.898857,0.025250,0.039493,0.733333,0.800000,0.910630
pre_visit_dance,c2_r300m,2,300.000000,448,0.067417,0.178447,0.503107,0.413434,0.155657,0.004944,0.015051,0.900000,0.863333,0.490029
pre_visit_dance,c2_r300m,2,300.000000,447,0.254246,0.222725,0.953806,0.935655,0.822676,0.041944,0.012711,0.833333,0.788333,0.879992
pre_visit_dance,c2_r300m,2,300.000000,449,0.195850,0.232314,0.843955,0.828343,0.506043,0.026611,0.024925,0.833333,0.775000,0.874933
pre_visit_dance,c2_r600m,2,600.000000,400,0.312196,0.279660,0.830221,0.908648,0.606969,0.186083,0.991554,0.000000,0.020000,0.883174
pre_visit_dance,c2_r600m,2,600.000000,401,0.271843,0.262458,0.815738,0.841354,0.829985,0.178222,0.893002,0.000000,0.026667,0.850956
pre_visit_dance,c2_r600m,2,600.000000,402,0.242611,0.262342,0.712443,0.853240,0.695296,0.167583,0.808048,0.016667,0.025000,0.862569
pre_visit_dance,c2_r600m,2,600.000000,405,0.287472,0.286054,0.926760,0.804908,0.706671,0.180222,0.927574,0.000000,0.021667,0.801708
pre_visit_dance,c2_r600m,2,600.000000,404,0.257135,0.273249,0.902062,0.914081,0.563453,0.179611,0.921822,0.016667,0.018333,0.892489
pre_visit_dance,c2_r600m,2,600.000000,407,0.254350,0.266931,0.809713,0.910085,0.681346,0.180972,0.982481,0.000000,0.021667,0.889865
pre_visit_dance,c2_r600m,2,600.000000,403,0.266364,0.272080,0.751398,0.888119,0.860479,0.162556,0.847253,0.000000,0.018333,0.859223
pre_visit_dance,c2_r600m,2,600.000000,406,0.289063,0.272728,0.888710,0.863947,0.721410,0.186306,0.981919,0.050000,0.016667,0.877295
pre_visit_dance,c2_r600m,2,600.000000,408,0.243860,0.278882,0.781220,0.906189,0.596250,0.177722,0.944764,0.000000,0.010000,0.881904
pre_visit_dance,c2_r600m,2,600.000000,411,0.264393,0.272130,0.848127,0.886204,0.371949,0.172889,0.846393,0.016667,0.033333,0.884973
pre_visit_dance,c2_r600m,2,600.000000,409,0.273040,0.264831,0.830091,0.890235,0.750345,0.192083,1.047519,0.016667,0.028333,0.905168
pre_visit_dance,c2_r600m,2,600.000000,410,0.310117,0.278362,0.891427,0.907913,0.628664,0.191972,1.068878,0.000000,0.003333,0.891710
pre_visit_dance,c2_r600m,2,600.000000,412,0.284213,0.268481,0.727031,0.917858,0.756176,0.182917,0.989420,0.000000,0.023333,0.900709
pre_visit_dance,c2_r600m,2,600.000000,413,0.296696,0.282753,0.846503,0.877226,0.789985,0.180944,0.892726,0.066667,0.030000,0.853825
pre_visit_dance,c2_r600m,2,600.000000,414,0.286502,0.284117,0.888891,0.864281,0.691107,0.181583,0.943200,0.033333,0.015000,0.866789
pre_visit_dance,c2_r600m,2,600.000000,415,0.284158,0.263743,0.882789,0.877001,0.684158,0.176472,0.946240,0.050000,0.021667,0.896193
pre_visit_dance,c2_r600m,2,600.000000,416,0.301231,0.277681,0.886413,0.928890,0.458536,0.190167,1.034538,0.000000,0.021667,0.894836
pre_visit_dance,c2_r600m,2,600.000000,418,0.276973,0.279858,0.842999,0.833444,0.372328,0.175417,0.886918,0.016667,0.036667,0.829612
pre_visit_dance,c2_r600m,2,600.000000,417,0.262080,0.279299,0.835908,0.925375,0.629940,0.190639,1.021573,0.000000,0.016667,0.914069
pre_visit_dance,c2_r600m,2,600.000000,419,0.287060,0.267439,0.850762,0.872415,0.472292,0.170528,0.792582,0.066667,0.025000,0.888085
pre_visit_dance,c2_r600m,2,600.000000,422,0.269862,0.273028,0.836118,0.914747,0.852332,0.177944,0.892567,0.016667,0.021667,0.866722
pre_visit_dance,c2_r600m,2,600.000000,420,0.252630,0.266239,0.821880,0.866372,0.747555,0.172361,0.837942,0.016667,0.018333,0.875046
pre_visit_dance,c2_r600m,2,600.000000,421,0.269033,0.274944,0.848825,0.853422,0.694955,0.175694,0.894625,0.000000,0.013333,0.880831
pre_visit_dance,c2_r600m,2,600.000000,423,0.253199,0.276545,0.829457,0.822767,0.703323,0.178806,0.904231,0.050000,0.015000,0.872123
pre_visit_dance,c2_r600m,2,600.000000,424,0.246284,0.268626,0.842641,0.901018,0.564300,0.168417,0.837291,0.083333,0.023333,0.877344
pre_visit_dance,c2_r600m,2,600.000000,426,0.256700,0.271418,0.822574,0.916354,0.586165,0.174056,0.877205,0.016667,0.021667,0.884254
pre_visit_dance,c2_r600m,2,600.000000,425,0.259254,0.271271,0.888056,0.846449,0.608834,0.161861,0.805407,0.000000,0.013333,0.843216
pre_visit_dance,c2_r600m,2,600.000000,429,0.276019,0.268153,0.799251,0.924376,0.870846,0.181806,0.971272,0.000000,0.020000,0.880192
pre_visit_dance,c2_r600m,2,600.000000,428,0.270741,0.279203,0.834297,0.858162,0.698791,0.166417,0.789023,0.016667,0.018333,0.874740
pre_visit_dance,c2_r600m,2,600.000000,427,0.228377,0.259518,0.778572,0.918517,0.690394,0.163917,0.808267,0.033333,0.015000,0.892339
pre_visit_dance,c2_r600m,2,600.000000,430,0.293711,0.274434,0.815714,0.885411,0.637280,0.176222,0.875091,0.016667,0.013333,0.885491
pre_visit_dance,c2_r600m,2,600.000000,431,0.265076,0.271424,0.795951,0.902681,0.802865,0.187667,1.045414,0.016667,0.021667,0.851202
pre_visit_dance,c2_r600m,2,600.000000,433,0.268910,0.268547,0.821971,0.870638,0.649675,0.178333,0.897049,0.033333,0.020000,0.867494
pre_visit_dance,c2_r600m,2,600.000000,432,0.271294,0.285549,0.923028,0.885991,0.489179,0.186806,0.990107,0.016667,0.015000,0.899080
pre_visit_dance,c2_r600m,2,600.000000,434,0.269010,0.274309,0.866514,0.899985,0.478757,0.173194,0.904577,0.016667,0.015000,0.870873
pre_visit_dance,c2_r600m,2,600.000000,435,0.263034,0.274704,0.833352,0.899951,0.489597,0.172556,0.878945,0.000000,0.006667,0.885171
pre_visit_dance,c2_r600m,2,600.000000,439,0.294000,0.267672,0.834620,0.893123,0.642448,0.174972,0.868059,0.000000,0.023333,0.874819
pre_visit_dance,c2_r600m,2,600.000000,436,0.266510,0.281724,0.876256,0.882955,0.866338,0.189583,1.041070,0.000000,0.010000,0.870481
pre_visit_dance,c2_r600m,2,600.000000,438,0.315335,0.284920,0.867587,0.861005,0.729141,0.192861,1.029531,0.000000,0.010000,0.874743
pre_visit_dance,c2_r600m,2,600.000000,437,0.271403,0.276159,0.767914,0.857264,0.613445,0.180639,0.960606,0.016667,0.026667,0.872317
pre_visit_dance,c2_r600m,2,600.000000,441,0.269105,0.273891,0.825723,0.903214,0.750001,0.185694,0.968591,0.000000,0.016667,0.892175
pre_visit_dance,c2_r600m,2,600.000000,442,0.272540,0.277130,0.900998,0.872353,0.687825,0.182389,0.947696,0.033333,0.011667,0.873947
pre_visit_dance,c2_r600m,2,600.000000,443,0.304668,0.268498,0.814761,0.899049,0.781337,0.180139,0.956144,0.000000,0.023333,0.879940
pre_visit_dance,c2_r600m,2,600.000000,440,0.294736,0.277852,0.838923,0.875289,0.728477,0.178528,0.947472,0.033333,0.021667,0.874314
pre_visit_dance,c2_r600m,2,600.000000,444,0.288290,0.263518,0.858158,0.855007,0.631499,0.169361,0.923472,0.000000,0.026667,0.864680
pre_visit_dance,c2_r600m,2,600.000000,445,0.279672,0.279994,0.851627,0.895961,0.729349,0.183972,0.994452,0.000000,0.015000,0.890049
pre_visit_dance,c2_r600m,2,600.000000,446,0.247758,0.273757,0.816346,0.920574,0.628039,0.176889,0.960715,0.000000,0.008333,0.890537
pre_visit_dance,c3_r15m,3,15.000000,400,-0.003225,0.002687,0.341403,0.466800,0.611521,0.001389,0.001000,1.000000,1.000000,0.584860
pre_visit_dance,c3_r15m,3,15.000000,401,0.000000,0.001044,0.287082,0.525960,0.733783,0.001389,0.001000,1.000000,1.000000,0.337868
pre_visit_dance,c3_r15m,3,15.000000,402,0.000000,-0.003390,0.373142,0.202964,0.617328,0.000778,0.001000,1.000000,1.000000,0.279094
pre_visit_dance,c3_r15m,3,15.000000,403,0.000000,-0.000036,0.410983,0.345947,0.485810,0.001278,0.001000,1.000000,1.000000,0.534304
pre_visit_dance,c3_r15m,3,15.000000,404,-0.005291,0.002918,0.420074,0.311232,0.636234,0.002472,0.001000,1.000000,1.000000,0.260164
pre_visit_dance,c2_r600m,2,600.000000,447,0.274047,0.272425,0.771810,0.913130,0.551157,0.183861,0.970498,0.000000,0.020000,0.847520
pre_visit_dance,c3_r15m,3,15.000000,405,0.000000,-0.001016,0.346602,0.543589,0.760719,0.000778,0.001000,1.000000,1.000000,0.629345
pre_visit_dance,c3_r15m,3,15.000000,406,0.000000,0.000000,0.708837,0.516952,0.814912,0.000417,0.001000,1.000000,1.000000,0.635104
pre_visit_dance,c3_r15m,3,15.000000,407,0.003786,0.000141,0.330926,0.303299,0.858251,0.002389,0.001000,1.000000,1.000000,0.317238
pre_visit_dance,c3_r15m,3,15.000000,408,0.000000,-0.001391,0.242780,0.210080,0.796087,0.001944,0.001000,1.000000,1.000000,0.178154
pre_visit_dance,c3_r15m,3,15.000000,409,0.000000,0.000000,0.311194,0.463138,0.804680,0.000722,0.001000,1.000000,1.000000,0.539572
pre_visit_dance,c2_r600m,2,600.000000,448,0.274245,0.272322,0.868483,0.893893,0.605557,0.178750,0.928593,0.033333,0.018333,0.877291
pre_visit_dance,c3_r15m,3,15.000000,410,0.000000,0.003251,0.324060,0.422376,0.797055,0.001250,0.001000,1.000000,1.000000,0.210710
pre_visit_dance,c3_r15m,3,15.000000,411,0.000000,-0.002673,0.773037,0.423041,0.758303,0.001806,0.001000,1.000000,1.000000,0.400402
pre_visit_dance,c3_r15m,3,15.000000,412,0.000000,0.000780,0.484377,0.585570,0.611507,0.002333,0.001000,1.000000,1.000000,0.499794
pre_visit_dance,c3_r15m,3,15.000000,413,0.000000,0.001855,0.392980,0.345236,0.680048,0.000944,0.001000,1.000000,1.000000,0.394595
pre_visit_dance,c3_r15m,3,15.000000,414,0.000000,-0.001863,0.430419,0.520653,0.773246,0.000528,0.001000,1.000000,1.000000,0.379204
pre_visit_dance,c2_r600m,2,600.000000,449,0.290019,0.272195,0.820073,0.903546,0.541072,0.189083,1.011951,0.000000,0.015000,0.879383
pre_visit_dance,c3_r15m,3,15.000000,415,0.000000,-0.000952,0.339198,0.445537,0.667150,0.001389,0.001000,1.000000,1.000000,0.415886
pre_visit_dance,c3_r15m,3,15.000000,416,0.003846,0.001695,0.232764,0.744187,0.831849,0.002139,0.001000,1.000000,1.000000,0.654190
pre_visit_dance,c3_r15m,3,15.000000,417,0.000000,-0.000818,0.284335,0.699128,0.737767,0.001222,0.001000,1.000000,1.000000,0.717955
pre_visit_dance,c3_r15m,3,15.000000,418,0.000000,0.026250,0.474095,0.412478,0.455034,0.000528,0.001000,1.000000,1.000000,0.343082
pre_visit_dance,c3_r15m,3,15.000000,419,0.000000,0.002635,0.543171,0.310342,0.579460,0.000833,0.001000,1.000000,1.000000,0.162318
pre_visit_dance,c3_r15m,3,15.000000,420,0.000000,0.001582,0.347676,0.166862,0.709094,0.000889,0.001000,1.000000,1.000000,0.211397
pre_visit_dance,c3_r15m,3,15.000000,421,0.000000,0.000000,0.199123,0.532108,0.704675,0.000944,0.001000,1.000000,1.000000,0.537400
pre_visit_dance,c3_r15m,3,15.000000,422,0.000000,0.006823,0.490262,0.677939,0.656982,0.000556,0.001000,1.000000,1.000000,0.656302
pre_visit_dance,c3_r15m,3,15.000000,423,0.014706,-0.001224,0.288223,0.478145,0.660088,0.001667,0.001000,1.000000,1.000000,0.384610
pre_visit_dance,c3_r15m,3,15.000000,425,0.000000,0.002831,0.372183,0.409713,0.592417,0.001306,0.001000,1.000000,1.000000,0.352138
pre_visit_dance,c3_r15m,3,15.000000,424,0.000000,0.002222,0.322205,0.504775,0.505577,0.001083,0.001000,1.000000,1.000000,0.312205
pre_visit_dance,c3_r15m,3,15.000000,426,0.000000,0.000124,0.279855,0.250498,0.493615,0.002639,0.001000,1.000000,1.000000,0.169134
pre_visit_dance,c3_r15m,3,15.000000,427,0.000000,-0.006749,0.479370,0.167706,0.319221,0.000778,0.001000,1.000000,1.000000,0.218816
pre_visit_dance,c3_r15m,3,15.000000,428,-0.047619,-0.000916,0.225358,0.416740,0.486317,0.000528,0.001000,1.000000,1.000000,0.313919
pre_visit_dance,c3_r15m,3,15.000000,429,0.000000,-0.001212,0.588439,0.703336,0.676116,0.001556,0.001000,1.000000,1.000000,0.684597
pre_visit_dance,c3_r15m,3,15.000000,430,0.011364,0.000893,0.319262,0.515148,0.564817,0.001194,0.001000,1.000000,1.000000,0.746376
pre_visit_dance,c3_r15m,3,15.000000,431,0.000000,0.001579,0.428510,0.385883,0.577144,0.001889,0.001000,1.000000,1.000000,0.213756
pre_visit_dance,c3_r15m,3,15.000000,432,0.000000,-0.005782,0.434260,0.383461,0.405897,0.000972,0.001000,1.000000,1.000000,0.381729
pre_visit_dance,c3_r15m,3,15.000000,433,0.000000,-0.001900,0.505322,0.430433,0.716928,0.001306,0.001000,1.000000,1.000000,0.246767
pre_visit_dance,c3_r15m,3,15.000000,434,0.000000,-0.000443,0.407065,0.417349,0.650451,0.001944,0.001000,1.000000,1.000000,0.443216
pre_visit_dance,c3_r15m,3,15.000000,435,-0.021277,0.002060,0.637568,0.447713,0.743985,0.001556,0.001000,1.000000,1.000000,0.821942
pre_visit_dance,c3_r15m,3,15.000000,436,0.000000,0.000000,0.666213,0.391645,0.841166,0.000639,0.001000,1.000000,1.000000,0.470750
pre_visit_dance,c3_r15m,3,15.000000,437,-0.007299,0.000357,0.281141,0.583237,0.652311,0.001583,0.001000,1.000000,1.000000,0.433694
pre_visit_dance,c3_r15m,3,15.000000,439,0.000000,0.004183,0.256910,0.321396,0.446980,0.001889,0.001000,1.000000,1.000000,0.279646
pre_visit_dance,c3_r15m,3,15.000000,438,0.000000,-0.000220,0.228310,0.368625,0.744529,0.001083,0.001000,1.000000,1.000000,0.341401
pre_visit_dance,c3_r15m,3,15.000000,441,0.000000,-0.001818,0.277396,0.255319,0.520614,0.001056,0.001000,1.000000,1.000000,0.273376
pre_visit_dance,c3_r15m,3,15.000000,440,0.017391,0.002043,0.428085,0.268411,0.622188,0.002389,0.001000,1.000000,1.000000,0.274851
pre_visit_dance,c3_r15m,3,15.000000,442,0.000000,-0.000234,0.458044,0.442280,0.764536,0.002333,0.001000,1.000000,1.000000,0.376863
pre_visit_dance,c3_r15m,3,15.000000,443,0.000000,-0.002761,0.337491,0.297634,0.587782,0.001278,0.001000,1.000000,1.000000,0.254652
pre_visit_dance,c3_r15m,3,15.000000,445,0.000000,-0.003601,0.410706,0.289000,0.453064,0.001722,0.001000,1.000000,1.000000,0.224586
pre_visit_dance,c3_r15m,3,15.000000,444,0.000000,0.001443,0.453792,0.501129,0.533069,0.001333,0.001000,1.000000,1.000000,0.603508
pre_visit_dance,c3_r15m,3,15.000000,446,0.000000,0.001667,0.402437,0.301856,0.760250,0.000556,0.001000,1.000000,1.000000,0.460269
pre_visit_dance,c3_r15m,3,15.000000,447,0.000000,-0.002857,0.660094,0.445032,0.404768,0.001028,0.001000,1.000000,1.000000,0.312433
pre_visit_dance,c3_r15m,3,15.000000,448,-0.040000,0.000249,0.397548,0.638876,0.415746,0.000833,0.001000,1.000000,1.000000,0.733336
pre_visit_dance,c3_r15m,3,15.000000,449,0.006993,0.001115,0.369505,0.261013,0.676002,0.002917,0.001000,1.000000,1.000000,0.241839
pre_visit_dance,c3_r37.5m,3,37.500000,400,0.002446,0.008483,0.283838,0.384787,0.847172,0.003806,0.001000,1.000000,1.000000,0.324066
pre_visit_dance,c3_r37.5m,3,37.500000,401,0.003625,0.017093,0.549360,0.202950,0.540009,0.002972,0.001000,1.000000,1.000000,0.303912
pre_visit_dance,c3_r37.5m,3,37.500000,402,0.015768,0.009515,0.310415,0.467680,0.611348,0.005694,0.001000,1.000000,1.000000,0.436921
pre_visit_dance,c3_r37.5m,3,37.500000,403,0.022518,0.010610,0.427172,0.575755,0.658617,0.008639,0.001000,1.000000,1.000000,0.504733
pre_visit_dance,c3_r37.5m,3,37.500000,404,0.015851,0.012856,0.297377,0.505038,0.838016,0.004472,0.001000,1.000000,1.000000,0.313459
pre_visit_dance,c3_r37.5m,3,37.500000,405,0.000287,0.006960,0.345192,0.412942,0.664315,0.005917,0.001000,1.000000,1.000000,0.437759
pre_visit_dance,c3_r37.5m,3,37.500000,406,-0.006629,0.012572,0.189931,0.264480,0.680787,0.005806,0.001000,1.000000,1.000000,0.292987
pre_visit_dance,c3_r37.5m,3,37.500000,407,0.025518,0.012944,0.354131,0.390738,0.754341,0.002222,0.001000,1.000000,1.000000,0.393764
pre_visit_dance,c3_r37.5m,3,37.500000,410,0.004110,0.011593,0.303173,0.300220,0.710339,0.001722,0.001000,1.000000,1.000000,0.311409
pre_visit_dance,c3_r37.5m,3,37.500000,411,-0.005935,0.000032,0.245430,0.288208,0.565325,0.003278,0.001000,1.000000,1.000000,0.156243
pre_visit_dance,c3_r37.5m,3,37.500000,409,0.012598,0.018074,0.463869,0.482335,0.662251,0.001972,0.001000,1.000000,1.000000,0.447675
pre_visit_dance,c3_r37.5m,3,37.500000,408,-0.001273,0.015627,0.344273,0.285959,0.694234,0.005611,0.001000,1.000000,1.000000,0.236756
pre_visit_dance,c3_r37.5m,3,37.500000,412,0.000298,0.010902,0.378367,0.320456,0.723452,0.004528,0.001000,1.000000,1.000000,0.454439
pre_visit_dance,c3_r37.5m,3,37.500000,413,0.020701,0.013774,0.214300,0.431143,0.547046,0.006583,0.001000,1.000000,1.000000,0.458148
pre_visit_dance,c3_r37.5m,3,37.500000,414,0.020329,0.016518,0.340233,0.229717,0.766538,0.004333,0.001000,1.000000,1.000000,0.212303
pre_visit_dance,c3_r37.5m,3,37.500000,415,0.020755,0.012797,0.244997,0.765132,0.607089,0.005722,0.001000,1.000000,1.000000,0.749197
pre_visit_dance,c3_r37.5m,3,37.500000,416,0.032785,0.009272,0.330133,0.413208,0.431850,0.004833,0.001000,1.000000,1.000000,0.457565
pre_visit_dance,c3_r37.5m,3,37.500000,417,0.007095,0.009035,0.403714,0.395502,0.811988,0.004389,0.001000,1.000000,1.000000,0.435390
pre_visit_dance,c3_r37.5m,3,37.500000,418,-0.008621,0.013297,0.425455,0.604659,0.433339,0.002194,0.001000,1.000000,1.000000,0.435397
pre_visit_dance,c3_r37.5m,3,37.500000,419,-0.001923,0.006436,0.399246,0.419883,0.643619,0.003444,0.001000,1.000000,1.000000,0.454264
pre_visit_dance,c3_r37.5m,3,37.500000,421,-0.007391,0.012774,0.407247,0.311404,0.585096,0.003333,0.001000,1.000000,1.000000,0.264852
pre_visit_dance,c3_r37.5m,3,37.500000,420,0.016906,0.013447,0.350246,0.448101,0.520023,0.004194,0.001000,1.000000,1.000000,0.436622
pre_visit_dance,c3_r37.5m,3,37.500000,422,0.003270,0.009281,0.351778,0.436987,0.702917,0.004750,0.001000,1.000000,1.000000,0.433888
pre_visit_dance,c3_r37.5m,3,37.500000,423,0.025000,0.004946,0.317880,0.220888,0.283713,0.003167,0.001000,1.000000,1.000000,0.258680
pre_visit_dance,c3_r37.5m,3,37.500000,424,0.002403,0.005381,0.262355,0.355530,0.422377,0.004167,0.001000,1.000000,1.000000,0.332742
pre_visit_dance,c3_r37.5m,3,37.500000,425,0.012540,0.020178,0.324861,0.461300,0.680414,0.004028,0.001000,1.000000,1.000000,0.487057
pre_visit_dance,c3_r37.5m,3,37.500000,426,0.019598,0.008726,0.242975,0.433858,0.576147,0.005694,0.001000,1.000000,1.000000,0.491849
pre_visit_dance,c3_r37.5m,3,37.500000,428,0.012012,0.009466,0.129151,0.562309,0.694770,0.003472,0.001000,1.000000,1.000000,0.709398
pre_visit_dance,c3_r37.5m,3,37.500000,429,-0.000317,0.009320,0.556117,0.618974,0.847860,0.002917,0.001000,1.000000,1.000000,0.735478
pre_visit_dance,c3_r37.5m,3,37.500000,427,0.017920,0.014151,0.282374,0.697731,0.613364,0.005194,0.001000,1.000000,1.000000,0.654321
pre_visit_dance,c3_r37.5m,3,37.500000,430,0.022321,0.009366,0.410803,0.234756,0.253974,0.003750,0.001000,1.000000,1.000000,0.208517
pre_visit_dance,c3_r37.5m,3,37.500000,431,0.024621,0.009194,0.285963,0.262711,0.790263,0.001389,0.001000,1.000000,1.000000,0.299781
pre_visit_dance,c3_r37.5m,3,37.500000,432,0.000000,-0.007362,0.206654,0.292190,0.595795,0.002694,0.001000,1.000000,1.000000,0.281869
pre_visit_dance,c3_r37.5m,3,37.500000,433,0.029851,0.012639,0.543049,0.330757,0.629554,0.001306,0.001000,1.000000,1.000000,0.321061
pre_visit_dance,c3_r37.5m,3,37.500000,434,0.004068,0.013744,0.367213,0.580954,0.306134,0.005306,0.001000,1.000000,1.000000,0.547979
pre_visit_dance,c3_r37.5m,3,37.500000,435,0.009093,0.011896,0.297863,0.382847,0.630903,0.004972,0.001000,1.000000,1.000000,0.441622
pre_visit_dance,c3_r37.5m,3,37.500000,436,0.037975,0.013754,0.250840,0.419364,0.414660,0.003611,0.001000,1.000000,1.000000,0.324205
pre_visit_dance,c3_r37.5m,3,37.500000,437,-0.002885,0.012628,0.416896,0.490290,0.766983,0.007194,0.001000,1.000000,1.000000,0.432653
pre_visit_dance,c3_r37.5m,3,37.500000,438,0.034373,0.021345,0.834513,0.536861,0.725256,0.003583,0.001000,1.000000,1.000000,0.422576
pre_visit_dance,c3_r37.5m,3,37.500000,439,0.008282,0.004633,0.179018,0.307877,0.608763,0.003889,0.001000,1.000000,1.000000,0.391701
pre_visit_dance,c3_r37.5m,3,37.500000,440,0.020235,0.018736,0.558217,0.555972,0.394718,0.001556,0.001000,1.000000,1.000000,0.553574
pre_visit_dance,c3_r37.5m,3,37.500000,441,0.006667,0.010202,0.648831,0.435297,0.649493,0.004194,0.001000,1.000000,1.000000,0.621236
pre_visit_dance,c3_r37.5m,3,37.500000,442,0.008532,0.007402,0.307737,0.347255,0.720032,0.006917,0.001000,1.000000,1.000000,0.312453
pre_visit_dance,c3_r37.5m,3,37.500000,443,-0.016529,-0.001406,0.199387,0.228403,0.542144,0.002750,0.001000,1.000000,1.000000,0.297864
pre_visit_dance,c3_r37.5m,3,37.500000,445,0.002721,0.012799,0.263257,0.229693,0.728803,0.005167,0.001000,1.000000,1.000000,0.180126
pre_visit_dance,c3_r37.5m,3,37.500000,444,0.024740,0.015980,0.471557,0.518160,0.755496,0.004556,0.001000,1.000000,1.000000,0.604952
pre_visit_dance,c3_r37.5m,3,37.500000,446,0.009551,0.012119,0.461554,0.411057,0.495195,0.003917,0.001000,1.000000,1.000000,0.293796
pre_visit_dance,c3_r37.5m,3,37.500000,447,0.026211,0.014407,0.433381,0.178952,0.745878,0.001750,0.001000,1.000000,1.000000,0.271150
pre_visit_dance,c3_r37.5m,3,37.500000,448,0.044444,0.013593,0.302146,0.472584,0.527264,0.002583,0.001000,1.000000,1.000000,0.362670
pre_visit_dance,c3_r37.5m,3,37.500000,449,0.018408,0.007263,0.515260,0.296023,0.752620,0.006083,0.001000,1.000000,1.000000,0.241633
pre_visit_dance,c3_r75m,3,75.000000,400,0.027754,0.021215,0.202934,0.584492,0.641180,0.008722,0.001000,1.000000,1.000000,0.532146
pre_visit_dance,c3_r75m,3,75.000000,402,0.022179,0.046380,0.605465,0.322769,0.624779,0.005917,0.001000,1.000000,1.000000,0.437341
pre_visit_dance,c3_r75m,3,75.000000,401,0.075820,0.048190,0.703340,0.515909,0.834541,0.004722,0.001000,1.000000,1.000000,0.395898
pre_visit_dance,c3_r75m,3,75.000000,403,0.095503,0.046723,0.611666,0.469912,0.662583,0.004750,0.001000,1.000000,1.000000,0.344965
pre_visit_dance,c3_r75m,3,75.000000,404,0.035344,0.038980,0.574140,0.326301,0.785466,0.008194,0.001000,1.000000,1.000000,0.301717
pre_visit_dance,c3_r75m,3,75.000000,405,0.052527,0.040225,0.576484,0.303437,0.711720,0.008472,0.001000,1.000000,1.000000,0.286873
pre_visit_dance,c3_r75m,3,75.000000,406,0.017601,0.036363,0.263112,0.395909,0.636584,0.003972,0.001000,1.000000,1.000000,0.378266
pre_visit_dance,c3_r75m,3,75.000000,407,0.053710,0.042152,0.447679,0.311483,0.751986,0.008250,0.001000,1.000000,1.000000,0.235831
pre_visit_dance,c3_r75m,3,75.000000,408,0.053554,0.040155,0.554526,0.291674,0.544975,0.004694,0.001000,1.000000,1.000000,0.361376
pre_visit_dance,c3_r75m,3,75.000000,410,0.018293,0.036986,0.427552,0.376353,0.707201,0.001667,0.001000,1.000000,1.000000,0.717821
pre_visit_dance,c3_r75m,3,75.000000,409,0.005489,0.021484,0.195138,0.302962,0.750486,0.009917,0.001000,1.000000,1.000000,0.382682
pre_visit_dance,c3_r75m,3,75.000000,411,0.053954,0.043846,0.504563,0.480474,0.551397,0.006917,0.001000,1.000000,1.000000,0.465254
pre_visit_dance,c3_r75m,3,75.000000,412,0.018785,0.033902,0.437436,0.432657,0.489754,0.006722,0.001000,1.000000,1.000000,0.165032
pre_visit_dance,c3_r75m,3,75.000000,413,0.027847,0.044066,0.412127,0.434220,0.708320,0.007194,0.001000,1.000000,1.000000,0.325870
pre_visit_dance,c3_r75m,3,75.000000,414,0.010486,0.029632,0.159226,0.260699,0.594933,0.005694,0.001000,1.000000,1.000000,0.249100
pre_visit_dance,c3_r75m,3,75.000000,415,0.057961,0.031432,0.314816,0.497698,0.448874,0.012778,0.001000,1.000000,1.000000,0.459463
pre_visit_dance,c3_r75m,3,75.000000,416,0.009945,0.018759,0.374541,0.546599,0.772146,0.003889,0.001000,1.000000,1.000000,0.410539
pre_visit_dance,c3_r75m,3,75.000000,418,0.023780,0.033801,0.192694,0.426920,0.673200,0.010972,0.001000,1.000000,1.000000,0.509259
pre_visit_dance,c3_r75m,3,75.000000,417,0.025582,0.023280,0.451395,0.384945,0.552491,0.009472,0.001000,1.000000,1.000000,0.543645
pre_visit_dance,c3_r75m,3,75.000000,419,0.012851,0.042351,0.242857,0.283942,0.519424,0.012000,0.001000,1.000000,1.000000,0.256817
pre_visit_dance,c3_r75m,3,75.000000,420,0.044048,0.020984,0.437361,0.360814,0.588708,0.008833,0.001000,1.000000,1.000000,0.248870
pre_visit_dance,c3_r75m,3,75.000000,421,0.070123,0.046994,0.342870,0.240239,0.642656,0.010778,0.001000,1.000000,1.000000,0.257638
pre_visit_dance,c3_r75m,3,75.000000,423,0.077290,0.070395,0.551536,0.445569,0.220499,0.002444,0.001000,1.000000,1.000000,0.388543
pre_visit_dance,c3_r75m,3,75.000000,422,0.034769,0.029301,0.272034,0.339260,0.460925,0.006389,0.001000,1.000000,1.000000,0.392213
pre_visit_dance,c3_r75m,3,75.000000,424,0.026996,0.042969,0.413050,0.149115,0.821671,0.007583,0.001000,1.000000,1.000000,0.201303
pre_visit_dance,c3_r75m,3,75.000000,427,0.085619,0.032522,0.252825,0.178605,0.672983,0.004194,0.001000,1.000000,1.000000,0.182461
pre_visit_dance,c3_r75m,3,75.000000,426,0.064320,0.056630,0.533158,0.284679,0.431567,0.005528,0.001000,1.000000,1.000000,0.338635
pre_visit_dance,c3_r75m,3,75.000000,425,0.014429,0.022476,0.187904,0.298372,0.709362,0.012639,0.001000,1.000000,1.000000,0.231630
pre_visit_dance,c3_r75m,3,75.000000,429,0.016899,0.016799,0.145638,0.361825,0.457624,0.012611,0.001000,1.000000,1.000000,0.318273
pre_visit_dance,c3_r75m,3,75.000000,428,0.004137,0.042042,0.243272,0.582756,0.834088,0.004333,0.001000,1.000000,1.000000,0.317821
pre_visit_dance,c3_r75m,3,75.000000,430,0.028264,0.044524,0.326628,0.349701,0.538704,0.008861,0.001000,1.000000,1.000000,0.362926
pre_visit_dance,c3_r75m,3,75.000000,432,0.034274,0.023862,0.475434,0.381409,0.811478,0.005750,0.001000,1.000000,1.000000,0.340898
pre_visit_dance,c3_r75m,3,75.000000,431,0.027853,0.040777,0.457139,0.522923,0.327201,0.015889,0.001000,1.000000,1.000000,0.507726
pre_visit_dance,c3_r75m,3,75.000000,434,0.043697,0.035431,0.192045,0.285675,0.770050,0.008667,0.001000,1.000000,1.000000,0.319066
pre_visit_dance,c3_r75m,3,75.000000,435,0.030555,0.038032,0.504318,0.468875,0.730023,0.007472,0.001000,1.000000,1.000000,0.463863
pre_visit_dance,c3_r75m,3,75.000000,433,0.027859,0.025062,0.352072,0.495770,0.615879,0.015083,0.001000,1.000000,1.000000,0.563252
pre_visit_dance,c3_r75m,3,75.000000,436,0.020639,0.027735,0.370474,0.336362,0.607447,0.010556,0.001000,1.000000,1.000000,0.273142
pre_visit_dance,c3_r75m,3,75.000000,437,0.017498,0.035793,0.256914,0.331153,0.752375,0.003083,0.001000,1.000000,0.998333,0.271073
pre_visit_dance,c3_r75m,3,75.000000,438,0.035839,0.040788,0.219723,0.148142,0.703949,0.004722,0.001000,1.000000,1.000000,0.199107
pre_visit_dance,c3_r75m,3,75.000000,439,0.061750,0.045582,0.641400,0.429531,0.516273,0.006222,0.001000,1.000000,1.000000,0.420710
pre_visit_dance,c3_r75m,3,75.000000,440,0.030552,0.022148,0.226030,0.570857,0.734323,0.007083,0.001000,1.000000,1.000000,0.596877
pre_visit_dance,c3_r75m,3,75.000000,441,0.025746,0.018746,0.377062,0.419764,0.444058,0.004250,0.001000,1.000000,1.000000,0.361837
pre_visit_dance,c3_r75m,3,75.000000,442,0.059831,0.053599,0.428086,0.475358,0.494032,0.008889,0.001000,1.000000,1.000000,0.444992
pre_visit_dance,c3_r75m,3,75.000000,443,0.087236,0.032545,0.414453,0.275336,0.367398,0.007306,0.001000,1.000000,1.000000,0.180165
pre_visit_dance,c3_r75m,3,75.000000,444,0.029160,0.029966,0.307569,0.361628,0.616994,0.011472,0.001000,1.000000,1.000000,0.418890
pre_visit_dance,c3_r75m,3,75.000000,445,0.053001,0.042427,0.352902,0.540375,0.313734,0.008444,0.001000,1.000000,1.000000,0.447730
pre_visit_dance,c3_r75m,3,75.000000,446,0.048818,0.051825,0.723960,0.493614,0.804577,0.011250,0.001000,1.000000,1.000000,0.503769
pre_visit_dance,c3_r75m,3,75.000000,447,0.078929,0.024505,0.230779,0.598923,0.687198,0.003472,0.001000,1.000000,1.000000,0.470428
pre_visit_dance,c3_r75m,3,75.000000,448,0.028142,0.028590,0.356276,0.420999,0.644781,0.006833,0.001000,1.000000,1.000000,0.374248
pre_visit_dance,c3_r75m,3,75.000000,449,0.010036,0.037154,0.621362,0.668321,0.670984,0.006472,0.001000,1.000000,1.000000,0.673410
pre_visit_dance,c3_r150m,3,150.000000,400,0.027952,0.027306,0.049470,0.253204,0.343122,0.001583,0.001000,1.000000,0.991667,0.363434
pre_visit_dance,c3_r150m,3,150.000000,401,0.075776,0.083469,0.374793,0.499312,0.539616,0.019639,0.001000,1.000000,1.000000,0.435547
pre_visit_dance,c3_r150m,3,150.000000,402,0.018608,0.040387,0.185923,0.415387,0.494671,0.006778,0.001000,1.000000,0.995000,0.436463
pre_visit_dance,c3_r150m,3,150.000000,403,0.016265,0.028099,0.168661,0.219473,0.445051,0.009222,0.001000,1.000000,0.998333,0.260468
pre_visit_dance,c3_r150m,3,150.000000,404,0.135994,0.117504,0.666548,0.872533,0.365054,0.008278,0.001000,1.000000,0.996667,0.887285
pre_visit_dance,c3_r150m,3,150.000000,406,0.038036,0.057901,0.225273,0.215155,0.595217,0.007111,0.001000,1.000000,0.996667,0.154963
pre_visit_dance,c3_r150m,3,150.000000,407,0.125197,0.085836,0.375183,0.839841,0.845676,0.008611,0.004528,0.966667,0.986667,0.884402
pre_visit_dance,c3_r150m,3,150.000000,408,0.053858,0.111404,0.624798,0.088324,0.605406,0.002139,0.004836,0.983333,0.991667,0.537916
pre_visit_dance,c3_r150m,3,150.000000,405,0.056626,0.064994,0.269846,0.422220,0.761824,0.031917,0.001000,1.000000,1.000000,0.413517
pre_visit_dance,c3_r150m,3,150.000000,410,0.121458,0.138733,0.677347,0.683653,0.351452,0.007333,0.001610,0.966667,0.990000,0.581553
pre_visit_dance,c3_r150m,3,150.000000,411,0.066803,0.048982,0.139845,0.467263,0.650257,0.007806,0.001000,1.000000,1.000000,0.520074
pre_visit_dance,c3_r150m,3,150.000000,409,0.103677,0.109522,0.577467,0.327605,0.550148,0.018694,0.001000,1.000000,0.998333,0.188363
pre_visit_dance,c3_r150m,3,150.000000,412,0.088257,0.068541,0.369051,0.923718,0.514530,0.010000,0.001000,1.000000,0.995000,0.656889
pre_visit_dance,c3_r150m,3,150.000000,413,0.090344,0.080506,0.391150,0.713009,0.260009,0.015944,0.001000,1.000000,0.998333,0.726079
pre_visit_dance,c3_r150m,3,150.000000,414,0.124310,0.091780,0.393457,0.588095,0.097502,0.002361,0.002196,0.983333,0.990000,0.773942
pre_visit_dance,c3_r150m,3,150.000000,415,0.121926,0.066326,0.304448,0.328020,0.215940,0.009250,0.001468,0.983333,0.996667,0.271014
pre_visit_dance,c3_r150m,3,150.000000,416,0.119016,0.139815,0.724212,0.384618,0.139874,0.003472,0.001000,1.000000,0.993333,0.392164
pre_visit_dance,c3_r150m,3,150.000000,418,0.091878,0.057489,0.220633,0.317138,0.678256,0.002833,0.001352,0.983333,0.993333,0.258981
pre_visit_dance,c3_r150m,3,150.000000,417,0.024714,0.063020,0.352224,0.339548,0.790737,0.005500,0.002295,0.966667,0.993333,0.312668
pre_visit_dance,c3_r150m,3,150.000000,419,0.116767,0.068339,0.233714,0.821881,0.234840,0.004778,0.001861,0.983333,0.988333,0.753788
pre_visit_dance,c3_r150m,3,150.000000,420,0.049107,0.028330,0.199505,0.288584,0.723977,0.011139,0.001000,1.000000,1.000000,0.252849
pre_visit_dance,c3_r150m,3,150.000000,421,0.111940,0.112264,0.497629,0.921478,0.715368,0.001250,0.001000,1.000000,0.986667,0.776124
pre_visit_dance,c3_r150m,3,150.000000,422,0.208403,0.145503,0.859369,0.849943,0.384355,0.006861,0.005780,0.966667,0.988333,0.826627
pre_visit_dance,c3_r150m,3,150.000000,425,0.121324,0.059170,0.297261,0.569392,0.087807,0.002444,0.001000,1.000000,0.993333,0.673379
pre_visit_dance,c3_r150m,3,150.000000,424,0.028639,0.055581,0.257205,0.189046,0.188029,0.010444,0.001000,1.000000,1.000000,0.186735
pre_visit_dance,c3_r150m,3,150.000000,426,0.105347,0.118321,0.523968,0.348913,0.564860,0.001889,0.001000,1.000000,0.990000,0.290960
pre_visit_dance,c3_r150m,3,150.000000,427,0.066861,0.044841,0.231977,0.627199,0.826485,0.008889,0.001000,1.000000,1.000000,0.688573
pre_visit_dance,c3_r150m,3,150.000000,423,0.110065,0.149761,0.666029,0.873639,0.913293,0.007833,0.001000,1.000000,0.988333,0.806201
pre_visit_dance,c3_r150m,3,150.000000,428,0.161181,0.114003,0.452452,0.383633,0.234896,0.001333,0.001000,1.000000,0.996667,0.473353
pre_visit_dance,c3_r150m,3,150.000000,429,0.061720,0.103394,0.836991,0.920311,0.860568,0.007333,0.006780,0.966667,0.991667,0.821922
pre_visit_dance,c3_r150m,3,150.000000,431,0.055495,0.052979,0.174000,0.325590,0.825518,0.006750,0.001000,1.000000,0.998333,0.268549
pre_visit_dance,c3_r150m,3,150.000000,433,0.036737,0.057818,0.226282,0.247247,0.813877,0.007000,0.001000,1.000000,0.995000,0.227847
pre_visit_dance,c3_r150m,3,150.000000,430,0.039566,0.026387,0.120271,0.805990,0.872799,0.003667,0.005538,0.966667,0.990000,0.812584
pre_visit_dance,c3_r150m,3,150.000000,434,0.206693,0.075751,0.047803,0.417481,0.909613,0.001583,0.001000,1.000000,0.998333,0.115799
pre_visit_dance,c3_r150m,3,150.000000,435,0.048569,0.034685,0.166357,0.173126,0.580415,0.021139,0.001000,1.000000,1.000000,0.181438
pre_visit_dance,c3_r150m,3,150.000000,432,0.101658,0.067799,0.264092,0.522710,0.640915,0.014528,0.001371,0.983333,0.998333,0.533841
pre_visit_dance,c3_r150m,3,150.000000,436,0.071003,0.079336,0.580510,0.761618,0.558760,0.003222,0.001000,1.000000,0.995000,0.868552
pre_visit_dance,c3_r150m,3,150.000000,438,0.092486,0.102326,0.319889,0.382025,0.648921,0.011694,0.001000,1.000000,1.000000,0.313363
pre_visit_dance,c3_r150m,3,150.000000,437,0.098061,0.094932,0.407864,0.545724,0.402343,0.003417,0.001471,0.983333,0.991667,0.713198
pre_visit_dance,c3_r150m,3,150.000000,440,0.083916,0.066059,0.425336,0.768872,0.575965,0.007111,0.001339,0.983333,0.998333,0.728822
pre_visit_dance,c3_r150m,3,150.000000,441,0.029928,0.036671,0.151246,0.463708,0.659981,0.008944,0.001000,1.000000,0.998333,0.533629
pre_visit_dance,c3_r150m,3,150.000000,442,-0.066667,0.069937,0.081296,0.293883,0.282383,0.000417,0.001000,1.000000,0.990000,0.370330
pre_visit_dance,c3_r150m,3,150.000000,439,0.120661,0.078259,0.434660,0.871679,0.511490,0.009833,0.001000,1.000000,0.995000,0.835824
pre_visit_dance,c3_r150m,3,150.000000,444,0.157165,0.139945,0.644016,0.691030,0.611890,0.006444,0.001000,1.000000,0.988333,0.697296
pre_visit_dance,c3_r150m,3,150.000000,443,0.027808,0.051093,0.251759,0.312449,0.866295,0.001944,0.001035,0.983333,0.995000,0.337936
pre_visit_dance,c3_r150m,3,150.000000,445,0.068910,0.103823,0.685321,0.200663,0.739468,0.008972,0.001000,1.000000,0.998333,0.187547
pre_visit_dance,c3_r150m,3,150.000000,446,0.087944,0.067898,0.243320,0.136083,0.580097,0.005500,0.001000,1.000000,1.000000,0.110132
pre_visit_dance,c3_r150m,3,150.000000,449,0.105054,0.088107,0.354957,0.564262,0.886585,0.005250,0.001689,0.983333,0.990000,0.479987
pre_visit_dance,c3_r150m,3,150.000000,447,0.101587,0.089361,0.644805,0.624312,0.681644,0.007278,0.001000,1.000000,0.991667,0.576815
pre_visit_dance,c3_r150m,3,150.000000,448,0.089701,0.047834,0.408787,0.176128,0.480706,0.017056,0.001000,1.000000,1.000000,0.201187
pre_visit_dance,c3_r300m,3,300.000000,404,0.164428,0.196553,0.868060,0.842253,0.785213,0.080222,0.148334,0.466667,0.531667,0.753855
pre_visit_dance,c3_r300m,3,300.000000,400,0.205227,0.207149,0.953973,0.928502,0.904760,0.100472,0.219273,0.416667,0.388333,0.892968
pre_visit_dance,c3_r300m,3,300.000000,411,0.151451,0.103125,0.339738,0.252037,0.319776,0.005417,0.027069,0.816667,0.851667,0.286012
pre_visit_dance,c3_r300m,3,300.000000,406,0.182671,0.201043,0.916075,0.918041,0.685580,0.104361,0.168190,0.400000,0.366667,0.880294
pre_visit_dance,c3_r300m,3,300.000000,402,0.205225,0.200935,0.840814,0.871041,0.822810,0.091639,0.122212,0.500000,0.418333,0.861298
pre_visit_dance,c3_r300m,3,300.000000,403,0.199258,0.205817,0.877556,0.943423,0.783282,0.104889,0.209828,0.333333,0.390000,0.900264
pre_visit_dance,c3_r300m,3,300.000000,401,0.219475,0.197685,0.889540,0.916995,0.723635,0.116444,0.194158,0.366667,0.381667,0.897713
pre_visit_dance,c3_r300m,3,300.000000,408,0.199664,0.198499,0.860746,0.925316,0.789633,0.106306,0.174894,0.516667,0.440000,0.894384
pre_visit_dance,c3_r300m,3,300.000000,409,0.206303,0.210383,0.878621,0.933255,0.461332,0.102972,0.167734,0.433333,0.401667,0.904204
pre_visit_dance,c3_r300m,3,300.000000,407,0.207600,0.200897,0.858361,0.899725,0.639666,0.114833,0.180264,0.350000,0.420000,0.875165
pre_visit_dance,c3_r300m,3,300.000000,413,0.200370,0.167905,0.688075,0.917335,0.575810,0.071833,0.184731,0.383333,0.565000,0.877192
pre_visit_dance,c3_r300m,3,300.000000,412,0.246226,0.200491,0.871553,0.938701,0.362331,0.101750,0.204341,0.466667,0.450000,0.907438
pre_visit_dance,c3_r300m,3,300.000000,405,0.223103,0.195046,0.934017,0.936930,0.600198,0.127389,0.270057,0.283333,0.381667,0.900667
pre_visit_dance,c3_r300m,3,300.000000,410,0.231693,0.197543,0.872232,0.881007,0.850649,0.121417,0.213585,0.383333,0.406667,0.887044
pre_visit_dance,c3_r300m,3,300.000000,415,0.213371,0.169388,0.789725,0.950573,0.767302,0.099917,0.187527,0.350000,0.475000,0.921294
pre_visit_dance,c3_r300m,3,300.000000,416,0.143951,0.112982,0.355944,0.522624,0.397277,0.035583,0.042628,0.766667,0.750000,0.536365
pre_visit_dance,c3_r300m,3,300.000000,414,0.202136,0.203520,0.907986,0.936817,0.361305,0.119167,0.209505,0.366667,0.401667,0.906015
pre_visit_dance,c3_r300m,3,300.000000,420,0.028579,0.062298,0.091050,0.244669,0.956305,0.008194,0.021047,0.883333,0.848333,0.122092
pre_visit_dance,c3_r300m,3,300.000000,423,0.157999,0.148785,0.484467,0.501060,0.662518,0.037861,0.063400,0.683333,0.751667,0.498947
pre_visit_dance,c3_r300m,3,300.000000,422,0.199810,0.184090,0.611044,0.892273,0.841198,0.067778,0.137348,0.416667,0.621667,0.679199
pre_visit_dance,c3_r300m,3,300.000000,417,0.228108,0.194871,0.928325,0.906432,0.742891,0.105611,0.181512,0.400000,0.405000,0.891913
pre_visit_dance,c3_r300m,3,300.000000,421,0.198602,0.202481,0.896849,0.922817,0.168474,0.098222,0.177090,0.433333,0.443333,0.906293
pre_visit_dance,c3_r300m,3,300.000000,424,0.203320,0.188364,0.767260,0.917501,0.869018,0.098639,0.179449,0.383333,0.520000,0.788755
pre_visit_dance,c3_r300m,3,300.000000,419,0.168960,0.193343,0.923699,0.922029,0.595186,0.117194,0.201595,0.400000,0.366667,0.900800
pre_visit_dance,c3_r300m,3,300.000000,418,0.197945,0.191235,0.879876,0.929036,0.722930,0.109222,0.176018,0.283333,0.398333,0.894776
pre_visit_dance,c3_r300m,3,300.000000,427,0.203167,0.193873,0.831603,0.930870,0.863163,0.114083,0.189621,0.416667,0.440000,0.892238
pre_visit_dance,c3_r300m,3,300.000000,428,0.161566,0.203066,0.898862,0.910663,0.736985,0.104889,0.184429,0.283333,0.375000,0.897830
pre_visit_dance,c3_r300m,3,300.000000,430,0.184474,0.200188,0.703922,0.925941,0.274382,0.083278,0.152339,0.400000,0.543333,0.810862
pre_visit_dance,c3_r300m,3,300.000000,425,0.177553,0.188815,0.860809,0.906494,0.711854,0.104028,0.179957,0.466667,0.428333,0.899535
pre_visit_dance,c3_r300m,3,300.000000,426,0.217371,0.199523,0.865143,0.931407,0.715334,0.110139,0.181437,0.450000,0.405000,0.899671
pre_visit_dance,c3_r300m,3,300.000000,432,0.203694,0.201200,0.864648,0.898655,0.756815,0.101833,0.164105,0.400000,0.385000,0.888384
pre_visit_dance,c3_r300m,3,300.000000,434,0.200904,0.191685,0.696733,0.883523,0.478416,0.080556,0.140806,0.466667,0.506667,0.820748
pre_visit_dance,c3_r300m,3,300.000000,429,0.205598,0.203978,0.940848,0.904485,0.737345,0.120778,0.235380,0.400000,0.366667,0.914938
pre_visit_dance,c3_r300m,3,300.000000,431,0.182264,0.199716,0.850656,0.931876,0.884137,0.094972,0.162912,0.416667,0.386667,0.895495
pre_visit_dance,c3_r300m,3,300.000000,433,0.200797,0.204106,0.919288,0.906633,0.804096,0.116194,0.223638,0.283333,0.370000,0.902352
pre_visit_dance,c3_r300m,3,300.000000,435,0.187272,0.198620,0.775672,0.930865,0.828831,0.117556,0.215118,0.400000,0.388333,0.884537
pre_visit_dance,c3_r300m,3,300.000000,437,0.206659,0.206019,0.881302,0.912187,0.768228,0.108722,0.180242,0.383333,0.395000,0.896492
pre_visit_dance,c3_r300m,3,300.000000,436,0.191342,0.191989,0.875505,0.905086,0.778786,0.112083,0.153896,0.483333,0.416667,0.911421
pre_visit_dance,c3_r300m,3,300.000000,443,0.168727,0.198448,0.854954,0.907822,0.795688,0.068972,0.119422,0.583333,0.465000,0.852359
pre_visit_dance,c3_r300m,3,300.000000,445,0.128016,0.199295,0.826315,0.058859,0.460061,0.007167,0.027137,0.833333,0.833333,0.097896
pre_visit_dance,c3_r300m,3,300.000000,441,0.197559,0.189973,0.893006,0.916172,0.450035,0.101278,0.140379,0.483333,0.430000,0.909904
pre_visit_dance,c3_r300m,3,300.000000,438,0.206408,0.199609,0.899644,0.901303,0.836227,0.100778,0.192919,0.300000,0.416667,0.911587
pre_visit_dance,c3_r300m,3,300.000000,442,0.206784,0.206343,0.889494,0.927665,0.795464,0.090222,0.147021,0.450000,0.413333,0.870205
pre_visit_dance,c3_r300m,3,300.000000,440,0.221038,0.202514,0.882858,0.890877,0.652280,0.109500,0.197784,0.316667,0.383333,0.885102
pre_visit_dance,c3_r300m,3,300.000000,444,0.199924,0.207473,0.897637,0.902278,0.758578,0.097250,0.167838,0.450000,0.418333,0.898525
pre_visit_dance,c3_r300m,3,300.000000,439,0.195507,0.194458,0.838830,0.917386,0.623735,0.116500,0.197048,0.316667,0.388333,0.886727
pre_visit_dance,c3_r300m,3,300.000000,446,0.241257,0.205535,0.911402,0.921234,0.534540,0.115389,0.287958,0.266667,0.388333,0.908175
pre_visit_dance,c3_r300m,3,300.000000,447,0.169542,0.198921,0.914845,0.919668,0.531754,0.105750,0.159263,0.433333,0.396667,0.889172
pre_visit_dance,c3_r300m,3,300.000000,448,0.206052,0.197494,0.856463,0.908197,0.786806,0.114278,0.175863,0.383333,0.403333,0.892908
pre_visit_dance,c3_r300m,3,300.000000,449,0.205635,0.213595,0.903645,0.897039,0.385661,0.107139,0.182474,0.466667,0.366667,0.878309
pre_visit_dance,c3_r600m,3,600.000000,400,0.251537,0.254765,0.742864,0.860914,0.815812,0.240194,1.668439,0.000000,0.001667,0.792960
pre_visit_dance,c3_r600m,3,600.000000,401,0.248169,0.266452,0.865373,0.904041,0.737353,0.256056,1.832103,0.000000,0.000000,0.886225
pre_visit_dance,c3_r600m,3,600.000000,402,0.258943,0.250965,0.764212,0.837396,0.698160,0.228944,1.595790,0.000000,0.000000,0.843180
pre_visit_dance,c3_r600m,3,600.000000,407,0.285608,0.258416,0.857819,0.916974,0.703061,0.242250,1.654564,0.000000,0.000000,0.874994
pre_visit_dance,c3_r600m,3,600.000000,403,0.262122,0.246243,0.760982,0.886029,0.831022,0.237833,1.589377,0.000000,0.000000,0.883112
pre_visit_dance,c3_r600m,3,600.000000,406,0.248532,0.270410,0.872450,0.870928,0.709623,0.253194,1.780317,0.000000,0.000000,0.852569
pre_visit_dance,c3_r600m,3,600.000000,409,0.260179,0.249966,0.777889,0.912787,0.788440,0.255556,1.842242,0.000000,0.000000,0.897886
pre_visit_dance,c3_r600m,3,600.000000,404,0.287317,0.265592,0.833690,0.820261,0.619885,0.246472,1.800224,0.000000,0.000000,0.826449
pre_visit_dance,c3_r600m,3,600.000000,405,0.254591,0.260912,0.887867,0.795294,0.782477,0.230778,1.508869,0.000000,0.000000,0.800690
pre_visit_dance,c3_r600m,3,600.000000,408,0.271444,0.256528,0.842532,0.862300,0.737480,0.246722,1.715837,0.000000,0.000000,0.862188
pre_visit_dance,c3_r600m,3,600.000000,411,0.259903,0.258117,0.757638,0.859469,0.692602,0.242361,1.705002,0.000000,0.000000,0.866258
pre_visit_dance,c3_r600m,3,600.000000,412,0.280542,0.264281,0.723519,0.883776,0.794616,0.247861,1.735444,0.000000,0.000000,0.846556
pre_visit_dance,c3_r600m,3,600.000000,410,0.257377,0.272496,0.906450,0.858750,0.689051,0.254444,1.874638,0.000000,0.000000,0.900598
pre_visit_dance,c3_r600m,3,600.000000,413,0.263692,0.262758,0.828097,0.840114,0.653720,0.243694,1.683869,0.000000,0.000000,0.851447
pre_visit_dance,c3_r600m,3,600.000000,414,0.259168,0.255249,0.681462,0.888411,0.819131,0.250417,1.777912,0.000000,0.000000,0.857324
pre_visit_dance,c3_r600m,3,600.000000,415,0.243954,0.260112,0.793851,0.836895,0.847033,0.234917,1.633871,0.000000,0.000000,0.826921
pre_visit_dance,c3_r600m,3,600.000000,416,0.288270,0.274319,0.905499,0.829395,0.348942,0.258694,1.834928,0.000000,0.000000,0.836859
pre_visit_dance,c3_r600m,3,600.000000,417,0.253200,0.253572,0.784304,0.898855,0.819015,0.241528,1.718588,0.000000,0.000000,0.872178
pre_visit_dance,c3_r600m,3,600.000000,418,0.269975,0.268169,0.820831,0.864752,0.681282,0.244361,1.707035,0.000000,0.000000,0.851077
pre_visit_dance,c3_r600m,3,600.000000,420,0.214001,0.247627,0.723481,0.943016,0.701474,0.244861,1.721129,0.000000,0.000000,0.880429
pre_visit_dance,c3_r600m,3,600.000000,419,0.272498,0.264557,0.831074,0.877693,0.556096,0.248806,1.752724,0.000000,0.000000,0.878853
pre_visit_dance,c3_r600m,3,600.000000,421,0.245520,0.235008,0.668174,0.829943,0.833190,0.233250,1.570412,0.000000,0.000000,0.812018
pre_visit_dance,c3_r600m,3,600.000000,425,0.280301,0.258070,0.802804,0.835698,0.552401,0.231000,1.571664,0.000000,0.000000,0.826350
pre_visit_dance,c3_r600m,3,600.000000,422,0.246538,0.263215,0.813544,0.862510,0.691614,0.251250,1.788860,0.000000,0.001667,0.841057
pre_visit_dance,c3_r600m,3,600.000000,423,0.281019,0.263235,0.827509,0.874458,0.729562,0.245861,1.784431,0.000000,0.000000,0.869456
pre_visit_dance,c3_r600m,3,600.000000,424,0.294528,0.269580,0.908114,0.897171,0.724637,0.257806,1.869629,0.000000,0.000000,0.876698
pre_visit_dance,c3_r600m,3,600.000000,427,0.284057,0.272689,0.895256,0.869417,0.526470,0.244278,1.712772,0.000000,0.000000,0.845797
pre_visit_dance,c3_r600m,3,600.000000,426,0.243650,0.242265,0.770328,0.870248,0.743160,0.238361,1.647030,0.000000,0.000000,0.851364
pre_visit_dance,c3_r600m,3,600.000000,428,0.236612,0.234777,0.679798,0.872030,0.763581,0.241833,1.692020,0.000000,0.000000,0.802310
pre_visit_dance,c3_r600m,3,600.000000,429,0.254881,0.253563,0.869983,0.879567,0.828041,0.235722,1.699320,0.000000,0.000000,0.864278
pre_visit_dance,c3_r600m,3,600.000000,430,0.244392,0.248163,0.775499,0.872244,0.653568,0.238222,1.639773,0.000000,0.000000,0.861512
pre_visit_dance,c3_r600m,3,600.000000,431,0.247195,0.255795,0.785476,0.863337,0.781243,0.237306,1.613963,0.000000,0.000000,0.820018
pre_visit_dance,c3_r600m,3,600.000000,432,0.241681,0.247928,0.854991,0.792849,0.859399,0.237278,1.639551,0.000000,0.000000,0.850318
pre_visit_dance,c3_r600m,3,600.000000,433,0.265137,0.262698,0.828628,0.882250,0.798903,0.254583,1.865888,0.000000,0.000000,0.847821
pre_visit_dance,c3_r600m,3,600.000000,434,0.256976,0.261999,0.819486,0.886973,0.710341,0.235944,1.695183,0.000000,0.000000,0.877844
pre_visit_dance,c3_r600m,3,600.000000,436,0.260712,0.264317,0.869603,0.919734,0.692304,0.251472,1.826254,0.000000,0.000000,0.880155
pre_visit_dance,c3_r600m,3,600.000000,435,0.270437,0.260511,0.864681,0.874171,0.652537,0.249222,1.739844,0.000000,0.000000,0.859668
pre_visit_dance,c3_r600m,3,600.000000,439,0.299319,0.267580,0.859908,0.871808,0.637834,0.244194,1.756647,0.000000,0.000000,0.888870
pre_visit_dance,c3_r600m,3,600.000000,437,0.263770,0.260802,0.786145,0.910919,0.630034,0.241278,1.675768,0.000000,0.000000,0.893153
pre_visit_dance,c3_r600m,3,600.000000,438,0.256392,0.263357,0.854652,0.848974,0.842641,0.248944,1.761615,0.000000,0.000000,0.866220
pre_visit_dance,c3_r600m,3,600.000000,441,0.270517,0.263133,0.812974,0.877022,0.780238,0.248722,1.740991,0.000000,0.000000,0.862238
pre_visit_dance,c3_r600m,3,600.000000,442,0.240333,0.268031,0.826968,0.830507,0.806407,0.243111,1.702706,0.000000,0.000000,0.823444
pre_visit_dance,c3_r600m,3,600.000000,443,0.268235,0.267063,0.697426,0.870729,0.746949,0.250222,1.778570,0.000000,0.000000,0.873569
pre_visit_dance,c3_r600m,3,600.000000,440,0.261570,0.259336,0.875647,0.838889,0.517404,0.253972,1.786345,0.000000,0.000000,0.802069
pre_visit_dance,c3_r600m,3,600.000000,444,0.277455,0.273008,0.887293,0.838504,0.461126,0.241944,1.712707,0.000000,0.000000,0.841924
pre_visit_dance,c3_r600m,3,600.000000,445,0.245370,0.260942,0.834271,0.893477,0.826926,0.254611,1.891101,0.000000,0.000000,0.861903
pre_visit_dance,c4_r15m,4,15.000000,400,-0.002825,-0.000111,0.698258,0.375284,0.828625,0.003806,0.001000,1.000000,1.000000,0.357905
pre_visit_dance,c3_r600m,3,600.000000,446,0.281178,0.271069,0.863215,0.885289,0.702875,0.265806,1.932168,0.000000,0.000000,0.880935
pre_visit_dance,c4_r15m,4,15.000000,401,0.014845,0.005832,0.395843,0.232119,0.556837,0.002083,0.001000,1.000000,1.000000,0.202988
pre_visit_dance,c4_r15m,4,15.000000,402,-0.011905,-0.004502,0.305552,0.486599,0.548548,0.002056,0.001000,1.000000,1.000000,0.519076
pre_visit_dance,c3_r600m,3,600.000000,447,0.277719,0.268282,0.883334,0.818003,0.707574,0.242139,1.705296,0.000000,0.000000,0.812967
pre_visit_dance,c4_r15m,4,15.000000,403,0.026316,0.011121,0.303113,0.295332,0.274227,0.003444,0.001000,1.000000,1.000000,0.243372
pre_visit_dance,c4_r15m,4,15.000000,404,0.000000,-0.000433,0.432789,0.416509,0.702693,0.002278,0.001000,1.000000,1.000000,0.461619
pre_visit_dance,c4_r15m,4,15.000000,405,0.000000,0.007201,0.660573,0.234638,0.396786,0.001583,0.001000,1.000000,1.000000,0.377760
pre_visit_dance,c4_r15m,4,15.000000,407,0.000000,-0.000756,0.340909,0.228842,0.596747,0.002472,0.001000,1.000000,1.000000,0.310449
pre_visit_dance,c4_r15m,4,15.000000,406,0.020000,0.002945,0.402213,0.301730,0.380717,0.002500,0.001000,1.000000,1.000000,0.323531
pre_visit_dance,c4_r15m,4,15.000000,408,0.006711,-0.003338,0.335776,0.746828,0.468423,0.002222,0.001000,1.000000,1.000000,0.747671
pre_visit_dance,c4_r15m,4,15.000000,409,0.000000,0.000957,0.245141,0.533088,0.800443,0.002222,0.001000,1.000000,1.000000,0.649549
pre_visit_dance,c4_r15m,4,15.000000,410,-0.000128,0.006982,0.604586,0.311909,0.381994,0.003528,0.001000,1.000000,1.000000,0.328951
pre_visit_dance,c4_r15m,4,15.000000,411,0.000000,0.001213,0.410226,0.238308,0.378185,0.001194,0.001000,1.000000,1.000000,0.300519
pre_visit_dance,c4_r15m,4,15.000000,412,-0.006098,0.000354,0.298877,0.227559,0.727789,0.001611,0.001000,1.000000,1.000000,0.310327
pre_visit_dance,c4_r15m,4,15.000000,413,0.000000,0.002941,0.291396,0.169479,0.552146,0.000889,0.001000,1.000000,1.000000,0.182799
pre_visit_dance,c3_r600m,3,600.000000,448,0.256523,0.266785,0.808773,0.890650,0.860714,0.246833,1.743515,0.000000,0.000000,0.889520
pre_visit_dance,c4_r15m,4,15.000000,414,0.000000,0.001255,0.251082,0.326375,0.778073,0.001528,0.001000,1.000000,1.000000,0.262351
pre_visit_dance,c4_r15m,4,15.000000,415,0.004651,0.002513,0.444728,0.699885,0.523376,0.003194,0.001000,1.000000,1.000000,0.652702
pre_visit_dance,c4_r15m,4,15.000000,417,0.000000,0.003111,0.459624,0.314257,0.475219,0.001139,0.001000,1.000000,1.000000,0.293168
pre_visit_dance,c4_r15m,4,15.000000,416,0.003215,0.000167,0.266583,0.350450,0.648046,0.002194,0.001000,1.000000,1.000000,0.374455
pre_visit_dance,c4_r15m,4,15.000000,418,-0.005263,0.005657,0.390734,0.194534,0.446558,0.002861,0.001000,1.000000,1.000000,0.286867
pre_visit_dance,c4_r15m,4,15.000000,419,0.000000,-0.003151,0.546523,0.435739,0.557023,0.002000,0.001000,1.000000,1.000000,0.400622
pre_visit_dance,c4_r15m,4,15.000000,420,0.002889,0.002019,0.508840,0.576282,0.694751,0.003389,0.001000,1.000000,1.000000,0.471135
pre_visit_dance,c4_r15m,4,15.000000,421,0.000000,-0.001033,0.440235,0.618885,0.744344,0.001583,0.001000,1.000000,1.000000,0.755411
pre_visit_dance,c4_r15m,4,15.000000,422,0.000000,-0.004761,0.477880,0.296322,0.621067,0.001083,0.001000,1.000000,1.000000,0.275023
pre_visit_dance,c4_r15m,4,15.000000,423,-0.003559,-0.004257,0.170878,0.292877,0.632624,0.002583,0.001000,1.000000,1.000000,0.344823
pre_visit_dance,c4_r15m,4,15.000000,424,-0.002674,-0.001342,0.601780,0.296426,0.801008,0.003222,0.001000,1.000000,1.000000,0.190373
pre_visit_dance,c3_r600m,3,600.000000,449,0.270730,0.272463,0.883740,0.831789,0.652762,0.251806,1.743871,0.000000,0.000000,0.857303
pre_visit_dance,c4_r15m,4,15.000000,425,0.005102,-0.000910,0.406626,0.739915,0.711724,0.002000,0.001000,1.000000,1.000000,0.739043
pre_visit_dance,c4_r15m,4,15.000000,427,-0.011765,-0.003520,0.227521,0.422035,0.852807,0.000972,0.001000,1.000000,1.000000,0.371285
pre_visit_dance,c4_r15m,4,15.000000,426,0.000000,-0.006393,0.412587,0.465516,0.550048,0.002278,0.001000,1.000000,1.000000,0.426672
pre_visit_dance,c4_r15m,4,15.000000,428,-0.012821,0.000741,0.302691,0.681188,0.732384,0.002222,0.001000,1.000000,1.000000,0.643921
pre_visit_dance,c4_r15m,4,15.000000,429,0.001373,-0.002444,0.286595,0.352591,0.422121,0.002000,0.001000,1.000000,1.000000,0.363863
pre_visit_dance,c4_r15m,4,15.000000,430,-0.007326,-0.002208,0.354045,0.377676,0.695647,0.002861,0.001000,1.000000,1.000000,0.360128
pre_visit_dance,c4_r15m,4,15.000000,431,-0.006452,0.003604,0.264540,0.349101,0.569122,0.001806,0.001000,1.000000,1.000000,0.365263
pre_visit_dance,c4_r15m,4,15.000000,432,0.018406,0.003267,0.339097,0.331865,0.557114,0.003944,0.001000,1.000000,1.000000,0.323623
pre_visit_dance,c4_r15m,4,15.000000,433,0.000000,-0.003219,0.253085,0.505890,0.692048,0.002083,0.001000,1.000000,1.000000,0.554400
pre_visit_dance,c4_r15m,4,15.000000,434,0.000000,-0.001771,0.438071,0.253216,0.603138,0.002750,0.001000,1.000000,1.000000,0.194772
pre_visit_dance,c4_r15m,4,15.000000,435,0.000000,0.001507,0.181314,0.551300,0.658780,0.002111,0.001000,1.000000,1.000000,0.616480
pre_visit_dance,c4_r15m,4,15.000000,436,0.003413,0.000986,0.346305,0.413827,0.756201,0.004417,0.001000,1.000000,1.000000,0.430088
pre_visit_dance,c4_r15m,4,15.000000,438,0.000000,0.000166,0.294932,0.428747,0.569194,0.001222,0.001000,1.000000,1.000000,0.367943
pre_visit_dance,c4_r15m,4,15.000000,441,-0.005291,0.001276,0.270313,0.300083,0.454242,0.002972,0.001000,1.000000,1.000000,0.241727
pre_visit_dance,c4_r15m,4,15.000000,440,-0.012121,-0.001568,0.402713,0.265578,0.594191,0.002861,0.001000,1.000000,1.000000,0.362371
pre_visit_dance,c4_r15m,4,15.000000,439,0.012500,-0.002040,0.333963,0.320221,0.619238,0.001750,0.001000,1.000000,1.000000,0.312653
pre_visit_dance,c4_r15m,4,15.000000,437,-0.007874,-0.002540,0.260878,0.633857,0.608516,0.001889,0.001000,1.000000,1.000000,0.591373
pre_visit_dance,c4_r15m,4,15.000000,442,-0.006897,-0.002470,0.213774,0.254537,0.515823,0.001583,0.001000,1.000000,1.000000,0.286617
pre_visit_dance,c4_r15m,4,15.000000,443,0.000000,-0.000252,0.398972,0.597391,0.658966,0.002778,0.001000,1.000000,1.000000,0.424121
pre_visit_dance,c4_r15m,4,15.000000,445,0.000000,0.010188,0.477451,0.646710,0.615155,0.001639,0.001000,1.000000,1.000000,0.295997
pre_visit_dance,c4_r15m,4,15.000000,446,0.009524,0.002928,0.380211,0.391762,0.747820,0.002167,0.001000,1.000000,1.000000,0.337681
pre_visit_dance,c4_r15m,4,15.000000,444,-0.004566,0.000206,0.463143,0.278347,0.552615,0.003583,0.001000,1.000000,1.000000,0.308903
pre_visit_dance,c4_r15m,4,15.000000,447,0.000000,0.000811,0.289597,0.298766,0.777086,0.002333,0.001000,1.000000,1.000000,0.197287
pre_visit_dance,c4_r15m,4,15.000000,448,-0.005495,0.000103,0.356826,0.272015,0.593416,0.001750,0.001000,1.000000,1.000000,0.161739
pre_visit_dance,c4_r15m,4,15.000000,449,0.009390,0.003680,0.285167,0.327922,0.671983,0.003694,0.001000,1.000000,1.000000,0.279700
pre_visit_dance,c4_r37.5m,4,37.500000,400,0.007390,0.017005,0.489217,0.680946,0.534528,0.008194,0.001000,1.000000,1.000000,0.684009
pre_visit_dance,c4_r37.5m,4,37.500000,401,0.001498,0.016278,0.330176,0.272069,0.668992,0.009389,0.001000,1.000000,1.000000,0.214636
pre_visit_dance,c4_r37.5m,4,37.500000,402,0.016431,0.003842,0.255754,0.695185,0.635296,0.004694,0.001000,1.000000,1.000000,0.667617
pre_visit_dance,c4_r37.5m,4,37.500000,403,-0.003484,0.001184,0.178937,0.419297,0.341980,0.008444,0.001000,1.000000,1.000000,0.366467
pre_visit_dance,c4_r37.5m,4,37.500000,404,-0.011392,0.007820,0.381063,0.402413,0.572618,0.009472,0.001000,1.000000,1.000000,0.341241
pre_visit_dance,c4_r37.5m,4,37.500000,405,0.002260,0.009347,0.388282,0.440753,0.507888,0.006889,0.001000,1.000000,1.000000,0.430909
pre_visit_dance,c4_r37.5m,4,37.500000,407,-0.002876,0.009442,0.371344,0.777585,0.665606,0.004667,0.001000,1.000000,1.000000,0.659752
pre_visit_dance,c4_r37.5m,4,37.500000,406,0.000171,0.010852,0.213526,0.292277,0.643648,0.008472,0.001000,1.000000,1.000000,0.334134
pre_visit_dance,c4_r37.5m,4,37.500000,408,-0.000151,0.008688,0.403809,0.233286,0.522499,0.003167,0.001000,1.000000,1.000000,0.373510
pre_visit_dance,c4_r37.5m,4,37.500000,409,-0.002554,0.013685,0.655989,0.217383,0.807254,0.004944,0.001000,1.000000,1.000000,0.265380
pre_visit_dance,c4_r37.5m,4,37.500000,411,0.005887,0.016946,0.618735,0.305321,0.498607,0.005833,0.001000,1.000000,1.000000,0.515040
pre_visit_dance,c4_r37.5m,4,37.500000,410,0.027569,0.009288,0.247397,0.660369,0.631404,0.003278,0.001000,1.000000,1.000000,0.687542
pre_visit_dance,c4_r37.5m,4,37.500000,412,0.017580,0.011479,0.204610,0.273732,0.835680,0.003556,0.001000,1.000000,1.000000,0.547368
pre_visit_dance,c4_r37.5m,4,37.500000,414,0.019231,0.003677,0.430419,0.372393,0.505509,0.001694,0.001000,1.000000,1.000000,0.315741
pre_visit_dance,c4_r37.5m,4,37.500000,413,0.025648,0.010197,0.564147,0.383030,0.390956,0.007806,0.001000,1.000000,1.000000,0.464823
pre_visit_dance,c4_r37.5m,4,37.500000,415,0.007855,0.017118,0.708430,0.318578,0.603901,0.006139,0.001000,1.000000,1.000000,0.353326
pre_visit_dance,c4_r37.5m,4,37.500000,417,0.014042,0.010917,0.307922,0.340552,0.572251,0.004750,0.001000,1.000000,1.000000,0.431691
pre_visit_dance,c4_r37.5m,4,37.500000,416,0.043333,0.022975,0.372954,0.385725,0.739188,0.003861,0.001000,1.000000,1.000000,0.550722
pre_visit_dance,c4_r37.5m,4,37.500000,418,0.033168,0.016077,0.490015,0.466745,0.642277,0.008361,0.001000,1.000000,1.000000,0.324137
pre_visit_dance,c4_r37.5m,4,37.500000,419,-0.000929,0.013897,0.392994,0.721635,0.562071,0.003889,0.001000,1.000000,1.000000,0.570598
pre_visit_dance,c4_r37.5m,4,37.500000,420,0.012658,0.014149,0.467082,0.477498,0.577952,0.001806,0.001000,1.000000,1.000000,0.522257
pre_visit_dance,c4_r37.5m,4,37.500000,421,0.032713,0.011317,0.438839,0.575043,0.522399,0.005361,0.001000,1.000000,1.000000,0.447023
pre_visit_dance,c4_r37.5m,4,37.500000,422,-0.005843,0.010752,0.528163,0.434026,0.571340,0.003028,0.001000,1.000000,1.000000,0.596997
pre_visit_dance,c4_r37.5m,4,37.500000,423,0.002752,0.005731,0.475195,0.390636,0.838919,0.008306,0.001000,1.000000,1.000000,0.303038
pre_visit_dance,c4_r37.5m,4,37.500000,424,0.008624,0.008188,0.197001,0.355623,0.763589,0.007056,0.001000,1.000000,1.000000,0.382087
pre_visit_dance,c4_r37.5m,4,37.500000,426,0.009569,0.014972,0.356074,0.334667,0.565544,0.002917,0.001000,1.000000,1.000000,0.450039
pre_visit_dance,c4_r37.5m,4,37.500000,425,0.023143,0.012695,0.438024,0.454505,0.690458,0.009667,0.001000,1.000000,1.000000,0.407204
pre_visit_dance,c4_r37.5m,4,37.500000,427,-0.004551,0.003654,0.174477,0.785705,0.604538,0.003333,0.001000,1.000000,1.000000,0.685507
pre_visit_dance,c4_r37.5m,4,37.500000,428,0.012866,0.017067,0.213686,0.194990,0.332129,0.005556,0.001000,1.000000,1.000000,0.299073
pre_visit_dance,c4_r37.5m,4,37.500000,429,0.008922,0.003050,0.243794,0.452056,0.725620,0.005694,0.001000,1.000000,1.000000,0.413288
pre_visit_dance,c4_r37.5m,4,37.500000,430,0.002638,0.013543,0.283469,0.417003,0.633380,0.006583,0.001000,1.000000,1.000000,0.381608
pre_visit_dance,c4_r37.5m,4,37.500000,431,0.027963,0.022304,0.622829,0.212597,0.642940,0.007417,0.001000,1.000000,1.000000,0.252801
pre_visit_dance,c4_r37.5m,4,37.500000,434,-0.012359,0.002343,0.233685,0.297574,0.633533,0.003806,0.001000,1.000000,1.000000,0.319746
pre_visit_dance,c4_r37.5m,4,37.500000,432,-0.003593,0.003590,0.191202,0.271462,0.650244,0.004000,0.001000,1.000000,1.000000,0.385098
pre_visit_dance,c4_r37.5m,4,37.500000,433,0.008142,0.003191,0.566936,0.590622,0.395667,0.003833,0.001000,1.000000,1.000000,0.771052
pre_visit_dance,c4_r37.5m,4,37.500000,435,0.022953,0.000235,0.161149,0.505254,0.725932,0.002750,0.001000,1.000000,1.000000,0.334640
pre_visit_dance,c4_r37.5m,4,37.500000,436,0.011827,0.009886,0.367980,0.425460,0.551589,0.004472,0.001000,1.000000,1.000000,0.457574
pre_visit_dance,c4_r37.5m,4,37.500000,437,0.021303,0.019045,0.370718,0.434959,0.614762,0.005000,0.001000,1.000000,1.000000,0.615155
pre_visit_dance,c4_r37.5m,4,37.500000,438,0.024084,0.006828,0.178280,0.379263,0.681593,0.006972,0.001000,1.000000,1.000000,0.268516
pre_visit_dance,c4_r37.5m,4,37.500000,439,-0.005495,0.009399,0.292427,0.395317,0.636056,0.002917,0.001000,1.000000,1.000000,0.318400
pre_visit_dance,c4_r37.5m,4,37.500000,441,-0.017071,0.010934,0.265152,0.316371,0.607496,0.007194,0.001000,1.000000,1.000000,0.197101
pre_visit_dance,c4_r37.5m,4,37.500000,440,0.004323,0.014040,0.732743,0.226613,0.610706,0.004750,0.001000,1.000000,1.000000,0.217031
pre_visit_dance,c4_r37.5m,4,37.500000,442,0.020741,0.024928,0.476473,0.384047,0.446687,0.007444,0.001000,1.000000,1.000000,0.354768
pre_visit_dance,c4_r37.5m,4,37.500000,443,0.005060,0.008377,0.237070,0.257445,0.663451,0.007000,0.001000,1.000000,1.000000,0.374982
pre_visit_dance,c4_r37.5m,4,37.500000,444,0.003427,0.015104,0.231410,0.312926,0.617749,0.005917,0.001000,1.000000,1.000000,0.294379
pre_visit_dance,c4_r37.5m,4,37.500000,445,0.007624,0.008702,0.600647,0.251227,0.692469,0.003028,0.001000,1.000000,1.000000,0.411203
pre_visit_dance,c4_r37.5m,4,37.500000,446,0.016342,0.010963,0.483060,0.346777,0.507375,0.004889,0.001000,1.000000,1.000000,0.365673
pre_visit_dance,c4_r37.5m,4,37.500000,447,0.032106,0.027829,0.506355,0.422895,0.686056,0.007389,0.001000,1.000000,1.000000,0.276354
pre_visit_dance,c4_r37.5m,4,37.500000,448,0.021949,0.007520,0.227096,0.295538,0.781404,0.003667,0.001000,1.000000,1.000000,0.311114
pre_visit_dance,c4_r37.5m,4,37.500000,449,0.007830,0.017934,0.457093,0.454135,0.588481,0.007972,0.001000,1.000000,1.000000,0.442995
pre_visit_dance,c4_r75m,4,75.000000,400,0.014166,0.019754,0.237024,0.507692,0.724334,0.010000,0.001000,1.000000,1.000000,0.453590
pre_visit_dance,c4_r75m,4,75.000000,401,0.037650,0.016217,0.303849,0.298130,0.572730,0.002667,0.001000,1.000000,1.000000,0.264032
pre_visit_dance,c4_r75m,4,75.000000,402,0.041010,0.036388,0.285887,0.453890,0.530792,0.018583,0.001000,1.000000,1.000000,0.467512
pre_visit_dance,c4_r75m,4,75.000000,404,0.021443,0.038168,0.341721,0.577005,0.464947,0.011639,0.001000,1.000000,1.000000,0.414298
pre_visit_dance,c4_r75m,4,75.000000,403,0.013515,0.022233,0.281556,0.422268,0.570213,0.014417,0.001000,1.000000,1.000000,0.419624
pre_visit_dance,c4_r75m,4,75.000000,405,0.049443,0.055068,0.565788,0.446840,0.528977,0.007694,0.001000,1.000000,1.000000,0.360867
pre_visit_dance,c4_r75m,4,75.000000,407,0.022721,0.027535,0.293492,0.281761,0.657355,0.008139,0.001000,1.000000,1.000000,0.298453
pre_visit_dance,c4_r75m,4,75.000000,409,0.075862,0.047832,0.518981,0.236191,0.673426,0.008889,0.001000,1.000000,1.000000,0.224928
pre_visit_dance,c4_r75m,4,75.000000,406,0.004502,0.019054,0.277828,0.453999,0.657512,0.011222,0.001000,1.000000,1.000000,0.437996
pre_visit_dance,c4_r75m,4,75.000000,410,0.029772,0.018524,0.265235,0.658641,0.413526,0.010028,0.001000,1.000000,1.000000,0.687142
pre_visit_dance,c4_r75m,4,75.000000,411,0.028067,0.037975,0.407895,0.327543,0.847590,0.009639,0.001000,1.000000,1.000000,0.230594
pre_visit_dance,c4_r75m,4,75.000000,412,0.057718,0.059390,0.727698,0.347847,0.523128,0.021139,0.001000,1.000000,1.000000,0.350382
pre_visit_dance,c4_r75m,4,75.000000,408,0.025372,0.031710,0.206061,0.377909,0.570606,0.007833,0.001000,1.000000,1.000000,0.624475
pre_visit_dance,c4_r75m,4,75.000000,414,0.021245,0.022559,0.423324,0.411927,0.382999,0.008278,0.001000,1.000000,1.000000,0.517762
pre_visit_dance,c4_r75m,4,75.000000,413,0.005480,0.028873,0.317709,0.304206,0.800008,0.003889,0.001000,1.000000,1.000000,0.252351
pre_visit_dance,c4_r75m,4,75.000000,416,0.016641,0.029756,0.336046,0.600225,0.899676,0.007583,0.001000,1.000000,1.000000,0.541560
pre_visit_dance,c4_r75m,4,75.000000,417,0.072085,0.054156,0.670799,0.416397,0.465176,0.005250,0.001000,1.000000,1.000000,0.446760
pre_visit_dance,c4_r75m,4,75.000000,415,0.023741,0.037701,0.396220,0.379535,0.683748,0.011583,0.001000,1.000000,1.000000,0.367899
pre_visit_dance,c4_r75m,4,75.000000,418,0.014556,0.035624,0.284609,0.547429,0.637195,0.010361,0.001000,1.000000,1.000000,0.592292
pre_visit_dance,c4_r75m,4,75.000000,419,0.051912,0.030006,0.375530,0.480874,0.763377,0.005389,0.001000,1.000000,1.000000,0.594764
pre_visit_dance,c4_r75m,4,75.000000,420,0.010686,0.025783,0.180681,0.447296,0.519477,0.007944,0.001000,1.000000,1.000000,0.518493
pre_visit_dance,c4_r75m,4,75.000000,421,0.047923,0.042114,0.373457,0.474685,0.393678,0.004667,0.001000,1.000000,1.000000,0.341345
pre_visit_dance,c4_r75m,4,75.000000,423,0.044452,0.050104,0.475559,0.525040,0.506753,0.009222,0.001000,1.000000,1.000000,0.463870
pre_visit_dance,c4_r75m,4,75.000000,425,0.032772,0.026427,0.444094,0.389063,0.731257,0.010944,0.001000,1.000000,1.000000,0.414306
pre_visit_dance,c4_r75m,4,75.000000,424,0.001878,0.019819,0.314854,0.360484,0.643085,0.013722,0.001000,1.000000,1.000000,0.500112
pre_visit_dance,c4_r75m,4,75.000000,422,0.033333,0.031287,0.305458,0.763087,0.701988,0.007639,0.001000,1.000000,1.000000,0.787604
pre_visit_dance,c4_r75m,4,75.000000,426,0.053605,0.042652,0.497485,0.437108,0.713932,0.014944,0.001000,1.000000,1.000000,0.450484
pre_visit_dance,c4_r75m,4,75.000000,427,0.063701,0.031439,0.204706,0.480993,0.534955,0.014472,0.001000,1.000000,1.000000,0.286924
pre_visit_dance,c4_r75m,4,75.000000,429,0.056718,0.045654,0.482589,0.383994,0.831268,0.009444,0.001000,1.000000,1.000000,0.362966
pre_visit_dance,c4_r75m,4,75.000000,428,0.018021,0.028119,0.178970,0.429103,0.665305,0.007722,0.001000,1.000000,0.998333,0.587519
pre_visit_dance,c4_r75m,4,75.000000,431,0.045248,0.047184,0.753131,0.632550,0.482189,0.008167,0.001000,1.000000,1.000000,0.538975
pre_visit_dance,c4_r75m,4,75.000000,430,0.016744,0.040393,0.532415,0.396184,0.810650,0.010250,0.001000,1.000000,1.000000,0.425316
pre_visit_dance,c4_r75m,4,75.000000,432,0.027563,0.044308,0.440672,0.407651,0.620771,0.009056,0.001000,1.000000,1.000000,0.370527
pre_visit_dance,c4_r75m,4,75.000000,434,0.055935,0.037569,0.537988,0.208023,0.805253,0.005889,0.001000,1.000000,1.000000,0.291186
pre_visit_dance,c4_r75m,4,75.000000,433,0.063204,0.026677,0.322339,0.672488,0.689578,0.008528,0.001000,1.000000,1.000000,0.658537
pre_visit_dance,c4_r75m,4,75.000000,436,0.036229,0.042692,0.347698,0.455018,0.517606,0.004028,0.001000,1.000000,1.000000,0.407051
pre_visit_dance,c4_r75m,4,75.000000,437,0.023645,0.022183,0.236360,0.350415,0.788350,0.015417,0.001000,1.000000,1.000000,0.311824
pre_visit_dance,c4_r75m,4,75.000000,435,0.029401,0.040781,0.499233,0.353506,0.666105,0.018972,0.001000,1.000000,1.000000,0.290587
pre_visit_dance,c4_r75m,4,75.000000,438,0.045250,0.040087,0.490411,0.599516,0.353770,0.011222,0.001000,1.000000,1.000000,0.524982
pre_visit_dance,c4_r75m,4,75.000000,439,0.058721,0.037882,0.333605,0.342662,0.436653,0.014833,0.001000,1.000000,1.000000,0.309808
pre_visit_dance,c4_r75m,4,75.000000,440,0.037274,0.029320,0.329815,0.536275,0.466585,0.015778,0.001000,1.000000,1.000000,0.430135
pre_visit_dance,c4_r75m,4,75.000000,442,0.044186,0.029904,0.277641,0.565859,0.573221,0.013111,0.001000,1.000000,1.000000,0.374616
pre_visit_dance,c4_r75m,4,75.000000,444,0.029623,0.035745,0.438859,0.393779,0.696362,0.019056,0.001000,1.000000,1.000000,0.387101
pre_visit_dance,c4_r75m,4,75.000000,445,0.127731,0.059747,0.521835,0.141187,0.451994,0.007111,0.001000,1.000000,1.000000,0.174992
pre_visit_dance,c4_r75m,4,75.000000,446,0.028890,0.043194,0.337677,0.617175,0.282846,0.020139,0.001000,1.000000,1.000000,0.532722
pre_visit_dance,c4_r75m,4,75.000000,443,0.055411,0.025622,0.295287,0.447554,0.636950,0.007472,0.001000,1.000000,1.000000,0.542875
pre_visit_dance,c4_r75m,4,75.000000,447,0.023453,0.015301,0.227086,0.439407,0.651799,0.004361,0.001000,1.000000,1.000000,0.668980
pre_visit_dance,c4_r75m,4,75.000000,441,0.059077,0.039623,0.364100,0.293072,0.425468,0.016694,0.001000,1.000000,1.000000,0.224337
pre_visit_dance,c4_r75m,4,75.000000,449,0.001482,0.013591,0.167134,0.566248,0.648690,0.003917,0.001000,1.000000,1.000000,0.497201
pre_visit_dance,c4_r75m,4,75.000000,448,0.036798,0.031470,0.429670,0.283844,0.580462,0.013222,0.001000,1.000000,1.000000,0.290571
pre_visit_dance,c4_r150m,4,150.000000,400,0.017360,0.088753,0.187586,0.781198,0.897838,0.006056,0.001000,1.000000,0.991667,0.441353
pre_visit_dance,c4_r150m,4,150.000000,402,0.105879,0.130255,0.874353,0.940464,0.376124,0.028583,0.003828,0.983333,0.963333,0.879391
pre_visit_dance,c4_r150m,4,150.000000,401,0.106400,0.134476,0.791580,0.923840,0.925975,0.008444,0.001000,1.000000,0.966667,0.834255
pre_visit_dance,c4_r150m,4,150.000000,404,0.252137,0.114422,0.577511,0.088745,0.919649,0.001917,0.001000,1.000000,0.991667,0.105852
pre_visit_dance,c4_r150m,4,150.000000,403,0.078588,0.066639,0.071632,0.834021,0.166392,0.001806,0.005044,0.950000,0.990000,0.641103
pre_visit_dance,c4_r150m,4,150.000000,406,0.110087,0.101037,0.411321,0.902461,0.809641,0.009000,0.001214,0.966667,0.981667,0.849548
pre_visit_dance,c4_r150m,4,150.000000,405,0.101670,0.117653,0.569118,0.748127,0.261411,0.012417,0.006823,0.966667,0.986667,0.731929
pre_visit_dance,c4_r150m,4,150.000000,407,0.085420,0.087292,0.306524,0.217859,0.852245,0.003250,0.001000,1.000000,0.998333,0.134507
pre_visit_dance,c4_r150m,4,150.000000,408,0.104319,0.041903,0.072239,0.304231,0.956065,0.002389,0.007776,0.966667,0.988333,0.298644
pre_visit_dance,c4_r150m,4,150.000000,409,0.189643,0.134682,0.728989,0.146829,0.618992,0.004333,0.001000,1.000000,0.991667,0.305787
pre_visit_dance,c4_r150m,4,150.000000,410,0.110541,0.119590,0.728335,0.966891,0.776592,0.039528,0.001004,0.983333,0.985000,0.873339
pre_visit_dance,c4_r150m,4,150.000000,411,0.094702,0.057975,0.243274,0.069741,0.800344,0.002806,0.001000,1.000000,0.993333,0.110921
pre_visit_dance,c4_r150m,4,150.000000,415,0.111797,0.097626,0.607870,0.850934,0.194410,0.014694,0.001359,0.983333,0.980000,0.861648
pre_visit_dance,c4_r150m,4,150.000000,414,0.065479,0.075267,0.411438,0.290490,0.723489,0.035611,0.001000,1.000000,1.000000,0.246736
pre_visit_dance,c4_r150m,4,150.000000,412,0.213774,0.119842,0.792364,0.722034,0.391929,0.011444,0.001429,0.983333,0.976667,0.635087
pre_visit_dance,c4_r150m,4,150.000000,413,0.097438,0.120008,0.701518,0.156395,0.957867,0.001500,0.001000,1.000000,0.990000,0.181110
pre_visit_dance,c4_r150m,4,150.000000,417,0.008364,0.050583,0.233256,0.620006,0.725598,0.007778,0.002866,0.983333,0.996667,0.562818
pre_visit_dance,c4_r150m,4,150.000000,416,0.112554,0.132638,0.887208,0.884370,0.725875,0.019750,0.005916,0.966667,0.970000,0.811268
pre_visit_dance,c4_r150m,4,150.000000,418,0.143603,0.117550,0.679264,0.909037,0.697688,0.020889,0.003622,0.983333,0.976667,0.908613
pre_visit_dance,c4_r150m,4,150.000000,419,0.086104,0.091819,0.339293,0.510831,0.565773,0.002250,0.001000,1.000000,0.986667,0.416513
pre_visit_dance,c4_r150m,4,150.000000,422,0.007715,0.015885,0.208296,0.412635,0.280651,0.009917,0.001028,0.983333,0.998333,0.350205
pre_visit_dance,c4_r150m,4,150.000000,421,0.022647,0.022489,0.200429,0.749582,0.886583,0.013556,0.001000,1.000000,1.000000,0.813508
pre_visit_dance,c4_r150m,4,150.000000,420,0.231575,0.164976,0.529488,0.778780,0.045515,0.009972,0.002230,0.966667,0.985000,0.572182
pre_visit_dance,c4_r150m,4,150.000000,423,0.138051,0.135488,0.842118,0.941173,0.734883,0.032417,0.010556,0.933333,0.966667,0.897101
pre_visit_dance,c4_r150m,4,150.000000,424,0.012468,0.055233,0.103024,0.490904,0.431710,0.007167,0.001000,1.000000,0.995000,0.424918
pre_visit_dance,c4_r150m,4,150.000000,425,0.114841,0.086005,0.803254,0.547940,0.940212,0.037083,0.001069,0.983333,0.995000,0.512182
pre_visit_dance,c4_r150m,4,150.000000,427,0.106781,0.061831,0.402584,0.914716,0.315036,0.004389,0.001057,0.983333,0.988333,0.817990
pre_visit_dance,c4_r150m,4,150.000000,430,0.003333,0.076344,0.145997,0.174729,0.394645,0.004056,0.003923,0.983333,0.991667,0.167219
pre_visit_dance,c4_r150m,4,150.000000,429,0.020105,0.084274,0.343214,0.528956,0.900292,0.001472,0.001000,1.000000,0.986667,0.450378
pre_visit_dance,c4_r150m,4,150.000000,432,0.057188,0.089856,0.188170,0.176369,0.782082,0.001750,0.001000,1.000000,0.985000,0.129999
pre_visit_dance,c4_r150m,4,150.000000,426,0.133744,0.130650,0.927881,0.917051,0.923085,0.041917,0.013294,0.933333,0.958333,0.873029
pre_visit_dance,c4_r150m,4,150.000000,431,0.106986,0.090693,0.345922,0.572558,0.709790,0.001639,0.002020,0.983333,0.990000,0.249377
pre_visit_dance,c4_r150m,4,150.000000,428,0.115118,0.129939,0.928298,0.782647,0.937729,0.024917,0.003225,0.966667,0.966667,0.883695
pre_visit_dance,c4_r150m,4,150.000000,435,0.064492,0.054118,0.354587,0.222500,0.933429,0.009083,0.001000,1.000000,0.995000,0.256907
pre_visit_dance,c4_r150m,4,150.000000,433,0.059440,0.059990,0.313872,0.893016,0.887906,0.007972,0.001000,1.000000,0.988333,0.885236
pre_visit_dance,c4_r150m,4,150.000000,434,0.132490,0.105726,0.728339,0.892425,0.726333,0.028611,0.002013,0.983333,0.980000,0.906526
pre_visit_dance,c4_r150m,4,150.000000,437,0.058929,0.061788,0.317745,0.071837,0.697419,0.005833,0.001000,1.000000,0.998333,0.182917
pre_visit_dance,c4_r150m,4,150.000000,436,0.069489,0.092550,0.618025,0.790229,0.856986,0.006667,0.003332,0.983333,0.971667,0.837009
pre_visit_dance,c4_r150m,4,150.000000,441,0.123466,0.108973,0.443399,0.929164,0.177704,0.005222,0.001226,0.983333,0.981667,0.784512
pre_visit_dance,c4_r150m,4,150.000000,439,0.100691,0.131777,0.673360,0.884600,0.711362,0.019278,0.001723,0.983333,0.950000,0.927900
pre_visit_dance,c4_r150m,4,150.000000,438,0.084725,0.104965,0.676042,0.919900,0.659886,0.020806,0.003167,0.983333,0.980000,0.879399
pre_visit_dance,c4_r150m,4,150.000000,440,0.077778,0.098340,0.525605,0.921609,0.753582,0.026361,0.001839,0.983333,0.983333,0.841368
pre_visit_dance,c4_r150m,4,150.000000,445,0.166794,0.103663,0.781416,0.908260,0.559891,0.011556,0.003386,0.950000,0.978333,0.665158
pre_visit_dance,c4_r150m,4,150.000000,442,0.160467,0.138736,0.807356,0.804378,0.240334,0.008917,0.004780,0.983333,0.971667,0.783429
pre_visit_dance,c4_r150m,4,150.000000,447,0.077528,0.058262,0.498522,0.629343,0.795388,0.006972,0.001354,0.983333,0.991667,0.609619
pre_visit_dance,c4_r150m,4,150.000000,444,0.105789,0.107803,0.675824,0.685436,0.920679,0.025389,0.005173,0.983333,0.980000,0.669854
pre_visit_dance,c4_r150m,4,150.000000,446,0.133269,0.119805,0.732996,0.948346,0.745450,0.028944,0.008138,0.950000,0.965000,0.917125
pre_visit_dance,c4_r150m,4,150.000000,443,0.080711,0.087898,0.552738,0.528008,0.850439,0.005583,0.001635,0.966667,0.990000,0.528240
pre_visit_dance,c4_r150m,4,150.000000,449,0.188946,0.152472,0.929751,0.680269,0.616744,0.013306,0.004657,0.950000,0.971667,0.781087
pre_visit_dance,c4_r150m,4,150.000000,448,0.182634,0.108577,0.770264,0.936771,0.539012,0.011167,0.013038,0.916667,0.968333,0.911817
pre_visit_dance,c4_r300m,4,300.000000,400,0.215449,0.190860,0.878533,0.918599,0.733605,0.139528,0.537926,0.116667,0.095000,0.900314
pre_visit_dance,c4_r300m,4,300.000000,401,0.203824,0.190481,0.904587,0.910037,0.701785,0.142917,0.527349,0.116667,0.105000,0.854023
pre_visit_dance,c4_r300m,4,300.000000,402,0.197700,0.189266,0.836955,0.863417,0.435391,0.148583,0.515502,0.050000,0.103333,0.848913
pre_visit_dance,c4_r300m,4,300.000000,403,0.192948,0.191420,0.857496,0.888372,0.870812,0.155556,0.569930,0.050000,0.100000,0.853958
pre_visit_dance,c4_r300m,4,300.000000,406,0.200265,0.197626,0.859722,0.918387,0.643467,0.147722,0.542673,0.066667,0.090000,0.897273
pre_visit_dance,c4_r300m,4,300.000000,407,0.178405,0.186600,0.861459,0.926849,0.652156,0.142444,0.466613,0.200000,0.106667,0.893579
pre_visit_dance,c4_r300m,4,300.000000,405,0.215882,0.198421,0.887970,0.902771,0.695164,0.149278,0.534965,0.033333,0.105000,0.883288
pre_visit_dance,c4_r300m,4,300.000000,404,0.202220,0.203559,0.897437,0.937978,0.578931,0.155222,0.585592,0.033333,0.086667,0.872727
pre_visit_dance,c4_r300m,4,300.000000,410,0.179300,0.191642,0.884984,0.918884,0.829817,0.140444,0.487403,0.100000,0.115000,0.886107
pre_visit_dance,c4_r300m,4,300.000000,408,0.176495,0.190491,0.923872,0.909557,0.796582,0.138778,0.432676,0.050000,0.073333,0.898991
pre_visit_dance,c4_r300m,4,300.000000,412,0.210998,0.196909,0.912053,0.886428,0.263395,0.139806,0.451096,0.100000,0.113333,0.893379
pre_visit_dance,c4_r300m,4,300.000000,413,0.197230,0.198722,0.857175,0.885531,0.747494,0.149667,0.543371,0.100000,0.073333,0.872944
pre_visit_dance,c4_r300m,4,300.000000,409,0.193152,0.187293,0.863708,0.885328,0.675693,0.146972,0.484559,0.100000,0.110000,0.874950
pre_visit_dance,c4_r300m,4,300.000000,414,0.212084,0.196433,0.851601,0.873352,0.467626,0.150806,0.529643,0.116667,0.095000,0.895188
pre_visit_dance,c4_r300m,4,300.000000,411,0.206322,0.198750,0.913025,0.885161,0.515638,0.140306,0.457919,0.150000,0.115000,0.866048
pre_visit_dance,c4_r300m,4,300.000000,415,0.201917,0.193346,0.904685,0.910020,0.743469,0.151250,0.531648,0.116667,0.078333,0.865560
pre_visit_dance,c4_r300m,4,300.000000,416,0.186264,0.197414,0.875414,0.871652,0.731718,0.138472,0.427128,0.066667,0.075000,0.869106
pre_visit_dance,c4_r300m,4,300.000000,417,0.188869,0.190474,0.842070,0.913618,0.752226,0.144778,0.490529,0.083333,0.091667,0.896201
pre_visit_dance,c4_r300m,4,300.000000,422,0.185671,0.185926,0.797775,0.861799,0.700018,0.138028,0.455808,0.083333,0.125000,0.876502
pre_visit_dance,c4_r300m,4,300.000000,419,0.201593,0.197053,0.900935,0.924116,0.719612,0.155722,0.563071,0.033333,0.073333,0.889167
pre_visit_dance,c4_r300m,4,300.000000,418,0.180901,0.199712,0.853319,0.937241,0.718180,0.144361,0.497559,0.133333,0.090000,0.902103
pre_visit_dance,c4_r300m,4,300.000000,420,0.196328,0.189402,0.833031,0.876089,0.799341,0.144611,0.468589,0.083333,0.095000,0.886612
pre_visit_dance,c4_r300m,4,300.000000,421,0.190647,0.191973,0.835962,0.887384,0.731467,0.145250,0.490493,0.083333,0.100000,0.879064
pre_visit_dance,c4_r300m,4,300.000000,423,0.183672,0.190055,0.859500,0.904747,0.696180,0.147167,0.487328,0.116667,0.100000,0.897541
pre_visit_dance,c4_r300m,4,300.000000,425,0.190277,0.183756,0.848648,0.920589,0.785714,0.147972,0.499951,0.116667,0.091667,0.916804
pre_visit_dance,c4_r300m,4,300.000000,424,0.174002,0.195030,0.819113,0.893434,0.734931,0.139389,0.460450,0.083333,0.093333,0.890512
pre_visit_dance,c4_r300m,4,300.000000,426,0.183415,0.183795,0.845961,0.895274,0.789645,0.144861,0.485770,0.083333,0.101667,0.891569
pre_visit_dance,c4_r300m,4,300.000000,429,0.177664,0.187491,0.847045,0.877538,0.545452,0.138139,0.477122,0.050000,0.118333,0.853256
pre_visit_dance,c4_r300m,4,300.000000,427,0.222056,0.202621,0.873481,0.878458,0.688626,0.142944,0.480313,0.166667,0.093333,0.877026
pre_visit_dance,c4_r300m,4,300.000000,428,0.196449,0.197268,0.860892,0.920235,0.679751,0.143889,0.466413,0.083333,0.095000,0.900304
pre_visit_dance,c4_r300m,4,300.000000,430,0.187726,0.199383,0.818859,0.876869,0.548947,0.147583,0.506403,0.033333,0.090000,0.869098
pre_visit_dance,c4_r300m,4,300.000000,431,0.210447,0.194153,0.874932,0.894417,0.504568,0.148861,0.567189,0.133333,0.101667,0.873988
pre_visit_dance,c4_r300m,4,300.000000,432,0.198253,0.193592,0.845445,0.915957,0.813354,0.143722,0.477367,0.066667,0.090000,0.888805
pre_visit_dance,c4_r300m,4,300.000000,433,0.196819,0.194802,0.845192,0.893635,0.723193,0.139028,0.471262,0.116667,0.068333,0.890374
pre_visit_dance,c4_r300m,4,300.000000,437,0.201730,0.196735,0.878765,0.930111,0.667834,0.154833,0.614312,0.083333,0.086667,0.903139
pre_visit_dance,c4_r300m,4,300.000000,434,0.202132,0.196587,0.869695,0.856122,0.751230,0.145194,0.489402,0.050000,0.091667,0.867814
pre_visit_dance,c4_r300m,4,300.000000,435,0.182519,0.192866,0.837109,0.885055,0.775755,0.137139,0.472869,0.116667,0.101667,0.871256
pre_visit_dance,c4_r300m,4,300.000000,436,0.209339,0.180446,0.849321,0.863528,0.573767,0.141389,0.449886,0.200000,0.130000,0.878439
pre_visit_dance,c4_r300m,4,300.000000,438,0.176978,0.183391,0.854794,0.876409,0.710632,0.147389,0.485854,0.083333,0.101667,0.863821
pre_visit_dance,c4_r300m,4,300.000000,439,0.188991,0.177196,0.910794,0.888724,0.721835,0.143000,0.465104,0.083333,0.133333,0.894549
pre_visit_dance,c4_r300m,4,300.000000,441,0.202526,0.194161,0.859303,0.893516,0.799039,0.142250,0.495808,0.033333,0.110000,0.886407
pre_visit_dance,c4_r300m,4,300.000000,440,0.195717,0.182357,0.918217,0.905530,0.634975,0.146944,0.531432,0.066667,0.061667,0.911517
pre_visit_dance,c4_r300m,4,300.000000,443,0.195263,0.191049,0.881813,0.936930,0.561919,0.144417,0.475218,0.100000,0.085000,0.917604
pre_visit_dance,c4_r300m,4,300.000000,445,0.205728,0.198838,0.845946,0.902633,0.640452,0.136611,0.429891,0.100000,0.085000,0.889188
pre_visit_dance,c4_r300m,4,300.000000,442,0.194335,0.191654,0.917497,0.941080,0.381827,0.128944,0.482645,0.083333,0.106667,0.919134
pre_visit_dance,c4_r300m,4,300.000000,447,0.174499,0.177345,0.798774,0.883410,0.800228,0.144194,0.491558,0.083333,0.118333,0.880056
pre_visit_dance,c4_r300m,4,300.000000,444,0.211642,0.197799,0.921067,0.901167,0.721105,0.145111,0.500050,0.066667,0.100000,0.879092
pre_visit_dance,c4_r300m,4,300.000000,446,0.189722,0.191609,0.883289,0.897890,0.787920,0.138389,0.451959,0.066667,0.091667,0.870549
pre_visit_dance,c4_r300m,4,300.000000,449,0.177905,0.179270,0.826451,0.862751,0.739702,0.135889,0.396368,0.100000,0.100000,0.855342
pre_visit_dance,c4_r300m,4,300.000000,448,0.202939,0.198726,0.889803,0.859388,0.626728,0.141833,0.538837,0.066667,0.095000,0.874628
pre_visit_dance,c4_r600m,4,600.000000,400,0.247407,0.246136,0.853800,0.822919,0.782051,0.303444,2.410599,0.000000,0.000000,0.805404
pre_visit_dance,c4_r600m,4,600.000000,402,0.260308,0.262046,0.891746,0.862615,0.669553,0.296028,2.370715,0.000000,0.000000,0.814338
pre_visit_dance,c4_r600m,4,600.000000,401,0.226275,0.230019,0.818629,0.788730,0.769091,0.287528,2.259215,0.000000,0.000000,0.835812
pre_visit_dance,c4_r600m,4,600.000000,403,0.246691,0.255658,0.870117,0.841866,0.702989,0.295833,2.407966,0.000000,0.000000,0.848762
pre_visit_dance,c4_r600m,4,600.000000,404,0.243944,0.243841,0.747177,0.835383,0.766160,0.305417,2.444173,0.000000,0.000000,0.825397
pre_visit_dance,c4_r600m,4,600.000000,406,0.278200,0.241889,0.844744,0.895081,0.431641,0.322778,2.657652,0.000000,0.000000,0.851999
pre_visit_dance,c4_r600m,4,600.000000,405,0.280199,0.262107,0.895356,0.859379,0.843792,0.308944,2.484744,0.000000,0.000000,0.868161
pre_visit_dance,c4_r600m,4,600.000000,408,0.232553,0.224138,0.802514,0.840576,0.699289,0.296111,2.343276,0.000000,0.000000,0.845626
pre_visit_dance,c4_r600m,4,600.000000,407,0.253296,0.241276,0.776979,0.869912,0.510771,0.303417,2.447045,0.000000,0.000000,0.876930
pre_visit_dance,c4_r600m,4,600.000000,409,0.242022,0.257263,0.841895,0.848872,0.674386,0.301611,2.409884,0.000000,0.000000,0.814432
pre_visit_dance,c4_r600m,4,600.000000,411,0.257651,0.246522,0.846351,0.890164,0.592295,0.305944,2.466311,0.000000,0.000000,0.858073
pre_visit_dance,c4_r600m,4,600.000000,412,0.239464,0.253127,0.800211,0.869901,0.582939,0.286778,2.309471,0.000000,0.000000,0.836955
pre_visit_dance,c4_r600m,4,600.000000,413,0.226661,0.226280,0.739116,0.866132,0.723695,0.298056,2.388959,0.000000,0.000000,0.860051
pre_visit_dance,c4_r600m,4,600.000000,410,0.229640,0.237112,0.682852,0.889010,0.334072,0.296361,2.350171,0.000000,0.000000,0.858253
pre_visit_dance,c4_r600m,4,600.000000,415,0.244443,0.238956,0.791781,0.839774,0.629063,0.296556,2.385015,0.000000,0.000000,0.855328
pre_visit_dance,c4_r600m,4,600.000000,414,0.253887,0.258607,0.859783,0.840809,0.449543,0.292278,2.324309,0.000000,0.000000,0.835450
pre_visit_dance,c4_r600m,4,600.000000,416,0.253025,0.240325,0.848317,0.885980,0.700109,0.314806,2.573389,0.000000,0.000000,0.865950
pre_visit_dance,c4_r600m,4,600.000000,418,0.239896,0.253103,0.867051,0.891935,0.619819,0.320306,2.619446,0.000000,0.000000,0.858134
pre_visit_dance,c4_r600m,4,600.000000,419,0.181139,0.215669,0.757509,0.851371,0.782254,0.291806,2.296573,0.000000,0.000000,0.837585
pre_visit_dance,c4_r600m,4,600.000000,417,0.247641,0.240084,0.828074,0.882798,0.761789,0.305194,2.426385,0.000000,0.000000,0.878542
pre_visit_dance,c4_r600m,4,600.000000,420,0.247604,0.253474,0.845669,0.833036,0.489430,0.316889,2.608828,0.000000,0.000000,0.828313
pre_visit_dance,c4_r600m,4,600.000000,423,0.240697,0.242349,0.795707,0.876681,0.648014,0.306944,2.471541,0.000000,0.000000,0.825199
pre_visit_dance,c4_r600m,4,600.000000,421,0.239193,0.246833,0.836762,0.827341,0.732000,0.301861,2.405134,0.000000,0.000000,0.822733
pre_visit_dance,c4_r600m,4,600.000000,422,0.258539,0.256697,0.900856,0.895113,0.595655,0.302056,2.479782,0.000000,0.000000,0.878016
pre_visit_dance,c4_r600m,4,600.000000,424,0.246530,0.237758,0.773306,0.854020,0.491415,0.287444,2.304811,0.000000,0.000000,0.858876
pre_visit_dance,c4_r600m,4,600.000000,425,0.263484,0.247358,0.828405,0.841476,0.700883,0.291722,2.347283,0.000000,0.000000,0.832304
pre_visit_dance,c4_r600m,4,600.000000,427,0.232450,0.231632,0.786240,0.845828,0.789977,0.306833,2.436278,0.000000,0.000000,0.799344
pre_visit_dance,c4_r600m,4,600.000000,428,0.267484,0.254209,0.844898,0.824360,0.584183,0.297222,2.392372,0.000000,0.000000,0.791611
pre_visit_dance,c4_r600m,4,600.000000,426,0.224767,0.227944,0.790657,0.876694,0.847172,0.295194,2.377350,0.000000,0.000000,0.864328
pre_visit_dance,c4_r600m,4,600.000000,429,0.218835,0.233245,0.791235,0.890939,0.619267,0.301250,2.424247,0.000000,0.000000,0.878565
pre_visit_dance,c4_r600m,4,600.000000,430,0.230958,0.231489,0.786238,0.792500,0.834514,0.286944,2.260605,0.000000,0.000000,0.791378
pre_visit_dance,c4_r600m,4,600.000000,431,0.279419,0.251617,0.817032,0.852804,0.268511,0.297139,2.338057,0.000000,0.000000,0.843673
pre_visit_dance,c4_r600m,4,600.000000,432,0.233558,0.241918,0.793171,0.893644,0.847630,0.311194,2.523598,0.000000,0.000000,0.894056
pre_visit_dance,c4_r600m,4,600.000000,433,0.243572,0.251693,0.808316,0.836335,0.516105,0.303167,2.424974,0.000000,0.000000,0.800199
pre_visit_dance,c4_r600m,4,600.000000,436,0.256096,0.238480,0.723329,0.893236,0.624385,0.297750,2.402819,0.000000,0.000000,0.809672
pre_visit_dance,c4_r600m,4,600.000000,434,0.243053,0.231181,0.783130,0.894265,0.777963,0.294611,2.372808,0.000000,0.000000,0.852391
pre_visit_dance,c4_r600m,4,600.000000,435,0.246424,0.258445,0.803289,0.866961,0.510136,0.290306,2.292288,0.000000,0.000000,0.883318
pre_visit_dance,c4_r600m,4,600.000000,438,0.272941,0.255138,0.892696,0.864400,0.627306,0.299806,2.472282,0.000000,0.000000,0.811310
pre_visit_dance,c4_r600m,4,600.000000,437,0.226665,0.229569,0.823485,0.891188,0.819603,0.312944,2.554080,0.000000,0.000000,0.822498
pre_visit_dance,c4_r600m,4,600.000000,439,0.237354,0.247884,0.819896,0.857794,0.653136,0.301194,2.412318,0.000000,0.000000,0.817543
pre_visit_dance,c4_r600m,4,600.000000,440,0.252853,0.257992,0.888622,0.901638,0.487556,0.317111,2.559718,0.000000,0.000000,0.885779
pre_visit_dance,c4_r600m,4,600.000000,442,0.230000,0.229288,0.776719,0.774511,0.563543,0.295972,2.359408,0.000000,0.000000,0.775221
pre_visit_dance,c4_r600m,4,600.000000,443,0.232176,0.237971,0.829375,0.862746,0.824323,0.314833,2.540352,0.000000,0.000000,0.830678
pre_visit_dance,c4_r600m,4,600.000000,441,0.248178,0.232512,0.731933,0.811743,0.631432,0.292167,2.283411,0.000000,0.000000,0.847652
pre_visit_dance,c4_r600m,4,600.000000,445,0.251240,0.253707,0.813771,0.841353,0.659285,0.304917,2.437113,0.000000,0.000000,0.794057
pre_visit_dance,c4_r600m,4,600.000000,444,0.275415,0.246597,0.807844,0.866945,0.531392,0.281972,2.250574,0.000000,0.000000,0.834911
pre_visit_dance,c6_r15m,6,15.000000,400,0.001905,-0.002305,0.292469,0.422065,0.712984,0.002611,0.001000,1.000000,1.000000,0.485786
pre_visit_dance,c6_r15m,6,15.000000,401,-0.007156,-0.001544,0.320450,0.631784,0.696690,0.005028,0.001000,1.000000,1.000000,0.650608
pre_visit_dance,c6_r15m,6,15.000000,402,0.007075,-0.003281,0.258933,0.379609,0.342980,0.004250,0.001000,1.000000,1.000000,0.327010
pre_visit_dance,c6_r15m,6,15.000000,403,0.013193,0.003095,0.428838,0.213464,0.593684,0.002889,0.001000,1.000000,1.000000,0.217798
pre_visit_dance,c6_r15m,6,15.000000,404,0.000000,0.001897,0.262509,0.353484,0.336997,0.004750,0.001000,1.000000,1.000000,0.341275
pre_visit_dance,c6_r15m,6,15.000000,406,0.028037,-0.000304,0.565640,0.491466,0.334599,0.002639,0.001000,1.000000,1.000000,0.444647
pre_visit_dance,c4_r600m,4,600.000000,446,0.262150,0.240679,0.783490,0.811986,0.554410,0.290444,2.307541,0.000000,0.000000,0.811168
pre_visit_dance,c6_r15m,6,15.000000,405,-0.003016,0.000377,0.562592,0.431235,0.763270,0.003806,0.001000,1.000000,1.000000,0.433933
pre_visit_dance,c6_r15m,6,15.000000,407,0.011842,0.001502,0.204918,0.362878,0.674375,0.003389,0.001000,1.000000,1.000000,0.320689
pre_visit_dance,c4_r600m,4,600.000000,447,0.251074,0.250358,0.811970,0.873467,0.594247,0.306583,2.500824,0.000000,0.000000,0.830168
pre_visit_dance,c6_r15m,6,15.000000,410,0.000000,0.000000,0.523650,0.255393,0.416724,0.001528,0.001000,1.000000,1.000000,0.221473
pre_visit_dance,c6_r15m,6,15.000000,409,0.007407,0.006575,0.520066,0.443275,0.586234,0.002694,0.001000,1.000000,1.000000,0.417848
pre_visit_dance,c6_r15m,6,15.000000,408,-0.000556,-0.001995,0.499669,0.446271,0.625672,0.005306,0.001000,1.000000,1.000000,0.429870
pre_visit_dance,c6_r15m,6,15.000000,411,0.007646,0.003923,0.422569,0.470331,0.708796,0.003889,0.001000,1.000000,1.000000,0.529218
pre_visit_dance,c6_r15m,6,15.000000,413,0.010101,-0.000774,0.571786,0.339457,0.611615,0.002111,0.001000,1.000000,1.000000,0.249555
pre_visit_dance,c6_r15m,6,15.000000,412,0.003117,-0.000492,0.305627,0.569813,0.476665,0.004750,0.001000,1.000000,1.000000,0.550772
pre_visit_dance,c4_r600m,4,600.000000,448,0.231999,0.249043,0.841711,0.818308,0.725271,0.302722,2.432042,0.000000,0.000000,0.828355
pre_visit_dance,c4_r600m,4,600.000000,449,0.257565,0.239265,0.806367,0.829118,0.776636,0.302111,2.425065,0.000000,0.000000,0.849994
pre_visit_dance,c6_r15m,6,15.000000,414,0.001570,0.001817,0.191435,0.414324,0.555854,0.003528,0.001000,1.000000,1.000000,0.353844
pre_visit_dance,c6_r15m,6,15.000000,416,0.004386,0.001582,0.390044,0.442254,0.642778,0.002444,0.001000,1.000000,1.000000,0.653478
pre_visit_dance,c6_r15m,6,15.000000,415,0.000580,-0.000027,0.594941,0.479938,0.684533,0.002917,0.001000,1.000000,1.000000,0.475871
pre_visit_dance,c6_r15m,6,15.000000,419,0.003597,0.001062,0.311812,0.327056,0.697170,0.002944,0.001000,1.000000,1.000000,0.413212
pre_visit_dance,c6_r15m,6,15.000000,420,-0.012739,-0.002433,0.440227,0.647694,0.693819,0.002639,0.001000,1.000000,1.000000,0.487681
pre_visit_dance,c6_r15m,6,15.000000,417,0.000105,0.003280,0.287333,0.632839,0.441366,0.002667,0.001000,1.000000,1.000000,0.539554
pre_visit_dance,c6_r15m,6,15.000000,421,-0.007547,-0.000578,0.328031,0.262146,0.473006,0.002944,0.001000,1.000000,1.000000,0.244456
pre_visit_dance,c6_r15m,6,15.000000,418,-0.007042,0.000564,0.292336,0.354911,0.456118,0.002028,0.001000,1.000000,1.000000,0.348859
pre_visit_dance,c6_r15m,6,15.000000,424,0.009804,0.000215,0.116584,0.501319,0.595117,0.003667,0.001000,1.000000,1.000000,0.503051
pre_visit_dance,c6_r15m,6,15.000000,423,0.000000,0.001446,0.150155,0.464253,0.708567,0.002194,0.001000,1.000000,1.000000,0.553201
pre_visit_dance,c6_r15m,6,15.000000,425,0.000000,0.002449,0.740417,0.356446,0.348967,0.004639,0.001000,1.000000,1.000000,0.462607
pre_visit_dance,c6_r15m,6,15.000000,426,0.004016,0.000117,0.277601,0.744389,0.563565,0.002194,0.001000,1.000000,1.000000,0.750450
pre_visit_dance,c6_r15m,6,15.000000,422,0.000000,0.005427,0.304893,0.328873,0.621930,0.002667,0.001000,1.000000,1.000000,0.409850
pre_visit_dance,c6_r15m,6,15.000000,427,-0.007874,-0.002965,0.546021,0.570351,0.493828,0.003111,0.001000,1.000000,1.000000,0.538251
pre_visit_dance,c6_r15m,6,15.000000,429,0.000353,0.000238,0.500583,0.548155,0.787441,0.003972,0.001000,1.000000,1.000000,0.419110
pre_visit_dance,c6_r15m,6,15.000000,428,0.007692,0.001252,0.168689,0.355410,0.812056,0.002806,0.001000,1.000000,1.000000,0.268229
pre_visit_dance,c6_r15m,6,15.000000,432,0.000000,0.003480,0.555270,0.208485,0.417370,0.002917,0.001000,1.000000,1.000000,0.192111
pre_visit_dance,c6_r15m,6,15.000000,430,-0.009443,-0.000884,0.304911,0.438019,0.530463,0.005611,0.001000,1.000000,1.000000,0.424137
pre_visit_dance,c6_r15m,6,15.000000,431,-0.002933,0.002002,0.115774,0.385403,0.688605,0.004833,0.001000,1.000000,1.000000,0.319023
pre_visit_dance,c6_r15m,6,15.000000,433,-0.016949,-0.001119,0.165443,0.610933,0.560928,0.002917,0.001000,1.000000,1.000000,0.570454
pre_visit_dance,c6_r15m,6,15.000000,434,0.000000,0.002624,0.171099,0.293037,0.221926,0.004278,0.001000,1.000000,1.000000,0.485092
pre_visit_dance,c6_r15m,6,15.000000,435,0.015120,0.004629,0.349605,0.215153,0.457095,0.004306,0.001000,1.000000,1.000000,0.223842
pre_visit_dance,c6_r15m,6,15.000000,436,0.000000,-0.002920,0.152525,0.400927,0.690514,0.001944,0.001000,1.000000,1.000000,0.474472
pre_visit_dance,c6_r15m,6,15.000000,438,-0.005650,-0.000870,0.525307,0.229401,0.593990,0.004861,0.001000,1.000000,1.000000,0.251925
pre_visit_dance,c6_r15m,6,15.000000,439,-0.005632,0.000669,0.509501,0.485220,0.736901,0.003694,0.001000,1.000000,1.000000,0.579877
pre_visit_dance,c6_r15m,6,15.000000,440,-0.003861,0.003248,0.767097,0.284324,0.708812,0.002167,0.001000,1.000000,1.000000,0.170022
pre_visit_dance,c6_r15m,6,15.000000,441,-0.002358,-0.000786,0.417833,0.261617,0.779477,0.003361,0.001000,1.000000,1.000000,0.188311
pre_visit_dance,c6_r15m,6,15.000000,443,0.009415,0.002066,0.417024,0.264426,0.772637,0.004250,0.001000,1.000000,1.000000,0.275235
pre_visit_dance,c6_r15m,6,15.000000,437,-0.002752,0.001561,0.301318,0.192331,0.793652,0.005111,0.001000,1.000000,1.000000,0.258982
pre_visit_dance,c6_r15m,6,15.000000,442,0.000000,-0.003324,0.471339,0.574481,0.638324,0.001889,0.001000,1.000000,1.000000,0.376265
pre_visit_dance,c6_r15m,6,15.000000,444,0.017857,-0.003012,0.171158,0.477701,0.812737,0.001111,0.001000,1.000000,1.000000,0.272498
pre_visit_dance,c6_r15m,6,15.000000,445,0.000000,0.000552,0.353280,0.380069,0.532471,0.003278,0.001000,1.000000,1.000000,0.485235
pre_visit_dance,c6_r15m,6,15.000000,446,0.019868,0.001113,0.124166,0.455072,0.595334,0.005528,0.001000,1.000000,1.000000,0.402974
pre_visit_dance,c6_r15m,6,15.000000,447,0.000000,-0.003396,0.192596,0.385194,0.577084,0.002611,0.001000,1.000000,1.000000,0.221007
pre_visit_dance,c6_r15m,6,15.000000,449,0.000000,0.001202,0.397552,0.419999,0.650015,0.001833,0.001000,1.000000,1.000000,0.424278
pre_visit_dance,c6_r37.5m,6,37.500000,401,0.011515,0.003712,0.459190,0.257377,0.446913,0.008444,0.001000,1.000000,1.000000,0.337922
pre_visit_dance,c6_r37.5m,6,37.500000,400,0.009126,0.005121,0.259397,0.358757,0.536428,0.007806,0.001000,1.000000,1.000000,0.265083
pre_visit_dance,c6_r37.5m,6,37.500000,402,0.015460,0.006085,0.389630,0.544619,0.573303,0.008167,0.001000,1.000000,1.000000,0.390164
pre_visit_dance,c6_r37.5m,6,37.500000,403,0.008604,0.014117,0.591784,0.346571,0.696617,0.007972,0.001000,1.000000,1.000000,0.269536
pre_visit_dance,c6_r37.5m,6,37.500000,404,0.000715,0.010906,0.576608,0.257718,0.804176,0.003139,0.001000,1.000000,1.000000,0.254198
pre_visit_dance,c6_r15m,6,15.000000,448,0.000000,0.004981,0.550956,0.441162,0.518515,0.003083,0.001000,1.000000,1.000000,0.461665
pre_visit_dance,c6_r37.5m,6,37.500000,405,-0.016807,-0.000198,0.208955,0.315087,0.458279,0.001389,0.001000,1.000000,1.000000,0.237681
pre_visit_dance,c6_r37.5m,6,37.500000,406,0.013512,0.017841,0.582689,0.475651,0.596756,0.008250,0.001000,1.000000,1.000000,0.438840
pre_visit_dance,c6_r37.5m,6,37.500000,407,0.021544,0.002521,0.367650,0.375006,0.790944,0.006306,0.001000,1.000000,1.000000,0.316013
pre_visit_dance,c6_r37.5m,6,37.500000,408,-0.006075,0.005338,0.468637,0.464118,0.558340,0.004528,0.001000,1.000000,1.000000,0.670393
pre_visit_dance,c6_r37.5m,6,37.500000,409,0.009659,0.010765,0.310249,0.479777,0.685841,0.006667,0.001000,1.000000,1.000000,0.390916
pre_visit_dance,c6_r37.5m,6,37.500000,411,-0.006078,-0.000850,0.323700,0.505420,0.853456,0.003889,0.001000,1.000000,1.000000,0.527919
pre_visit_dance,c6_r37.5m,6,37.500000,413,0.005578,0.002248,0.235331,0.613567,0.475343,0.005722,0.001000,1.000000,1.000000,0.560481
pre_visit_dance,c6_r37.5m,6,37.500000,412,0.001121,0.009732,0.591463,0.587100,0.721054,0.006222,0.001000,1.000000,1.000000,0.469271
pre_visit_dance,c6_r37.5m,6,37.500000,410,-0.009444,0.012873,0.415909,0.559937,0.672736,0.009139,0.001000,1.000000,1.000000,0.567745
pre_visit_dance,c6_r37.5m,6,37.500000,415,0.010022,0.016356,0.279730,0.817123,0.514731,0.005833,0.001000,1.000000,1.000000,0.762683
pre_visit_dance,c6_r37.5m,6,37.500000,417,0.021394,0.018600,0.358321,0.356000,0.473372,0.007222,0.001000,1.000000,1.000000,0.389116
pre_visit_dance,c6_r37.5m,6,37.500000,414,-0.005708,0.005006,0.293742,0.795160,0.594859,0.012222,0.001000,1.000000,1.000000,0.671323
pre_visit_dance,c6_r37.5m,6,37.500000,416,0.016457,0.011634,0.342706,0.506235,0.787784,0.009833,0.001000,1.000000,1.000000,0.551544
pre_visit_dance,c6_r37.5m,6,37.500000,418,0.008318,0.020382,0.547941,0.284115,0.661155,0.003972,0.001000,1.000000,1.000000,0.350468
pre_visit_dance,c6_r37.5m,6,37.500000,419,0.016008,0.008739,0.309924,0.426572,0.725050,0.004611,0.001000,1.000000,1.000000,0.417712
pre_visit_dance,c6_r37.5m,6,37.500000,423,0.029739,0.025622,0.540080,0.551900,0.348666,0.004222,0.001000,1.000000,1.000000,0.410523
pre_visit_dance,c6_r37.5m,6,37.500000,420,0.010746,0.013158,0.379582,0.319506,0.756892,0.010306,0.001000,1.000000,1.000000,0.391069
pre_visit_dance,c6_r37.5m,6,37.500000,421,0.002288,0.009667,0.408225,0.628721,0.791969,0.005167,0.001000,1.000000,1.000000,0.453640
pre_visit_dance,c6_r37.5m,6,37.500000,425,0.022890,0.006924,0.344400,0.502833,0.776724,0.009167,0.001000,1.000000,1.000000,0.406457
pre_visit_dance,c6_r37.5m,6,37.500000,424,0.004122,0.007882,0.319425,0.431958,0.766436,0.006583,0.001000,1.000000,1.000000,0.315258
pre_visit_dance,c6_r37.5m,6,37.500000,422,0.003336,0.010010,0.304852,0.243599,0.474711,0.012528,0.001000,1.000000,1.000000,0.251922
pre_visit_dance,c6_r37.5m,6,37.500000,426,0.023134,0.013210,0.548889,0.255345,0.672712,0.011250,0.001000,1.000000,1.000000,0.222513
pre_visit_dance,c6_r37.5m,6,37.500000,427,0.002682,0.008200,0.317088,0.326413,0.692282,0.006639,0.001000,1.000000,1.000000,0.308298
pre_visit_dance,c6_r37.5m,6,37.500000,429,0.012320,0.010722,0.614349,0.295393,0.719607,0.004917,0.001000,1.000000,1.000000,0.438493
pre_visit_dance,c6_r37.5m,6,37.500000,428,0.022835,0.015315,0.531288,0.335679,0.515939,0.002750,0.001000,1.000000,1.000000,0.266742
pre_visit_dance,c6_r37.5m,6,37.500000,430,0.032844,0.014402,0.364622,0.371724,0.709400,0.006306,0.001000,1.000000,1.000000,0.355539
pre_visit_dance,c6_r37.5m,6,37.500000,432,0.038835,0.034351,0.816898,0.299404,0.600997,0.002333,0.001000,1.000000,1.000000,0.252281
pre_visit_dance,c6_r37.5m,6,37.500000,431,-0.001305,0.007757,0.645509,0.440198,0.512534,0.003278,0.001000,1.000000,1.000000,0.398242
pre_visit_dance,c6_r37.5m,6,37.500000,433,0.020285,0.020193,0.478258,0.286094,0.425703,0.008694,0.001000,1.000000,1.000000,0.352141
pre_visit_dance,c6_r37.5m,6,37.500000,434,0.019043,0.008472,0.367378,0.386248,0.431789,0.009750,0.001000,1.000000,1.000000,0.443611
pre_visit_dance,c6_r37.5m,6,37.500000,435,0.010637,0.013991,0.295537,0.665855,0.579657,0.003500,0.001000,1.000000,1.000000,0.582381
pre_visit_dance,c6_r37.5m,6,37.500000,437,-0.012821,0.008780,0.295032,0.607819,0.783743,0.004361,0.001000,1.000000,1.000000,0.359515
pre_visit_dance,c6_r37.5m,6,37.500000,436,0.011075,0.010408,0.319826,0.399304,0.774565,0.007833,0.001000,1.000000,1.000000,0.278791
pre_visit_dance,c6_r37.5m,6,37.500000,438,0.025577,0.017611,0.463962,0.313357,0.740729,0.009917,0.001000,1.000000,1.000000,0.292928
pre_visit_dance,c6_r37.5m,6,37.500000,439,0.007347,0.013854,0.500709,0.352549,0.576743,0.008083,0.001000,1.000000,1.000000,0.369188
pre_visit_dance,c6_r37.5m,6,37.500000,440,0.008876,0.008740,0.514806,0.211557,0.695458,0.008778,0.001000,1.000000,1.000000,0.229257
pre_visit_dance,c6_r37.5m,6,37.500000,441,0.016015,0.005893,0.324371,0.316674,0.403358,0.004639,0.001000,1.000000,1.000000,0.415872
pre_visit_dance,c6_r37.5m,6,37.500000,442,0.008504,0.009506,0.569561,0.483156,0.826233,0.007556,0.001000,1.000000,1.000000,0.648229
pre_visit_dance,c6_r37.5m,6,37.500000,443,0.000422,0.008094,0.416019,0.643879,0.835792,0.011306,0.001000,1.000000,1.000000,0.551217
pre_visit_dance,c6_r37.5m,6,37.500000,444,0.004764,0.007129,0.315124,0.243455,0.502451,0.006194,0.001000,1.000000,1.000000,0.173516
pre_visit_dance,c6_r37.5m,6,37.500000,445,0.012499,0.020886,0.370563,0.169796,0.337461,0.008083,0.001000,1.000000,1.000000,0.190162
pre_visit_dance,c6_r37.5m,6,37.500000,446,0.004912,0.005380,0.322279,0.390817,0.629238,0.008250,0.001000,1.000000,1.000000,0.432134
pre_visit_dance,c6_r37.5m,6,37.500000,448,0.000454,0.009511,0.411312,0.244309,0.595457,0.010333,0.001000,1.000000,1.000000,0.254162
pre_visit_dance,c6_r37.5m,6,37.500000,447,0.009284,0.016345,0.154924,0.192327,0.744567,0.003472,0.001000,1.000000,1.000000,0.220712
pre_visit_dance,c6_r37.5m,6,37.500000,449,0.000310,0.009581,0.319055,0.230473,0.810165,0.009333,0.001000,1.000000,1.000000,0.192309
pre_visit_dance,c6_r75m,6,75.000000,400,0.055955,0.053142,0.521059,0.243798,0.716960,0.010222,0.001000,1.000000,1.000000,0.284699
pre_visit_dance,c6_r75m,6,75.000000,401,0.029627,0.052763,0.408522,0.131726,0.752999,0.027833,0.001000,1.000000,1.000000,0.154787
pre_visit_dance,c6_r75m,6,75.000000,402,0.027422,0.041818,0.251050,0.253522,0.784838,0.008722,0.001000,1.000000,1.000000,0.241084
pre_visit_dance,c6_r75m,6,75.000000,403,0.039883,0.035428,0.353050,0.372112,0.512987,0.018278,0.001000,1.000000,1.000000,0.264068
pre_visit_dance,c6_r75m,6,75.000000,404,0.033876,0.028574,0.398411,0.750587,0.808803,0.013194,0.001000,1.000000,1.000000,0.771740
pre_visit_dance,c6_r75m,6,75.000000,407,0.056064,0.022692,0.498054,0.531377,0.591924,0.014806,0.001000,1.000000,1.000000,0.412387
pre_visit_dance,c6_r75m,6,75.000000,405,0.032491,0.024405,0.114833,0.391242,0.710630,0.007083,0.001000,1.000000,1.000000,0.684423
pre_visit_dance,c6_r75m,6,75.000000,406,0.048443,0.049587,0.648705,0.503489,0.637827,0.010028,0.001000,1.000000,1.000000,0.650957
pre_visit_dance,c6_r75m,6,75.000000,408,0.053364,0.048142,0.561627,0.404398,0.457992,0.013194,0.001000,1.000000,1.000000,0.433934
pre_visit_dance,c6_r75m,6,75.000000,411,0.026423,0.042453,0.287552,0.336773,0.639456,0.008972,0.001000,1.000000,1.000000,0.254253
pre_visit_dance,c6_r75m,6,75.000000,410,0.008961,0.016270,0.179982,0.214246,0.610802,0.015306,0.001000,1.000000,1.000000,0.322743
pre_visit_dance,c6_r75m,6,75.000000,412,0.011343,0.024701,0.201380,0.415459,0.262783,0.008444,0.001000,1.000000,1.000000,0.457523
pre_visit_dance,c6_r75m,6,75.000000,409,0.030117,0.040751,0.481584,0.631238,0.742940,0.023861,0.001000,1.000000,1.000000,0.629469
pre_visit_dance,c6_r75m,6,75.000000,413,0.040572,0.035553,0.185124,0.301250,0.597067,0.009861,0.001000,1.000000,1.000000,0.298736
pre_visit_dance,c6_r75m,6,75.000000,415,0.030835,0.046589,0.460788,0.300559,0.657123,0.019361,0.001000,1.000000,1.000000,0.271811
pre_visit_dance,c6_r75m,6,75.000000,416,0.032188,0.053590,0.697968,0.263588,0.787144,0.013222,0.001000,1.000000,1.000000,0.320656
pre_visit_dance,c6_r75m,6,75.000000,417,0.018099,0.019029,0.244524,0.219582,0.724719,0.011361,0.001000,1.000000,1.000000,0.294316
pre_visit_dance,c6_r75m,6,75.000000,418,0.037173,0.035437,0.180061,0.112530,0.707984,0.015194,0.001000,1.000000,1.000000,0.211560
pre_visit_dance,c6_r75m,6,75.000000,419,0.012127,0.026286,0.282078,0.326156,0.819152,0.010750,0.001000,1.000000,1.000000,0.365386
pre_visit_dance,c6_r75m,6,75.000000,414,0.016107,0.019332,0.350290,0.234843,0.736456,0.023056,0.001000,1.000000,1.000000,0.208634
pre_visit_dance,c6_r75m,6,75.000000,421,0.053779,0.042707,0.590997,0.362696,0.626305,0.010500,0.001000,1.000000,1.000000,0.510602
pre_visit_dance,c6_r75m,6,75.000000,422,0.021698,0.024816,0.275971,0.569200,0.377578,0.011278,0.001000,1.000000,1.000000,0.632189
pre_visit_dance,c6_r75m,6,75.000000,423,0.037599,0.041417,0.533420,0.157150,0.579166,0.016389,0.001000,1.000000,1.000000,0.176198
pre_visit_dance,c6_r75m,6,75.000000,420,0.027073,0.045528,0.436989,0.372590,0.798211,0.021556,0.001000,1.000000,1.000000,0.342888
pre_visit_dance,c6_r75m,6,75.000000,424,0.059564,0.056019,0.518117,0.188354,0.421014,0.019444,0.001000,1.000000,1.000000,0.210167
pre_visit_dance,c6_r75m,6,75.000000,425,0.051739,0.038967,0.423478,0.314679,0.631546,0.015389,0.001000,1.000000,1.000000,0.247142
pre_visit_dance,c6_r75m,6,75.000000,426,0.029632,0.022460,0.267213,0.262292,0.314567,0.027139,0.001000,1.000000,1.000000,0.303024
pre_visit_dance,c6_r75m,6,75.000000,427,0.011500,0.041691,0.673752,0.161912,0.839903,0.006194,0.001000,1.000000,1.000000,0.145489
pre_visit_dance,c6_r75m,6,75.000000,428,0.020970,0.036153,0.343598,0.414355,0.594831,0.009194,0.001000,1.000000,1.000000,0.410156
pre_visit_dance,c6_r75m,6,75.000000,429,0.040400,0.053598,0.420105,0.438595,0.405795,0.011639,0.001000,1.000000,1.000000,0.463463
pre_visit_dance,c6_r75m,6,75.000000,431,0.033171,0.033457,0.355299,0.472507,0.659077,0.007306,0.001000,1.000000,1.000000,0.436428
pre_visit_dance,c6_r75m,6,75.000000,430,0.030587,0.030706,0.329589,0.362760,0.682875,0.022111,0.001000,1.000000,1.000000,0.369993
pre_visit_dance,c6_r75m,6,75.000000,432,0.041606,0.034307,0.357076,0.311136,0.776330,0.019139,0.001000,1.000000,1.000000,0.371768
pre_visit_dance,c6_r75m,6,75.000000,433,0.018804,0.029141,0.206057,0.311301,0.761164,0.028750,0.001000,1.000000,1.000000,0.254128
pre_visit_dance,c6_r75m,6,75.000000,434,0.018029,0.025708,0.209086,0.318218,0.683171,0.009056,0.001000,1.000000,1.000000,0.325157
pre_visit_dance,c6_r75m,6,75.000000,437,0.045519,0.039082,0.423025,0.236403,0.421851,0.020806,0.001000,1.000000,1.000000,0.194248
pre_visit_dance,c6_r75m,6,75.000000,438,0.048825,0.057281,0.787694,0.841331,0.723679,0.014583,0.001000,1.000000,1.000000,0.833447
pre_visit_dance,c6_r75m,6,75.000000,436,0.037225,0.028468,0.205967,0.480910,0.759069,0.011778,0.001000,1.000000,1.000000,0.470761
pre_visit_dance,c6_r75m,6,75.000000,435,0.017806,0.029598,0.285349,0.571363,0.685583,0.010639,0.001000,1.000000,1.000000,0.367616
pre_visit_dance,c6_r75m,6,75.000000,439,0.036031,0.024674,0.314920,0.523083,0.497316,0.020778,0.001000,1.000000,1.000000,0.676868
pre_visit_dance,c6_r75m,6,75.000000,441,0.066954,0.045224,0.597030,0.286991,0.595177,0.025917,0.001000,1.000000,1.000000,0.310717
pre_visit_dance,c6_r75m,6,75.000000,442,0.059687,0.051195,0.394926,0.434747,0.669259,0.025694,0.001000,1.000000,1.000000,0.387044
pre_visit_dance,c6_r75m,6,75.000000,443,0.046887,0.030862,0.358246,0.270036,0.562941,0.010889,0.001000,1.000000,1.000000,0.198255
pre_visit_dance,c6_r75m,6,75.000000,440,0.021468,0.025278,0.556298,0.636237,0.730215,0.008750,0.001000,1.000000,1.000000,0.326944
pre_visit_dance,c6_r75m,6,75.000000,444,0.064781,0.049766,0.511335,0.574676,0.737821,0.008500,0.001000,1.000000,0.996667,0.344009
pre_visit_dance,c6_r75m,6,75.000000,445,0.028353,0.033898,0.421346,0.579158,0.618705,0.018000,0.001000,1.000000,1.000000,0.484088
pre_visit_dance,c6_r75m,6,75.000000,446,0.018754,0.030433,0.321936,0.434466,0.664345,0.012667,0.001000,1.000000,1.000000,0.545036
pre_visit_dance,c6_r75m,6,75.000000,447,0.046538,0.051355,0.452330,0.386230,0.763780,0.010028,0.001000,1.000000,1.000000,0.340805
pre_visit_dance,c6_r75m,6,75.000000,448,0.035830,0.027807,0.389620,0.614191,0.869012,0.016917,0.001000,1.000000,1.000000,0.610434
pre_visit_dance,c6_r75m,6,75.000000,449,0.027029,0.033707,0.449312,0.236517,0.715418,0.029500,0.001000,1.000000,1.000000,0.216348
pre_visit_dance,c6_r150m,6,150.000000,401,0.108445,0.095762,0.636572,0.883234,0.811978,0.054111,0.027740,0.800000,0.885000,0.847697
pre_visit_dance,c6_r150m,6,150.000000,400,0.125651,0.117774,0.841261,0.878336,0.933081,0.041722,0.025391,0.733333,0.826667,0.864087
pre_visit_dance,c6_r150m,6,150.000000,402,0.109290,0.097671,0.501024,0.932532,0.867970,0.056778,0.006904,0.866667,0.848333,0.902567
pre_visit_dance,c6_r150m,6,150.000000,403,0.122171,0.117904,0.907871,0.917345,0.484260,0.072917,0.016095,0.816667,0.810000,0.863904
pre_visit_dance,c6_r150m,6,150.000000,404,0.129639,0.115080,0.926030,0.846908,0.715380,0.072639,0.034677,0.816667,0.755000,0.881696
pre_visit_dance,c6_r150m,6,150.000000,405,0.137998,0.113917,0.819821,0.928191,0.534876,0.091389,0.036613,0.733333,0.786667,0.902372
pre_visit_dance,c6_r150m,6,150.000000,407,0.118244,0.114489,0.712947,0.695956,0.811449,0.064389,0.016868,0.833333,0.920000,0.541659
pre_visit_dance,c6_r150m,6,150.000000,410,0.086666,0.054750,0.347326,0.052539,0.713822,0.016444,0.001000,1.000000,0.986667,0.136058
pre_visit_dance,c6_r150m,6,150.000000,411,0.088782,0.063327,0.353500,0.259915,0.430462,0.005639,0.004219,0.983333,0.983333,0.377875
pre_visit_dance,c6_r150m,6,150.000000,409,0.115883,0.126895,0.941441,0.951341,0.446836,0.082611,0.034456,0.833333,0.806667,0.924712
pre_visit_dance,c6_r150m,6,150.000000,406,0.140780,0.114226,0.917004,0.932753,0.782874,0.076417,0.050038,0.766667,0.775000,0.910703
pre_visit_dance,c6_r150m,6,150.000000,412,0.129303,0.118500,0.683816,0.850073,0.917314,0.042444,0.022726,0.833333,0.886667,0.670974
pre_visit_dance,c6_r150m,6,150.000000,408,0.105583,0.116432,0.930901,0.959036,0.526584,0.090667,0.027578,0.750000,0.771667,0.911805
pre_visit_dance,c6_r150m,6,150.000000,414,0.102955,0.129881,0.836429,0.933416,0.546717,0.082361,0.055309,0.783333,0.780000,0.916810
pre_visit_dance,c6_r150m,6,150.000000,418,0.124294,0.118319,0.809070,0.912611,0.924145,0.042167,0.027531,0.850000,0.861667,0.732592
pre_visit_dance,c6_r150m,6,150.000000,413,0.123230,0.122499,0.885422,0.914659,0.495844,0.094194,0.035708,0.766667,0.778333,0.916143
pre_visit_dance,c6_r150m,6,150.000000,415,0.120208,0.118305,0.890660,0.886483,0.727364,0.076111,0.042227,0.800000,0.788333,0.907097
pre_visit_dance,c6_r150m,6,150.000000,421,0.196897,0.118211,0.528688,0.133351,0.822849,0.001944,0.001501,0.983333,0.976667,0.150161
pre_visit_dance,c6_r150m,6,150.000000,416,0.120220,0.124179,0.873432,0.901055,0.490435,0.071972,0.038297,0.766667,0.790000,0.889235
pre_visit_dance,c6_r150m,6,150.000000,423,0.061012,0.067902,0.364174,0.425296,0.114261,0.011972,0.001278,0.983333,0.986667,0.433494
pre_visit_dance,c6_r150m,6,150.000000,417,0.103259,0.108310,0.801158,0.938956,0.907950,0.091194,0.027892,0.850000,0.835000,0.897044
pre_visit_dance,c6_r150m,6,150.000000,422,0.123169,0.131650,0.917277,0.929174,0.335275,0.042444,0.015281,0.850000,0.790000,0.920275
pre_visit_dance,c6_r150m,6,150.000000,420,0.099920,0.110259,0.909513,0.954617,0.860546,0.062139,0.012570,0.866667,0.795000,0.919506
pre_visit_dance,c6_r150m,6,150.000000,424,0.116390,0.107194,0.719941,0.912049,0.769697,0.054778,0.028635,0.816667,0.820000,0.865901
pre_visit_dance,c6_r150m,6,150.000000,419,0.102324,0.114058,0.827384,0.949752,0.858326,0.090861,0.036135,0.750000,0.778333,0.917751
pre_visit_dance,c6_r150m,6,150.000000,426,0.081748,0.075497,0.592830,0.792059,0.661275,0.044111,0.014223,0.883333,0.910000,0.731124
pre_visit_dance,c6_r150m,6,150.000000,425,0.121489,0.118585,0.932626,0.954777,0.264676,0.092306,0.034908,0.816667,0.783333,0.910639
pre_visit_dance,c6_r150m,6,150.000000,427,0.114271,0.114065,0.918211,0.908225,0.475860,0.091444,0.012728,0.833333,0.778333,0.908997
pre_visit_dance,c6_r150m,6,150.000000,428,0.101804,0.108935,0.862763,0.912832,0.896231,0.073750,0.034170,0.716667,0.771667,0.867945
pre_visit_dance,c6_r150m,6,150.000000,430,0.120248,0.109575,0.745931,0.881208,0.796669,0.064639,0.035764,0.800000,0.788333,0.887836
pre_visit_dance,c6_r150m,6,150.000000,432,0.083589,0.132562,0.761713,0.109126,0.673534,0.003556,0.007308,0.966667,0.990000,0.138650
pre_visit_dance,c6_r150m,6,150.000000,429,0.091720,0.114619,0.945682,0.936193,0.779154,0.070667,0.042076,0.750000,0.766667,0.918572
pre_visit_dance,c6_r150m,6,150.000000,431,0.122652,0.128771,0.896388,0.944373,0.425478,0.069667,0.032912,0.800000,0.796667,0.922841
pre_visit_dance,c6_r150m,6,150.000000,434,0.104691,0.125210,0.872036,0.898074,0.856866,0.065667,0.040756,0.800000,0.768333,0.903345
pre_visit_dance,c6_r150m,6,150.000000,437,0.123779,0.129948,0.881917,0.626830,0.617283,0.054361,0.007421,0.883333,0.933333,0.496208
pre_visit_dance,c6_r150m,6,150.000000,433,0.123580,0.108754,0.902360,0.895939,0.866152,0.086111,0.039841,0.816667,0.803333,0.914389
pre_visit_dance,c6_r150m,6,150.000000,435,0.139255,0.129385,0.937407,0.936511,0.302481,0.073750,0.027974,0.800000,0.796667,0.926578
pre_visit_dance,c6_r150m,6,150.000000,436,0.146109,0.114279,0.955842,0.958111,0.945785,0.066694,0.037910,0.750000,0.766667,0.920280
pre_visit_dance,c6_r150m,6,150.000000,439,0.085925,0.113991,0.818763,0.918606,0.518601,0.068778,0.026724,0.850000,0.793333,0.891512
pre_visit_dance,c6_r150m,6,150.000000,440,0.106032,0.109929,0.825571,0.857734,0.906394,0.067361,0.023778,0.800000,0.755000,0.864919
pre_visit_dance,c6_r150m,6,150.000000,442,0.122362,0.123406,0.907011,0.885771,0.252639,0.093639,0.038243,0.800000,0.803333,0.859256
pre_visit_dance,c6_r150m,6,150.000000,438,0.116323,0.126770,0.903262,0.920130,0.528121,0.088250,0.049679,0.750000,0.761667,0.870108
pre_visit_dance,c6_r150m,6,150.000000,441,0.132506,0.122544,0.927991,0.912322,0.654289,0.091111,0.037232,0.783333,0.768333,0.922997
pre_visit_dance,c6_r150m,6,150.000000,443,0.133976,0.131364,0.940585,0.841881,0.882344,0.065250,0.031628,0.783333,0.790000,0.887004
pre_visit_dance,c6_r150m,6,150.000000,448,0.081176,0.096402,0.705152,0.889259,0.895379,0.051194,0.020738,0.783333,0.833333,0.830948
pre_visit_dance,c6_r150m,6,150.000000,447,0.121168,0.124565,0.779949,0.941252,0.512228,0.072500,0.022108,0.833333,0.825000,0.922201
pre_visit_dance,c6_r150m,6,150.000000,444,0.100825,0.107984,0.839859,0.939086,0.687335,0.081083,0.033474,0.750000,0.788333,0.905269
pre_visit_dance,c6_r150m,6,150.000000,445,0.137357,0.113678,0.934005,0.928744,0.885980,0.082417,0.043237,0.750000,0.763333,0.911099
pre_visit_dance,c6_r150m,6,150.000000,446,0.100331,0.114631,0.920991,0.941269,0.750361,0.089167,0.030118,0.800000,0.796667,0.914794
pre_visit_dance,c6_r150m,6,150.000000,449,0.108319,0.121148,0.868055,0.951049,0.465964,0.088639,0.056712,0.766667,0.805000,0.929031
pre_visit_dance,c6_r300m,6,300.000000,402,0.173661,0.169956,0.751256,0.875802,0.552787,0.189806,1.054226,0.000000,0.003333,0.864832
pre_visit_dance,c6_r300m,6,300.000000,400,0.165395,0.171699,0.770289,0.895000,0.622551,0.198444,1.193422,0.000000,0.001667,0.859157
pre_visit_dance,c6_r300m,6,300.000000,401,0.181700,0.188659,0.776398,0.917519,0.324518,0.206611,1.217050,0.000000,0.000000,0.835721
pre_visit_dance,c6_r300m,6,300.000000,403,0.173886,0.182564,0.745025,0.892575,0.312839,0.199056,1.128564,0.000000,0.000000,0.871305
pre_visit_dance,c6_r300m,6,300.000000,404,0.166315,0.179579,0.797429,0.890659,0.701167,0.185278,1.030631,0.000000,0.001667,0.860352
pre_visit_dance,c6_r300m,6,300.000000,405,0.153020,0.167967,0.795775,0.890737,0.601209,0.186833,1.056917,0.000000,0.003333,0.877677
pre_visit_dance,c6_r300m,6,300.000000,407,0.204521,0.189290,0.872114,0.881102,0.595132,0.200139,1.172241,0.000000,0.000000,0.874178
pre_visit_dance,c6_r300m,6,300.000000,408,0.182125,0.183161,0.873711,0.884735,0.556866,0.193806,1.108165,0.000000,0.000000,0.840277
pre_visit_dance,c6_r300m,6,300.000000,409,0.190313,0.181427,0.781832,0.878537,0.764254,0.199000,1.148946,0.000000,0.000000,0.841383
pre_visit_dance,c6_r300m,6,300.000000,406,0.174986,0.184636,0.846347,0.885605,0.685672,0.203306,1.213649,0.000000,0.000000,0.844074
pre_visit_dance,c6_r300m,6,300.000000,410,0.181837,0.177711,0.800451,0.834371,0.634768,0.201250,1.142525,0.000000,0.001667,0.788830
pre_visit_dance,c6_r300m,6,300.000000,411,0.171130,0.186506,0.762119,0.860617,0.409278,0.205028,1.203104,0.000000,0.000000,0.857960
pre_visit_dance,c6_r300m,6,300.000000,413,0.176950,0.180290,0.821405,0.857076,0.745709,0.195444,1.110284,0.000000,0.000000,0.825734
pre_visit_dance,c6_r300m,6,300.000000,412,0.169048,0.180368,0.740519,0.836833,0.580377,0.187722,1.001879,0.016667,0.003333,0.864612
pre_visit_dance,c6_r300m,6,300.000000,414,0.178535,0.177400,0.807460,0.856333,0.349285,0.196139,1.095017,0.000000,0.000000,0.834916
pre_visit_dance,c6_r300m,6,300.000000,415,0.161969,0.184141,0.779052,0.861837,0.521733,0.198278,1.121964,0.000000,0.003333,0.846296
pre_visit_dance,c6_r300m,6,300.000000,416,0.190762,0.185855,0.876468,0.872294,0.683939,0.203667,1.254061,0.000000,0.000000,0.851384
pre_visit_dance,c6_r300m,6,300.000000,417,0.181526,0.171611,0.752237,0.900558,0.559370,0.191667,1.053814,0.000000,0.005000,0.849457
pre_visit_dance,c6_r300m,6,300.000000,418,0.181119,0.187463,0.843591,0.909619,0.528605,0.189278,1.072531,0.000000,0.000000,0.869499
pre_visit_dance,c6_r300m,6,300.000000,419,0.177053,0.178618,0.856117,0.889547,0.453538,0.202694,1.180961,0.000000,0.000000,0.885574
pre_visit_dance,c6_r300m,6,300.000000,420,0.165094,0.186014,0.834587,0.874571,0.516718,0.190917,1.056275,0.016667,0.003333,0.882204
pre_visit_dance,c6_r300m,6,300.000000,421,0.169065,0.180369,0.903333,0.856989,0.799963,0.196444,1.133248,0.000000,0.001667,0.852282
pre_visit_dance,c6_r300m,6,300.000000,423,0.184720,0.179255,0.884891,0.833242,0.637271,0.199361,1.162518,0.000000,0.001667,0.843167
pre_visit_dance,c6_r300m,6,300.000000,422,0.192748,0.172951,0.828648,0.866878,0.522667,0.203833,1.182639,0.000000,0.000000,0.883167
pre_visit_dance,c6_r300m,6,300.000000,425,0.188668,0.182767,0.862917,0.816325,0.571537,0.197139,1.121495,0.000000,0.001667,0.811084
pre_visit_dance,c6_r300m,6,300.000000,424,0.169434,0.182529,0.810471,0.832775,0.679128,0.195111,1.121492,0.000000,0.001667,0.854043
pre_visit_dance,c6_r300m,6,300.000000,428,0.190283,0.185937,0.877000,0.861498,0.727947,0.203417,1.176737,0.000000,0.000000,0.858491
pre_visit_dance,c6_r300m,6,300.000000,426,0.193455,0.167962,0.868262,0.897584,0.855970,0.203694,1.210798,0.000000,0.000000,0.885853
pre_visit_dance,c6_r300m,6,300.000000,427,0.176324,0.183893,0.792923,0.873656,0.279762,0.190694,1.073416,0.000000,0.003333,0.856112
pre_visit_dance,c6_r300m,6,300.000000,429,0.187106,0.181343,0.789316,0.874676,0.607447,0.199417,1.165524,0.000000,0.000000,0.864904
pre_visit_dance,c6_r300m,6,300.000000,430,0.161870,0.174549,0.881967,0.847704,0.766419,0.197556,1.123729,0.000000,0.000000,0.829568
pre_visit_dance,c6_r300m,6,300.000000,431,0.186159,0.180438,0.820962,0.861658,0.808346,0.198444,1.130198,0.000000,0.001667,0.850222
pre_visit_dance,c6_r300m,6,300.000000,432,0.178912,0.179525,0.799530,0.884400,0.573998,0.201222,1.162490,0.000000,0.000000,0.845990
pre_visit_dance,c6_r300m,6,300.000000,434,0.179077,0.177997,0.874401,0.912283,0.629049,0.184806,1.071505,0.000000,0.000000,0.843237
pre_visit_dance,c6_r300m,6,300.000000,435,0.193528,0.185963,0.842252,0.897355,0.597010,0.199694,1.177870,0.016667,0.001667,0.885995
pre_visit_dance,c6_r300m,6,300.000000,433,0.185367,0.181173,0.911283,0.839125,0.754014,0.200750,1.148477,0.000000,0.000000,0.859274
pre_visit_dance,c6_r300m,6,300.000000,437,0.189721,0.175460,0.839431,0.852276,0.636798,0.211889,1.291615,0.000000,0.000000,0.868068
pre_visit_dance,c6_r300m,6,300.000000,436,0.178138,0.178268,0.747979,0.861796,0.750103,0.192361,1.066249,0.000000,0.000000,0.891515
pre_visit_dance,c6_r300m,6,300.000000,438,0.189998,0.185767,0.858682,0.804217,0.748653,0.196694,1.124826,0.000000,0.000000,0.847526
pre_visit_dance,c6_r300m,6,300.000000,439,0.178278,0.189440,0.894536,0.855865,0.762450,0.196861,1.105779,0.000000,0.000000,0.821045
pre_visit_dance,c6_r300m,6,300.000000,441,0.214478,0.190413,0.867963,0.881593,0.444749,0.210222,1.301239,0.000000,0.000000,0.846389
pre_visit_dance,c6_r300m,6,300.000000,440,0.169423,0.176336,0.797457,0.892190,0.720503,0.182444,1.006359,0.000000,0.001667,0.878804
pre_visit_dance,c6_r300m,6,300.000000,442,0.174100,0.181223,0.883969,0.854732,0.361028,0.202250,1.165671,0.000000,0.003333,0.868531
pre_visit_dance,c6_r300m,6,300.000000,444,0.217526,0.192267,0.864526,0.880127,0.508254,0.196917,1.210296,0.000000,0.001667,0.827727
pre_visit_dance,c6_r300m,6,300.000000,443,0.164277,0.182869,0.846704,0.841525,0.732444,0.185167,1.006156,0.000000,0.001667,0.849136
pre_visit_dance,c6_r300m,6,300.000000,445,0.184564,0.166607,0.772298,0.897486,0.658737,0.197444,1.139612,0.000000,0.000000,0.873761
pre_visit_dance,c6_r300m,6,300.000000,446,0.192624,0.198714,0.888632,0.865325,0.334104,0.191972,1.107312,0.000000,0.001667,0.839634
pre_visit_dance,c6_r300m,6,300.000000,447,0.168287,0.183351,0.806769,0.860170,0.563764,0.191722,1.048008,0.000000,0.000000,0.823288
pre_visit_dance,c6_r300m,6,300.000000,448,0.145084,0.166755,0.790584,0.869272,0.854856,0.189694,1.022575,0.000000,0.000000,0.846962
pre_visit_dance,c6_r300m,6,300.000000,449,0.196382,0.180987,0.897073,0.869491,0.795967,0.208889,1.271349,0.000000,0.001667,0.866592
pre_visit_dance,c6_r600m,6,600.000000,400,0.211622,0.218229,0.817555,0.812552,0.759377,0.382556,3.440194,0.000000,0.000000,0.806718
pre_visit_dance,c6_r600m,6,600.000000,403,0.232421,0.224096,0.848074,0.820033,0.682297,0.405333,3.711594,0.000000,0.000000,0.793503
pre_visit_dance,c6_r600m,6,600.000000,404,0.275399,0.241925,0.873974,0.769106,0.323728,0.380083,3.449634,0.000000,0.000000,0.763313
pre_visit_dance,c6_r600m,6,600.000000,401,0.217305,0.199696,0.708373,0.844709,0.756229,0.375028,3.424640,0.000000,0.000000,0.826043
pre_visit_dance,c6_r600m,6,600.000000,405,0.238603,0.211232,0.834192,0.796411,0.437914,0.390000,3.546422,0.000000,0.000000,0.814245
pre_visit_dance,c6_r600m,6,600.000000,402,0.205786,0.221645,0.790549,0.896666,0.808208,0.403750,3.658247,0.000000,0.000000,0.846560
pre_visit_dance,c6_r600m,6,600.000000,406,0.196318,0.211549,0.684592,0.744238,0.622672,0.384083,3.464954,0.000000,0.000000,0.743669
pre_visit_dance,c6_r600m,6,600.000000,407,0.235330,0.222248,0.819543,0.786422,0.725470,0.397528,3.576537,0.000000,0.000000,0.790916
pre_visit_dance,c6_r600m,6,600.000000,409,0.221197,0.223690,0.770572,0.782879,0.255143,0.378500,3.393784,0.000000,0.000000,0.765490
pre_visit_dance,c6_r600m,6,600.000000,411,0.233137,0.229950,0.860913,0.809228,0.329635,0.403056,3.646687,0.000000,0.000000,0.838556
pre_visit_dance,c6_r600m,6,600.000000,408,0.216599,0.212753,0.735065,0.778722,0.567540,0.391222,3.502763,0.000000,0.000000,0.826585
pre_visit_dance,c6_r600m,6,600.000000,410,0.216188,0.223357,0.739946,0.892388,0.470258,0.408583,3.710136,0.000000,0.000000,0.876270
pre_visit_dance,c6_r600m,6,600.000000,412,0.231369,0.220840,0.840913,0.844255,0.599394,0.372611,3.374403,0.000000,0.000000,0.826555
pre_visit_dance,c6_r600m,6,600.000000,413,0.233670,0.222570,0.771439,0.859121,0.426236,0.394083,3.552782,0.000000,0.000000,0.864234
pre_visit_dance,c6_r600m,6,600.000000,414,0.238684,0.232547,0.876802,0.855922,0.413811,0.407028,3.712299,0.000000,0.000000,0.856078
pre_visit_dance,c6_r600m,6,600.000000,415,0.234125,0.226167,0.812617,0.858359,0.605902,0.394083,3.543642,0.000000,0.000000,0.863211
pre_visit_dance,c6_r600m,6,600.000000,419,0.207727,0.218234,0.770466,0.879189,0.717461,0.399833,3.654927,0.000000,0.000000,0.814673
pre_visit_dance,c6_r600m,6,600.000000,420,0.233970,0.215547,0.850217,0.825515,0.670126,0.405806,3.665311,0.000000,0.000000,0.837500
pre_visit_dance,c6_r600m,6,600.000000,422,0.191426,0.186726,0.655494,0.725397,0.617310,0.370944,3.299615,0.000000,0.000000,0.699899
pre_visit_dance,c6_r600m,6,600.000000,416,0.240793,0.199388,0.775154,0.847375,0.636705,0.395639,3.576260,0.000000,0.000000,0.801492
pre_visit_dance,c6_r600m,6,600.000000,417,0.238325,0.236297,0.897732,0.829927,0.677846,0.395583,3.590733,0.000000,0.000000,0.828860
pre_visit_dance,c6_r600m,6,600.000000,418,0.217990,0.219250,0.778592,0.897550,0.315894,0.375222,3.402351,0.000000,0.000000,0.869982
pre_visit_dance,c6_r600m,6,600.000000,421,0.188554,0.198265,0.614306,0.817258,0.686600,0.374889,3.371544,0.000000,0.000000,0.839302
pre_visit_dance,c6_r600m,6,600.000000,423,0.211121,0.171289,0.744290,0.713331,0.513283,0.359056,3.150004,0.000000,0.000000,0.690571
pre_visit_dance,c6_r600m,6,600.000000,426,0.195910,0.185618,0.580665,0.866342,0.598699,0.374972,3.304653,0.000000,0.000000,0.845317
pre_visit_dance,c6_r600m,6,600.000000,428,0.181898,0.192506,0.646863,0.834952,0.509464,0.387278,3.505885,0.000000,0.000000,0.777561
pre_visit_dance,c6_r600m,6,600.000000,427,0.213066,0.210179,0.702998,0.858017,0.738845,0.391667,3.537695,0.000000,0.000000,0.811196
pre_visit_dance,c6_r600m,6,600.000000,424,0.211313,0.212740,0.766956,0.881856,0.857752,0.413278,3.776771,0.000000,0.000000,0.872497
pre_visit_dance,c6_r600m,6,600.000000,429,0.164957,0.198457,0.633196,0.845213,0.661152,0.375222,3.356923,0.000000,0.000000,0.838539
pre_visit_dance,c6_r600m,6,600.000000,425,0.243894,0.235583,0.791085,0.891817,0.257949,0.398389,3.625842,0.000000,0.000000,0.883722
pre_visit_dance,c6_r600m,6,600.000000,430,0.234145,0.224842,0.855438,0.782541,0.461873,0.394139,3.575194,0.000000,0.000000,0.817888
pre_visit_dance,c6_r600m,6,600.000000,431,0.214530,0.195062,0.658675,0.796542,0.753557,0.379556,3.426255,0.000000,0.000000,0.769172
pre_visit_dance,c6_r600m,6,600.000000,434,0.226579,0.224090,0.758632,0.733291,0.755278,0.382028,3.401051,0.000000,0.000000,0.685466
pre_visit_dance,c6_r600m,6,600.000000,433,0.190204,0.196594,0.660581,0.801339,0.622259,0.385250,3.482205,0.000000,0.000000,0.837556
pre_visit_dance,c6_r600m,6,600.000000,436,0.189178,0.174490,0.571003,0.731654,0.586844,0.370056,3.313560,0.000000,0.000000,0.752485
pre_visit_dance,c6_r600m,6,600.000000,435,0.216317,0.219246,0.695662,0.923865,0.530821,0.399111,3.622632,0.000000,0.000000,0.897838
pre_visit_dance,c6_r600m,6,600.000000,438,0.206597,0.195748,0.638571,0.801332,0.398307,0.395417,3.550184,0.000000,0.000000,0.799738
pre_visit_dance,c6_r600m,6,600.000000,432,0.229238,0.224002,0.791655,0.820754,0.673001,0.406278,3.692837,0.000000,0.000000,0.814680
pre_visit_dance,c6_r600m,6,600.000000,437,0.209208,0.233048,0.813002,0.842248,0.724393,0.385556,3.546603,0.000000,0.000000,0.849357
pre_visit_dance,c6_r600m,6,600.000000,440,0.196878,0.206464,0.603182,0.748831,0.603263,0.369778,3.272186,0.000000,0.000000,0.721126
pre_visit_dance,c6_r600m,6,600.000000,439,0.233455,0.222388,0.817886,0.862007,0.841074,0.389917,3.553045,0.000000,0.000000,0.848671
pre_visit_dance,c6_r600m,6,600.000000,442,0.212613,0.206859,0.741173,0.685410,0.663874,0.370000,3.286614,0.000000,0.000000,0.750788
pre_visit_dance,c6_r600m,6,600.000000,441,0.227411,0.217842,0.786068,0.842670,0.837687,0.405139,3.658069,0.000000,0.000000,0.806355
pre_visit_dance,c6_r600m,6,600.000000,443,0.241878,0.224552,0.878737,0.823171,0.594086,0.389417,3.548141,0.000000,0.000000,0.813045
pre_visit_dance,c6_r600m,6,600.000000,444,0.239660,0.225325,0.827034,0.821507,0.668171,0.383111,3.453249,0.000000,0.000000,0.798380
pre_visit_dance,c8_r15m,8,15.000000,400,0.000000,-0.004793,0.172662,0.325946,0.517596,0.002611,0.001000,1.000000,1.000000,0.470495
pre_visit_dance,c8_r15m,8,15.000000,401,0.007227,0.000209,0.747360,0.421783,0.622992,0.006750,0.001000,1.000000,1.000000,0.365652
pre_visit_dance,c8_r15m,8,15.000000,402,0.000000,0.001730,0.338098,0.229220,0.774574,0.004361,0.001000,1.000000,1.000000,0.270100
pre_visit_dance,c6_r600m,6,600.000000,445,0.233729,0.224998,0.786523,0.781664,0.563557,0.394722,3.566369,0.000000,0.000000,0.776282
pre_visit_dance,c8_r15m,8,15.000000,404,0.000000,0.002259,0.330501,0.191314,0.455551,0.003472,0.001000,1.000000,1.000000,0.227420
pre_visit_dance,c8_r15m,8,15.000000,405,0.006037,0.000170,0.418318,0.289964,0.788889,0.003528,0.001000,1.000000,1.000000,0.461647
pre_visit_dance,c8_r15m,8,15.000000,403,0.011747,0.002162,0.424414,0.431149,0.479243,0.005417,0.001000,1.000000,1.000000,0.303966
pre_visit_dance,c8_r15m,8,15.000000,406,-0.005236,0.003254,0.468910,0.328227,0.387579,0.002028,0.001000,1.000000,1.000000,0.298806
pre_visit_dance,c6_r600m,6,600.000000,446,0.228066,0.225068,0.762737,0.837688,0.714524,0.403056,3.680181,0.000000,0.000000,0.760444
pre_visit_dance,c8_r15m,8,15.000000,407,-0.003165,-0.001022,0.518220,0.203849,0.383000,0.003222,0.001000,1.000000,1.000000,0.245188
pre_visit_dance,c8_r15m,8,15.000000,408,-0.007203,-0.000101,0.378852,0.319252,0.661116,0.007056,0.001000,1.000000,1.000000,0.333964
pre_visit_dance,c8_r15m,8,15.000000,409,0.006458,0.004907,0.512937,0.334737,0.385117,0.005861,0.001000,1.000000,1.000000,0.428393
pre_visit_dance,c8_r15m,8,15.000000,410,0.008011,-0.000685,0.368017,0.323044,0.479498,0.007389,0.001000,1.000000,1.000000,0.300879
pre_visit_dance,c8_r15m,8,15.000000,411,-0.005025,-0.002200,0.392997,0.357311,0.845239,0.003667,0.001000,1.000000,1.000000,0.454672
pre_visit_dance,c8_r15m,8,15.000000,412,0.000000,-0.001912,0.245519,0.705408,0.755042,0.002028,0.001000,1.000000,1.000000,0.651408
pre_visit_dance,c8_r15m,8,15.000000,413,0.004049,-0.001875,0.416181,0.594217,0.745898,0.003111,0.001000,1.000000,1.000000,0.557075
pre_visit_dance,c8_r15m,8,15.000000,414,0.000000,-0.001253,0.364998,0.483041,0.717225,0.001917,0.001000,1.000000,1.000000,0.373078
pre_visit_dance,c6_r600m,6,600.000000,447,0.219590,0.209003,0.803624,0.794613,0.727080,0.366889,3.308661,0.000000,0.000000,0.839809
pre_visit_dance,c6_r600m,6,600.000000,448,0.193158,0.197437,0.655481,0.891538,0.683614,0.403500,3.687063,0.000000,0.000000,0.830683
pre_visit_dance,c8_r15m,8,15.000000,416,-0.004089,-0.002913,0.275701,0.500260,0.841500,0.004444,0.001000,1.000000,1.000000,0.436327
pre_visit_dance,c8_r15m,8,15.000000,415,0.001562,-0.001982,0.278091,0.312951,0.400758,0.004611,0.001000,1.000000,1.000000,0.420441
pre_visit_dance,c8_r15m,8,15.000000,417,-0.007244,0.003569,0.241736,0.180422,0.566753,0.006944,0.001000,1.000000,1.000000,0.261501
pre_visit_dance,c8_r15m,8,15.000000,418,0.008929,-0.000876,0.259631,0.564430,0.553021,0.001667,0.001000,1.000000,1.000000,0.354431
pre_visit_dance,c8_r15m,8,15.000000,419,0.000000,-0.000783,0.396969,0.446300,0.700643,0.002417,0.001000,1.000000,1.000000,0.404457
pre_visit_dance,c6_r600m,6,600.000000,449,0.233500,0.221781,0.811993,0.814244,0.508555,0.386472,3.505021,0.000000,0.000000,0.836133
pre_visit_dance,c8_r15m,8,15.000000,420,-0.003226,-0.002369,0.503423,0.141087,0.693624,0.003472,0.001000,1.000000,1.000000,0.168457
pre_visit_dance,c8_r15m,8,15.000000,421,-0.009009,-0.001905,0.200198,0.213715,0.393080,0.003167,0.001000,1.000000,1.000000,0.235088
pre_visit_dance,c8_r15m,8,15.000000,422,-0.010417,-0.001694,0.358457,0.395970,0.557050,0.004944,0.001000,1.000000,1.000000,0.271494
pre_visit_dance,c8_r15m,8,15.000000,423,-0.000927,-0.002228,0.777793,0.679809,0.791759,0.004694,0.001000,1.000000,1.000000,0.591464
pre_visit_dance,c8_r15m,8,15.000000,424,-0.010152,-0.004297,0.388307,0.203807,0.547682,0.002306,0.001000,1.000000,1.000000,0.218079
pre_visit_dance,c8_r15m,8,15.000000,426,0.004388,0.007169,0.545431,0.645531,0.510965,0.002528,0.001000,1.000000,1.000000,0.620749
pre_visit_dance,c8_r15m,8,15.000000,427,-0.006120,0.000263,0.492459,0.196725,0.717136,0.006722,0.001000,1.000000,1.000000,0.249092
pre_visit_dance,c8_r15m,8,15.000000,429,-0.003460,-0.002203,0.336745,0.190321,0.685065,0.002639,0.001000,1.000000,1.000000,0.188832
pre_visit_dance,c8_r15m,8,15.000000,425,0.002146,0.000610,0.300760,0.487411,0.707848,0.003694,0.001000,1.000000,1.000000,0.421925
pre_visit_dance,c8_r15m,8,15.000000,431,0.021505,0.001426,0.292840,0.412339,0.683264,0.002472,0.001000,1.000000,1.000000,0.375468
pre_visit_dance,c8_r15m,8,15.000000,430,0.008696,-0.001263,0.141433,0.652439,0.470273,0.004056,0.001000,1.000000,1.000000,0.684005
pre_visit_dance,c8_r15m,8,15.000000,428,0.022848,0.002611,0.553666,0.176321,0.572232,0.005750,0.001000,1.000000,1.000000,0.220255
pre_visit_dance,c8_r15m,8,15.000000,432,-0.002725,0.006377,0.352287,0.494682,0.673627,0.005194,0.001000,1.000000,1.000000,0.369965
pre_visit_dance,c8_r15m,8,15.000000,433,-0.005646,-0.002037,0.379950,0.480915,0.744275,0.003778,0.001000,1.000000,1.000000,0.403876
pre_visit_dance,c8_r15m,8,15.000000,435,-0.000318,0.001892,0.314774,0.311493,0.650084,0.004028,0.001000,1.000000,1.000000,0.429392
pre_visit_dance,c8_r15m,8,15.000000,434,-0.012915,-0.004507,0.525802,0.199578,0.497459,0.006472,0.001000,1.000000,1.000000,0.211132
pre_visit_dance,c8_r15m,8,15.000000,436,0.000000,0.002642,0.304133,0.379435,0.723256,0.002194,0.001000,1.000000,1.000000,0.434454
pre_visit_dance,c8_r15m,8,15.000000,437,-0.001976,-0.001953,0.261656,0.218693,0.573832,0.004417,0.001000,1.000000,1.000000,0.178339
pre_visit_dance,c8_r15m,8,15.000000,438,0.000000,-0.001184,0.396771,0.333130,0.514577,0.002806,0.001000,1.000000,1.000000,0.247853
pre_visit_dance,c8_r15m,8,15.000000,439,0.000856,0.005147,0.272761,0.407137,0.812309,0.003167,0.001000,1.000000,1.000000,0.447652
pre_visit_dance,c8_r15m,8,15.000000,441,0.002655,-0.001157,0.288355,0.388850,0.663090,0.004306,0.001000,1.000000,1.000000,0.281412
pre_visit_dance,c8_r15m,8,15.000000,440,-0.003185,0.000268,0.309735,0.219232,0.430489,0.003250,0.001000,1.000000,1.000000,0.203027
pre_visit_dance,c8_r15m,8,15.000000,442,-0.005427,-0.002298,0.343668,0.241575,0.672848,0.006917,0.001000,1.000000,1.000000,0.229971
pre_visit_dance,c8_r15m,8,15.000000,444,-0.003623,-0.004379,0.324285,0.296249,0.683374,0.003167,0.001000,1.000000,1.000000,0.306244
pre_visit_dance,c8_r15m,8,15.000000,445,-0.004717,-0.003215,0.462556,0.227275,0.603822,0.003972,0.001000,1.000000,1.000000,0.274797
pre_visit_dance,c8_r15m,8,15.000000,443,0.002405,0.001093,0.221652,0.498560,0.807099,0.005000,0.001000,1.000000,1.000000,0.420441
pre_visit_dance,c8_r15m,8,15.000000,446,0.008450,0.003827,0.538145,0.277738,0.560355,0.008194,0.001000,1.000000,1.000000,0.252237
pre_visit_dance,c8_r15m,8,15.000000,447,0.006091,0.004610,0.689061,0.199782,0.620461,0.004889,0.001000,1.000000,1.000000,0.178884
pre_visit_dance,c8_r15m,8,15.000000,449,0.002025,-0.001975,0.445949,0.300937,0.522954,0.006083,0.001000,1.000000,1.000000,0.412329
pre_visit_dance,c8_r15m,8,15.000000,448,-0.008547,-0.001574,0.223469,0.174530,0.826443,0.006167,0.001000,1.000000,1.000000,0.227317
pre_visit_dance,c8_r37.5m,8,37.500000,400,0.015430,0.012568,0.336823,0.519173,0.563079,0.013972,0.001000,1.000000,1.000000,0.502161
pre_visit_dance,c8_r37.5m,8,37.500000,401,0.023517,0.013779,0.705061,0.651359,0.631652,0.018833,0.001000,1.000000,1.000000,0.609327
pre_visit_dance,c8_r37.5m,8,37.500000,403,0.017167,0.008443,0.381677,0.281898,0.670086,0.010750,0.001000,1.000000,1.000000,0.585635
pre_visit_dance,c8_r37.5m,8,37.500000,402,0.020196,-0.002123,0.493046,0.173861,0.274101,0.008250,0.001000,1.000000,1.000000,0.170028
pre_visit_dance,c8_r37.5m,8,37.500000,404,0.020555,0.012440,0.459673,0.615938,0.511492,0.004861,0.001000,1.000000,1.000000,0.479871
pre_visit_dance,c8_r37.5m,8,37.500000,405,0.006780,0.004688,0.281791,0.278984,0.321592,0.009389,0.001000,1.000000,1.000000,0.333113
pre_visit_dance,c8_r37.5m,8,37.500000,407,0.033905,0.013654,0.436906,0.325840,0.540681,0.008000,0.001000,1.000000,1.000000,0.257721
pre_visit_dance,c8_r37.5m,8,37.500000,408,0.003145,0.005659,0.228005,0.355177,0.858557,0.014750,0.001000,1.000000,1.000000,0.255281
pre_visit_dance,c8_r37.5m,8,37.500000,409,0.015619,0.007965,0.181338,0.361049,0.454988,0.005389,0.001000,1.000000,1.000000,0.307562
pre_visit_dance,c8_r37.5m,8,37.500000,410,-0.025866,0.002734,0.335799,0.342624,0.357499,0.004778,0.001000,1.000000,1.000000,0.490053
pre_visit_dance,c8_r37.5m,8,37.500000,411,0.016097,0.011086,0.253531,0.187799,0.775672,0.020500,0.001000,1.000000,1.000000,0.208392
pre_visit_dance,c8_r37.5m,8,37.500000,406,0.022170,0.012013,0.356305,0.227734,0.576287,0.021500,0.001000,1.000000,1.000000,0.254710
pre_visit_dance,c8_r37.5m,8,37.500000,412,0.004006,0.006656,0.395899,0.367467,0.573785,0.019000,0.001000,1.000000,1.000000,0.381831
pre_visit_dance,c8_r37.5m,8,37.500000,414,0.003118,0.009378,0.401235,0.434642,0.609689,0.010222,0.001000,1.000000,1.000000,0.458790
pre_visit_dance,c8_r37.5m,8,37.500000,413,0.023544,0.011629,0.451452,0.467619,0.684486,0.014056,0.001000,1.000000,1.000000,0.361748
pre_visit_dance,c8_r37.5m,8,37.500000,416,0.005402,0.006966,0.298862,0.307792,0.876541,0.011861,0.001000,1.000000,1.000000,0.244791
pre_visit_dance,c8_r37.5m,8,37.500000,417,0.011887,0.004541,0.319334,0.476342,0.756865,0.009611,0.001000,1.000000,1.000000,0.473065
pre_visit_dance,c8_r37.5m,8,37.500000,415,0.031095,0.021494,0.556841,0.621867,0.436009,0.014444,0.001000,1.000000,1.000000,0.772796
pre_visit_dance,c8_r37.5m,8,37.500000,418,0.000706,0.010531,0.311488,0.622428,0.636488,0.006667,0.001000,1.000000,1.000000,0.607413
pre_visit_dance,c8_r37.5m,8,37.500000,420,0.011749,0.007573,0.382142,0.375902,0.734998,0.011667,0.001000,1.000000,1.000000,0.326758
pre_visit_dance,c8_r37.5m,8,37.500000,421,0.025784,0.015147,0.505440,0.594766,0.610789,0.007278,0.001000,1.000000,1.000000,0.546875
pre_visit_dance,c8_r37.5m,8,37.500000,419,-0.003596,0.003787,0.302982,0.588772,0.594031,0.009194,0.001000,1.000000,1.000000,0.392993
pre_visit_dance,c8_r37.5m,8,37.500000,422,0.005805,0.013965,0.390343,0.561788,0.662968,0.010917,0.001000,1.000000,1.000000,0.511330
pre_visit_dance,c8_r37.5m,8,37.500000,423,0.000075,0.008575,0.419839,0.323014,0.720564,0.006417,0.001000,1.000000,1.000000,0.368871
pre_visit_dance,c8_r37.5m,8,37.500000,424,0.014704,0.008728,0.295488,0.325549,0.529697,0.010250,0.001000,1.000000,1.000000,0.284644
pre_visit_dance,c8_r37.5m,8,37.500000,425,0.020516,0.017819,0.369013,0.334110,0.454845,0.006806,0.001000,1.000000,1.000000,0.278134
pre_visit_dance,c8_r37.5m,8,37.500000,427,0.033326,0.008828,0.209958,0.378182,0.154934,0.012000,0.001000,1.000000,1.000000,0.486917
pre_visit_dance,c8_r37.5m,8,37.500000,426,0.004796,0.007468,0.248531,0.376584,0.556338,0.017000,0.001000,1.000000,1.000000,0.376275
pre_visit_dance,c8_r37.5m,8,37.500000,428,0.010084,0.017827,0.580868,0.351156,0.528516,0.006500,0.001000,1.000000,1.000000,0.427132
pre_visit_dance,c8_r37.5m,8,37.500000,429,0.003464,0.003769,0.350254,0.646312,0.680512,0.012861,0.001000,1.000000,1.000000,0.528816
pre_visit_dance,c8_r37.5m,8,37.500000,430,-0.006472,0.001126,0.262187,0.477257,0.694749,0.008972,0.001000,1.000000,1.000000,0.398078
pre_visit_dance,c8_r37.5m,8,37.500000,431,0.032162,0.011512,0.535089,0.665411,0.612180,0.005806,0.001000,1.000000,1.000000,0.655084
pre_visit_dance,c8_r37.5m,8,37.500000,432,0.013889,0.009891,0.578113,0.596829,0.646688,0.011722,0.001000,1.000000,1.000000,0.664161
pre_visit_dance,c8_r37.5m,8,37.500000,433,0.032481,0.018652,0.527217,0.280791,0.750367,0.010056,0.001000,1.000000,1.000000,0.180635
pre_visit_dance,c8_r37.5m,8,37.500000,434,0.006467,0.017590,0.281218,0.340000,0.521155,0.007111,0.001000,1.000000,1.000000,0.202530
pre_visit_dance,c8_r37.5m,8,37.500000,435,0.012864,0.007784,0.470590,0.345126,0.706959,0.007778,0.001000,1.000000,1.000000,0.284406
pre_visit_dance,c8_r37.5m,8,37.500000,436,0.013856,0.011527,0.449928,0.287596,0.361515,0.013167,0.001000,1.000000,1.000000,0.372754
pre_visit_dance,c8_r37.5m,8,37.500000,437,0.010667,0.007847,0.249844,0.347824,0.614828,0.010056,0.001000,1.000000,1.000000,0.476873
pre_visit_dance,c8_r37.5m,8,37.500000,438,0.040272,0.015378,0.397120,0.214528,0.566908,0.008000,0.001000,1.000000,1.000000,0.177926
pre_visit_dance,c8_r37.5m,8,37.500000,439,0.024227,0.011188,0.399894,0.354202,0.791161,0.011167,0.001000,1.000000,1.000000,0.262697
pre_visit_dance,c8_r37.5m,8,37.500000,441,0.004055,0.013347,0.296078,0.265332,0.724600,0.011417,0.001000,1.000000,1.000000,0.264265
pre_visit_dance,c8_r37.5m,8,37.500000,440,0.033162,0.013113,0.306986,0.323995,0.651794,0.011111,0.001000,1.000000,1.000000,0.346333
pre_visit_dance,c8_r37.5m,8,37.500000,442,0.013522,0.003241,0.288200,0.549068,0.591296,0.012750,0.001000,1.000000,1.000000,0.361406
pre_visit_dance,c8_r37.5m,8,37.500000,445,-0.003378,0.007413,0.255460,0.478134,0.735894,0.006944,0.001000,1.000000,1.000000,0.637980
pre_visit_dance,c8_r37.5m,8,37.500000,444,0.032119,0.015145,0.522129,0.264886,0.794564,0.010194,0.001000,1.000000,1.000000,0.286035
pre_visit_dance,c8_r37.5m,8,37.500000,443,0.005245,0.009032,0.162719,0.308476,0.692420,0.011583,0.001000,1.000000,1.000000,0.266195
pre_visit_dance,c8_r37.5m,8,37.500000,446,-0.003868,0.008444,0.397487,0.393046,0.673583,0.012139,0.001000,1.000000,1.000000,0.268778
pre_visit_dance,c8_r37.5m,8,37.500000,447,0.027816,0.014619,0.530787,0.469653,0.771877,0.015417,0.001000,1.000000,1.000000,0.529491
pre_visit_dance,c8_r37.5m,8,37.500000,448,-0.013218,0.000050,0.309438,0.715036,0.695910,0.013056,0.001000,1.000000,1.000000,0.795397
pre_visit_dance,c8_r37.5m,8,37.500000,449,0.001804,0.000494,0.285729,0.604446,0.446486,0.009806,0.001000,1.000000,1.000000,0.556772
pre_visit_dance,c8_r75m,8,75.000000,400,0.043595,0.027275,0.339008,0.338321,0.817216,0.034611,0.001000,1.000000,1.000000,0.201579
pre_visit_dance,c8_r75m,8,75.000000,402,0.043144,0.042041,0.541945,0.327533,0.673835,0.011750,0.001000,1.000000,1.000000,0.259192
pre_visit_dance,c8_r75m,8,75.000000,401,0.012411,0.029399,0.426924,0.318939,0.423241,0.018556,0.001000,1.000000,1.000000,0.392856
pre_visit_dance,c8_r75m,8,75.000000,404,0.042301,0.045651,0.426037,0.271070,0.547919,0.011917,0.001000,1.000000,1.000000,0.295516
pre_visit_dance,c8_r75m,8,75.000000,403,0.016293,0.023876,0.363937,0.672992,0.555606,0.023944,0.001000,1.000000,1.000000,0.717329
pre_visit_dance,c8_r75m,8,75.000000,405,0.026783,0.024805,0.289668,0.436203,0.695118,0.017000,0.001000,1.000000,1.000000,0.571762
pre_visit_dance,c8_r75m,8,75.000000,406,-0.010046,0.041615,0.387441,0.663425,0.662805,0.011167,0.001000,1.000000,1.000000,0.548927
pre_visit_dance,c8_r75m,8,75.000000,408,0.021671,0.039139,0.488677,0.381143,0.714170,0.015028,0.001000,1.000000,1.000000,0.553132
pre_visit_dance,c8_r75m,8,75.000000,409,0.036688,0.031822,0.492700,0.336687,0.734605,0.009972,0.001000,1.000000,1.000000,0.329335
pre_visit_dance,c8_r75m,8,75.000000,407,0.039674,0.021253,0.258521,0.376001,0.479510,0.016972,0.001000,1.000000,1.000000,0.348998
pre_visit_dance,c8_r75m,8,75.000000,411,0.042703,0.049107,0.557912,0.755756,0.646174,0.012250,0.001000,1.000000,0.995000,0.500016
pre_visit_dance,c8_r75m,8,75.000000,413,0.034252,0.026252,0.333410,0.319282,0.486770,0.027333,0.001000,1.000000,1.000000,0.249669
pre_visit_dance,c8_r75m,8,75.000000,412,0.021238,0.029796,0.243398,0.150981,0.656560,0.017528,0.001000,1.000000,1.000000,0.148450
pre_visit_dance,c8_r75m,8,75.000000,410,0.041954,0.038585,0.333598,0.566585,0.797762,0.031222,0.001000,1.000000,1.000000,0.634562
pre_visit_dance,c8_r75m,8,75.000000,414,0.054137,0.028209,0.197609,0.162204,0.672301,0.012778,0.001000,1.000000,1.000000,0.134985
pre_visit_dance,c8_r75m,8,75.000000,415,0.038102,0.023920,0.348453,0.217753,0.758810,0.033000,0.001000,1.000000,1.000000,0.219999
pre_visit_dance,c8_r75m,8,75.000000,416,0.062253,0.049258,0.363522,0.385256,0.397990,0.010139,0.001000,1.000000,1.000000,0.272108
pre_visit_dance,c8_r75m,8,75.000000,417,0.029268,0.051709,0.681900,0.284458,0.551136,0.023667,0.001000,1.000000,1.000000,0.224043
pre_visit_dance,c8_r75m,8,75.000000,418,0.039107,0.045668,0.281689,0.182742,0.544087,0.023056,0.001000,1.000000,1.000000,0.282032
pre_visit_dance,c8_r75m,8,75.000000,420,0.027515,0.023306,0.267235,0.280638,0.800106,0.032444,0.001000,1.000000,1.000000,0.224246
pre_visit_dance,c8_r75m,8,75.000000,419,0.013406,0.012794,0.208235,0.660193,0.658304,0.030583,0.001000,1.000000,1.000000,0.688124
pre_visit_dance,c8_r75m,8,75.000000,422,0.052039,0.041001,0.387916,0.382655,0.543463,0.015361,0.001000,1.000000,1.000000,0.253863
pre_visit_dance,c8_r75m,8,75.000000,423,0.031368,0.045755,0.263438,0.396936,0.440408,0.011556,0.001000,1.000000,1.000000,0.393762
pre_visit_dance,c8_r75m,8,75.000000,425,0.021185,0.015012,0.213087,0.428055,0.723573,0.021722,0.001000,1.000000,1.000000,0.370658
pre_visit_dance,c8_r75m,8,75.000000,424,0.040180,0.042956,0.378704,0.476008,0.596298,0.019861,0.001000,1.000000,1.000000,0.460791
pre_visit_dance,c8_r75m,8,75.000000,421,0.040802,0.040220,0.597383,0.545365,0.678673,0.013111,0.001000,1.000000,1.000000,0.506102
pre_visit_dance,c8_r75m,8,75.000000,426,0.014217,0.021271,0.262156,0.390221,0.616063,0.024611,0.001000,1.000000,0.998333,0.333009
pre_visit_dance,c8_r75m,8,75.000000,427,0.043487,0.042832,0.228932,0.456829,0.528329,0.006667,0.001000,1.000000,1.000000,0.415586
pre_visit_dance,c8_r75m,8,75.000000,429,0.036638,0.037367,0.561976,0.276247,0.662410,0.014167,0.001000,1.000000,1.000000,0.262706
pre_visit_dance,c8_r75m,8,75.000000,428,0.025260,0.022189,0.175034,0.480566,0.798496,0.009111,0.001000,1.000000,0.998333,0.356526
pre_visit_dance,c8_r75m,8,75.000000,430,0.012030,0.026175,0.185662,0.464450,0.514330,0.013056,0.001000,1.000000,1.000000,0.489101
pre_visit_dance,c8_r75m,8,75.000000,431,0.015232,0.027045,0.214307,0.278428,0.579816,0.037556,0.001000,1.000000,1.000000,0.215564
pre_visit_dance,c8_r75m,8,75.000000,432,0.016741,0.016360,0.101133,0.198362,0.411705,0.005694,0.001310,0.983333,0.996667,0.273165
pre_visit_dance,c8_r75m,8,75.000000,433,0.019868,0.015054,0.254695,0.368069,0.716164,0.027306,0.001000,1.000000,1.000000,0.397323
pre_visit_dance,c8_r75m,8,75.000000,434,0.029535,0.031837,0.652399,0.711642,0.673847,0.017833,0.001000,1.000000,0.998333,0.578278
pre_visit_dance,c8_r75m,8,75.000000,435,0.069298,0.053296,0.812193,0.397788,0.407142,0.027333,0.001000,1.000000,1.000000,0.387939
pre_visit_dance,c8_r75m,8,75.000000,436,0.059935,0.045143,0.574587,0.621556,0.476618,0.023361,0.001000,1.000000,0.998333,0.612926
pre_visit_dance,c8_r75m,8,75.000000,437,0.055554,0.052000,0.476394,0.206544,0.605127,0.021167,0.001000,1.000000,1.000000,0.274346
pre_visit_dance,c8_r75m,8,75.000000,438,0.040916,0.033884,0.367278,0.467041,0.685727,0.035556,0.001000,1.000000,1.000000,0.423086
pre_visit_dance,c8_r75m,8,75.000000,440,0.025319,0.031858,0.395105,0.308416,0.708458,0.013361,0.001000,1.000000,1.000000,0.302363
pre_visit_dance,c8_r75m,8,75.000000,439,0.051203,0.040986,0.371257,0.315139,0.725713,0.025750,0.001000,1.000000,1.000000,0.257590
pre_visit_dance,c8_r75m,8,75.000000,441,0.027067,0.020654,0.244783,0.752269,0.807845,0.027000,0.001000,1.000000,1.000000,0.618731
pre_visit_dance,c8_r75m,8,75.000000,442,0.047587,0.029972,0.446886,0.262044,0.557392,0.022611,0.001000,1.000000,1.000000,0.358801
pre_visit_dance,c8_r75m,8,75.000000,443,0.058380,0.031251,0.326237,0.445106,0.729777,0.025306,0.001000,1.000000,1.000000,0.492819
pre_visit_dance,c8_r75m,8,75.000000,445,0.014470,0.010760,0.443524,0.437256,0.742877,0.021500,0.001000,1.000000,1.000000,0.356136
pre_visit_dance,c8_r75m,8,75.000000,446,0.001848,0.014642,0.255839,0.787892,0.708868,0.018194,0.001000,1.000000,0.998333,0.693513
pre_visit_dance,c8_r75m,8,75.000000,444,0.044754,0.028324,0.462102,0.318275,0.789195,0.026917,0.001000,1.000000,1.000000,0.297424
pre_visit_dance,c8_r75m,8,75.000000,447,0.021774,0.030343,0.282898,0.487764,0.710089,0.015417,0.001000,1.000000,1.000000,0.588883
pre_visit_dance,c8_r75m,8,75.000000,448,0.020681,0.025797,0.235770,0.819014,0.613633,0.034056,0.001000,1.000000,1.000000,0.729463
pre_visit_dance,c8_r75m,8,75.000000,449,0.070039,0.045347,0.442331,0.313375,0.697947,0.013611,0.001000,1.000000,1.000000,0.366406
pre_visit_dance,c8_r150m,8,150.000000,400,0.098182,0.105222,0.899939,0.896695,0.866546,0.114722,0.156892,0.350000,0.323333,0.905138
pre_visit_dance,c8_r150m,8,150.000000,401,0.100139,0.104691,0.825979,0.915895,0.524395,0.116944,0.145249,0.400000,0.365000,0.858736
pre_visit_dance,c8_r150m,8,150.000000,402,0.108938,0.110248,0.848357,0.862505,0.847173,0.118361,0.168385,0.266667,0.351667,0.867042
pre_visit_dance,c8_r150m,8,150.000000,403,0.133354,0.124147,0.910566,0.889240,0.486204,0.120306,0.233878,0.350000,0.336667,0.896088
pre_visit_dance,c8_r150m,8,150.000000,404,0.098280,0.114978,0.833489,0.893683,0.424436,0.113917,0.156944,0.350000,0.358333,0.873076
pre_visit_dance,c8_r150m,8,150.000000,407,0.119737,0.111382,0.928125,0.871582,0.762385,0.109694,0.157048,0.300000,0.351667,0.884873
pre_visit_dance,c8_r150m,8,150.000000,406,0.130507,0.116061,0.845638,0.890674,0.489945,0.123306,0.213671,0.316667,0.383333,0.903712
pre_visit_dance,c8_r150m,8,150.000000,412,0.112392,0.110686,0.853969,0.915674,0.850218,0.102750,0.151124,0.383333,0.366667,0.890940
pre_visit_dance,c8_r150m,8,150.000000,411,0.126049,0.115632,0.903139,0.924796,0.420171,0.109250,0.161743,0.366667,0.365000,0.871301
pre_visit_dance,c8_r150m,8,150.000000,410,0.086828,0.105555,0.680844,0.887034,0.486329,0.108611,0.152196,0.500000,0.340000,0.899609
pre_visit_dance,c8_r150m,8,150.000000,405,0.123040,0.113740,0.915894,0.910310,0.821979,0.118444,0.203211,0.283333,0.336667,0.869418
pre_visit_dance,c8_r150m,8,150.000000,413,0.118833,0.110213,0.890362,0.937293,0.555164,0.123778,0.207859,0.283333,0.341667,0.921614
pre_visit_dance,c8_r150m,8,150.000000,409,0.121423,0.103650,0.867277,0.891354,0.776439,0.102333,0.186844,0.366667,0.355000,0.890430
pre_visit_dance,c8_r150m,8,150.000000,408,0.114752,0.108079,0.889465,0.896062,0.740935,0.115306,0.179424,0.283333,0.328333,0.893831
pre_visit_dance,c8_r150m,8,150.000000,415,0.126052,0.114956,0.899594,0.859776,0.727598,0.119083,0.170363,0.383333,0.350000,0.870605
pre_visit_dance,c8_r150m,8,150.000000,414,0.083705,0.111449,0.898351,0.919715,0.727118,0.113611,0.160205,0.500000,0.385000,0.859959
pre_visit_dance,c8_r150m,8,150.000000,416,0.129093,0.113146,0.892110,0.919595,0.666349,0.106361,0.174781,0.350000,0.338333,0.893805
pre_visit_dance,c8_r150m,8,150.000000,417,0.096679,0.106641,0.840539,0.895871,0.715970,0.120639,0.171992,0.333333,0.353333,0.883364
pre_visit_dance,c8_r150m,8,150.000000,418,0.098056,0.109891,0.910144,0.916105,0.674383,0.114083,0.129611,0.416667,0.338333,0.888370
pre_visit_dance,c8_r150m,8,150.000000,420,0.125810,0.115249,0.908690,0.932249,0.369645,0.118556,0.208641,0.316667,0.353333,0.904601
pre_visit_dance,c8_r150m,8,150.000000,419,0.092314,0.110954,0.801274,0.910568,0.604531,0.119611,0.173513,0.333333,0.298333,0.899057
pre_visit_dance,c8_r150m,8,150.000000,421,0.102859,0.107116,0.820408,0.907673,0.598340,0.112111,0.169597,0.366667,0.346667,0.898014
pre_visit_dance,c8_r150m,8,150.000000,422,0.096897,0.103525,0.918884,0.932582,0.853544,0.112833,0.135810,0.466667,0.368333,0.904904
pre_visit_dance,c8_r150m,8,150.000000,424,0.130200,0.109979,0.903313,0.948525,0.738195,0.107667,0.167783,0.416667,0.388333,0.890798
pre_visit_dance,c8_r150m,8,150.000000,425,0.107889,0.115971,0.881262,0.908239,0.371507,0.108083,0.127024,0.400000,0.343333,0.896245
pre_visit_dance,c8_r150m,8,150.000000,423,0.113530,0.110623,0.855781,0.901414,0.754807,0.113972,0.147051,0.266667,0.348333,0.897048
pre_visit_dance,c8_r150m,8,150.000000,427,0.119988,0.118030,0.892114,0.915570,0.497613,0.113806,0.182628,0.333333,0.326667,0.895082
pre_visit_dance,c8_r150m,8,150.000000,429,0.102503,0.103662,0.880963,0.872056,0.846615,0.117667,0.184293,0.300000,0.386667,0.874893
pre_visit_dance,c8_r150m,8,150.000000,428,0.125823,0.114679,0.886711,0.843630,0.486734,0.103194,0.149479,0.333333,0.358333,0.878902
pre_visit_dance,c8_r150m,8,150.000000,426,0.122392,0.108252,0.900570,0.930096,0.380016,0.120417,0.210138,0.350000,0.378333,0.877392
pre_visit_dance,c8_r150m,8,150.000000,431,0.091721,0.117050,0.925348,0.914467,0.547033,0.106472,0.168140,0.333333,0.333333,0.903141
pre_visit_dance,c8_r150m,8,150.000000,430,0.097406,0.106993,0.879873,0.948845,0.665523,0.114778,0.157081,0.450000,0.371667,0.909442
pre_visit_dance,c8_r150m,8,150.000000,432,0.095802,0.116947,0.875301,0.901603,0.832945,0.115472,0.173219,0.233333,0.318333,0.904812
pre_visit_dance,c8_r150m,8,150.000000,435,0.093128,0.105386,0.803583,0.918287,0.333510,0.119972,0.188461,0.333333,0.368333,0.916975
pre_visit_dance,c8_r150m,8,150.000000,434,0.129696,0.112217,0.918275,0.923324,0.787321,0.122278,0.227244,0.316667,0.331667,0.905559
pre_visit_dance,c8_r150m,8,150.000000,433,0.108444,0.110687,0.911780,0.875895,0.552589,0.119250,0.175592,0.316667,0.341667,0.878569
pre_visit_dance,c8_r150m,8,150.000000,436,0.108905,0.109057,0.921650,0.899304,0.511250,0.117444,0.190683,0.283333,0.311667,0.892799
pre_visit_dance,c8_r150m,8,150.000000,438,0.101371,0.108067,0.858166,0.884727,0.598673,0.110083,0.152106,0.483333,0.331667,0.892258
pre_visit_dance,c8_r150m,8,150.000000,437,0.111892,0.113838,0.885501,0.920214,0.793835,0.115472,0.170003,0.333333,0.346667,0.902852
pre_visit_dance,c8_r150m,8,150.000000,439,0.094411,0.107256,0.860181,0.902155,0.618177,0.114556,0.156906,0.300000,0.340000,0.889722
pre_visit_dance,c8_r150m,8,150.000000,441,0.103829,0.117343,0.907815,0.912235,0.423657,0.114583,0.161441,0.366667,0.373333,0.892981
pre_visit_dance,c8_r150m,8,150.000000,440,0.112163,0.112792,0.922590,0.889262,0.510197,0.114556,0.162969,0.333333,0.355000,0.887062
pre_visit_dance,c8_r150m,8,150.000000,442,0.077475,0.096638,0.780630,0.862479,0.931079,0.111361,0.137001,0.400000,0.391667,0.888188
pre_visit_dance,c8_r150m,8,150.000000,444,0.108056,0.117635,0.893583,0.884072,0.394511,0.117944,0.193513,0.333333,0.350000,0.880621
pre_visit_dance,c8_r150m,8,150.000000,443,0.086147,0.111317,0.874741,0.934175,0.625318,0.112000,0.128701,0.400000,0.353333,0.880053
pre_visit_dance,c8_r150m,8,150.000000,445,0.100380,0.112305,0.848881,0.896923,0.669623,0.117333,0.154279,0.400000,0.356667,0.891351
pre_visit_dance,c8_r150m,8,150.000000,446,0.104903,0.103479,0.866834,0.874370,0.604753,0.105917,0.141182,0.416667,0.351667,0.893708
pre_visit_dance,c8_r150m,8,150.000000,447,0.089640,0.105541,0.827294,0.880285,0.622436,0.114194,0.195730,0.316667,0.391667,0.890691
pre_visit_dance,c8_r150m,8,150.000000,448,0.132436,0.117198,0.915017,0.908402,0.293487,0.111194,0.176936,0.300000,0.345000,0.878672
pre_visit_dance,c8_r150m,8,150.000000,449,0.101435,0.097378,0.850401,0.909592,0.885434,0.112444,0.162800,0.333333,0.385000,0.871326
pre_visit_dance,c8_r300m,8,300.000000,400,0.160183,0.167679,0.776460,0.822311,0.720404,0.234028,1.601748,0.000000,0.000000,0.797828
pre_visit_dance,c8_r300m,8,300.000000,401,0.177075,0.172266,0.905855,0.899536,0.459172,0.252222,1.778539,0.000000,0.000000,0.858234
pre_visit_dance,c8_r300m,8,300.000000,402,0.149946,0.166344,0.733480,0.800169,0.488357,0.223278,1.518531,0.000000,0.001667,0.797215
pre_visit_dance,c8_r300m,8,300.000000,403,0.171568,0.175009,0.783873,0.841593,0.569565,0.244444,1.701519,0.000000,0.000000,0.859009
pre_visit_dance,c8_r300m,8,300.000000,406,0.153236,0.155482,0.835573,0.871101,0.450616,0.247111,1.745723,0.000000,0.000000,0.864626
pre_visit_dance,c8_r300m,8,300.000000,408,0.174498,0.169883,0.803849,0.878928,0.708323,0.250250,1.793922,0.000000,0.000000,0.883004
pre_visit_dance,c8_r300m,8,300.000000,404,0.166052,0.173867,0.892373,0.803818,0.756203,0.242333,1.679180,0.000000,0.000000,0.817233
pre_visit_dance,c8_r300m,8,300.000000,405,0.167979,0.171633,0.853277,0.882633,0.864360,0.244750,1.714352,0.000000,0.000000,0.837499
pre_visit_dance,c8_r300m,8,300.000000,407,0.153573,0.151957,0.740063,0.838012,0.650285,0.236611,1.629915,0.000000,0.000000,0.830134
pre_visit_dance,c8_r300m,8,300.000000,409,0.164506,0.171152,0.835664,0.814483,0.645895,0.240361,1.642738,0.000000,0.000000,0.815741
pre_visit_dance,c8_r300m,8,300.000000,410,0.160011,0.175797,0.717388,0.831580,0.818341,0.235722,1.623659,0.000000,0.000000,0.848457
pre_visit_dance,c8_r300m,8,300.000000,411,0.171166,0.178742,0.888096,0.856412,0.511527,0.248472,1.740691,0.000000,0.000000,0.867504
pre_visit_dance,c8_r300m,8,300.000000,413,0.165681,0.168961,0.759312,0.813240,0.519461,0.238944,1.659066,0.000000,0.000000,0.813352
pre_visit_dance,c8_r300m,8,300.000000,412,0.171028,0.172225,0.870441,0.906449,0.860048,0.247917,1.749634,0.000000,0.000000,0.880294
pre_visit_dance,c8_r300m,8,300.000000,414,0.191147,0.178704,0.852633,0.844976,0.298382,0.243833,1.712392,0.000000,0.000000,0.838659
pre_visit_dance,c8_r300m,8,300.000000,415,0.170082,0.173279,0.818645,0.797538,0.495085,0.240694,1.669280,0.000000,0.000000,0.808077
pre_visit_dance,c8_r300m,8,300.000000,417,0.170712,0.166797,0.922939,0.897645,0.530273,0.241361,1.678704,0.000000,0.000000,0.864107
pre_visit_dance,c8_r300m,8,300.000000,418,0.157279,0.155055,0.808066,0.813822,0.796747,0.235222,1.617680,0.000000,0.000000,0.822885
pre_visit_dance,c8_r300m,8,300.000000,416,0.193697,0.190300,0.899851,0.863279,0.301826,0.241333,1.659962,0.000000,0.000000,0.861049
pre_visit_dance,c8_r300m,8,300.000000,419,0.166094,0.164728,0.739801,0.915834,0.490209,0.241472,1.682263,0.000000,0.000000,0.871495
pre_visit_dance,c8_r300m,8,300.000000,421,0.159650,0.174419,0.877987,0.797971,0.576966,0.238917,1.635216,0.000000,0.000000,0.788141
pre_visit_dance,c8_r300m,8,300.000000,422,0.182988,0.174800,0.872942,0.874311,0.739072,0.257528,1.829247,0.000000,0.000000,0.865279
pre_visit_dance,c8_r300m,8,300.000000,420,0.156755,0.173756,0.782295,0.881312,0.749827,0.245222,1.721961,0.000000,0.000000,0.865185
pre_visit_dance,c8_r300m,8,300.000000,424,0.181909,0.163354,0.829709,0.872086,0.601520,0.245167,1.745719,0.000000,0.000000,0.852380
pre_visit_dance,c8_r300m,8,300.000000,423,0.154435,0.168932,0.747585,0.880300,0.412264,0.247028,1.731760,0.000000,0.000000,0.845860
pre_visit_dance,c8_r300m,8,300.000000,425,0.178101,0.177345,0.825546,0.865626,0.713640,0.248139,1.739739,0.000000,0.000000,0.860429
pre_visit_dance,c8_r300m,8,300.000000,427,0.170321,0.170817,0.789515,0.805901,0.672468,0.231944,1.587667,0.000000,0.000000,0.823468
pre_visit_dance,c8_r300m,8,300.000000,426,0.176130,0.163075,0.705920,0.816991,0.777955,0.228000,1.541113,0.000000,0.000000,0.815411
pre_visit_dance,c8_r300m,8,300.000000,428,0.185812,0.168339,0.821327,0.829792,0.355372,0.248583,1.753823,0.000000,0.000000,0.829454
pre_visit_dance,c8_r300m,8,300.000000,429,0.186590,0.165753,0.863354,0.749843,0.509187,0.237861,1.658766,0.000000,0.000000,0.785535
pre_visit_dance,c8_r300m,8,300.000000,431,0.161400,0.163899,0.853846,0.891683,0.841718,0.231722,1.574335,0.000000,0.000000,0.852502
pre_visit_dance,c8_r300m,8,300.000000,430,0.154888,0.157106,0.763250,0.838088,0.637565,0.236056,1.610621,0.000000,0.000000,0.816380
pre_visit_dance,c8_r300m,8,300.000000,433,0.165377,0.159315,0.760450,0.814807,0.436748,0.232250,1.574372,0.000000,0.000000,0.761552
pre_visit_dance,c8_r300m,8,300.000000,435,0.174537,0.160065,0.777721,0.877692,0.685135,0.246611,1.748044,0.000000,0.000000,0.828559
pre_visit_dance,c8_r300m,8,300.000000,434,0.142058,0.151872,0.685363,0.860164,0.724561,0.228500,1.549325,0.000000,0.000000,0.798095
pre_visit_dance,c8_r300m,8,300.000000,432,0.167115,0.172761,0.877195,0.814935,0.471748,0.235806,1.601800,0.000000,0.000000,0.783980
pre_visit_dance,c8_r300m,8,300.000000,436,0.156595,0.158177,0.792629,0.821853,0.823903,0.240917,1.662835,0.000000,0.000000,0.847728
pre_visit_dance,c8_r300m,8,300.000000,437,0.171859,0.170134,0.781666,0.814760,0.185750,0.233556,1.632088,0.000000,0.000000,0.820148
pre_visit_dance,c8_r300m,8,300.000000,439,0.165222,0.169672,0.748831,0.877575,0.852602,0.242972,1.690829,0.000000,0.000000,0.841889
pre_visit_dance,c8_r300m,8,300.000000,440,0.156606,0.167261,0.841664,0.860338,0.648748,0.246000,1.708048,0.000000,0.000000,0.836631
pre_visit_dance,c8_r300m,8,300.000000,443,0.163766,0.142658,0.726229,0.827324,0.789149,0.240639,1.701263,0.000000,0.000000,0.832695
pre_visit_dance,c8_r300m,8,300.000000,442,0.161087,0.172569,0.769723,0.802890,0.742877,0.233722,1.563661,0.000000,0.000000,0.846994
pre_visit_dance,c8_r300m,8,300.000000,438,0.162591,0.174083,0.823569,0.870967,0.828068,0.246472,1.695008,0.000000,0.000000,0.840183
pre_visit_dance,c8_r300m,8,300.000000,441,0.181232,0.185101,0.843097,0.698833,0.474181,0.239000,1.626630,0.000000,0.000000,0.689919
pre_visit_dance,c8_r300m,8,300.000000,444,0.161167,0.170032,0.833345,0.793028,0.591268,0.225611,1.551776,0.000000,0.000000,0.811522
pre_visit_dance,c8_r300m,8,300.000000,445,0.179034,0.170553,0.835054,0.845026,0.619094,0.244306,1.703038,0.000000,0.000000,0.870877
pre_visit_dance,c8_r300m,8,300.000000,446,0.177773,0.160434,0.828234,0.826219,0.753552,0.233806,1.623738,0.000000,0.000000,0.855096
pre_visit_dance,c8_r300m,8,300.000000,447,0.156966,0.176003,0.808399,0.923009,0.829195,0.238389,1.690062,0.000000,0.000000,0.866652
pre_visit_dance,c8_r300m,8,300.000000,448,0.163414,0.168359,0.738395,0.857119,0.741729,0.237556,1.647466,0.000000,0.000000,0.819738
pre_visit_dance,c8_r300m,8,300.000000,449,0.170953,0.169493,0.829628,0.835451,0.786089,0.237278,1.625538,0.000000,0.000000,0.818016
pre_visit_dance,c8_r600m,8,600.000000,400,0.197307,0.182749,0.673775,0.794423,0.164809,0.460722,4.386440,0.000000,0.000000,0.760409
pre_visit_dance,c8_r600m,8,600.000000,402,0.203088,0.179715,0.621108,0.799158,0.816158,0.460778,4.416823,0.000000,0.000000,0.777397
pre_visit_dance,c8_r600m,8,600.000000,401,0.179968,0.183339,0.653505,0.728771,0.491576,0.453028,4.310747,0.000000,0.000000,0.681674
pre_visit_dance,c8_r600m,8,600.000000,404,0.227579,0.192462,0.910836,0.859765,0.462093,0.470500,4.514058,0.000000,0.000000,0.846456
pre_visit_dance,c8_r600m,8,600.000000,405,0.156574,0.163012,0.618875,0.823104,0.730471,0.432833,4.113988,0.000000,0.000000,0.788736
pre_visit_dance,c8_r600m,8,600.000000,403,0.203511,0.213345,0.854080,0.796262,0.843849,0.445222,4.251130,0.000000,0.000000,0.747710
pre_visit_dance,c8_r600m,8,600.000000,407,0.187240,0.190897,0.747079,0.850036,0.726871,0.474611,4.566767,0.000000,0.000000,0.849481
pre_visit_dance,c8_r600m,8,600.000000,406,0.218662,0.209901,0.872187,0.772720,0.440060,0.462500,4.422040,0.000000,0.000000,0.839579
pre_visit_dance,c8_r600m,8,600.000000,408,0.177460,0.178140,0.655285,0.524064,0.585066,0.416639,3.910533,0.000000,0.000000,0.484978
pre_visit_dance,c8_r600m,8,600.000000,409,0.173478,0.177219,0.661706,0.841631,0.835878,0.447500,4.264481,0.000000,0.000000,0.841891
pre_visit_dance,c8_r600m,8,600.000000,410,0.193766,0.186443,0.755043,0.749308,0.595231,0.459417,4.361887,0.000000,0.000000,0.673462
pre_visit_dance,c8_r600m,8,600.000000,413,0.194928,0.189370,0.758072,0.840385,0.761596,0.473944,4.554696,0.000000,0.000000,0.797444
pre_visit_dance,c8_r600m,8,600.000000,411,0.183207,0.201149,0.751022,0.867041,0.677248,0.481528,4.650777,0.000000,0.000000,0.848415
pre_visit_dance,c8_r600m,8,600.000000,412,0.199766,0.201052,0.784047,0.814255,0.667195,0.479278,4.592539,0.000000,0.000000,0.750214
pre_visit_dance,c8_r600m,8,600.000000,414,0.175287,0.188256,0.833651,0.839476,0.542611,0.472667,4.507948,0.000000,0.000000,0.857662
pre_visit_dance,c8_r600m,8,600.000000,415,0.203043,0.206731,0.763004,0.880752,0.793478,0.490139,4.772809,0.000000,0.000000,0.870787
pre_visit_dance,c8_r600m,8,600.000000,417,0.199253,0.194430,0.689435,0.767991,0.309581,0.452694,4.346146,0.000000,0.000000,0.656376
pre_visit_dance,c8_r600m,8,600.000000,416,0.217998,0.195688,0.765866,0.801804,0.798236,0.463833,4.459593,0.000000,0.000000,0.737390
pre_visit_dance,c8_r600m,8,600.000000,418,0.109624,0.134495,0.470604,0.629657,0.575256,0.418694,3.902601,0.000000,0.000000,0.673065
pre_visit_dance,c8_r600m,8,600.000000,421,0.188514,0.190329,0.794227,0.867275,0.452298,0.478333,4.580428,0.000000,0.000000,0.816719
pre_visit_dance,c8_r600m,8,600.000000,422,0.173241,0.178093,0.615679,0.685331,0.589490,0.444972,4.245693,0.000000,0.000000,0.709538
pre_visit_dance,c8_r600m,8,600.000000,423,0.191058,0.169913,0.697443,0.790841,0.817324,0.449194,4.329603,0.000000,0.000000,0.792725
pre_visit_dance,c8_r600m,8,600.000000,424,0.192181,0.170066,0.631996,0.757236,0.539343,0.456806,4.354341,0.000000,0.000000,0.718897
pre_visit_dance,c8_r600m,8,600.000000,419,0.221090,0.208141,0.805966,0.842316,0.818943,0.477278,4.584560,0.000000,0.000000,0.797000
pre_visit_dance,c8_r600m,8,600.000000,420,0.197703,0.195791,0.692870,0.847621,0.834528,0.476028,4.548072,0.000000,0.000000,0.826908
pre_visit_dance,c8_r600m,8,600.000000,425,0.149331,0.184383,0.760200,0.841325,0.588238,0.464694,4.426308,0.000000,0.000000,0.830037
pre_visit_dance,c8_r600m,8,600.000000,426,0.209359,0.196434,0.750606,0.810701,0.465989,0.453889,4.345974,0.000000,0.000000,0.801283
pre_visit_dance,c8_r600m,8,600.000000,428,0.187079,0.172163,0.659452,0.828760,0.638214,0.458944,4.391546,0.000000,0.000000,0.802168
pre_visit_dance,c8_r600m,8,600.000000,429,0.215050,0.192413,0.802652,0.822048,0.606466,0.470417,4.505533,0.000000,0.000000,0.809665
pre_visit_dance,c8_r600m,8,600.000000,427,0.197788,0.195999,0.723549,0.840884,0.636743,0.469778,4.502754,0.000000,0.000000,0.805783
pre_visit_dance,c8_r600m,8,600.000000,431,0.179732,0.198041,0.736374,0.859279,0.509639,0.443917,4.234596,0.000000,0.000000,0.815817
pre_visit_dance,c8_r600m,8,600.000000,430,0.180881,0.189649,0.764607,0.847444,0.746863,0.482861,4.653773,0.000000,0.000000,0.802353
pre_visit_dance,c8_r600m,8,600.000000,432,0.183987,0.178634,0.641998,0.650391,0.650661,0.452167,4.309056,0.000000,0.000000,0.623065
pre_visit_dance,c8_r600m,8,600.000000,433,0.189137,0.187158,0.777368,0.824271,0.701150,0.480083,4.578626,0.000000,0.000000,0.838373
pre_visit_dance,c8_r600m,8,600.000000,436,0.198586,0.159181,0.801294,0.719374,0.787408,0.445500,4.239736,0.000000,0.000000,0.706899
pre_visit_dance,c8_r600m,8,600.000000,434,0.202039,0.187255,0.812053,0.822721,0.707327,0.469389,4.512793,0.000000,0.000000,0.832838
pre_visit_dance,c8_r600m,8,600.000000,435,0.184741,0.160388,0.550844,0.709307,0.627678,0.443056,4.230473,0.000000,0.000000,0.722807
pre_visit_dance,c8_r600m,8,600.000000,437,0.178831,0.186280,0.716453,0.927773,0.785137,0.470833,4.506445,0.000000,0.000000,0.890146
pre_visit_dance,c8_r600m,8,600.000000,439,0.155198,0.162962,0.521988,0.786653,0.668443,0.450111,4.262992,0.000000,0.000000,0.731838
pre_visit_dance,c8_r600m,8,600.000000,440,0.181860,0.180907,0.568031,0.552296,0.830925,0.425528,3.986512,0.000000,0.000000,0.515126
pre_visit_dance,c8_r600m,8,600.000000,438,0.195223,0.196943,0.814870,0.827437,0.737752,0.458028,4.356914,0.000000,0.000000,0.829563
pre_visit_dance,c8_r600m,8,600.000000,441,0.165119,0.177676,0.645360,0.827249,0.679428,0.440333,4.178782,0.000000,0.000000,0.717034
pre_visit_dance,c8_r600m,8,600.000000,442,0.162242,0.148474,0.573049,0.838897,0.237738,0.433444,4.104065,0.000000,0.000000,0.786273
pre_visit_dance,c12_r15m,12,15.000000,400,0.008746,0.009228,0.180656,0.599125,0.435001,0.004917,0.001000,1.000000,1.000000,0.743271
pre_visit_dance,c12_r15m,12,15.000000,401,-0.004237,0.001171,0.376507,0.266268,0.608755,0.003556,0.001000,1.000000,1.000000,0.252361
pre_visit_dance,c12_r15m,12,15.000000,402,0.006214,0.007581,0.578249,0.373356,0.720796,0.005111,0.001000,1.000000,1.000000,0.514035
pre_visit_dance,c12_r15m,12,15.000000,403,-0.003263,-0.001930,0.359423,0.299578,0.515488,0.008833,0.001000,1.000000,1.000000,0.319823
pre_visit_dance,c8_r600m,8,600.000000,443,0.215259,0.209118,0.804527,0.860827,0.677402,0.476056,4.592568,0.000000,0.000000,0.858897
pre_visit_dance,c12_r15m,12,15.000000,404,0.002031,0.000287,0.190935,0.415180,0.643518,0.004250,0.001000,1.000000,1.000000,0.589264
pre_visit_dance,c8_r600m,8,600.000000,444,0.196453,0.174097,0.638826,0.800553,0.689582,0.452028,4.302797,0.000000,0.000000,0.800583
pre_visit_dance,c12_r15m,12,15.000000,405,0.001009,-0.002771,0.501152,0.382890,0.806138,0.004556,0.001000,1.000000,1.000000,0.273020
pre_visit_dance,c8_r600m,8,600.000000,445,0.170742,0.176033,0.520426,0.827611,0.411192,0.442694,4.185301,0.000000,0.000000,0.733471
pre_visit_dance,c12_r15m,12,15.000000,406,0.001489,0.000708,0.354197,0.267115,0.402112,0.010222,0.001000,1.000000,1.000000,0.232875
pre_visit_dance,c12_r15m,12,15.000000,407,-0.011940,-0.002698,0.610154,0.176998,0.383967,0.004944,0.001000,1.000000,1.000000,0.317993
pre_visit_dance,c8_r600m,8,600.000000,447,0.179920,0.173386,0.675633,0.878392,0.569649,0.482250,4.633965,0.000000,0.000000,0.827925
pre_visit_dance,c8_r600m,8,600.000000,446,0.183736,0.169115,0.595513,0.853374,0.560415,0.430139,4.094215,0.000000,0.000000,0.808763
pre_visit_dance,c12_r15m,12,15.000000,408,-0.001795,0.000190,0.371526,0.204762,0.487777,0.006917,0.001000,1.000000,1.000000,0.292381
pre_visit_dance,c8_r600m,8,600.000000,448,0.170420,0.190704,0.681860,0.805880,0.543256,0.439056,4.189750,0.000000,0.000000,0.841045
pre_visit_dance,c12_r15m,12,15.000000,409,0.003840,0.000380,0.242648,0.425095,0.619851,0.008028,0.001000,1.000000,1.000000,0.471273
pre_visit_dance,c8_r600m,8,600.000000,449,0.213807,0.200276,0.826720,0.877306,0.538207,0.477778,4.639029,0.000000,0.000000,0.846530
pre_visit_dance,c12_r15m,12,15.000000,410,-0.002695,0.003904,0.253993,0.204458,0.411246,0.005167,0.001000,1.000000,1.000000,0.250284
pre_visit_dance,c12_r15m,12,15.000000,411,-0.002591,0.002177,0.215451,0.244083,0.729296,0.005194,0.001000,1.000000,1.000000,0.240122
pre_visit_dance,c12_r15m,12,15.000000,412,-0.006099,0.000830,0.612149,0.203867,0.549341,0.008917,0.001000,1.000000,1.000000,0.304304
pre_visit_dance,c12_r15m,12,15.000000,413,0.003436,-0.002649,0.561713,0.267927,0.725746,0.008694,0.001000,1.000000,1.000000,0.309853
pre_visit_dance,c12_r15m,12,15.000000,414,-0.006024,0.001957,0.191876,0.507974,0.251248,0.005944,0.001000,1.000000,1.000000,0.377613
pre_visit_dance,c12_r15m,12,15.000000,415,-0.004329,0.004187,0.423341,0.601821,0.621831,0.004667,0.001000,1.000000,1.000000,0.391233
pre_visit_dance,c12_r15m,12,15.000000,416,-0.005891,0.005851,0.141891,0.314310,0.589390,0.007028,0.001000,1.000000,1.000000,0.199879
pre_visit_dance,c12_r15m,12,15.000000,417,-0.007477,-0.006863,0.166992,0.523869,0.539472,0.006639,0.001000,1.000000,1.000000,0.498294
pre_visit_dance,c12_r15m,12,15.000000,418,-0.001268,-0.003566,0.301878,0.567216,0.784183,0.004556,0.001000,1.000000,1.000000,0.425506
pre_visit_dance,c12_r15m,12,15.000000,419,0.008000,-0.000148,0.253433,0.454222,0.369928,0.007778,0.001000,1.000000,1.000000,0.536881
pre_visit_dance,c12_r15m,12,15.000000,420,0.003077,0.002573,0.266037,0.170303,0.518559,0.005528,0.001000,1.000000,1.000000,0.152868
pre_visit_dance,c12_r15m,12,15.000000,422,-0.002236,-0.000166,0.261817,0.280779,0.577365,0.006750,0.001000,1.000000,1.000000,0.226821
pre_visit_dance,c12_r15m,12,15.000000,421,-0.004357,0.000403,0.268494,0.422959,0.775996,0.004361,0.001000,1.000000,1.000000,0.403197
pre_visit_dance,c12_r15m,12,15.000000,423,-0.001267,-0.000253,0.481879,0.555382,0.801311,0.003750,0.001000,1.000000,1.000000,0.496149
pre_visit_dance,c12_r15m,12,15.000000,424,-0.008881,-0.004072,0.514663,0.264346,0.735988,0.004694,0.001000,1.000000,1.000000,0.246894
pre_visit_dance,c12_r15m,12,15.000000,425,-0.010387,-0.002257,0.430289,0.214351,0.738446,0.007306,0.001000,1.000000,1.000000,0.243283
pre_visit_dance,c12_r15m,12,15.000000,426,-0.010324,-0.000430,0.222307,0.333239,0.563611,0.007278,0.001000,1.000000,1.000000,0.352630
pre_visit_dance,c12_r15m,12,15.000000,427,-0.003942,0.000167,0.288848,0.398438,0.525185,0.005361,0.001000,1.000000,1.000000,0.416140
pre_visit_dance,c12_r15m,12,15.000000,428,0.002308,0.000298,0.589254,0.351274,0.525297,0.009833,0.001000,1.000000,1.000000,0.292701
pre_visit_dance,c12_r15m,12,15.000000,429,-0.008980,0.000043,0.350254,0.170835,0.743019,0.011750,0.001000,1.000000,1.000000,0.165288
pre_visit_dance,c12_r15m,12,15.000000,430,0.000905,0.001401,0.172463,0.652996,0.549001,0.006444,0.001000,1.000000,1.000000,0.790862
pre_visit_dance,c12_r15m,12,15.000000,432,0.012106,0.000204,0.565351,0.308046,0.824511,0.007444,0.001000,1.000000,1.000000,0.436753
pre_visit_dance,c12_r15m,12,15.000000,431,-0.000288,-0.003416,0.418550,0.544448,0.539213,0.010611,0.001000,1.000000,1.000000,0.537455
pre_visit_dance,c12_r15m,12,15.000000,433,-0.000839,-0.003592,0.803533,0.453272,0.869202,0.008444,0.001000,1.000000,1.000000,0.299841
pre_visit_dance,c12_r15m,12,15.000000,434,-0.006873,0.000116,0.334936,0.301655,0.602917,0.004194,0.001000,1.000000,1.000000,0.372620
pre_visit_dance,c12_r15m,12,15.000000,435,0.002262,0.001486,0.249817,0.376997,0.608703,0.007167,0.001000,1.000000,1.000000,0.269085
pre_visit_dance,c12_r15m,12,15.000000,436,0.004205,-0.002132,0.358932,0.450763,0.502808,0.006083,0.001000,1.000000,1.000000,0.477442
pre_visit_dance,c12_r15m,12,15.000000,437,-0.020979,-0.001891,0.592465,0.437468,0.613395,0.004417,0.001000,1.000000,1.000000,0.281023
pre_visit_dance,c12_r15m,12,15.000000,438,0.006333,0.000322,0.472750,0.490347,0.357374,0.006639,0.001000,1.000000,1.000000,0.611117
pre_visit_dance,c12_r15m,12,15.000000,439,-0.011696,-0.002256,0.204953,0.158470,0.731939,0.004694,0.001000,1.000000,1.000000,0.170615
pre_visit_dance,c12_r15m,12,15.000000,440,0.007646,0.000629,0.121898,0.394138,0.485084,0.005778,0.001000,1.000000,1.000000,0.393826
pre_visit_dance,c12_r15m,12,15.000000,441,-0.005464,0.002096,0.271529,0.632181,0.642543,0.003639,0.001000,1.000000,1.000000,0.576087
pre_visit_dance,c12_r15m,12,15.000000,442,-0.002983,-0.003639,0.229009,0.403117,0.664141,0.007778,0.001000,1.000000,1.000000,0.462847
pre_visit_dance,c12_r15m,12,15.000000,443,-0.003994,-0.001764,0.500105,0.325688,0.650092,0.005000,0.001000,1.000000,1.000000,0.270659
pre_visit_dance,c12_r15m,12,15.000000,444,0.004867,0.003213,0.388479,0.309555,0.781043,0.009139,0.001000,1.000000,1.000000,0.301309
pre_visit_dance,c12_r15m,12,15.000000,445,0.012987,0.002857,0.431530,0.280110,0.523906,0.002167,0.001000,1.000000,1.000000,0.302232
pre_visit_dance,c12_r15m,12,15.000000,447,0.006087,0.001658,0.310813,0.245636,0.260771,0.009111,0.001000,1.000000,1.000000,0.305135
pre_visit_dance,c12_r15m,12,15.000000,446,0.002627,0.005338,0.535772,0.388393,0.316084,0.009750,0.001000,1.000000,1.000000,0.337312
pre_visit_dance,c12_r15m,12,15.000000,448,0.002294,-0.001288,0.306847,0.344678,0.827145,0.006333,0.001000,1.000000,1.000000,0.422053
pre_visit_dance,c12_r15m,12,15.000000,449,-0.005150,-0.003846,0.365956,0.363190,0.583064,0.006333,0.001000,1.000000,1.000000,0.336628
pre_visit_dance,c12_r37.5m,12,37.500000,400,0.031860,0.011356,0.535192,0.358935,0.640004,0.012083,0.001000,1.000000,1.000000,0.352503
pre_visit_dance,c12_r37.5m,12,37.500000,401,-0.000377,0.001408,0.117337,0.249018,0.913449,0.022806,0.001000,1.000000,1.000000,0.244702
pre_visit_dance,c12_r37.5m,12,37.500000,402,0.012355,0.016814,0.559307,0.599824,0.625835,0.008000,0.001000,1.000000,1.000000,0.784370
pre_visit_dance,c12_r37.5m,12,37.500000,403,0.014174,0.013278,0.337434,0.484065,0.745410,0.008333,0.001000,1.000000,1.000000,0.669507
pre_visit_dance,c12_r37.5m,12,37.500000,404,0.012927,0.003209,0.175749,0.574631,0.817065,0.019972,0.001000,1.000000,1.000000,0.444531
pre_visit_dance,c12_r37.5m,12,37.500000,405,-0.006000,0.001530,0.097633,0.490995,0.670465,0.019778,0.001000,1.000000,1.000000,0.427526
pre_visit_dance,c12_r37.5m,12,37.500000,406,0.015175,0.005402,0.396483,0.286915,0.395859,0.027278,0.001000,1.000000,1.000000,0.303644
pre_visit_dance,c12_r37.5m,12,37.500000,407,0.002138,0.010636,0.387240,0.398954,0.814163,0.012667,0.001000,1.000000,1.000000,0.312136
pre_visit_dance,c12_r37.5m,12,37.500000,408,0.006570,0.001838,0.236680,0.385588,0.544088,0.029694,0.001000,1.000000,1.000000,0.499373
pre_visit_dance,c12_r37.5m,12,37.500000,409,0.011091,0.011076,0.627440,0.535335,0.615169,0.010944,0.001000,1.000000,1.000000,0.533162
pre_visit_dance,c12_r37.5m,12,37.500000,410,0.019970,0.018290,0.831894,0.269950,0.768536,0.019583,0.001000,1.000000,1.000000,0.236094
pre_visit_dance,c12_r37.5m,12,37.500000,412,-0.002390,0.010883,0.377139,0.384533,0.564024,0.007528,0.001000,1.000000,1.000000,0.507354
pre_visit_dance,c12_r37.5m,12,37.500000,413,-0.005706,0.015353,0.313150,0.112316,0.336292,0.010250,0.001000,1.000000,1.000000,0.129598
pre_visit_dance,c12_r37.5m,12,37.500000,414,0.010997,0.009201,0.303225,0.253125,0.701253,0.022806,0.001000,1.000000,1.000000,0.228681
pre_visit_dance,c12_r37.5m,12,37.500000,415,0.008655,0.018178,0.441735,0.342010,0.339292,0.014444,0.001000,1.000000,1.000000,0.325122
pre_visit_dance,c12_r37.5m,12,37.500000,411,0.009855,0.014792,0.537417,0.439633,0.697661,0.023528,0.001000,1.000000,1.000000,0.370631
pre_visit_dance,c12_r37.5m,12,37.500000,416,0.023548,0.011326,0.446622,0.568482,0.857536,0.023333,0.001000,1.000000,1.000000,0.696129
pre_visit_dance,c12_r37.5m,12,37.500000,417,0.003818,0.012222,0.498572,0.311704,0.544854,0.015944,0.001000,1.000000,1.000000,0.282421
pre_visit_dance,c12_r37.5m,12,37.500000,418,0.020557,0.017268,0.416919,0.430293,0.736274,0.014389,0.001000,1.000000,1.000000,0.497447
pre_visit_dance,c12_r37.5m,12,37.500000,419,0.007096,0.008866,0.260753,0.452011,0.527285,0.019444,0.001000,1.000000,1.000000,0.539769
pre_visit_dance,c12_r37.5m,12,37.500000,420,0.001489,0.001359,0.190601,0.570543,0.773211,0.018556,0.001000,1.000000,1.000000,0.567022
pre_visit_dance,c12_r37.5m,12,37.500000,421,-0.010014,0.002857,0.294372,0.456166,0.606315,0.007056,0.001000,1.000000,1.000000,0.542416
pre_visit_dance,c12_r37.5m,12,37.500000,422,0.009249,0.025283,0.614266,0.273623,0.573136,0.014139,0.001000,1.000000,1.000000,0.270456
pre_visit_dance,c12_r37.5m,12,37.500000,423,0.014523,0.014526,0.254817,0.427825,0.632818,0.012556,0.001000,1.000000,1.000000,0.664419
pre_visit_dance,c12_r37.5m,12,37.500000,424,0.004750,0.004285,0.196606,0.364821,0.699788,0.018861,0.001000,1.000000,1.000000,0.349585
pre_visit_dance,c12_r37.5m,12,37.500000,426,0.026030,0.018287,0.419597,0.343612,0.631205,0.012722,0.001000,1.000000,1.000000,0.341636
pre_visit_dance,c12_r37.5m,12,37.500000,425,0.005446,0.012301,0.443288,0.276535,0.720423,0.021417,0.001000,1.000000,1.000000,0.221929
pre_visit_dance,c12_r37.5m,12,37.500000,427,0.053430,0.016838,0.466871,0.170265,0.441966,0.010306,0.001000,1.000000,1.000000,0.213705
pre_visit_dance,c12_r37.5m,12,37.500000,430,0.015447,0.008257,0.427464,0.731681,0.358597,0.006222,0.001000,1.000000,1.000000,0.667780
pre_visit_dance,c12_r37.5m,12,37.500000,429,0.038072,0.014525,0.242617,0.150375,0.729268,0.014694,0.001000,1.000000,1.000000,0.195229
pre_visit_dance,c12_r37.5m,12,37.500000,428,0.068963,0.018803,0.316252,0.179250,0.553881,0.006167,0.001000,1.000000,1.000000,0.271291
pre_visit_dance,c12_r37.5m,12,37.500000,431,0.001274,0.007219,0.439575,0.446054,0.661299,0.021361,0.001000,1.000000,1.000000,0.429341
pre_visit_dance,c12_r37.5m,12,37.500000,432,0.023114,0.012439,0.529387,0.441666,0.743147,0.011639,0.001000,1.000000,1.000000,0.418870
pre_visit_dance,c12_r37.5m,12,37.500000,433,0.031979,0.021183,0.637120,0.360882,0.511451,0.016194,0.001000,1.000000,1.000000,0.290065
pre_visit_dance,c12_r37.5m,12,37.500000,434,0.014237,0.011768,0.510704,0.306128,0.585326,0.027028,0.001000,1.000000,1.000000,0.228261
pre_visit_dance,c12_r37.5m,12,37.500000,436,0.016915,0.021977,0.499873,0.483565,0.525710,0.022250,0.001000,1.000000,1.000000,0.422581
pre_visit_dance,c12_r37.5m,12,37.500000,435,0.010424,0.008831,0.495155,0.354926,0.740863,0.021861,0.001000,1.000000,1.000000,0.302726
pre_visit_dance,c12_r37.5m,12,37.500000,437,-0.001959,0.011989,0.570875,0.242475,0.697100,0.009028,0.001000,1.000000,1.000000,0.271178
pre_visit_dance,c12_r37.5m,12,37.500000,438,0.052668,0.022975,0.700164,0.517222,0.111362,0.013639,0.001000,1.000000,1.000000,0.570384
pre_visit_dance,c12_r37.5m,12,37.500000,439,0.006626,0.013716,0.259772,0.190593,0.598231,0.015500,0.001000,1.000000,1.000000,0.240910
pre_visit_dance,c12_r37.5m,12,37.500000,440,0.003966,0.005783,0.266764,0.536584,0.608707,0.010333,0.001000,1.000000,1.000000,0.481798
pre_visit_dance,c12_r37.5m,12,37.500000,441,0.038030,0.010715,0.232919,0.259174,0.529724,0.014694,0.001000,1.000000,1.000000,0.209668
pre_visit_dance,c12_r37.5m,12,37.500000,442,0.006372,0.006205,0.235884,0.172863,0.595196,0.028278,0.001000,1.000000,1.000000,0.181841
pre_visit_dance,c12_r37.5m,12,37.500000,443,0.006172,0.012580,0.518010,0.233342,0.743902,0.021167,0.001000,1.000000,1.000000,0.204994
pre_visit_dance,c12_r37.5m,12,37.500000,444,0.001943,0.008760,0.235099,0.532804,0.647381,0.016556,0.001000,1.000000,1.000000,0.558822
pre_visit_dance,c12_r37.5m,12,37.500000,445,0.015952,0.013468,0.374541,0.366514,0.448665,0.019889,0.001000,1.000000,1.000000,0.493911
pre_visit_dance,c12_r37.5m,12,37.500000,446,0.009933,0.003942,0.268124,0.275476,0.749216,0.016833,0.001000,1.000000,1.000000,0.319655
pre_visit_dance,c12_r37.5m,12,37.500000,447,0.006766,0.007020,0.279704,0.364793,0.758319,0.010833,0.001000,1.000000,1.000000,0.342335
pre_visit_dance,c12_r37.5m,12,37.500000,448,0.008260,0.015324,0.482805,0.245676,0.736136,0.007972,0.001000,1.000000,1.000000,0.221328
pre_visit_dance,c12_r37.5m,12,37.500000,449,-0.003831,0.004979,0.373534,0.309446,0.810880,0.018417,0.001000,1.000000,1.000000,0.370498
pre_visit_dance,c12_r75m,12,75.000000,400,0.032880,0.027216,0.250667,0.846212,0.329239,0.037167,0.001000,1.000000,0.995000,0.752776
pre_visit_dance,c12_r75m,12,75.000000,402,0.020619,0.019361,0.194725,0.337631,0.709402,0.018694,0.001000,1.000000,1.000000,0.323329
pre_visit_dance,c12_r75m,12,75.000000,401,0.035216,0.022675,0.223954,0.268936,0.680824,0.030778,0.001000,1.000000,1.000000,0.248907
pre_visit_dance,c12_r75m,12,75.000000,403,0.050447,0.062348,0.850477,0.673113,0.491695,0.033417,0.001000,1.000000,0.991667,0.635122
pre_visit_dance,c12_r75m,12,75.000000,404,0.021981,0.025626,0.370126,0.541532,0.725389,0.042806,0.001000,1.000000,1.000000,0.426120
pre_visit_dance,c12_r75m,12,75.000000,405,0.042537,0.020090,0.578777,0.636393,0.758827,0.022972,0.001000,1.000000,0.995000,0.529685
pre_visit_dance,c12_r75m,12,75.000000,406,0.038368,0.037217,0.523019,0.650825,0.525652,0.047000,0.001150,0.983333,0.983333,0.659937
pre_visit_dance,c12_r75m,12,75.000000,409,0.036624,0.045004,0.383360,0.344522,0.595948,0.019306,0.001000,1.000000,1.000000,0.411705
pre_visit_dance,c12_r75m,12,75.000000,407,0.046792,0.036547,0.434698,0.550091,0.349019,0.037944,0.001000,1.000000,0.998333,0.608469
pre_visit_dance,c12_r75m,12,75.000000,411,0.056584,0.072635,0.571904,0.223821,0.439389,0.013639,0.001000,1.000000,1.000000,0.172355
pre_visit_dance,c12_r75m,12,75.000000,408,0.043294,0.016863,0.424364,0.531353,0.797745,0.037611,0.001861,0.966667,0.996667,0.476154
pre_visit_dance,c12_r75m,12,75.000000,410,0.041429,0.041912,0.521807,0.903191,0.630502,0.063944,0.001000,1.000000,0.993333,0.869566
pre_visit_dance,c12_r75m,12,75.000000,412,0.017317,0.011973,0.116141,0.713386,0.783214,0.032750,0.001894,0.983333,0.998333,0.764371
pre_visit_dance,c12_r75m,12,75.000000,413,0.018415,0.015589,0.172023,0.352849,0.790422,0.035222,0.001000,1.000000,0.996667,0.337570
pre_visit_dance,c12_r75m,12,75.000000,414,0.018065,0.022434,0.224275,0.468072,0.633241,0.053833,0.001000,1.000000,0.996667,0.346035
pre_visit_dance,c12_r75m,12,75.000000,415,0.028015,0.030999,0.388907,0.522934,0.631480,0.024750,0.001000,1.000000,1.000000,0.392499
pre_visit_dance,c12_r75m,12,75.000000,417,0.003076,0.010156,0.106367,0.818799,0.899900,0.027417,0.001000,1.000000,0.998333,0.709621
pre_visit_dance,c12_r75m,12,75.000000,416,0.043914,0.057729,0.666841,0.660654,0.218579,0.059444,0.001000,1.000000,0.995000,0.630618
pre_visit_dance,c12_r75m,12,75.000000,418,0.036950,0.034658,0.507501,0.779215,0.653003,0.037944,0.001000,1.000000,0.998333,0.502406
pre_visit_dance,c12_r75m,12,75.000000,419,0.026689,0.031165,0.389017,0.444169,0.844047,0.051667,0.001000,1.000000,0.998333,0.333727
pre_visit_dance,c12_r75m,12,75.000000,420,0.048496,0.051031,0.892224,0.854860,0.901429,0.057083,0.001000,1.000000,0.986667,0.709899
pre_visit_dance,c12_r75m,12,75.000000,422,0.028786,0.031485,0.272097,0.383454,0.277596,0.015528,0.001000,1.000000,1.000000,0.356179
pre_visit_dance,c12_r75m,12,75.000000,421,0.022981,0.037092,0.565853,0.882547,0.899607,0.055222,0.001000,1.000000,0.988333,0.905707
pre_visit_dance,c12_r75m,12,75.000000,423,0.018329,0.026105,0.252752,0.658333,0.626304,0.038583,0.001000,1.000000,0.998333,0.511470
pre_visit_dance,c12_r75m,12,75.000000,424,0.041833,0.038798,0.529972,0.326795,0.726955,0.058250,0.001000,1.000000,0.998333,0.316695
pre_visit_dance,c12_r75m,12,75.000000,425,0.049274,0.050054,0.442757,0.465315,0.459948,0.022417,0.001000,1.000000,1.000000,0.519513
pre_visit_dance,c12_r75m,12,75.000000,427,0.004698,0.015140,0.147113,0.683567,0.495019,0.029083,0.001000,1.000000,0.996667,0.695469
pre_visit_dance,c12_r75m,12,75.000000,426,0.008337,0.012889,0.125944,0.449104,0.672663,0.038722,0.001000,1.000000,1.000000,0.480742
pre_visit_dance,c12_r75m,12,75.000000,428,0.069966,0.049177,0.764257,0.627042,0.577418,0.052083,0.002239,0.966667,0.988333,0.633231
pre_visit_dance,c12_r75m,12,75.000000,429,0.031253,0.033069,0.327996,0.397710,0.478826,0.046250,0.001000,1.000000,1.000000,0.375905
pre_visit_dance,c12_r75m,12,75.000000,430,0.047909,0.058797,0.723088,0.388308,0.441680,0.055917,0.001000,1.000000,0.991667,0.440361
pre_visit_dance,c12_r75m,12,75.000000,431,0.037451,0.051153,0.728657,0.471133,0.747837,0.053583,0.001377,0.983333,0.993333,0.479029
pre_visit_dance,c12_r75m,12,75.000000,434,0.017398,0.033661,0.377211,0.262603,0.676896,0.036528,0.001000,1.000000,0.998333,0.206931
pre_visit_dance,c12_r75m,12,75.000000,432,0.032387,0.025736,0.235044,0.457076,0.711724,0.057333,0.001000,1.000000,1.000000,0.412404
pre_visit_dance,c12_r75m,12,75.000000,433,0.054648,0.049587,0.730507,0.823754,0.815819,0.049278,0.006005,0.966667,0.978333,0.871459
pre_visit_dance,c12_r75m,12,75.000000,435,0.075388,0.056358,0.888421,0.769817,0.521875,0.039444,0.001678,0.966667,0.990000,0.541432
pre_visit_dance,c12_r75m,12,75.000000,437,0.032428,0.018937,0.296195,0.229243,0.535996,0.033500,0.001000,1.000000,1.000000,0.256847
pre_visit_dance,c12_r75m,12,75.000000,439,0.020730,0.021023,0.276131,0.480434,0.487490,0.014694,0.001000,1.000000,1.000000,0.471852
pre_visit_dance,c12_r75m,12,75.000000,436,0.056763,0.049590,0.697891,0.565158,0.544065,0.069278,0.001145,0.983333,0.993333,0.545267
pre_visit_dance,c12_r75m,12,75.000000,438,0.043651,0.047764,0.710943,0.369275,0.307104,0.040139,0.001000,1.000000,0.995000,0.616201
pre_visit_dance,c12_r75m,12,75.000000,441,0.084255,0.055962,0.756448,0.767968,0.334109,0.026056,0.002149,0.966667,0.983333,0.751470
pre_visit_dance,c12_r75m,12,75.000000,442,0.088475,0.072073,0.878910,0.838150,0.376115,0.024639,0.001568,0.983333,0.990000,0.855645
pre_visit_dance,c12_r75m,12,75.000000,440,0.055178,0.054060,0.762326,0.875786,0.480602,0.056778,0.002074,0.983333,0.985000,0.858459
pre_visit_dance,c12_r75m,12,75.000000,444,0.052686,0.049267,0.693244,0.839691,0.925201,0.029111,0.001325,0.983333,0.981667,0.893365
pre_visit_dance,c12_r75m,12,75.000000,443,0.024370,0.034060,0.399113,0.516548,0.785737,0.046306,0.001000,1.000000,0.998333,0.297418
pre_visit_dance,c12_r75m,12,75.000000,445,0.054540,0.056562,0.938758,0.743676,0.666569,0.065722,0.001000,1.000000,0.978333,0.863499
pre_visit_dance,c12_r75m,12,75.000000,446,0.050177,0.051852,0.459976,0.386323,0.363733,0.038972,0.001000,1.000000,0.998333,0.392551
pre_visit_dance,c12_r75m,12,75.000000,447,0.028126,0.038573,0.290383,0.429208,0.822060,0.015389,0.001000,1.000000,0.996667,0.598512
pre_visit_dance,c12_r75m,12,75.000000,449,0.052576,0.046635,0.820533,0.666981,0.922402,0.042139,0.003995,0.966667,0.991667,0.631931
pre_visit_dance,c12_r75m,12,75.000000,448,0.066433,0.053686,0.809627,0.821345,0.669694,0.052417,0.001000,1.000000,0.995000,0.836582
pre_visit_dance,c12_r150m,12,150.000000,400,0.093009,0.093567,0.884830,0.827346,0.701798,0.149583,0.592832,0.000000,0.018333,0.822871
pre_visit_dance,c12_r150m,12,150.000000,401,0.102800,0.099986,0.794926,0.826087,0.439414,0.154861,0.631954,0.000000,0.003333,0.846475
pre_visit_dance,c12_r150m,12,150.000000,403,0.098354,0.099767,0.846209,0.878079,0.688269,0.166083,0.728825,0.016667,0.003333,0.861004
pre_visit_dance,c12_r150m,12,150.000000,402,0.103429,0.108199,0.869137,0.825769,0.337711,0.156361,0.631552,0.000000,0.003333,0.817196
pre_visit_dance,c12_r150m,12,150.000000,404,0.093270,0.095918,0.856477,0.831376,0.692307,0.165556,0.701243,0.016667,0.010000,0.847812
pre_visit_dance,c12_r150m,12,150.000000,405,0.099651,0.102786,0.805563,0.809100,0.836477,0.158028,0.612409,0.000000,0.008333,0.822992
pre_visit_dance,c12_r150m,12,150.000000,407,0.092545,0.096859,0.768971,0.832627,0.564274,0.156139,0.596896,0.000000,0.006667,0.860483
pre_visit_dance,c12_r150m,12,150.000000,410,0.108641,0.099267,0.769864,0.859298,0.327600,0.157806,0.626193,0.000000,0.011667,0.866800
pre_visit_dance,c12_r150m,12,150.000000,408,0.098253,0.098960,0.800580,0.840554,0.782301,0.156222,0.630444,0.016667,0.015000,0.843397
pre_visit_dance,c12_r150m,12,150.000000,406,0.099346,0.101460,0.776312,0.880856,0.447554,0.156806,0.625355,0.016667,0.015000,0.851063
pre_visit_dance,c12_r150m,12,150.000000,409,0.094384,0.105721,0.775802,0.798742,0.612320,0.159028,0.646087,0.000000,0.005000,0.804476
pre_visit_dance,c12_r150m,12,150.000000,411,0.123638,0.099412,0.785675,0.809463,0.613895,0.159444,0.665020,0.033333,0.015000,0.779921
pre_visit_dance,c12_r150m,12,150.000000,412,0.099741,0.105693,0.815692,0.868619,0.552018,0.158250,0.635698,0.000000,0.008333,0.862746
pre_visit_dance,c12_r150m,12,150.000000,413,0.099200,0.096585,0.850055,0.856915,0.788771,0.152500,0.577821,0.000000,0.008333,0.845039
pre_visit_dance,c12_r150m,12,150.000000,414,0.113130,0.103817,0.871038,0.853375,0.622854,0.165056,0.697347,0.000000,0.008333,0.827342
pre_visit_dance,c12_r150m,12,150.000000,415,0.101202,0.105064,0.871851,0.877207,0.712150,0.163222,0.699239,0.016667,0.006667,0.875341
pre_visit_dance,c12_r150m,12,150.000000,416,0.106772,0.100457,0.807186,0.888759,0.686788,0.169222,0.738487,0.000000,0.006667,0.826387
pre_visit_dance,c12_r150m,12,150.000000,417,0.096165,0.100012,0.893748,0.863917,0.674563,0.163667,0.710438,0.000000,0.010000,0.869862
pre_visit_dance,c12_r150m,12,150.000000,418,0.119892,0.104299,0.850532,0.896654,0.725973,0.167167,0.710655,0.016667,0.008333,0.850043
pre_visit_dance,c12_r150m,12,150.000000,419,0.108623,0.105694,0.885515,0.844331,0.650807,0.167417,0.739547,0.016667,0.008333,0.849451
pre_visit_dance,c12_r150m,12,150.000000,420,0.123635,0.111523,0.861351,0.886399,0.212524,0.160194,0.652737,0.016667,0.010000,0.858890
pre_visit_dance,c12_r150m,12,150.000000,421,0.105357,0.106670,0.837512,0.826641,0.617830,0.158611,0.646807,0.000000,0.011667,0.855024
pre_visit_dance,c12_r150m,12,150.000000,422,0.111998,0.103837,0.845487,0.752127,0.520197,0.157917,0.643949,0.000000,0.008333,0.798200
pre_visit_dance,c12_r150m,12,150.000000,423,0.101850,0.107487,0.853207,0.816193,0.763731,0.168194,0.730522,0.000000,0.015000,0.824542
pre_visit_dance,c12_r150m,12,150.000000,426,0.098263,0.098179,0.818029,0.829414,0.761216,0.152361,0.609080,0.000000,0.011667,0.828582
pre_visit_dance,c12_r150m,12,150.000000,425,0.081162,0.097646,0.793379,0.882125,0.669017,0.156361,0.638153,0.083333,0.018333,0.860882
pre_visit_dance,c12_r150m,12,150.000000,424,0.104036,0.104541,0.803464,0.880394,0.491291,0.162972,0.695865,0.000000,0.005000,0.876760
pre_visit_dance,c12_r150m,12,150.000000,427,0.090673,0.094415,0.869854,0.857091,0.669593,0.159806,0.642180,0.000000,0.010000,0.865075
pre_visit_dance,c12_r150m,12,150.000000,428,0.092239,0.099369,0.834980,0.826314,0.686379,0.165444,0.702025,0.000000,0.006667,0.850123
pre_visit_dance,c12_r150m,12,150.000000,429,0.093248,0.088394,0.794179,0.888078,0.827111,0.164278,0.680632,0.016667,0.003333,0.875364
pre_visit_dance,c12_r150m,12,150.000000,430,0.091246,0.091999,0.679419,0.824769,0.651717,0.140917,0.523436,0.016667,0.015000,0.746257
pre_visit_dance,c12_r150m,12,150.000000,431,0.079745,0.088035,0.822589,0.912586,0.712944,0.150194,0.560798,0.033333,0.010000,0.884121
pre_visit_dance,c12_r150m,12,150.000000,432,0.090371,0.092652,0.841410,0.876913,0.678103,0.167750,0.709660,0.016667,0.010000,0.875399
pre_visit_dance,c12_r150m,12,150.000000,433,0.115445,0.099805,0.903146,0.913229,0.608722,0.164500,0.724490,0.000000,0.008333,0.889427
pre_visit_dance,c12_r150m,12,150.000000,435,0.097492,0.101867,0.861407,0.884505,0.581246,0.164944,0.735718,0.000000,0.008333,0.851992
pre_visit_dance,c12_r150m,12,150.000000,434,0.091211,0.106703,0.880603,0.878921,0.785528,0.165139,0.709480,0.033333,0.010000,0.851709
pre_visit_dance,c12_r150m,12,150.000000,436,0.088369,0.097319,0.846320,0.897332,0.862681,0.158306,0.667711,0.000000,0.015000,0.877598
pre_visit_dance,c12_r150m,12,150.000000,437,0.118830,0.111883,0.874639,0.893823,0.584524,0.166417,0.719482,0.050000,0.016667,0.882394
pre_visit_dance,c12_r150m,12,150.000000,438,0.115481,0.108097,0.855266,0.822014,0.611409,0.161083,0.675856,0.000000,0.006667,0.807160
pre_visit_dance,c12_r150m,12,150.000000,439,0.125302,0.107675,0.890413,0.740427,0.437344,0.163111,0.697174,0.000000,0.008333,0.815730
pre_visit_dance,c12_r150m,12,150.000000,442,0.120121,0.110792,0.879969,0.843189,0.436821,0.153444,0.602285,0.016667,0.015000,0.823692
pre_visit_dance,c12_r150m,12,150.000000,444,0.101337,0.102613,0.758264,0.897212,0.707158,0.165250,0.687209,0.000000,0.005000,0.852050
pre_visit_dance,c12_r150m,12,150.000000,440,0.095283,0.093916,0.854943,0.880471,0.623959,0.155194,0.656029,0.016667,0.020000,0.829793
pre_visit_dance,c12_r150m,12,150.000000,441,0.100599,0.098549,0.856719,0.877412,0.757442,0.163278,0.671080,0.016667,0.015000,0.843388
pre_visit_dance,c12_r150m,12,150.000000,443,0.096754,0.103823,0.825656,0.849551,0.800352,0.157028,0.625992,0.000000,0.010000,0.832554
pre_visit_dance,c12_r150m,12,150.000000,445,0.116132,0.109173,0.878556,0.904674,0.390254,0.165583,0.709736,0.016667,0.005000,0.889172
pre_visit_dance,c12_r150m,12,150.000000,446,0.107455,0.097535,0.893088,0.865452,0.808122,0.166028,0.724775,0.000000,0.001667,0.879047
pre_visit_dance,c12_r150m,12,150.000000,447,0.109684,0.101535,0.802832,0.802894,0.695964,0.158472,0.618101,0.000000,0.008333,0.816061
pre_visit_dance,c12_r150m,12,150.000000,448,0.116410,0.104122,0.828561,0.863465,0.657799,0.169250,0.748158,0.016667,0.005000,0.868091
pre_visit_dance,c12_r150m,12,150.000000,449,0.105904,0.105868,0.869408,0.823918,0.504224,0.160194,0.663967,0.000000,0.008333,0.796743
pre_visit_dance,c12_r300m,12,300.000000,401,0.181732,0.167700,0.916579,0.730060,0.352805,0.294111,2.392832,0.000000,0.000000,0.651789
pre_visit_dance,c12_r300m,12,300.000000,400,0.139569,0.140313,0.793375,0.855156,0.771525,0.317278,2.647089,0.000000,0.000000,0.807304
pre_visit_dance,c12_r300m,12,300.000000,402,0.160170,0.156865,0.750399,0.911332,0.458313,0.325111,2.706628,0.000000,0.000000,0.872318
pre_visit_dance,c12_r300m,12,300.000000,403,0.164156,0.157707,0.813683,0.819700,0.758906,0.317611,2.641898,0.000000,0.000000,0.822081
pre_visit_dance,c12_r300m,12,300.000000,404,0.133472,0.141200,0.664510,0.853274,0.658577,0.319861,2.648510,0.000000,0.000000,0.840471
pre_visit_dance,c12_r300m,12,300.000000,405,0.144724,0.123897,0.734830,0.908022,0.586773,0.314222,2.603541,0.000000,0.000000,0.782853
pre_visit_dance,c12_r300m,12,300.000000,412,0.155294,0.143715,0.710149,0.598709,0.680951,0.299139,2.392752,0.000000,0.000000,0.432955
pre_visit_dance,c12_r300m,12,300.000000,409,0.172922,0.160510,0.888409,0.778541,0.538525,0.323889,2.686887,0.000000,0.000000,0.728388
pre_visit_dance,c12_r300m,12,300.000000,406,0.156302,0.146254,0.714624,0.895463,0.577583,0.315778,2.632534,0.000000,0.000000,0.857667
pre_visit_dance,c12_r300m,12,300.000000,407,0.157438,0.163180,0.822773,0.861963,0.800356,0.322389,2.712552,0.000000,0.000000,0.813607
pre_visit_dance,c12_r300m,12,300.000000,411,0.150167,0.148570,0.867646,0.837047,0.460483,0.319972,2.673372,0.000000,0.000000,0.814197
pre_visit_dance,c12_r300m,12,300.000000,408,0.137064,0.154894,0.778592,0.850724,0.586722,0.331750,2.798799,0.000000,0.000000,0.819378
pre_visit_dance,c12_r300m,12,300.000000,410,0.147265,0.136669,0.745596,0.879645,0.585228,0.313583,2.589664,0.000000,0.000000,0.863605
pre_visit_dance,c12_r300m,12,300.000000,413,0.136368,0.131311,0.757714,0.852576,0.840521,0.318306,2.638642,0.000000,0.000000,0.823410
pre_visit_dance,c12_r300m,12,300.000000,414,0.168832,0.138043,0.768655,0.854606,0.657291,0.325278,2.717217,0.000000,0.000000,0.825467
pre_visit_dance,c12_r300m,12,300.000000,415,0.144260,0.159846,0.850751,0.783868,0.720543,0.314500,2.612703,0.000000,0.000000,0.816999
pre_visit_dance,c12_r300m,12,300.000000,416,0.154690,0.146848,0.858083,0.876142,0.611769,0.329972,2.761256,0.000000,0.000000,0.858089
pre_visit_dance,c12_r300m,12,300.000000,417,0.146361,0.136222,0.788639,0.830308,0.727295,0.322556,2.671947,0.000000,0.000000,0.799574
pre_visit_dance,c12_r300m,12,300.000000,419,0.133005,0.137326,0.700959,0.781242,0.526143,0.308028,2.488698,0.000000,0.000000,0.740573
pre_visit_dance,c12_r300m,12,300.000000,422,0.159532,0.157447,0.839098,0.791537,0.599818,0.320861,2.659342,0.000000,0.000000,0.805869
pre_visit_dance,c12_r300m,12,300.000000,420,0.159289,0.149701,0.836280,0.883570,0.511776,0.325694,2.750051,0.000000,0.000000,0.784825
pre_visit_dance,c12_r300m,12,300.000000,426,0.159583,0.150978,0.818120,0.690082,0.566810,0.307000,2.503363,0.000000,0.000000,0.624280
pre_visit_dance,c12_r300m,12,300.000000,424,0.131209,0.135319,0.578853,0.832579,0.619337,0.314417,2.600949,0.000000,0.000000,0.804423
pre_visit_dance,c12_r300m,12,300.000000,427,0.137673,0.131804,0.595561,0.835207,0.559838,0.309250,2.532881,0.000000,0.000000,0.760757
pre_visit_dance,c12_r300m,12,300.000000,423,0.147046,0.147332,0.804571,0.832303,0.858968,0.321361,2.665728,0.000000,0.000000,0.796604
pre_visit_dance,c12_r300m,12,300.000000,418,0.141713,0.143459,0.818331,0.911066,0.756546,0.322639,2.696649,0.000000,0.000000,0.891296
pre_visit_dance,c12_r300m,12,300.000000,421,0.135809,0.148422,0.820748,0.855406,0.345470,0.312028,2.571561,0.000000,0.000000,0.829048
pre_visit_dance,c12_r300m,12,300.000000,425,0.122195,0.147981,0.766966,0.879316,0.679468,0.311111,2.581517,0.000000,0.000000,0.849986
pre_visit_dance,c12_r300m,12,300.000000,428,0.165080,0.153004,0.794429,0.840300,0.774829,0.320222,2.670061,0.000000,0.000000,0.784352
pre_visit_dance,c12_r300m,12,300.000000,429,0.138744,0.138784,0.766596,0.843759,0.698851,0.298333,2.469393,0.000000,0.000000,0.821208
pre_visit_dance,c12_r300m,12,300.000000,430,0.148553,0.150203,0.702787,0.777039,0.358395,0.304306,2.504982,0.000000,0.000000,0.677804
pre_visit_dance,c12_r300m,12,300.000000,431,0.144332,0.152692,0.764593,0.793965,0.788413,0.301694,2.466673,0.000000,0.000000,0.785639
pre_visit_dance,c12_r300m,12,300.000000,432,0.167098,0.151910,0.825543,0.753517,0.747877,0.301333,2.468655,0.000000,0.000000,0.715012
pre_visit_dance,c12_r300m,12,300.000000,433,0.125011,0.127210,0.602129,0.810807,0.560275,0.301472,2.431132,0.000000,0.000000,0.804476
pre_visit_dance,c12_r300m,12,300.000000,434,0.144449,0.124555,0.681281,0.833248,0.560354,0.317083,2.613276,0.000000,0.000000,0.796496
pre_visit_dance,c12_r300m,12,300.000000,438,0.138817,0.134991,0.710685,0.798669,0.724900,0.316306,2.576756,0.000000,0.000000,0.653963
pre_visit_dance,c12_r300m,12,300.000000,441,0.144298,0.142147,0.746578,0.649693,0.566569,0.304222,2.447874,0.000000,0.000000,0.567564
pre_visit_dance,c12_r300m,12,300.000000,436,0.153521,0.132372,0.811286,0.776612,0.553909,0.306000,2.526110,0.000000,0.000000,0.763903
pre_visit_dance,c12_r300m,12,300.000000,435,0.160647,0.151074,0.824549,0.871076,0.541077,0.318778,2.666160,0.000000,0.000000,0.839710
pre_visit_dance,c12_r300m,12,300.000000,442,0.149873,0.128531,0.743924,0.728337,0.557103,0.304333,2.497746,0.000000,0.000000,0.726759
pre_visit_dance,c12_r300m,12,300.000000,443,0.112715,0.104010,0.521084,0.736387,0.900540,0.281500,2.255120,0.000000,0.000000,0.765851
pre_visit_dance,c12_r300m,12,300.000000,437,0.160404,0.145270,0.867755,0.894858,0.536732,0.322417,2.724720,0.000000,0.000000,0.881168
pre_visit_dance,c12_r300m,12,300.000000,439,0.143383,0.144613,0.757370,0.779103,0.755446,0.313861,2.568841,0.000000,0.000000,0.721225
pre_visit_dance,c12_r300m,12,300.000000,444,0.145880,0.132480,0.701533,0.750198,0.460490,0.310222,2.522370,0.000000,0.000000,0.721722
pre_visit_dance,c12_r300m,12,300.000000,440,0.110790,0.127989,0.637207,0.729099,0.554463,0.297028,2.390911,0.000000,0.000000,0.747193
pre_visit_dance,c12_r300m,12,300.000000,445,0.159902,0.141924,0.775429,0.804944,0.274150,0.323750,2.702875,0.000000,0.000000,0.788507
pre_visit_dance,c12_r300m,12,300.000000,446,0.168869,0.150582,0.754215,0.805905,0.762035,0.322833,2.689641,0.000000,0.000000,0.784472
pre_visit_dance,c12_r300m,12,300.000000,447,0.140282,0.154022,0.805366,0.782505,0.601811,0.323556,2.686028,0.000000,0.000000,0.819152
pre_visit_dance,c12_r300m,12,300.000000,449,0.148748,0.151849,0.677093,0.767245,0.217855,0.302556,2.472907,0.000000,0.000000,0.640133
pre_visit_dance,c12_r300m,12,300.000000,448,0.149520,0.145502,0.737881,0.841391,0.816383,0.335500,2.815164,0.000000,0.000000,0.854744
pre_visit_dance,c12_r600m,12,600.000000,400,0.138688,0.144276,0.608192,0.730043,0.673603,0.561444,5.656608,0.000000,0.000000,0.767313
pre_visit_dance,c12_r600m,12,600.000000,401,0.145914,0.134368,0.571374,0.719394,0.707615,0.565056,5.730420,0.000000,0.000000,0.691270
pre_visit_dance,c12_r600m,12,600.000000,403,0.109936,0.139922,0.601218,0.718186,0.374306,0.554972,5.569372,0.000000,0.000000,0.685666
pre_visit_dance,c12_r600m,12,600.000000,402,0.143607,0.139276,0.565342,0.743901,0.601746,0.562639,5.697060,0.000000,0.000000,0.767385
pre_visit_dance,c12_r600m,12,600.000000,404,0.139164,0.132850,0.587708,0.710111,0.714923,0.520111,5.267059,0.000000,0.000000,0.632139
pre_visit_dance,c12_r600m,12,600.000000,407,0.166933,0.158365,0.643380,0.762697,0.453756,0.558528,5.659005,0.000000,0.000000,0.830790
pre_visit_dance,c12_r600m,12,600.000000,405,0.147118,0.140722,0.533041,0.635992,0.695632,0.544833,5.485686,0.000000,0.000000,0.742872
pre_visit_dance,c12_r600m,12,600.000000,408,0.119110,0.125756,0.499974,0.790112,0.774458,0.563389,5.699470,0.000000,0.000000,0.831461
pre_visit_dance,c12_r600m,12,600.000000,410,0.124404,0.113831,0.440522,0.687857,0.506091,0.538444,5.439831,0.000000,0.000000,0.645422
pre_visit_dance,c12_r600m,12,600.000000,411,0.150860,0.129405,0.421385,0.490510,0.581199,0.539722,5.425017,0.000000,0.000000,0.498217
pre_visit_dance,c12_r600m,12,600.000000,409,0.139614,0.156433,0.751701,0.857026,0.768561,0.573139,5.822319,0.000000,0.000000,0.772526
pre_visit_dance,c12_r600m,12,600.000000,406,0.132719,0.150629,0.641399,0.829581,0.785435,0.554778,5.589729,0.000000,0.000000,0.747022
pre_visit_dance,c12_r600m,12,600.000000,412,0.172431,0.156509,0.768036,0.803535,0.375865,0.581667,5.917137,0.000000,0.000000,0.775678
pre_visit_dance,c12_r600m,12,600.000000,413,0.156642,0.150396,0.718980,0.779533,0.676452,0.573861,5.803104,0.000000,0.000000,0.767031
pre_visit_dance,c12_r600m,12,600.000000,414,0.158230,0.171378,0.712112,0.766215,0.867020,0.587417,5.981877,0.000000,0.000000,0.689431
pre_visit_dance,c12_r600m,12,600.000000,415,0.156366,0.164427,0.670314,0.832229,0.738882,0.560306,5.674590,0.000000,0.000000,0.741102
pre_visit_dance,c12_r600m,12,600.000000,417,0.151463,0.138695,0.554934,0.621519,0.367752,0.554583,5.620914,0.000000,0.000000,0.626834
pre_visit_dance,c12_r600m,12,600.000000,421,0.088900,0.100016,0.322759,0.455869,0.529795,0.499472,5.007956,0.000000,0.000000,0.510712
pre_visit_dance,c12_r600m,12,600.000000,416,0.160291,0.161003,0.695020,0.727694,0.606998,0.543806,5.490386,0.000000,0.000000,0.666718
pre_visit_dance,c12_r600m,12,600.000000,419,0.143352,0.138238,0.472238,0.785578,0.604143,0.549972,5.549618,0.000000,0.000000,0.782490
pre_visit_dance,c12_r600m,12,600.000000,422,0.160907,0.154720,0.691389,0.652466,0.689125,0.549028,5.527119,0.000000,0.000000,0.616730
pre_visit_dance,c12_r600m,12,600.000000,423,0.147778,0.147671,0.678204,0.618279,0.260544,0.550472,5.549497,0.000000,0.000000,0.501493
pre_visit_dance,c12_r600m,12,600.000000,420,0.136097,0.151606,0.771751,0.846148,0.612427,0.593639,6.034255,0.000000,0.000000,0.799822
pre_visit_dance,c12_r600m,12,600.000000,418,0.152046,0.161735,0.757383,0.826169,0.615464,0.556056,5.607635,0.000000,0.000000,0.801397
pre_visit_dance,c12_r600m,12,600.000000,424,0.161975,0.151403,0.567779,0.589371,0.733830,0.533333,5.375797,0.000000,0.000000,0.557638
pre_visit_dance,c12_r600m,12,600.000000,425,0.128586,0.120343,0.494144,0.630145,0.641859,0.529194,5.338097,0.000000,0.000000,0.598510
pre_visit_dance,c12_r600m,12,600.000000,426,0.166792,0.166892,0.809928,0.682969,0.753659,0.578139,5.854071,0.000000,0.000000,0.760254
pre_visit_dance,c12_r600m,12,600.000000,427,0.146099,0.137543,0.744282,0.757942,0.815394,0.562694,5.674677,0.000000,0.000000,0.651389
pre_visit_dance,c12_r600m,12,600.000000,428,0.100449,0.111578,0.392490,0.575595,0.503328,0.525167,5.262039,0.000000,0.000000,0.507562
pre_visit_dance,c12_r600m,12,600.000000,430,0.150155,0.144002,0.670786,0.557313,0.608849,0.545528,5.475604,0.000000,0.000000,0.411510
pre_visit_dance,c12_r600m,12,600.000000,429,0.136378,0.154323,0.739557,0.813700,0.355519,0.560833,5.671464,0.000000,0.000000,0.813124
pre_visit_dance,c12_r600m,12,600.000000,431,0.165738,0.148674,0.696634,0.619239,0.810753,0.546278,5.501265,0.000000,0.000000,0.578299
pre_visit_dance,c12_r600m,12,600.000000,432,0.153460,0.135089,0.550918,0.544832,0.494111,0.543500,5.448606,0.000000,0.000000,0.526944
pre_visit_dance,c12_r600m,12,600.000000,438,0.072649,0.080159,0.252388,0.365449,0.731471,0.498806,4.976657,0.000000,0.000000,0.329842
pre_visit_dance,c12_r600m,12,600.000000,437,0.114410,0.105361,0.543079,0.554036,0.602328,0.531944,5.316504,0.000000,0.000000,0.531358
pre_visit_dance,c12_r600m,12,600.000000,435,0.147581,0.162828,0.771662,0.858350,0.477518,0.571444,5.782514,0.000000,0.000000,0.734417
pre_visit_dance,c12_r600m,12,600.000000,440,0.090063,0.100383,0.399771,0.744545,0.715585,0.550611,5.542761,0.000000,0.000000,0.675038
pre_visit_dance,c12_r600m,12,600.000000,439,0.156538,0.145777,0.494772,0.588650,0.654610,0.523111,5.295017,0.000000,0.000000,0.606541
pre_visit_dance,c12_r600m,12,600.000000,436,0.157113,0.157490,0.502618,0.842652,0.605825,0.517222,5.277530,0.000000,0.000000,0.829025
pre_visit_dance,c12_r600m,12,600.000000,434,0.187116,0.163050,0.835803,0.700730,0.259059,0.563056,5.699768,0.000000,0.000000,0.673605
pre_visit_dance,c12_r600m,12,600.000000,433,0.167703,0.167394,0.690729,0.780027,0.417382,0.553333,5.580109,0.000000,0.000000,0.812592
pre_visit_dance,c12_r600m,12,600.000000,442,0.130714,0.150453,0.542080,0.775924,0.268062,0.540222,5.462268,0.000000,0.000000,0.705630
pre_visit_dance,c12_r600m,12,600.000000,441,0.130406,0.132479,0.542150,0.766943,0.729315,0.558333,5.651142,0.000000,0.000000,0.795061
pre_visit_dance,c12_r600m,12,600.000000,443,0.171844,0.164339,0.768051,0.749497,0.742630,0.555000,5.653525,0.000000,0.000000,0.772766
pre_visit_dance,c12_r600m,12,600.000000,444,0.153710,0.162733,0.724329,0.660862,0.416807,0.562222,5.656168,0.000000,0.000000,0.601811
pre_visit_dance,c16_r15m,16,15.000000,401,0.002069,-0.000235,0.155796,0.304513,0.592808,0.006611,0.001000,1.000000,1.000000,0.470376
pre_visit_dance,c16_r15m,16,15.000000,400,-0.011065,0.001287,0.364660,0.198388,0.400252,0.008472,0.001000,1.000000,1.000000,0.246188
pre_visit_dance,c16_r15m,16,15.000000,402,-0.001847,-0.004290,0.476199,0.147154,0.673383,0.004583,0.001000,1.000000,1.000000,0.288127
pre_visit_dance,c16_r15m,16,15.000000,404,0.008502,-0.001024,0.510825,0.216423,0.518085,0.008500,0.001000,1.000000,1.000000,0.303681
pre_visit_dance,c16_r15m,16,15.000000,403,0.009204,0.001579,0.249741,0.451692,0.803507,0.006556,0.001000,1.000000,1.000000,0.393051
pre_visit_dance,c16_r15m,16,15.000000,405,-0.014826,-0.001290,0.493269,0.544154,0.583515,0.010389,0.001000,1.000000,1.000000,0.519436
pre_visit_dance,c12_r600m,12,600.000000,446,0.177613,0.162950,0.811986,0.713947,0.804759,0.579722,5.871971,0.000000,0.000000,0.615089
pre_visit_dance,c12_r600m,12,600.000000,445,0.173424,0.161935,0.720004,0.777378,0.471966,0.557889,5.667943,0.000000,0.000000,0.566875
pre_visit_dance,c16_r15m,16,15.000000,407,-0.022755,-0.006500,0.275307,0.824162,0.213656,0.010528,0.001000,1.000000,1.000000,0.724463
pre_visit_dance,c16_r15m,16,15.000000,406,-0.006331,0.000340,0.493097,0.390616,0.753913,0.014472,0.001000,1.000000,1.000000,0.355784
pre_visit_dance,c16_r15m,16,15.000000,408,0.001751,-0.001034,0.250997,0.345287,0.547451,0.003278,0.001000,1.000000,1.000000,0.334437
pre_visit_dance,c12_r600m,12,600.000000,447,0.162832,0.144819,0.671281,0.633516,0.830901,0.551139,5.563918,0.000000,0.000000,0.537133
pre_visit_dance,c16_r15m,16,15.000000,409,-0.000278,0.001152,0.210150,0.447145,0.752111,0.012417,0.001000,1.000000,1.000000,0.455935
pre_visit_dance,c16_r15m,16,15.000000,410,-0.009975,0.003701,0.184766,0.273241,0.501830,0.009194,0.001000,1.000000,1.000000,0.293439
pre_visit_dance,c16_r15m,16,15.000000,411,0.012397,-0.000350,0.322015,0.496707,0.628651,0.003750,0.001000,1.000000,1.000000,0.492518
pre_visit_dance,c16_r15m,16,15.000000,413,0.007281,0.007247,0.277704,0.313802,0.720196,0.004667,0.001000,1.000000,1.000000,0.313129
pre_visit_dance,c16_r15m,16,15.000000,412,0.003759,0.000194,0.463653,0.591959,0.419053,0.004722,0.001000,1.000000,1.000000,0.523170
pre_visit_dance,c16_r15m,16,15.000000,414,0.012012,-0.000229,0.389646,0.460275,0.649642,0.012611,0.001000,1.000000,1.000000,0.391830
pre_visit_dance,c12_r600m,12,600.000000,448,0.152292,0.137221,0.580574,0.708238,0.757430,0.551333,5.557093,0.000000,0.000000,0.604766
pre_visit_dance,c16_r15m,16,15.000000,415,-0.001434,-0.002317,0.247275,0.400224,0.359676,0.003806,0.001000,1.000000,1.000000,0.317467
pre_visit_dance,c16_r15m,16,15.000000,417,0.010150,0.001266,0.265023,0.348482,0.464184,0.011639,0.001000,1.000000,1.000000,0.332335
pre_visit_dance,c16_r15m,16,15.000000,416,-0.008032,-0.006538,0.290249,0.294521,0.780596,0.003000,0.001000,1.000000,1.000000,0.254620
pre_visit_dance,c16_r15m,16,15.000000,419,0.000000,0.001569,0.383408,0.372934,0.511644,0.002028,0.001000,1.000000,1.000000,0.374804
pre_visit_dance,c16_r15m,16,15.000000,418,0.009317,-0.001115,0.289870,0.615472,0.492101,0.006917,0.001000,1.000000,1.000000,0.672159
pre_visit_dance,c16_r15m,16,15.000000,420,-0.003277,-0.008019,0.249530,0.205872,0.557521,0.006000,0.001000,1.000000,1.000000,0.232633
pre_visit_dance,c12_r600m,12,600.000000,449,0.140673,0.156386,0.701337,0.823835,0.777417,0.585472,5.973133,0.000000,0.000000,0.832259
pre_visit_dance,c16_r15m,16,15.000000,421,0.011606,0.002607,0.520417,0.368024,0.666021,0.003694,0.001000,1.000000,1.000000,0.553246
pre_visit_dance,c16_r15m,16,15.000000,422,-0.004169,-0.000594,0.243206,0.381327,0.675200,0.010639,0.001000,1.000000,1.000000,0.538976
pre_visit_dance,c16_r15m,16,15.000000,423,-0.015845,-0.000901,0.217194,0.471813,0.614453,0.004111,0.001000,1.000000,1.000000,0.536575
pre_visit_dance,c16_r15m,16,15.000000,424,-0.002267,-0.005994,0.455821,0.323775,0.675207,0.011833,0.001000,1.000000,1.000000,0.301803
pre_visit_dance,c16_r15m,16,15.000000,425,-0.004679,-0.004837,0.257328,0.346911,0.551334,0.006639,0.001000,1.000000,1.000000,0.311632
pre_visit_dance,c16_r15m,16,15.000000,426,0.000571,-0.004660,0.131859,0.243406,0.682236,0.006528,0.001000,1.000000,1.000000,0.172711
pre_visit_dance,c16_r15m,16,15.000000,427,0.003913,0.003866,0.281916,0.647913,0.582913,0.004778,0.001000,1.000000,1.000000,0.659971
pre_visit_dance,c16_r15m,16,15.000000,428,-0.007979,-0.002480,0.318176,0.370017,0.826963,0.013556,0.001000,1.000000,1.000000,0.356461
pre_visit_dance,c16_r15m,16,15.000000,430,0.033243,-0.004434,0.241056,0.207100,0.450088,0.002250,0.001000,1.000000,1.000000,0.182834
pre_visit_dance,c16_r15m,16,15.000000,431,0.000562,0.001157,0.540592,0.352152,0.725874,0.006500,0.001000,1.000000,1.000000,0.348356
pre_visit_dance,c16_r15m,16,15.000000,429,-0.001144,-0.005850,0.172223,0.327810,0.599857,0.008194,0.001000,1.000000,1.000000,0.298781
pre_visit_dance,c16_r15m,16,15.000000,432,0.011302,-0.002424,0.472486,0.282056,0.676020,0.007444,0.001000,1.000000,1.000000,0.342194
pre_visit_dance,c16_r15m,16,15.000000,433,-0.007887,-0.002594,0.393316,0.430934,0.604524,0.009083,0.001000,1.000000,1.000000,0.327115
pre_visit_dance,c16_r15m,16,15.000000,434,-0.001768,0.003559,0.305680,0.257274,0.654706,0.004667,0.001000,1.000000,1.000000,0.205844
pre_visit_dance,c16_r15m,16,15.000000,435,-0.000664,-0.001411,0.467187,0.466479,0.711261,0.011306,0.001000,1.000000,1.000000,0.444958
pre_visit_dance,c16_r15m,16,15.000000,436,0.000696,-0.001757,0.374456,0.293546,0.558472,0.011583,0.001000,1.000000,1.000000,0.243268
pre_visit_dance,c16_r15m,16,15.000000,437,0.002839,0.004287,0.308662,0.306080,0.734380,0.006833,0.001000,1.000000,1.000000,0.277624
pre_visit_dance,c16_r15m,16,15.000000,438,0.003303,0.000911,0.240387,0.229303,0.379031,0.011778,0.001000,1.000000,1.000000,0.208478
pre_visit_dance,c16_r15m,16,15.000000,439,-0.005624,-0.000841,0.428974,0.260161,0.726666,0.007639,0.001000,1.000000,1.000000,0.296886
pre_visit_dance,c16_r15m,16,15.000000,440,0.000000,-0.002414,0.376701,0.269357,0.498318,0.003944,0.001000,1.000000,1.000000,0.231911
pre_visit_dance,c16_r15m,16,15.000000,441,-0.006955,0.001199,0.310844,0.639373,0.692999,0.008167,0.001000,1.000000,1.000000,0.640937
pre_visit_dance,c16_r15m,16,15.000000,442,0.000167,0.002155,0.375017,0.401049,0.635479,0.007806,0.001000,1.000000,1.000000,0.454197
pre_visit_dance,c16_r15m,16,15.000000,444,0.011100,0.004231,0.162424,0.579909,0.772545,0.003556,0.001000,1.000000,1.000000,0.663023
pre_visit_dance,c16_r15m,16,15.000000,443,-0.000279,0.003337,0.428370,0.284232,0.765329,0.006861,0.001000,1.000000,1.000000,0.353483
pre_visit_dance,c16_r15m,16,15.000000,446,-0.008250,-0.004217,0.662776,0.410087,0.753472,0.008694,0.001000,1.000000,1.000000,0.231328
pre_visit_dance,c16_r15m,16,15.000000,447,-0.018018,-0.002319,0.260926,0.384047,0.515101,0.004556,0.001000,1.000000,1.000000,0.345822
pre_visit_dance,c16_r15m,16,15.000000,445,-0.006058,0.000362,0.485448,0.359399,0.453456,0.007722,0.001000,1.000000,1.000000,0.279135
pre_visit_dance,c16_r15m,16,15.000000,448,-0.003540,-0.003915,0.494025,0.485355,0.787184,0.005028,0.001000,1.000000,1.000000,0.447114
pre_visit_dance,c16_r15m,16,15.000000,449,0.008296,0.003065,0.521153,0.419375,0.807001,0.005750,0.001000,1.000000,1.000000,0.411627
pre_visit_dance,c16_r37.5m,16,37.500000,400,0.019174,0.011397,0.689767,0.395990,0.831712,0.022194,0.001000,1.000000,1.000000,0.419273
pre_visit_dance,c16_r37.5m,16,37.500000,401,0.002952,0.009493,0.327950,0.661841,0.598275,0.009750,0.001000,1.000000,1.000000,0.509588
pre_visit_dance,c16_r37.5m,16,37.500000,402,-0.011871,0.008873,0.283193,0.443884,0.617330,0.020417,0.001000,1.000000,1.000000,0.434414
pre_visit_dance,c16_r37.5m,16,37.500000,403,-0.012703,0.008128,0.380398,0.336272,0.735899,0.016639,0.001000,1.000000,1.000000,0.299995
pre_visit_dance,c16_r37.5m,16,37.500000,404,-0.002560,0.005150,0.169995,0.717307,0.738454,0.021111,0.001000,1.000000,1.000000,0.629279
pre_visit_dance,c16_r37.5m,16,37.500000,405,0.001953,0.007997,0.292268,0.218749,0.864135,0.024139,0.001000,1.000000,1.000000,0.270331
pre_visit_dance,c16_r37.5m,16,37.500000,406,0.012782,0.010445,0.515652,0.415055,0.662029,0.037472,0.001000,1.000000,1.000000,0.357342
pre_visit_dance,c16_r37.5m,16,37.500000,407,0.001205,0.006626,0.503588,0.683034,0.731891,0.018694,0.001000,1.000000,1.000000,0.689014
pre_visit_dance,c16_r37.5m,16,37.500000,408,0.028982,0.010293,0.243550,0.288201,0.424454,0.008694,0.001000,1.000000,1.000000,0.583866
pre_visit_dance,c16_r37.5m,16,37.500000,409,0.008615,0.020731,0.322986,0.121471,0.466297,0.021639,0.001000,1.000000,1.000000,0.202941
pre_visit_dance,c16_r37.5m,16,37.500000,415,0.016626,0.011641,0.338345,0.506472,0.372050,0.027889,0.001000,1.000000,1.000000,0.499557
pre_visit_dance,c16_r37.5m,16,37.500000,413,0.013884,0.005259,0.423497,0.290400,0.676502,0.013389,0.001000,1.000000,1.000000,0.195714
pre_visit_dance,c16_r37.5m,16,37.500000,410,0.003593,0.007992,0.365886,0.496725,0.722357,0.017361,0.001000,1.000000,1.000000,0.486236
pre_visit_dance,c16_r37.5m,16,37.500000,414,-0.016633,0.002826,0.172440,0.591209,0.640007,0.013667,0.001000,1.000000,1.000000,0.658975
pre_visit_dance,c16_r37.5m,16,37.500000,411,-0.007526,0.003136,0.397344,0.403958,0.594178,0.024583,0.001000,1.000000,1.000000,0.281184
pre_visit_dance,c16_r37.5m,16,37.500000,416,0.006966,0.008019,0.456764,0.522952,0.678739,0.016917,0.001000,1.000000,1.000000,0.639220
pre_visit_dance,c16_r37.5m,16,37.500000,412,0.017268,0.006063,0.334325,0.527965,0.500067,0.014667,0.001000,1.000000,1.000000,0.450614
pre_visit_dance,c16_r37.5m,16,37.500000,419,0.008111,0.010675,0.111666,0.285154,0.640464,0.012306,0.001000,1.000000,1.000000,0.362281
pre_visit_dance,c16_r37.5m,16,37.500000,418,0.033646,0.012190,0.572869,0.081673,0.677579,0.013333,0.001000,1.000000,1.000000,0.246803
pre_visit_dance,c16_r37.5m,16,37.500000,420,0.003450,0.011371,0.309986,0.486737,0.605220,0.013111,0.001000,1.000000,1.000000,0.550920
pre_visit_dance,c16_r37.5m,16,37.500000,417,0.003465,0.007538,0.195325,0.265632,0.501713,0.026389,0.001000,1.000000,1.000000,0.329037
pre_visit_dance,c16_r37.5m,16,37.500000,421,0.005707,0.008367,0.254498,0.143812,0.769016,0.017056,0.001000,1.000000,1.000000,0.164639
pre_visit_dance,c16_r37.5m,16,37.500000,422,-0.009110,0.000309,0.498600,0.710356,0.799895,0.006778,0.001000,1.000000,1.000000,0.746741
pre_visit_dance,c16_r37.5m,16,37.500000,423,-0.000297,0.000101,0.474000,0.461515,0.807797,0.017278,0.001000,1.000000,1.000000,0.466796
pre_visit_dance,c16_r37.5m,16,37.500000,424,0.024812,0.005744,0.473111,0.335131,0.651820,0.017806,0.001000,1.000000,1.000000,0.399826
pre_visit_dance,c16_r37.5m,16,37.500000,425,0.004940,0.013157,0.471467,0.254094,0.729427,0.027278,0.001000,1.000000,1.000000,0.292643
pre_visit_dance,c16_r37.5m,16,37.500000,426,0.004287,0.007953,0.178490,0.502880,0.720914,0.011167,0.001000,1.000000,1.000000,0.638068
pre_visit_dance,c16_r37.5m,16,37.500000,428,-0.015452,0.004060,0.432381,0.351568,0.741997,0.016583,0.001000,1.000000,1.000000,0.263358
pre_visit_dance,c16_r37.5m,16,37.500000,427,0.007583,0.005653,0.245772,0.625015,0.638933,0.022861,0.001000,1.000000,1.000000,0.635925
pre_visit_dance,c16_r37.5m,16,37.500000,429,0.010923,0.014389,0.363298,0.424061,0.431596,0.024583,0.001000,1.000000,1.000000,0.381851
pre_visit_dance,c16_r37.5m,16,37.500000,431,0.034194,0.025803,0.719349,0.169671,0.267886,0.028889,0.001000,1.000000,1.000000,0.183851
pre_visit_dance,c16_r37.5m,16,37.500000,432,0.014278,0.010701,0.483156,0.475325,0.711789,0.018194,0.001000,1.000000,1.000000,0.483692
pre_visit_dance,c16_r37.5m,16,37.500000,430,0.001160,0.010432,0.237180,0.227881,0.680491,0.033111,0.001000,1.000000,1.000000,0.230857
pre_visit_dance,c16_r37.5m,16,37.500000,433,0.003888,0.006959,0.399548,0.285574,0.597622,0.020611,0.001000,1.000000,1.000000,0.309045
pre_visit_dance,c16_r37.5m,16,37.500000,435,0.018590,0.005091,0.451680,0.355160,0.820477,0.036417,0.001000,1.000000,1.000000,0.477909
pre_visit_dance,c16_r37.5m,16,37.500000,436,0.006168,0.010437,0.455519,0.484769,0.537147,0.029806,0.001000,1.000000,1.000000,0.525125
pre_visit_dance,c16_r37.5m,16,37.500000,434,0.005940,0.007147,0.308158,0.411843,0.786596,0.029389,0.001000,1.000000,1.000000,0.381372
pre_visit_dance,c16_r37.5m,16,37.500000,437,-0.004514,0.004955,0.338872,0.312734,0.749983,0.033083,0.001000,1.000000,1.000000,0.364763
pre_visit_dance,c16_r37.5m,16,37.500000,438,0.011246,0.011321,0.518516,0.268644,0.264014,0.018167,0.001000,1.000000,1.000000,0.193823
pre_visit_dance,c16_r37.5m,16,37.500000,439,0.000673,0.010417,0.253411,0.369197,0.735038,0.018917,0.001000,1.000000,1.000000,0.448601
pre_visit_dance,c16_r37.5m,16,37.500000,440,0.009873,0.013668,0.342872,0.410644,0.532296,0.023250,0.001000,1.000000,1.000000,0.278762
pre_visit_dance,c16_r37.5m,16,37.500000,441,-0.000539,0.000791,0.238957,0.268709,0.754256,0.012972,0.001000,1.000000,1.000000,0.213794
pre_visit_dance,c16_r37.5m,16,37.500000,442,0.005192,0.004891,0.263930,0.364832,0.637430,0.016278,0.001000,1.000000,1.000000,0.308499
pre_visit_dance,c16_r37.5m,16,37.500000,443,0.013012,0.010703,0.369334,0.353757,0.733417,0.020639,0.001000,1.000000,1.000000,0.512898
pre_visit_dance,c16_r37.5m,16,37.500000,445,0.009948,0.001683,0.330714,0.561989,0.730631,0.023778,0.001000,1.000000,1.000000,0.496095
pre_visit_dance,c16_r37.5m,16,37.500000,444,-0.001684,0.005101,0.327519,0.350352,0.724540,0.027944,0.001000,1.000000,1.000000,0.249361
pre_visit_dance,c16_r37.5m,16,37.500000,448,0.020760,0.022590,0.478870,0.147592,0.420673,0.023222,0.001000,1.000000,1.000000,0.228165
pre_visit_dance,c16_r37.5m,16,37.500000,447,-0.000080,0.007431,0.299822,0.356059,0.710545,0.022472,0.001000,1.000000,1.000000,0.444380
pre_visit_dance,c16_r37.5m,16,37.500000,446,0.006825,0.008277,0.296142,0.721220,0.783180,0.020833,0.001000,1.000000,1.000000,0.700166
pre_visit_dance,c16_r37.5m,16,37.500000,449,0.004572,0.007512,0.734627,0.402453,0.789913,0.021111,0.001000,1.000000,1.000000,0.174509
pre_visit_dance,c16_r75m,16,75.000000,401,0.041147,0.049184,0.800479,0.958683,0.340145,0.094528,0.018414,0.750000,0.811667,0.832671
pre_visit_dance,c16_r75m,16,75.000000,402,0.037789,0.039989,0.922847,0.906011,0.363812,0.093278,0.028504,0.833333,0.810000,0.893745
pre_visit_dance,c16_r75m,16,75.000000,400,0.055725,0.053055,0.912793,0.791685,0.465481,0.080056,0.015541,0.750000,0.773333,0.836931
pre_visit_dance,c16_r75m,16,75.000000,403,0.055703,0.050908,0.895277,0.931253,0.692327,0.088361,0.014526,0.833333,0.755000,0.899188
pre_visit_dance,c16_r75m,16,75.000000,404,0.057509,0.046791,0.945697,0.540946,0.949918,0.086139,0.013490,0.950000,0.866667,0.564139
pre_visit_dance,c16_r75m,16,75.000000,405,0.057589,0.053507,0.734042,0.744788,0.458304,0.088444,0.017686,0.816667,0.850000,0.687930
pre_visit_dance,c16_r75m,16,75.000000,406,0.056910,0.049038,0.749074,0.861377,0.906516,0.081444,0.018705,0.850000,0.788333,0.863725
pre_visit_dance,c16_r75m,16,75.000000,408,0.044888,0.049780,0.536342,0.461344,0.792507,0.089167,0.014426,0.916667,0.890000,0.422325
pre_visit_dance,c16_r75m,16,75.000000,411,0.049488,0.050218,0.433258,0.861983,0.255778,0.090361,0.014364,0.816667,0.836667,0.879365
pre_visit_dance,c16_r75m,16,75.000000,410,0.024829,0.038356,0.649824,0.926907,0.619771,0.080972,0.028640,0.733333,0.870000,0.788228
pre_visit_dance,c16_r75m,16,75.000000,412,0.032237,0.039198,0.567720,0.639720,0.880175,0.091083,0.007827,0.900000,0.878333,0.579047
pre_visit_dance,c16_r75m,16,75.000000,407,0.042262,0.035048,0.696287,0.746073,0.844741,0.097250,0.012648,0.883333,0.845000,0.766209
pre_visit_dance,c16_r75m,16,75.000000,409,0.049226,0.046865,0.897916,0.901981,0.861204,0.096306,0.028131,0.833333,0.778333,0.911413
pre_visit_dance,c16_r75m,16,75.000000,414,0.037370,0.053741,0.946135,0.885419,0.727849,0.079194,0.015594,0.816667,0.791667,0.868315
pre_visit_dance,c16_r75m,16,75.000000,413,0.041979,0.057187,0.873511,0.911546,0.342387,0.090083,0.010123,0.883333,0.795000,0.892069
pre_visit_dance,c16_r75m,16,75.000000,415,0.053696,0.054290,0.962581,0.934982,0.307923,0.095833,0.013781,0.833333,0.780000,0.875338
pre_visit_dance,c16_r75m,16,75.000000,417,0.060009,0.044963,0.869673,0.896544,0.328143,0.088556,0.024998,0.800000,0.798333,0.752211
pre_visit_dance,c16_r75m,16,75.000000,419,0.068897,0.050480,0.736961,0.776321,0.515148,0.059278,0.021495,0.800000,0.868333,0.637720
pre_visit_dance,c16_r75m,16,75.000000,416,0.059176,0.054040,0.887411,0.946287,0.721367,0.094250,0.023204,0.816667,0.765000,0.901338
pre_visit_dance,c16_r75m,16,75.000000,418,0.067542,0.052339,0.883345,0.940002,0.528874,0.100861,0.019808,0.783333,0.768333,0.863664
pre_visit_dance,c16_r75m,16,75.000000,420,0.044940,0.047199,0.580798,0.745929,0.542447,0.085361,0.020449,0.833333,0.840000,0.694376
pre_visit_dance,c16_r75m,16,75.000000,421,0.060017,0.058092,0.854439,0.778067,0.472055,0.093361,0.019340,0.816667,0.783333,0.888202
pre_visit_dance,c16_r75m,16,75.000000,423,0.061034,0.061116,0.835145,0.935560,0.413005,0.095889,0.031407,0.766667,0.796667,0.768194
pre_visit_dance,c16_r75m,16,75.000000,422,0.052165,0.047587,0.869174,0.934643,0.942100,0.098194,0.034953,0.750000,0.780000,0.903128
pre_visit_dance,c16_r75m,16,75.000000,425,0.044944,0.060291,0.891405,0.856524,0.596501,0.092500,0.021902,0.833333,0.766667,0.852210
pre_visit_dance,c16_r75m,16,75.000000,428,0.046950,0.050846,0.786893,0.738123,0.461662,0.093417,0.018276,0.816667,0.828333,0.608553
pre_visit_dance,c16_r75m,16,75.000000,427,0.050372,0.045681,0.838861,0.917501,0.636819,0.103944,0.040439,0.633333,0.765000,0.854129
pre_visit_dance,c16_r75m,16,75.000000,426,0.063147,0.049815,0.776859,0.937408,0.336030,0.060944,0.009067,0.850000,0.831667,0.923699
pre_visit_dance,c16_r75m,16,75.000000,424,0.056942,0.051970,0.906059,0.874592,0.646599,0.088944,0.027418,0.800000,0.766667,0.821080
pre_visit_dance,c16_r75m,16,75.000000,429,0.037096,0.045109,0.900788,0.929167,0.872624,0.087639,0.017005,0.766667,0.796667,0.918571
pre_visit_dance,c16_r75m,16,75.000000,431,0.041454,0.048026,0.760152,0.889612,0.602861,0.097806,0.035589,0.783333,0.826667,0.812323
pre_visit_dance,c16_r75m,16,75.000000,430,0.056080,0.065901,0.918564,0.818928,0.218895,0.095083,0.027879,0.816667,0.800000,0.882224
pre_visit_dance,c16_r75m,16,75.000000,433,0.047431,0.042015,0.907924,0.930031,0.629240,0.098278,0.031600,0.716667,0.735000,0.924477
pre_visit_dance,c16_r75m,16,75.000000,432,0.059962,0.070749,0.888664,0.793497,0.192745,0.089972,0.014608,0.883333,0.821667,0.795004
pre_visit_dance,c16_r75m,16,75.000000,434,0.040211,0.045054,0.853712,0.818556,0.574128,0.091667,0.026511,0.833333,0.771667,0.860046
pre_visit_dance,c16_r75m,16,75.000000,436,0.050360,0.057174,0.782338,0.934495,0.639920,0.096194,0.020837,0.866667,0.738333,0.920194
pre_visit_dance,c16_r75m,16,75.000000,435,0.050280,0.044529,0.635132,0.899802,0.684758,0.083667,0.010566,0.883333,0.825000,0.882041
pre_visit_dance,c16_r75m,16,75.000000,438,0.038599,0.058036,0.876933,0.942310,0.400618,0.092389,0.021262,0.816667,0.745000,0.923245
pre_visit_dance,c16_r75m,16,75.000000,437,0.054691,0.044979,0.938420,0.852013,0.639408,0.082944,0.016039,0.833333,0.780000,0.874619
pre_visit_dance,c16_r75m,16,75.000000,439,0.047876,0.053521,0.914615,0.939093,0.477082,0.086389,0.034934,0.766667,0.786667,0.901089
pre_visit_dance,c16_r75m,16,75.000000,440,0.049587,0.060265,0.921685,0.905934,0.355381,0.087306,0.018061,0.883333,0.768333,0.908126
pre_visit_dance,c16_r75m,16,75.000000,442,0.046085,0.051634,0.727978,0.854887,0.297288,0.086222,0.011226,0.866667,0.848333,0.757876
pre_visit_dance,c16_r75m,16,75.000000,441,0.041375,0.047281,0.870913,0.905956,0.710699,0.096444,0.025436,0.783333,0.778333,0.869764
pre_visit_dance,c16_r75m,16,75.000000,443,0.063332,0.062158,0.807622,0.704028,0.439453,0.067278,0.013933,0.883333,0.860000,0.599013
pre_visit_dance,c16_r75m,16,75.000000,444,0.057992,0.045619,0.891758,0.877735,0.600418,0.095028,0.022308,0.783333,0.781667,0.842613
pre_visit_dance,c16_r75m,16,75.000000,446,0.050596,0.051586,0.787241,0.833946,0.549357,0.093333,0.018915,0.833333,0.765000,0.844817
pre_visit_dance,c16_r75m,16,75.000000,445,0.040951,0.060390,0.946732,0.913289,0.410468,0.090972,0.010915,0.883333,0.786667,0.879545
pre_visit_dance,c16_r75m,16,75.000000,447,0.050606,0.037963,0.715826,0.858377,0.846119,0.085028,0.008009,0.916667,0.851667,0.862863
pre_visit_dance,c16_r75m,16,75.000000,448,0.031695,0.046969,0.553469,0.429439,0.839839,0.088583,0.005790,0.933333,0.866667,0.511189
pre_visit_dance,c16_r75m,16,75.000000,449,0.059440,0.057874,0.845563,0.934676,0.377694,0.097111,0.028278,0.816667,0.771667,0.884501
pre_visit_dance,c16_r150m,16,150.000000,400,0.096836,0.090946,0.842699,0.835142,0.629097,0.198028,1.141526,0.000000,0.000000,0.790665
pre_visit_dance,c16_r150m,16,150.000000,404,0.065618,0.058491,0.455308,0.711971,0.453939,0.184667,0.971876,0.000000,0.000000,0.633827
pre_visit_dance,c16_r150m,16,150.000000,402,0.085098,0.085498,0.813104,0.830324,0.926780,0.205472,1.166079,0.000000,0.001667,0.827612
pre_visit_dance,c16_r150m,16,150.000000,401,0.102602,0.093242,0.766549,0.759127,0.755825,0.189278,1.076005,0.000000,0.000000,0.813602
pre_visit_dance,c16_r150m,16,150.000000,403,0.082558,0.088466,0.813107,0.838977,0.871397,0.197861,1.131407,0.000000,0.000000,0.825410
pre_visit_dance,c16_r150m,16,150.000000,406,0.091963,0.092164,0.827193,0.726258,0.384101,0.196472,1.103073,0.000000,0.000000,0.725757
pre_visit_dance,c16_r150m,16,150.000000,405,0.092335,0.100500,0.905912,0.853894,0.521102,0.194694,1.122158,0.000000,0.000000,0.817246
pre_visit_dance,c16_r150m,16,150.000000,407,0.101550,0.086447,0.836309,0.878352,0.691242,0.208417,1.249129,0.000000,0.000000,0.852424
pre_visit_dance,c16_r150m,16,150.000000,409,0.095665,0.096393,0.852762,0.761264,0.604129,0.200361,1.131849,0.000000,0.000000,0.730200
pre_visit_dance,c16_r150m,16,150.000000,408,0.082021,0.088379,0.756875,0.801612,0.810358,0.187361,1.044947,0.000000,0.000000,0.819813
pre_visit_dance,c16_r150m,16,150.000000,410,0.084846,0.088402,0.757075,0.898520,0.762621,0.210528,1.258612,0.000000,0.000000,0.878912
pre_visit_dance,c16_r150m,16,150.000000,411,0.087182,0.092000,0.841553,0.782734,0.773249,0.194361,1.106839,0.000000,0.000000,0.674326
pre_visit_dance,c16_r150m,16,150.000000,413,0.078233,0.067508,0.534648,0.570171,0.646302,0.181778,0.961328,0.000000,0.000000,0.559351
pre_visit_dance,c16_r150m,16,150.000000,412,0.071973,0.090052,0.816228,0.855488,0.405949,0.200000,1.143538,0.000000,0.000000,0.831282
pre_visit_dance,c16_r150m,16,150.000000,414,0.082521,0.099581,0.734961,0.903750,0.417726,0.190000,1.045355,0.000000,0.000000,0.874333
pre_visit_dance,c16_r150m,16,150.000000,415,0.096646,0.090838,0.838411,0.897301,0.560731,0.203250,1.177872,0.000000,0.000000,0.892320
pre_visit_dance,c16_r150m,16,150.000000,416,0.110322,0.104376,0.830907,0.810507,0.397501,0.195389,1.142709,0.000000,0.000000,0.819505
pre_visit_dance,c16_r150m,16,150.000000,417,0.081858,0.085344,0.703004,0.898903,0.419131,0.187694,1.032855,0.000000,0.000000,0.867613
pre_visit_dance,c16_r150m,16,150.000000,418,0.081800,0.084014,0.798223,0.775761,0.776547,0.190833,1.073311,0.000000,0.000000,0.705578
pre_visit_dance,c16_r150m,16,150.000000,419,0.105183,0.096119,0.871973,0.832465,0.524240,0.193306,1.089832,0.000000,0.000000,0.818636
pre_visit_dance,c16_r150m,16,150.000000,420,0.101161,0.083505,0.704304,0.876421,0.657368,0.198000,1.124522,0.000000,0.001667,0.806173
pre_visit_dance,c16_r150m,16,150.000000,421,0.084912,0.089976,0.867040,0.822249,0.734912,0.203444,1.163940,0.000000,0.000000,0.770865
pre_visit_dance,c16_r150m,16,150.000000,423,0.085792,0.092127,0.840427,0.769297,0.688455,0.196361,1.102049,0.000000,0.000000,0.790839
pre_visit_dance,c16_r150m,16,150.000000,422,0.104543,0.091327,0.786306,0.838250,0.462768,0.187583,1.077632,0.000000,0.001667,0.851842
pre_visit_dance,c16_r150m,16,150.000000,424,0.084919,0.087507,0.795321,0.846040,0.486732,0.201028,1.176432,0.000000,0.000000,0.812984
pre_visit_dance,c16_r150m,16,150.000000,425,0.104185,0.088365,0.890078,0.850827,0.800823,0.202556,1.177720,0.000000,0.000000,0.862179
pre_visit_dance,c16_r150m,16,150.000000,426,0.095902,0.084529,0.804376,0.742814,0.689484,0.198444,1.102749,0.000000,0.000000,0.804044
pre_visit_dance,c16_r150m,16,150.000000,427,0.075758,0.079572,0.728967,0.825146,0.688724,0.197306,1.108288,0.000000,0.000000,0.806084
pre_visit_dance,c16_r150m,16,150.000000,428,0.087316,0.093357,0.770729,0.849083,0.456220,0.199500,1.177331,0.000000,0.000000,0.781812
pre_visit_dance,c16_r150m,16,150.000000,429,0.104023,0.097058,0.886646,0.815632,0.531953,0.202389,1.183636,0.000000,0.000000,0.804232
pre_visit_dance,c16_r150m,16,150.000000,430,0.089219,0.090057,0.831144,0.758475,0.575856,0.195472,1.067083,0.000000,0.000000,0.741665
pre_visit_dance,c16_r150m,16,150.000000,431,0.062011,0.077365,0.650312,0.814236,0.852174,0.200472,1.126993,0.000000,0.000000,0.827818
pre_visit_dance,c16_r150m,16,150.000000,432,0.106923,0.091075,0.766627,0.795946,0.536787,0.198944,1.133005,0.000000,0.000000,0.803270
pre_visit_dance,c16_r150m,16,150.000000,433,0.082723,0.091139,0.670339,0.909837,0.507565,0.194139,1.066349,0.000000,0.000000,0.861587
pre_visit_dance,c16_r150m,16,150.000000,434,0.103888,0.090614,0.847007,0.857793,0.745901,0.201833,1.160054,0.000000,0.000000,0.792184
pre_visit_dance,c16_r150m,16,150.000000,435,0.104904,0.093455,0.806679,0.761433,0.612626,0.199861,1.129858,0.000000,0.000000,0.778494
pre_visit_dance,c16_r150m,16,150.000000,436,0.075072,0.078632,0.756673,0.844519,0.811554,0.198667,1.122144,0.000000,0.000000,0.826180
pre_visit_dance,c16_r150m,16,150.000000,438,0.090279,0.094405,0.825999,0.770212,0.641759,0.196556,1.141174,0.000000,0.000000,0.750693
pre_visit_dance,c16_r150m,16,150.000000,439,0.086688,0.077243,0.799149,0.867743,0.632767,0.183528,0.979582,0.000000,0.000000,0.855288
pre_visit_dance,c16_r150m,16,150.000000,437,0.110469,0.096491,0.776694,0.808353,0.576086,0.203972,1.172280,0.000000,0.000000,0.757867
pre_visit_dance,c16_r150m,16,150.000000,440,0.093476,0.087950,0.824999,0.834881,0.666080,0.208472,1.230377,0.000000,0.000000,0.775977
pre_visit_dance,c16_r150m,16,150.000000,443,0.090330,0.090639,0.721654,0.824691,0.473847,0.191444,1.038077,0.000000,0.000000,0.833893
pre_visit_dance,c16_r150m,16,150.000000,441,0.079613,0.086314,0.816350,0.858100,0.728133,0.192667,1.081389,0.000000,0.000000,0.827692
pre_visit_dance,c16_r150m,16,150.000000,442,0.094314,0.097853,0.853266,0.665329,0.629038,0.195167,1.097841,0.000000,0.000000,0.679126
pre_visit_dance,c16_r150m,16,150.000000,444,0.102352,0.098917,0.871266,0.777581,0.403510,0.195222,1.078470,0.000000,0.000000,0.802785
pre_visit_dance,c16_r150m,16,150.000000,445,0.083458,0.074328,0.614438,0.841868,0.642123,0.195056,1.072972,0.000000,0.000000,0.820833
pre_visit_dance,c16_r150m,16,150.000000,446,0.086311,0.096544,0.757915,0.724015,0.415332,0.191833,1.058270,0.000000,0.000000,0.696003
pre_visit_dance,c16_r150m,16,150.000000,447,0.102741,0.092026,0.769450,0.778125,0.653229,0.196917,1.110838,0.000000,0.000000,0.801654
pre_visit_dance,c16_r150m,16,150.000000,448,0.090581,0.092602,0.806888,0.815164,0.543013,0.198889,1.115986,0.000000,0.000000,0.831027
pre_visit_dance,c16_r150m,16,150.000000,449,0.092293,0.089512,0.844852,0.754994,0.815959,0.197444,1.122642,0.000000,0.000000,0.810144
pre_visit_dance,c16_r300m,16,300.000000,400,0.119631,0.112120,0.591476,0.543348,0.478028,0.340111,2.987210,0.000000,0.000000,0.527089
pre_visit_dance,c16_r300m,16,300.000000,401,0.139576,0.137311,0.834220,0.774839,0.649733,0.380861,3.405398,0.000000,0.000000,0.746871
pre_visit_dance,c16_r300m,16,300.000000,405,0.079311,0.089546,0.396891,0.631966,0.410641,0.338111,2.925369,0.000000,0.000000,0.636653
pre_visit_dance,c16_r300m,16,300.000000,403,0.154800,0.151298,0.765011,0.828743,0.440961,0.375889,3.383550,0.000000,0.000000,0.771563
pre_visit_dance,c16_r300m,16,300.000000,404,0.067865,0.069965,0.389647,0.699428,0.461386,0.342611,2.977274,0.000000,0.000000,0.725324
pre_visit_dance,c16_r300m,16,300.000000,402,0.132759,0.133822,0.753766,0.608144,0.411408,0.367167,3.243423,0.000000,0.000000,0.696807
pre_visit_dance,c16_r300m,16,300.000000,406,0.126027,0.120842,0.695370,0.813597,0.823715,0.382639,3.417934,0.000000,0.000000,0.816890
pre_visit_dance,c16_r300m,16,300.000000,407,0.120107,0.128626,0.762247,0.806157,0.544017,0.378389,3.390047,0.000000,0.000000,0.779609
pre_visit_dance,c16_r300m,16,300.000000,409,0.134903,0.118334,0.714816,0.662381,0.433413,0.359611,3.171211,0.000000,0.000000,0.569624
pre_visit_dance,c16_r300m,16,300.000000,408,0.120850,0.127265,0.713694,0.697726,0.862796,0.373222,3.320170,0.000000,0.000000,0.584842
pre_visit_dance,c16_r300m,16,300.000000,411,0.148752,0.137821,0.798088,0.780319,0.742504,0.387194,3.504837,0.000000,0.000000,0.667910
pre_visit_dance,c16_r300m,16,300.000000,410,0.135224,0.134167,0.754441,0.812179,0.673977,0.373861,3.367827,0.000000,0.000000,0.845952
pre_visit_dance,c16_r300m,16,300.000000,413,0.143607,0.127055,0.602568,0.654893,0.576531,0.352361,3.139443,0.000000,0.000000,0.470239
pre_visit_dance,c16_r300m,16,300.000000,412,0.140448,0.131846,0.817567,0.827032,0.723534,0.391611,3.535444,0.000000,0.000000,0.840595
pre_visit_dance,c16_r300m,16,300.000000,414,0.163891,0.145354,0.771472,0.628138,0.317154,0.382528,3.438523,0.000000,0.000000,0.556910
pre_visit_dance,c16_r300m,16,300.000000,415,0.135362,0.140458,0.817512,0.842362,0.480835,0.373222,3.347634,0.000000,0.000000,0.779861
pre_visit_dance,c16_r300m,16,300.000000,416,0.118428,0.110373,0.650137,0.543360,0.588095,0.342306,2.963964,0.000000,0.000000,0.574760
pre_visit_dance,c16_r300m,16,300.000000,417,0.126274,0.131670,0.682742,0.790678,0.594057,0.361083,3.235357,0.000000,0.000000,0.781112
pre_visit_dance,c16_r300m,16,300.000000,421,0.109488,0.109801,0.453174,0.663227,0.462355,0.350000,3.064241,0.000000,0.000000,0.659435
pre_visit_dance,c16_r300m,16,300.000000,419,0.134963,0.137837,0.855894,0.695650,0.690081,0.386250,3.448973,0.000000,0.000000,0.738375
pre_visit_dance,c16_r300m,16,300.000000,418,0.141359,0.144160,0.798552,0.843216,0.487967,0.376333,3.399408,0.000000,0.000000,0.788311
pre_visit_dance,c16_r300m,16,300.000000,420,0.152814,0.125979,0.711627,0.805281,0.575500,0.384278,3.448721,0.000000,0.000000,0.834689
pre_visit_dance,c16_r300m,16,300.000000,422,0.124438,0.111165,0.639270,0.844444,0.759303,0.374250,3.343477,0.000000,0.000000,0.738141
pre_visit_dance,c16_r300m,16,300.000000,423,0.141987,0.126157,0.698731,0.817080,0.505597,0.382250,3.420820,0.000000,0.000000,0.811791
pre_visit_dance,c16_r300m,16,300.000000,425,0.122274,0.138325,0.788854,0.634474,0.335383,0.358167,3.170541,0.000000,0.000000,0.555972
pre_visit_dance,c16_r300m,16,300.000000,424,0.119070,0.116598,0.722808,0.782604,0.814240,0.371028,3.315921,0.000000,0.000000,0.771250
pre_visit_dance,c16_r300m,16,300.000000,426,0.119349,0.132671,0.773510,0.619271,0.560132,0.345278,3.022163,0.000000,0.000000,0.624490
pre_visit_dance,c16_r300m,16,300.000000,427,0.137965,0.144143,0.774135,0.796345,0.651769,0.366056,3.261374,0.000000,0.000000,0.783758
pre_visit_dance,c16_r300m,16,300.000000,428,0.111777,0.121461,0.670872,0.650885,0.633141,0.349278,3.055146,0.000000,0.000000,0.618669
pre_visit_dance,c16_r300m,16,300.000000,429,0.143993,0.142159,0.791896,0.775405,0.663604,0.379861,3.435736,0.000000,0.000000,0.728361
pre_visit_dance,c16_r300m,16,300.000000,430,0.129761,0.131550,0.560792,0.674548,0.277253,0.369250,3.278981,0.000000,0.000000,0.605251
pre_visit_dance,c16_r300m,16,300.000000,431,0.137048,0.126026,0.716969,0.845473,0.365591,0.370333,3.316901,0.000000,0.000000,0.833144
pre_visit_dance,c16_r300m,16,300.000000,432,0.119054,0.132034,0.721659,0.833511,0.630493,0.368889,3.274759,0.000000,0.000000,0.807623
pre_visit_dance,c16_r300m,16,300.000000,434,0.097743,0.101817,0.562512,0.518363,0.695908,0.340889,2.959453,0.000000,0.000000,0.507140
pre_visit_dance,c16_r300m,16,300.000000,433,0.137375,0.126462,0.801422,0.798824,0.336398,0.370833,3.304395,0.000000,0.000000,0.768997
pre_visit_dance,c16_r300m,16,300.000000,435,0.081608,0.100692,0.537227,0.418851,0.709449,0.327139,2.853848,0.000000,0.000000,0.367445
pre_visit_dance,c16_r300m,16,300.000000,437,0.113630,0.104840,0.584214,0.701766,0.836811,0.358278,3.159245,0.000000,0.000000,0.564555
pre_visit_dance,c16_r300m,16,300.000000,436,0.125922,0.126879,0.759776,0.810879,0.731663,0.373250,3.336969,0.000000,0.000000,0.807394
pre_visit_dance,c16_r300m,16,300.000000,438,0.112537,0.131952,0.769349,0.862895,0.832570,0.372750,3.354524,0.000000,0.000000,0.846616
pre_visit_dance,c16_r300m,16,300.000000,440,0.140746,0.119526,0.755956,0.602010,0.582931,0.350694,3.067326,0.000000,0.000000,0.647810
pre_visit_dance,c16_r300m,16,300.000000,439,0.127451,0.124166,0.745869,0.719172,0.457757,0.374444,3.355103,0.000000,0.000000,0.678848
pre_visit_dance,c16_r300m,16,300.000000,441,0.148166,0.137180,0.855565,0.853839,0.736153,0.382667,3.472500,0.000000,0.000000,0.855117
pre_visit_dance,c16_r300m,16,300.000000,442,0.147439,0.143346,0.806697,0.799990,0.454298,0.387250,3.476824,0.000000,0.000000,0.691337
pre_visit_dance,c16_r300m,16,300.000000,445,0.070502,0.101554,0.533844,0.622996,0.687003,0.338222,2.937714,0.000000,0.000000,0.506016
pre_visit_dance,c16_r300m,16,300.000000,443,0.122662,0.111249,0.684279,0.761886,0.686991,0.374500,3.352377,0.000000,0.000000,0.738492
pre_visit_dance,c16_r300m,16,300.000000,446,0.104167,0.092745,0.523835,0.589137,0.376401,0.340167,2.972508,0.000000,0.000000,0.497610
pre_visit_dance,c16_r300m,16,300.000000,444,0.146638,0.148672,0.788917,0.739382,0.517581,0.372611,3.301876,0.000000,0.000000,0.627270
pre_visit_dance,c16_r300m,16,300.000000,447,0.134035,0.110080,0.637951,0.653537,0.336264,0.368694,3.275211,0.000000,0.000000,0.668502
pre_visit_dance,c16_r300m,16,300.000000,448,0.133608,0.127315,0.699820,0.778323,0.645660,0.361917,3.230312,0.000000,0.000000,0.817257
pre_visit_dance,c16_r300m,16,300.000000,449,0.141196,0.115174,0.689429,0.826315,0.456386,0.371667,3.335503,0.000000,0.000000,0.785054
pre_visit_dance,c16_r600m,16,600.000000,400,0.067476,0.093340,0.205233,0.378440,0.645003,0.557583,5.774568,0.000000,0.000000,0.392095
pre_visit_dance,c16_r600m,16,600.000000,402,0.128687,0.128298,0.550499,0.440214,0.514764,0.600972,6.236570,0.000000,0.000000,0.406523
pre_visit_dance,c16_r600m,16,600.000000,401,0.125342,0.129035,0.787644,0.669699,0.705913,0.648528,6.751553,0.000000,0.000000,0.684788
pre_visit_dance,c16_r600m,16,600.000000,403,0.086824,0.077449,0.472286,0.401741,0.698014,0.587194,6.087671,0.000000,0.000000,0.476615
pre_visit_dance,c16_r600m,16,600.000000,405,0.131497,0.124726,0.591264,0.659672,0.762344,0.618500,6.435687,0.000000,0.000000,0.568061
pre_visit_dance,c16_r600m,16,600.000000,406,0.092914,0.097249,0.520080,0.268670,0.502058,0.598778,6.206431,0.000000,0.000000,0.337120
pre_visit_dance,c16_r600m,16,600.000000,408,0.130595,0.100367,0.431577,0.527559,0.361008,0.618833,6.437935,0.000000,0.000000,0.531838
pre_visit_dance,c16_r600m,16,600.000000,404,0.129678,0.133935,0.732447,0.749548,0.643527,0.636083,6.622933,0.000000,0.000000,0.790038
pre_visit_dance,c16_r600m,16,600.000000,409,0.129118,0.127247,0.655491,0.490492,0.811797,0.638167,6.633093,0.000000,0.000000,0.404511
pre_visit_dance,c16_r600m,16,600.000000,407,0.125379,0.117032,0.762697,0.677465,0.544964,0.627750,6.552546,0.000000,0.000000,0.656707
pre_visit_dance,c16_r600m,16,600.000000,410,0.136452,0.120802,0.689606,0.442600,0.783272,0.613750,6.363322,0.000000,0.000000,0.398133
pre_visit_dance,c16_r600m,16,600.000000,411,0.086225,0.115244,0.708491,0.438725,0.609113,0.599667,6.187350,0.000000,0.000000,0.461777
pre_visit_dance,c16_r600m,16,600.000000,412,0.110711,0.098427,0.517263,0.505930,0.270631,0.628028,6.541684,0.000000,0.000000,0.484986
pre_visit_dance,c16_r600m,16,600.000000,413,0.101822,0.095363,0.457905,0.506254,0.746536,0.623389,6.469157,0.000000,0.000000,0.513833
pre_visit_dance,c16_r600m,16,600.000000,414,0.105610,0.106038,0.588185,0.463491,0.485407,0.611722,6.350349,0.000000,0.000000,0.454701
pre_visit_dance,c16_r600m,16,600.000000,415,0.102524,0.084403,0.420694,0.682250,0.503322,0.617056,6.415038,0.000000,0.000000,0.719149
pre_visit_dance,c16_r600m,16,600.000000,416,0.085895,0.095099,0.428816,0.367098,0.560807,0.604000,6.262985,0.000000,0.000000,0.376603
pre_visit_dance,c16_r600m,16,600.000000,417,0.080456,0.101559,0.418750,0.431177,0.850476,0.590500,6.135643,0.000000,0.000000,0.486897
pre_visit_dance,c16_r600m,16,600.000000,418,0.106342,0.096928,0.497990,0.564621,0.761224,0.602667,6.260660,0.000000,0.000000,0.542082
pre_visit_dance,c16_r600m,16,600.000000,419,0.093839,0.111745,0.490433,0.598120,0.800148,0.632639,6.587312,0.000000,0.000000,0.488522
pre_visit_dance,c16_r600m,16,600.000000,420,0.109088,0.112077,0.672641,0.792124,0.504827,0.643389,6.710742,0.000000,0.000000,0.736103
pre_visit_dance,c16_r600m,16,600.000000,421,0.134604,0.139451,0.890621,0.833208,0.753515,0.641639,6.705394,0.000000,0.000000,0.720138
pre_visit_dance,c16_r600m,16,600.000000,426,0.132807,0.112067,0.502594,0.266044,0.626528,0.600278,6.243817,0.000000,0.000000,0.279974
pre_visit_dance,c16_r600m,16,600.000000,422,0.130880,0.129193,0.674475,0.682831,0.555809,0.637889,6.665334,0.000000,0.000000,0.664333
pre_visit_dance,c16_r600m,16,600.000000,424,0.109190,0.112724,0.650349,0.719931,0.729386,0.631944,6.571984,0.000000,0.000000,0.655465
pre_visit_dance,c16_r600m,16,600.000000,423,0.098559,0.072855,0.455338,0.418149,0.645285,0.599889,6.231934,0.000000,0.000000,0.429595
pre_visit_dance,c16_r600m,16,600.000000,428,0.067939,0.061303,0.236321,0.379987,0.323379,0.595583,6.201343,0.000000,0.000000,0.351090
pre_visit_dance,c16_r600m,16,600.000000,427,0.080518,0.061669,0.508011,0.586923,0.636409,0.617389,6.404137,0.000000,0.000000,0.545162
pre_visit_dance,c16_r600m,16,600.000000,425,0.098417,0.083319,0.395498,0.618619,0.708447,0.618556,6.454740,0.000000,0.000000,0.633841
pre_visit_dance,c16_r600m,16,600.000000,429,0.091706,0.098817,0.625374,0.634855,0.699506,0.619556,6.439251,0.000000,0.000000,0.697593
pre_visit_dance,c16_r600m,16,600.000000,430,0.138532,0.121044,0.591663,0.637409,0.478551,0.641167,6.664333,0.000000,0.000000,0.554664
pre_visit_dance,c16_r600m,16,600.000000,431,0.118076,0.119310,0.560275,0.516754,0.601435,0.610750,6.374918,0.000000,0.000000,0.576810
pre_visit_dance,c16_r600m,16,600.000000,432,0.130701,0.111959,0.679644,0.664809,0.617576,0.617667,6.444715,0.000000,0.000000,0.638184
pre_visit_dance,c16_r600m,16,600.000000,433,0.125758,0.127150,0.769833,0.788981,0.788195,0.644833,6.700454,0.000000,0.000000,0.784316
pre_visit_dance,c16_r600m,16,600.000000,434,0.148610,0.148077,0.722820,0.779894,0.384568,0.641806,6.722576,0.000000,0.000000,0.732109
pre_visit_dance,c16_r600m,16,600.000000,435,0.052682,0.068358,0.278407,0.381624,0.646348,0.578833,6.021500,0.000000,0.000000,0.346356
pre_visit_dance,c16_r600m,16,600.000000,436,0.042631,0.057482,0.304298,0.243375,0.640178,0.576861,5.964854,0.000000,0.000000,0.254518
pre_visit_dance,c16_r600m,16,600.000000,438,0.123116,0.120807,0.595472,0.430053,0.565697,0.636028,6.611015,0.000000,0.000000,0.362806
pre_visit_dance,c16_r600m,16,600.000000,437,0.163952,0.142756,0.798081,0.661472,0.744437,0.641278,6.699216,0.000000,0.000000,0.676912
pre_visit_dance,c16_r600m,16,600.000000,439,0.116011,0.130119,0.563852,0.675449,0.511096,0.651778,6.827024,0.000000,0.000000,0.629370
pre_visit_dance,c16_r600m,16,600.000000,440,0.112769,0.108129,0.465800,0.705816,0.320962,0.624361,6.507520,0.000000,0.000000,0.689127
pre_visit_dance,c16_r600m,16,600.000000,441,0.051851,0.074248,0.337046,0.635729,0.600216,0.621111,6.463436,0.000000,0.000000,0.561869
pre_visit_dance,c16_r600m,16,600.000000,443,0.108781,0.093106,0.442769,0.791349,0.783467,0.632111,6.621678,0.000000,0.000000,0.764002
pre_visit_dance,c16_r600m,16,600.000000,444,0.087170,0.108883,0.565399,0.702724,0.840839,0.644278,6.699755,0.000000,0.000000,0.673212
pre_visit_dance,c16_r600m,16,600.000000,442,0.110007,0.108864,0.456293,0.722131,0.761881,0.628417,6.561276,0.000000,0.000000,0.686993
pre_visit_dance,c24_r15m,24,15.000000,400,0.004672,-0.000892,0.300521,0.364291,0.706543,0.013583,0.001000,1.000000,1.000000,0.351681
pre_visit_dance,c24_r15m,24,15.000000,401,0.002234,0.000185,0.340354,0.641347,0.770427,0.006861,0.001000,1.000000,1.000000,0.590517
pre_visit_dance,c16_r600m,16,600.000000,445,0.066185,0.076469,0.412593,0.736525,0.511188,0.623556,6.498823,0.000000,0.000000,0.705267
pre_visit_dance,c24_r15m,24,15.000000,402,-0.002170,-0.000818,0.396809,0.385101,0.666105,0.014028,0.001000,1.000000,1.000000,0.230725
pre_visit_dance,c16_r600m,16,600.000000,446,0.157527,0.146681,0.797435,0.535933,0.624926,0.615028,6.389063,0.000000,0.000000,0.519420
pre_visit_dance,c24_r15m,24,15.000000,403,0.010533,0.005030,0.621568,0.347720,0.386223,0.013444,0.001000,1.000000,1.000000,0.448050
pre_visit_dance,c24_r15m,24,15.000000,404,-0.001071,0.002645,0.382762,0.374018,0.719256,0.009028,0.001000,1.000000,1.000000,0.368739
pre_visit_dance,c24_r15m,24,15.000000,405,0.013020,0.003616,0.404958,0.384063,0.504665,0.015028,0.001000,1.000000,1.000000,0.343328
pre_visit_dance,c24_r15m,24,15.000000,406,-0.006856,-0.003181,0.379637,0.662142,0.547194,0.010000,0.001000,1.000000,1.000000,0.593324
pre_visit_dance,c24_r15m,24,15.000000,407,-0.008591,-0.000903,0.327025,0.627641,0.783249,0.017139,0.001000,1.000000,1.000000,0.630920
pre_visit_dance,c24_r15m,24,15.000000,408,0.005977,-0.000312,0.272106,0.559471,0.357779,0.014278,0.001000,1.000000,1.000000,0.457389
pre_visit_dance,c24_r15m,24,15.000000,410,-0.012951,0.000503,0.429573,0.349155,0.667668,0.011472,0.001000,1.000000,1.000000,0.314367
pre_visit_dance,c24_r15m,24,15.000000,409,0.000749,-0.000008,0.395990,0.301565,0.666512,0.014222,0.001000,1.000000,1.000000,0.373597
pre_visit_dance,c16_r600m,16,600.000000,448,0.147518,0.141240,0.676142,0.489462,0.289599,0.626556,6.519123,0.000000,0.000000,0.483776
pre_visit_dance,c16_r600m,16,600.000000,447,0.141282,0.138626,0.799601,0.823163,0.638697,0.667639,6.969034,0.000000,0.000000,0.790201
pre_visit_dance,c16_r600m,16,600.000000,449,0.096819,0.103264,0.478914,0.585888,0.786587,0.629028,6.563222,0.000000,0.000000,0.618655
pre_visit_dance,c24_r15m,24,15.000000,411,-0.008614,-0.006815,0.267885,0.581938,0.688246,0.006472,0.001000,1.000000,1.000000,0.412360
pre_visit_dance,c24_r15m,24,15.000000,412,0.010538,0.006720,0.898506,0.399844,0.654797,0.005778,0.001000,1.000000,1.000000,0.395706
pre_visit_dance,c24_r15m,24,15.000000,413,-0.009428,-0.000135,0.361663,0.315462,0.722932,0.005500,0.001000,1.000000,1.000000,0.384725
pre_visit_dance,c24_r15m,24,15.000000,414,-0.002132,0.002006,0.231404,0.596008,0.702730,0.007833,0.001000,1.000000,1.000000,0.632507
pre_visit_dance,c24_r15m,24,15.000000,416,-0.011842,-0.001818,0.265269,0.497099,0.650416,0.007111,0.001000,1.000000,1.000000,0.438559
pre_visit_dance,c24_r15m,24,15.000000,415,-0.004954,-0.001914,0.373417,0.173533,0.694581,0.010472,0.001000,1.000000,1.000000,0.260906
pre_visit_dance,c24_r15m,24,15.000000,417,0.001810,-0.000015,0.370904,0.508181,0.707614,0.022694,0.001000,1.000000,1.000000,0.459721
pre_visit_dance,c24_r15m,24,15.000000,418,-0.001927,-0.003856,0.348109,0.465855,0.580619,0.018028,0.001000,1.000000,1.000000,0.534068
pre_visit_dance,c24_r15m,24,15.000000,419,-0.002568,-0.004873,0.602570,0.365273,0.447819,0.008889,0.001000,1.000000,1.000000,0.254000
pre_visit_dance,c24_r15m,24,15.000000,420,-0.001770,-0.001504,0.459448,0.305232,0.545612,0.005667,0.001000,1.000000,1.000000,0.283610
pre_visit_dance,c24_r15m,24,15.000000,421,-0.007855,-0.007504,0.618804,0.797603,0.286878,0.013667,0.001000,1.000000,1.000000,0.702918
pre_visit_dance,c24_r15m,24,15.000000,423,-0.017761,-0.007049,0.333725,0.333601,0.393615,0.007889,0.001000,1.000000,1.000000,0.295999
pre_visit_dance,c24_r15m,24,15.000000,422,0.017266,0.003709,0.313066,0.319798,0.630609,0.008222,0.001000,1.000000,1.000000,0.297805
pre_visit_dance,c24_r15m,24,15.000000,424,-0.009018,-0.007059,0.441109,0.279577,0.465902,0.007361,0.001000,1.000000,1.000000,0.297937
pre_visit_dance,c24_r15m,24,15.000000,425,-0.015456,-0.004284,0.139612,0.251059,0.735125,0.022722,0.001000,1.000000,1.000000,0.259548
pre_visit_dance,c24_r15m,24,15.000000,426,0.003709,0.005467,0.256341,0.240633,0.783756,0.013694,0.001000,1.000000,1.000000,0.297852
pre_visit_dance,c24_r15m,24,15.000000,427,-0.020401,-0.004998,0.352335,0.341192,0.676715,0.010306,0.001000,1.000000,1.000000,0.378439
pre_visit_dance,c24_r15m,24,15.000000,429,0.006634,0.001167,0.226500,0.558205,0.372223,0.008722,0.001000,1.000000,1.000000,0.588421
pre_visit_dance,c24_r15m,24,15.000000,428,-0.000404,0.003813,0.263828,0.443190,0.664118,0.005722,0.001000,1.000000,1.000000,0.524752
pre_visit_dance,c24_r15m,24,15.000000,430,-0.007990,-0.002814,0.484350,0.264858,0.743221,0.008917,0.001000,1.000000,1.000000,0.324627
pre_visit_dance,c24_r15m,24,15.000000,432,-0.008854,-0.002411,0.217022,0.609733,0.580402,0.014722,0.001000,1.000000,1.000000,0.570322
pre_visit_dance,c24_r15m,24,15.000000,431,-0.008168,-0.000419,0.442905,0.400399,0.368717,0.016389,0.001000,1.000000,1.000000,0.469293
pre_visit_dance,c24_r15m,24,15.000000,433,0.004588,-0.000015,0.172217,0.245093,0.644390,0.017528,0.001000,1.000000,1.000000,0.288001
pre_visit_dance,c24_r15m,24,15.000000,434,-0.010882,-0.000292,0.459293,0.625475,0.679103,0.003694,0.001000,1.000000,1.000000,0.670545
pre_visit_dance,c24_r15m,24,15.000000,435,0.002850,-0.001141,0.384716,0.417933,0.664781,0.024417,0.001000,1.000000,1.000000,0.376611
pre_visit_dance,c24_r15m,24,15.000000,436,-0.007793,0.000536,0.241778,0.288416,0.477271,0.010889,0.001000,1.000000,1.000000,0.368762
pre_visit_dance,c24_r15m,24,15.000000,437,0.012629,0.002640,0.372316,0.166370,0.561161,0.007056,0.001000,1.000000,1.000000,0.164668
pre_visit_dance,c24_r15m,24,15.000000,438,-0.012352,0.003430,0.237591,0.391601,0.723204,0.013111,0.001000,1.000000,1.000000,0.553809
pre_visit_dance,c24_r15m,24,15.000000,439,-0.003775,-0.002563,0.169059,0.447286,0.789995,0.022389,0.001000,1.000000,1.000000,0.405473
pre_visit_dance,c24_r15m,24,15.000000,440,0.007445,0.001556,0.243854,0.347719,0.843617,0.010417,0.001000,1.000000,1.000000,0.330079
pre_visit_dance,c24_r15m,24,15.000000,441,0.001211,-0.001896,0.261343,0.611891,0.741865,0.008167,0.001000,1.000000,1.000000,0.632934
pre_visit_dance,c24_r15m,24,15.000000,442,0.008361,0.002856,0.250488,0.374976,0.658084,0.010361,0.001000,1.000000,1.000000,0.514961
pre_visit_dance,c24_r15m,24,15.000000,443,-0.004857,-0.004348,0.394615,0.416200,0.492528,0.017583,0.001000,1.000000,1.000000,0.248198
pre_visit_dance,c24_r15m,24,15.000000,444,-0.024725,-0.003793,0.606376,0.234411,0.511494,0.010972,0.001000,1.000000,1.000000,0.172514
pre_visit_dance,c24_r15m,24,15.000000,445,0.005547,-0.001322,0.723881,0.479356,0.637278,0.013028,0.001000,1.000000,1.000000,0.463805
pre_visit_dance,c24_r15m,24,15.000000,446,0.014351,0.003901,0.317414,0.325768,0.576982,0.007250,0.001000,1.000000,1.000000,0.308423
pre_visit_dance,c24_r15m,24,15.000000,448,-0.002695,0.002442,0.620392,0.289297,0.625046,0.007889,0.001000,1.000000,1.000000,0.401443
pre_visit_dance,c24_r15m,24,15.000000,447,0.014784,-0.000983,0.396174,0.327342,0.610142,0.007806,0.001000,1.000000,1.000000,0.385047
pre_visit_dance,c24_r15m,24,15.000000,449,0.001185,0.000633,0.367335,0.474600,0.705153,0.009583,0.001000,1.000000,1.000000,0.547353
pre_visit_dance,c24_r37.5m,24,37.500000,400,0.014402,0.012391,0.422762,0.441185,0.517218,0.020056,0.001000,1.000000,1.000000,0.292649
pre_visit_dance,c24_r37.5m,24,37.500000,401,-0.004877,-0.000189,0.322497,0.323460,0.809903,0.044861,0.001000,1.000000,1.000000,0.313600
pre_visit_dance,c24_r37.5m,24,37.500000,404,0.000618,0.012123,0.263011,0.398052,0.423207,0.029222,0.001000,1.000000,1.000000,0.411305
pre_visit_dance,c24_r37.5m,24,37.500000,403,0.018326,-0.000771,0.285947,0.543949,0.761985,0.036250,0.001000,1.000000,0.998333,0.645580
pre_visit_dance,c24_r37.5m,24,37.500000,402,0.013686,0.013308,0.627550,0.604418,0.514744,0.032833,0.001000,1.000000,1.000000,0.646651
pre_visit_dance,c24_r37.5m,24,37.500000,406,-0.005784,0.002829,0.212388,0.530665,0.811581,0.033306,0.001000,1.000000,1.000000,0.533299
pre_visit_dance,c24_r37.5m,24,37.500000,405,0.005172,0.000924,0.132704,0.253368,0.719115,0.031833,0.001000,1.000000,1.000000,0.240594
pre_visit_dance,c24_r37.5m,24,37.500000,407,0.005126,0.007054,0.345509,0.388106,0.874119,0.055861,0.001000,1.000000,1.000000,0.414745
pre_visit_dance,c24_r37.5m,24,37.500000,408,0.001299,0.015773,0.330662,0.244473,0.681180,0.021722,0.001000,1.000000,1.000000,0.283754
pre_visit_dance,c24_r37.5m,24,37.500000,409,0.004931,0.005027,0.267184,0.262126,0.674578,0.047139,0.001000,1.000000,1.000000,0.326115
pre_visit_dance,c24_r37.5m,24,37.500000,411,0.016878,0.015814,0.545981,0.390351,0.765279,0.037694,0.001000,1.000000,1.000000,0.447856
pre_visit_dance,c24_r37.5m,24,37.500000,415,0.017401,0.022629,0.723977,0.659411,0.473544,0.033139,0.001000,1.000000,1.000000,0.703601
pre_visit_dance,c24_r37.5m,24,37.500000,413,0.020255,0.015482,0.423269,0.480081,0.352462,0.035806,0.001000,1.000000,1.000000,0.462595
pre_visit_dance,c24_r37.5m,24,37.500000,410,0.001692,0.005937,0.273112,0.774141,0.408559,0.054278,0.001000,1.000000,1.000000,0.775738
pre_visit_dance,c24_r37.5m,24,37.500000,414,0.009646,0.010583,0.346286,0.312370,0.808710,0.033417,0.001000,1.000000,1.000000,0.353997
pre_visit_dance,c24_r37.5m,24,37.500000,412,0.001726,0.002668,0.275766,0.488124,0.577391,0.045833,0.001000,1.000000,1.000000,0.489234
pre_visit_dance,c24_r37.5m,24,37.500000,416,0.013627,0.008988,0.319140,0.328444,0.685885,0.023250,0.001000,1.000000,1.000000,0.526940
pre_visit_dance,c24_r37.5m,24,37.500000,417,-0.010742,0.003635,0.277767,0.533772,0.397006,0.047333,0.001000,1.000000,1.000000,0.429450
pre_visit_dance,c24_r37.5m,24,37.500000,418,0.041917,0.014363,0.384460,0.195786,0.402696,0.034139,0.001000,1.000000,1.000000,0.245938
pre_visit_dance,c24_r37.5m,24,37.500000,421,0.002975,0.004782,0.363227,0.310260,0.631638,0.043278,0.001000,1.000000,1.000000,0.288886
pre_visit_dance,c24_r37.5m,24,37.500000,419,0.012189,0.008846,0.262108,0.700863,0.592117,0.047778,0.001000,1.000000,0.998333,0.610160
pre_visit_dance,c24_r37.5m,24,37.500000,422,0.019424,0.016067,0.741836,0.494336,0.656317,0.044389,0.001000,1.000000,1.000000,0.403680
pre_visit_dance,c24_r37.5m,24,37.500000,423,-0.006777,0.005511,0.465979,0.479990,0.633604,0.042861,0.001000,1.000000,1.000000,0.549752
pre_visit_dance,c24_r37.5m,24,37.500000,420,-0.007809,-0.004360,0.326377,0.299083,0.755915,0.053972,0.001000,1.000000,1.000000,0.352536
pre_visit_dance,c24_r37.5m,24,37.500000,424,-0.009941,-0.006344,0.333941,0.619182,0.726230,0.036278,0.001000,1.000000,1.000000,0.530343
pre_visit_dance,c24_r37.5m,24,37.500000,425,0.013138,0.022051,0.223668,0.247477,0.606232,0.019472,0.001000,1.000000,1.000000,0.153320
pre_visit_dance,c24_r37.5m,24,37.500000,426,0.038789,0.006829,0.407773,0.746861,0.215838,0.013389,0.001000,1.000000,1.000000,0.373346
pre_visit_dance,c24_r37.5m,24,37.500000,427,-0.006367,0.009794,0.566399,0.345155,0.667985,0.035278,0.001000,1.000000,1.000000,0.304044
pre_visit_dance,c24_r37.5m,24,37.500000,429,0.026387,0.009626,0.282848,0.447471,0.673455,0.009417,0.001000,1.000000,1.000000,0.538559
pre_visit_dance,c24_r37.5m,24,37.500000,428,0.015600,0.015446,0.330498,0.141793,0.468523,0.027806,0.001000,1.000000,1.000000,0.190040
pre_visit_dance,c24_r37.5m,24,37.500000,430,-0.003690,0.000289,0.345272,0.570987,0.772299,0.041250,0.001000,1.000000,1.000000,0.711886
pre_visit_dance,c24_r37.5m,24,37.500000,431,0.008575,-0.001016,0.143817,0.294018,0.379164,0.041694,0.001000,1.000000,1.000000,0.280566
pre_visit_dance,c24_r37.5m,24,37.500000,432,0.002238,0.010427,0.619007,0.345962,0.315124,0.048611,0.001000,1.000000,1.000000,0.374458
pre_visit_dance,c24_r37.5m,24,37.500000,433,0.016434,0.014218,0.297987,0.338877,0.610027,0.026250,0.001000,1.000000,1.000000,0.377426
pre_visit_dance,c24_r37.5m,24,37.500000,434,0.006977,0.011400,0.314317,0.144164,0.750014,0.045583,0.001000,1.000000,1.000000,0.285643
pre_visit_dance,c24_r37.5m,24,37.500000,435,0.001587,0.002885,0.193094,0.532618,0.662469,0.025139,0.001000,1.000000,1.000000,0.294254
pre_visit_dance,c24_r37.5m,24,37.500000,436,0.007712,-0.000123,0.177697,0.226360,0.647137,0.031028,0.001000,1.000000,1.000000,0.225700
pre_visit_dance,c24_r37.5m,24,37.500000,437,0.003928,0.008611,0.498163,0.396823,0.619128,0.034972,0.001000,1.000000,1.000000,0.343585
pre_visit_dance,c24_r37.5m,24,37.500000,438,0.016697,0.010278,0.446266,0.849759,0.724484,0.031917,0.001000,1.000000,1.000000,0.860334
pre_visit_dance,c24_r37.5m,24,37.500000,439,0.012100,0.014010,0.567620,0.372475,0.747278,0.034750,0.001000,1.000000,1.000000,0.392989
pre_visit_dance,c24_r37.5m,24,37.500000,441,-0.006905,0.013713,0.295785,0.223188,0.451849,0.016694,0.001000,1.000000,1.000000,0.329698
pre_visit_dance,c24_r37.5m,24,37.500000,440,0.004316,0.001462,0.252777,0.562777,0.483449,0.034333,0.001000,1.000000,1.000000,0.533586
pre_visit_dance,c24_r37.5m,24,37.500000,442,0.000457,0.006190,0.478260,0.357912,0.501938,0.029333,0.001000,1.000000,1.000000,0.308613
pre_visit_dance,c24_r37.5m,24,37.500000,444,0.005585,0.008694,0.417906,0.301580,0.590718,0.013861,0.001000,1.000000,1.000000,0.316509
pre_visit_dance,c24_r37.5m,24,37.500000,443,-0.018154,0.005346,0.386683,0.414439,0.625801,0.036472,0.001000,1.000000,1.000000,0.526385
pre_visit_dance,c24_r37.5m,24,37.500000,445,-0.011574,0.002737,0.390563,0.278796,0.290300,0.017194,0.001000,1.000000,1.000000,0.190533
pre_visit_dance,c24_r37.5m,24,37.500000,446,-0.000341,0.009187,0.380341,0.184045,0.572817,0.056194,0.001000,1.000000,1.000000,0.234810
pre_visit_dance,c24_r37.5m,24,37.500000,447,0.028222,0.020021,0.566396,0.312169,0.674903,0.014417,0.001000,1.000000,1.000000,0.261365
pre_visit_dance,c24_r37.5m,24,37.500000,448,-0.008742,0.005656,0.424259,0.733927,0.713834,0.015528,0.001000,1.000000,1.000000,0.643510
pre_visit_dance,c24_r37.5m,24,37.500000,449,0.002929,0.015604,0.277090,0.331351,0.647528,0.010167,0.001000,1.000000,1.000000,0.240649
pre_visit_dance,c24_r75m,24,75.000000,400,0.054239,0.049750,0.800299,0.625281,0.399180,0.135889,0.349405,0.033333,0.061667,0.601728
pre_visit_dance,c24_r75m,24,75.000000,402,0.055113,0.053847,0.833860,0.816701,0.452475,0.137639,0.394970,0.016667,0.061667,0.783527
pre_visit_dance,c24_r75m,24,75.000000,403,0.039352,0.058498,0.824179,0.684202,0.225491,0.128722,0.302271,0.050000,0.060000,0.528915
pre_visit_dance,c24_r75m,24,75.000000,401,0.053183,0.047483,0.866853,0.801473,0.477808,0.127833,0.304819,0.083333,0.066667,0.792559
pre_visit_dance,c24_r75m,24,75.000000,404,0.054950,0.034542,0.764358,0.855475,0.549385,0.138500,0.369985,0.016667,0.063333,0.831150
pre_visit_dance,c24_r75m,24,75.000000,405,0.055404,0.044235,0.748166,0.776452,0.586860,0.130806,0.305454,0.083333,0.075000,0.697842
pre_visit_dance,c24_r75m,24,75.000000,406,0.050632,0.039369,0.654260,0.798395,0.202537,0.129194,0.333173,0.116667,0.088333,0.701777
pre_visit_dance,c24_r75m,24,75.000000,407,0.037401,0.038775,0.701858,0.843712,0.714616,0.128139,0.264869,0.050000,0.051667,0.809926
pre_visit_dance,c24_r75m,24,75.000000,408,0.042167,0.037886,0.688300,0.779615,0.485805,0.131722,0.340694,0.050000,0.050000,0.764133
pre_visit_dance,c24_r75m,24,75.000000,411,0.048664,0.043551,0.861335,0.832162,0.536050,0.135861,0.352070,0.016667,0.061667,0.667349
pre_visit_dance,c24_r75m,24,75.000000,409,0.047097,0.041697,0.816526,0.757196,0.778209,0.128250,0.277199,0.066667,0.060000,0.767918
pre_visit_dance,c24_r75m,24,75.000000,410,0.040237,0.042067,0.795702,0.774278,0.738796,0.134139,0.342039,0.083333,0.058333,0.763755
pre_visit_dance,c24_r75m,24,75.000000,413,0.043088,0.041051,0.594844,0.605889,0.492553,0.132361,0.311314,0.050000,0.076667,0.506466
pre_visit_dance,c24_r75m,24,75.000000,412,0.041944,0.046030,0.780336,0.728050,0.479312,0.132611,0.317131,0.016667,0.046667,0.668690
pre_visit_dance,c24_r75m,24,75.000000,414,0.045050,0.048400,0.878675,0.857616,0.360591,0.138778,0.381169,0.133333,0.056667,0.822337
pre_visit_dance,c24_r75m,24,75.000000,415,0.050377,0.047498,0.832893,0.756589,0.765646,0.139583,0.384871,0.016667,0.060000,0.694260
pre_visit_dance,c24_r75m,24,75.000000,416,0.041043,0.039975,0.818153,0.756717,0.704345,0.131583,0.309423,0.033333,0.068333,0.721013
pre_visit_dance,c24_r75m,24,75.000000,417,0.053838,0.047468,0.805741,0.839170,0.405197,0.140306,0.410108,0.066667,0.045000,0.804667
pre_visit_dance,c24_r75m,24,75.000000,419,0.042997,0.047718,0.831526,0.718921,0.407585,0.130722,0.292157,0.050000,0.053333,0.731780
pre_visit_dance,c24_r75m,24,75.000000,418,0.049195,0.035351,0.724280,0.788839,0.517810,0.133167,0.340166,0.133333,0.073333,0.777346
pre_visit_dance,c24_r75m,24,75.000000,420,0.036539,0.030552,0.382797,0.355122,0.449713,0.131389,0.304617,0.066667,0.088333,0.333746
pre_visit_dance,c24_r75m,24,75.000000,422,0.071199,0.049732,0.872853,0.826974,0.298429,0.134000,0.337228,0.033333,0.055000,0.817180
pre_visit_dance,c24_r75m,24,75.000000,421,0.054498,0.046583,0.849295,0.831476,0.351133,0.133833,0.337879,0.050000,0.061667,0.789630
pre_visit_dance,c24_r75m,24,75.000000,423,0.020678,0.032060,0.648154,0.816184,0.672404,0.139444,0.379894,0.033333,0.061667,0.773305
pre_visit_dance,c24_r75m,24,75.000000,425,0.039255,0.053543,0.791806,0.675007,0.385359,0.133528,0.318550,0.050000,0.071667,0.578583
pre_visit_dance,c24_r75m,24,75.000000,429,0.056507,0.054998,0.754161,0.704223,0.426644,0.127194,0.300116,0.066667,0.056667,0.623663
pre_visit_dance,c24_r75m,24,75.000000,427,0.035935,0.037285,0.832238,0.709864,0.869367,0.133833,0.333650,0.083333,0.093333,0.606279
pre_visit_dance,c24_r75m,24,75.000000,424,0.059009,0.048970,0.829543,0.660720,0.382888,0.131278,0.318884,0.083333,0.046667,0.717007
pre_visit_dance,c24_r75m,24,75.000000,428,0.036288,0.040856,0.828955,0.778684,0.733822,0.132389,0.309932,0.066667,0.068333,0.753498
pre_visit_dance,c24_r75m,24,75.000000,426,0.037410,0.042376,0.745781,0.813294,0.597194,0.131861,0.323962,0.083333,0.070000,0.784321
pre_visit_dance,c24_r75m,24,75.000000,430,0.044402,0.043417,0.665612,0.679052,0.501975,0.132528,0.320599,0.050000,0.075000,0.613510
pre_visit_dance,c24_r75m,24,75.000000,431,0.036168,0.040516,0.763707,0.558815,0.692222,0.136000,0.335676,0.066667,0.071667,0.514349
pre_visit_dance,c24_r75m,24,75.000000,432,0.040818,0.049528,0.849642,0.705318,0.419614,0.131556,0.312720,0.016667,0.046667,0.666828
pre_visit_dance,c24_r75m,24,75.000000,433,0.048514,0.039627,0.688845,0.768705,0.364605,0.138389,0.381753,0.050000,0.060000,0.803494
pre_visit_dance,c24_r75m,24,75.000000,435,0.042454,0.048620,0.869214,0.854654,0.579062,0.136583,0.385352,0.016667,0.053333,0.837036
pre_visit_dance,c24_r75m,24,75.000000,434,0.063309,0.051973,0.897560,0.883398,0.350379,0.139111,0.389222,0.033333,0.056667,0.835919
pre_visit_dance,c24_r75m,24,75.000000,437,0.047131,0.044791,0.750426,0.748646,0.425865,0.123389,0.281441,0.083333,0.060000,0.785910
pre_visit_dance,c24_r75m,24,75.000000,436,0.034640,0.038760,0.819514,0.699169,0.849828,0.133556,0.338997,0.083333,0.078333,0.625843
pre_visit_dance,c24_r75m,24,75.000000,439,0.030285,0.045394,0.823120,0.846246,0.402236,0.131917,0.344911,0.083333,0.048333,0.826861
pre_visit_dance,c24_r75m,24,75.000000,438,0.041405,0.041507,0.814609,0.766556,0.549833,0.130333,0.306369,0.083333,0.071667,0.793871
pre_visit_dance,c24_r75m,24,75.000000,442,0.049278,0.054903,0.852979,0.733237,0.546055,0.135639,0.348446,0.050000,0.053333,0.652441
pre_visit_dance,c24_r75m,24,75.000000,440,0.044561,0.041507,0.880237,0.616378,0.824060,0.130528,0.288495,0.033333,0.063333,0.677562
pre_visit_dance,c24_r75m,24,75.000000,441,0.045854,0.042463,0.813399,0.799774,0.611746,0.137278,0.347368,0.016667,0.056667,0.826194
pre_visit_dance,c24_r75m,24,75.000000,443,0.051548,0.039671,0.765294,0.815473,0.606192,0.136056,0.378994,0.050000,0.058333,0.793225
pre_visit_dance,c24_r75m,24,75.000000,444,0.054065,0.053477,0.856970,0.794616,0.405562,0.132194,0.339386,0.033333,0.055000,0.780688
pre_visit_dance,c24_r75m,24,75.000000,445,0.047396,0.045945,0.825996,0.741452,0.496311,0.135667,0.381036,0.083333,0.043333,0.754785
pre_visit_dance,c24_r75m,24,75.000000,446,0.034500,0.035348,0.828811,0.847912,0.815971,0.134472,0.340004,0.066667,0.055000,0.779802
pre_visit_dance,c24_r75m,24,75.000000,447,0.057291,0.053193,0.874670,0.813786,0.396539,0.130417,0.354180,0.033333,0.048333,0.814212
pre_visit_dance,c24_r75m,24,75.000000,448,0.040561,0.045197,0.752314,0.856875,0.417230,0.135278,0.344581,0.050000,0.051667,0.802998
pre_visit_dance,c24_r75m,24,75.000000,449,0.040184,0.044584,0.727095,0.680232,0.611688,0.135333,0.328504,0.033333,0.058333,0.634082
pre_visit_dance,c24_r150m,24,150.000000,400,0.079397,0.069749,0.672443,0.606786,0.561351,0.257056,1.881734,0.000000,0.000000,0.561313
pre_visit_dance,c24_r150m,24,150.000000,401,0.085573,0.080701,0.665561,0.622908,0.718558,0.262222,1.946683,0.000000,0.000000,0.675672
pre_visit_dance,c24_r150m,24,150.000000,402,0.103855,0.095081,0.736984,0.408401,0.266585,0.249306,1.818469,0.000000,0.000000,0.280797
pre_visit_dance,c24_r150m,24,150.000000,403,0.086632,0.081778,0.823531,0.694630,0.628923,0.265278,1.964557,0.000000,0.000000,0.664028
pre_visit_dance,c24_r150m,24,150.000000,404,0.056505,0.067443,0.523359,0.530677,0.688652,0.254111,1.843875,0.000000,0.000000,0.510397
pre_visit_dance,c24_r150m,24,150.000000,406,0.071349,0.064122,0.529194,0.778157,0.551978,0.253417,1.839802,0.000000,0.000000,0.675241
pre_visit_dance,c24_r150m,24,150.000000,407,0.099208,0.086472,0.833527,0.598410,0.829398,0.264111,1.954007,0.000000,0.000000,0.581511
pre_visit_dance,c24_r150m,24,150.000000,408,0.015519,0.024565,0.238669,0.607639,0.863025,0.238389,1.651653,0.000000,0.000000,0.645595
pre_visit_dance,c24_r150m,24,150.000000,405,0.073917,0.079358,0.792047,0.777965,0.805405,0.261167,1.916887,0.000000,0.000000,0.810232
pre_visit_dance,c24_r150m,24,150.000000,411,0.074852,0.081704,0.844997,0.832295,0.620504,0.262056,1.958824,0.000000,0.000000,0.707526
pre_visit_dance,c24_r150m,24,150.000000,409,0.080317,0.090280,0.804138,0.794987,0.346692,0.264944,1.979870,0.000000,0.000000,0.809207
pre_visit_dance,c24_r150m,24,150.000000,410,0.101469,0.092760,0.827972,0.849029,0.284974,0.268750,2.018929,0.000000,0.000000,0.780387
pre_visit_dance,c24_r150m,24,150.000000,412,0.088743,0.071104,0.653023,0.545384,0.723255,0.250750,1.821857,0.000000,0.000000,0.541710
pre_visit_dance,c24_r150m,24,150.000000,413,0.084693,0.081854,0.774789,0.831649,0.281898,0.266778,2.010707,0.000000,0.000000,0.845103
pre_visit_dance,c24_r150m,24,150.000000,414,0.081713,0.086451,0.808542,0.781105,0.602864,0.253778,1.891252,0.000000,0.000000,0.758335
pre_visit_dance,c24_r150m,24,150.000000,415,0.074955,0.081412,0.816243,0.776600,0.696463,0.263278,1.985421,0.000000,0.000000,0.803650
pre_visit_dance,c24_r150m,24,150.000000,417,0.044463,0.046323,0.274833,0.503795,0.747517,0.239472,1.682854,0.000000,0.000000,0.310791
pre_visit_dance,c24_r150m,24,150.000000,416,0.081901,0.083022,0.771037,0.787226,0.844942,0.265278,1.994204,0.000000,0.000000,0.751071
pre_visit_dance,c24_r150m,24,150.000000,418,0.066557,0.068253,0.569369,0.573637,0.594111,0.251722,1.810057,0.000000,0.000000,0.473534
pre_visit_dance,c24_r150m,24,150.000000,419,0.058440,0.076405,0.683815,0.410826,0.763426,0.245278,1.764370,0.000000,0.000000,0.347740
pre_visit_dance,c24_r150m,24,150.000000,420,0.086729,0.088557,0.764098,0.861605,0.757419,0.263778,1.955931,0.000000,0.000000,0.766960
pre_visit_dance,c24_r150m,24,150.000000,421,0.090045,0.089492,0.802657,0.750463,0.815280,0.266917,1.975224,0.000000,0.000000,0.721701
pre_visit_dance,c24_r150m,24,150.000000,426,0.089378,0.091565,0.771591,0.271842,0.728856,0.255111,1.840639,0.000000,0.000000,0.230268
pre_visit_dance,c24_r150m,24,150.000000,422,0.086005,0.078496,0.735533,0.807700,0.605926,0.269278,2.011429,0.000000,0.000000,0.764088
pre_visit_dance,c24_r150m,24,150.000000,424,0.070682,0.063880,0.592345,0.921524,0.438890,0.260167,1.933477,0.000000,0.000000,0.839560
pre_visit_dance,c24_r150m,24,150.000000,423,0.069840,0.072718,0.732785,0.700593,0.579642,0.254583,1.888537,0.000000,0.000000,0.732240
pre_visit_dance,c24_r150m,24,150.000000,425,0.058467,0.064887,0.685205,0.808797,0.570148,0.261972,1.926090,0.000000,0.000000,0.767938
pre_visit_dance,c24_r150m,24,150.000000,427,0.078685,0.065840,0.589709,0.758688,0.798380,0.258917,1.912348,0.000000,0.000000,0.789236
pre_visit_dance,c24_r150m,24,150.000000,428,0.050087,0.049603,0.525817,0.496834,0.633828,0.243667,1.723209,0.000000,0.000000,0.410505
pre_visit_dance,c24_r150m,24,150.000000,429,0.084324,0.089431,0.749905,0.536486,0.668285,0.271167,2.030848,0.000000,0.000000,0.610408
pre_visit_dance,c24_r150m,24,150.000000,430,0.074968,0.067706,0.584699,0.363830,0.663327,0.246139,1.762560,0.000000,0.000000,0.350689
pre_visit_dance,c24_r150m,24,150.000000,434,0.059382,0.058594,0.464695,0.311395,0.323430,0.238639,1.684293,0.000000,0.000000,0.326081
pre_visit_dance,c24_r150m,24,150.000000,432,0.051686,0.051278,0.595448,0.640640,0.743805,0.250389,1.812619,0.000000,0.000000,0.606822
pre_visit_dance,c24_r150m,24,150.000000,431,0.084831,0.071184,0.698869,0.704596,0.610764,0.265028,1.979360,0.000000,0.000000,0.722357
pre_visit_dance,c24_r150m,24,150.000000,433,0.082906,0.078233,0.797116,0.726882,0.799107,0.269611,2.019862,0.000000,0.000000,0.586069
pre_visit_dance,c24_r150m,24,150.000000,435,0.069005,0.076177,0.812459,0.850146,0.720727,0.256389,1.896612,0.000000,0.000000,0.729886
pre_visit_dance,c24_r150m,24,150.000000,436,0.070922,0.069141,0.806179,0.773515,0.545695,0.263250,1.984258,0.000000,0.000000,0.735827
pre_visit_dance,c24_r150m,24,150.000000,439,0.089090,0.068794,0.575705,0.559015,0.475775,0.253306,1.852505,0.000000,0.000000,0.595375
pre_visit_dance,c24_r150m,24,150.000000,437,0.060960,0.064305,0.553082,0.732879,0.323433,0.248861,1.794875,0.000000,0.000000,0.759927
pre_visit_dance,c24_r150m,24,150.000000,438,0.062828,0.082900,0.761373,0.809883,0.522634,0.267639,2.012443,0.000000,0.000000,0.776298
pre_visit_dance,c24_r150m,24,150.000000,442,0.059222,0.065305,0.638250,0.857136,0.539786,0.270250,2.023839,0.000000,0.000000,0.798280
pre_visit_dance,c24_r150m,24,150.000000,440,0.066033,0.068135,0.651438,0.792621,0.765114,0.269083,1.997289,0.000000,0.000000,0.769670
pre_visit_dance,c24_r150m,24,150.000000,441,0.086096,0.081428,0.862954,0.823214,0.783947,0.274917,2.059980,0.000000,0.000000,0.856684
pre_visit_dance,c24_r150m,24,150.000000,443,0.068640,0.075263,0.767310,0.795318,0.635057,0.277194,2.094515,0.000000,0.000000,0.734291
pre_visit_dance,c24_r150m,24,150.000000,444,0.080564,0.078759,0.728340,0.668563,0.500556,0.266500,1.971863,0.000000,0.000000,0.671372
pre_visit_dance,c24_r150m,24,150.000000,445,0.059754,0.074433,0.659533,0.584811,0.751338,0.262056,1.937842,0.000000,0.000000,0.566597
pre_visit_dance,c24_r150m,24,150.000000,446,0.102566,0.068925,0.872982,0.549683,0.583451,0.247167,1.786421,0.000000,0.000000,0.540552
pre_visit_dance,c24_r150m,24,150.000000,447,0.071838,0.059332,0.526225,0.490290,0.590490,0.250083,1.806405,0.000000,0.000000,0.429080
pre_visit_dance,c24_r150m,24,150.000000,448,0.076313,0.071565,0.779483,0.622846,0.709602,0.268472,2.006266,0.000000,0.000000,0.631735
pre_visit_dance,c24_r150m,24,150.000000,449,0.078198,0.082247,0.758849,0.803991,0.882304,0.279833,2.117319,0.000000,0.000000,0.674528
pre_visit_dance,c24_r300m,24,300.000000,400,0.113687,0.102293,0.649655,0.803622,0.429026,0.477111,4.641616,0.000000,0.000000,0.752470
pre_visit_dance,c24_r300m,24,300.000000,401,0.097250,0.092435,0.562129,0.432683,0.727561,0.446667,4.284353,0.000000,0.000000,0.432672
pre_visit_dance,c24_r300m,24,300.000000,402,0.073008,0.099567,0.506623,0.723156,0.701500,0.464611,4.458215,0.000000,0.000000,0.654495
pre_visit_dance,c24_r300m,24,300.000000,404,0.070503,0.062571,0.394744,0.487076,0.633346,0.445667,4.304649,0.000000,0.000000,0.473589
pre_visit_dance,c24_r300m,24,300.000000,403,0.122676,0.120274,0.761412,0.707729,0.423482,0.473861,4.608406,0.000000,0.000000,0.611805
pre_visit_dance,c24_r300m,24,300.000000,405,0.054828,0.067544,0.287424,0.628027,0.343423,0.447417,4.322575,0.000000,0.000000,0.639227
pre_visit_dance,c24_r300m,24,300.000000,406,0.096885,0.096143,0.531070,0.509746,0.559456,0.451278,4.348580,0.000000,0.000000,0.452541
pre_visit_dance,c24_r300m,24,300.000000,407,0.093552,0.083663,0.448477,0.384339,0.503742,0.446611,4.301018,0.000000,0.000000,0.366919
pre_visit_dance,c24_r300m,24,300.000000,408,0.089358,0.084726,0.677175,0.691957,0.771749,0.471222,4.536069,0.000000,0.000000,0.687088
pre_visit_dance,c24_r300m,24,300.000000,410,0.071937,0.071466,0.391032,0.558183,0.721476,0.452111,4.367487,0.000000,0.000000,0.535659
pre_visit_dance,c24_r300m,24,300.000000,409,0.094059,0.090271,0.609613,0.721303,0.701348,0.458361,4.438355,0.000000,0.000000,0.623263
pre_visit_dance,c24_r300m,24,300.000000,411,0.094993,0.089772,0.569847,0.648055,0.510780,0.471861,4.588874,0.000000,0.000000,0.670371
pre_visit_dance,c24_r300m,24,300.000000,412,0.081523,0.068360,0.486245,0.703725,0.512407,0.444417,4.311166,0.000000,0.000000,0.662944
pre_visit_dance,c24_r300m,24,300.000000,413,0.102570,0.085790,0.492758,0.400716,0.780585,0.455722,4.401216,0.000000,0.000000,0.327421
pre_visit_dance,c24_r300m,24,300.000000,414,0.095108,0.097575,0.665987,0.612449,0.680638,0.476778,4.600323,0.000000,0.000000,0.666110
pre_visit_dance,c24_r300m,24,300.000000,415,0.129300,0.122162,0.793440,0.781803,0.494881,0.481889,4.716542,0.000000,0.000000,0.747730
pre_visit_dance,c24_r300m,24,300.000000,416,0.077957,0.091495,0.537639,0.821130,0.746427,0.484472,4.696948,0.000000,0.000000,0.772738
pre_visit_dance,c24_r300m,24,300.000000,417,0.103848,0.086071,0.514298,0.572429,0.828474,0.459639,4.439272,0.000000,0.000000,0.511262
pre_visit_dance,c24_r300m,24,300.000000,418,0.095071,0.102255,0.438199,0.463334,0.501770,0.447667,4.322114,0.000000,0.000000,0.480995
pre_visit_dance,c24_r300m,24,300.000000,419,0.097793,0.067027,0.527578,0.299956,0.615416,0.442944,4.243858,0.000000,0.000000,0.302664
pre_visit_dance,c24_r300m,24,300.000000,420,0.071927,0.085765,0.404430,0.559508,0.450217,0.441694,4.252894,0.000000,0.000000,0.573567
pre_visit_dance,c24_r300m,24,300.000000,423,0.084668,0.102353,0.700380,0.586417,0.670781,0.451556,4.331137,0.000000,0.000000,0.522096
pre_visit_dance,c24_r300m,24,300.000000,422,0.102669,0.105954,0.667221,0.597674,0.850149,0.458000,4.413998,0.000000,0.000000,0.548364
pre_visit_dance,c24_r300m,24,300.000000,421,0.123748,0.116793,0.872029,0.823369,0.699026,0.501361,4.905418,0.000000,0.000000,0.816092
pre_visit_dance,c24_r300m,24,300.000000,424,0.093806,0.100353,0.540478,0.245201,0.727601,0.414667,3.942071,0.000000,0.000000,0.241006
pre_visit_dance,c24_r300m,24,300.000000,427,0.104971,0.105775,0.547992,0.516862,0.818089,0.456556,4.412889,0.000000,0.000000,0.499627
pre_visit_dance,c24_r300m,24,300.000000,425,0.098839,0.112113,0.807577,0.827614,0.708975,0.481306,4.685052,0.000000,0.000000,0.817847
pre_visit_dance,c24_r300m,24,300.000000,426,0.130726,0.110077,0.791277,0.611582,0.461405,0.472111,4.578943,0.000000,0.000000,0.581825
pre_visit_dance,c24_r300m,24,300.000000,428,0.112922,0.099563,0.693838,0.801057,0.623959,0.489806,4.767611,0.000000,0.000000,0.756548
pre_visit_dance,c24_r300m,24,300.000000,429,0.109712,0.118597,0.838551,0.785480,0.711051,0.487861,4.724932,0.000000,0.000000,0.733725
pre_visit_dance,c24_r300m,24,300.000000,430,0.095772,0.093248,0.600836,0.301680,0.715261,0.432528,4.145779,0.000000,0.000000,0.298497
pre_visit_dance,c24_r300m,24,300.000000,432,0.084720,0.085524,0.673695,0.461584,0.548338,0.448861,4.323455,0.000000,0.000000,0.490677
pre_visit_dance,c24_r300m,24,300.000000,431,0.100447,0.095958,0.817967,0.499840,0.754060,0.462500,4.436601,0.000000,0.000000,0.502647
pre_visit_dance,c24_r300m,24,300.000000,433,0.087341,0.090714,0.491030,0.665169,0.542736,0.474250,4.611421,0.000000,0.000000,0.619085
pre_visit_dance,c24_r300m,24,300.000000,434,0.118447,0.108576,0.719576,0.386383,0.785587,0.433861,4.166523,0.000000,0.000000,0.402861
pre_visit_dance,c24_r300m,24,300.000000,436,0.106940,0.084423,0.472968,0.336752,0.597302,0.439750,4.214106,0.000000,0.000000,0.377721
pre_visit_dance,c24_r300m,24,300.000000,435,0.101831,0.094443,0.465836,0.593847,0.718966,0.450139,4.373045,0.000000,0.000000,0.528881
pre_visit_dance,c24_r300m,24,300.000000,437,0.081083,0.081313,0.403955,0.598988,0.702050,0.453944,4.383760,0.000000,0.000000,0.620646
pre_visit_dance,c24_r300m,24,300.000000,439,0.108617,0.099038,0.660506,0.753181,0.572282,0.460278,4.456147,0.000000,0.000000,0.722999
pre_visit_dance,c24_r300m,24,300.000000,438,0.124355,0.098687,0.693224,0.620594,0.751417,0.474611,4.612224,0.000000,0.000000,0.582142
pre_visit_dance,c24_r300m,24,300.000000,440,0.057508,0.058456,0.287354,0.579068,0.654040,0.446444,4.276781,0.000000,0.000000,0.565508
pre_visit_dance,c24_r300m,24,300.000000,441,0.091330,0.107704,0.602579,0.530269,0.581052,0.471556,4.557986,0.000000,0.000000,0.505406
pre_visit_dance,c24_r300m,24,300.000000,443,0.073472,0.058885,0.322332,0.441029,0.711523,0.433306,4.143958,0.000000,0.000000,0.423371
pre_visit_dance,c24_r300m,24,300.000000,442,0.093630,0.092163,0.560712,0.865252,0.705627,0.484861,4.716253,0.000000,0.000000,0.856114
pre_visit_dance,c24_r300m,24,300.000000,444,0.114708,0.114838,0.822647,0.522259,0.804203,0.457667,4.425445,0.000000,0.000000,0.503337
pre_visit_dance,c24_r300m,24,300.000000,445,0.071187,0.088268,0.557675,0.563703,0.696524,0.457250,4.394518,0.000000,0.000000,0.586758
pre_visit_dance,c24_r300m,24,300.000000,446,0.097309,0.090936,0.529967,0.566440,0.406727,0.448639,4.323308,0.000000,0.000000,0.571559
pre_visit_dance,c24_r300m,24,300.000000,447,0.059570,0.042574,0.163920,0.358879,0.715513,0.435222,4.174354,0.000000,0.000000,0.363131
pre_visit_dance,c24_r300m,24,300.000000,448,0.074668,0.076476,0.465603,0.621173,0.745265,0.453667,4.347386,0.000000,0.000000,0.508492
pre_visit_dance,c24_r300m,24,300.000000,449,0.128426,0.105365,0.803989,0.844759,0.797593,0.485389,4.748044,0.000000,0.000000,0.826747
pre_visit_dance,c24_r600m,24,600.000000,400,0.073424,0.060436,0.344195,0.215576,0.840934,0.708167,7.647451,0.000000,0.000000,0.215487
pre_visit_dance,c24_r600m,24,600.000000,402,0.071013,0.059539,0.364663,0.421572,0.495883,0.691778,7.483960,0.000000,0.000000,0.368680
pre_visit_dance,c24_r600m,24,600.000000,401,0.088093,0.099690,0.740236,0.357289,0.651827,0.739833,7.932657,0.000000,0.000000,0.335507
pre_visit_dance,c24_r600m,24,600.000000,403,0.061151,0.060332,0.377264,0.429699,0.767388,0.709167,7.650495,0.000000,0.000000,0.390071
pre_visit_dance,c24_r600m,24,600.000000,404,0.048920,0.073701,0.466684,0.592624,0.614366,0.746444,8.054783,0.000000,0.000000,0.562449
pre_visit_dance,c24_r600m,24,600.000000,406,0.075662,0.080213,0.710389,0.767608,0.780578,0.748972,8.038574,0.000000,0.000000,0.647470
pre_visit_dance,c24_r600m,24,600.000000,405,0.084271,0.087596,0.637675,0.817355,0.332903,0.758000,8.164369,0.000000,0.000000,0.772876
pre_visit_dance,c24_r600m,24,600.000000,407,0.055647,0.064984,0.423011,0.422761,0.466486,0.739861,7.977954,0.000000,0.000000,0.401885
pre_visit_dance,c24_r600m,24,600.000000,408,0.080343,0.066326,0.409186,0.413380,0.798686,0.704917,7.619161,0.000000,0.000000,0.437570
pre_visit_dance,c24_r600m,24,600.000000,409,0.056118,0.079137,0.556324,0.705431,0.541370,0.734194,7.913368,0.000000,0.000000,0.678280
pre_visit_dance,c24_r600m,24,600.000000,410,0.053761,0.052448,0.394448,0.215403,0.649277,0.717472,7.740299,0.000000,0.000000,0.195046
pre_visit_dance,c24_r600m,24,600.000000,411,0.053522,0.042748,0.236237,0.384262,0.302367,0.716333,7.747283,0.000000,0.000000,0.398222
pre_visit_dance,c24_r600m,24,600.000000,412,0.067681,0.061986,0.347993,0.292418,0.304061,0.727139,7.881137,0.000000,0.000000,0.257716
pre_visit_dance,c24_r600m,24,600.000000,413,0.075737,0.067125,0.350593,0.384974,0.482844,0.694972,7.510062,0.000000,0.000000,0.323336
pre_visit_dance,c24_r600m,24,600.000000,414,0.076901,0.064523,0.469644,0.738050,0.625386,0.746944,8.044932,0.000000,0.000000,0.685372
pre_visit_dance,c24_r600m,24,600.000000,415,0.075794,0.059919,0.446773,0.231333,0.564940,0.712944,7.687864,0.000000,0.000000,0.275762
pre_visit_dance,c24_r600m,24,600.000000,416,0.089684,0.090537,0.539614,0.365183,0.476254,0.719750,7.765093,0.000000,0.000000,0.338841
pre_visit_dance,c24_r600m,24,600.000000,417,0.074238,0.081437,0.539346,0.413837,0.661209,0.712111,7.682280,0.000000,0.000000,0.409683
pre_visit_dance,c24_r600m,24,600.000000,418,0.079271,0.084771,0.717951,0.525713,0.507002,0.744722,8.009159,0.000000,0.000000,0.487109
pre_visit_dance,c24_r600m,24,600.000000,419,0.066085,0.066532,0.439977,0.353926,0.696645,0.681889,7.372724,0.000000,0.000000,0.292602
pre_visit_dance,c24_r600m,24,600.000000,421,0.057403,0.066685,0.561834,0.276194,0.630198,0.702583,7.567632,0.000000,0.000000,0.312582
pre_visit_dance,c24_r600m,24,600.000000,420,0.066692,0.071131,0.611089,0.693776,0.261356,0.743417,8.027443,0.000000,0.000000,0.680130
pre_visit_dance,c24_r600m,24,600.000000,422,0.040403,0.044484,0.449898,0.308017,0.718888,0.717722,7.717952,0.000000,0.000000,0.369807
pre_visit_dance,c24_r600m,24,600.000000,423,0.054885,0.052388,0.325333,0.483978,0.591838,0.730889,7.885080,0.000000,0.000000,0.486574
pre_visit_dance,c24_r600m,24,600.000000,424,0.053776,0.024469,0.273282,0.391349,0.483076,0.734139,7.948701,0.000000,0.000000,0.502479
pre_visit_dance,c24_r600m,24,600.000000,425,0.057632,0.064449,0.433182,0.480848,0.757193,0.733194,7.933575,0.000000,0.000000,0.437034
pre_visit_dance,c24_r600m,24,600.000000,426,0.050954,0.067900,0.421409,0.819152,0.751548,0.757361,8.155485,0.000000,0.000000,0.801991
pre_visit_dance,c24_r600m,24,600.000000,427,0.105281,0.074545,0.370817,0.322975,0.411634,0.731361,7.914180,0.000000,0.000000,0.308723
pre_visit_dance,c24_r600m,24,600.000000,429,0.086181,0.080601,0.445347,0.377961,0.439308,0.740194,8.001923,0.000000,0.000000,0.344083
pre_visit_dance,c24_r600m,24,600.000000,428,0.076612,0.065489,0.513789,0.529235,0.539284,0.724694,7.836818,0.000000,0.000000,0.569210
pre_visit_dance,c24_r600m,24,600.000000,430,0.041806,0.045782,0.423357,0.333619,0.678269,0.721111,7.770777,0.000000,0.000000,0.402342
pre_visit_dance,c24_r600m,24,600.000000,431,0.072555,0.071367,0.496059,0.331748,0.717488,0.732278,7.903207,0.000000,0.000000,0.396523
pre_visit_dance,c24_r600m,24,600.000000,434,0.088420,0.065726,0.522733,0.340875,0.461516,0.737889,7.968859,0.000000,0.000000,0.335844
pre_visit_dance,c24_r600m,24,600.000000,433,0.026805,0.034546,0.325256,0.630836,0.280158,0.714056,7.718057,0.000000,0.000000,0.543477
pre_visit_dance,c24_r600m,24,600.000000,432,0.056806,0.070805,0.502092,0.542873,0.848986,0.754333,8.150889,0.000000,0.000000,0.579418
pre_visit_dance,c24_r600m,24,600.000000,435,0.049321,0.052256,0.340449,0.737832,0.608840,0.758000,8.188371,0.000000,0.000000,0.640837
pre_visit_dance,c24_r600m,24,600.000000,436,0.067280,0.056253,0.383252,0.304823,0.828613,0.728833,7.877452,0.000000,0.000000,0.319653
pre_visit_dance,c24_r600m,24,600.000000,438,0.049310,0.058112,0.199873,0.287122,0.511815,0.724667,7.858608,0.000000,0.000000,0.270070
pre_visit_dance,c24_r600m,24,600.000000,440,0.049089,0.058180,0.290067,0.297269,0.384020,0.726611,7.850313,0.000000,0.000000,0.262319
pre_visit_dance,c24_r600m,24,600.000000,439,0.044098,0.056651,0.391245,0.623484,0.332897,0.739278,7.980203,0.000000,0.000000,0.556901
pre_visit_dance,c24_r600m,24,600.000000,437,0.057574,0.066722,0.435457,0.798974,0.466463,0.744056,8.031398,0.000000,0.000000,0.679799
pre_visit_dance,c24_r600m,24,600.000000,441,0.073312,0.051508,0.435957,0.668455,0.753514,0.748000,8.075722,0.000000,0.000000,0.672783
pre_visit_dance,c24_r600m,24,600.000000,442,0.041795,0.058380,0.438941,0.382707,0.490213,0.707944,7.614730,0.000000,0.000000,0.309882
pre_visit_dance,c24_r600m,24,600.000000,444,0.089552,0.082573,0.596177,0.228755,0.768726,0.696778,7.487585,0.000000,0.000000,0.240452
pre_visit_dance,c24_r600m,24,600.000000,443,0.078100,0.085525,0.448416,0.368776,0.622162,0.716833,7.733990,0.000000,0.000000,0.371917
pre_visit_dance,c24_r600m,24,600.000000,445,0.053352,0.070456,0.490665,0.547326,0.785878,0.743417,7.994921,0.000000,0.000000,0.496154
pre_visit_dance,c24_r600m,24,600.000000,446,0.078416,0.073778,0.453472,0.382053,0.172986,0.725667,7.854853,0.000000,0.000000,0.452393
pre_visit_dance,c24_r600m,24,600.000000,447,0.065521,0.063103,0.464755,0.477518,0.679777,0.737389,7.940741,0.000000,0.000000,0.479888
pre_visit_dance,c24_r600m,24,600.000000,449,0.049303,0.054887,0.363309,0.518280,0.535959,0.733361,7.911171,0.000000,0.000000,0.413530
pre_visit_dance,c24_r600m,24,600.000000,448,0.042431,0.040206,0.144512,0.274288,0.657626,0.720722,7.820998,0.000000,0.000000,0.220326
