variant,condition,food_site_count,food_site_radius,seed,final_recruitment_advantage,tail_recruitment_advantage,final_directional_bias,final_receiver_attention,final_dance_propensity,final_success,final_payoff,final_floor_fraction,tail_floor_fraction,tail_dance_follow_share
tournament,c1_r15m,1,15.000000,412,0.000000,0.000000,0.523462,0.231198,0.614536,0.000000,0.001000,1.000000,1.000000,0.000000
tournament,c1_r15m,1,15.000000,414,0.000000,0.000000,0.383825,0.123026,0.460298,0.000028,0.001000,1.000000,1.000000,0.000000
tournament,c1_r15m,1,15.000000,410,0.000000,0.000000,0.203493,0.450798,0.567886,0.000000,0.001000,1.000000,1.000000,0.000000
tournament,c1_r15m,1,15.000000,409,0.000000,0.000000,0.497165,0.176547,0.754644,0.000000,0.001000,1.000000,1.000000,0.000000
tournament,c1_r15m,1,15.000000,400,0.000000,0.000000,0.249839,0.351256,0.762782,0.000000,0.001000,1.000000,1.000000,0.000000
tournament,c1_r15m,1,15.000000,407,0.000000,0.000000,0.371313,0.187277,0.366158,0.000000,0.001000,1.000000,1.000000,0.000000
tournament,c1_r15m,1,15.000000,403,0.000000,0.000000,0.431252,0.181410,0.628855,0.000000,0.001000,1.000000,1.000000,0.000000
tournament,c1_r15m,1,15.000000,415,0.000000,0.000000,0.713000,0.347676,0.501648,0.000000,0.001000,1.000000,1.000000,0.000000
tournament,c1_r15m,1,15.000000,417,0.000000,0.000000,0.308198,0.400042,0.678931,0.000000,0.001000,1.000000,1.000000,0.000000
tournament,c1_r15m,1,15.000000,419,0.000000,0.000000,0.454635,0.360723,0.481770,0.000000,0.001000,1.000000,1.000000,0.000000
tournament,c1_r15m,1,15.000000,420,0.000000,0.000000,0.401607,0.434303,0.699429,0.000000,0.001000,1.000000,1.000000,0.000000
tournament,c1_r15m,1,15.000000,413,0.000000,0.000000,0.250876,0.466140,0.729237,0.000000,0.001000,1.000000,1.000000,0.000000
tournament,c1_r15m,1,15.000000,411,0.000000,0.000000,0.432195,0.132475,0.733550,0.000028,0.001000,1.000000,1.000000,0.000000
tournament,c1_r15m,1,15.000000,401,0.000000,0.000000,0.311384,0.505465,0.640815,0.000000,0.001000,1.000000,1.000000,0.000000
tournament,c1_r15m,1,15.000000,404,0.000000,0.000000,0.407107,0.218451,0.336841,0.000056,0.001000,1.000000,1.000000,0.000000
tournament,c1_r15m,1,15.000000,408,0.000000,0.000000,0.197961,0.493001,0.464254,0.000000,0.001000,1.000000,1.000000,0.000000
tournament,c1_r15m,1,15.000000,402,0.000000,0.000000,0.379740,0.320919,0.298937,0.000000,0.001000,1.000000,1.000000,0.000000
tournament,c1_r15m,1,15.000000,405,0.000000,0.000000,0.294706,0.595414,0.378607,0.000000,0.001000,1.000000,1.000000,0.000000
tournament,c1_r15m,1,15.000000,406,0.000000,0.000000,0.130426,0.383959,0.451735,0.000000,0.001000,1.000000,1.000000,0.000000
tournament,c1_r15m,1,15.000000,416,0.000000,0.000000,0.550592,0.193665,0.807157,0.000000,0.001000,1.000000,1.000000,0.000000
tournament,c1_r15m,1,15.000000,422,0.000000,0.000000,0.386001,0.523517,0.627593,0.000028,0.001000,1.000000,1.000000,0.000000
tournament,c1_r15m,1,15.000000,423,0.000000,0.000000,0.617618,0.815762,0.475727,0.000028,0.001000,1.000000,1.000000,0.000000
tournament,c1_r15m,1,15.000000,418,0.000000,0.000000,0.388514,0.391161,0.687553,0.000000,0.001000,1.000000,1.000000,0.000000
tournament,c1_r15m,1,15.000000,424,0.000000,0.000000,0.209791,0.468269,0.232614,0.000028,0.001000,1.000000,1.000000,0.000000
tournament,c1_r15m,1,15.000000,426,0.000000,0.000000,0.241084,0.296868,0.848778,0.000000,0.001000,1.000000,1.000000,0.000000
tournament,c1_r15m,1,15.000000,421,0.000000,0.000000,0.360130,0.448833,0.650370,0.000000,0.001000,1.000000,1.000000,0.000000
tournament,c1_r15m,1,15.000000,436,0.000000,0.000000,0.624262,0.602030,0.604686,0.000000,0.001000,1.000000,1.000000,0.000000
tournament,c1_r15m,1,15.000000,437,0.000000,0.000000,0.598041,0.189018,0.604538,0.000000,0.001000,1.000000,1.000000,0.000000
tournament,c1_r15m,1,15.000000,425,0.000000,0.000000,0.254755,0.216920,0.357690,0.000000,0.001000,1.000000,1.000000,0.000000
tournament,c1_r15m,1,15.000000,439,0.000000,0.000000,0.299426,0.336950,0.331639,0.000000,0.001000,1.000000,1.000000,0.000000
tournament,c1_r15m,1,15.000000,428,0.000000,0.000000,0.668340,0.250726,0.349734,0.000000,0.001000,1.000000,1.000000,0.000000
tournament,c1_r15m,1,15.000000,429,0.000000,0.000000,0.694141,0.355065,0.857770,0.000028,0.001000,1.000000,1.000000,0.000000
tournament,c1_r15m,1,15.000000,430,0.000000,0.000000,0.340240,0.348650,0.747609,0.000000,0.001000,1.000000,1.000000,0.000000
tournament,c1_r15m,1,15.000000,427,0.000000,0.000000,0.379287,0.322144,0.735645,0.000000,0.001000,1.000000,1.000000,0.000000
tournament,c1_r15m,1,15.000000,431,0.000000,0.000000,0.781844,0.429664,0.834299,0.000028,0.001000,1.000000,1.000000,0.000000
tournament,c1_r15m,1,15.000000,432,0.000000,0.000000,0.130613,0.505516,0.656160,0.000000,0.001000,1.000000,1.000000,0.000000
tournament,c1_r15m,1,15.000000,433,0.000000,0.000000,0.383548,0.418801,0.708703,0.000000,0.001000,1.000000,1.000000,0.000000
tournament,c1_r15m,1,15.000000,435,0.000000,0.000000,0.257312,0.530375,0.765671,0.000000,0.001000,1.000000,1.000000,0.000000
tournament,c1_r15m,1,15.000000,434,0.000000,0.000000,0.483078,0.453855,0.807067,0.000000,0.001000,1.000000,1.000000,0.100000
tournament,c1_r15m,1,15.000000,440,0.000000,0.000000,0.418647,0.330446,0.881151,0.000000,0.001000,1.000000,1.000000,0.000000
tournament,c1_r15m,1,15.000000,442,0.000000,0.000000,0.579249,0.193223,0.633997,0.000000,0.001000,1.000000,1.000000,0.000000
tournament,c1_r15m,1,15.000000,443,0.000000,0.000000,0.663718,0.177799,0.588078,0.000000,0.001000,1.000000,1.000000,0.000000
tournament,c1_r15m,1,15.000000,445,0.000000,0.000000,0.416288,0.272860,0.268365,0.000000,0.001000,1.000000,1.000000,0.000000
tournament,c1_r15m,1,15.000000,438,0.000000,0.000000,0.459797,0.653494,0.752801,0.000000,0.001000,1.000000,1.000000,0.000000
tournament,c1_r15m,1,15.000000,441,0.000000,0.000000,0.472605,0.278971,0.563120,0.000028,0.001000,1.000000,1.000000,0.000000
tournament,c1_r37.5m,1,37.500000,406,0.000000,0.000000,0.796852,0.296271,0.392496,0.000000,0.001000,1.000000,1.000000,0.133333
tournament,c1_r37.5m,1,37.500000,407,0.000000,0.000000,0.379283,0.247277,0.714363,0.000000,0.001000,1.000000,1.000000,0.000000
tournament,c1_r37.5m,1,37.500000,408,0.000000,-0.014286,0.369733,0.352392,0.722261,0.000028,0.001000,1.000000,1.000000,0.030000
tournament,c1_r15m,1,15.000000,449,0.000000,0.000000,0.744171,0.207007,0.462937,0.000028,0.001000,1.000000,1.000000,0.000000
tournament,c1_r15m,1,15.000000,444,0.000000,0.000000,0.365215,0.412365,0.686081,0.000000,0.001000,1.000000,1.000000,0.000000
tournament,c1_r15m,1,15.000000,446,0.000000,0.000000,0.471558,0.239542,0.283666,0.000000,0.001000,1.000000,1.000000,0.000000
tournament,c1_r15m,1,15.000000,447,0.000000,0.000000,0.396501,0.347372,0.781633,0.000000,0.001000,1.000000,1.000000,0.000000
tournament,c1_r15m,1,15.000000,448,0.000000,0.000000,0.376685,0.304740,0.615892,0.000028,0.001000,1.000000,1.000000,0.000000
tournament,c1_r37.5m,1,37.500000,400,-0.076923,-0.007692,0.415248,0.231735,0.759027,0.000139,0.001000,1.000000,1.000000,0.075000
tournament,c1_r37.5m,1,37.500000,402,0.000000,0.000000,0.414027,0.155914,0.462975,0.000056,0.001000,1.000000,1.000000,0.020000
tournament,c1_r37.5m,1,37.500000,401,0.000000,0.000000,0.372844,0.267301,0.251170,0.000056,0.001000,1.000000,1.000000,0.100000
tournament,c1_r37.5m,1,37.500000,403,0.000000,0.000000,0.240282,0.499202,0.488367,0.000000,0.001000,1.000000,1.000000,0.066667
tournament,c1_r37.5m,1,37.500000,404,0.000000,0.000000,0.223837,0.115864,0.808407,0.000000,0.001000,1.000000,1.000000,0.009091
tournament,c1_r37.5m,1,37.500000,405,0.000000,0.000000,0.354949,0.359199,0.756937,0.000028,0.001000,1.000000,1.000000,0.260000
tournament,c1_r37.5m,1,37.500000,411,0.000000,0.000000,0.202765,0.258685,0.622245,0.000056,0.001000,1.000000,1.000000,0.018182
tournament,c1_r37.5m,1,37.500000,412,0.000000,0.000000,0.436519,0.281452,0.359721,0.000056,0.001000,1.000000,1.000000,0.000000
tournament,c1_r37.5m,1,37.500000,413,0.000000,0.000000,0.286775,0.218457,0.243826,0.000028,0.001000,1.000000,1.000000,0.000000
tournament,c1_r37.5m,1,37.500000,414,0.000000,0.033333,0.256800,0.539463,0.738141,0.000000,0.001000,1.000000,1.000000,0.170455
tournament,c1_r37.5m,1,37.500000,409,0.000000,0.090909,0.677958,0.206671,0.723911,0.000000,0.001000,1.000000,1.000000,0.071429
tournament,c1_r37.5m,1,37.500000,410,0.000000,0.000000,0.169344,0.226964,0.715651,0.000056,0.001000,1.000000,1.000000,0.000000
tournament,c1_r37.5m,1,37.500000,425,0.000000,0.000000,0.203902,0.216672,0.771193,0.000028,0.001000,1.000000,1.000000,0.025000
tournament,c1_r37.5m,1,37.500000,426,0.000000,0.000000,0.251822,0.267700,0.563049,0.000056,0.001000,1.000000,1.000000,0.010000
tournament,c1_r37.5m,1,37.500000,427,0.000000,0.000000,0.321749,0.427056,0.534677,0.000056,0.001000,1.000000,1.000000,0.000000
tournament,c1_r37.5m,1,37.500000,428,0.000000,0.000000,0.144508,0.355752,0.758670,0.000028,0.001000,1.000000,1.000000,0.045000
tournament,c1_r37.5m,1,37.500000,415,0.000000,0.000000,0.383107,0.320182,0.751115,0.000028,0.001000,1.000000,1.000000,0.115556
tournament,c1_r37.5m,1,37.500000,416,0.000000,0.000000,0.268592,0.103190,0.323380,0.000000,0.001000,1.000000,1.000000,0.050000
tournament,c1_r37.5m,1,37.500000,417,0.142857,0.014286,0.689356,0.361807,0.773144,0.000056,0.001000,1.000000,1.000000,0.112500
tournament,c1_r37.5m,1,37.500000,418,0.000000,0.000000,0.447570,0.380641,0.657604,0.000083,0.001000,1.000000,1.000000,0.041111
tournament,c1_r37.5m,1,37.500000,419,0.000000,0.000000,0.198269,0.671023,0.511506,0.000028,0.001000,1.000000,1.000000,0.151429
tournament,c1_r37.5m,1,37.500000,422,0.000000,0.000000,0.400883,0.354941,0.886431,0.000056,0.001000,1.000000,1.000000,0.000000
tournament,c1_r37.5m,1,37.500000,420,0.000000,0.033333,0.360208,0.336702,0.581393,0.000028,0.001000,1.000000,1.000000,0.225000
tournament,c1_r37.5m,1,37.500000,421,0.000000,0.000000,0.266737,0.282211,0.577138,0.000028,0.001000,1.000000,1.000000,0.000000
tournament,c1_r37.5m,1,37.500000,423,0.000000,0.000000,0.197456,0.416726,0.403097,0.000028,0.001000,1.000000,1.000000,0.050000
tournament,c1_r37.5m,1,37.500000,424,0.000000,0.016667,0.759439,0.343533,0.816629,0.000028,0.001000,1.000000,1.000000,0.158747
tournament,c1_r37.5m,1,37.500000,431,0.000000,0.000000,0.790542,0.658370,0.201610,0.000028,0.001000,1.000000,1.000000,0.111667
tournament,c1_r37.5m,1,37.500000,432,-0.166667,-0.026667,0.291018,0.155326,0.761740,0.000056,0.001000,1.000000,1.000000,0.037500
tournament,c1_r37.5m,1,37.500000,433,0.000000,0.000000,0.168775,0.888841,0.709132,0.000028,0.001000,1.000000,1.000000,0.000000
tournament,c1_r37.5m,1,37.500000,434,0.000000,0.000000,0.308856,0.666214,0.528482,0.000000,0.001000,1.000000,1.000000,0.050000
tournament,c1_r37.5m,1,37.500000,430,0.000000,0.050000,0.331183,0.555029,0.634576,0.000056,0.001000,1.000000,1.000000,0.040000
tournament,c1_r37.5m,1,37.500000,429,0.000000,0.000000,0.351674,0.231747,0.644607,0.000000,0.001000,1.000000,1.000000,0.025000
tournament,c1_r37.5m,1,37.500000,445,0.000000,0.050000,0.815300,0.192082,0.684673,0.000000,0.001000,1.000000,1.000000,0.020000
tournament,c1_r37.5m,1,37.500000,446,0.500000,0.075000,0.781348,0.359903,0.862577,0.000056,0.001000,1.000000,1.000000,0.044848
tournament,c1_r37.5m,1,37.500000,441,0.000000,0.000000,0.235866,0.230255,0.770565,0.000083,0.001000,1.000000,1.000000,0.000000
tournament,c1_r37.5m,1,37.500000,447,0.000000,0.020000,0.135885,0.444666,0.836009,0.000028,0.001000,1.000000,1.000000,0.220000
tournament,c1_r37.5m,1,37.500000,448,0.000000,0.000000,0.502026,0.692455,0.532404,0.000028,0.001000,1.000000,1.000000,0.000000
tournament,c1_r37.5m,1,37.500000,449,0.000000,0.000000,0.267801,0.333619,0.732255,0.000000,0.001000,1.000000,1.000000,0.022222
tournament,c1_r37.5m,1,37.500000,435,0.000000,0.000000,0.441035,0.220483,0.826029,0.000000,0.001000,1.000000,1.000000,0.041667
tournament,c1_r37.5m,1,37.500000,436,0.000000,0.000000,0.157604,0.509835,0.514320,0.000000,0.001000,1.000000,1.000000,0.232143
tournament,c1_r37.5m,1,37.500000,437,0.000000,0.000000,0.333708,0.483707,0.501548,0.000028,0.001000,1.000000,1.000000,0.025000
tournament,c1_r37.5m,1,37.500000,438,0.000000,0.000000,0.440583,0.525023,0.806458,0.000028,0.001000,1.000000,1.000000,0.225000
tournament,c1_r37.5m,1,37.500000,440,0.000000,0.000000,0.405396,0.226337,0.788864,0.000028,0.001000,1.000000,1.000000,0.000000
tournament,c1_r37.5m,1,37.500000,439,0.200000,0.020000,0.590122,0.451183,0.787019,0.000056,0.001000,1.000000,1.000000,0.143929
tournament,c1_r37.5m,1,37.500000,442,0.250000,0.025000,0.231344,0.186834,0.716267,0.000083,0.001000,1.000000,1.000000,0.055789
tournament,c1_r37.5m,1,37.500000,443,0.000000,0.000000,0.695205,0.261273,0.802335,0.000056,0.001000,1.000000,1.000000,0.147222
tournament,c1_r75m,1,75.000000,402,0.000000,0.059091,0.250216,0.468553,0.769526,0.000028,0.001000,1.000000,1.000000,0.301905
tournament,c1_r75m,1,75.000000,403,0.000000,0.023750,0.506968,0.245316,0.745977,0.000000,0.001000,1.000000,1.000000,0.284476
tournament,c1_r75m,1,75.000000,401,0.000000,0.008901,0.130856,0.271756,0.689038,0.000083,0.001000,1.000000,1.000000,0.204517
tournament,c1_r37.5m,1,37.500000,444,0.333333,0.016667,0.862772,0.320063,0.731737,0.000056,0.001000,1.000000,1.000000,0.060606
tournament,c1_r75m,1,75.000000,404,0.000000,-0.033333,0.234131,0.430709,0.584990,0.000056,0.001000,1.000000,1.000000,0.216627
tournament,c1_r75m,1,75.000000,405,0.000000,-0.026618,0.424489,0.251114,0.664296,0.000028,0.001000,1.000000,1.000000,0.048529
tournament,c1_r75m,1,75.000000,406,0.000000,0.014286,0.287666,0.259734,0.628931,0.000139,0.001000,1.000000,1.000000,0.205816
tournament,c1_r75m,1,75.000000,400,0.000000,0.000000,0.278146,0.680707,0.544977,0.000083,0.001000,1.000000,1.000000,0.471726
tournament,c1_r75m,1,75.000000,415,0.000000,0.047619,0.269991,0.604480,0.552873,0.000028,0.001000,1.000000,1.000000,0.180357
tournament,c1_r75m,1,75.000000,416,0.000000,0.000000,0.465012,0.305584,0.416987,0.000056,0.001000,1.000000,1.000000,0.220789
tournament,c1_r75m,1,75.000000,417,0.000000,0.020238,0.514528,0.580354,0.463636,0.000083,0.001000,1.000000,1.000000,0.292735
tournament,c1_r75m,1,75.000000,410,0.000000,0.000000,0.605863,0.270785,0.463466,0.000000,0.001000,1.000000,1.000000,0.025000
tournament,c1_r75m,1,75.000000,419,0.000000,0.000000,0.133457,0.411594,0.386178,0.000028,0.001000,1.000000,1.000000,0.355751
tournament,c1_r75m,1,75.000000,420,0.000000,0.053968,0.496851,0.706993,0.558669,0.000056,0.001000,1.000000,1.000000,0.329030
tournament,c1_r75m,1,75.000000,421,0.000000,0.016667,0.719351,0.129069,0.833988,0.000111,0.001000,1.000000,1.000000,0.304207
tournament,c1_r75m,1,75.000000,408,0.000000,0.127237,0.780576,0.286429,0.656921,0.000000,0.001000,1.000000,1.000000,0.105036
tournament,c1_r75m,1,75.000000,407,0.000000,0.011111,0.470660,0.315313,0.474954,0.000000,0.001000,1.000000,1.000000,0.051667
tournament,c1_r75m,1,75.000000,409,0.000000,0.143519,0.743383,0.391358,0.733072,0.000028,0.001000,1.000000,1.000000,0.295983
tournament,c1_r75m,1,75.000000,411,0.000000,0.020159,0.594270,0.168619,0.539700,0.000083,0.001000,1.000000,1.000000,0.297724
tournament,c1_r75m,1,75.000000,423,0.000000,-0.014286,0.745280,0.266362,0.821263,0.000028,0.001000,1.000000,1.000000,0.291880
tournament,c1_r75m,1,75.000000,412,0.000000,0.080758,0.754161,0.217508,0.844348,0.000139,0.001000,1.000000,1.000000,0.380434
tournament,c1_r75m,1,75.000000,413,0.000000,0.000000,0.186065,0.194266,0.201900,0.000000,0.001000,1.000000,1.000000,0.122907
tournament,c1_r75m,1,75.000000,425,0.000000,0.049667,0.239304,0.211636,0.777201,0.000028,0.001000,1.000000,1.000000,0.282456
tournament,c1_r75m,1,75.000000,414,0.000000,0.041667,0.198928,0.417837,0.573321,0.000028,0.001000,1.000000,1.000000,0.243964
tournament,c1_r75m,1,75.000000,418,-0.058824,-0.020168,0.340243,0.120333,0.160769,0.000139,0.001000,1.000000,1.000000,0.090000
tournament,c1_r75m,1,75.000000,426,0.000000,0.000000,0.351550,0.288342,0.658010,0.000083,0.001000,1.000000,1.000000,0.178883
tournament,c1_r75m,1,75.000000,427,0.111111,0.034641,0.362321,0.804693,0.529596,0.000083,0.001000,1.000000,1.000000,0.548936
tournament,c1_r75m,1,75.000000,428,-0.200000,-0.027143,0.660469,0.117426,0.687484,0.000083,0.001000,1.000000,1.000000,0.092380
tournament,c1_r75m,1,75.000000,429,0.000000,-0.025000,0.244806,0.224123,0.684370,0.000000,0.001000,1.000000,1.000000,0.139518
tournament,c1_r75m,1,75.000000,434,0.000000,0.009325,0.506198,0.140194,0.548185,0.000139,0.001000,1.000000,1.000000,0.228990
tournament,c1_r75m,1,75.000000,422,0.000000,0.000000,0.592649,0.350715,0.379239,0.000028,0.001000,1.000000,1.000000,0.222857
tournament,c1_r75m,1,75.000000,437,0.000000,0.033333,0.381772,0.277465,0.754643,0.000028,0.001000,1.000000,1.000000,0.082500
tournament,c1_r75m,1,75.000000,424,0.000000,0.050000,0.622235,0.439527,0.421298,0.000000,0.001000,1.000000,1.000000,0.311386
tournament,c1_r75m,1,75.000000,440,0.000000,0.000000,0.390109,0.286489,0.379262,0.000028,0.001000,1.000000,1.000000,0.199425
tournament,c1_r75m,1,75.000000,441,0.000000,0.031250,0.371128,0.310093,0.795940,0.000083,0.001000,1.000000,1.000000,0.094372
tournament,c1_r75m,1,75.000000,442,0.000000,0.006140,0.244208,0.427333,0.549243,0.000056,0.001000,1.000000,1.000000,0.295376
tournament,c1_r75m,1,75.000000,443,1.000000,0.075000,0.690907,0.402446,0.645111,0.000056,0.001000,1.000000,1.000000,0.208586
tournament,c1_r75m,1,75.000000,430,0.000000,0.104286,0.437563,0.587106,0.429299,0.000056,0.001000,1.000000,1.000000,0.383772
tournament,c1_r75m,1,75.000000,432,0.000000,0.008462,0.347053,0.244599,0.770007,0.000028,0.001000,1.000000,0.998333,0.112965
tournament,c1_r75m,1,75.000000,431,0.000000,-0.001948,0.272511,0.218505,0.766998,0.000056,0.001000,1.000000,1.000000,0.063143
tournament,c1_r75m,1,75.000000,433,0.000000,-0.004348,0.226586,0.320719,0.478629,0.000056,0.001000,1.000000,1.000000,0.058712
tournament,c1_r75m,1,75.000000,444,0.000000,0.055789,0.127997,0.351511,0.656376,0.000000,0.001000,1.000000,1.000000,0.308745
tournament,c1_r75m,1,75.000000,435,0.000000,0.003828,0.399858,0.327967,0.758908,0.000000,0.001000,1.000000,1.000000,0.259214
tournament,c1_r75m,1,75.000000,446,0.000000,0.004261,0.609131,0.230428,0.503101,0.000139,0.001000,1.000000,1.000000,0.143008
tournament,c1_r75m,1,75.000000,436,0.000000,-0.003889,0.351437,0.386652,0.532593,0.000028,0.001000,1.000000,1.000000,0.258406
tournament,c1_r75m,1,75.000000,448,0.000000,0.092500,0.346465,0.595489,0.822541,0.000056,0.001000,1.000000,0.998333,0.467157
tournament,c1_r75m,1,75.000000,438,0.000000,-0.011111,0.413116,0.578650,0.813470,0.000028,0.001000,1.000000,1.000000,0.290136
tournament,c1_r75m,1,75.000000,439,0.000000,0.000000,0.396853,0.259943,0.454087,0.000028,0.001000,1.000000,1.000000,0.276773
tournament,c1_r75m,1,75.000000,449,0.000000,0.000000,0.207732,0.527159,0.396137,0.000083,0.001000,1.000000,1.000000,0.212879
tournament,c1_r150m,1,150.000000,401,0.142857,0.131726,0.726319,0.495335,0.561413,0.000361,0.001000,1.000000,0.998333,0.634743
tournament,c1_r150m,1,150.000000,400,0.246377,-0.015157,0.339958,0.197913,0.571999,0.000333,0.001000,1.000000,0.995000,0.178953
tournament,c1_r75m,1,75.000000,447,0.000000,-0.007692,0.309121,0.226291,0.865450,0.000028,0.001000,1.000000,1.000000,0.055714
tournament,c1_r150m,1,150.000000,408,0.086957,0.049514,0.209131,0.726157,0.237845,0.000250,0.001000,1.000000,1.000000,0.752123
tournament,c1_r75m,1,75.000000,445,0.000000,-0.000556,0.451236,0.208662,0.677821,0.000139,0.001000,1.000000,1.000000,0.171587
tournament,c1_r150m,1,150.000000,410,0.000000,0.026263,0.393453,0.194025,0.584380,0.000056,0.001000,1.000000,0.998333,0.225009
tournament,c1_r150m,1,150.000000,413,0.384615,0.110576,0.302485,0.343692,0.527753,0.000333,0.001000,1.000000,0.998333,0.317344
tournament,c1_r150m,1,150.000000,414,0.052632,0.081209,0.577810,0.560066,0.640467,0.000278,0.001000,1.000000,0.998333,0.305105
tournament,c1_r150m,1,150.000000,415,0.208333,0.084856,0.311738,0.432176,0.718252,0.000444,0.001000,1.000000,0.998333,0.202639
tournament,c1_r150m,1,150.000000,416,-0.187500,0.169992,0.352885,0.351544,0.753913,0.000222,0.001859,0.983333,0.991667,0.317639
tournament,c1_r150m,1,150.000000,406,-0.045455,0.031321,0.754268,0.187190,0.833180,0.000139,0.001000,1.000000,1.000000,0.261982
tournament,c1_r150m,1,150.000000,402,0.057143,0.056798,0.262278,0.181546,0.639298,0.000722,0.003532,0.983333,0.995000,0.154421
tournament,c1_r150m,1,150.000000,403,0.473684,0.099199,0.315149,0.159718,0.725396,0.000417,0.003654,0.983333,0.995000,0.167023
tournament,c1_r150m,1,150.000000,404,-0.038961,0.063770,0.187122,0.687179,0.774103,0.000250,0.001000,1.000000,0.998333,0.731782
tournament,c1_r150m,1,150.000000,405,0.066667,0.055612,0.342124,0.640567,0.692848,0.000278,0.001000,1.000000,0.998333,0.657472
tournament,c1_r150m,1,150.000000,417,0.076923,0.077273,0.615227,0.470302,0.629157,0.000111,0.001000,1.000000,0.995000,0.423345
tournament,c1_r150m,1,150.000000,419,0.000000,0.171888,0.222637,0.658328,0.516928,0.000111,0.001000,1.000000,0.998333,0.382590
tournament,c1_r150m,1,150.000000,407,0.000000,0.112244,0.356442,0.220248,0.797687,0.000083,0.001000,1.000000,1.000000,0.227673
tournament,c1_r150m,1,150.000000,409,-0.541667,-0.031985,0.478638,0.074134,0.416339,0.000500,0.004519,0.983333,0.998333,0.108039
tournament,c1_r150m,1,150.000000,412,0.038462,0.111476,0.367687,0.286991,0.754830,0.000556,0.004557,0.983333,0.998333,0.317901
tournament,c1_r150m,1,150.000000,421,0.010101,0.077889,0.298698,0.490947,0.334300,0.000167,0.001000,1.000000,1.000000,0.560983
tournament,c1_r150m,1,150.000000,411,0.069892,0.130127,0.500294,0.268403,0.153749,0.000333,0.001000,1.000000,0.998333,0.160058
tournament,c1_r150m,1,150.000000,422,0.319444,0.060234,0.751869,0.364545,0.507057,0.000333,0.001000,1.000000,1.000000,0.311454
tournament,c1_r150m,1,150.000000,423,0.222222,0.040952,0.302661,0.752024,0.500480,0.000194,0.001000,1.000000,0.996667,0.704463
tournament,c1_r150m,1,150.000000,418,0.142857,0.201874,0.223750,0.570357,0.459067,0.000167,0.001000,1.000000,0.995000,0.540519
tournament,c1_r150m,1,150.000000,420,-0.041667,0.162879,0.585711,0.591086,0.697768,0.000111,0.001000,1.000000,0.996667,0.557681
tournament,c1_r150m,1,150.000000,429,0.135673,0.140960,0.267845,0.233707,0.478533,0.000389,0.001000,1.000000,1.000000,0.167507
tournament,c1_r150m,1,150.000000,430,0.000000,0.097816,0.545532,0.245224,0.497158,0.000000,0.001000,1.000000,1.000000,0.248194
tournament,c1_r150m,1,150.000000,437,0.266304,0.134652,0.461789,0.424361,0.823384,0.000639,0.004857,0.983333,0.996667,0.446392
tournament,c1_r150m,1,150.000000,436,-0.071429,0.015939,0.264185,0.264279,0.442678,0.000167,0.001000,1.000000,0.998333,0.224691
tournament,c1_r150m,1,150.000000,434,0.000000,0.179215,0.250228,0.527025,0.847929,0.000056,0.001000,1.000000,0.998333,0.560594
tournament,c1_r150m,1,150.000000,438,-0.022727,0.027248,0.207268,0.190940,0.797904,0.000222,0.001000,1.000000,0.996667,0.223226
tournament,c1_r150m,1,150.000000,424,-0.066667,0.071956,0.241620,0.271231,0.441970,0.000306,0.001000,1.000000,0.996667,0.121452
tournament,c1_r150m,1,150.000000,425,0.395833,0.131509,0.790681,0.431913,0.781786,0.000417,0.003597,0.983333,0.996667,0.487469
tournament,c1_r150m,1,150.000000,426,0.200000,0.051823,0.367964,0.444724,0.374589,0.000111,0.001000,1.000000,0.996667,0.402215
tournament,c1_r150m,1,150.000000,428,0.000000,0.142183,0.197123,0.414849,0.392101,0.000028,0.001000,1.000000,1.000000,0.376436
tournament,c1_r150m,1,150.000000,427,0.000000,0.129631,0.218008,0.492482,0.576069,0.000056,0.001000,1.000000,0.998333,0.328032
tournament,c1_r150m,1,150.000000,440,0.000000,0.102634,0.311001,0.514798,0.862936,0.000083,0.001000,1.000000,0.998333,0.481950
tournament,c1_r150m,1,150.000000,441,0.090909,0.049404,0.268530,0.561578,0.655881,0.000167,0.001000,1.000000,0.996667,0.604726
tournament,c1_r150m,1,150.000000,431,0.000000,0.064290,0.193630,0.182702,0.699945,0.000139,0.001000,1.000000,0.998333,0.150018
tournament,c1_r150m,1,150.000000,432,0.000000,0.043067,0.318084,0.411202,0.676363,0.000000,0.001000,1.000000,0.996667,0.341257
tournament,c1_r150m,1,150.000000,442,0.042440,0.024035,0.447216,0.501229,0.537042,0.000250,0.001000,1.000000,0.995000,0.407120
tournament,c1_r150m,1,150.000000,433,-0.217391,0.172245,0.586556,0.417300,0.437548,0.000278,0.001969,0.983333,0.996667,0.372901
tournament,c1_r150m,1,150.000000,443,0.250000,0.063643,0.377149,0.417502,0.512314,0.000194,0.001000,1.000000,1.000000,0.445985
tournament,c1_r150m,1,150.000000,445,0.000000,0.109125,0.391366,0.526748,0.862568,0.000111,0.001000,1.000000,0.998333,0.517968
tournament,c1_r150m,1,150.000000,435,0.000000,0.031453,0.259482,0.220357,0.670512,0.000028,0.001000,1.000000,0.998333,0.129968
tournament,c1_r150m,1,150.000000,439,0.016667,0.065839,0.380367,0.359479,0.350364,0.000250,0.001000,1.000000,0.998333,0.180911
tournament,c1_r300m,1,300.000000,402,-0.312169,0.112285,0.562582,0.632451,0.471773,0.001694,0.013071,0.933333,0.951667,0.578550
tournament,c1_r300m,1,300.000000,401,0.057904,0.026984,0.189119,0.444122,0.670683,0.002111,0.016811,0.933333,0.948333,0.466332
tournament,c1_r300m,1,300.000000,405,0.449198,0.171420,0.214812,0.357796,0.260082,0.001528,0.010786,0.950000,0.958333,0.425631
tournament,c1_r300m,1,300.000000,407,-0.255217,0.059683,0.403553,0.672016,0.697440,0.001722,0.006779,0.950000,0.945000,0.704644
tournament,c1_r300m,1,300.000000,408,0.076471,0.184317,0.305013,0.147512,0.450240,0.001694,0.012523,0.950000,0.940000,0.158356
tournament,c1_r150m,1,150.000000,444,0.400000,0.068303,0.273690,0.466198,0.562424,0.000278,0.001000,1.000000,1.000000,0.572171
tournament,c1_r150m,1,150.000000,446,-0.333333,0.099349,0.403673,0.360526,0.668366,0.000111,0.001000,1.000000,0.998333,0.469719
tournament,c1_r150m,1,150.000000,447,0.000000,0.057393,0.302457,0.309696,0.552931,0.000139,0.001000,1.000000,1.000000,0.370443
tournament,c1_r150m,1,150.000000,448,0.000000,0.067243,0.226424,0.387554,0.662991,0.000194,0.001000,1.000000,0.998333,0.311430
tournament,c1_r150m,1,150.000000,449,0.678571,0.135900,0.550516,0.264378,0.477546,0.000361,0.001000,1.000000,1.000000,0.352270
tournament,c1_r300m,1,300.000000,411,0.072874,0.222645,0.495892,0.461123,0.676575,0.000500,0.001000,1.000000,0.940000,0.385275
tournament,c1_r300m,1,300.000000,412,0.018593,0.110386,0.296358,0.695979,0.796283,0.001889,0.005436,0.966667,0.946667,0.745476
tournament,c1_r300m,1,300.000000,400,0.088696,0.196364,0.519329,0.756180,0.609970,0.002417,0.007995,0.933333,0.961667,0.777481
tournament,c1_r300m,1,300.000000,413,0.318591,0.114258,0.786115,0.437396,0.372990,0.002194,0.010771,0.916667,0.950000,0.310539
tournament,c1_r300m,1,300.000000,403,0.105385,0.176853,0.461962,0.770049,0.513855,0.002111,0.012532,0.933333,0.951667,0.664723
tournament,c1_r300m,1,300.000000,414,0.123902,0.171710,0.628560,0.329394,0.362330,0.001556,0.008185,0.966667,0.958333,0.314457
tournament,c1_r300m,1,300.000000,404,0.193930,0.093820,0.538210,0.509225,0.610168,0.002167,0.017974,0.900000,0.950000,0.522864
tournament,c1_r300m,1,300.000000,406,-0.061404,0.079854,0.151934,0.234218,0.796280,0.000778,0.003550,0.966667,0.961667,0.230378
tournament,c1_r300m,1,300.000000,415,0.110057,0.138345,0.370152,0.185186,0.153854,0.001250,0.003184,0.983333,0.963333,0.228641
tournament,c1_r300m,1,300.000000,409,-0.087526,0.147905,0.387059,0.573165,0.685460,0.002222,0.009882,0.933333,0.925000,0.445051
tournament,c1_r300m,1,300.000000,421,0.125088,0.195260,0.208410,0.568413,0.435200,0.001833,0.010611,0.933333,0.936667,0.426022
tournament,c1_r300m,1,300.000000,410,0.243243,0.001177,0.268065,0.184006,0.758252,0.001000,0.004883,0.983333,0.965000,0.167773
tournament,c1_r300m,1,300.000000,422,0.195886,0.092691,0.346078,0.311730,0.480382,0.002000,0.012270,0.950000,0.955000,0.320657
tournament,c1_r300m,1,300.000000,424,0.201159,0.102886,0.361190,0.535922,0.602446,0.001222,0.001943,0.983333,0.960000,0.569025
tournament,c1_r300m,1,300.000000,426,-0.040404,0.038321,0.151428,0.233449,0.705799,0.000972,0.003266,0.983333,0.951667,0.397669
tournament,c1_r300m,1,300.000000,429,0.141033,0.050399,0.177915,0.614250,0.896283,0.001917,0.009312,0.933333,0.955000,0.531778
tournament,c1_r300m,1,300.000000,416,0.126050,0.133168,0.208609,0.335313,0.753574,0.002028,0.012036,0.950000,0.966667,0.346900
tournament,c1_r300m,1,300.000000,417,0.102976,0.058778,0.377208,0.360053,0.205093,0.002861,0.021999,0.883333,0.933333,0.341422
tournament,c1_r300m,1,300.000000,418,0.363427,0.208541,0.559401,0.374423,0.705097,0.001750,0.011118,0.950000,0.943333,0.268068
tournament,c1_r300m,1,300.000000,419,0.035000,0.221182,0.508146,0.382722,0.602118,0.001250,0.008778,0.950000,0.951667,0.292285
tournament,c1_r300m,1,300.000000,431,0.074750,0.104631,0.672318,0.412370,0.663104,0.003306,0.022527,0.883333,0.936667,0.372643
tournament,c1_r300m,1,300.000000,420,0.493137,0.046083,0.252658,0.271186,0.627220,0.000861,0.004761,0.983333,0.943333,0.230546
tournament,c1_r300m,1,300.000000,433,0.121176,0.163491,0.405340,0.580099,0.171978,0.000861,0.001000,1.000000,0.953333,0.571499
tournament,c1_r300m,1,300.000000,423,0.167692,0.087751,0.217151,0.389529,0.819195,0.001167,0.001567,0.983333,0.936667,0.422852
tournament,c1_r300m,1,300.000000,434,0.238946,0.084268,0.255432,0.276325,0.742935,0.002111,0.016067,0.933333,0.965000,0.303336
tournament,c1_r300m,1,300.000000,435,0.310522,0.096858,0.306023,0.261633,0.632290,0.001694,0.005344,0.966667,0.955000,0.267491
tournament,c1_r300m,1,300.000000,425,0.003070,0.115167,0.694372,0.228425,0.563959,0.001889,0.008643,0.966667,0.945000,0.193785
tournament,c1_r300m,1,300.000000,436,0.065926,0.093203,0.682727,0.173567,0.910586,0.001639,0.004792,0.983333,0.950000,0.196360
tournament,c1_r300m,1,300.000000,427,0.266667,0.101230,0.692700,0.462428,0.448419,0.000889,0.004513,0.950000,0.941667,0.390969
tournament,c1_r300m,1,300.000000,428,0.427273,0.043757,0.302685,0.305242,0.634070,0.001833,0.006957,0.933333,0.940000,0.314404
tournament,c1_r300m,1,300.000000,430,0.234048,0.106184,0.364842,0.464595,0.825139,0.001611,0.009409,0.950000,0.955000,0.419318
tournament,c1_r300m,1,300.000000,441,0.208462,0.040746,0.233548,0.195391,0.683786,0.001278,0.007450,0.950000,0.951667,0.297997
tournament,c1_r300m,1,300.000000,443,0.035088,0.034799,0.422105,0.450888,0.339246,0.001139,0.008810,0.950000,0.916667,0.434924
tournament,c1_r300m,1,300.000000,432,-0.359574,0.017367,0.207896,0.129252,0.305477,0.001167,0.011207,0.950000,0.955000,0.144656
tournament,c1_r300m,1,300.000000,445,0.270169,0.159337,0.304107,0.299243,0.753106,0.001917,0.005747,0.950000,0.953333,0.286418
tournament,c1_r300m,1,300.000000,446,0.352472,0.114962,0.662887,0.457187,0.539451,0.002056,0.001208,0.983333,0.953333,0.490180
tournament,c1_r300m,1,300.000000,448,0.349802,0.164694,0.473808,0.201442,0.407773,0.001361,0.005071,0.966667,0.955000,0.263503
tournament,c1_r300m,1,300.000000,437,0.091880,0.197446,0.721613,0.757478,0.782065,0.003389,0.022896,0.883333,0.940000,0.788293
tournament,c1_r300m,1,300.000000,438,0.193403,0.054558,0.227564,0.475588,0.254341,0.000750,0.004794,0.966667,0.940000,0.523757
tournament,c1_r300m,1,300.000000,440,0.320652,0.078742,0.294074,0.182886,0.380269,0.002250,0.014872,0.900000,0.933333,0.248624
tournament,c1_r300m,1,300.000000,439,0.151634,0.148975,0.137094,0.681691,0.857166,0.001806,0.010511,0.933333,0.960000,0.699050
tournament,c1_r300m,1,300.000000,442,0.277287,0.295095,0.505700,0.471005,0.425743,0.002056,0.014937,0.933333,0.955000,0.469365
tournament,c1_r600m,1,600.000000,402,0.159369,0.144620,0.416822,0.513076,0.608593,0.019667,0.123145,0.566667,0.525000,0.523290
tournament,c1_r600m,1,600.000000,403,0.061097,0.106023,0.324834,0.268858,0.794325,0.016917,0.107720,0.566667,0.566667,0.250299
tournament,c1_r300m,1,300.000000,444,-0.051337,0.152408,0.410449,0.414246,0.127688,0.002389,0.022603,0.900000,0.951667,0.425301
tournament,c1_r600m,1,600.000000,405,0.071512,0.114296,0.213781,0.299942,0.277632,0.015194,0.114146,0.683333,0.588333,0.197421
tournament,c1_r300m,1,300.000000,447,-0.069876,0.095957,0.288966,0.189758,0.815549,0.000889,0.001000,1.000000,0.951667,0.210114
tournament,c1_r300m,1,300.000000,449,0.158025,0.163594,0.516168,0.648087,0.099273,0.001917,0.004627,0.966667,0.956667,0.635470
tournament,c1_r600m,1,600.000000,406,0.105594,0.126494,0.427988,0.216662,0.711475,0.014917,0.076796,0.666667,0.576667,0.313241
tournament,c1_r600m,1,600.000000,407,0.223786,0.187450,0.694504,0.702477,0.548960,0.026056,0.141917,0.466667,0.476667,0.774446
tournament,c1_r600m,1,600.000000,400,0.004586,0.063364,0.726245,0.464907,0.787394,0.022361,0.104551,0.516667,0.516667,0.574821
tournament,c1_r600m,1,600.000000,401,0.162519,0.091926,0.213780,0.411468,0.772700,0.014500,0.079982,0.650000,0.565000,0.303442
tournament,c1_r600m,1,600.000000,413,0.210301,0.170769,0.606199,0.550587,0.541077,0.015194,0.103397,0.633333,0.553333,0.491288
tournament,c1_r600m,1,600.000000,414,0.185027,0.180019,0.526286,0.855215,0.599745,0.025028,0.126088,0.483333,0.476667,0.793011
tournament,c1_r600m,1,600.000000,416,0.078767,0.166510,0.733101,0.747571,0.618307,0.016750,0.121167,0.483333,0.548333,0.653388
tournament,c1_r600m,1,600.000000,419,0.085847,0.150983,0.340919,0.762977,0.776580,0.020778,0.118480,0.466667,0.506667,0.769428
tournament,c1_r600m,1,600.000000,404,0.157236,0.194505,0.805434,0.802394,0.208759,0.027611,0.137570,0.483333,0.520000,0.760364
tournament,c1_r600m,1,600.000000,420,0.100311,0.082363,0.235033,0.701566,0.564806,0.014556,0.081921,0.600000,0.565000,0.735076
tournament,c1_r600m,1,600.000000,408,0.171357,0.188872,0.401733,0.902812,0.490218,0.026167,0.104831,0.566667,0.505000,0.857208
tournament,c1_r600m,1,600.000000,410,0.087398,0.116259,0.519931,0.646100,0.874917,0.018389,0.117604,0.500000,0.515000,0.679978
tournament,c1_r600m,1,600.000000,409,0.170555,0.110412,0.698874,0.569683,0.563703,0.022639,0.132308,0.466667,0.531667,0.642082
tournament,c1_r600m,1,600.000000,423,0.158181,0.139809,0.473050,0.672707,0.319137,0.022278,0.107258,0.433333,0.515000,0.655796
tournament,c1_r600m,1,600.000000,411,0.241759,0.199623,0.655760,0.525485,0.581137,0.018389,0.089367,0.533333,0.526667,0.540371
tournament,c1_r600m,1,600.000000,412,0.082329,0.113490,0.514222,0.303778,0.449559,0.019722,0.124734,0.466667,0.546667,0.280600
tournament,c1_r600m,1,600.000000,424,0.115670,0.114297,0.336023,0.546613,0.719131,0.018444,0.140172,0.433333,0.565000,0.481236
tournament,c1_r600m,1,600.000000,425,0.035973,0.070373,0.297723,0.390129,0.833110,0.018167,0.116215,0.550000,0.583333,0.441219
tournament,c1_r600m,1,600.000000,417,0.103728,0.048564,0.322887,0.363995,0.806462,0.016167,0.109855,0.533333,0.566667,0.568070
tournament,c1_r600m,1,600.000000,415,0.064024,0.152096,0.467071,0.902513,0.774181,0.018056,0.096294,0.566667,0.518333,0.904481
tournament,c1_r600m,1,600.000000,426,0.094433,0.096603,0.361184,0.787006,0.490739,0.020806,0.063194,0.600000,0.510000,0.699914
tournament,c1_r600m,1,600.000000,418,0.132589,0.133339,0.886674,0.539659,0.852714,0.019917,0.110894,0.516667,0.486667,0.615882
tournament,c1_r600m,1,600.000000,428,-0.103874,0.092322,0.342052,0.600403,0.830022,0.017750,0.120520,0.500000,0.525000,0.512390
tournament,c1_r600m,1,600.000000,421,0.041054,0.077127,0.374581,0.464672,0.712723,0.013611,0.096990,0.566667,0.585000,0.482811
tournament,c1_r600m,1,600.000000,432,0.281153,0.062468,0.688743,0.264731,0.856490,0.013917,0.083797,0.666667,0.540000,0.472080
tournament,c1_r600m,1,600.000000,422,0.058160,0.037013,0.276328,0.200590,0.841412,0.019722,0.137976,0.516667,0.553333,0.210375
tournament,c1_r600m,1,600.000000,435,0.237287,0.121010,0.448119,0.302792,0.723990,0.013306,0.096925,0.566667,0.541667,0.358448
tournament,c1_r600m,1,600.000000,436,0.224563,0.135184,0.745016,0.453141,0.800533,0.015361,0.105334,0.616667,0.556667,0.543812
tournament,c1_r600m,1,600.000000,439,0.084219,0.116072,0.480454,0.564993,0.281005,0.021861,0.130085,0.450000,0.530000,0.552137
tournament,c1_r600m,1,600.000000,441,0.210340,0.106870,0.260465,0.226422,0.661719,0.011167,0.074530,0.683333,0.595000,0.197093
tournament,c1_r600m,1,600.000000,429,0.074144,0.134430,0.207789,0.305211,0.542555,0.014472,0.101876,0.600000,0.533333,0.304609
tournament,c1_r600m,1,600.000000,427,0.061224,0.126364,0.366194,0.642165,0.835217,0.015417,0.074935,0.683333,0.550000,0.572032
tournament,c1_r600m,1,600.000000,430,0.020645,0.075690,0.293616,0.182532,0.604899,0.012111,0.091467,0.533333,0.528333,0.220001
tournament,c1_r600m,1,600.000000,431,-0.004790,0.064867,0.209406,0.602734,0.536231,0.019000,0.124575,0.433333,0.543333,0.601894
tournament,c1_r600m,1,600.000000,433,0.118085,0.139196,0.256996,0.390374,0.679866,0.015833,0.121321,0.516667,0.533333,0.291692
tournament,c1_r600m,1,600.000000,434,0.180372,0.091238,0.246027,0.227265,0.729825,0.016694,0.112329,0.583333,0.583333,0.319163
tournament,c1_r600m,1,600.000000,443,0.062378,0.274744,0.821632,0.849396,0.463609,0.027833,0.126181,0.416667,0.455000,0.843368
tournament,c1_r600m,1,600.000000,445,0.209300,0.159167,0.431846,0.450028,0.840580,0.018000,0.098170,0.600000,0.548333,0.573743
tournament,c1_r600m,1,600.000000,438,0.052919,0.105108,0.323452,0.287851,0.704690,0.014278,0.095130,0.516667,0.501667,0.345352
tournament,c1_r600m,1,600.000000,447,0.111871,0.102421,0.307757,0.172967,0.142211,0.013944,0.094573,0.600000,0.558333,0.224667
tournament,c1_r600m,1,600.000000,437,-0.087767,0.195187,0.623319,0.823487,0.822794,0.022056,0.136582,0.500000,0.501667,0.831423
tournament,c1_r600m,1,600.000000,448,0.122961,0.124471,0.613712,0.758729,0.723757,0.031194,0.107520,0.400000,0.478333,0.716984
tournament,c1_r600m,1,600.000000,440,0.238791,0.221955,0.820607,0.819616,0.849480,0.020500,0.089953,0.600000,0.503333,0.818211
tournament,c1_r600m,1,600.000000,442,-0.083579,0.140381,0.300349,0.616340,0.626627,0.016917,0.128707,0.483333,0.535000,0.645572
tournament,c2_r15m,2,15.000000,405,0.000000,0.000000,0.353787,0.286555,0.626705,0.000056,0.001000,1.000000,1.000000,0.000000
tournament,c2_r15m,2,15.000000,406,0.000000,0.000000,0.394030,0.176570,0.456672,0.000028,0.001000,1.000000,1.000000,0.000000
tournament,c1_r600m,1,600.000000,444,0.102462,0.168945,0.425084,0.338677,0.687054,0.014278,0.073769,0.600000,0.576667,0.315377
tournament,c1_r600m,1,600.000000,446,0.091147,0.144563,0.326145,0.699217,0.697448,0.016056,0.090204,0.566667,0.523333,0.557255
tournament,c2_r15m,2,15.000000,408,0.000000,0.000000,0.417442,0.232559,0.460320,0.000000,0.001000,1.000000,1.000000,0.000000
tournament,c2_r15m,2,15.000000,410,0.000000,0.000000,0.272551,0.180004,0.592071,0.000000,0.001000,1.000000,1.000000,0.000000
tournament,c1_r600m,1,600.000000,449,0.094897,0.153041,0.477474,0.236023,0.466293,0.016806,0.137755,0.550000,0.600000,0.184172
tournament,c2_r15m,2,15.000000,400,0.000000,0.000000,0.469322,0.169519,0.859393,0.000083,0.001000,1.000000,1.000000,0.050000
tournament,c2_r15m,2,15.000000,401,0.000000,0.000000,0.335645,0.677276,0.466509,0.000056,0.001000,1.000000,1.000000,0.000000
tournament,c2_r15m,2,15.000000,402,0.000000,0.000000,0.361377,0.343530,0.812452,0.000028,0.001000,1.000000,1.000000,0.000000
tournament,c2_r15m,2,15.000000,413,0.000000,0.000000,0.366942,0.250160,0.659314,0.000000,0.001000,1.000000,1.000000,0.000000
tournament,c2_r15m,2,15.000000,403,0.000000,0.000000,0.622549,0.430265,0.570153,0.000000,0.001000,1.000000,1.000000,0.000000
tournament,c2_r15m,2,15.000000,404,0.000000,0.000000,0.530705,0.721306,0.616305,0.000056,0.001000,1.000000,1.000000,0.000000
tournament,c2_r15m,2,15.000000,414,0.000000,0.000000,0.352992,0.379312,0.596361,0.000056,0.001000,1.000000,1.000000,0.000000
tournament,c2_r15m,2,15.000000,417,0.000000,0.000000,0.303667,0.679593,0.303885,0.000028,0.001000,1.000000,1.000000,0.000000
tournament,c2_r15m,2,15.000000,418,0.000000,0.000000,0.111639,0.694720,0.818925,0.000056,0.001000,1.000000,1.000000,0.000000
tournament,c2_r15m,2,15.000000,407,0.000000,0.000000,0.529198,0.247676,0.217838,0.000028,0.001000,1.000000,1.000000,0.000000
tournament,c2_r15m,2,15.000000,409,0.000000,0.000000,0.300955,0.306562,0.783092,0.000000,0.001000,1.000000,1.000000,0.000000
tournament,c2_r15m,2,15.000000,411,0.000000,0.000000,0.472556,0.544728,0.629120,0.000000,0.001000,1.000000,1.000000,0.000000
tournament,c2_r15m,2,15.000000,423,0.000000,0.000000,0.298454,0.548436,0.521051,0.000000,0.001000,1.000000,1.000000,0.000000
tournament,c2_r15m,2,15.000000,412,0.000000,0.000000,0.162206,0.414084,0.361459,0.000000,0.001000,1.000000,1.000000,0.000000
tournament,c2_r15m,2,15.000000,426,0.000000,0.000000,0.135351,0.213197,0.683929,0.000000,0.001000,1.000000,1.000000,0.000000
tournament,c2_r15m,2,15.000000,416,0.000000,0.000000,0.491868,0.370443,0.616919,0.000056,0.001000,1.000000,1.000000,0.000000
tournament,c2_r15m,2,15.000000,415,0.000000,0.000000,0.411742,0.199965,0.605522,0.000000,0.001000,1.000000,1.000000,0.000000
tournament,c2_r15m,2,15.000000,427,0.000000,0.000000,0.383186,0.443608,0.820066,0.000000,0.001000,1.000000,1.000000,0.000000
tournament,c2_r15m,2,15.000000,428,0.000000,0.000000,0.813941,0.411137,0.799468,0.000000,0.001000,1.000000,1.000000,0.040000
tournament,c2_r15m,2,15.000000,419,0.000000,0.000000,0.275261,0.507307,0.544642,0.000028,0.001000,1.000000,1.000000,0.000000
tournament,c2_r15m,2,15.000000,432,0.000000,0.000000,0.316354,0.204683,0.778882,0.000000,0.001000,1.000000,1.000000,0.000000
tournament,c2_r15m,2,15.000000,421,0.000000,0.000000,0.165660,0.546982,0.532958,0.000000,0.001000,1.000000,1.000000,0.000000
tournament,c2_r15m,2,15.000000,420,0.000000,0.000000,0.564201,0.214102,0.894064,0.000000,0.001000,1.000000,1.000000,0.062500
tournament,c2_r15m,2,15.000000,422,0.000000,0.000000,0.788613,0.182345,0.697343,0.000000,0.001000,1.000000,1.000000,0.000000
tournament,c2_r15m,2,15.000000,424,0.000000,0.000000,0.283915,0.245792,0.624194,0.000028,0.001000,1.000000,1.000000,0.000000
tournament,c2_r15m,2,15.000000,434,0.000000,0.000000,0.142660,0.314791,0.722621,0.000028,0.001000,1.000000,1.000000,0.000000
tournament,c2_r15m,2,15.000000,425,0.000000,0.000000,0.411089,0.714093,0.285803,0.000000,0.001000,1.000000,1.000000,0.000000
tournament,c2_r15m,2,15.000000,437,0.000000,0.000000,0.143052,0.152731,0.534904,0.000000,0.001000,1.000000,1.000000,0.000000
tournament,c2_r15m,2,15.000000,438,0.000000,0.000000,0.141813,0.374684,0.779058,0.000028,0.001000,1.000000,1.000000,0.000000
tournament,c2_r15m,2,15.000000,429,0.000000,0.000000,0.482041,0.454291,0.686677,0.000056,0.001000,1.000000,1.000000,0.000000
tournament,c2_r15m,2,15.000000,430,0.000000,0.000000,0.388807,0.171870,0.706401,0.000028,0.001000,1.000000,1.000000,0.000000
tournament,c2_r15m,2,15.000000,440,0.000000,0.000000,0.304155,0.307600,0.513243,0.000028,0.001000,1.000000,1.000000,0.000000
tournament,c2_r15m,2,15.000000,431,0.000000,0.000000,0.277517,0.581115,0.429448,0.000028,0.001000,1.000000,1.000000,0.000000
tournament,c2_r15m,2,15.000000,445,0.000000,0.000000,0.329329,0.298922,0.803078,0.000056,0.001000,1.000000,1.000000,0.000000
tournament,c2_r15m,2,15.000000,433,0.000000,0.000000,0.210409,0.666984,0.588680,0.000056,0.001000,1.000000,1.000000,0.000000
tournament,c2_r15m,2,15.000000,435,0.000000,0.000000,0.396677,0.200824,0.716082,0.000028,0.001000,1.000000,1.000000,0.000000
tournament,c2_r15m,2,15.000000,447,0.000000,0.000000,0.636841,0.380205,0.418684,0.000083,0.001000,1.000000,1.000000,0.000000
tournament,c2_r15m,2,15.000000,436,0.000000,0.000000,0.568573,0.211873,0.730041,0.000000,0.001000,1.000000,1.000000,0.000000
tournament,c2_r15m,2,15.000000,448,0.000000,0.000000,0.567727,0.409016,0.624866,0.000028,0.001000,1.000000,1.000000,0.000000
tournament,c2_r37.5m,2,37.500000,401,0.000000,0.000000,0.265455,0.301461,0.351906,0.000000,0.001000,1.000000,1.000000,0.000000
tournament,c2_r15m,2,15.000000,439,0.000000,0.000000,0.461945,0.520460,0.314377,0.000000,0.001000,1.000000,1.000000,0.000000
tournament,c2_r15m,2,15.000000,441,0.000000,0.000000,0.465873,0.532471,0.704877,0.000111,0.001000,1.000000,1.000000,0.000000
tournament,c2_r37.5m,2,37.500000,403,0.000000,-0.016667,0.152804,0.691565,0.717862,0.000028,0.001000,1.000000,1.000000,0.160000
tournament,c2_r15m,2,15.000000,442,0.000000,0.000000,0.363858,0.580656,0.216858,0.000056,0.001000,1.000000,1.000000,0.000000
tournament,c2_r15m,2,15.000000,444,0.000000,0.000000,0.263261,0.250529,0.850896,0.000000,0.001000,1.000000,1.000000,0.000000
tournament,c2_r15m,2,15.000000,443,0.000000,0.000000,0.379175,0.427138,0.573987,0.000000,0.001000,1.000000,1.000000,0.000000
tournament,c2_r15m,2,15.000000,446,0.000000,0.000000,0.816829,0.230815,0.511028,0.000028,0.001000,1.000000,1.000000,0.000000
tournament,c2_r37.5m,2,37.500000,406,0.000000,0.058889,0.535171,0.629035,0.749957,0.000000,0.001000,1.000000,1.000000,0.209603
tournament,c2_r37.5m,2,37.500000,408,0.000000,-0.033333,0.699412,0.224327,0.832640,0.000028,0.001000,1.000000,1.000000,0.063077
tournament,c2_r15m,2,15.000000,449,0.000000,0.000000,0.206260,0.388600,0.747275,0.000000,0.001000,1.000000,1.000000,0.000000
tournament,c2_r37.5m,2,37.500000,400,0.000000,0.050000,0.282907,0.185783,0.439817,0.000000,0.001000,1.000000,1.000000,0.134722
tournament,c2_r37.5m,2,37.500000,409,0.000000,0.030952,0.410079,0.843106,0.502626,0.000028,0.001000,1.000000,1.000000,0.225556
tournament,c2_r37.5m,2,37.500000,402,0.000000,0.000000,0.272287,0.528209,0.347070,0.000056,0.001000,1.000000,1.000000,0.233333
tournament,c2_r37.5m,2,37.500000,412,0.000000,0.000000,0.514030,0.613916,0.288703,0.000083,0.001000,1.000000,1.000000,0.033333
tournament,c2_r37.5m,2,37.500000,404,0.000000,0.000000,0.789219,0.329012,0.775151,0.000083,0.001000,1.000000,1.000000,0.116154
tournament,c2_r37.5m,2,37.500000,405,0.000000,0.000000,0.255593,0.247864,0.671435,0.000028,0.001000,1.000000,1.000000,0.060000
tournament,c2_r37.5m,2,37.500000,417,0.000000,0.000000,0.316189,0.798717,0.746063,0.000056,0.001000,1.000000,1.000000,0.100000
tournament,c2_r37.5m,2,37.500000,418,0.000000,-0.015909,0.443989,0.539312,0.764419,0.000000,0.001000,1.000000,1.000000,0.342857
tournament,c2_r37.5m,2,37.500000,407,0.000000,0.000000,0.477535,0.231242,0.234675,0.000000,0.001000,1.000000,1.000000,0.087500
tournament,c2_r37.5m,2,37.500000,421,0.000000,0.025000,0.516235,0.332037,0.588614,0.000028,0.001000,1.000000,1.000000,0.095714
tournament,c2_r37.5m,2,37.500000,410,0.000000,0.020000,0.456403,0.448637,0.582430,0.000000,0.001000,1.000000,1.000000,0.090635
tournament,c2_r37.5m,2,37.500000,423,0.000000,0.000000,0.342690,0.308566,0.748478,0.000000,0.001000,1.000000,1.000000,0.045714
tournament,c2_r37.5m,2,37.500000,411,0.000000,0.000000,0.197476,0.538709,0.635378,0.000000,0.001000,1.000000,1.000000,0.080000
tournament,c2_r37.5m,2,37.500000,414,0.000000,0.000000,0.377469,0.578383,0.267341,0.000056,0.001000,1.000000,1.000000,0.012500
tournament,c2_r37.5m,2,37.500000,415,0.000000,0.000000,0.251007,0.420896,0.516844,0.000056,0.001000,1.000000,1.000000,0.233333
tournament,c2_r37.5m,2,37.500000,416,0.000000,0.050000,0.435634,0.303494,0.756651,0.000056,0.001000,1.000000,1.000000,0.247895
tournament,c2_r37.5m,2,37.500000,413,0.000000,0.000000,0.498636,0.216023,0.751693,0.000056,0.001000,1.000000,1.000000,0.122222
tournament,c2_r37.5m,2,37.500000,426,0.000000,0.066667,0.431906,0.372089,0.276955,0.000028,0.001000,1.000000,1.000000,0.158333
tournament,c2_r37.5m,2,37.500000,427,0.000000,0.000000,0.300629,0.466197,0.597742,0.000167,0.001000,1.000000,1.000000,0.096154
tournament,c2_r37.5m,2,37.500000,429,0.000000,0.000000,0.180865,0.543902,0.731396,0.000000,0.001000,1.000000,1.000000,0.153333
tournament,c2_r37.5m,2,37.500000,419,0.000000,0.000000,0.384264,0.147523,0.679206,0.000056,0.001000,1.000000,1.000000,0.041667
tournament,c2_r37.5m,2,37.500000,420,0.000000,0.000000,0.529508,0.131412,0.855417,0.000028,0.001000,1.000000,1.000000,0.119216
tournament,c2_r37.5m,2,37.500000,431,0.000000,0.000000,0.269843,0.826204,0.667273,0.000028,0.001000,1.000000,1.000000,0.246111
tournament,c2_r37.5m,2,37.500000,422,0.000000,0.000000,0.280388,0.282722,0.745469,0.000083,0.001000,1.000000,1.000000,0.114286
tournament,c2_r37.5m,2,37.500000,424,0.000000,0.000000,0.277198,0.587231,0.748293,0.000083,0.001000,1.000000,1.000000,0.146429
tournament,c2_r37.5m,2,37.500000,437,0.000000,0.000000,0.239438,0.343486,0.384754,0.000028,0.001000,1.000000,1.000000,0.000000
tournament,c2_r37.5m,2,37.500000,425,0.000000,0.000000,0.569414,0.534694,0.819410,0.000000,0.001000,1.000000,1.000000,0.193333
tournament,c2_r37.5m,2,37.500000,438,0.000000,0.016667,0.621478,0.717573,0.348691,0.000111,0.001000,1.000000,1.000000,0.185714
tournament,c2_r37.5m,2,37.500000,439,0.000000,0.000000,0.423461,0.180170,0.649864,0.000056,0.001000,1.000000,1.000000,0.000000
tournament,c2_r37.5m,2,37.500000,428,0.000000,0.000000,0.352988,0.204434,0.317988,0.000028,0.001000,1.000000,1.000000,0.035000
tournament,c2_r37.5m,2,37.500000,442,0.000000,0.050000,0.586096,0.473928,0.354193,0.000111,0.001000,1.000000,1.000000,0.220564
tournament,c2_r37.5m,2,37.500000,430,0.000000,0.011111,0.280289,0.480700,0.500849,0.000028,0.001000,1.000000,1.000000,0.137386
tournament,c2_r37.5m,2,37.500000,432,0.000000,-0.020000,0.345201,0.279698,0.293206,0.000028,0.001000,1.000000,1.000000,0.111111
tournament,c2_r37.5m,2,37.500000,433,0.000000,-0.066667,0.522849,0.221036,0.722470,0.000056,0.001000,1.000000,1.000000,0.050000
tournament,c2_r37.5m,2,37.500000,434,0.000000,0.000000,0.539335,0.779286,0.663984,0.000028,0.001000,1.000000,1.000000,0.233333
tournament,c2_r37.5m,2,37.500000,435,0.000000,0.000000,0.264694,0.845397,0.639123,0.000167,0.001000,1.000000,1.000000,0.233333
tournament,c2_r37.5m,2,37.500000,436,0.000000,0.019286,0.535674,0.513937,0.623380,0.000028,0.001000,1.000000,1.000000,0.201466
tournament,c2_r37.5m,2,37.500000,445,0.000000,0.060000,0.679332,0.297953,0.706931,0.000028,0.001000,1.000000,1.000000,0.050000
tournament,c2_r37.5m,2,37.500000,447,0.000000,0.000000,0.315651,0.649420,0.593436,0.000000,0.001000,1.000000,1.000000,0.160000
tournament,c2_r37.5m,2,37.500000,448,0.000000,0.000000,0.195526,0.291715,0.838213,0.000000,0.001000,1.000000,1.000000,0.036667
tournament,c2_r75m,2,75.000000,400,0.000000,0.000000,0.258498,0.167162,0.175258,0.000139,0.001000,1.000000,1.000000,0.057424
tournament,c2_r37.5m,2,37.500000,440,0.000000,-0.028571,0.436413,0.292742,0.670148,0.000028,0.001000,1.000000,1.000000,0.078030
tournament,c2_r37.5m,2,37.500000,441,0.000000,0.000000,0.221385,0.363637,0.710819,0.000000,0.001000,1.000000,1.000000,0.040000
tournament,c2_r37.5m,2,37.500000,443,0.000000,0.000000,0.452010,0.319414,0.673987,0.000000,0.001000,1.000000,1.000000,0.009524
tournament,c2_r37.5m,2,37.500000,444,0.000000,0.000000,0.733953,0.221688,0.339956,0.000056,0.001000,1.000000,1.000000,0.088571
tournament,c2_r75m,2,75.000000,407,0.200000,0.011111,0.265657,0.229646,0.736767,0.000222,0.001000,1.000000,1.000000,0.163714
tournament,c2_r37.5m,2,37.500000,446,0.000000,0.000000,0.408031,0.450110,0.645712,0.000028,0.001000,1.000000,1.000000,0.366667
tournament,c2_r75m,2,75.000000,408,0.067633,0.021763,0.531712,0.182811,0.816471,0.000222,0.001000,1.000000,1.000000,0.152236
tournament,c2_r75m,2,75.000000,409,0.000000,0.020000,0.271469,0.579715,0.835106,0.000056,0.001000,1.000000,1.000000,0.470333
tournament,c2_r37.5m,2,37.500000,449,0.000000,0.000000,0.670721,0.720214,0.652260,0.000083,0.001000,1.000000,1.000000,0.191667
tournament,c2_r75m,2,75.000000,410,0.000000,0.003409,0.503754,0.278907,0.503056,0.000139,0.001000,1.000000,1.000000,0.329595
tournament,c2_r75m,2,75.000000,401,0.000000,-0.010000,0.236685,0.362391,0.632597,0.000028,0.001000,1.000000,1.000000,0.171592
tournament,c2_r75m,2,75.000000,402,0.153846,0.043378,0.517731,0.331283,0.724884,0.000278,0.001000,1.000000,1.000000,0.263479
tournament,c2_r75m,2,75.000000,403,0.000000,-0.001948,0.140675,0.637757,0.506570,0.000111,0.001000,1.000000,1.000000,0.371940
tournament,c2_r75m,2,75.000000,404,0.000000,0.010407,0.433992,0.514980,0.807056,0.000167,0.001000,1.000000,1.000000,0.348146
tournament,c2_r75m,2,75.000000,405,0.250000,0.040866,0.690984,0.624659,0.658738,0.000111,0.001000,1.000000,1.000000,0.508694
tournament,c2_r75m,2,75.000000,415,0.000000,0.024076,0.316322,0.725881,0.845768,0.000083,0.001000,1.000000,1.000000,0.702403
tournament,c2_r75m,2,75.000000,417,0.000000,0.127451,0.304571,0.119754,0.568118,0.000028,0.001000,1.000000,1.000000,0.044348
tournament,c2_r75m,2,75.000000,406,0.000000,0.012460,0.528554,0.373767,0.485657,0.000167,0.001000,1.000000,1.000000,0.168900
tournament,c2_r75m,2,75.000000,418,-0.111111,0.004274,0.360779,0.310094,0.817420,0.000139,0.001000,1.000000,1.000000,0.321226
tournament,c2_r75m,2,75.000000,420,0.033333,0.003333,0.325126,0.841805,0.605367,0.000194,0.001000,1.000000,1.000000,0.700950
tournament,c2_r75m,2,75.000000,411,0.000000,-0.012040,0.253904,0.203065,0.905483,0.000056,0.001000,1.000000,1.000000,0.151359
tournament,c2_r75m,2,75.000000,412,0.000000,0.037179,0.340303,0.708219,0.695882,0.000111,0.001000,1.000000,1.000000,0.467499
tournament,c2_r75m,2,75.000000,413,0.000000,0.058601,0.256596,0.224861,0.416470,0.000056,0.001000,1.000000,1.000000,0.289312
tournament,c2_r75m,2,75.000000,426,0.000000,0.010909,0.709997,0.210128,0.417903,0.000139,0.001000,1.000000,1.000000,0.136731
tournament,c2_r75m,2,75.000000,414,0.400000,0.163333,0.533105,0.698895,0.500122,0.000222,0.001000,1.000000,1.000000,0.658889
tournament,c2_r75m,2,75.000000,427,0.111111,0.122778,0.301633,0.391402,0.185493,0.000083,0.001000,1.000000,1.000000,0.411000
tournament,c2_r75m,2,75.000000,416,0.000000,0.048211,0.478556,0.299547,0.807307,0.000139,0.001000,1.000000,1.000000,0.336265
tournament,c2_r75m,2,75.000000,429,-0.043478,-0.016491,0.477746,0.284493,0.728117,0.000250,0.001000,1.000000,1.000000,0.179913
tournament,c2_r75m,2,75.000000,430,0.000000,-0.014286,0.306171,0.217647,0.570169,0.000083,0.001000,1.000000,1.000000,0.197083
tournament,c2_r75m,2,75.000000,419,0.000000,0.026786,0.138796,0.524579,0.666519,0.000056,0.001000,1.000000,1.000000,0.479784
tournament,c2_r75m,2,75.000000,421,0.000000,0.016553,0.204235,0.406591,0.511027,0.000056,0.001000,1.000000,1.000000,0.241067
tournament,c2_r75m,2,75.000000,422,0.500000,0.066667,0.458812,0.406120,0.590746,0.000167,0.001000,1.000000,1.000000,0.289548
tournament,c2_r75m,2,75.000000,423,0.000000,0.106667,0.156871,0.498634,0.469550,0.000056,0.001000,1.000000,1.000000,0.379058
tournament,c2_r75m,2,75.000000,424,0.000000,0.191667,0.316511,0.337506,0.468432,0.000083,0.001000,1.000000,1.000000,0.225887
tournament,c2_r75m,2,75.000000,425,0.000000,0.044391,0.773035,0.263479,0.773753,0.000083,0.001000,1.000000,1.000000,0.181624
tournament,c2_r75m,2,75.000000,434,0.000000,0.000000,0.368495,0.258201,0.394009,0.000139,0.001000,1.000000,1.000000,0.122538
tournament,c2_r75m,2,75.000000,436,0.000000,0.000000,0.303189,0.190232,0.204931,0.000111,0.001000,1.000000,1.000000,0.154167
tournament,c2_r75m,2,75.000000,438,0.000000,0.010582,0.346805,0.356041,0.605703,0.000083,0.001000,1.000000,1.000000,0.313088
tournament,c2_r75m,2,75.000000,428,0.000000,0.052868,0.326284,0.423803,0.505603,0.000028,0.001000,1.000000,1.000000,0.407523
tournament,c2_r75m,2,75.000000,439,0.000000,0.020085,0.706926,0.341220,0.777817,0.000167,0.001000,1.000000,1.000000,0.422762
tournament,c2_r75m,2,75.000000,431,-0.025641,0.015293,0.485608,0.316829,0.654646,0.000333,0.001000,1.000000,1.000000,0.201886
tournament,c2_r75m,2,75.000000,432,0.000000,0.002250,0.169482,0.433738,0.363444,0.000000,0.001000,1.000000,1.000000,0.268766
tournament,c2_r75m,2,75.000000,433,0.000000,0.128333,0.378468,0.311176,0.662596,0.000083,0.001000,1.000000,1.000000,0.240230
tournament,c2_r75m,2,75.000000,446,0.000000,0.020885,0.362375,0.298519,0.357567,0.000028,0.001000,1.000000,1.000000,0.267060
tournament,c2_r75m,2,75.000000,447,0.500000,0.107585,0.854126,0.288961,0.771635,0.000139,0.001000,1.000000,1.000000,0.380872
tournament,c2_r75m,2,75.000000,448,0.000000,0.018333,0.336855,0.255368,0.634390,0.000000,0.001000,1.000000,1.000000,0.169034
tournament,c2_r75m,2,75.000000,435,0.000000,0.018000,0.241213,0.252254,0.492454,0.000056,0.001000,1.000000,1.000000,0.477672
tournament,c2_r75m,2,75.000000,437,0.000000,0.020000,0.534826,0.779972,0.825037,0.000111,0.001000,1.000000,1.000000,0.642829
tournament,c2_r150m,2,150.000000,400,0.142857,0.067978,0.593345,0.330572,0.587713,0.000222,0.001000,1.000000,1.000000,0.358420
tournament,c2_r75m,2,75.000000,441,0.000000,0.000000,0.666195,0.301244,0.821889,0.000222,0.001000,1.000000,1.000000,0.220049
tournament,c2_r75m,2,75.000000,440,0.093750,0.037971,0.224564,0.479264,0.684551,0.000333,0.001000,1.000000,1.000000,0.268227
tournament,c2_r75m,2,75.000000,442,0.000000,0.022222,0.184463,0.259610,0.602211,0.000167,0.001000,1.000000,1.000000,0.263317
tournament,c2_r150m,2,150.000000,404,-0.015254,0.204300,0.660883,0.675333,0.797081,0.000556,0.001000,1.000000,0.991667,0.679217
tournament,c2_r75m,2,75.000000,443,0.000000,0.050000,0.286923,0.172341,0.466519,0.000000,0.001000,1.000000,1.000000,0.131762
tournament,c2_r150m,2,150.000000,406,-0.012386,0.081863,0.285609,0.293518,0.573133,0.000472,0.001000,1.000000,0.990000,0.352828
tournament,c2_r75m,2,75.000000,445,0.038462,0.023291,0.214501,0.513617,0.694891,0.000250,0.001000,1.000000,1.000000,0.473063
tournament,c2_r75m,2,75.000000,444,0.000000,0.049735,0.505754,0.229307,0.689338,0.000083,0.001000,1.000000,1.000000,0.166974
tournament,c2_r150m,2,150.000000,405,0.071678,0.041678,0.365091,0.214675,0.548434,0.000444,0.001000,1.000000,0.996667,0.234873
tournament,c2_r150m,2,150.000000,409,0.065909,0.099170,0.303955,0.454599,0.545039,0.000389,0.001000,1.000000,0.998333,0.574434
tournament,c2_r75m,2,75.000000,449,0.000000,0.088095,0.464958,0.189506,0.467617,0.000083,0.001000,1.000000,1.000000,0.171774
tournament,c2_r150m,2,150.000000,402,0.000000,0.012945,0.562649,0.176671,0.435561,0.000194,0.001000,1.000000,0.998333,0.143010
tournament,c2_r150m,2,150.000000,401,0.286765,0.111453,0.443474,0.416180,0.636008,0.000361,0.001000,1.000000,0.996667,0.363104
tournament,c2_r150m,2,150.000000,413,0.071429,0.155714,0.334691,0.440891,0.680453,0.000389,0.001000,1.000000,0.998333,0.382236
tournament,c2_r150m,2,150.000000,415,0.086957,0.071954,0.117992,0.743864,0.612860,0.000417,0.001000,1.000000,0.996667,0.750172
tournament,c2_r150m,2,150.000000,403,-0.028571,-0.046294,0.302977,0.533954,0.614713,0.000250,0.001000,1.000000,0.995000,0.421191
tournament,c2_r150m,2,150.000000,408,0.119048,0.165627,0.361642,0.342436,0.523575,0.000694,0.003263,0.983333,0.996667,0.318104
tournament,c2_r150m,2,150.000000,407,0.002632,0.136761,0.325461,0.404934,0.214903,0.000778,0.001000,1.000000,0.996667,0.574778
tournament,c2_r150m,2,150.000000,419,0.191558,0.154574,0.330829,0.253992,0.742325,0.000417,0.001000,1.000000,0.998333,0.224206
tournament,c2_r150m,2,150.000000,418,0.000000,0.094656,0.574680,0.674039,0.764478,0.000167,0.001000,1.000000,0.996667,0.616129
tournament,c2_r150m,2,150.000000,410,0.152801,0.134951,0.236366,0.388210,0.691158,0.000722,0.001573,0.983333,0.998333,0.290591
tournament,c2_r150m,2,150.000000,412,0.131859,0.018103,0.478054,0.424793,0.720768,0.000694,0.001000,1.000000,0.998333,0.265579
tournament,c2_r150m,2,150.000000,411,0.000000,0.081688,0.377784,0.310543,0.557708,0.000444,0.001000,1.000000,0.996667,0.348459
tournament,c2_r150m,2,150.000000,423,0.212587,0.046742,0.461688,0.386633,0.659046,0.000583,0.001000,1.000000,0.996667,0.312349
tournament,c2_r150m,2,150.000000,414,-0.038610,0.025373,0.438277,0.150821,0.428937,0.000611,0.004846,0.983333,0.996667,0.119377
tournament,c2_r150m,2,150.000000,416,0.091228,0.140539,0.222580,0.318530,0.196854,0.000528,0.001000,1.000000,0.996667,0.227074
tournament,c2_r150m,2,150.000000,417,0.250000,0.166283,0.257791,0.212778,0.685367,0.000694,0.001000,1.000000,0.998333,0.218555
tournament,c2_r150m,2,150.000000,421,0.153846,0.010179,0.223474,0.567938,0.859954,0.000222,0.001000,1.000000,0.993333,0.422121
tournament,c2_r150m,2,150.000000,428,0.272321,0.147244,0.471913,0.700530,0.497109,0.000972,0.005541,0.966667,0.993333,0.704565
tournament,c2_r150m,2,150.000000,424,-0.115385,0.096691,0.716007,0.296915,0.688952,0.000306,0.001000,1.000000,0.990000,0.295402
tournament,c2_r150m,2,150.000000,420,0.158562,0.065459,0.505453,0.269388,0.672667,0.000417,0.001000,1.000000,0.990000,0.289299
tournament,c2_r150m,2,150.000000,422,0.078845,0.151634,0.658823,0.230749,0.634615,0.000361,0.001000,1.000000,0.996667,0.372505
tournament,c2_r150m,2,150.000000,425,0.300000,0.078269,0.510029,0.558167,0.442965,0.000500,0.001000,1.000000,1.000000,0.505084
tournament,c2_r150m,2,150.000000,437,0.125000,0.130811,0.652452,0.515683,0.385264,0.000306,0.001000,1.000000,0.996667,0.528779
tournament,c2_r150m,2,150.000000,426,0.421171,0.028598,0.522081,0.438209,0.767016,0.000611,0.001000,1.000000,0.998333,0.211959
tournament,c2_r150m,2,150.000000,433,-0.150794,-0.001111,0.634839,0.537178,0.732282,0.000528,0.004851,0.983333,0.988333,0.519452
tournament,c2_r150m,2,150.000000,427,-0.004684,-0.036671,0.251261,0.269777,0.599651,0.000694,0.004839,0.983333,0.996667,0.285336
tournament,c2_r150m,2,150.000000,438,-0.055944,0.009938,0.190537,0.217399,0.580418,0.000667,0.004851,0.983333,0.995000,0.182845
tournament,c2_r150m,2,150.000000,439,0.088889,0.085060,0.170496,0.354459,0.475427,0.000278,0.001000,1.000000,0.998333,0.348611
tournament,c2_r150m,2,150.000000,429,0.081081,0.147549,0.433063,0.623135,0.706773,0.000333,0.001000,1.000000,0.996667,0.544452
tournament,c2_r150m,2,150.000000,430,0.000000,0.107151,0.435202,0.326273,0.784590,0.000139,0.001000,1.000000,0.996667,0.331481
tournament,c2_r150m,2,150.000000,431,-0.142857,0.069713,0.354484,0.420524,0.681755,0.000167,0.001000,1.000000,0.995000,0.459587
tournament,c2_r150m,2,150.000000,432,0.462264,0.067534,0.499514,0.257300,0.688908,0.000556,0.001000,1.000000,0.996667,0.328490
tournament,c2_r150m,2,150.000000,434,0.000000,0.069804,0.581127,0.285091,0.639451,0.000333,0.001000,1.000000,0.996667,0.335194
tournament,c2_r150m,2,150.000000,435,-0.091503,0.037335,0.406805,0.370695,0.267775,0.000861,0.004915,0.966667,0.993333,0.305208
tournament,c2_r150m,2,150.000000,436,0.111111,0.139942,0.283478,0.240328,0.464072,0.000361,0.001000,1.000000,0.996667,0.185817
tournament,c2_r150m,2,150.000000,443,0.125000,0.048442,0.245038,0.348255,0.797374,0.000278,0.001000,1.000000,0.990000,0.349851
tournament,c2_r150m,2,150.000000,447,0.034091,0.070515,0.172103,0.208764,0.567045,0.001167,0.006025,0.966667,0.993333,0.212001
tournament,c2_r150m,2,150.000000,448,0.003676,-0.021331,0.287523,0.472445,0.820031,0.000333,0.001000,1.000000,0.995000,0.529772
tournament,c2_r150m,2,150.000000,445,0.263807,0.068121,0.693460,0.331774,0.603881,0.000667,0.001000,1.000000,0.991667,0.425893
tournament,c2_r150m,2,150.000000,440,0.133333,0.171654,0.133261,0.203286,0.119429,0.000444,0.001000,1.000000,0.996667,0.258033
tournament,c2_r150m,2,150.000000,441,-0.052632,0.101799,0.347977,0.237100,0.429364,0.000417,0.001000,1.000000,1.000000,0.295833
tournament,c2_r150m,2,150.000000,442,0.108418,0.081937,0.232916,0.233224,0.247576,0.000861,0.001540,0.983333,0.996667,0.271744
tournament,c2_r300m,2,300.000000,406,0.048495,0.157137,0.187202,0.794883,0.137295,0.002806,0.015944,0.916667,0.861667,0.642635
tournament,c2_r150m,2,150.000000,444,0.081633,0.012071,0.495416,0.436126,0.566859,0.000528,0.001000,1.000000,0.998333,0.426106
tournament,c2_r300m,2,300.000000,407,0.035328,0.143199,0.340461,0.543937,0.711738,0.004583,0.033289,0.816667,0.875000,0.389493
tournament,c2_r150m,2,150.000000,446,0.059184,0.093290,0.217035,0.226991,0.816730,0.000389,0.001000,1.000000,0.995000,0.337099
tournament,c2_r300m,2,300.000000,408,0.158762,0.158074,0.279991,0.474923,0.734339,0.004028,0.015252,0.916667,0.881667,0.571990
tournament,c2_r300m,2,300.000000,409,0.209444,0.150070,0.480371,0.395204,0.610757,0.004694,0.014747,0.933333,0.895000,0.350084
tournament,c2_r150m,2,150.000000,449,0.047619,-0.012346,0.161659,0.618396,0.574228,0.000667,0.001000,1.000000,0.998333,0.431441
tournament,c2_r300m,2,300.000000,400,0.199810,0.180759,0.541589,0.519625,0.509909,0.003778,0.008903,0.916667,0.886667,0.505182
tournament,c2_r300m,2,300.000000,401,0.230749,0.138781,0.402897,0.135112,0.693017,0.002583,0.005316,0.966667,0.888333,0.396062
tournament,c2_r300m,2,300.000000,403,0.014080,0.099618,0.323362,0.602199,0.685215,0.004139,0.018989,0.866667,0.903333,0.529641
tournament,c2_r300m,2,300.000000,402,0.076650,0.168038,0.514057,0.613040,0.656870,0.007722,0.020232,0.833333,0.883333,0.595847
tournament,c2_r300m,2,300.000000,413,0.426087,0.104968,0.584531,0.685307,0.574869,0.001778,0.012003,0.900000,0.885000,0.703359
tournament,c2_r300m,2,300.000000,404,-0.075363,0.049315,0.166827,0.850356,0.655582,0.003083,0.018732,0.916667,0.881667,0.698671
tournament,c2_r300m,2,300.000000,405,0.147145,0.118056,0.519902,0.264388,0.851158,0.005278,0.030456,0.833333,0.881667,0.229185
tournament,c2_r300m,2,300.000000,415,0.214953,0.123328,0.203322,0.277997,0.751615,0.004222,0.023992,0.850000,0.886667,0.409141
tournament,c2_r300m,2,300.000000,417,-0.082583,0.210314,0.707408,0.728720,0.506589,0.003694,0.023374,0.850000,0.885000,0.731994
tournament,c2_r300m,2,300.000000,418,-0.014189,0.034765,0.116250,0.193641,0.578364,0.003972,0.023161,0.883333,0.880000,0.336524
tournament,c2_r300m,2,300.000000,410,0.126586,0.081137,0.376151,0.499720,0.579747,0.004944,0.023414,0.866667,0.871667,0.513700
tournament,c2_r300m,2,300.000000,411,0.253593,0.133996,0.666262,0.714322,0.814313,0.004917,0.022499,0.850000,0.891667,0.730155
tournament,c2_r300m,2,300.000000,424,0.253878,0.175098,0.708843,0.660580,0.574028,0.004444,0.022833,0.883333,0.858333,0.767622
tournament,c2_r300m,2,300.000000,414,0.121970,0.076995,0.366773,0.222210,0.323868,0.002667,0.013176,0.916667,0.903333,0.198229
tournament,c2_r300m,2,300.000000,412,-0.029327,0.120978,0.193544,0.122533,0.772840,0.004000,0.021883,0.866667,0.878333,0.144847
tournament,c2_r300m,2,300.000000,427,0.027975,0.087909,0.261288,0.329009,0.753776,0.004139,0.021536,0.866667,0.895000,0.351317
tournament,c2_r300m,2,300.000000,428,0.104371,0.078194,0.130076,0.343144,0.422461,0.004167,0.019697,0.866667,0.901667,0.340433
tournament,c2_r300m,2,300.000000,416,0.005520,0.083808,0.357386,0.329117,0.806474,0.004389,0.025749,0.833333,0.901667,0.246193
tournament,c2_r300m,2,300.000000,429,-0.057740,0.186493,0.432519,0.658025,0.682359,0.005028,0.028907,0.883333,0.885000,0.587851
tournament,c2_r300m,2,300.000000,419,-0.137757,0.089277,0.186147,0.379530,0.589420,0.001944,0.012340,0.950000,0.905000,0.297042
tournament,c2_r300m,2,300.000000,420,0.070934,0.175763,0.238115,0.436334,0.875899,0.004472,0.021320,0.883333,0.896667,0.515353
tournament,c2_r300m,2,300.000000,421,0.190689,0.136437,0.341287,0.278574,0.672022,0.004722,0.015984,0.916667,0.895000,0.290335
tournament,c2_r300m,2,300.000000,432,0.077825,0.171819,0.515766,0.382539,0.667924,0.003111,0.009889,0.933333,0.906667,0.282933
tournament,c2_r300m,2,300.000000,422,0.391275,0.190698,0.448203,0.454915,0.321330,0.005083,0.028710,0.850000,0.891667,0.499088
tournament,c2_r300m,2,300.000000,425,0.282887,0.181958,0.589772,0.257469,0.557646,0.003917,0.010281,0.933333,0.895000,0.313530
tournament,c2_r300m,2,300.000000,423,0.217814,0.089348,0.595898,0.558812,0.761726,0.004417,0.009924,0.916667,0.876667,0.487328
tournament,c2_r300m,2,300.000000,426,0.122125,0.057012,0.238400,0.296084,0.776862,0.003500,0.012438,0.966667,0.880000,0.227116
tournament,c2_r300m,2,300.000000,435,-0.046398,0.126770,0.749852,0.411968,0.903652,0.005083,0.022948,0.866667,0.860000,0.610069
tournament,c2_r300m,2,300.000000,436,0.265725,0.103018,0.241063,0.545694,0.510388,0.004194,0.031356,0.833333,0.893333,0.532123
tournament,c2_r300m,2,300.000000,438,0.159159,0.135159,0.417610,0.680810,0.724610,0.010389,0.018524,0.833333,0.868333,0.635659
tournament,c2_r300m,2,300.000000,430,0.124796,0.110042,0.408507,0.627193,0.519375,0.003972,0.021640,0.900000,0.911667,0.666278
tournament,c2_r300m,2,300.000000,442,-0.006452,0.110652,0.358730,0.588022,0.375110,0.004639,0.019707,0.866667,0.870000,0.608544
tournament,c2_r300m,2,300.000000,431,0.036072,0.083278,0.417433,0.525348,0.797979,0.003444,0.018943,0.916667,0.878333,0.623977
tournament,c2_r300m,2,300.000000,433,0.183057,0.087194,0.355259,0.448654,0.815155,0.005500,0.035262,0.816667,0.880000,0.481556
tournament,c2_r300m,2,300.000000,447,0.115019,0.086041,0.411134,0.866041,0.598999,0.006333,0.019211,0.850000,0.878333,0.780086
tournament,c2_r300m,2,300.000000,448,0.132621,0.105971,0.286058,0.649401,0.656347,0.006361,0.029175,0.866667,0.873333,0.575290
tournament,c2_r300m,2,300.000000,434,0.008343,0.114605,0.588940,0.797054,0.565943,0.005833,0.025676,0.866667,0.875000,0.698642
tournament,c2_r300m,2,300.000000,437,0.216612,0.197321,0.789145,0.643245,0.763680,0.004667,0.014509,0.883333,0.868333,0.640957
tournament,c2_r300m,2,300.000000,449,0.223671,0.161748,0.474216,0.566173,0.582082,0.004889,0.020422,0.866667,0.865000,0.624462
tournament,c2_r300m,2,300.000000,439,0.234058,0.095274,0.780710,0.201774,0.677793,0.005333,0.021758,0.883333,0.881667,0.399819
tournament,c2_r300m,2,300.000000,440,0.052909,0.081485,0.252272,0.464587,0.651339,0.006583,0.024516,0.850000,0.908333,0.508425
tournament,c2_r300m,2,300.000000,441,0.276857,0.168796,0.672240,0.246347,0.786311,0.004639,0.026746,0.883333,0.898333,0.311304
tournament,c2_r300m,2,300.000000,443,0.146203,0.096595,0.400507,0.632090,0.617742,0.006833,0.035383,0.800000,0.866667,0.642308
tournament,c2_r300m,2,300.000000,444,0.006160,0.057651,0.170790,0.672123,0.408151,0.002778,0.015384,0.950000,0.896667,0.734654
tournament,c2_r300m,2,300.000000,446,0.013499,0.066895,0.432364,0.253589,0.719298,0.004083,0.015934,0.900000,0.875000,0.183116
tournament,c2_r300m,2,300.000000,445,0.046284,0.124474,0.233712,0.543474,0.784802,0.005667,0.026970,0.866667,0.871667,0.615174
tournament,c2_r600m,2,600.000000,404,0.263382,0.280649,0.859452,0.917881,0.514227,0.188583,1.006346,0.000000,0.018333,0.876146
tournament,c2_r600m,2,600.000000,401,0.252965,0.271571,0.799755,0.937057,0.799107,0.179611,0.941444,0.000000,0.021667,0.902593
tournament,c2_r600m,2,600.000000,405,0.309854,0.273534,0.827208,0.922301,0.728736,0.191889,1.081630,0.016667,0.025000,0.892187
tournament,c2_r600m,2,600.000000,408,0.252916,0.282469,0.867041,0.925417,0.676261,0.186250,0.970762,0.033333,0.018333,0.894610
tournament,c2_r600m,2,600.000000,403,0.280738,0.277246,0.854846,0.939473,0.820746,0.181750,0.956476,0.016667,0.018333,0.905912
tournament,c2_r600m,2,600.000000,400,0.270646,0.285592,0.876218,0.933876,0.678628,0.196222,1.087981,0.016667,0.011667,0.924869
tournament,c2_r600m,2,600.000000,419,0.270143,0.274064,0.892154,0.925861,0.652121,0.170722,0.892821,0.000000,0.010000,0.908469
tournament,c2_r600m,2,600.000000,416,0.244046,0.278472,0.874335,0.921770,0.745989,0.186083,0.966921,0.016667,0.008333,0.885675
tournament,c2_r600m,2,600.000000,418,0.271842,0.272939,0.891581,0.896373,0.438135,0.188139,1.024728,0.016667,0.015000,0.878577
tournament,c2_r600m,2,600.000000,407,0.311710,0.285265,0.851715,0.927069,0.543259,0.198750,1.100416,0.000000,0.011667,0.896753
tournament,c2_r600m,2,600.000000,417,0.300908,0.292851,0.939901,0.934569,0.667453,0.185750,0.985084,0.033333,0.018333,0.911022
tournament,c2_r600m,2,600.000000,406,0.279737,0.285672,0.852773,0.930970,0.558222,0.191111,1.017205,0.000000,0.006667,0.901553
tournament,c2_r600m,2,600.000000,409,0.292057,0.288587,0.839811,0.913017,0.746250,0.181861,0.921423,0.016667,0.025000,0.891035
tournament,c2_r600m,2,600.000000,402,0.298327,0.294557,0.906716,0.898311,0.817056,0.198833,1.104089,0.016667,0.010000,0.896305
tournament,c2_r600m,2,600.000000,410,0.282329,0.280214,0.885861,0.872242,0.711577,0.194750,1.036409,0.016667,0.021667,0.853340
tournament,c2_r600m,2,600.000000,413,0.263114,0.282489,0.896574,0.917576,0.718168,0.186611,0.951693,0.016667,0.023333,0.897142
tournament,c2_r600m,2,600.000000,411,0.323128,0.288726,0.883426,0.890952,0.472891,0.185278,1.004736,0.000000,0.011667,0.888317
tournament,c2_r600m,2,600.000000,414,0.260883,0.283049,0.826021,0.900281,0.493176,0.180750,0.946237,0.000000,0.018333,0.894093
tournament,c2_r600m,2,600.000000,412,0.295818,0.280142,0.872235,0.908850,0.644119,0.198556,1.105497,0.016667,0.008333,0.886123
tournament,c2_r600m,2,600.000000,415,0.288462,0.286277,0.907038,0.911931,0.270921,0.189667,1.020161,0.000000,0.006667,0.889267
tournament,c2_r600m,2,600.000000,422,0.293040,0.282319,0.880611,0.932950,0.413647,0.182917,0.912959,0.016667,0.008333,0.895238
tournament,c2_r600m,2,600.000000,423,0.253195,0.273546,0.789144,0.914246,0.644097,0.179306,0.888672,0.050000,0.013333,0.857203
tournament,c2_r600m,2,600.000000,424,0.295680,0.288616,0.822867,0.928111,0.726656,0.185944,0.958923,0.016667,0.018333,0.900978
tournament,c2_r600m,2,600.000000,426,0.281279,0.280910,0.848828,0.925019,0.610828,0.189889,1.040451,0.000000,0.018333,0.896297
tournament,c2_r600m,2,600.000000,431,0.285015,0.281316,0.895890,0.926238,0.411704,0.181722,0.969795,0.016667,0.013333,0.914706
tournament,c2_r600m,2,600.000000,420,0.284450,0.279369,0.842356,0.873380,0.835951,0.190306,0.994924,0.016667,0.020000,0.894154
tournament,c2_r600m,2,600.000000,421,0.290128,0.267639,0.920315,0.870613,0.655581,0.167472,0.739674,0.033333,0.028333,0.881044
tournament,c2_r600m,2,600.000000,430,0.301861,0.283270,0.906707,0.914150,0.810258,0.193028,1.045959,0.016667,0.008333,0.871137
tournament,c2_r600m,2,600.000000,425,0.265108,0.272111,0.895419,0.900423,0.652342,0.184750,0.979210,0.016667,0.005000,0.895024
tournament,c2_r600m,2,600.000000,436,0.302386,0.292123,0.914530,0.922662,0.471539,0.190000,0.985374,0.016667,0.008333,0.909636
tournament,c2_r600m,2,600.000000,437,0.280764,0.277048,0.918814,0.892382,0.898757,0.189611,0.985205,0.033333,0.015000,0.902443
tournament,c2_r600m,2,600.000000,438,0.259937,0.270340,0.879012,0.897944,0.395128,0.174861,0.810355,0.066667,0.025000,0.902410
tournament,c2_r600m,2,600.000000,428,0.269917,0.274377,0.890366,0.923063,0.891221,0.175528,0.959584,0.016667,0.015000,0.894356
tournament,c2_r600m,2,600.000000,429,0.308018,0.280893,0.811699,0.939390,0.868402,0.194306,1.067717,0.000000,0.010000,0.911297
tournament,c2_r600m,2,600.000000,427,0.287885,0.278845,0.828731,0.894459,0.488141,0.193444,1.053532,0.000000,0.006667,0.881994
tournament,c2_r600m,2,600.000000,439,0.270021,0.273883,0.927786,0.906488,0.519925,0.194333,1.043578,0.000000,0.013333,0.889683
tournament,c2_r600m,2,600.000000,440,0.274363,0.286601,0.875867,0.901249,0.727071,0.190361,1.044343,0.050000,0.011667,0.902366
tournament,c2_r600m,2,600.000000,432,0.298863,0.287969,0.893363,0.925381,0.713695,0.183083,0.954812,0.000000,0.018333,0.903653
tournament,c2_r600m,2,600.000000,433,0.323648,0.285199,0.901417,0.883401,0.573086,0.192472,1.034793,0.016667,0.025000,0.875218
tournament,c2_r600m,2,600.000000,435,0.303458,0.281472,0.887128,0.937388,0.602575,0.184389,1.033181,0.016667,0.028333,0.899437
tournament,c2_r600m,2,600.000000,434,0.295582,0.269063,0.816446,0.903769,0.412221,0.184556,0.973577,0.016667,0.026667,0.884403
tournament,c3_r15m,3,15.000000,401,0.000000,0.000000,0.291480,0.279154,0.406013,0.000056,0.001000,1.000000,1.000000,0.033333
tournament,c3_r15m,3,15.000000,402,0.000000,0.000000,0.356234,0.383185,0.807254,0.000028,0.001000,1.000000,1.000000,0.000000
tournament,c2_r600m,2,600.000000,446,0.266751,0.263839,0.832713,0.907249,0.853106,0.178333,0.962372,0.000000,0.008333,0.898291
tournament,c2_r600m,2,600.000000,445,0.262215,0.273561,0.853602,0.903810,0.672633,0.172861,0.836170,0.016667,0.013333,0.888494
tournament,c3_r15m,3,15.000000,400,0.000000,0.000000,0.316526,0.239433,0.806243,0.000028,0.001000,1.000000,1.000000,0.000000
tournament,c3_r15m,3,15.000000,407,0.000000,0.000000,0.476460,0.350578,0.534239,0.000083,0.001000,1.000000,1.000000,0.000000
tournament,c2_r600m,2,600.000000,447,0.264139,0.280329,0.848268,0.938966,0.674044,0.186750,1.028649,0.016667,0.033333,0.888299
tournament,c3_r15m,3,15.000000,408,0.000000,0.000000,0.170353,0.252525,0.761437,0.000056,0.001000,1.000000,1.000000,0.000000
tournament,c3_r15m,3,15.000000,403,0.000000,0.000000,0.332841,0.156749,0.460535,0.000028,0.001000,1.000000,1.000000,0.000000
tournament,c3_r15m,3,15.000000,404,0.000000,0.000000,0.637043,0.567167,0.374750,0.000056,0.001000,1.000000,1.000000,0.000000
tournament,c3_r15m,3,15.000000,405,0.000000,0.000000,0.411195,0.292613,0.678868,0.000028,0.001000,1.000000,1.000000,0.000000
tournament,c3_r15m,3,15.000000,410,0.000000,0.000000,0.566526,0.369812,0.464551,0.000028,0.001000,1.000000,1.000000,0.000000
tournament,c3_r15m,3,15.000000,406,0.000000,0.000000,0.218849,0.187548,0.472534,0.000000,0.001000,1.000000,1.000000,0.000000
tournament,c3_r15m,3,15.000000,409,0.000000,0.000000,0.248397,0.602214,0.822697,0.000028,0.001000,1.000000,1.000000,0.000000
tournament,c3_r15m,3,15.000000,413,0.000000,0.000000,0.583158,0.229933,0.618279,0.000000,0.001000,1.000000,1.000000,0.000000
tournament,c3_r15m,3,15.000000,414,0.000000,0.000000,0.216444,0.606540,0.511536,0.000000,0.001000,1.000000,1.000000,0.000000
tournament,c3_r15m,3,15.000000,412,0.000000,0.000000,0.225780,0.642272,0.779630,0.000000,0.001000,1.000000,1.000000,0.000000
tournament,c2_r600m,2,600.000000,442,0.270273,0.287266,0.911548,0.908456,0.692457,0.189361,1.005271,0.016667,0.011667,0.902222
tournament,c3_r15m,3,15.000000,418,0.000000,0.000000,0.645221,0.326316,0.278565,0.000056,0.001000,1.000000,1.000000,0.000000
tournament,c2_r600m,2,600.000000,444,0.300467,0.284855,0.845199,0.904353,0.709279,0.183500,0.940589,0.000000,0.025000,0.872139
tournament,c2_r600m,2,600.000000,449,0.288286,0.288044,0.924917,0.899280,0.870374,0.190278,0.994376,0.000000,0.010000,0.890665
tournament,c2_r600m,2,600.000000,441,0.280493,0.275779,0.822637,0.896938,0.651229,0.179556,0.920843,0.033333,0.026667,0.895225
tournament,c3_r15m,3,15.000000,420,0.000000,0.000000,0.122581,0.298328,0.691539,0.000056,0.001000,1.000000,1.000000,0.000000
tournament,c3_r15m,3,15.000000,421,0.000000,0.000000,0.553741,0.100630,0.329620,0.000056,0.001000,1.000000,1.000000,0.000000
tournament,c2_r600m,2,600.000000,443,0.273139,0.258347,0.824441,0.889452,0.732199,0.188194,0.979543,0.000000,0.021667,0.894670
tournament,c3_r15m,3,15.000000,422,0.000000,0.000000,0.364064,0.269255,0.460139,0.000056,0.001000,1.000000,1.000000,0.000000
tournament,c3_r15m,3,15.000000,411,0.000000,0.000000,0.563938,0.168995,0.626949,0.000000,0.001000,1.000000,1.000000,0.000000
tournament,c2_r600m,2,600.000000,448,0.265390,0.275461,0.862252,0.946677,0.613281,0.191167,1.006955,0.000000,0.025000,0.911419
tournament,c3_r15m,3,15.000000,423,0.000000,0.000000,0.333067,0.520166,0.698990,0.000028,0.001000,1.000000,1.000000,0.000000
tournament,c3_r15m,3,15.000000,415,0.000000,0.000000,0.187240,0.665600,0.573960,0.000056,0.001000,1.000000,1.000000,0.085714
tournament,c3_r15m,3,15.000000,416,0.000000,0.000000,0.186976,0.663996,0.619369,0.000056,0.001000,1.000000,1.000000,0.000000
tournament,c3_r15m,3,15.000000,425,0.000000,0.000000,0.345881,0.371734,0.648811,0.000056,0.001000,1.000000,1.000000,0.000000
tournament,c3_r15m,3,15.000000,417,0.000000,0.000000,0.340455,0.349373,0.625090,0.000028,0.001000,1.000000,1.000000,0.000000
tournament,c3_r15m,3,15.000000,429,0.000000,0.000000,0.347989,0.252633,0.592061,0.000000,0.001000,1.000000,1.000000,0.000000
tournament,c3_r15m,3,15.000000,419,0.000000,0.010000,0.677224,0.471353,0.575095,0.000028,0.001000,1.000000,1.000000,0.200000
tournament,c3_r15m,3,15.000000,430,0.000000,0.000000,0.245300,0.154441,0.736401,0.000028,0.001000,1.000000,1.000000,0.000000
tournament,c3_r15m,3,15.000000,432,0.000000,0.000000,0.167497,0.166242,0.528342,0.000028,0.001000,1.000000,1.000000,0.000000
tournament,c3_r15m,3,15.000000,435,0.000000,0.000000,0.249576,0.301327,0.687488,0.000028,0.001000,1.000000,1.000000,0.000000
tournament,c3_r15m,3,15.000000,428,0.000000,0.000000,0.520384,0.180164,0.820224,0.000000,0.001000,1.000000,1.000000,0.000000
tournament,c3_r15m,3,15.000000,424,0.000000,0.000000,0.320626,0.432762,0.489707,0.000028,0.001000,1.000000,1.000000,0.000000
tournament,c3_r15m,3,15.000000,440,0.000000,0.000000,0.567917,0.229796,0.780087,0.000000,0.001000,1.000000,1.000000,0.000000
tournament,c3_r15m,3,15.000000,442,0.000000,0.000000,0.449232,0.546716,0.532941,0.000028,0.001000,1.000000,1.000000,0.000000
tournament,c3_r15m,3,15.000000,427,0.000000,0.000000,0.451007,0.389678,0.759237,0.000000,0.001000,1.000000,1.000000,0.000000
tournament,c3_r15m,3,15.000000,426,0.000000,0.000000,0.300565,0.235862,0.465877,0.000000,0.001000,1.000000,1.000000,0.000000
tournament,c3_r15m,3,15.000000,443,0.000000,0.000000,0.671608,0.112625,0.546168,0.000056,0.001000,1.000000,1.000000,0.000000
tournament,c3_r15m,3,15.000000,431,0.000000,0.000000,0.285798,0.398953,0.341174,0.000000,0.001000,1.000000,1.000000,0.000000
tournament,c3_r15m,3,15.000000,433,0.000000,0.000000,0.410000,0.622942,0.757719,0.000028,0.001000,1.000000,1.000000,0.000000
tournament,c3_r15m,3,15.000000,434,0.000000,0.000000,0.590042,0.435819,0.744557,0.000056,0.001000,1.000000,1.000000,0.000000
tournament,c3_r15m,3,15.000000,444,0.000000,0.000000,0.296578,0.155318,0.727237,0.000000,0.001000,1.000000,1.000000,0.000000
tournament,c3_r15m,3,15.000000,438,0.000000,0.000000,0.541075,0.365726,0.627671,0.000111,0.001000,1.000000,1.000000,0.000000
tournament,c3_r15m,3,15.000000,445,0.000000,0.000000,0.635895,0.751150,0.822491,0.000056,0.001000,1.000000,1.000000,0.000000
tournament,c3_r15m,3,15.000000,436,0.000000,0.000000,0.464336,0.335511,0.839921,0.000000,0.001000,1.000000,1.000000,0.000000
tournament,c3_r15m,3,15.000000,437,0.000000,0.000000,0.576992,0.350667,0.490200,0.000028,0.001000,1.000000,1.000000,0.000000
tournament,c3_r15m,3,15.000000,448,0.000000,0.000000,0.508307,0.276886,0.699531,0.000028,0.001000,1.000000,1.000000,0.000000
tournament,c3_r15m,3,15.000000,447,0.000000,0.000000,0.389094,0.528856,0.479641,0.000000,0.001000,1.000000,1.000000,0.066667
tournament,c3_r15m,3,15.000000,441,0.000000,0.000000,0.189971,0.477974,0.783541,0.000056,0.001000,1.000000,1.000000,0.050000
tournament,c3_r37.5m,3,37.500000,401,0.000000,0.007692,0.110365,0.662657,0.607065,0.000028,0.001000,1.000000,1.000000,0.186667
tournament,c3_r15m,3,15.000000,439,0.000000,0.000000,0.452858,0.131462,0.706602,0.000028,0.001000,1.000000,1.000000,0.000000
tournament,c3_r37.5m,3,37.500000,405,0.000000,0.000000,0.100281,0.615816,0.711812,0.000111,0.001000,1.000000,1.000000,0.530357
tournament,c3_r37.5m,3,37.500000,407,0.000000,0.000000,0.728784,0.342175,0.433075,0.000111,0.001000,1.000000,1.000000,0.036364
tournament,c3_r37.5m,3,37.500000,410,0.000000,-0.005263,0.216746,0.371419,0.848021,0.000056,0.001000,1.000000,1.000000,0.111866
tournament,c3_r37.5m,3,37.500000,411,0.000000,0.000000,0.173145,0.584324,0.734449,0.000111,0.001000,1.000000,1.000000,0.142857
tournament,c3_r37.5m,3,37.500000,413,0.000000,0.076190,0.570669,0.714085,0.738550,0.000056,0.001000,1.000000,1.000000,0.292338
tournament,c3_r15m,3,15.000000,446,0.000000,0.000000,0.371938,0.486989,0.637599,0.000028,0.001000,1.000000,1.000000,0.000000
tournament,c3_r15m,3,15.000000,449,0.000000,0.000000,0.803633,0.388227,0.671671,0.000056,0.001000,1.000000,1.000000,0.000000
tournament,c3_r37.5m,3,37.500000,400,0.000000,0.000000,0.241515,0.349800,0.589321,0.000194,0.001000,1.000000,1.000000,0.283750
tournament,c3_r37.5m,3,37.500000,402,0.000000,0.000000,0.388432,0.461176,0.582727,0.000028,0.001000,1.000000,1.000000,0.149206
tournament,c3_r37.5m,3,37.500000,403,0.000000,-0.030000,0.404591,0.769054,0.898668,0.000139,0.001000,1.000000,1.000000,0.201667
tournament,c3_r37.5m,3,37.500000,404,0.000000,0.011111,0.524532,0.213538,0.838971,0.000083,0.001000,1.000000,1.000000,0.098889
tournament,c3_r37.5m,3,37.500000,415,0.000000,0.016667,0.339012,0.836307,0.678239,0.000139,0.001000,1.000000,1.000000,0.579798
tournament,c3_r37.5m,3,37.500000,406,0.000000,-0.010000,0.333465,0.202566,0.570625,0.000083,0.001000,1.000000,1.000000,0.109091
tournament,c3_r37.5m,3,37.500000,408,0.000000,0.013333,0.613010,0.298349,0.499553,0.000000,0.001000,1.000000,1.000000,0.037500
tournament,c3_r37.5m,3,37.500000,416,0.000000,0.014286,0.238155,0.204124,0.559380,0.000167,0.001000,1.000000,1.000000,0.227525
tournament,c3_r37.5m,3,37.500000,417,0.000000,0.012308,0.595341,0.339069,0.691511,0.000056,0.001000,1.000000,1.000000,0.182265
tournament,c3_r37.5m,3,37.500000,409,0.000000,0.000000,0.477225,0.331158,0.568089,0.000028,0.001000,1.000000,1.000000,0.156316
tournament,c3_r37.5m,3,37.500000,419,0.000000,0.000000,0.415493,0.127042,0.551366,0.000056,0.001000,1.000000,1.000000,0.058452
tournament,c3_r37.5m,3,37.500000,418,0.000000,0.016667,0.370325,0.461568,0.635918,0.000222,0.001000,1.000000,1.000000,0.075000
tournament,c3_r37.5m,3,37.500000,412,0.000000,-0.011111,0.627539,0.364143,0.750209,0.000056,0.001000,1.000000,1.000000,0.197500
tournament,c3_r37.5m,3,37.500000,414,0.000000,-0.005882,0.126792,0.315074,0.841134,0.000056,0.001000,1.000000,1.000000,0.177055
tournament,c3_r37.5m,3,37.500000,426,0.000000,0.000000,0.467734,0.159710,0.411618,0.000139,0.001000,1.000000,1.000000,0.010000
tournament,c3_r37.5m,3,37.500000,430,0.000000,0.014286,0.346016,0.420804,0.794545,0.000000,0.001000,1.000000,1.000000,0.207792
tournament,c3_r37.5m,3,37.500000,432,0.000000,0.016667,0.299221,0.500278,0.790140,0.000111,0.001000,1.000000,1.000000,0.191429
tournament,c3_r37.5m,3,37.500000,433,0.000000,-0.010000,0.165586,0.695550,0.857906,0.000000,0.001000,1.000000,1.000000,0.279837
tournament,c3_r37.5m,3,37.500000,421,0.000000,0.000000,0.481596,0.420329,0.790109,0.000028,0.001000,1.000000,1.000000,0.334487
tournament,c3_r37.5m,3,37.500000,422,0.000000,0.025000,0.705038,0.426820,0.831143,0.000000,0.001000,1.000000,1.000000,0.202778
tournament,c3_r37.5m,3,37.500000,420,0.000000,0.000000,0.233773,0.737735,0.669756,0.000056,0.001000,1.000000,1.000000,0.204167
tournament,c3_r37.5m,3,37.500000,423,0.000000,0.000000,0.153761,0.421271,0.362698,0.000056,0.001000,1.000000,1.000000,0.100000
tournament,c3_r37.5m,3,37.500000,436,0.000000,0.050000,0.249535,0.593492,0.661257,0.000083,0.001000,1.000000,1.000000,0.462500
tournament,c3_r37.5m,3,37.500000,424,0.000000,0.020000,0.550852,0.570760,0.608214,0.000083,0.001000,1.000000,1.000000,0.142500
tournament,c3_r37.5m,3,37.500000,425,0.000000,0.075000,0.392821,0.158572,0.677924,0.000167,0.001000,1.000000,1.000000,0.209365
tournament,c3_r37.5m,3,37.500000,429,0.000000,0.025000,0.316839,0.323626,0.457255,0.000028,0.001000,1.000000,1.000000,0.130972
tournament,c3_r37.5m,3,37.500000,427,0.000000,0.050000,0.160461,0.730909,0.746780,0.000000,0.001000,1.000000,1.000000,0.158333
tournament,c3_r37.5m,3,37.500000,428,0.000000,0.000000,0.521856,0.231683,0.784841,0.000083,0.001000,1.000000,1.000000,0.106429
tournament,c3_r37.5m,3,37.500000,437,0.000000,0.100000,0.343307,0.261284,0.684126,0.000028,0.001000,1.000000,1.000000,0.100000
tournament,c3_r37.5m,3,37.500000,438,0.000000,0.000000,0.431157,0.507365,0.821511,0.000028,0.001000,1.000000,1.000000,0.107251
tournament,c3_r37.5m,3,37.500000,431,0.166667,0.056667,0.341054,0.513690,0.761310,0.000222,0.001000,1.000000,1.000000,0.241270
tournament,c3_r37.5m,3,37.500000,439,0.000000,0.100000,0.547690,0.207806,0.570550,0.000056,0.001000,1.000000,1.000000,0.083333
tournament,c3_r37.5m,3,37.500000,434,0.000000,0.000000,0.421774,0.178455,0.406607,0.000194,0.001000,1.000000,1.000000,0.090000
tournament,c3_r37.5m,3,37.500000,435,0.000000,0.000000,0.533671,0.185740,0.674485,0.000028,0.001000,1.000000,1.000000,0.159341
tournament,c3_r37.5m,3,37.500000,444,0.000000,0.033333,0.399892,0.288381,0.614006,0.000056,0.001000,1.000000,1.000000,0.137273
tournament,c3_r75m,3,75.000000,400,0.000000,0.007512,0.204929,0.332910,0.135678,0.000083,0.001000,1.000000,1.000000,0.504931
tournament,c3_r75m,3,75.000000,401,0.400000,0.069564,0.487185,0.448067,0.777123,0.000139,0.001000,1.000000,1.000000,0.351409
tournament,c3_r37.5m,3,37.500000,447,0.000000,0.000000,0.272475,0.301123,0.568663,0.000139,0.001000,1.000000,1.000000,0.222778
tournament,c3_r75m,3,75.000000,403,0.166667,0.068194,0.642149,0.300547,0.772895,0.000139,0.001000,1.000000,1.000000,0.241494
tournament,c3_r37.5m,3,37.500000,440,0.000000,0.047619,0.244472,0.620045,0.567642,0.000139,0.001000,1.000000,1.000000,0.389596
tournament,c3_r37.5m,3,37.500000,441,0.000000,0.000000,0.215798,0.221543,0.738418,0.000111,0.001000,1.000000,1.000000,0.051111
tournament,c3_r37.5m,3,37.500000,442,0.000000,0.000000,0.816747,0.189044,0.507355,0.000000,0.001000,1.000000,1.000000,0.028571
tournament,c3_r37.5m,3,37.500000,443,0.000000,0.000000,0.282744,0.303636,0.636078,0.000083,0.001000,1.000000,1.000000,0.075000
tournament,c3_r75m,3,75.000000,406,0.032086,0.003831,0.120563,0.470757,0.803101,0.000222,0.001000,1.000000,1.000000,0.347866
tournament,c3_r37.5m,3,37.500000,446,0.000000,0.000000,0.750696,0.331650,0.800265,0.000028,0.001000,1.000000,1.000000,0.275868
tournament,c3_r37.5m,3,37.500000,445,0.000000,0.000000,0.334252,0.326504,0.808966,0.000028,0.001000,1.000000,1.000000,0.295628
tournament,c3_r37.5m,3,37.500000,448,0.000000,0.000000,0.420058,0.376408,0.539797,0.000056,0.001000,1.000000,1.000000,0.271429
tournament,c3_r75m,3,75.000000,407,0.040000,0.019048,0.430115,0.517423,0.534859,0.000306,0.001000,1.000000,1.000000,0.491551
tournament,c3_r37.5m,3,37.500000,449,0.000000,0.000000,0.552859,0.232600,0.610024,0.000028,0.001000,1.000000,1.000000,0.162500
tournament,c3_r75m,3,75.000000,408,0.000000,-0.008235,0.395744,0.234692,0.210167,0.000000,0.001000,1.000000,1.000000,0.208664
tournament,c3_r75m,3,75.000000,409,0.000000,0.089090,0.273930,0.500226,0.219511,0.000194,0.001000,1.000000,1.000000,0.437777
tournament,c3_r75m,3,75.000000,410,0.275641,0.072802,0.701186,0.217123,0.525182,0.000583,0.001000,1.000000,1.000000,0.316825
tournament,c3_r75m,3,75.000000,402,0.100000,0.031014,0.498246,0.379246,0.419484,0.000194,0.001000,1.000000,1.000000,0.384266
tournament,c3_r75m,3,75.000000,404,0.000000,0.035952,0.623470,0.414622,0.682848,0.000000,0.001000,1.000000,1.000000,0.397277
tournament,c3_r75m,3,75.000000,415,0.000000,-0.002796,0.222582,0.161195,0.337966,0.000056,0.001000,1.000000,1.000000,0.128287
tournament,c3_r75m,3,75.000000,405,0.000000,-0.004354,0.322211,0.357664,0.580441,0.000167,0.001000,1.000000,1.000000,0.358379
tournament,c3_r75m,3,75.000000,419,0.000000,0.005734,0.413719,0.192891,0.229856,0.000194,0.001000,1.000000,1.000000,0.183358
tournament,c3_r75m,3,75.000000,421,0.000000,-0.010000,0.499810,0.334933,0.862628,0.000139,0.001000,1.000000,1.000000,0.287659
tournament,c3_r75m,3,75.000000,422,0.000000,0.028245,0.274916,0.458978,0.576225,0.000139,0.001000,1.000000,1.000000,0.461580
tournament,c3_r75m,3,75.000000,423,0.500000,0.029286,0.102652,0.495356,0.684690,0.000083,0.001000,1.000000,1.000000,0.605418
tournament,c3_r75m,3,75.000000,411,0.250000,0.039732,0.389312,0.184723,0.591521,0.000306,0.001000,1.000000,1.000000,0.285239
tournament,c3_r75m,3,75.000000,426,-0.027778,0.005769,0.208985,0.192156,0.801574,0.000306,0.001000,1.000000,1.000000,0.132080
tournament,c3_r75m,3,75.000000,412,0.000000,0.070000,0.730270,0.382245,0.768346,0.000306,0.001000,1.000000,1.000000,0.335624
tournament,c3_r75m,3,75.000000,414,0.000000,-0.001127,0.231497,0.333194,0.240767,0.000083,0.001000,1.000000,1.000000,0.185196
tournament,c3_r75m,3,75.000000,413,0.000000,0.072059,0.178525,0.600993,0.413420,0.000333,0.001000,1.000000,1.000000,0.446572
tournament,c3_r75m,3,75.000000,416,0.000000,-0.025833,0.271460,0.333984,0.431641,0.000083,0.001000,1.000000,1.000000,0.419311
tournament,c3_r75m,3,75.000000,417,0.000000,0.047778,0.422669,0.797942,0.600443,0.000111,0.001000,1.000000,1.000000,0.646057
tournament,c3_r75m,3,75.000000,428,0.106280,0.003415,0.387319,0.483064,0.791129,0.000417,0.001000,1.000000,1.000000,0.426362
tournament,c3_r75m,3,75.000000,418,0.000000,0.006349,0.218075,0.267218,0.498435,0.000167,0.001000,1.000000,1.000000,0.463444
tournament,c3_r75m,3,75.000000,429,0.000000,0.034024,0.304064,0.309216,0.760577,0.000361,0.001000,1.000000,1.000000,0.308308
tournament,c3_r75m,3,75.000000,430,-0.055556,0.005403,0.433140,0.227597,0.714256,0.000111,0.001000,1.000000,1.000000,0.353311
tournament,c3_r75m,3,75.000000,420,-0.181818,0.078167,0.323026,0.171894,0.597936,0.000194,0.001000,1.000000,1.000000,0.188818
tournament,c3_r75m,3,75.000000,431,0.234266,0.077025,0.505920,0.456977,0.689779,0.000472,0.001000,1.000000,1.000000,0.500773
tournament,c3_r75m,3,75.000000,424,0.125000,0.004683,0.293939,0.472680,0.478025,0.000306,0.001000,1.000000,1.000000,0.324754
tournament,c3_r75m,3,75.000000,425,0.125000,0.037500,0.269522,0.145915,0.633350,0.000222,0.001000,1.000000,1.000000,0.176845
tournament,c3_r75m,3,75.000000,433,0.000000,0.037687,0.295621,0.730327,0.660329,0.000056,0.001000,1.000000,1.000000,0.676686
tournament,c3_r75m,3,75.000000,427,0.222222,0.050794,0.282841,0.185428,0.692034,0.000222,0.001000,1.000000,1.000000,0.231889
tournament,c3_r75m,3,75.000000,439,0.000000,-0.061135,0.239390,0.308376,0.757659,0.000111,0.001000,1.000000,1.000000,0.220263
tournament,c3_r75m,3,75.000000,442,0.000000,0.019048,0.268481,0.132641,0.177440,0.000167,0.001000,1.000000,1.000000,0.154482
tournament,c3_r75m,3,75.000000,441,0.000000,0.015278,0.209933,0.445391,0.577974,0.000056,0.001000,1.000000,1.000000,0.539219
tournament,c3_r75m,3,75.000000,444,0.177232,0.122057,0.335524,0.595726,0.658393,0.001000,0.001000,1.000000,1.000000,0.295622
tournament,c3_r75m,3,75.000000,447,0.000000,0.032667,0.240008,0.316670,0.500925,0.000083,0.001000,1.000000,1.000000,0.185863
tournament,c3_r75m,3,75.000000,432,0.000000,0.021111,0.671077,0.461830,0.663609,0.000083,0.001000,1.000000,1.000000,0.249096
tournament,c3_r75m,3,75.000000,435,0.000000,0.054000,0.562477,0.349881,0.737196,0.000139,0.001000,1.000000,1.000000,0.348525
tournament,c3_r75m,3,75.000000,434,-0.125000,0.069109,0.561016,0.158248,0.806642,0.000139,0.001000,1.000000,1.000000,0.202346
tournament,c3_r75m,3,75.000000,436,0.142857,0.024837,0.473488,0.406884,0.685326,0.000389,0.001000,1.000000,0.998333,0.473151
tournament,c3_r75m,3,75.000000,449,-0.050000,0.053498,0.257232,0.248892,0.469474,0.000167,0.001000,1.000000,1.000000,0.318943
tournament,c3_r75m,3,75.000000,437,0.000000,0.094113,0.732172,0.204369,0.713702,0.000194,0.001000,1.000000,1.000000,0.313168
tournament,c3_r75m,3,75.000000,438,0.000000,0.024206,0.529024,0.511661,0.709581,0.000194,0.001000,1.000000,0.998333,0.383530
tournament,c3_r150m,3,150.000000,400,0.023014,0.076917,0.252755,0.179624,0.302043,0.000917,0.004823,0.983333,0.988333,0.280067
tournament,c3_r150m,3,150.000000,401,0.261564,0.115845,0.517101,0.352783,0.655948,0.000639,0.001000,1.000000,0.995000,0.483254
tournament,c3_r75m,3,75.000000,440,0.055556,0.040422,0.434986,0.421038,0.517755,0.000167,0.001000,1.000000,1.000000,0.437383
tournament,c3_r75m,3,75.000000,443,0.000000,0.069170,0.365808,0.285710,0.544277,0.000111,0.001000,1.000000,1.000000,0.202824
tournament,c3_r150m,3,150.000000,402,-0.006494,0.015809,0.313552,0.169824,0.754084,0.000667,0.001624,0.983333,0.993333,0.138945
tournament,c3_r75m,3,75.000000,445,0.000000,0.011111,0.470727,0.500400,0.476766,0.000111,0.001000,1.000000,1.000000,0.336236
tournament,c3_r75m,3,75.000000,446,0.000000,0.062857,0.523301,0.429402,0.802433,0.000056,0.001000,1.000000,1.000000,0.233289
tournament,c3_r150m,3,150.000000,403,0.182222,0.055041,0.207265,0.224124,0.395279,0.000778,0.001000,1.000000,1.000000,0.285044
tournament,c3_r150m,3,150.000000,408,0.039591,0.029434,0.351372,0.522160,0.590991,0.000806,0.001000,1.000000,0.991667,0.437730
tournament,c3_r75m,3,75.000000,448,-0.040000,-0.013115,0.195794,0.229743,0.566714,0.000194,0.001000,1.000000,1.000000,0.098635
tournament,c3_r150m,3,150.000000,411,-0.036566,0.063065,0.735956,0.647700,0.233146,0.000389,0.001000,1.000000,0.995000,0.566040
tournament,c3_r150m,3,150.000000,412,0.065075,0.057168,0.183720,0.270979,0.792533,0.000528,0.001000,1.000000,0.998333,0.267302
tournament,c3_r150m,3,150.000000,415,0.184211,0.073353,0.475704,0.522146,0.715102,0.000417,0.001000,1.000000,1.000000,0.438685
tournament,c3_r150m,3,150.000000,418,0.121212,0.092358,0.482076,0.272864,0.832966,0.000417,0.001000,1.000000,0.993333,0.217342
tournament,c3_r150m,3,150.000000,404,0.167158,0.125493,0.274328,0.358965,0.677189,0.001000,0.003197,0.983333,0.993333,0.270820
tournament,c3_r150m,3,150.000000,405,-0.053571,0.111240,0.292677,0.447145,0.716174,0.000389,0.001000,1.000000,0.996667,0.233477
tournament,c3_r150m,3,150.000000,406,0.233962,0.061233,0.689232,0.093318,0.750578,0.000917,0.001024,0.983333,0.988333,0.156990
tournament,c3_r150m,3,150.000000,419,0.138249,0.102673,0.400177,0.367575,0.438245,0.000722,0.004809,0.983333,0.995000,0.526013
tournament,c3_r150m,3,150.000000,421,0.130388,0.053689,0.598627,0.565253,0.863316,0.000861,0.004864,0.983333,0.991667,0.592119
tournament,c3_r150m,3,150.000000,407,0.121711,0.154062,0.356585,0.551497,0.693890,0.000583,0.001000,1.000000,0.991667,0.596042
tournament,c3_r150m,3,150.000000,422,-0.321601,0.080563,0.283112,0.271241,0.606405,0.001083,0.004041,0.966667,0.991667,0.337599
tournament,c3_r150m,3,150.000000,409,0.000000,0.027647,0.475696,0.292012,0.625276,0.000306,0.001000,1.000000,0.995000,0.272636
tournament,c3_r150m,3,150.000000,410,0.045455,0.016853,0.145695,0.555126,0.459151,0.000583,0.001000,1.000000,0.995000,0.687234
tournament,c3_r150m,3,150.000000,413,0.188571,0.119519,0.757973,0.566461,0.639586,0.000611,0.001000,1.000000,0.993333,0.451109
tournament,c3_r150m,3,150.000000,414,0.148148,0.196504,0.688516,0.450085,0.427533,0.000611,0.001000,1.000000,0.986667,0.481629
tournament,c3_r150m,3,150.000000,423,0.145833,0.110779,0.605880,0.227408,0.359750,0.000694,0.001000,1.000000,0.990000,0.453487
tournament,c3_r150m,3,150.000000,416,0.021739,0.108818,0.171935,0.611585,0.457403,0.000361,0.001000,1.000000,0.995000,0.648358
tournament,c3_r150m,3,150.000000,417,0.066588,0.073762,0.186251,0.372184,0.737946,0.000694,0.001000,1.000000,0.996667,0.313770
tournament,c3_r150m,3,150.000000,424,0.227425,0.038510,0.278270,0.490859,0.313518,0.001056,0.003600,0.966667,0.993333,0.336718
tournament,c3_r150m,3,150.000000,428,0.143678,0.114281,0.400463,0.263220,0.718789,0.000722,0.001000,1.000000,0.993333,0.461476
tournament,c3_r150m,3,150.000000,429,0.132184,0.125275,0.336718,0.147509,0.201316,0.000361,0.001000,1.000000,0.996667,0.242482
tournament,c3_r150m,3,150.000000,431,0.288288,0.103416,0.299676,0.101447,0.763394,0.000806,0.001000,1.000000,0.991667,0.105206
tournament,c3_r150m,3,150.000000,420,0.045621,0.011230,0.100899,0.544382,0.874717,0.000667,0.001000,1.000000,0.998333,0.402707
tournament,c3_r150m,3,150.000000,436,0.224876,0.181879,0.370781,0.523104,0.435855,0.001444,0.001000,1.000000,0.993333,0.487403
tournament,c3_r150m,3,150.000000,439,0.000000,0.010351,0.321323,0.200864,0.859456,0.000194,0.001000,1.000000,0.993333,0.265421
tournament,c3_r150m,3,150.000000,440,0.677419,0.129262,0.392451,0.160962,0.522997,0.000639,0.004830,0.983333,0.993333,0.191655
tournament,c3_r150m,3,150.000000,426,0.125000,0.001079,0.176637,0.456494,0.612648,0.000611,0.001000,1.000000,0.998333,0.381184
tournament,c3_r150m,3,150.000000,425,-0.040000,0.043919,0.347910,0.227833,0.511720,0.000333,0.001000,1.000000,0.998333,0.205796
tournament,c3_r150m,3,150.000000,427,0.136558,0.130260,0.676603,0.295514,0.742027,0.000861,0.001000,1.000000,0.998333,0.410909
tournament,c3_r150m,3,150.000000,441,0.066813,0.022314,0.272969,0.215829,0.455906,0.000611,0.001000,1.000000,0.998333,0.163057
tournament,c3_r150m,3,150.000000,442,0.080902,0.095008,0.288736,0.337780,0.621914,0.000611,0.001000,1.000000,0.991667,0.342458
tournament,c3_r150m,3,150.000000,430,0.307692,0.124844,0.674516,0.808738,0.616019,0.000889,0.004799,0.983333,0.991667,0.809463
tournament,c3_r150m,3,150.000000,432,0.092593,0.081256,0.425751,0.666332,0.746438,0.000500,0.001000,1.000000,0.995000,0.651514
tournament,c3_r150m,3,150.000000,433,-0.020833,0.085384,0.215340,0.356455,0.381845,0.000528,0.001000,1.000000,0.991667,0.363063
tournament,c3_r150m,3,150.000000,434,0.005955,0.043726,0.301616,0.423238,0.864194,0.001000,0.001000,1.000000,0.986667,0.566046
tournament,c3_r150m,3,150.000000,435,0.104167,0.131273,0.298272,0.598499,0.504704,0.000361,0.001000,1.000000,0.995000,0.629672
tournament,c3_r150m,3,150.000000,444,0.154057,0.133839,0.503601,0.268685,0.715709,0.001222,0.001418,0.983333,0.993333,0.306299
tournament,c3_r150m,3,150.000000,437,0.068264,0.081553,0.265249,0.268588,0.430222,0.000722,0.001000,1.000000,0.995000,0.209575
tournament,c3_r150m,3,150.000000,438,0.047619,0.115035,0.303277,0.208109,0.628456,0.000500,0.004858,0.983333,0.993333,0.141994
tournament,c3_r150m,3,150.000000,445,-0.051948,0.043171,0.521508,0.174617,0.830169,0.000528,0.001000,1.000000,0.996667,0.126884
tournament,c3_r150m,3,150.000000,446,0.049603,0.108790,0.580399,0.653284,0.717948,0.000694,0.001000,1.000000,0.996667,0.628368
tournament,c3_r300m,3,300.000000,400,0.195978,0.051253,0.359251,0.331099,0.618967,0.004778,0.018696,0.883333,0.836667,0.345920
tournament,c3_r300m,3,300.000000,401,0.229777,0.185763,0.619587,0.844894,0.750293,0.029278,0.048564,0.733333,0.693333,0.848580
tournament,c3_r150m,3,150.000000,443,0.171717,0.009362,0.185858,0.653631,0.590829,0.000611,0.001000,1.000000,0.995000,0.520257
tournament,c3_r300m,3,300.000000,407,0.169264,0.163294,0.517587,0.579620,0.622405,0.029389,0.056348,0.683333,0.740000,0.606616
tournament,c3_r300m,3,300.000000,410,0.263753,0.141244,0.554308,0.705658,0.259012,0.009611,0.054462,0.766667,0.761667,0.660730
tournament,c3_r300m,3,300.000000,411,0.146318,0.133102,0.464562,0.618265,0.555972,0.009167,0.038682,0.766667,0.783333,0.545760
tournament,c3_r150m,3,150.000000,447,-0.020833,0.088260,0.429515,0.557899,0.517992,0.000917,0.001499,0.983333,0.988333,0.424705
tournament,c3_r150m,3,150.000000,448,0.109836,0.029824,0.229509,0.162992,0.420716,0.001361,0.004854,0.983333,0.995000,0.185343
tournament,c3_r150m,3,150.000000,449,0.174739,0.081957,0.208283,0.374390,0.577909,0.001361,0.004874,0.983333,0.998333,0.450696
tournament,c3_r300m,3,300.000000,412,0.084527,0.150577,0.333553,0.208678,0.739334,0.007583,0.026823,0.866667,0.830000,0.215812
tournament,c3_r300m,3,300.000000,413,0.103089,0.074162,0.236184,0.311464,0.798333,0.008111,0.032658,0.783333,0.816667,0.386183
tournament,c3_r300m,3,300.000000,403,0.094955,0.109193,0.339868,0.750299,0.691127,0.012889,0.067592,0.666667,0.815000,0.640452
tournament,c3_r300m,3,300.000000,405,0.101849,0.122578,0.310013,0.262536,0.850083,0.007333,0.030346,0.800000,0.825000,0.258150
tournament,c3_r300m,3,300.000000,404,0.222401,0.205535,0.791753,0.855798,0.244349,0.054611,0.105279,0.550000,0.576667,0.850072
tournament,c3_r300m,3,300.000000,406,0.163766,0.141530,0.691602,0.788365,0.832479,0.056778,0.100342,0.533333,0.621667,0.861561
tournament,c3_r300m,3,300.000000,417,0.060173,0.144851,0.566795,0.405919,0.458983,0.008806,0.030671,0.783333,0.821667,0.467748
tournament,c3_r300m,3,300.000000,409,0.188098,0.182643,0.525153,0.850618,0.415521,0.006972,0.029197,0.816667,0.761667,0.805947
tournament,c3_r300m,3,300.000000,408,0.150518,0.177924,0.783235,0.685868,0.538499,0.052750,0.106462,0.566667,0.623333,0.739820
tournament,c3_r300m,3,300.000000,402,0.192723,0.194271,0.819802,0.887222,0.543962,0.109250,0.174571,0.350000,0.458333,0.865083
tournament,c3_r300m,3,300.000000,421,0.216195,0.198913,0.544382,0.798829,0.816390,0.012028,0.041408,0.750000,0.813333,0.567844
tournament,c3_r300m,3,300.000000,416,0.187565,0.184985,0.789797,0.913122,0.639924,0.100444,0.132865,0.500000,0.416667,0.899840
tournament,c3_r300m,3,300.000000,422,0.064651,0.042859,0.290311,0.523504,0.381435,0.008000,0.033560,0.816667,0.823333,0.571550
tournament,c3_r300m,3,300.000000,415,0.222337,0.209638,0.861248,0.919963,0.561548,0.109556,0.171164,0.433333,0.356667,0.904835
tournament,c3_r300m,3,300.000000,414,0.207234,0.208337,0.745311,0.598787,0.556056,0.013056,0.062786,0.716667,0.801667,0.527755
tournament,c3_r300m,3,300.000000,427,0.218928,0.187102,0.534720,0.212603,0.459526,0.008389,0.020949,0.850000,0.826667,0.197005
tournament,c3_r300m,3,300.000000,418,0.211828,0.146715,0.682351,0.889734,0.303913,0.049861,0.120095,0.533333,0.686667,0.859824
tournament,c3_r300m,3,300.000000,419,0.143114,0.073012,0.265547,0.376029,0.880558,0.010083,0.023389,0.900000,0.785000,0.454855
tournament,c3_r300m,3,300.000000,431,0.184656,0.167056,0.744860,0.918875,0.380152,0.089833,0.162145,0.433333,0.510000,0.911210
tournament,c3_r300m,3,300.000000,433,0.143020,0.102933,0.398893,0.620181,0.410674,0.021528,0.040333,0.683333,0.736667,0.625442
tournament,c3_r300m,3,300.000000,434,0.170886,0.154680,0.322732,0.288297,0.800304,0.005083,0.032098,0.800000,0.830000,0.240216
tournament,c3_r300m,3,300.000000,420,0.193348,0.140802,0.646137,0.861677,0.312660,0.077222,0.122967,0.500000,0.656667,0.839233
tournament,c3_r300m,3,300.000000,432,0.213488,0.200153,0.861933,0.897181,0.765384,0.096417,0.190971,0.450000,0.405000,0.891324
tournament,c3_r300m,3,300.000000,424,0.102505,0.136811,0.277794,0.333707,0.641987,0.009139,0.036513,0.750000,0.805000,0.372611
tournament,c3_r300m,3,300.000000,425,0.074128,0.096013,0.239204,0.298173,0.760320,0.007667,0.033972,0.850000,0.821667,0.316048
tournament,c3_r300m,3,300.000000,436,0.154324,0.121950,0.299398,0.692185,0.424184,0.023333,0.056926,0.716667,0.750000,0.766214
tournament,c3_r300m,3,300.000000,426,0.179180,0.167033,0.542157,0.697513,0.592509,0.024944,0.074841,0.650000,0.740000,0.715483
tournament,c3_r300m,3,300.000000,428,0.141264,0.115517,0.240005,0.566585,0.697690,0.005139,0.030794,0.800000,0.805000,0.544839
tournament,c3_r300m,3,300.000000,423,0.188789,0.196222,0.798090,0.916267,0.437944,0.082750,0.168376,0.483333,0.440000,0.900329
tournament,c3_r300m,3,300.000000,430,0.127468,0.153718,0.676278,0.680981,0.775910,0.019139,0.055292,0.716667,0.750000,0.646518
tournament,c3_r300m,3,300.000000,441,0.174097,0.150532,0.687544,0.174024,0.518776,0.005778,0.023064,0.850000,0.835000,0.192251
tournament,c3_r300m,3,300.000000,439,0.196670,0.195525,0.787700,0.889011,0.539475,0.068556,0.121901,0.466667,0.621667,0.872068
tournament,c3_r300m,3,300.000000,429,0.208276,0.183029,0.740121,0.928424,0.798745,0.083500,0.170661,0.316667,0.508333,0.897430
tournament,c3_r300m,3,300.000000,440,0.187950,0.193438,0.805003,0.867808,0.828744,0.084889,0.142215,0.433333,0.458333,0.850092
tournament,c3_r300m,3,300.000000,443,0.141286,0.169093,0.526335,0.660255,0.266761,0.044194,0.082423,0.650000,0.678333,0.796689
tournament,c3_r300m,3,300.000000,435,0.229250,0.199351,0.941324,0.802330,0.667550,0.067806,0.146903,0.466667,0.543333,0.843868
tournament,c3_r300m,3,300.000000,446,0.212448,0.204247,0.874405,0.881866,0.745246,0.102944,0.192282,0.366667,0.416667,0.864868
tournament,c3_r300m,3,300.000000,437,0.005208,0.010384,0.427788,0.231203,0.174811,0.004944,0.026528,0.850000,0.835000,0.441313
tournament,c3_r300m,3,300.000000,442,0.049084,0.056723,0.356531,0.202263,0.640739,0.007389,0.030340,0.833333,0.820000,0.308496
tournament,c3_r300m,3,300.000000,444,0.078660,0.080990,0.291481,0.476729,0.573278,0.006722,0.014654,0.900000,0.763333,0.672270
tournament,c3_r300m,3,300.000000,438,0.185754,0.194301,0.844167,0.863894,0.725904,0.092778,0.150915,0.500000,0.463333,0.796981
tournament,c3_r300m,3,300.000000,445,0.029420,0.087964,0.310464,0.785422,0.581058,0.005556,0.034144,0.850000,0.826667,0.735232
tournament,c3_r300m,3,300.000000,448,0.194805,0.213255,0.820072,0.876774,0.836267,0.060417,0.148709,0.450000,0.548333,0.850903
tournament,c3_r300m,3,300.000000,449,0.201832,0.199922,0.831066,0.853008,0.402808,0.072000,0.126041,0.516667,0.525000,0.852156
tournament,c3_r300m,3,300.000000,447,0.165584,0.194970,0.862934,0.880764,0.748374,0.091917,0.143830,0.533333,0.461667,0.856863
tournament,c3_r600m,3,600.000000,401,0.281806,0.259816,0.891697,0.913120,0.802848,0.267667,1.952023,0.000000,0.000000,0.901602
tournament,c3_r600m,3,600.000000,402,0.281333,0.267837,0.857362,0.912941,0.501388,0.269194,1.965345,0.000000,0.000000,0.894640
tournament,c3_r600m,3,600.000000,404,0.261747,0.269317,0.826261,0.903346,0.617104,0.258417,1.858799,0.000000,0.000000,0.885438
tournament,c3_r600m,3,600.000000,405,0.274029,0.270620,0.921521,0.909918,0.516541,0.264500,1.925159,0.000000,0.000000,0.900900
tournament,c3_r600m,3,600.000000,407,0.268041,0.260693,0.848968,0.930995,0.617563,0.271417,1.991720,0.000000,0.000000,0.907507
tournament,c3_r600m,3,600.000000,403,0.249532,0.259601,0.898000,0.921749,0.688947,0.265583,1.944933,0.000000,0.000000,0.913203
tournament,c3_r600m,3,600.000000,417,0.264890,0.272445,0.864275,0.888611,0.514123,0.257278,1.812780,0.000000,0.000000,0.881811
tournament,c3_r600m,3,600.000000,400,0.239983,0.254330,0.806612,0.941018,0.813270,0.270083,1.975651,0.000000,0.000000,0.907512
tournament,c3_r600m,3,600.000000,416,0.277170,0.276018,0.895237,0.898746,0.722174,0.268389,1.929291,0.000000,0.000000,0.895774
tournament,c3_r600m,3,600.000000,406,0.242350,0.264040,0.867757,0.909230,0.736222,0.256361,1.793221,0.000000,0.000000,0.884024
tournament,c3_r600m,3,600.000000,412,0.284676,0.261808,0.821169,0.885217,0.613165,0.258333,1.819635,0.000000,0.000000,0.904155
tournament,c3_r600m,3,600.000000,408,0.258158,0.268522,0.858771,0.908882,0.585959,0.248444,1.742758,0.000000,0.000000,0.889457
tournament,c3_r600m,3,600.000000,411,0.273392,0.270112,0.896010,0.889020,0.835351,0.262083,1.886442,0.000000,0.001667,0.899056
tournament,c3_r600m,3,600.000000,418,0.264886,0.276923,0.881579,0.902563,0.830787,0.257222,1.838170,0.000000,0.000000,0.876642
tournament,c3_r600m,3,600.000000,420,0.266758,0.261244,0.835182,0.895237,0.630274,0.258417,1.854705,0.000000,0.000000,0.889332
tournament,c3_r600m,3,600.000000,409,0.256400,0.278509,0.859918,0.928864,0.683082,0.254139,1.816276,0.000000,0.000000,0.894444
tournament,c3_r600m,3,600.000000,410,0.274955,0.272451,0.862994,0.931156,0.480270,0.261306,1.879224,0.000000,0.000000,0.907435
tournament,c3_r600m,3,600.000000,413,0.286554,0.271976,0.912406,0.912564,0.662878,0.264250,1.909345,0.000000,0.000000,0.913124
tournament,c3_r600m,3,600.000000,414,0.270336,0.269905,0.895200,0.895850,0.431555,0.256000,1.843770,0.000000,0.000000,0.890429
tournament,c3_r600m,3,600.000000,415,0.279964,0.265232,0.874487,0.910267,0.737818,0.257639,1.806646,0.000000,0.000000,0.912749
tournament,c3_r600m,3,600.000000,419,0.282167,0.278612,0.917859,0.876896,0.429570,0.264556,1.920495,0.000000,0.000000,0.893985
tournament,c3_r600m,3,600.000000,424,0.271371,0.273077,0.855914,0.930201,0.669386,0.260194,1.857631,0.000000,0.000000,0.912608
tournament,c3_r600m,3,600.000000,426,0.248124,0.271783,0.922372,0.935480,0.778308,0.269278,1.963285,0.000000,0.001667,0.883545
tournament,c3_r600m,3,600.000000,430,0.272754,0.278211,0.889271,0.903980,0.763450,0.246972,1.720726,0.000000,0.000000,0.892988
tournament,c3_r600m,3,600.000000,429,0.288097,0.268098,0.880264,0.937658,0.762330,0.260917,1.873177,0.000000,0.000000,0.908755
tournament,c3_r600m,3,600.000000,422,0.255749,0.275135,0.895816,0.921495,0.568712,0.264917,1.906909,0.000000,0.000000,0.918888
tournament,c3_r600m,3,600.000000,421,0.253196,0.271622,0.885790,0.927052,0.544133,0.262806,1.901601,0.000000,0.000000,0.917375
tournament,c3_r600m,3,600.000000,423,0.260492,0.254841,0.818001,0.901436,0.742667,0.252611,1.778434,0.000000,0.000000,0.883321
tournament,c3_r600m,3,600.000000,425,0.251358,0.268948,0.881760,0.909297,0.524913,0.257722,1.815989,0.000000,0.000000,0.908252
tournament,c3_r600m,3,600.000000,427,0.256283,0.272724,0.859670,0.938424,0.705017,0.259833,1.870135,0.000000,0.000000,0.901179
tournament,c3_r600m,3,600.000000,439,0.275253,0.252676,0.830757,0.922090,0.475111,0.258917,1.867945,0.000000,0.001667,0.881100
tournament,c3_r600m,3,600.000000,428,0.257087,0.272798,0.889440,0.907129,0.561217,0.246222,1.717468,0.000000,0.000000,0.889549
tournament,c3_r600m,3,600.000000,438,0.264353,0.265810,0.850990,0.918749,0.716315,0.246611,1.797868,0.000000,0.000000,0.909665
tournament,c3_r600m,3,600.000000,437,0.270160,0.263487,0.892091,0.871084,0.831136,0.265194,1.913598,0.000000,0.000000,0.892288
tournament,c3_r600m,3,600.000000,431,0.263953,0.268585,0.866772,0.922188,0.873472,0.257167,1.832267,0.000000,0.000000,0.904325
tournament,c3_r600m,3,600.000000,440,0.308127,0.280537,0.904701,0.930966,0.665024,0.269528,1.983780,0.000000,0.000000,0.896193
tournament,c3_r600m,3,600.000000,441,0.283233,0.276109,0.915242,0.926398,0.867239,0.273444,2.000284,0.000000,0.000000,0.902304
tournament,c3_r600m,3,600.000000,432,0.281384,0.269804,0.874485,0.940039,0.905771,0.254722,1.759073,0.000000,0.000000,0.904108
tournament,c3_r600m,3,600.000000,435,0.270859,0.270895,0.917598,0.959514,0.390220,0.271417,1.996265,0.000000,0.000000,0.918537
tournament,c3_r600m,3,600.000000,433,0.255732,0.263936,0.875241,0.921362,0.668618,0.260472,1.881945,0.000000,0.000000,0.910988
tournament,c3_r600m,3,600.000000,436,0.276556,0.265205,0.911515,0.914660,0.794417,0.256500,1.845987,0.000000,0.000000,0.908552
tournament,c4_r15m,4,15.000000,401,0.000000,0.000000,0.330873,0.424902,0.900304,0.000083,0.001000,1.000000,1.000000,0.000000
tournament,c3_r600m,3,600.000000,434,0.241640,0.266254,0.844989,0.903042,0.705483,0.262472,1.899309,0.000000,0.000000,0.901328
tournament,c4_r15m,4,15.000000,402,0.000000,0.000000,0.258856,0.267040,0.376566,0.000028,0.001000,1.000000,1.000000,0.000000
tournament,c4_r15m,4,15.000000,407,0.000000,0.000000,0.371556,0.149709,0.639312,0.000000,0.001000,1.000000,1.000000,0.000000
tournament,c4_r15m,4,15.000000,400,0.000000,0.000000,0.598097,0.458428,0.371895,0.000000,0.001000,1.000000,1.000000,0.000000
tournament,c4_r15m,4,15.000000,409,0.000000,0.000000,0.130939,0.263973,0.655653,0.000000,0.001000,1.000000,1.000000,0.000000
tournament,c3_r600m,3,600.000000,446,0.279352,0.263288,0.892880,0.910092,0.716629,0.260889,1.893088,0.000000,0.000000,0.890940
tournament,c4_r15m,4,15.000000,406,0.000000,0.000000,0.448928,0.616394,0.646659,0.000056,0.001000,1.000000,1.000000,0.000000
tournament,c4_r15m,4,15.000000,408,0.000000,0.000000,0.235636,0.219505,0.529224,0.000028,0.001000,1.000000,1.000000,0.000000
tournament,c4_r15m,4,15.000000,403,0.000000,0.000000,0.122561,0.428491,0.842416,0.000028,0.001000,1.000000,1.000000,0.000000
tournament,c4_r15m,4,15.000000,404,0.000000,0.000000,0.265962,0.389703,0.723729,0.000000,0.001000,1.000000,1.000000,0.000000
tournament,c3_r600m,3,600.000000,448,0.234431,0.271745,0.910817,0.944352,0.565889,0.264139,1.913230,0.000000,0.000000,0.900621
tournament,c4_r15m,4,15.000000,405,0.000000,0.000000,0.381177,0.175754,0.281507,0.000000,0.001000,1.000000,1.000000,0.000000
tournament,c4_r15m,4,15.000000,410,0.000000,0.000000,0.518620,0.575096,0.486604,0.000056,0.001000,1.000000,1.000000,0.000000
tournament,c4_r15m,4,15.000000,412,0.000000,0.000000,0.171037,0.378130,0.533308,0.000056,0.001000,1.000000,1.000000,0.000000
tournament,c4_r15m,4,15.000000,413,0.000000,0.000000,0.286908,0.359354,0.748309,0.000000,0.001000,1.000000,1.000000,0.000000
tournament,c4_r15m,4,15.000000,415,0.000000,0.000000,0.198687,0.272930,0.732978,0.000000,0.001000,1.000000,1.000000,0.000000
tournament,c4_r15m,4,15.000000,418,0.000000,0.000000,0.190746,0.399575,0.707148,0.000056,0.001000,1.000000,1.000000,0.000000
tournament,c4_r15m,4,15.000000,420,0.000000,0.000000,0.271390,0.103092,0.383962,0.000111,0.001000,1.000000,1.000000,0.000000
tournament,c4_r15m,4,15.000000,421,0.000000,0.000000,0.214341,0.502205,0.755413,0.000000,0.001000,1.000000,1.000000,0.030000
tournament,c4_r15m,4,15.000000,411,0.000000,0.000000,0.450254,0.722749,0.441588,0.000056,0.001000,1.000000,1.000000,0.000000
tournament,c4_r15m,4,15.000000,422,0.000000,0.000000,0.199186,0.251973,0.623786,0.000056,0.001000,1.000000,1.000000,0.000000
tournament,c3_r600m,3,600.000000,442,0.284038,0.272409,0.906860,0.946767,0.796282,0.270083,1.966512,0.000000,0.000000,0.913484
tournament,c4_r15m,4,15.000000,423,0.000000,0.000000,0.486330,0.371564,0.691467,0.000056,0.001000,1.000000,1.000000,0.000000
tournament,c4_r15m,4,15.000000,414,0.000000,0.000000,0.416415,0.526778,0.416456,0.000028,0.001000,1.000000,1.000000,0.000000
tournament,c4_r15m,4,15.000000,416,0.000000,0.000000,0.184977,0.644038,0.674556,0.000028,0.001000,1.000000,1.000000,0.000000
tournament,c4_r15m,4,15.000000,424,0.000000,0.000000,0.104103,0.349108,0.336635,0.000000,0.001000,1.000000,1.000000,0.000000
tournament,c4_r15m,4,15.000000,417,0.000000,0.000000,0.574983,0.553940,0.226212,0.000028,0.001000,1.000000,1.000000,0.000000
tournament,c4_r15m,4,15.000000,419,0.000000,0.000000,0.249746,0.773120,0.271196,0.000083,0.001000,1.000000,1.000000,0.000000
tournament,c4_r15m,4,15.000000,425,0.000000,0.000000,0.360887,0.597041,0.436110,0.000028,0.001000,1.000000,1.000000,0.000000
tournament,c4_r15m,4,15.000000,426,0.000000,0.000000,0.280817,0.505316,0.624129,0.000083,0.001000,1.000000,1.000000,0.000000
tournament,c3_r600m,3,600.000000,443,0.237298,0.264133,0.797041,0.908398,0.750601,0.256833,1.813621,0.000000,0.000000,0.918084
tournament,c3_r600m,3,600.000000,445,0.289719,0.277563,0.863264,0.942758,0.619833,0.266889,1.941355,0.000000,0.000000,0.892730
tournament,c3_r600m,3,600.000000,444,0.262358,0.272763,0.847272,0.934406,0.873754,0.260083,1.844806,0.000000,0.000000,0.908401
tournament,c3_r600m,3,600.000000,449,0.269823,0.263938,0.882829,0.907054,0.901070,0.271861,1.987023,0.000000,0.000000,0.900129
tournament,c3_r600m,3,600.000000,447,0.285993,0.274160,0.924244,0.940484,0.722942,0.268694,1.945164,0.000000,0.000000,0.895241
tournament,c4_r15m,4,15.000000,430,0.000000,0.000000,0.759444,0.434274,0.680500,0.000000,0.001000,1.000000,1.000000,0.000000
tournament,c4_r15m,4,15.000000,433,0.000000,0.000000,0.276922,0.352666,0.409361,0.000028,0.001000,1.000000,1.000000,0.100000
tournament,c4_r15m,4,15.000000,436,0.000000,0.000000,0.382984,0.370183,0.726356,0.000000,0.001000,1.000000,1.000000,0.000000
tournament,c4_r15m,4,15.000000,432,0.000000,0.000000,0.193845,0.154411,0.849735,0.000028,0.001000,1.000000,1.000000,0.000000
tournament,c4_r15m,4,15.000000,428,0.000000,0.000000,0.196369,0.467609,0.721556,0.000000,0.001000,1.000000,1.000000,0.000000
tournament,c4_r15m,4,15.000000,437,0.000000,0.000000,0.529693,0.166266,0.671261,0.000028,0.001000,1.000000,1.000000,0.000000
tournament,c4_r15m,4,15.000000,427,0.000000,0.000000,0.567629,0.364132,0.341839,0.000083,0.001000,1.000000,1.000000,0.000000
tournament,c4_r15m,4,15.000000,429,0.000000,0.000000,0.655392,0.457820,0.684392,0.000000,0.001000,1.000000,1.000000,0.000000
tournament,c4_r15m,4,15.000000,443,0.000000,0.000000,0.216670,0.226432,0.503116,0.000111,0.001000,1.000000,1.000000,0.000000
tournament,c4_r15m,4,15.000000,431,0.000000,0.000000,0.242383,0.222909,0.737192,0.000028,0.001000,1.000000,1.000000,0.000000
tournament,c4_r15m,4,15.000000,444,0.000000,0.000000,0.686327,0.736102,0.373017,0.000000,0.001000,1.000000,1.000000,0.000000
tournament,c4_r15m,4,15.000000,445,0.000000,0.000000,0.178351,0.462842,0.618025,0.000111,0.001000,1.000000,1.000000,0.000000
tournament,c4_r15m,4,15.000000,446,0.000000,0.000000,0.453239,0.691693,0.761748,0.000083,0.001000,1.000000,1.000000,0.000000
tournament,c4_r15m,4,15.000000,434,0.000000,0.000000,0.383000,0.615244,0.630429,0.000000,0.001000,1.000000,1.000000,0.000000
tournament,c4_r15m,4,15.000000,435,0.000000,0.000000,0.434529,0.690732,0.820395,0.000056,0.001000,1.000000,1.000000,0.000000
tournament,c4_r15m,4,15.000000,448,0.000000,0.000000,0.740518,0.808924,0.474177,0.000083,0.001000,1.000000,1.000000,0.200000
tournament,c4_r15m,4,15.000000,439,0.000000,0.000000,0.270128,0.547386,0.762666,0.000083,0.001000,1.000000,1.000000,0.000000
tournament,c4_r15m,4,15.000000,438,0.000000,0.000000,0.270312,0.566985,0.181296,0.000000,0.001000,1.000000,1.000000,0.000000
tournament,c4_r15m,4,15.000000,447,0.000000,0.000000,0.102133,0.172104,0.467655,0.000028,0.001000,1.000000,1.000000,0.022222
tournament,c4_r15m,4,15.000000,440,0.000000,0.000000,0.558626,0.475077,0.596525,0.000056,0.001000,1.000000,1.000000,0.116667
tournament,c4_r15m,4,15.000000,441,0.000000,0.000000,0.361939,0.273913,0.593045,0.000083,0.001000,1.000000,1.000000,0.000000
tournament,c4_r15m,4,15.000000,442,0.000000,0.000000,0.590934,0.243779,0.212552,0.000000,0.001000,1.000000,1.000000,0.000000
tournament,c4_r37.5m,4,37.500000,401,0.000000,0.100000,0.287209,0.229555,0.431432,0.000250,0.001000,1.000000,1.000000,0.107982
tournament,c4_r37.5m,4,37.500000,404,0.000000,0.059683,0.451773,0.313868,0.409296,0.000194,0.001000,1.000000,1.000000,0.261172
tournament,c4_r37.5m,4,37.500000,402,0.000000,0.036508,0.518347,0.456660,0.712043,0.000056,0.001000,1.000000,1.000000,0.296970
tournament,c4_r37.5m,4,37.500000,405,0.000000,0.050000,0.329308,0.357408,0.788214,0.000056,0.001000,1.000000,1.000000,0.369524
tournament,c4_r37.5m,4,37.500000,400,0.000000,0.025000,0.169404,0.251818,0.751431,0.000056,0.001000,1.000000,1.000000,0.170501
tournament,c4_r37.5m,4,37.500000,411,0.000000,0.047619,0.481669,0.513517,0.755567,0.000000,0.001000,1.000000,1.000000,0.313636
tournament,c4_r37.5m,4,37.500000,408,0.000000,0.027778,0.682194,0.302289,0.471502,0.000167,0.001000,1.000000,1.000000,0.231259
tournament,c4_r15m,4,15.000000,449,0.000000,0.000000,0.441959,0.428136,0.415571,0.000028,0.001000,1.000000,1.000000,0.062500
tournament,c4_r37.5m,4,37.500000,415,0.000000,-0.019091,0.139488,0.114004,0.472317,0.000000,0.001000,1.000000,1.000000,0.030952
tournament,c4_r37.5m,4,37.500000,403,0.000000,-0.001111,0.255194,0.182446,0.490447,0.000139,0.001000,1.000000,1.000000,0.240385
tournament,c4_r37.5m,4,37.500000,416,0.000000,0.016667,0.478020,0.433724,0.358527,0.000111,0.001000,1.000000,1.000000,0.235058
tournament,c4_r37.5m,4,37.500000,417,0.000000,0.000000,0.218474,0.230591,0.799014,0.000056,0.001000,1.000000,1.000000,0.041140
tournament,c4_r37.5m,4,37.500000,418,0.000000,0.000000,0.198449,0.306377,0.792111,0.000306,0.001000,1.000000,1.000000,0.146926
tournament,c4_r37.5m,4,37.500000,406,0.000000,0.000000,0.471783,0.209161,0.374478,0.000083,0.001000,1.000000,1.000000,0.113889
tournament,c4_r37.5m,4,37.500000,407,0.000000,0.000000,0.633481,0.647238,0.777639,0.000139,0.001000,1.000000,1.000000,0.374545
tournament,c4_r37.5m,4,37.500000,419,0.000000,0.000000,0.226742,0.196763,0.697831,0.000083,0.001000,1.000000,1.000000,0.077778
tournament,c4_r37.5m,4,37.500000,420,0.000000,0.000000,0.362689,0.405848,0.678784,0.000111,0.001000,1.000000,1.000000,0.127778
tournament,c4_r37.5m,4,37.500000,409,0.000000,0.050000,0.334181,0.543693,0.882157,0.000028,0.001000,1.000000,1.000000,0.180317
tournament,c4_r37.5m,4,37.500000,410,0.000000,0.000000,0.191663,0.506758,0.639397,0.000083,0.001000,1.000000,1.000000,0.362500
tournament,c4_r37.5m,4,37.500000,412,0.000000,0.014286,0.841908,0.531332,0.464175,0.000028,0.001000,1.000000,1.000000,0.285965
tournament,c4_r37.5m,4,37.500000,413,0.000000,0.033333,0.242300,0.163523,0.841541,0.000111,0.001000,1.000000,1.000000,0.153333
tournament,c4_r37.5m,4,37.500000,414,0.000000,0.000000,0.157238,0.499839,0.599151,0.000083,0.001000,1.000000,1.000000,0.184286
tournament,c4_r37.5m,4,37.500000,423,0.000000,0.000000,0.180849,0.185911,0.591344,0.000083,0.001000,1.000000,1.000000,0.181061
tournament,c4_r37.5m,4,37.500000,425,0.000000,0.012500,0.431327,0.488310,0.848932,0.000111,0.001000,1.000000,1.000000,0.435280
tournament,c4_r37.5m,4,37.500000,427,0.000000,0.000000,0.464153,0.421945,0.365734,0.000056,0.001000,1.000000,1.000000,0.122143
tournament,c4_r37.5m,4,37.500000,426,0.000000,0.000000,0.694594,0.457877,0.573861,0.000111,0.001000,1.000000,1.000000,0.161905
tournament,c4_r37.5m,4,37.500000,431,0.000000,0.016667,0.301405,0.358317,0.225835,0.000167,0.001000,1.000000,1.000000,0.147619
tournament,c4_r37.5m,4,37.500000,430,-0.062500,0.008750,0.196390,0.307147,0.631085,0.000167,0.001000,1.000000,1.000000,0.324401
tournament,c4_r37.5m,4,37.500000,421,-0.083333,0.074333,0.557429,0.612800,0.735154,0.000139,0.001000,1.000000,1.000000,0.579827
tournament,c4_r37.5m,4,37.500000,422,0.000000,0.000000,0.435787,0.559524,0.299338,0.000056,0.001000,1.000000,1.000000,0.065000
tournament,c4_r37.5m,4,37.500000,437,0.000000,0.000000,0.749497,0.318553,0.158971,0.000167,0.001000,1.000000,1.000000,0.066515
tournament,c4_r37.5m,4,37.500000,424,0.000000,0.034722,0.137590,0.205777,0.719945,0.000056,0.001000,1.000000,1.000000,0.291190
tournament,c4_r37.5m,4,37.500000,438,0.000000,0.045000,0.572131,0.250107,0.379874,0.000222,0.001000,1.000000,1.000000,0.234196
tournament,c4_r37.5m,4,37.500000,439,0.000000,0.000000,0.373906,0.669260,0.503211,0.000056,0.001000,1.000000,1.000000,0.100000
tournament,c4_r37.5m,4,37.500000,428,0.000000,0.000000,0.286680,0.448947,0.521186,0.000222,0.001000,1.000000,1.000000,0.205556
tournament,c4_r37.5m,4,37.500000,429,0.000000,-0.011765,0.448107,0.272532,0.731139,0.000111,0.001000,1.000000,1.000000,0.405913
tournament,c4_r37.5m,4,37.500000,441,0.000000,0.000000,0.241985,0.723012,0.309831,0.000083,0.001000,1.000000,1.000000,0.229091
tournament,c4_r37.5m,4,37.500000,442,0.000000,0.000000,0.310121,0.404912,0.652818,0.000167,0.001000,1.000000,1.000000,0.029167
tournament,c4_r37.5m,4,37.500000,432,0.000000,0.000000,0.247537,0.457035,0.280938,0.000056,0.001000,1.000000,1.000000,0.182143
tournament,c4_r37.5m,4,37.500000,433,0.000000,0.000000,0.332872,0.550851,0.489738,0.000167,0.001000,1.000000,1.000000,0.940351
tournament,c4_r37.5m,4,37.500000,440,0.000000,0.000000,0.670045,0.560802,0.762732,0.000083,0.001000,1.000000,1.000000,0.229444
tournament,c4_r37.5m,4,37.500000,434,0.000000,0.000000,0.657613,0.137316,0.226355,0.000083,0.001000,1.000000,1.000000,0.000000
tournament,c4_r37.5m,4,37.500000,436,0.000000,0.025758,0.332476,0.572884,0.458966,0.000139,0.001000,1.000000,1.000000,0.417338
tournament,c4_r37.5m,4,37.500000,435,0.125000,0.012500,0.241527,0.446272,0.391215,0.000250,0.001000,1.000000,1.000000,0.189883
tournament,c4_r37.5m,4,37.500000,445,0.000000,0.025000,0.270209,0.262440,0.510631,0.000083,0.001000,1.000000,1.000000,0.150000
tournament,c4_r37.5m,4,37.500000,447,0.000000,0.083333,0.513422,0.601842,0.697783,0.000139,0.001000,1.000000,1.000000,0.324004
tournament,c4_r37.5m,4,37.500000,448,0.000000,-0.007692,0.285035,0.217365,0.805856,0.000250,0.001000,1.000000,1.000000,0.173529
tournament,c4_r75m,4,75.000000,401,0.000000,0.007027,0.532279,0.367523,0.646368,0.000222,0.001000,1.000000,1.000000,0.423219
tournament,c4_r75m,4,75.000000,402,0.111111,0.025534,0.372394,0.636126,0.728732,0.000167,0.001000,1.000000,1.000000,0.564649
tournament,c4_r37.5m,4,37.500000,443,0.000000,0.033333,0.212771,0.280463,0.607797,0.000139,0.001000,1.000000,1.000000,0.094580
tournament,c4_r37.5m,4,37.500000,444,0.333333,0.066667,0.645537,0.610424,0.799642,0.000167,0.001000,1.000000,1.000000,0.175000
tournament,c4_r75m,4,75.000000,405,0.142857,0.078029,0.794866,0.697171,0.721460,0.000306,0.001000,1.000000,1.000000,0.744084
tournament,c4_r75m,4,75.000000,410,0.000000,-0.025772,0.482084,0.274289,0.360462,0.000056,0.001000,1.000000,1.000000,0.351191
tournament,c4_r37.5m,4,37.500000,446,0.000000,0.000000,0.204119,0.355735,0.608788,0.000028,0.001000,1.000000,1.000000,0.136364
tournament,c4_r75m,4,75.000000,411,0.000000,0.121561,0.570671,0.309960,0.742828,0.000194,0.001000,1.000000,1.000000,0.317707
tournament,c4_r75m,4,75.000000,412,0.000000,0.025841,0.833972,0.292173,0.518795,0.000222,0.001000,1.000000,1.000000,0.213343
tournament,c4_r37.5m,4,37.500000,449,0.000000,0.033333,0.243544,0.474811,0.669245,0.000194,0.001000,1.000000,1.000000,0.125000
tournament,c4_r75m,4,75.000000,413,0.000000,-0.013972,0.221632,0.387089,0.623088,0.000222,0.001000,1.000000,0.998333,0.166564
tournament,c4_r75m,4,75.000000,400,0.091346,0.075208,0.439666,0.585779,0.885001,0.000333,0.001000,1.000000,1.000000,0.565234
tournament,c4_r75m,4,75.000000,403,0.000000,0.146092,0.476837,0.367264,0.177240,0.000139,0.001000,1.000000,1.000000,0.292221
tournament,c4_r75m,4,75.000000,409,0.000000,0.063028,0.542936,0.299764,0.442388,0.000139,0.001000,1.000000,1.000000,0.285452
tournament,c4_r75m,4,75.000000,404,0.000000,0.051515,0.524029,0.375668,0.497859,0.000111,0.001000,1.000000,1.000000,0.496220
tournament,c4_r75m,4,75.000000,416,0.000000,0.028761,0.182506,0.409039,0.682490,0.000222,0.001000,1.000000,1.000000,0.407109
tournament,c4_r75m,4,75.000000,417,-0.090909,-0.009091,0.258983,0.229220,0.516152,0.000167,0.001000,1.000000,1.000000,0.341397
tournament,c4_r75m,4,75.000000,406,0.000000,0.023100,0.442572,0.382498,0.660865,0.000222,0.001000,1.000000,1.000000,0.456681
tournament,c4_r75m,4,75.000000,407,0.032086,0.042891,0.198638,0.607031,0.744744,0.000389,0.001000,1.000000,1.000000,0.588822
tournament,c4_r75m,4,75.000000,408,0.064469,0.020977,0.261705,0.401787,0.645572,0.000667,0.001000,1.000000,1.000000,0.405876
tournament,c4_r75m,4,75.000000,419,0.000000,0.042418,0.257693,0.679204,0.769523,0.000306,0.001000,1.000000,1.000000,0.721708
tournament,c4_r75m,4,75.000000,420,0.012255,0.024787,0.259001,0.342885,0.646014,0.000444,0.001000,1.000000,1.000000,0.309705
tournament,c4_r75m,4,75.000000,422,0.090909,0.055571,0.479391,0.650078,0.244400,0.000333,0.001000,1.000000,1.000000,0.534099
tournament,c4_r75m,4,75.000000,414,0.000000,0.008209,0.180326,0.527876,0.535814,0.000111,0.001000,1.000000,1.000000,0.532307
tournament,c4_r75m,4,75.000000,415,-0.028571,0.045379,0.174451,0.479465,0.547563,0.000278,0.001000,1.000000,1.000000,0.376094
tournament,c4_r75m,4,75.000000,428,0.000000,-0.022463,0.218344,0.280087,0.692776,0.000194,0.001000,1.000000,1.000000,0.319715
tournament,c4_r75m,4,75.000000,427,0.052632,0.029528,0.385837,0.624794,0.542202,0.000222,0.001000,1.000000,1.000000,0.498417
tournament,c4_r75m,4,75.000000,425,0.000000,0.049464,0.568597,0.136594,0.787888,0.000222,0.001000,1.000000,1.000000,0.235281
tournament,c4_r75m,4,75.000000,418,0.000000,0.046140,0.320462,0.436882,0.659564,0.000222,0.001000,1.000000,1.000000,0.369261
tournament,c4_r75m,4,75.000000,432,0.158333,0.015793,0.224527,0.349823,0.841960,0.000444,0.001000,1.000000,1.000000,0.137265
tournament,c4_r75m,4,75.000000,433,0.000000,0.014023,0.324469,0.308642,0.746941,0.000250,0.001000,1.000000,1.000000,0.277243
tournament,c4_r75m,4,75.000000,434,0.000000,0.011245,0.228656,0.438999,0.819004,0.000194,0.001000,1.000000,1.000000,0.465441
tournament,c4_r75m,4,75.000000,421,-0.026316,0.056131,0.633290,0.579601,0.875785,0.000361,0.001000,1.000000,1.000000,0.561790
tournament,c4_r75m,4,75.000000,423,0.750000,0.164288,0.599699,0.134391,0.788870,0.000472,0.001000,1.000000,1.000000,0.166705
tournament,c4_r75m,4,75.000000,424,0.000000,0.127286,0.405584,0.438880,0.316936,0.000167,0.001000,1.000000,1.000000,0.476223
tournament,c4_r75m,4,75.000000,437,-0.200000,0.038010,0.389523,0.659161,0.370999,0.000472,0.001000,1.000000,1.000000,0.388744
tournament,c4_r75m,4,75.000000,426,0.000000,-0.006389,0.472266,0.535325,0.108073,0.000278,0.001000,1.000000,1.000000,0.566810
tournament,c4_r75m,4,75.000000,438,0.000000,0.011817,0.454001,0.352199,0.842536,0.000194,0.001000,1.000000,0.998333,0.326208
tournament,c4_r75m,4,75.000000,439,0.233333,0.056429,0.251127,0.279841,0.560006,0.000250,0.001000,1.000000,1.000000,0.181409
tournament,c4_r75m,4,75.000000,430,0.045455,0.073804,0.419983,0.538033,0.704650,0.000250,0.001000,1.000000,1.000000,0.389267
tournament,c4_r75m,4,75.000000,431,-0.100000,0.000205,0.375533,0.482214,0.226070,0.000194,0.001000,1.000000,1.000000,0.363685
tournament,c4_r75m,4,75.000000,429,0.000000,0.024742,0.279211,0.306007,0.729764,0.000194,0.001000,1.000000,1.000000,0.356447
tournament,c4_r75m,4,75.000000,441,0.000000,0.021206,0.438762,0.245410,0.697893,0.000278,0.001000,1.000000,1.000000,0.422870
tournament,c4_r75m,4,75.000000,442,1.000000,0.111230,0.388298,0.362365,0.548262,0.000194,0.001000,1.000000,1.000000,0.459612
tournament,c4_r75m,4,75.000000,443,0.000000,-0.017369,0.531437,0.181995,0.725468,0.000194,0.001000,1.000000,1.000000,0.320022
tournament,c4_r75m,4,75.000000,435,0.000000,0.043648,0.505372,0.192560,0.875810,0.000389,0.001000,1.000000,1.000000,0.188897
tournament,c4_r75m,4,75.000000,447,-0.041667,0.056800,0.439633,0.518666,0.652789,0.000306,0.001000,1.000000,1.000000,0.546021
tournament,c4_r75m,4,75.000000,449,0.000000,0.048547,0.526679,0.711996,0.684905,0.000028,0.001000,1.000000,1.000000,0.724549
tournament,c4_r75m,4,75.000000,436,0.092857,0.070341,0.305857,0.354999,0.661385,0.000222,0.001000,1.000000,0.998333,0.297906
tournament,c4_r75m,4,75.000000,440,-0.083333,0.027767,0.424565,0.146600,0.779902,0.000222,0.001000,1.000000,1.000000,0.192272
tournament,c4_r150m,4,150.000000,400,-0.046875,0.030481,0.359571,0.151479,0.730975,0.000417,0.001000,1.000000,0.993333,0.192922
tournament,c4_r150m,4,150.000000,405,0.041578,0.103380,0.543143,0.175799,0.571636,0.000667,0.001000,1.000000,0.996667,0.220235
tournament,c4_r150m,4,150.000000,404,0.089784,-0.001244,0.208069,0.553766,0.704925,0.001333,0.001627,0.983333,0.995000,0.511614
tournament,c4_r150m,4,150.000000,406,0.227096,0.127624,0.617270,0.503307,0.703649,0.001611,0.001161,0.983333,0.991667,0.509528
tournament,c4_r75m,4,75.000000,444,0.000000,0.040233,0.491688,0.556169,0.472556,0.000194,0.001000,1.000000,1.000000,0.461049
tournament,c4_r75m,4,75.000000,445,0.000000,0.049854,0.268652,0.347247,0.474799,0.000111,0.001000,1.000000,1.000000,0.343342
tournament,c4_r75m,4,75.000000,446,0.000000,-0.008671,0.177809,0.527459,0.779999,0.000139,0.001000,1.000000,1.000000,0.426765
tournament,c4_r150m,4,150.000000,408,0.222973,0.110676,0.517320,0.459984,0.453313,0.000611,0.001000,1.000000,0.991667,0.524664
tournament,c4_r150m,4,150.000000,409,0.150877,0.081163,0.162888,0.532156,0.434469,0.000694,0.001000,1.000000,0.990000,0.676459
tournament,c4_r150m,4,150.000000,412,0.166667,0.039056,0.544962,0.560469,0.432667,0.000972,0.004828,0.983333,0.991667,0.471704
tournament,c4_r75m,4,75.000000,448,0.000000,0.020157,0.302899,0.393396,0.516273,0.000306,0.001000,1.000000,1.000000,0.415160
tournament,c4_r150m,4,150.000000,413,0.232143,0.095088,0.320799,0.539358,0.648786,0.000861,0.002978,0.983333,0.995000,0.389201
tournament,c4_r150m,4,150.000000,401,0.087406,0.133919,0.714077,0.338476,0.736362,0.000944,0.001000,1.000000,0.980000,0.331618
tournament,c4_r150m,4,150.000000,414,0.038943,0.051622,0.270342,0.438196,0.890596,0.000861,0.001000,1.000000,0.996667,0.391983
tournament,c4_r150m,4,150.000000,415,-0.015152,0.038468,0.190820,0.288304,0.800512,0.000833,0.001553,0.983333,0.988333,0.285845
tournament,c4_r150m,4,150.000000,402,-0.013559,0.098391,0.457883,0.421106,0.733292,0.001056,0.004841,0.983333,0.995000,0.349066
tournament,c4_r150m,4,150.000000,403,0.049180,0.096270,0.313528,0.645299,0.641421,0.000806,0.001000,1.000000,0.993333,0.609334
tournament,c4_r150m,4,150.000000,419,0.224828,0.105154,0.328696,0.559495,0.614095,0.001389,0.004820,0.966667,0.988333,0.363273
tournament,c4_r150m,4,150.000000,407,-0.035796,0.050853,0.244203,0.217638,0.590483,0.001056,0.004818,0.983333,0.986667,0.208585
tournament,c4_r150m,4,150.000000,420,0.081320,0.026767,0.553141,0.607909,0.644017,0.001556,0.003879,0.983333,0.991667,0.659467
tournament,c4_r150m,4,150.000000,421,0.040867,0.068691,0.488852,0.321848,0.468919,0.000639,0.001000,1.000000,0.995000,0.297916
tournament,c4_r150m,4,150.000000,411,-0.016949,0.014050,0.215265,0.318193,0.730293,0.000361,0.001000,1.000000,0.993333,0.289329
tournament,c4_r150m,4,150.000000,410,0.186508,0.118314,0.406864,0.147041,0.654076,0.000806,0.001000,1.000000,0.993333,0.266246
tournament,c4_r150m,4,150.000000,423,0.016883,0.126474,0.801252,0.361141,0.541145,0.000333,0.001000,1.000000,0.993333,0.388718
tournament,c4_r150m,4,150.000000,426,0.052474,0.074252,0.224192,0.265508,0.464139,0.000778,0.001000,1.000000,0.998333,0.281307
tournament,c4_r150m,4,150.000000,425,0.140548,0.085340,0.324789,0.557146,0.670816,0.000833,0.001199,0.983333,0.980000,0.650873
tournament,c4_r150m,4,150.000000,416,0.050177,0.020603,0.124748,0.220301,0.657684,0.000917,0.001000,1.000000,0.991667,0.213728
tournament,c4_r150m,4,150.000000,417,-0.018449,0.048748,0.191093,0.530629,0.872318,0.001139,0.004400,0.966667,0.993333,0.468834
tournament,c4_r150m,4,150.000000,429,-0.025641,0.073455,0.505504,0.255446,0.613581,0.000333,0.001000,1.000000,0.990000,0.239120
tournament,c4_r150m,4,150.000000,418,-0.027778,0.071373,0.348290,0.268195,0.357552,0.001222,0.008190,0.966667,0.986667,0.301982
tournament,c4_r150m,4,150.000000,435,0.094595,0.064620,0.275728,0.406857,0.579313,0.000972,0.008716,0.966667,0.993333,0.369309
tournament,c4_r150m,4,150.000000,432,0.313793,0.098739,0.623749,0.447910,0.701642,0.001611,0.004232,0.983333,0.990000,0.648380
tournament,c4_r150m,4,150.000000,436,0.245177,0.156742,0.304316,0.567136,0.651297,0.001833,0.004462,0.983333,0.986667,0.519623
tournament,c4_r150m,4,150.000000,431,0.020627,0.075102,0.148081,0.431823,0.324181,0.001139,0.001000,1.000000,0.993333,0.569057
tournament,c4_r150m,4,150.000000,437,-0.132353,0.006491,0.432782,0.733587,0.733521,0.001472,0.004844,0.983333,0.993333,0.704174
tournament,c4_r150m,4,150.000000,422,0.375627,0.115049,0.153149,0.293580,0.413057,0.001444,0.002878,0.983333,0.990000,0.313073
tournament,c4_r150m,4,150.000000,424,0.021971,0.082364,0.416062,0.294167,0.514761,0.001472,0.002364,0.983333,0.990000,0.264326
tournament,c4_r150m,4,150.000000,427,0.111594,0.094711,0.418614,0.280361,0.703194,0.001361,0.001000,1.000000,0.998333,0.275160
tournament,c4_r150m,4,150.000000,428,0.031746,0.072432,0.394503,0.184651,0.670836,0.000333,0.001000,1.000000,0.986667,0.149299
tournament,c4_r150m,4,150.000000,430,-0.033333,0.032162,0.124112,0.290817,0.869958,0.000611,0.001000,1.000000,0.996667,0.292436
tournament,c4_r150m,4,150.000000,442,0.079602,0.073817,0.252590,0.304936,0.603407,0.001306,0.006175,0.966667,0.993333,0.334367
tournament,c4_r150m,4,150.000000,433,-0.019301,0.086356,0.222142,0.185337,0.347490,0.000639,0.001000,1.000000,0.993333,0.232608
tournament,c4_r150m,4,150.000000,443,0.413721,0.163510,0.867806,0.229582,0.579601,0.001667,0.004831,0.983333,0.983333,0.282011
tournament,c4_r150m,4,150.000000,444,0.075129,0.030658,0.214883,0.582289,0.775932,0.001278,0.001000,1.000000,0.983333,0.569357
tournament,c4_r150m,4,150.000000,434,0.467643,0.163647,0.336622,0.155866,0.153138,0.000861,0.003954,0.983333,0.988333,0.254442
tournament,c4_r150m,4,150.000000,446,0.076856,0.014047,0.281994,0.152145,0.610446,0.000806,0.001472,0.983333,0.986667,0.204291
tournament,c4_r150m,4,150.000000,445,0.196511,0.132390,0.275597,0.339704,0.769530,0.001139,0.002006,0.983333,0.986667,0.296703
tournament,c4_r150m,4,150.000000,440,0.209524,0.091767,0.479887,0.194022,0.410435,0.000694,0.002507,0.966667,0.991667,0.219554
tournament,c4_r150m,4,150.000000,438,0.157447,0.121908,0.432148,0.282988,0.538666,0.001167,0.001000,1.000000,0.995000,0.212257
tournament,c4_r150m,4,150.000000,439,-0.027027,0.041956,0.179510,0.313096,0.563485,0.000583,0.001000,1.000000,0.993333,0.394781
tournament,c4_r150m,4,150.000000,441,-0.041725,0.071967,0.460472,0.391965,0.871207,0.001444,0.004802,0.983333,0.993333,0.335486
tournament,c4_r150m,4,150.000000,447,-0.092692,0.088463,0.301177,0.463355,0.761548,0.001083,0.008679,0.966667,0.988333,0.435008
tournament,c4_r150m,4,150.000000,448,0.054479,0.114096,0.375193,0.510592,0.699550,0.000833,0.001000,1.000000,0.988333,0.465860
tournament,c4_r150m,4,150.000000,449,0.008973,0.098868,0.480243,0.472880,0.609936,0.000444,0.001000,1.000000,0.991667,0.447591
tournament,c4_r300m,4,300.000000,402,0.192343,0.205946,0.882370,0.936293,0.587687,0.146611,0.523360,0.066667,0.093333,0.904708
tournament,c4_r300m,4,300.000000,408,0.185947,0.190898,0.753944,0.924877,0.484967,0.145722,0.523865,0.033333,0.071667,0.905382
tournament,c4_r300m,4,300.000000,405,0.205649,0.186033,0.818558,0.878622,0.742780,0.143917,0.473388,0.083333,0.101667,0.901110
tournament,c4_r300m,4,300.000000,404,0.182176,0.198132,0.845333,0.852536,0.763650,0.146889,0.504648,0.066667,0.088333,0.880179
tournament,c4_r300m,4,300.000000,407,0.200566,0.188538,0.910027,0.909999,0.708855,0.142694,0.471400,0.050000,0.081667,0.901354
tournament,c4_r300m,4,300.000000,403,0.187963,0.183288,0.846722,0.914706,0.660505,0.151472,0.594838,0.066667,0.091667,0.893897
tournament,c4_r300m,4,300.000000,400,0.217429,0.195798,0.902775,0.905647,0.564097,0.151056,0.536945,0.116667,0.073333,0.922341
tournament,c4_r300m,4,300.000000,406,0.191624,0.196657,0.904083,0.958023,0.860165,0.158944,0.627502,0.033333,0.088333,0.918593
tournament,c4_r300m,4,300.000000,409,0.166158,0.183577,0.868742,0.922520,0.860891,0.142556,0.487598,0.083333,0.090000,0.910597
tournament,c4_r300m,4,300.000000,401,0.198681,0.203160,0.844779,0.901439,0.678970,0.145139,0.523007,0.050000,0.096667,0.897296
tournament,c4_r300m,4,300.000000,416,0.200629,0.202350,0.905768,0.935095,0.784892,0.141972,0.547252,0.016667,0.066667,0.918583
tournament,c4_r300m,4,300.000000,418,0.171808,0.195403,0.838486,0.886976,0.652932,0.143667,0.454386,0.116667,0.095000,0.886846
tournament,c4_r300m,4,300.000000,419,0.197911,0.193121,0.917505,0.866283,0.784620,0.146444,0.498731,0.150000,0.085000,0.889914
tournament,c4_r300m,4,300.000000,410,0.206123,0.192574,0.885519,0.885151,0.846569,0.140500,0.462269,0.150000,0.085000,0.867123
tournament,c4_r300m,4,300.000000,420,0.190270,0.196164,0.880971,0.919116,0.808222,0.149833,0.569748,0.033333,0.076667,0.902067
tournament,c4_r300m,4,300.000000,415,0.190032,0.175240,0.791030,0.862068,0.868267,0.120639,0.351976,0.083333,0.133333,0.885318
tournament,c4_r300m,4,300.000000,412,0.202544,0.184322,0.867507,0.881223,0.781313,0.154417,0.576587,0.100000,0.090000,0.883600
tournament,c4_r300m,4,300.000000,411,0.178863,0.192610,0.865438,0.912944,0.823554,0.145167,0.458746,0.083333,0.070000,0.889279
tournament,c4_r300m,4,300.000000,417,0.190901,0.195015,0.921446,0.898146,0.787698,0.146833,0.494177,0.083333,0.086667,0.909329
tournament,c4_r300m,4,300.000000,414,0.193171,0.194868,0.870585,0.854369,0.827121,0.142444,0.430539,0.166667,0.093333,0.880417
tournament,c4_r300m,4,300.000000,413,0.218378,0.199455,0.930066,0.905448,0.517625,0.151806,0.561610,0.050000,0.085000,0.899402
tournament,c4_r300m,4,300.000000,426,0.198716,0.195950,0.862297,0.884103,0.568540,0.146361,0.519558,0.116667,0.080000,0.878667
tournament,c4_r300m,4,300.000000,427,0.190346,0.191808,0.832768,0.898558,0.804305,0.135194,0.440111,0.066667,0.113333,0.858352
tournament,c4_r300m,4,300.000000,428,0.189595,0.197524,0.878887,0.915285,0.845834,0.135000,0.429732,0.100000,0.073333,0.903614
tournament,c4_r300m,4,300.000000,430,0.212432,0.196341,0.891999,0.902627,0.604277,0.139417,0.492263,0.100000,0.085000,0.887351
tournament,c4_r300m,4,300.000000,422,0.188118,0.197138,0.894736,0.907896,0.559030,0.136306,0.419708,0.083333,0.078333,0.905110
tournament,c4_r300m,4,300.000000,434,0.209191,0.190947,0.876390,0.930508,0.400752,0.146528,0.508124,0.066667,0.090000,0.884136
tournament,c4_r300m,4,300.000000,425,0.202261,0.192790,0.858313,0.907466,0.659182,0.138639,0.495540,0.100000,0.100000,0.889428
tournament,c4_r300m,4,300.000000,421,0.205180,0.197249,0.881809,0.884589,0.801948,0.148778,0.530527,0.133333,0.095000,0.891487
tournament,c4_r300m,4,300.000000,437,0.187738,0.197657,0.778165,0.891945,0.692022,0.128444,0.401738,0.150000,0.098333,0.889225
tournament,c4_r300m,4,300.000000,424,0.192914,0.189222,0.887064,0.873785,0.645013,0.143917,0.476415,0.100000,0.088333,0.903185
tournament,c4_r300m,4,300.000000,423,0.167827,0.187952,0.897321,0.849979,0.583625,0.141472,0.417564,0.100000,0.093333,0.873236
tournament,c4_r300m,4,300.000000,439,0.187436,0.178445,0.872520,0.939321,0.770955,0.148528,0.567612,0.116667,0.103333,0.886602
tournament,c4_r300m,4,300.000000,438,0.201893,0.191034,0.888181,0.901853,0.458861,0.139556,0.469642,0.116667,0.083333,0.916732
tournament,c4_r300m,4,300.000000,429,0.208122,0.193554,0.835291,0.917458,0.685676,0.145417,0.516062,0.100000,0.093333,0.895604
tournament,c4_r300m,4,300.000000,431,0.190832,0.188374,0.871979,0.915169,0.787409,0.143250,0.457221,0.133333,0.076667,0.913191
tournament,c4_r300m,4,300.000000,440,0.196434,0.197637,0.910253,0.894448,0.545809,0.150611,0.548115,0.033333,0.076667,0.889817
tournament,c4_r300m,4,300.000000,432,0.178305,0.193425,0.889087,0.928870,0.780481,0.141694,0.458052,0.066667,0.078333,0.884635
tournament,c4_r300m,4,300.000000,433,0.200613,0.198405,0.924206,0.935794,0.580684,0.158056,0.608294,0.016667,0.070000,0.915151
tournament,c4_r300m,4,300.000000,442,0.193241,0.187808,0.922213,0.909796,0.331682,0.157944,0.581075,0.050000,0.098333,0.906977
tournament,c4_r300m,4,300.000000,435,0.205606,0.203658,0.865052,0.896451,0.372937,0.139556,0.403889,0.133333,0.095000,0.874853
tournament,c4_r300m,4,300.000000,436,0.185413,0.187824,0.876246,0.870973,0.829573,0.143694,0.482944,0.116667,0.098333,0.882016
tournament,c4_r300m,4,300.000000,449,0.208607,0.198383,0.888445,0.912878,0.455141,0.142944,0.534709,0.100000,0.110000,0.882222
tournament,c4_r300m,4,300.000000,445,0.194483,0.190093,0.921004,0.896228,0.801246,0.145556,0.478468,0.133333,0.083333,0.900189
tournament,c4_r300m,4,300.000000,448,0.186034,0.192602,0.903649,0.919878,0.525693,0.143750,0.471691,0.050000,0.096667,0.873021
tournament,c4_r300m,4,300.000000,441,0.221058,0.200170,0.888358,0.847442,0.705536,0.144167,0.548193,0.066667,0.095000,0.869558
tournament,c4_r300m,4,300.000000,443,0.181268,0.193024,0.849443,0.892093,0.583527,0.131806,0.411632,0.066667,0.076667,0.894678
tournament,c4_r300m,4,300.000000,444,0.175787,0.187853,0.871461,0.902249,0.906369,0.146833,0.530320,0.066667,0.126667,0.847858
tournament,c4_r300m,4,300.000000,447,0.194966,0.190508,0.741993,0.924694,0.608872,0.151500,0.549151,0.100000,0.085000,0.898160
tournament,c4_r600m,4,600.000000,402,0.295660,0.263546,0.947042,0.892390,0.533259,0.331583,2.728443,0.000000,0.000000,0.890309
tournament,c4_r300m,4,300.000000,446,0.194599,0.196566,0.906960,0.902648,0.493874,0.152361,0.554869,0.100000,0.078333,0.861979
tournament,c4_r600m,4,600.000000,405,0.259265,0.259451,0.833879,0.944703,0.352607,0.328611,2.714007,0.000000,0.000000,0.899271
tournament,c4_r600m,4,600.000000,409,0.259255,0.259476,0.863463,0.907870,0.456151,0.316306,2.549330,0.000000,0.000000,0.891772
tournament,c4_r600m,4,600.000000,408,0.255967,0.256704,0.877287,0.907944,0.258319,0.325083,2.648750,0.000000,0.000000,0.897157
tournament,c4_r600m,4,600.000000,410,0.277665,0.260763,0.862728,0.945605,0.650389,0.323500,2.642192,0.000000,0.000000,0.901141
tournament,c4_r600m,4,600.000000,400,0.256867,0.257046,0.897221,0.916740,0.563014,0.326000,2.684424,0.000000,0.000000,0.912511
tournament,c4_r600m,4,600.000000,401,0.256946,0.254396,0.854457,0.899431,0.531616,0.321472,2.611227,0.000000,0.000000,0.896950
tournament,c4_r600m,4,600.000000,403,0.251977,0.253844,0.852282,0.929529,0.798902,0.315500,2.570344,0.000000,0.000000,0.903724
tournament,c4_r600m,4,600.000000,404,0.260937,0.261061,0.895627,0.905390,0.499861,0.321500,2.608703,0.000000,0.000000,0.891073
tournament,c4_r600m,4,600.000000,415,0.253111,0.250352,0.880100,0.916920,0.427741,0.313833,2.530760,0.000000,0.000000,0.912983
tournament,c4_r600m,4,600.000000,406,0.241004,0.253484,0.884074,0.933900,0.741539,0.329806,2.712350,0.000000,0.000000,0.885987
tournament,c4_r600m,4,600.000000,407,0.254129,0.251381,0.833001,0.882192,0.516248,0.309833,2.475048,0.000000,0.000000,0.905545
tournament,c4_r600m,4,600.000000,417,0.252478,0.253632,0.911668,0.919615,0.802341,0.316750,2.550382,0.000000,0.000000,0.893924
tournament,c4_r600m,4,600.000000,418,0.268352,0.254714,0.876723,0.950500,0.700743,0.316500,2.557032,0.000000,0.000000,0.919188
tournament,c4_r600m,4,600.000000,419,0.248813,0.256814,0.851016,0.937923,0.437898,0.316972,2.553437,0.000000,0.000000,0.913898
tournament,c4_r600m,4,600.000000,420,0.269284,0.262203,0.858975,0.916373,0.914155,0.326944,2.685886,0.000000,0.000000,0.899447
tournament,c4_r600m,4,600.000000,412,0.282720,0.265653,0.911981,0.927091,0.745563,0.333667,2.766532,0.000000,0.000000,0.906036
tournament,c4_r600m,4,600.000000,413,0.264931,0.265217,0.903531,0.925359,0.522818,0.329333,2.707661,0.000000,0.000000,0.908679
tournament,c4_r600m,4,600.000000,411,0.225239,0.252053,0.849810,0.932293,0.564487,0.327861,2.704546,0.000000,0.000000,0.896604
tournament,c4_r600m,4,600.000000,416,0.248131,0.240837,0.800146,0.904547,0.750049,0.325806,2.653596,0.000000,0.000000,0.886958
tournament,c4_r600m,4,600.000000,414,0.256716,0.258765,0.850584,0.861511,0.801443,0.319056,2.576498,0.000000,0.000000,0.885911
tournament,c4_r600m,4,600.000000,422,0.243655,0.261701,0.857138,0.920114,0.642070,0.318444,2.590676,0.000000,0.000000,0.904876
tournament,c4_r600m,4,600.000000,429,0.260602,0.260106,0.894343,0.876149,0.874367,0.317528,2.560223,0.000000,0.000000,0.886766
tournament,c4_r600m,4,600.000000,428,0.265416,0.261861,0.922915,0.903448,0.850988,0.321222,2.634130,0.000000,0.000000,0.884783
tournament,c4_r600m,4,600.000000,425,0.255133,0.248050,0.863360,0.875409,0.349251,0.308222,2.498011,0.000000,0.000000,0.891908
tournament,c4_r600m,4,600.000000,430,0.278789,0.259397,0.851110,0.943958,0.769743,0.330139,2.708472,0.000000,0.000000,0.915938
tournament,c4_r600m,4,600.000000,421,0.259080,0.257295,0.856792,0.881177,0.620664,0.315722,2.550926,0.000000,0.000000,0.880372
tournament,c4_r600m,4,600.000000,431,0.251648,0.251854,0.890043,0.931305,0.603737,0.309444,2.449338,0.000000,0.000000,0.908424
tournament,c4_r600m,4,600.000000,423,0.263904,0.258187,0.873129,0.874315,0.409572,0.300250,2.413647,0.000000,0.000000,0.894319
tournament,c4_r600m,4,600.000000,424,0.256191,0.254789,0.863739,0.944755,0.829069,0.328889,2.687246,0.000000,0.000000,0.922249
tournament,c4_r600m,4,600.000000,433,0.271804,0.262638,0.931055,0.904445,0.757683,0.329528,2.713724,0.000000,0.000000,0.905154
tournament,c4_r600m,4,600.000000,432,0.251733,0.253569,0.912757,0.915478,0.590320,0.325972,2.681152,0.000000,0.000000,0.901061
tournament,c4_r600m,4,600.000000,426,0.225370,0.255636,0.875572,0.944817,0.870752,0.318250,2.565306,0.000000,0.000000,0.917300
tournament,c4_r600m,4,600.000000,427,0.246108,0.252969,0.879257,0.925578,0.517568,0.323917,2.636111,0.000000,0.000000,0.908180
tournament,c4_r600m,4,600.000000,438,0.234203,0.256172,0.889490,0.885424,0.746554,0.322167,2.625869,0.000000,0.000000,0.898926
tournament,c4_r600m,4,600.000000,437,0.256407,0.261485,0.918220,0.929158,0.635873,0.334917,2.737470,0.000000,0.000000,0.904648
tournament,c4_r600m,4,600.000000,441,0.274179,0.254415,0.860375,0.914853,0.552842,0.323667,2.628224,0.000000,0.000000,0.894252
tournament,c4_r600m,4,600.000000,443,0.253877,0.257423,0.905769,0.919324,0.708567,0.328639,2.708347,0.000000,0.000000,0.908717
tournament,c6_r15m,6,15.000000,400,0.000000,0.000000,0.291026,0.696062,0.404582,0.000028,0.001000,1.000000,1.000000,0.000000
tournament,c6_r15m,6,15.000000,401,0.000000,0.000000,0.292883,0.428153,0.358110,0.000028,0.001000,1.000000,1.000000,0.000000
tournament,c4_r600m,4,600.000000,444,0.286921,0.247565,0.843158,0.921728,0.843224,0.328389,2.713824,0.000000,0.000000,0.909830
tournament,c6_r15m,6,15.000000,402,0.000000,0.000000,0.214675,0.226989,0.792716,0.000000,0.001000,1.000000,1.000000,0.000000
tournament,c4_r600m,4,600.000000,434,0.221919,0.241770,0.757354,0.889798,0.653884,0.307806,2.472819,0.000000,0.000000,0.907370
tournament,c4_r600m,4,600.000000,435,0.255870,0.261192,0.896155,0.918457,0.772984,0.323444,2.623720,0.000000,0.000000,0.907269
tournament,c4_r600m,4,600.000000,436,0.255348,0.258998,0.876236,0.928839,0.787256,0.331889,2.721732,0.000000,0.000000,0.906381
tournament,c6_r15m,6,15.000000,403,0.000000,0.000000,0.314851,0.756361,0.685808,0.000000,0.001000,1.000000,1.000000,0.000000
tournament,c4_r600m,4,600.000000,439,0.248545,0.244037,0.881969,0.950311,0.720328,0.319917,2.593064,0.000000,0.000000,0.904714
tournament,c4_r600m,4,600.000000,446,0.270749,0.263809,0.863700,0.901749,0.716050,0.320611,2.603863,0.000000,0.000000,0.897339
tournament,c6_r15m,6,15.000000,404,0.000000,0.000000,0.088955,0.296035,0.855985,0.000083,0.001000,1.000000,1.000000,0.036364
tournament,c4_r600m,4,600.000000,447,0.245646,0.251242,0.875304,0.924209,0.819489,0.334806,2.764029,0.000000,0.000000,0.913350
tournament,c4_r600m,4,600.000000,442,0.241492,0.267707,0.906747,0.904030,0.550887,0.324500,2.638210,0.000000,0.000000,0.905295
tournament,c6_r15m,6,15.000000,405,0.000000,0.000000,0.376043,0.153689,0.581666,0.000111,0.001000,1.000000,1.000000,0.000000
tournament,c6_r15m,6,15.000000,406,0.000000,0.000000,0.195052,0.632171,0.669608,0.000056,0.001000,1.000000,1.000000,0.000000
tournament,c6_r15m,6,15.000000,407,0.000000,-0.012500,0.160112,0.275312,0.362844,0.000083,0.001000,1.000000,1.000000,0.020000
tournament,c6_r15m,6,15.000000,411,0.000000,0.000000,0.227454,0.576458,0.588958,0.000028,0.001000,1.000000,1.000000,0.000000
tournament,c6_r15m,6,15.000000,413,0.000000,0.000000,0.265722,0.531814,0.651741,0.000056,0.001000,1.000000,1.000000,0.000000
tournament,c6_r15m,6,15.000000,414,0.000000,0.000000,0.479250,0.473659,0.741042,0.000000,0.001000,1.000000,1.000000,0.000000
tournament,c4_r600m,4,600.000000,440,0.247995,0.254726,0.833553,0.916733,0.774817,0.311056,2.538529,0.000000,0.000000,0.889639
tournament,c6_r15m,6,15.000000,415,0.000000,0.000000,0.437643,0.490986,0.613257,0.000056,0.001000,1.000000,1.000000,0.012500
tournament,c6_r15m,6,15.000000,417,0.000000,0.000000,0.576946,0.462930,0.703646,0.000111,0.001000,1.000000,1.000000,0.072727
tournament,c6_r15m,6,15.000000,418,0.000000,0.000000,0.141150,0.218623,0.477870,0.000111,0.001000,1.000000,1.000000,0.000000
tournament,c6_r15m,6,15.000000,419,0.000000,0.000000,0.474646,0.574946,0.701710,0.000056,0.001000,1.000000,1.000000,0.000000
tournament,c6_r15m,6,15.000000,409,0.000000,0.000000,0.312693,0.329765,0.575705,0.000000,0.001000,1.000000,1.000000,0.000000
tournament,c6_r15m,6,15.000000,408,0.000000,0.000000,0.351630,0.413247,0.523269,0.000056,0.001000,1.000000,1.000000,0.042857
tournament,c6_r15m,6,15.000000,410,0.000000,0.000000,0.419863,0.610290,0.518306,0.000056,0.001000,1.000000,1.000000,0.000000
tournament,c6_r15m,6,15.000000,420,0.000000,0.000000,0.214418,0.223790,0.769248,0.000278,0.001000,1.000000,1.000000,0.000000
tournament,c4_r600m,4,600.000000,445,0.252488,0.261569,0.874250,0.899061,0.853730,0.317667,2.573449,0.000000,0.000000,0.891311
tournament,c6_r15m,6,15.000000,421,0.000000,0.000000,0.252445,0.258497,0.822828,0.000056,0.001000,1.000000,1.000000,0.000000
tournament,c6_r15m,6,15.000000,412,0.000000,0.000000,0.295274,0.361759,0.515967,0.000028,0.001000,1.000000,1.000000,0.000000
tournament,c6_r15m,6,15.000000,422,0.000000,0.000000,0.184477,0.207170,0.377291,0.000000,0.001000,1.000000,1.000000,0.000000
tournament,c6_r15m,6,15.000000,424,0.000000,0.000000,0.533462,0.196997,0.486046,0.000056,0.001000,1.000000,1.000000,0.000000
tournament,c6_r15m,6,15.000000,425,0.000000,0.000000,0.302580,0.185454,0.368397,0.000056,0.001000,1.000000,1.000000,0.000000
tournament,c6_r15m,6,15.000000,416,0.000000,0.000000,0.606351,0.289041,0.590703,0.000028,0.001000,1.000000,1.000000,0.000000
tournament,c6_r15m,6,15.000000,426,0.000000,0.000000,0.275671,0.361757,0.764748,0.000056,0.001000,1.000000,1.000000,0.000000
tournament,c6_r15m,6,15.000000,427,0.000000,0.000000,0.717190,0.476457,0.708475,0.000056,0.001000,1.000000,1.000000,0.000000
tournament,c6_r15m,6,15.000000,431,0.000000,0.000000,0.464665,0.659630,0.626447,0.000139,0.001000,1.000000,1.000000,0.000000
tournament,c4_r600m,4,600.000000,448,0.235684,0.257325,0.902743,0.946330,0.637803,0.326528,2.658057,0.000000,0.000000,0.905936
tournament,c6_r15m,6,15.000000,433,0.000000,0.000000,0.449246,0.508643,0.778295,0.000028,0.001000,1.000000,1.000000,0.000000
tournament,c4_r600m,4,600.000000,449,0.260327,0.259160,0.877389,0.883522,0.681767,0.325028,2.650449,0.000000,0.000000,0.888977
tournament,c6_r15m,6,15.000000,435,0.000000,0.000000,0.177860,0.397468,0.772224,0.000000,0.001000,1.000000,1.000000,0.000000
tournament,c6_r15m,6,15.000000,423,0.000000,0.000000,0.202016,0.106976,0.812814,0.000056,0.001000,1.000000,1.000000,0.000000
tournament,c6_r15m,6,15.000000,436,0.000000,0.000000,0.640644,0.307598,0.675211,0.000083,0.001000,1.000000,1.000000,0.000000
tournament,c6_r15m,6,15.000000,437,0.000000,0.016667,0.261027,0.149934,0.449764,0.000139,0.001000,1.000000,1.000000,0.085714
tournament,c6_r15m,6,15.000000,439,0.000000,0.000000,0.314919,0.360101,0.528236,0.000083,0.001000,1.000000,1.000000,0.000000
tournament,c6_r15m,6,15.000000,440,0.000000,0.000000,0.309625,0.279368,0.553921,0.000028,0.001000,1.000000,1.000000,0.000000
tournament,c6_r15m,6,15.000000,428,0.000000,0.000000,0.201945,0.608963,0.700396,0.000000,0.001000,1.000000,1.000000,0.000000
tournament,c6_r15m,6,15.000000,429,0.000000,0.000000,0.339899,0.408881,0.840445,0.000083,0.001000,1.000000,1.000000,0.000000
tournament,c6_r15m,6,15.000000,430,0.000000,0.000000,0.275431,0.181913,0.818262,0.000056,0.001000,1.000000,1.000000,0.000000
tournament,c6_r15m,6,15.000000,441,0.000000,0.000000,0.309074,0.427348,0.801905,0.000028,0.001000,1.000000,1.000000,0.000000
tournament,c6_r15m,6,15.000000,432,0.000000,0.000000,0.563776,0.247101,0.731083,0.000028,0.001000,1.000000,1.000000,0.000000
tournament,c6_r15m,6,15.000000,443,0.000000,0.000000,0.393424,0.504853,0.518629,0.000083,0.001000,1.000000,1.000000,0.000000
tournament,c6_r15m,6,15.000000,445,0.000000,0.000000,0.426696,0.468713,0.679109,0.000056,0.001000,1.000000,1.000000,0.000000
tournament,c6_r15m,6,15.000000,434,0.000000,0.000000,0.553759,0.394822,0.488408,0.000056,0.001000,1.000000,1.000000,0.000000
tournament,c6_r15m,6,15.000000,447,0.000000,0.000000,0.411361,0.667610,0.718253,0.000028,0.001000,1.000000,1.000000,0.000000
tournament,c6_r15m,6,15.000000,448,0.000000,0.000000,0.282223,0.448465,0.818075,0.000000,0.001000,1.000000,1.000000,0.000000
tournament,c6_r15m,6,15.000000,449,0.000000,0.000000,0.400302,0.158438,0.746061,0.000028,0.001000,1.000000,1.000000,0.000000
tournament,c6_r37.5m,6,37.500000,400,0.000000,0.000000,0.300345,0.448313,0.758050,0.000222,0.001000,1.000000,1.000000,0.273558
tournament,c6_r15m,6,15.000000,438,0.000000,0.000000,0.323610,0.289217,0.387983,0.000028,0.001000,1.000000,1.000000,0.000000
tournament,c6_r37.5m,6,37.500000,404,0.000000,0.035821,0.278099,0.398704,0.752327,0.000167,0.001000,1.000000,1.000000,0.518485
tournament,c6_r15m,6,15.000000,442,0.000000,0.000000,0.340924,0.302729,0.501985,0.000056,0.001000,1.000000,1.000000,0.000000
tournament,c6_r37.5m,6,37.500000,406,0.000000,0.006250,0.360635,0.512238,0.629879,0.000111,0.001000,1.000000,1.000000,0.552967
tournament,c6_r37.5m,6,37.500000,407,0.000000,-0.009091,0.233984,0.164759,0.547362,0.000250,0.001000,1.000000,1.000000,0.079216
tournament,c6_r15m,6,15.000000,444,0.000000,0.000000,0.299141,0.513688,0.867120,0.000139,0.001000,1.000000,1.000000,0.000000
tournament,c6_r37.5m,6,37.500000,409,0.000000,0.000000,0.185318,0.448008,0.886957,0.000139,0.001000,1.000000,1.000000,0.301418
tournament,c6_r15m,6,15.000000,446,0.000000,0.000000,0.170150,0.483264,0.392256,0.000028,0.001000,1.000000,1.000000,0.000000
tournament,c6_r37.5m,6,37.500000,410,0.000000,-0.012500,0.706941,0.286195,0.643973,0.000056,0.001000,1.000000,1.000000,0.274208
tournament,c6_r37.5m,6,37.500000,411,0.000000,0.004040,0.314013,0.582418,0.640953,0.000194,0.001000,1.000000,1.000000,0.365368
tournament,c6_r37.5m,6,37.500000,412,0.000000,0.000000,0.413933,0.759171,0.192404,0.000056,0.001000,1.000000,1.000000,0.271429
tournament,c6_r37.5m,6,37.500000,401,0.000000,0.000000,0.351274,0.163347,0.605852,0.000111,0.001000,1.000000,1.000000,0.070417
tournament,c6_r37.5m,6,37.500000,414,0.000000,0.010000,0.396741,0.733138,0.734378,0.000111,0.001000,1.000000,1.000000,0.535099
tournament,c6_r37.5m,6,37.500000,402,0.000000,-0.016667,0.491745,0.166205,0.631879,0.000278,0.001000,1.000000,1.000000,0.281164
tournament,c6_r37.5m,6,37.500000,403,0.000000,0.050000,0.234962,0.206833,0.647557,0.000028,0.001000,1.000000,1.000000,0.094605
tournament,c6_r37.5m,6,37.500000,416,0.000000,0.040000,0.121667,0.597321,0.765739,0.000111,0.001000,1.000000,1.000000,0.484423
tournament,c6_r37.5m,6,37.500000,417,0.000000,0.062121,0.676680,0.330135,0.758371,0.000139,0.001000,1.000000,1.000000,0.223071
tournament,c6_r37.5m,6,37.500000,405,0.000000,0.095238,0.192172,0.334284,0.664788,0.000111,0.001000,1.000000,1.000000,0.304153
tournament,c6_r37.5m,6,37.500000,419,0.000000,0.115000,0.509091,0.418127,0.776761,0.000111,0.001000,1.000000,1.000000,0.215000
tournament,c6_r37.5m,6,37.500000,408,0.000000,-0.006667,0.348188,0.384951,0.715908,0.000111,0.001000,1.000000,1.000000,0.258571
tournament,c6_r37.5m,6,37.500000,421,0.000000,0.116340,0.444387,0.248062,0.801315,0.000111,0.001000,1.000000,1.000000,0.093333
tournament,c6_r37.5m,6,37.500000,422,0.000000,0.047607,0.345091,0.538950,0.678278,0.000306,0.001000,1.000000,1.000000,0.579092
tournament,c6_r37.5m,6,37.500000,423,0.000000,-0.017361,0.359784,0.408289,0.867902,0.000194,0.001000,1.000000,1.000000,0.305183
tournament,c6_r37.5m,6,37.500000,413,0.000000,0.000000,0.418158,0.644785,0.258348,0.000222,0.001000,1.000000,1.000000,0.203947
tournament,c6_r37.5m,6,37.500000,425,0.000000,0.066667,0.339948,0.370913,0.494905,0.000250,0.001000,1.000000,1.000000,0.277224
tournament,c6_r37.5m,6,37.500000,429,0.000000,0.000000,0.273553,0.147925,0.537015,0.000167,0.001000,1.000000,1.000000,0.059064
tournament,c6_r37.5m,6,37.500000,428,0.000000,-0.006667,0.234547,0.202091,0.839702,0.000139,0.001000,1.000000,1.000000,0.150202
tournament,c6_r37.5m,6,37.500000,415,0.000000,-0.020000,0.609790,0.349001,0.757164,0.000167,0.001000,1.000000,1.000000,0.248296
tournament,c6_r37.5m,6,37.500000,431,0.000000,0.014286,0.446570,0.880528,0.402847,0.000083,0.001000,1.000000,1.000000,0.344167
tournament,c6_r37.5m,6,37.500000,418,0.000000,0.000000,0.306415,0.515373,0.418344,0.000083,0.001000,1.000000,1.000000,0.163636
tournament,c6_r37.5m,6,37.500000,420,0.000000,0.033333,0.430980,0.359804,0.499775,0.000139,0.001000,1.000000,1.000000,0.395526
tournament,c6_r37.5m,6,37.500000,434,0.000000,0.000000,0.443986,0.179342,0.647087,0.000028,0.001000,1.000000,1.000000,0.238376
tournament,c6_r37.5m,6,37.500000,433,0.000000,0.000000,0.297118,0.574170,0.487199,0.000056,0.001000,1.000000,1.000000,0.230000
tournament,c6_r37.5m,6,37.500000,435,0.000000,0.025000,0.321751,0.159165,0.605238,0.000139,0.001000,1.000000,1.000000,0.087500
tournament,c6_r37.5m,6,37.500000,424,0.000000,0.012500,0.617518,0.386080,0.684006,0.000056,0.001000,1.000000,1.000000,0.191772
tournament,c6_r37.5m,6,37.500000,437,0.000000,0.000000,0.424177,0.400003,0.479251,0.000222,0.001000,1.000000,1.000000,0.249643
tournament,c6_r37.5m,6,37.500000,426,0.000000,0.012500,0.243999,0.368541,0.462159,0.000222,0.001000,1.000000,1.000000,0.173376
tournament,c6_r37.5m,6,37.500000,427,0.000000,0.000000,0.515297,0.246574,0.656058,0.000194,0.001000,1.000000,1.000000,0.100595
tournament,c6_r37.5m,6,37.500000,438,0.000000,0.082500,0.321107,0.322486,0.808084,0.000194,0.001000,1.000000,1.000000,0.242805
tournament,c6_r37.5m,6,37.500000,439,0.000000,-0.025000,0.401696,0.379749,0.397185,0.000194,0.001000,1.000000,1.000000,0.149466
tournament,c6_r37.5m,6,37.500000,430,0.000000,-0.008333,0.282343,0.340861,0.717532,0.000111,0.001000,1.000000,1.000000,0.170504
tournament,c6_r37.5m,6,37.500000,441,0.000000,0.025000,0.649083,0.467871,0.502304,0.000083,0.001000,1.000000,1.000000,0.495671
tournament,c6_r37.5m,6,37.500000,444,0.000000,0.033333,0.318949,0.362204,0.583629,0.000222,0.001000,1.000000,1.000000,0.267890
tournament,c6_r37.5m,6,37.500000,432,0.000000,-0.006667,0.194081,0.369677,0.641551,0.000083,0.001000,1.000000,1.000000,0.190695
tournament,c6_r37.5m,6,37.500000,445,0.000000,0.016667,0.149846,0.551201,0.821497,0.000028,0.001000,1.000000,1.000000,0.302559
tournament,c6_r37.5m,6,37.500000,446,-0.076923,-0.007692,0.521005,0.600407,0.705642,0.000306,0.001000,1.000000,1.000000,0.390015
tournament,c6_r37.5m,6,37.500000,436,0.000000,0.000000,0.169825,0.145952,0.744165,0.000167,0.001000,1.000000,1.000000,0.103333
tournament,c6_r37.5m,6,37.500000,448,0.000000,0.040000,0.289908,0.497266,0.564818,0.000250,0.001000,1.000000,1.000000,0.287083
tournament,c6_r75m,6,75.000000,401,-0.049180,0.036174,0.588168,0.192607,0.577574,0.000611,0.001000,1.000000,1.000000,0.210508
tournament,c6_r75m,6,75.000000,402,0.000000,0.072988,0.535747,0.186039,0.809672,0.000222,0.001000,1.000000,1.000000,0.169620
tournament,c6_r75m,6,75.000000,404,0.000000,-0.027099,0.287804,0.151639,0.686150,0.000278,0.001000,1.000000,1.000000,0.203167
tournament,c6_r37.5m,6,37.500000,440,0.000000,0.025000,0.463629,0.254190,0.564523,0.000028,0.001000,1.000000,1.000000,0.224123
tournament,c6_r75m,6,75.000000,405,0.041176,0.042842,0.408782,0.313406,0.836483,0.000306,0.001000,1.000000,1.000000,0.322495
tournament,c6_r37.5m,6,37.500000,442,0.000000,0.000000,0.123222,0.375452,0.686525,0.000222,0.001000,1.000000,1.000000,0.218611
tournament,c6_r75m,6,75.000000,408,-0.038462,0.014408,0.563872,0.267372,0.411320,0.000528,0.001000,1.000000,1.000000,0.224430
tournament,c6_r75m,6,75.000000,407,-0.042553,0.063737,0.682263,0.169832,0.805641,0.000556,0.001000,1.000000,1.000000,0.181823
tournament,c6_r37.5m,6,37.500000,443,0.000000,0.000000,0.290052,0.264594,0.717242,0.000167,0.001000,1.000000,1.000000,0.190833
tournament,c6_r37.5m,6,37.500000,447,0.000000,0.012500,0.604243,0.511766,0.673157,0.000167,0.001000,1.000000,1.000000,0.261392
tournament,c6_r75m,6,75.000000,410,0.285714,0.106071,0.459314,0.407491,0.482361,0.000333,0.001000,1.000000,1.000000,0.329434
tournament,c6_r75m,6,75.000000,411,-0.021739,0.005214,0.227766,0.246700,0.494948,0.000472,0.001000,1.000000,1.000000,0.277221
tournament,c6_r75m,6,75.000000,400,-0.111111,0.028071,0.284703,0.384373,0.505199,0.000417,0.001000,1.000000,1.000000,0.207163
tournament,c6_r37.5m,6,37.500000,449,0.050000,0.021667,0.300382,0.534509,0.823490,0.000250,0.001000,1.000000,1.000000,0.326341
tournament,c6_r75m,6,75.000000,412,0.090909,0.027563,0.365565,0.414140,0.793076,0.000389,0.001000,1.000000,1.000000,0.269698
tournament,c6_r75m,6,75.000000,403,0.100000,0.078814,0.669055,0.157473,0.584560,0.000333,0.001000,1.000000,1.000000,0.272492
tournament,c6_r75m,6,75.000000,413,0.000000,0.040651,0.383110,0.718668,0.601861,0.000139,0.001000,1.000000,1.000000,0.432581
tournament,c6_r75m,6,75.000000,415,0.000000,0.028024,0.188437,0.381089,0.492580,0.000500,0.001000,1.000000,1.000000,0.414049
tournament,c6_r75m,6,75.000000,417,0.000000,0.040394,0.561994,0.648686,0.222079,0.000111,0.001000,1.000000,1.000000,0.457299
tournament,c6_r75m,6,75.000000,418,0.042553,0.022988,0.216093,0.811253,0.651646,0.000417,0.001000,1.000000,1.000000,0.693034
tournament,c6_r75m,6,75.000000,406,0.000000,0.021533,0.278360,0.590334,0.798836,0.000250,0.001000,1.000000,1.000000,0.684145
tournament,c6_r75m,6,75.000000,409,0.000000,0.006355,0.444507,0.234673,0.762730,0.000083,0.001000,1.000000,1.000000,0.230924
tournament,c6_r75m,6,75.000000,421,0.173913,0.057166,0.159928,0.468702,0.413896,0.000583,0.001000,1.000000,1.000000,0.397937
tournament,c6_r75m,6,75.000000,422,0.000000,0.081621,0.318699,0.703576,0.194827,0.000222,0.001000,1.000000,1.000000,0.707066
tournament,c6_r75m,6,75.000000,425,0.000000,0.029360,0.448270,0.259703,0.434592,0.000222,0.001000,1.000000,1.000000,0.335243
tournament,c6_r75m,6,75.000000,427,0.000000,0.015754,0.337151,0.654804,0.642901,0.000278,0.001000,1.000000,1.000000,0.420593
tournament,c6_r75m,6,75.000000,428,0.384615,0.050624,0.351239,0.345686,0.554389,0.000472,0.001000,1.000000,1.000000,0.453695
tournament,c6_r75m,6,75.000000,414,0.125000,-0.004499,0.218738,0.203053,0.517680,0.000528,0.001000,1.000000,1.000000,0.193136
tournament,c6_r75m,6,75.000000,429,0.038462,0.060587,0.232392,0.724046,0.819428,0.000389,0.001000,1.000000,1.000000,0.760517
tournament,c6_r75m,6,75.000000,430,0.062500,0.041833,0.276303,0.572540,0.665451,0.000306,0.001000,1.000000,1.000000,0.466321
tournament,c6_r75m,6,75.000000,416,0.052632,0.062887,0.358735,0.648221,0.550829,0.000333,0.001000,1.000000,1.000000,0.696448
tournament,c6_r75m,6,75.000000,419,0.000000,0.010472,0.395072,0.747806,0.883657,0.000222,0.001000,1.000000,1.000000,0.562610
tournament,c6_r75m,6,75.000000,424,0.000000,0.021316,0.311254,0.237663,0.307539,0.000139,0.001000,1.000000,1.000000,0.333574
tournament,c6_r75m,6,75.000000,420,0.000000,0.040754,0.425629,0.310427,0.469793,0.000194,0.001000,1.000000,1.000000,0.242118
tournament,c6_r75m,6,75.000000,434,0.089912,0.076879,0.681696,0.302255,0.870699,0.000583,0.001000,1.000000,1.000000,0.344716
tournament,c6_r75m,6,75.000000,435,0.083333,0.069341,0.495412,0.470959,0.785714,0.000250,0.001000,1.000000,1.000000,0.547901
tournament,c6_r75m,6,75.000000,436,-0.031250,0.009107,0.341824,0.182930,0.684769,0.000333,0.001000,1.000000,1.000000,0.225271
tournament,c6_r75m,6,75.000000,423,0.138340,0.041575,0.386167,0.194463,0.777347,0.000472,0.001000,1.000000,1.000000,0.224265
tournament,c6_r75m,6,75.000000,426,0.190476,0.038294,0.766752,0.753681,0.291800,0.000472,0.001000,1.000000,1.000000,0.607570
tournament,c6_r75m,6,75.000000,437,0.016846,0.025790,0.380735,0.216114,0.568357,0.000528,0.001000,1.000000,1.000000,0.189945
tournament,c6_r75m,6,75.000000,432,0.000000,0.049224,0.212334,0.135563,0.679799,0.000472,0.001000,1.000000,1.000000,0.243776
tournament,c6_r75m,6,75.000000,439,0.000000,0.076278,0.216430,0.416760,0.331182,0.000278,0.001000,1.000000,1.000000,0.590231
tournament,c6_r75m,6,75.000000,440,0.222222,0.080323,0.512789,0.140367,0.656391,0.000417,0.001000,1.000000,1.000000,0.222352
tournament,c6_r75m,6,75.000000,433,0.038043,0.106965,0.206377,0.300433,0.411694,0.000444,0.001000,1.000000,1.000000,0.257605
tournament,c6_r75m,6,75.000000,431,0.071429,0.041873,0.308308,0.732166,0.459366,0.000250,0.001000,1.000000,0.998333,0.654047
tournament,c6_r75m,6,75.000000,443,-0.016334,0.022407,0.547664,0.336065,0.750145,0.000444,0.001000,1.000000,1.000000,0.257948
tournament,c6_r75m,6,75.000000,445,-0.014035,0.016101,0.199208,0.246113,0.821771,0.000306,0.001000,1.000000,1.000000,0.290879
tournament,c6_r75m,6,75.000000,446,0.361111,0.045418,0.162486,0.662196,0.797616,0.000528,0.004856,0.983333,0.998333,0.621333
tournament,c6_r75m,6,75.000000,447,0.000000,0.009753,0.246247,0.277446,0.647356,0.000389,0.001000,1.000000,1.000000,0.233023
tournament,c6_r150m,6,150.000000,400,0.166667,0.063419,0.344353,0.184684,0.634276,0.001889,0.001052,0.983333,0.988333,0.253749
tournament,c6_r75m,6,75.000000,442,0.300000,0.037580,0.317113,0.142291,0.635779,0.000389,0.001000,1.000000,1.000000,0.190910
tournament,c6_r150m,6,150.000000,402,0.022461,0.082884,0.435800,0.437601,0.682949,0.002917,0.006525,0.933333,0.978333,0.500901
tournament,c6_r150m,6,150.000000,401,0.013579,0.054504,0.489824,0.459026,0.632050,0.001750,0.005313,0.966667,0.980000,0.382964
tournament,c6_r75m,6,75.000000,438,0.083333,0.152595,0.246399,0.213714,0.522049,0.000444,0.001000,1.000000,1.000000,0.225940
tournament,c6_r150m,6,150.000000,403,0.134921,0.052999,0.274053,0.438943,0.399893,0.001139,0.002732,0.966667,0.980000,0.420633
tournament,c6_r75m,6,75.000000,441,0.026144,0.015370,0.579166,0.532909,0.611456,0.000889,0.001000,1.000000,1.000000,0.599624
tournament,c6_r150m,6,150.000000,406,0.074804,0.077268,0.220250,0.457826,0.805672,0.001028,0.001000,1.000000,0.985000,0.284391
tournament,c6_r75m,6,75.000000,444,0.000000,0.031048,0.362284,0.454299,0.229568,0.000167,0.001000,1.000000,1.000000,0.446149
tournament,c6_r150m,6,150.000000,407,0.127907,0.068381,0.327374,0.843556,0.738623,0.001056,0.001530,0.983333,0.983333,0.822482
tournament,c6_r150m,6,150.000000,408,0.166521,0.102877,0.441352,0.498768,0.559219,0.001278,0.001139,0.983333,0.981667,0.579115
tournament,c6_r150m,6,150.000000,409,0.245989,0.088552,0.550410,0.311025,0.610752,0.001389,0.004896,0.966667,0.978333,0.393124
tournament,c6_r75m,6,75.000000,448,-0.044118,0.004531,0.267957,0.157822,0.575523,0.000722,0.001000,1.000000,1.000000,0.116414
tournament,c6_r150m,6,150.000000,410,0.019196,0.064588,0.293710,0.379166,0.757177,0.001500,0.004509,0.966667,0.983333,0.405044
tournament,c6_r75m,6,75.000000,449,0.157895,0.049160,0.243112,0.651828,0.521587,0.000306,0.001000,1.000000,1.000000,0.661945
tournament,c6_r150m,6,150.000000,411,0.147436,0.069317,0.255585,0.243872,0.507277,0.001528,0.002071,0.983333,0.988333,0.311337
tournament,c6_r150m,6,150.000000,412,0.074580,0.052038,0.337666,0.444831,0.605904,0.000806,0.001000,1.000000,0.993333,0.384163
tournament,c6_r150m,6,150.000000,415,0.134725,0.137397,0.571225,0.320272,0.461690,0.001806,0.002324,0.966667,0.971667,0.376325
tournament,c6_r150m,6,150.000000,404,0.011628,0.057700,0.227748,0.392268,0.477457,0.001389,0.004757,0.983333,0.986667,0.487694
tournament,c6_r150m,6,150.000000,405,0.142491,0.132622,0.256053,0.805112,0.634359,0.001056,0.004997,0.966667,0.975000,0.856485
tournament,c6_r150m,6,150.000000,417,0.129223,0.111370,0.364665,0.534653,0.470642,0.001000,0.001734,0.966667,0.983333,0.341721
tournament,c6_r150m,6,150.000000,419,0.065411,0.002599,0.220223,0.254438,0.648355,0.001389,0.004878,0.983333,0.990000,0.259933
tournament,c6_r150m,6,150.000000,421,0.125926,0.083087,0.429178,0.224324,0.825837,0.000889,0.004813,0.983333,0.993333,0.306124
tournament,c6_r150m,6,150.000000,420,-0.002104,0.049304,0.212588,0.415944,0.595301,0.001278,0.001355,0.983333,0.993333,0.441111
tournament,c6_r150m,6,150.000000,423,-0.057796,0.063739,0.272880,0.541632,0.841433,0.001417,0.003228,0.983333,0.986667,0.413580
tournament,c6_r150m,6,150.000000,426,0.133948,0.138175,0.539736,0.488693,0.557667,0.001389,0.004791,0.983333,0.980000,0.531019
tournament,c6_r150m,6,150.000000,425,0.220674,0.080180,0.285072,0.320105,0.376762,0.001444,0.001000,1.000000,0.980000,0.292820
tournament,c6_r150m,6,150.000000,427,0.083908,0.078403,0.526973,0.314594,0.576581,0.001750,0.001000,1.000000,0.986667,0.263489
tournament,c6_r150m,6,150.000000,413,0.122678,0.074745,0.427624,0.290121,0.696608,0.001694,0.001511,0.983333,0.983333,0.330422
tournament,c6_r150m,6,150.000000,414,-0.040852,0.058635,0.358490,0.417284,0.382560,0.002167,0.007649,0.966667,0.976667,0.358391
tournament,c6_r150m,6,150.000000,416,0.131579,0.088391,0.403972,0.774439,0.840830,0.001028,0.004782,0.983333,0.991667,0.701387
tournament,c6_r150m,6,150.000000,431,0.061651,0.094618,0.663365,0.365033,0.576535,0.001333,0.004734,0.966667,0.976667,0.336943
tournament,c6_r150m,6,150.000000,430,0.060272,0.064976,0.281430,0.333900,0.546748,0.001917,0.004258,0.983333,0.981667,0.318976
tournament,c6_r150m,6,150.000000,418,0.024576,0.093588,0.166392,0.699105,0.621423,0.001944,0.001000,1.000000,0.980000,0.626291
tournament,c6_r150m,6,150.000000,432,0.189024,0.077260,0.615884,0.183313,0.805042,0.002111,0.004250,0.983333,0.985000,0.315820
tournament,c6_r150m,6,150.000000,433,0.127063,0.094242,0.432466,0.239511,0.722065,0.000917,0.001000,1.000000,0.986667,0.298067
tournament,c6_r150m,6,150.000000,434,0.046512,0.084340,0.247686,0.474235,0.660906,0.000944,0.001000,1.000000,0.980000,0.522447
tournament,c6_r150m,6,150.000000,422,0.314286,0.096592,0.452859,0.471674,0.693337,0.000861,0.004785,0.983333,0.985000,0.492950
tournament,c6_r150m,6,150.000000,435,0.008485,0.134442,0.710609,0.453216,0.579006,0.001278,0.004849,0.983333,0.983333,0.387159
tournament,c6_r150m,6,150.000000,424,0.150025,0.129763,0.373998,0.445666,0.443699,0.001472,0.001483,0.983333,0.980000,0.680162
tournament,c6_r150m,6,150.000000,436,0.047360,0.085145,0.672666,0.418684,0.692501,0.000972,0.001000,1.000000,0.985000,0.469452
tournament,c6_r150m,6,150.000000,437,0.015993,0.028975,0.118685,0.556698,0.307154,0.002528,0.011454,0.950000,0.983333,0.392644
tournament,c6_r150m,6,150.000000,429,0.116756,0.094919,0.331063,0.422641,0.527502,0.001806,0.001000,1.000000,0.983333,0.524005
tournament,c6_r150m,6,150.000000,428,-0.116935,0.063681,0.506737,0.512829,0.467942,0.001306,0.005392,0.950000,0.976667,0.407160
tournament,c6_r150m,6,150.000000,441,0.100000,0.059129,0.294301,0.522713,0.750074,0.000861,0.001000,1.000000,0.988333,0.519378
tournament,c6_r150m,6,150.000000,442,0.026319,0.053103,0.268862,0.396989,0.723347,0.002417,0.006497,0.966667,0.976667,0.386216
tournament,c6_r150m,6,150.000000,444,0.015208,-0.005276,0.158551,0.486461,0.762550,0.001972,0.004895,0.966667,0.988333,0.351787
tournament,c6_r150m,6,150.000000,445,-0.099359,0.064560,0.306748,0.687020,0.366709,0.000389,0.001000,1.000000,0.975000,0.739500
tournament,c6_r150m,6,150.000000,446,0.304075,0.063625,0.314892,0.233705,0.551547,0.001194,0.008134,0.966667,0.991667,0.253746
tournament,c6_r150m,6,150.000000,448,0.110063,0.052839,0.303883,0.498680,0.557709,0.001306,0.001000,1.000000,0.976667,0.375366
tournament,c6_r150m,6,150.000000,438,0.041414,0.116346,0.443236,0.638361,0.478133,0.003222,0.009446,0.950000,0.976667,0.663232
tournament,c6_r150m,6,150.000000,439,0.172477,0.079105,0.388292,0.332182,0.679581,0.001111,0.001000,1.000000,0.986667,0.322195
tournament,c6_r150m,6,150.000000,440,0.072787,0.055144,0.358922,0.349500,0.497064,0.001472,0.001000,1.000000,0.988333,0.420882
tournament,c6_r150m,6,150.000000,443,0.092841,0.053965,0.254423,0.347960,0.799843,0.001583,0.004537,0.983333,0.976667,0.313732
tournament,c6_r150m,6,150.000000,449,0.186905,0.110684,0.611451,0.789587,0.284846,0.001917,0.001000,1.000000,0.981667,0.666959
tournament,c6_r150m,6,150.000000,447,0.057561,0.121784,0.657815,0.398754,0.638020,0.001528,0.001000,1.000000,0.981667,0.502247
tournament,c6_r300m,6,300.000000,400,0.207348,0.188692,0.917786,0.904363,0.713071,0.202556,1.201233,0.000000,0.000000,0.897786
tournament,c6_r300m,6,300.000000,401,0.175292,0.184797,0.884491,0.857426,0.798667,0.194944,1.054282,0.000000,0.000000,0.884200
tournament,c6_r300m,6,300.000000,404,0.180356,0.189003,0.911096,0.897533,0.820375,0.210806,1.270363,0.000000,0.000000,0.905814
tournament,c6_r300m,6,300.000000,405,0.176768,0.169475,0.793630,0.911197,0.730237,0.206750,1.219184,0.000000,0.003333,0.889644
tournament,c6_r300m,6,300.000000,406,0.200389,0.183743,0.776398,0.927426,0.843861,0.199139,1.196565,0.000000,0.001667,0.900624
tournament,c6_r300m,6,300.000000,407,0.195587,0.182180,0.867147,0.897471,0.486662,0.198056,1.147101,0.000000,0.000000,0.894221
tournament,c6_r300m,6,300.000000,408,0.178652,0.186340,0.874798,0.894702,0.750564,0.215333,1.281629,0.000000,0.000000,0.895600
tournament,c6_r300m,6,300.000000,409,0.190931,0.190215,0.897238,0.888045,0.619674,0.210250,1.228242,0.000000,0.000000,0.875234
tournament,c6_r300m,6,300.000000,416,0.192944,0.192942,0.872637,0.929907,0.864076,0.216972,1.304422,0.000000,0.000000,0.890009
tournament,c6_r300m,6,300.000000,417,0.169266,0.174147,0.867940,0.914100,0.833223,0.207111,1.213280,0.000000,0.000000,0.884977
tournament,c6_r300m,6,300.000000,402,0.197614,0.187230,0.883844,0.898582,0.606104,0.210472,1.231127,0.000000,0.000000,0.907339
tournament,c6_r300m,6,300.000000,418,0.158769,0.171791,0.815072,0.913401,0.775282,0.195500,1.098138,0.000000,0.000000,0.890756
tournament,c6_r300m,6,300.000000,403,0.194404,0.192535,0.933374,0.887366,0.779611,0.202889,1.187855,0.000000,0.000000,0.876935
tournament,c6_r300m,6,300.000000,419,0.180539,0.176479,0.870379,0.878864,0.700037,0.198000,1.134281,0.000000,0.000000,0.894018
tournament,c6_r300m,6,300.000000,420,0.181563,0.179177,0.859936,0.913821,0.406546,0.204889,1.213658,0.000000,0.001667,0.907923
tournament,c6_r300m,6,300.000000,421,0.178483,0.178349,0.829070,0.874861,0.525458,0.203917,1.172318,0.000000,0.000000,0.878651
tournament,c6_r300m,6,300.000000,422,0.175642,0.182982,0.890600,0.890591,0.569849,0.208639,1.231414,0.000000,0.000000,0.882733
tournament,c6_r300m,6,300.000000,423,0.182878,0.179574,0.880582,0.914141,0.773060,0.209611,1.245454,0.000000,0.000000,0.882513
tournament,c6_r300m,6,300.000000,410,0.163800,0.177868,0.757057,0.900851,0.394583,0.198500,1.107595,0.000000,0.000000,0.878216
tournament,c6_r300m,6,300.000000,411,0.164539,0.176387,0.865949,0.923540,0.873587,0.212611,1.257119,0.000000,0.000000,0.892028
tournament,c6_r300m,6,300.000000,413,0.196163,0.188997,0.903002,0.874697,0.694696,0.210222,1.234561,0.000000,0.000000,0.867977
tournament,c6_r300m,6,300.000000,412,0.189530,0.190635,0.896035,0.932519,0.592348,0.208639,1.223968,0.000000,0.000000,0.892636
tournament,c6_r300m,6,300.000000,414,0.212560,0.191949,0.913221,0.901589,0.530306,0.208722,1.249263,0.000000,0.000000,0.909056
tournament,c6_r300m,6,300.000000,415,0.175354,0.188085,0.830546,0.892611,0.674488,0.203083,1.159056,0.000000,0.001667,0.898797
tournament,c6_r300m,6,300.000000,424,0.186985,0.187669,0.889312,0.899844,0.549320,0.207806,1.216513,0.000000,0.001667,0.916069
tournament,c6_r300m,6,300.000000,425,0.194122,0.190810,0.872929,0.856181,0.355411,0.205278,1.214484,0.000000,0.000000,0.898200
tournament,c6_r300m,6,300.000000,427,0.182319,0.182107,0.883916,0.902897,0.774212,0.196333,1.131314,0.000000,0.001667,0.897494
tournament,c6_r300m,6,300.000000,429,0.185363,0.186510,0.889427,0.912221,0.831507,0.212167,1.272063,0.000000,0.000000,0.895398
tournament,c6_r300m,6,300.000000,430,0.202002,0.186866,0.885439,0.876884,0.440489,0.209361,1.241083,0.000000,0.000000,0.890023
tournament,c6_r300m,6,300.000000,431,0.213084,0.188711,0.930596,0.895860,0.417338,0.205833,1.258982,0.000000,0.000000,0.901136
tournament,c6_r300m,6,300.000000,432,0.187164,0.177451,0.921383,0.935608,0.644694,0.205417,1.192093,0.000000,0.000000,0.891464
tournament,c6_r300m,6,300.000000,433,0.203113,0.190380,0.883144,0.868076,0.840589,0.200194,1.130614,0.000000,0.000000,0.885138
tournament,c6_r300m,6,300.000000,426,0.188193,0.188729,0.865043,0.955858,0.809912,0.213417,1.272222,0.000000,0.000000,0.916681
tournament,c6_r300m,6,300.000000,440,0.182065,0.185566,0.869923,0.914887,0.639191,0.209472,1.250908,0.000000,0.003333,0.884160
tournament,c6_r300m,6,300.000000,441,0.178345,0.183011,0.921366,0.883070,0.775128,0.210333,1.231334,0.000000,0.000000,0.890585
tournament,c6_r300m,6,300.000000,442,0.210926,0.187634,0.909427,0.928362,0.792317,0.213778,1.288343,0.000000,0.001667,0.910861
tournament,c6_r300m,6,300.000000,443,0.174247,0.178623,0.915891,0.879334,0.796818,0.201722,1.167478,0.000000,0.000000,0.910644
tournament,c6_r300m,6,300.000000,428,0.156456,0.182512,0.794716,0.882948,0.783902,0.212028,1.261696,0.000000,0.000000,0.870657
tournament,c6_r300m,6,300.000000,445,0.205068,0.199970,0.906111,0.920154,0.596755,0.204000,1.208697,0.000000,0.001667,0.907438
tournament,c6_r300m,6,300.000000,446,0.186155,0.175933,0.772115,0.914871,0.695849,0.202000,1.202722,0.000000,0.000000,0.888993
tournament,c6_r300m,6,300.000000,444,0.193674,0.186343,0.893377,0.925342,0.753764,0.215639,1.310159,0.000000,0.003333,0.893349
tournament,c6_r300m,6,300.000000,447,0.194880,0.192535,0.955186,0.912775,0.822805,0.206583,1.241130,0.000000,0.000000,0.897259
tournament,c6_r300m,6,300.000000,435,0.194094,0.181702,0.852120,0.876277,0.680500,0.207028,1.225770,0.000000,0.000000,0.835171
tournament,c6_r300m,6,300.000000,434,0.181890,0.185885,0.918207,0.917027,0.629492,0.216778,1.312232,0.000000,0.000000,0.888480
tournament,c6_r300m,6,300.000000,436,0.177418,0.174979,0.767615,0.908373,0.597751,0.196000,1.081052,0.000000,0.000000,0.905391
tournament,c6_r300m,6,300.000000,439,0.189257,0.181465,0.864158,0.884472,0.798769,0.206028,1.219130,0.000000,0.000000,0.887468
tournament,c6_r300m,6,300.000000,437,0.191020,0.187183,0.910735,0.892677,0.763363,0.209417,1.232394,0.000000,0.000000,0.895993
tournament,c6_r300m,6,300.000000,438,0.181875,0.182373,0.820057,0.901814,0.733503,0.203167,1.178650,0.000000,0.003333,0.894266
tournament,c6_r300m,6,300.000000,449,0.192862,0.180438,0.875402,0.895490,0.755070,0.210361,1.250045,0.000000,0.003333,0.884778
tournament,c6_r600m,6,600.000000,400,0.268168,0.248226,0.925255,0.898418,0.826776,0.423389,3.884327,0.000000,0.000000,0.900946
tournament,c6_r600m,6,600.000000,401,0.233937,0.221760,0.816643,0.897778,0.519163,0.420722,3.848932,0.000000,0.000000,0.905450
tournament,c6_r600m,6,600.000000,405,0.222867,0.236779,0.861538,0.926764,0.319621,0.414056,3.759151,0.000000,0.000000,0.904936
tournament,c6_r600m,6,600.000000,406,0.252693,0.234139,0.896479,0.933130,0.690807,0.431694,3.964679,0.000000,0.000000,0.910195
tournament,c6_r600m,6,600.000000,404,0.246232,0.230312,0.844898,0.925657,0.761740,0.427389,3.909875,0.000000,0.000000,0.912579
tournament,c6_r600m,6,600.000000,402,0.212647,0.227938,0.891690,0.884878,0.822877,0.414306,3.759575,0.000000,0.000000,0.885878
tournament,c6_r600m,6,600.000000,407,0.222537,0.227312,0.835133,0.947369,0.481235,0.430806,3.949683,0.000000,0.000000,0.911026
tournament,c6_r600m,6,600.000000,411,0.221396,0.229985,0.913974,0.931895,0.365316,0.423389,3.868577,0.000000,0.000000,0.906354
tournament,c6_r300m,6,300.000000,448,0.164139,0.191094,0.779045,0.920712,0.731932,0.205500,1.187806,0.000000,0.000000,0.902897
tournament,c6_r600m,6,600.000000,412,0.243257,0.225687,0.865764,0.903728,0.600840,0.419972,3.838721,0.000000,0.000000,0.908712
tournament,c6_r600m,6,600.000000,414,0.224369,0.230601,0.911529,0.917982,0.921209,0.424694,3.879377,0.000000,0.000000,0.887779
tournament,c6_r600m,6,600.000000,415,0.242763,0.230308,0.872290,0.913997,0.839826,0.412389,3.741431,0.000000,0.000000,0.914338
tournament,c6_r600m,6,600.000000,403,0.232255,0.225979,0.870821,0.859792,0.920481,0.411306,3.722243,0.000000,0.000000,0.891869
tournament,c6_r600m,6,600.000000,416,0.258770,0.230849,0.803240,0.929531,0.882467,0.426000,3.911556,0.000000,0.000000,0.920611
tournament,c6_r600m,6,600.000000,409,0.228880,0.232606,0.782030,0.919908,0.752952,0.418861,3.808076,0.000000,0.000000,0.877382
tournament,c6_r600m,6,600.000000,417,0.240732,0.232332,0.917764,0.937465,0.890560,0.425528,3.913093,0.000000,0.000000,0.899161
tournament,c6_r600m,6,600.000000,410,0.221428,0.229428,0.887201,0.899343,0.863961,0.421917,3.857518,0.000000,0.000000,0.906423
tournament,c6_r600m,6,600.000000,419,0.226228,0.233542,0.840807,0.897893,0.813599,0.420194,3.814034,0.000000,0.000000,0.899979
tournament,c6_r600m,6,600.000000,420,0.236791,0.228194,0.904081,0.887352,0.692581,0.420861,3.842361,0.000000,0.000000,0.901482
tournament,c6_r600m,6,600.000000,418,0.236114,0.240232,0.931060,0.900069,0.465680,0.428611,3.926428,0.000000,0.000000,0.906427
tournament,c6_r600m,6,600.000000,408,0.232441,0.227940,0.879513,0.892120,0.793664,0.424111,3.892470,0.000000,0.000000,0.897638
tournament,c6_r600m,6,600.000000,421,0.231651,0.239386,0.933714,0.922707,0.327327,0.432028,3.953655,0.000000,0.000000,0.909361
tournament,c6_r600m,6,600.000000,413,0.238424,0.241708,0.930020,0.917113,0.428904,0.433417,3.983624,0.000000,0.000000,0.898373
tournament,c6_r600m,6,600.000000,422,0.230819,0.231929,0.813150,0.923798,0.754690,0.422861,3.860734,0.000000,0.000000,0.915643
tournament,c6_r600m,6,600.000000,424,0.237001,0.227862,0.863599,0.933083,0.833103,0.433611,3.983407,0.000000,0.000000,0.903963
tournament,c6_r600m,6,600.000000,425,0.240034,0.234410,0.873196,0.906280,0.778357,0.424250,3.872699,0.000000,0.000000,0.900836
tournament,c6_r600m,6,600.000000,426,0.209873,0.224686,0.889122,0.944761,0.831656,0.434278,4.004659,0.000000,0.000000,0.888231
tournament,c6_r600m,6,600.000000,428,0.239351,0.235274,0.878479,0.934257,0.705320,0.428917,3.924778,0.000000,0.000000,0.916967
tournament,c6_r600m,6,600.000000,430,0.216387,0.233221,0.890815,0.900031,0.330411,0.428528,3.946738,0.000000,0.000000,0.906168
tournament,c6_r600m,6,600.000000,432,0.221405,0.235153,0.896493,0.936799,0.674271,0.430444,3.934252,0.000000,0.000000,0.912324
tournament,c6_r600m,6,600.000000,433,0.236404,0.235979,0.901024,0.917064,0.772640,0.423944,3.875714,0.000000,0.000000,0.897718
tournament,c6_r600m,6,600.000000,434,0.252503,0.238128,0.892474,0.898187,0.821705,0.423417,3.871684,0.000000,0.000000,0.899849
tournament,c6_r600m,6,600.000000,436,0.225390,0.231024,0.858627,0.940932,0.743100,0.431222,3.948114,0.000000,0.000000,0.919909
tournament,c6_r600m,6,600.000000,423,0.230744,0.233696,0.890900,0.935310,0.704787,0.424389,3.890702,0.000000,0.000000,0.903934
tournament,c6_r600m,6,600.000000,438,0.227385,0.232480,0.932580,0.922380,0.651302,0.426250,3.915060,0.000000,0.000000,0.917517
tournament,c6_r600m,6,600.000000,439,0.225697,0.223236,0.896083,0.885964,0.713318,0.417000,3.766059,0.000000,0.000000,0.901001
tournament,c6_r600m,6,600.000000,440,0.222972,0.227144,0.851285,0.913784,0.654836,0.412944,3.738170,0.000000,0.000000,0.911568
tournament,c8_r15m,8,15.000000,400,0.000000,0.000000,0.443030,0.214698,0.634653,0.000028,0.001000,1.000000,1.000000,0.000000
tournament,c6_r600m,6,600.000000,427,0.205954,0.233282,0.834962,0.912958,0.696946,0.418611,3.798336,0.000000,0.000000,0.887033
tournament,c6_r600m,6,600.000000,442,0.238430,0.232143,0.879194,0.939856,0.727666,0.430639,3.958047,0.000000,0.000000,0.882600
tournament,c6_r600m,6,600.000000,429,0.236166,0.234878,0.880305,0.905584,0.486620,0.421750,3.839107,0.000000,0.000000,0.905895
tournament,c6_r600m,6,600.000000,431,0.237198,0.235508,0.900575,0.909116,0.394885,0.426056,3.907843,0.000000,0.000000,0.893939
tournament,c6_r600m,6,600.000000,441,0.211684,0.218068,0.809654,0.906806,0.511647,0.417944,3.806164,0.000000,0.000000,0.903569
tournament,c8_r15m,8,15.000000,401,0.000000,0.000000,0.520248,0.413991,0.189740,0.000083,0.001000,1.000000,1.000000,0.000000
tournament,c6_r600m,6,600.000000,443,0.216410,0.224603,0.893900,0.911874,0.589823,0.428889,3.937944,0.000000,0.000000,0.915653
tournament,c6_r600m,6,600.000000,435,0.226496,0.238242,0.847323,0.918562,0.578011,0.410028,3.743380,0.000000,0.000000,0.900539
tournament,c6_r600m,6,600.000000,445,0.221961,0.229635,0.864530,0.908566,0.520566,0.419083,3.806523,0.000000,0.000000,0.884728
tournament,c6_r600m,6,600.000000,446,0.230418,0.235714,0.896572,0.910653,0.869617,0.432111,3.968077,0.000000,0.000000,0.907127
tournament,c6_r600m,6,600.000000,444,0.242922,0.232669,0.913003,0.960490,0.619738,0.433778,3.992947,0.000000,0.000000,0.919121
tournament,c6_r600m,6,600.000000,447,0.243881,0.217422,0.850457,0.925633,0.843050,0.406528,3.685176,0.000000,0.000000,0.913753
tournament,c6_r600m,6,600.000000,437,0.232801,0.236601,0.843173,0.954302,0.411858,0.416306,3.783740,0.000000,0.000000,0.905468
tournament,c8_r15m,8,15.000000,402,0.000000,0.000000,0.159660,0.213555,0.794932,0.000000,0.001000,1.000000,1.000000,0.000000
tournament,c8_r15m,8,15.000000,404,0.000000,0.000000,0.123350,0.132262,0.808975,0.000056,0.001000,1.000000,1.000000,0.000000
tournament,c8_r15m,8,15.000000,407,0.000000,0.000000,0.860352,0.150931,0.495538,0.000083,0.001000,1.000000,1.000000,0.000000
tournament,c8_r15m,8,15.000000,408,0.000000,0.000000,0.231509,0.562637,0.681930,0.000111,0.001000,1.000000,1.000000,0.000000
tournament,c8_r15m,8,15.000000,409,0.000000,0.000000,0.216333,0.353752,0.622921,0.000083,0.001000,1.000000,1.000000,0.000000
tournament,c6_r600m,6,600.000000,449,0.237949,0.234606,0.884477,0.937238,0.448964,0.430444,3.960154,0.000000,0.000000,0.914760
tournament,c8_r15m,8,15.000000,411,0.000000,0.000000,0.584575,0.397972,0.643278,0.000083,0.001000,1.000000,1.000000,0.000000
tournament,c8_r15m,8,15.000000,412,0.000000,0.000000,0.665661,0.652229,0.610453,0.000028,0.001000,1.000000,1.000000,0.000000
tournament,c8_r15m,8,15.000000,413,0.000000,0.000000,0.239955,0.462617,0.526872,0.000083,0.001000,1.000000,1.000000,0.000000
tournament,c8_r15m,8,15.000000,414,0.000000,0.000000,0.514542,0.582311,0.337248,0.000056,0.001000,1.000000,1.000000,0.000000
tournament,c8_r15m,8,15.000000,416,0.000000,0.033333,0.145487,0.273074,0.532191,0.000056,0.001000,1.000000,1.000000,0.030000
tournament,c8_r15m,8,15.000000,417,0.000000,0.000000,0.285377,0.770471,0.435300,0.000028,0.001000,1.000000,1.000000,0.100000
tournament,c8_r15m,8,15.000000,403,0.000000,0.000000,0.485566,0.292091,0.624597,0.000083,0.001000,1.000000,1.000000,0.000000
tournament,c8_r15m,8,15.000000,405,0.000000,0.000000,0.603493,0.316870,0.538135,0.000056,0.001000,1.000000,1.000000,0.000000
tournament,c8_r15m,8,15.000000,406,0.000000,0.000000,0.301129,0.398900,0.612824,0.000111,0.001000,1.000000,1.000000,0.012500
tournament,c8_r15m,8,15.000000,418,0.000000,0.000000,0.603720,0.153878,0.559563,0.000028,0.001000,1.000000,1.000000,0.000000
tournament,c8_r15m,8,15.000000,420,0.000000,0.000000,0.439338,0.767124,0.539170,0.000028,0.001000,1.000000,1.000000,0.000000
tournament,c8_r15m,8,15.000000,419,0.000000,0.000000,0.263898,0.795422,0.707803,0.000083,0.001000,1.000000,1.000000,0.000000
tournament,c8_r15m,8,15.000000,421,0.000000,0.000000,0.419532,0.306559,0.305207,0.000056,0.001000,1.000000,1.000000,0.000000
tournament,c8_r15m,8,15.000000,422,0.000000,0.000000,0.293135,0.563784,0.568611,0.000056,0.001000,1.000000,1.000000,0.100000
tournament,c8_r15m,8,15.000000,410,0.000000,0.033333,0.222232,0.679696,0.727146,0.000139,0.001000,1.000000,1.000000,0.132857
tournament,c8_r15m,8,15.000000,424,0.000000,0.000000,0.313394,0.396606,0.727320,0.000083,0.001000,1.000000,1.000000,0.000000
tournament,c8_r15m,8,15.000000,425,0.000000,0.000000,0.556841,0.270924,0.562150,0.000056,0.001000,1.000000,1.000000,0.000000
tournament,c8_r15m,8,15.000000,415,0.000000,0.000000,0.472938,0.379359,0.270281,0.000278,0.001000,1.000000,1.000000,0.000000
tournament,c8_r15m,8,15.000000,426,0.000000,0.000000,0.188466,0.675399,0.539040,0.000028,0.001000,1.000000,1.000000,0.050000
tournament,c8_r15m,8,15.000000,423,0.000000,0.000000,0.648393,0.235675,0.684979,0.000000,0.001000,1.000000,1.000000,0.000000
tournament,c8_r15m,8,15.000000,432,0.000000,0.000000,0.179628,0.311209,0.692237,0.000000,0.001000,1.000000,1.000000,0.000000
tournament,c8_r15m,8,15.000000,433,0.000000,0.000000,0.224717,0.375955,0.885243,0.000000,0.001000,1.000000,1.000000,0.000000
tournament,c8_r15m,8,15.000000,431,0.000000,0.000000,0.203439,0.241786,0.695306,0.000083,0.001000,1.000000,1.000000,0.000000
tournament,c6_r600m,6,600.000000,448,0.252436,0.233238,0.820145,0.909846,0.812259,0.424250,3.875329,0.000000,0.000000,0.911985
tournament,c8_r15m,8,15.000000,434,0.000000,0.000000,0.330793,0.716344,0.683542,0.000028,0.001000,1.000000,1.000000,0.044444
tournament,c8_r15m,8,15.000000,437,0.000000,0.000000,0.214282,0.370875,0.784901,0.000139,0.001000,1.000000,1.000000,0.000000
tournament,c8_r15m,8,15.000000,435,0.000000,0.019048,0.549698,0.179787,0.778203,0.000056,0.001000,1.000000,1.000000,0.030000
tournament,c8_r15m,8,15.000000,438,0.000000,0.000000,0.447454,0.448675,0.685171,0.000056,0.001000,1.000000,1.000000,0.000000
tournament,c8_r15m,8,15.000000,440,0.000000,0.000000,0.263089,0.447101,0.707295,0.000194,0.001000,1.000000,1.000000,0.050000
tournament,c8_r15m,8,15.000000,427,0.000000,0.000000,0.430455,0.182034,0.702943,0.000083,0.001000,1.000000,1.000000,0.000000
tournament,c8_r15m,8,15.000000,428,0.000000,0.000000,0.337305,0.750195,0.694458,0.000083,0.001000,1.000000,1.000000,0.080000
tournament,c8_r15m,8,15.000000,442,0.000000,0.000000,0.223037,0.818723,0.653930,0.000000,0.001000,1.000000,1.000000,0.000000
tournament,c8_r15m,8,15.000000,429,0.000000,0.000000,0.216555,0.222803,0.732405,0.000139,0.001000,1.000000,1.000000,0.040000
tournament,c8_r15m,8,15.000000,430,0.000000,0.000000,0.170493,0.324119,0.763543,0.000056,0.001000,1.000000,1.000000,0.000000
tournament,c8_r15m,8,15.000000,443,0.000000,0.000000,0.453728,0.646755,0.690282,0.000111,0.001000,1.000000,1.000000,0.000000
tournament,c8_r15m,8,15.000000,446,0.000000,0.000000,0.678425,0.397942,0.588158,0.000056,0.001000,1.000000,1.000000,0.000000
tournament,c8_r15m,8,15.000000,444,0.000000,0.000000,0.166302,0.468867,0.684322,0.000278,0.001000,1.000000,1.000000,0.000000
tournament,c8_r15m,8,15.000000,447,0.000000,0.000000,0.641968,0.348498,0.800135,0.000111,0.001000,1.000000,1.000000,0.000000
tournament,c8_r15m,8,15.000000,448,0.000000,0.000000,0.329895,0.411916,0.526891,0.000111,0.001000,1.000000,1.000000,0.025000
tournament,c8_r15m,8,15.000000,449,0.000000,0.000000,0.262999,0.449152,0.607065,0.000139,0.001000,1.000000,1.000000,0.000000
tournament,c8_r15m,8,15.000000,436,0.000000,0.000000,0.294655,0.439919,0.496044,0.000111,0.001000,1.000000,1.000000,0.010000
tournament,c8_r37.5m,8,37.500000,400,0.000000,0.060238,0.504719,0.627022,0.773499,0.000250,0.001000,1.000000,1.000000,0.443868
tournament,c8_r15m,8,15.000000,439,0.000000,0.000000,0.266614,0.189308,0.675634,0.000083,0.001000,1.000000,1.000000,0.000000
tournament,c8_r15m,8,15.000000,441,0.000000,0.000000,0.540845,0.635864,0.769062,0.000000,0.001000,1.000000,1.000000,0.000000
tournament,c8_r37.5m,8,37.500000,403,0.000000,-0.033333,0.170397,0.690209,0.815187,0.000111,0.001000,1.000000,1.000000,0.445228
tournament,c8_r37.5m,8,37.500000,406,0.000000,0.016667,0.178509,0.314896,0.418873,0.000306,0.001000,1.000000,1.000000,0.204960
tournament,c8_r15m,8,15.000000,445,0.000000,0.000000,0.278128,0.178268,0.675278,0.000056,0.001000,1.000000,1.000000,0.000000
tournament,c8_r37.5m,8,37.500000,407,0.000000,-0.012132,0.233215,0.240367,0.536139,0.000083,0.001000,1.000000,1.000000,0.260278
tournament,c8_r37.5m,8,37.500000,409,0.000000,-0.017361,0.101847,0.204428,0.700754,0.000139,0.001000,1.000000,1.000000,0.201080
tournament,c8_r37.5m,8,37.500000,410,0.100000,0.094286,0.787707,0.545822,0.402374,0.000083,0.001000,1.000000,1.000000,0.331608
tournament,c8_r37.5m,8,37.500000,411,0.000000,0.025641,0.508299,0.308700,0.846599,0.000000,0.001000,1.000000,1.000000,0.269301
tournament,c8_r37.5m,8,37.500000,413,0.000000,0.000000,0.438148,0.824317,0.606932,0.000222,0.001000,1.000000,1.000000,0.188889
tournament,c8_r37.5m,8,37.500000,401,0.000000,0.033333,0.764276,0.253576,0.359953,0.000333,0.001000,1.000000,1.000000,0.221951
tournament,c8_r37.5m,8,37.500000,416,0.000000,-0.014286,0.779564,0.234465,0.410325,0.000167,0.001000,1.000000,1.000000,0.096549
tournament,c8_r37.5m,8,37.500000,417,0.000000,0.000000,0.531953,0.272371,0.585518,0.000139,0.001000,1.000000,1.000000,0.203991
tournament,c8_r37.5m,8,37.500000,402,0.500000,0.070070,0.777152,0.461300,0.593127,0.000472,0.001000,1.000000,1.000000,0.294731
tournament,c8_r37.5m,8,37.500000,405,0.047619,0.020644,0.275788,0.529858,0.646417,0.000139,0.001000,1.000000,1.000000,0.358336
tournament,c8_r37.5m,8,37.500000,404,0.000000,0.011111,0.356800,0.558359,0.611432,0.000167,0.001000,1.000000,1.000000,0.606461
tournament,c8_r37.5m,8,37.500000,408,0.000000,0.030000,0.650586,0.308021,0.622936,0.000028,0.001000,1.000000,1.000000,0.230887
tournament,c8_r37.5m,8,37.500000,419,0.000000,0.000000,0.553873,0.400695,0.655153,0.000361,0.001000,1.000000,1.000000,0.227298
tournament,c8_r37.5m,8,37.500000,420,0.000000,-0.011111,0.450413,0.241971,0.407516,0.000056,0.001000,1.000000,1.000000,0.101667
tournament,c8_r37.5m,8,37.500000,421,0.000000,0.100000,0.357282,0.596100,0.827719,0.000000,0.001000,1.000000,1.000000,0.341071
tournament,c8_r37.5m,8,37.500000,423,0.000000,-0.003333,0.271495,0.644104,0.796547,0.000139,0.001000,1.000000,1.000000,0.434493
tournament,c8_r37.5m,8,37.500000,422,0.000000,-0.007763,0.155790,0.296458,0.529365,0.000111,0.001000,1.000000,1.000000,0.119061
tournament,c8_r37.5m,8,37.500000,412,0.000000,-0.005000,0.333587,0.503164,0.281039,0.000139,0.001000,1.000000,1.000000,0.079710
tournament,c8_r37.5m,8,37.500000,414,-0.250000,-0.048333,0.358228,0.187232,0.649838,0.000333,0.001000,1.000000,1.000000,0.112671
tournament,c8_r37.5m,8,37.500000,425,0.000000,0.000000,0.319955,0.198203,0.585978,0.000167,0.001000,1.000000,1.000000,0.228372
tournament,c8_r37.5m,8,37.500000,415,0.200000,0.020000,0.712803,0.647289,0.357849,0.000250,0.001000,1.000000,1.000000,0.377850
tournament,c8_r37.5m,8,37.500000,426,0.000000,0.031667,0.269173,0.265789,0.642717,0.000194,0.001000,1.000000,1.000000,0.190631
tournament,c8_r37.5m,8,37.500000,431,0.000000,0.000000,0.516673,0.376681,0.702865,0.000167,0.001000,1.000000,1.000000,0.312857
tournament,c8_r37.5m,8,37.500000,418,0.000000,-0.008333,0.371804,0.203256,0.816539,0.000194,0.001000,1.000000,1.000000,0.163731
tournament,c8_r37.5m,8,37.500000,432,0.250000,-0.001716,0.295811,0.331780,0.774253,0.000167,0.001000,1.000000,1.000000,0.345963
tournament,c8_r37.5m,8,37.500000,434,0.000000,0.048333,0.355638,0.268839,0.564978,0.000194,0.001000,1.000000,1.000000,0.173267
tournament,c8_r37.5m,8,37.500000,430,0.000000,0.009524,0.371268,0.449985,0.684601,0.000111,0.001000,1.000000,1.000000,0.573788
tournament,c8_r37.5m,8,37.500000,435,0.250000,0.050000,0.514781,0.210282,0.834038,0.000194,0.001000,1.000000,1.000000,0.084057
tournament,c8_r37.5m,8,37.500000,424,0.000000,0.000000,0.210692,0.361953,0.289665,0.000194,0.001000,1.000000,1.000000,0.191111
tournament,c8_r37.5m,8,37.500000,433,0.000000,0.008333,0.637219,0.677373,0.299594,0.000083,0.001000,1.000000,1.000000,0.546589
tournament,c8_r37.5m,8,37.500000,438,0.000000,-0.009091,0.337061,0.268636,0.743589,0.000194,0.001000,1.000000,1.000000,0.177857
tournament,c8_r37.5m,8,37.500000,429,0.000000,0.006667,0.351634,0.203467,0.342898,0.000194,0.001000,1.000000,1.000000,0.147676
tournament,c8_r37.5m,8,37.500000,440,0.000000,0.020609,0.610740,0.557932,0.711928,0.000167,0.001000,1.000000,1.000000,0.472738
tournament,c8_r37.5m,8,37.500000,428,0.000000,0.000000,0.279572,0.284240,0.845278,0.000167,0.001000,1.000000,1.000000,0.170371
tournament,c8_r37.5m,8,37.500000,427,0.000000,-0.004878,0.402178,0.173921,0.511924,0.000250,0.001000,1.000000,1.000000,0.134846
tournament,c8_r37.5m,8,37.500000,441,0.000000,0.064286,0.527132,0.455613,0.796967,0.000222,0.001000,1.000000,1.000000,0.401503
tournament,c8_r37.5m,8,37.500000,443,0.000000,-0.005556,0.857850,0.520071,0.275885,0.000194,0.001000,1.000000,1.000000,0.430051
tournament,c8_r37.5m,8,37.500000,444,0.000000,0.000549,0.522839,0.208791,0.472968,0.000333,0.001000,1.000000,1.000000,0.081694
tournament,c8_r37.5m,8,37.500000,445,0.000000,0.000000,0.253514,0.334972,0.745654,0.000361,0.001000,1.000000,1.000000,0.257618
tournament,c8_r37.5m,8,37.500000,437,0.000000,0.050946,0.242431,0.713052,0.391573,0.000167,0.001000,1.000000,1.000000,0.551505
tournament,c8_r37.5m,8,37.500000,436,0.000000,0.000000,0.279333,0.144220,0.700559,0.000056,0.001000,1.000000,1.000000,0.080556
tournament,c8_r37.5m,8,37.500000,446,0.000000,0.000000,0.338623,0.266076,0.771622,0.000083,0.001000,1.000000,1.000000,0.332707
tournament,c8_r37.5m,8,37.500000,449,0.000000,-0.011569,0.582285,0.750157,0.865877,0.000194,0.001000,1.000000,1.000000,0.633303
tournament,c8_r75m,8,75.000000,401,-0.016667,0.013566,0.367834,0.289310,0.813283,0.000528,0.001000,1.000000,1.000000,0.269148
tournament,c8_r37.5m,8,37.500000,439,0.000000,0.058333,0.385458,0.699173,0.614010,0.000306,0.001000,1.000000,1.000000,0.376914
tournament,c8_r75m,8,75.000000,400,-0.018868,0.006018,0.443715,0.452536,0.345077,0.001139,0.001000,1.000000,1.000000,0.331356
tournament,c8_r75m,8,75.000000,405,0.000000,0.040777,0.286249,0.600285,0.500939,0.000222,0.001000,1.000000,1.000000,0.751298
tournament,c8_r75m,8,75.000000,404,0.181818,0.051738,0.337559,0.503339,0.484248,0.000250,0.001000,1.000000,1.000000,0.371084
tournament,c8_r37.5m,8,37.500000,442,0.000000,0.000000,0.241274,0.753004,0.639635,0.000222,0.001000,1.000000,1.000000,0.378182
tournament,c8_r75m,8,75.000000,406,0.250000,0.090329,0.476961,0.526829,0.393156,0.000444,0.001000,1.000000,1.000000,0.542203
tournament,c8_r75m,8,75.000000,407,0.014205,0.024922,0.179205,0.471705,0.379049,0.000389,0.001000,1.000000,1.000000,0.411578
tournament,c8_r75m,8,75.000000,410,0.037736,0.026315,0.195747,0.780148,0.813746,0.000444,0.001000,1.000000,1.000000,0.781740
tournament,c8_r37.5m,8,37.500000,448,-0.100000,-0.010000,0.238220,0.413202,0.794271,0.000250,0.001000,1.000000,1.000000,0.289577
tournament,c8_r37.5m,8,37.500000,447,0.000000,0.012319,0.468507,0.381729,0.763861,0.000417,0.001000,1.000000,1.000000,0.282917
tournament,c8_r75m,8,75.000000,411,-0.045455,0.054292,0.402510,0.451393,0.795348,0.000556,0.001000,1.000000,0.998333,0.389948
tournament,c8_r75m,8,75.000000,412,-0.045455,-0.003902,0.543151,0.104585,0.781705,0.000389,0.001000,1.000000,0.998333,0.124997
tournament,c8_r75m,8,75.000000,402,0.070848,0.067429,0.785484,0.312145,0.297412,0.000583,0.001000,1.000000,1.000000,0.327796
tournament,c8_r75m,8,75.000000,403,0.125000,0.047775,0.542649,0.293723,0.799337,0.000389,0.001000,1.000000,1.000000,0.258554
tournament,c8_r75m,8,75.000000,415,-0.015556,0.025643,0.199492,0.748888,0.710149,0.000528,0.001000,1.000000,1.000000,0.570731
tournament,c8_r75m,8,75.000000,416,0.000000,0.100047,0.615396,0.229163,0.719338,0.000222,0.001000,1.000000,1.000000,0.264830
tournament,c8_r75m,8,75.000000,409,-0.020408,0.106202,0.464411,0.160750,0.755106,0.000417,0.001000,1.000000,1.000000,0.138767
tournament,c8_r75m,8,75.000000,420,0.000000,0.023468,0.420124,0.560553,0.682607,0.000278,0.001000,1.000000,0.998333,0.466909
tournament,c8_r75m,8,75.000000,419,0.160000,0.045609,0.465229,0.561921,0.595994,0.000639,0.001000,1.000000,1.000000,0.642236
tournament,c8_r75m,8,75.000000,414,-0.015873,0.100087,0.334708,0.198220,0.712100,0.000667,0.001000,1.000000,0.996667,0.286694
tournament,c8_r75m,8,75.000000,418,0.028571,0.096066,0.613911,0.313913,0.631850,0.000750,0.001000,1.000000,1.000000,0.242130
tournament,c8_r75m,8,75.000000,408,0.111111,0.059161,0.620207,0.596066,0.766883,0.000222,0.001000,1.000000,1.000000,0.593413
tournament,c8_r75m,8,75.000000,423,0.000000,0.000366,0.279829,0.386538,0.595262,0.000250,0.001000,1.000000,1.000000,0.380896
tournament,c8_r75m,8,75.000000,421,-0.044782,0.023446,0.252301,0.327294,0.523842,0.000778,0.001425,0.983333,0.998333,0.235051
tournament,c8_r75m,8,75.000000,413,0.000000,0.044351,0.485521,0.320498,0.629927,0.000472,0.001000,1.000000,1.000000,0.273565
tournament,c8_r75m,8,75.000000,424,0.000000,0.095947,0.373868,0.357387,0.522349,0.000306,0.001000,1.000000,1.000000,0.413742
tournament,c8_r75m,8,75.000000,427,-0.006349,0.088521,0.249312,0.410150,0.641778,0.000806,0.001000,1.000000,0.998333,0.464774
tournament,c8_r75m,8,75.000000,417,0.000000,0.054515,0.731409,0.350951,0.805232,0.000083,0.001000,1.000000,0.996667,0.355419
tournament,c8_r75m,8,75.000000,428,-0.037037,0.016359,0.242977,0.528356,0.729136,0.000667,0.001000,1.000000,1.000000,0.577056
tournament,c8_r75m,8,75.000000,430,-0.047619,0.177979,0.569855,0.179127,0.346956,0.000306,0.001000,1.000000,1.000000,0.126297
tournament,c8_r75m,8,75.000000,429,0.000000,0.048630,0.351857,0.303589,0.622215,0.000361,0.001000,1.000000,0.998333,0.239211
tournament,c8_r75m,8,75.000000,431,-0.044776,0.032521,0.177413,0.339910,0.580902,0.000917,0.001000,1.000000,1.000000,0.246480
tournament,c8_r75m,8,75.000000,433,-0.010870,0.028989,0.171922,0.172981,0.681839,0.000722,0.001000,1.000000,1.000000,0.303152
tournament,c8_r75m,8,75.000000,432,-0.162698,0.020914,0.510429,0.446194,0.423073,0.000889,0.004842,0.983333,0.998333,0.351190
tournament,c8_r75m,8,75.000000,435,0.000000,0.019051,0.497773,0.279199,0.444621,0.000417,0.001000,1.000000,1.000000,0.239910
tournament,c8_r75m,8,75.000000,422,0.090909,0.047396,0.448612,0.127816,0.491933,0.000389,0.001000,1.000000,1.000000,0.200232
tournament,c8_r75m,8,75.000000,436,0.038889,0.044611,0.488419,0.507874,0.728826,0.000556,0.001000,1.000000,1.000000,0.391009
tournament,c8_r75m,8,75.000000,438,0.038462,0.017063,0.144001,0.475004,0.719974,0.000278,0.001000,1.000000,1.000000,0.532443
tournament,c8_r75m,8,75.000000,425,-0.038462,0.024937,0.466975,0.549174,0.688033,0.000333,0.001000,1.000000,1.000000,0.519982
tournament,c8_r75m,8,75.000000,426,-0.018519,0.033309,0.386722,0.282467,0.321732,0.000528,0.001000,1.000000,1.000000,0.354460
tournament,c8_r75m,8,75.000000,439,0.130435,0.065913,0.369073,0.530455,0.825234,0.000556,0.001000,1.000000,1.000000,0.430916
tournament,c8_r75m,8,75.000000,441,0.022222,0.059571,0.569126,0.296944,0.671397,0.000389,0.001000,1.000000,0.996667,0.412130
tournament,c8_r75m,8,75.000000,442,0.103261,0.010650,0.311171,0.308206,0.534510,0.000417,0.001000,1.000000,1.000000,0.277081
tournament,c8_r75m,8,75.000000,443,0.000000,0.002372,0.204552,0.317189,0.878446,0.000444,0.001000,1.000000,0.998333,0.289176
tournament,c8_r75m,8,75.000000,434,0.083333,0.021805,0.518563,0.335229,0.863977,0.000500,0.001000,1.000000,1.000000,0.476503
tournament,c8_r75m,8,75.000000,445,0.000000,0.064090,0.289284,0.152752,0.608306,0.000444,0.001000,1.000000,1.000000,0.177994
tournament,c8_r75m,8,75.000000,444,0.000000,-0.000760,0.348413,0.559661,0.707091,0.000278,0.001000,1.000000,1.000000,0.612397
tournament,c8_r75m,8,75.000000,447,0.083333,0.020695,0.319016,0.395921,0.880040,0.000444,0.001000,1.000000,1.000000,0.407282
tournament,c8_r75m,8,75.000000,446,-0.035714,0.032541,0.388242,0.359889,0.544537,0.000389,0.001000,1.000000,1.000000,0.252159
tournament,c8_r75m,8,75.000000,437,0.000000,0.045102,0.472022,0.621835,0.542489,0.000333,0.001000,1.000000,1.000000,0.487665
tournament,c8_r75m,8,75.000000,440,0.000000,0.058065,0.274519,0.500155,0.452358,0.000528,0.001000,1.000000,1.000000,0.476386
tournament,c8_r75m,8,75.000000,449,-0.035714,0.071292,0.651306,0.206348,0.568051,0.000278,0.001000,1.000000,1.000000,0.232620
tournament,c8_r150m,8,150.000000,400,0.124115,0.113723,0.727124,0.821165,0.846253,0.036861,0.060030,0.716667,0.820000,0.774636
tournament,c8_r150m,8,150.000000,405,-0.033333,0.046052,0.188908,0.191064,0.274810,0.001083,0.002041,0.983333,0.981667,0.295642
tournament,c8_r150m,8,150.000000,404,0.097285,0.098246,0.624941,0.355878,0.613871,0.005028,0.005293,0.966667,0.968333,0.431323
tournament,c8_r150m,8,150.000000,403,0.058248,0.044209,0.256437,0.560523,0.638618,0.003611,0.001200,0.983333,0.968333,0.589103
tournament,c8_r150m,8,150.000000,408,0.062431,0.100334,0.563197,0.290904,0.348577,0.002222,0.001618,0.966667,0.981667,0.378412
tournament,c8_r150m,8,150.000000,406,-0.003759,0.020510,0.093733,0.197203,0.820494,0.002611,0.007254,0.933333,0.968333,0.246653
tournament,c8_r75m,8,75.000000,448,0.153846,0.070996,0.356721,0.364925,0.566946,0.000694,0.001000,1.000000,1.000000,0.433569
tournament,c8_r150m,8,150.000000,401,0.066648,0.098835,0.485842,0.654122,0.678486,0.005472,0.003287,0.966667,0.935000,0.784918
tournament,c8_r150m,8,150.000000,410,0.130105,0.125160,0.868235,0.909660,0.419272,0.112028,0.199101,0.266667,0.313333,0.896154
tournament,c8_r150m,8,150.000000,413,0.150965,0.140609,0.509579,0.360313,0.606765,0.003250,0.005700,0.966667,0.960000,0.374812
tournament,c8_r150m,8,150.000000,402,0.111284,0.114438,0.806505,0.917108,0.769612,0.104056,0.166342,0.350000,0.428333,0.870656
tournament,c8_r150m,8,150.000000,409,0.111123,0.111601,0.442872,0.749964,0.463069,0.019750,0.025611,0.816667,0.913333,0.777420
tournament,c8_r150m,8,150.000000,411,0.084082,0.082530,0.324879,0.859783,0.700712,0.011361,0.007503,0.900000,0.926667,0.768706
tournament,c8_r150m,8,150.000000,417,0.014023,0.090279,0.265294,0.709033,0.348844,0.002583,0.002903,0.983333,0.973333,0.591782
tournament,c8_r150m,8,150.000000,418,0.038828,0.049139,0.379470,0.625958,0.763541,0.002639,0.003406,0.983333,0.981667,0.458687
tournament,c8_r150m,8,150.000000,419,0.170604,0.058815,0.384558,0.212588,0.619177,0.001944,0.003294,0.983333,0.981667,0.234493
tournament,c8_r150m,8,150.000000,420,0.025499,0.088444,0.468784,0.177460,0.725878,0.001361,0.001000,1.000000,0.981667,0.237060
tournament,c8_r150m,8,150.000000,407,0.126747,0.120459,0.878578,0.888534,0.497716,0.103417,0.149766,0.516667,0.413333,0.873404
tournament,c8_r150m,8,150.000000,412,-0.017098,0.166993,0.769002,0.523559,0.361721,0.004278,0.009535,0.950000,0.955000,0.494717
tournament,c8_r150m,8,150.000000,416,0.055752,0.087821,0.317573,0.498713,0.582153,0.001111,0.001726,0.983333,0.983333,0.413018
tournament,c8_r150m,8,150.000000,423,0.089531,0.115270,0.665351,0.816929,0.494903,0.055667,0.055288,0.583333,0.756667,0.786192
tournament,c8_r150m,8,150.000000,424,0.117193,0.118214,0.455320,0.825500,0.516075,0.029667,0.042527,0.750000,0.876667,0.849000
tournament,c8_r150m,8,150.000000,414,0.064642,0.057989,0.147046,0.312608,0.409543,0.001306,0.001000,1.000000,0.993333,0.249543
tournament,c8_r150m,8,150.000000,415,0.137681,0.116300,0.704685,0.804422,0.532235,0.051833,0.089827,0.616667,0.836667,0.797095
tournament,c8_r150m,8,150.000000,430,0.118443,0.107210,0.463915,0.546075,0.592711,0.003361,0.005254,0.950000,0.961667,0.498078
tournament,c8_r150m,8,150.000000,429,0.108983,0.116545,0.819668,0.871964,0.814216,0.088278,0.118325,0.383333,0.655000,0.859786
tournament,c8_r150m,8,150.000000,431,0.049962,0.071814,0.561547,0.361037,0.261167,0.002806,0.004233,0.983333,0.975000,0.353475
tournament,c8_r150m,8,150.000000,421,0.086818,0.095000,0.210194,0.539515,0.447921,0.001278,0.003526,0.983333,0.981667,0.587096
tournament,c8_r150m,8,150.000000,435,0.116329,0.113491,0.461837,0.217867,0.502268,0.001778,0.005822,0.966667,0.986667,0.209967
tournament,c8_r150m,8,150.000000,422,0.044847,0.123652,0.397445,0.733913,0.426639,0.003139,0.001700,0.983333,0.951667,0.785735
tournament,c8_r150m,8,150.000000,436,0.225359,0.070730,0.613189,0.434685,0.701250,0.002333,0.007408,0.966667,0.983333,0.358864
tournament,c8_r150m,8,150.000000,425,0.118182,0.110075,0.424842,0.142689,0.788261,0.003028,0.006508,0.966667,0.978333,0.122628
tournament,c8_r150m,8,150.000000,428,0.058099,0.118967,0.346072,0.154941,0.466037,0.002583,0.003547,0.983333,0.983333,0.226109
tournament,c8_r150m,8,150.000000,427,0.076210,0.030929,0.259912,0.459203,0.802838,0.003417,0.005160,0.933333,0.963333,0.481472
tournament,c8_r150m,8,150.000000,426,0.111025,0.119169,0.840457,0.824197,0.817211,0.095000,0.129062,0.416667,0.550000,0.739768
tournament,c8_r150m,8,150.000000,440,-0.004057,0.116370,0.347928,0.242355,0.487216,0.002222,0.012570,0.950000,0.970000,0.312852
tournament,c8_r150m,8,150.000000,441,0.122832,0.069234,0.245668,0.632813,0.787736,0.001722,0.005629,0.966667,0.976667,0.654890
tournament,c8_r150m,8,150.000000,439,-0.113836,0.086442,0.265490,0.503720,0.649128,0.003472,0.010545,0.950000,0.960000,0.648681
tournament,c8_r150m,8,150.000000,443,0.086018,0.110291,0.331710,0.522146,0.769886,0.006444,0.009663,0.916667,0.931667,0.625012
tournament,c8_r150m,8,150.000000,433,0.072727,0.131341,0.648570,0.602143,0.629177,0.000944,0.001000,1.000000,0.978333,0.488868
tournament,c8_r150m,8,150.000000,434,0.056205,0.098031,0.461686,0.502407,0.784207,0.001500,0.001000,1.000000,0.961667,0.490089
tournament,c8_r150m,8,150.000000,432,0.120739,0.114326,0.873438,0.838327,0.599476,0.096444,0.142226,0.366667,0.440000,0.764527
tournament,c8_r150m,8,150.000000,445,0.086667,0.095860,0.538792,0.341259,0.486263,0.001333,0.001349,0.983333,0.978333,0.295372
tournament,c8_r150m,8,150.000000,437,0.109732,0.058047,0.178931,0.710424,0.247400,0.001583,0.004681,0.983333,0.973333,0.648596
tournament,c8_r150m,8,150.000000,447,0.044790,0.102032,0.699462,0.226620,0.812658,0.001694,0.002401,0.983333,0.971667,0.369371
tournament,c8_r150m,8,150.000000,438,0.003443,0.063989,0.403621,0.360921,0.745348,0.001028,0.001000,1.000000,0.971667,0.371993
tournament,c8_r150m,8,150.000000,442,0.135449,0.087289,0.358306,0.566975,0.817006,0.008583,0.016072,0.916667,0.958333,0.578598
tournament,c8_r150m,8,150.000000,444,0.129604,0.059348,0.299011,0.617875,0.351434,0.002056,0.004858,0.983333,0.973333,0.621951
tournament,c8_r150m,8,150.000000,446,0.041758,0.065020,0.373152,0.326322,0.705804,0.002250,0.004867,0.983333,0.958333,0.361926
tournament,c8_r150m,8,150.000000,448,0.060047,0.083766,0.571999,0.302457,0.482424,0.001222,0.001000,1.000000,0.970000,0.300028
tournament,c8_r150m,8,150.000000,449,0.132536,0.124968,0.944775,0.802651,0.691047,0.090389,0.119815,0.400000,0.561667,0.822102
tournament,c8_r300m,8,300.000000,401,0.176902,0.169236,0.870312,0.912462,0.625057,0.251750,1.777093,0.000000,0.000000,0.901387
tournament,c8_r300m,8,300.000000,402,0.145416,0.176627,0.859868,0.907492,0.331554,0.239056,1.640783,0.000000,0.000000,0.878828
tournament,c8_r300m,8,300.000000,403,0.179341,0.180276,0.887960,0.931060,0.471011,0.260028,1.851240,0.000000,0.000000,0.893101
tournament,c8_r300m,8,300.000000,407,0.190363,0.176437,0.840554,0.906459,0.689453,0.258389,1.836076,0.000000,0.000000,0.899633
tournament,c8_r300m,8,300.000000,400,0.176472,0.180972,0.892893,0.905924,0.564572,0.268250,1.953598,0.000000,0.000000,0.874405
tournament,c8_r300m,8,300.000000,406,0.167034,0.171495,0.896367,0.930729,0.755455,0.259583,1.838226,0.000000,0.000000,0.906122
tournament,c8_r300m,8,300.000000,416,0.171632,0.173910,0.865612,0.949107,0.762241,0.259917,1.867578,0.000000,0.000000,0.893399
tournament,c8_r300m,8,300.000000,417,0.172892,0.179508,0.904079,0.931611,0.467119,0.266917,1.921942,0.000000,0.000000,0.891427
tournament,c8_r300m,8,300.000000,404,0.171705,0.172546,0.905624,0.901232,0.801570,0.260111,1.865515,0.000000,0.000000,0.873899
tournament,c8_r300m,8,300.000000,418,0.179036,0.171001,0.851118,0.883110,0.637693,0.245833,1.725150,0.000000,0.000000,0.877383
tournament,c8_r300m,8,300.000000,405,0.177563,0.171193,0.879598,0.914371,0.868275,0.263889,1.915721,0.000000,0.000000,0.912519
tournament,c8_r300m,8,300.000000,408,0.170695,0.173289,0.855019,0.938651,0.793548,0.256889,1.800796,0.000000,0.000000,0.900158
tournament,c8_r300m,8,300.000000,409,0.188163,0.173427,0.896530,0.930499,0.831579,0.262806,1.884777,0.000000,0.000000,0.915138
tournament,c8_r300m,8,300.000000,419,0.184842,0.171358,0.912622,0.921041,0.821522,0.262194,1.915355,0.000000,0.000000,0.884023
tournament,c8_r300m,8,300.000000,411,0.189972,0.184894,0.863516,0.902922,0.508385,0.257528,1.818880,0.000000,0.000000,0.890583
tournament,c8_r300m,8,300.000000,410,0.178220,0.180782,0.876994,0.931229,0.574497,0.259778,1.854593,0.000000,0.000000,0.904216
tournament,c8_r300m,8,300.000000,412,0.171223,0.176524,0.892741,0.941107,0.781763,0.260444,1.866715,0.000000,0.000000,0.921910
tournament,c8_r300m,8,300.000000,413,0.186619,0.182164,0.917175,0.938194,0.572555,0.260000,1.870050,0.000000,0.000000,0.896742
tournament,c8_r300m,8,300.000000,414,0.179565,0.178114,0.878849,0.930641,0.570378,0.260028,1.850301,0.000000,0.000000,0.904902
tournament,c8_r300m,8,300.000000,415,0.180474,0.178376,0.879048,0.915279,0.677926,0.258111,1.845838,0.000000,0.000000,0.909747
tournament,c8_r300m,8,300.000000,423,0.171414,0.179528,0.945979,0.921963,0.846963,0.256083,1.844664,0.000000,0.000000,0.891015
tournament,c8_r300m,8,300.000000,422,0.161034,0.177861,0.911295,0.912487,0.375480,0.249944,1.747030,0.000000,0.000000,0.894154
tournament,c8_r300m,8,300.000000,425,0.164235,0.165643,0.790162,0.914868,0.750069,0.253806,1.790764,0.000000,0.000000,0.891278
tournament,c8_r300m,8,300.000000,420,0.180620,0.166046,0.910096,0.911710,0.643670,0.260167,1.866663,0.000000,0.000000,0.906707
tournament,c8_r300m,8,300.000000,421,0.170817,0.173760,0.829050,0.912371,0.684616,0.259361,1.854007,0.000000,0.000000,0.908814
tournament,c8_r300m,8,300.000000,429,0.169046,0.175268,0.941124,0.929754,0.720645,0.251167,1.775804,0.000000,0.000000,0.907449
tournament,c8_r300m,8,300.000000,426,0.179927,0.179424,0.939664,0.896562,0.860411,0.250500,1.734079,0.000000,0.000000,0.892978
tournament,c8_r300m,8,300.000000,436,0.163784,0.173513,0.891102,0.896274,0.761398,0.251972,1.760644,0.000000,0.000000,0.882572
tournament,c8_r300m,8,300.000000,424,0.178480,0.174407,0.867607,0.894977,0.892021,0.259000,1.844141,0.000000,0.000000,0.901221
tournament,c8_r300m,8,300.000000,438,0.178422,0.176233,0.878790,0.876115,0.843307,0.258222,1.862646,0.000000,0.000000,0.868245
tournament,c8_r300m,8,300.000000,428,0.190124,0.171906,0.811790,0.903520,0.585788,0.255639,1.825883,0.000000,0.000000,0.904802
tournament,c8_r300m,8,300.000000,427,0.178629,0.179161,0.855634,0.897719,0.744248,0.255333,1.822514,0.000000,0.000000,0.894745
tournament,c8_r300m,8,300.000000,437,0.160538,0.176731,0.895447,0.886704,0.588773,0.264139,1.885496,0.000000,0.000000,0.906494
tournament,c8_r300m,8,300.000000,431,0.183264,0.186831,0.931401,0.889732,0.311058,0.255944,1.819469,0.000000,0.000000,0.891865
tournament,c8_r300m,8,300.000000,432,0.194047,0.184165,0.911127,0.920408,0.644614,0.270333,1.979072,0.000000,0.000000,0.867086
tournament,c8_r300m,8,300.000000,430,0.182840,0.183595,0.872677,0.898167,0.897655,0.255611,1.824917,0.000000,0.000000,0.887691
tournament,c8_r300m,8,300.000000,433,0.205104,0.183377,0.916392,0.926923,0.387535,0.263917,1.912216,0.000000,0.000000,0.913478
tournament,c8_r300m,8,300.000000,434,0.165078,0.166393,0.897160,0.913488,0.695737,0.245944,1.732720,0.000000,0.000000,0.905682
tournament,c8_r300m,8,300.000000,435,0.187321,0.176306,0.920068,0.930844,0.714888,0.263667,1.916895,0.000000,0.000000,0.876502
tournament,c8_r300m,8,300.000000,443,0.178746,0.180346,0.856772,0.908665,0.517820,0.251694,1.775844,0.000000,0.000000,0.889548
tournament,c8_r300m,8,300.000000,445,0.168830,0.169942,0.891728,0.948467,0.605140,0.255861,1.814246,0.000000,0.000000,0.902864
tournament,c8_r300m,8,300.000000,448,0.175241,0.178369,0.897177,0.905949,0.689271,0.272056,1.990750,0.000000,0.000000,0.896337
tournament,c8_r300m,8,300.000000,439,0.165636,0.178120,0.909099,0.892800,0.583642,0.252667,1.800391,0.000000,0.000000,0.893906
tournament,c8_r300m,8,300.000000,440,0.172996,0.176064,0.904791,0.887300,0.889206,0.263889,1.892861,0.000000,0.000000,0.890679
tournament,c8_r300m,8,300.000000,442,0.171640,0.177546,0.821706,0.897868,0.703452,0.260889,1.872373,0.000000,0.000000,0.893358
tournament,c8_r300m,8,300.000000,441,0.150026,0.175306,0.898099,0.919475,0.499721,0.253694,1.775791,0.000000,0.000000,0.909252
tournament,c8_r300m,8,300.000000,444,0.189966,0.183294,0.921723,0.921079,0.463916,0.259417,1.864131,0.000000,0.000000,0.868615
tournament,c8_r300m,8,300.000000,446,0.214297,0.181475,0.900865,0.919338,0.597153,0.256000,1.836617,0.000000,0.000000,0.891143
tournament,c8_r300m,8,300.000000,447,0.153057,0.170095,0.848471,0.925123,0.750866,0.252417,1.781284,0.000000,0.000000,0.906352
tournament,c8_r300m,8,300.000000,449,0.168716,0.170361,0.866480,0.930528,0.878059,0.260472,1.854870,0.000000,0.000000,0.886841
tournament,c8_r600m,8,600.000000,406,0.228736,0.217160,0.899154,0.958495,0.574607,0.507778,4.898477,0.000000,0.000000,0.921195
tournament,c8_r600m,8,600.000000,405,0.226260,0.212399,0.870097,0.946743,0.719864,0.492111,4.727695,0.000000,0.000000,0.911908
tournament,c8_r600m,8,600.000000,407,0.213353,0.212474,0.932714,0.925244,0.546316,0.505972,4.894973,0.000000,0.000000,0.901946
tournament,c8_r600m,8,600.000000,400,0.217790,0.214441,0.876964,0.947207,0.403167,0.502806,4.855610,0.000000,0.000000,0.910025
tournament,c8_r600m,8,600.000000,401,0.203201,0.205689,0.822996,0.917979,0.773816,0.507167,4.911201,0.000000,0.000000,0.918571
tournament,c8_r600m,8,600.000000,402,0.208382,0.219150,0.889501,0.883543,0.867240,0.502889,4.846872,0.000000,0.000000,0.885553
tournament,c8_r600m,8,600.000000,403,0.217638,0.202293,0.874681,0.930564,0.769005,0.495500,4.766266,0.000000,0.000000,0.902174
tournament,c8_r600m,8,600.000000,404,0.226864,0.206950,0.877582,0.899091,0.852091,0.496500,4.793993,0.000000,0.000000,0.902542
tournament,c8_r600m,8,600.000000,417,0.201471,0.206382,0.851953,0.919931,0.755624,0.490472,4.704131,0.000000,0.000000,0.915500
tournament,c8_r600m,8,600.000000,416,0.202086,0.209472,0.852135,0.932754,0.781393,0.504917,4.871126,0.000000,0.000000,0.911680
tournament,c8_r600m,8,600.000000,408,0.214827,0.216712,0.896906,0.922176,0.714875,0.501500,4.834037,0.000000,0.000000,0.902260
tournament,c8_r600m,8,600.000000,418,0.193756,0.210853,0.869507,0.897666,0.620291,0.496361,4.768998,0.000000,0.000000,0.904373
tournament,c8_r600m,8,600.000000,409,0.225634,0.216301,0.923450,0.933310,0.828492,0.493222,4.735974,0.000000,0.000000,0.913263
tournament,c8_r600m,8,600.000000,410,0.211959,0.206278,0.875091,0.908359,0.706330,0.504694,4.876610,0.000000,0.000000,0.899075
tournament,c8_r600m,8,600.000000,411,0.206737,0.211472,0.907679,0.942130,0.380293,0.491972,4.725158,0.000000,0.000000,0.904896
tournament,c8_r600m,8,600.000000,412,0.205900,0.202524,0.867179,0.923602,0.526679,0.493917,4.733249,0.000000,0.000000,0.901579
tournament,c8_r600m,8,600.000000,413,0.196547,0.210418,0.865641,0.898596,0.447107,0.490444,4.701345,0.000000,0.000000,0.880879
tournament,c8_r600m,8,600.000000,414,0.217190,0.202018,0.866693,0.927429,0.656244,0.506472,4.882497,0.000000,0.000000,0.913927
tournament,c8_r600m,8,600.000000,415,0.211492,0.208836,0.822008,0.908066,0.510090,0.501361,4.842413,0.000000,0.000000,0.906325
tournament,c8_r600m,8,600.000000,424,0.209970,0.206877,0.857261,0.886628,0.692844,0.500500,4.842282,0.000000,0.000000,0.898740
tournament,c8_r600m,8,600.000000,425,0.206191,0.215669,0.892323,0.938855,0.536553,0.496972,4.781969,0.000000,0.000000,0.917674
tournament,c8_r600m,8,600.000000,426,0.222805,0.204130,0.819026,0.904052,0.551607,0.496694,4.775926,0.000000,0.000000,0.875015
tournament,c8_r600m,8,600.000000,427,0.217270,0.210654,0.882554,0.904056,0.802723,0.498500,4.781079,0.000000,0.000000,0.914539
tournament,c8_r600m,8,600.000000,419,0.206910,0.214981,0.875620,0.957664,0.742636,0.505167,4.872223,0.000000,0.000000,0.912651
tournament,c8_r600m,8,600.000000,420,0.200724,0.207908,0.786100,0.947543,0.755195,0.505167,4.898198,0.000000,0.000000,0.907024
tournament,c8_r600m,8,600.000000,421,0.207564,0.211219,0.810507,0.931325,0.840356,0.506472,4.906719,0.000000,0.000000,0.910520
tournament,c8_r600m,8,600.000000,422,0.213028,0.219175,0.890126,0.921701,0.593161,0.513556,4.985741,0.000000,0.000000,0.898841
tournament,c8_r600m,8,600.000000,423,0.202592,0.206021,0.949356,0.910553,0.692266,0.510389,4.944112,0.000000,0.000000,0.906723
tournament,c8_r600m,8,600.000000,436,0.218824,0.215769,0.898419,0.916148,0.816700,0.499972,4.832794,0.000000,0.000000,0.910623
tournament,c8_r600m,8,600.000000,437,0.216865,0.213012,0.896736,0.931610,0.873373,0.502083,4.837558,0.000000,0.000000,0.904209
tournament,c8_r600m,8,600.000000,438,0.208844,0.206748,0.841194,0.889416,0.696879,0.489806,4.684562,0.000000,0.000000,0.879595
tournament,c8_r600m,8,600.000000,428,0.191731,0.207285,0.905917,0.913494,0.702483,0.489222,4.684215,0.000000,0.000000,0.902494
tournament,c8_r600m,8,600.000000,429,0.223317,0.216883,0.910502,0.920005,0.658867,0.517417,5.008044,0.000000,0.000000,0.903765
tournament,c8_r600m,8,600.000000,430,0.202242,0.213334,0.865730,0.936446,0.755072,0.509611,4.933948,0.000000,0.000000,0.890571
tournament,c8_r600m,8,600.000000,431,0.209854,0.208344,0.870173,0.912962,0.875706,0.508444,4.917280,0.000000,0.000000,0.887736
tournament,c8_r600m,8,600.000000,435,0.201573,0.208276,0.874541,0.931141,0.572939,0.509833,4.934486,0.000000,0.000000,0.886220
tournament,c8_r600m,8,600.000000,433,0.216602,0.213776,0.898062,0.915320,0.831464,0.503778,4.855506,0.000000,0.000000,0.895832
tournament,c8_r600m,8,600.000000,432,0.188773,0.200919,0.763128,0.929211,0.490480,0.498611,4.809339,0.000000,0.000000,0.902537
tournament,c8_r600m,8,600.000000,434,0.204357,0.207797,0.855340,0.919640,0.769369,0.490583,4.719016,0.000000,0.000000,0.901798
tournament,c8_r600m,8,600.000000,444,0.207223,0.211388,0.835497,0.922273,0.778808,0.504556,4.868979,0.000000,0.000000,0.878044
tournament,c8_r600m,8,600.000000,439,0.197073,0.198319,0.872200,0.919858,0.775088,0.489750,4.722742,0.000000,0.000000,0.889932
tournament,c8_r600m,8,600.000000,445,0.199812,0.207013,0.822731,0.925824,0.647763,0.497333,4.768574,0.000000,0.000000,0.906321
tournament,c8_r600m,8,600.000000,446,0.201447,0.206133,0.883024,0.913865,0.810599,0.505083,4.876094,0.000000,0.000000,0.907074
tournament,c8_r600m,8,600.000000,440,0.205888,0.206567,0.830542,0.925723,0.787201,0.508750,4.908615,0.000000,0.000000,0.881017
tournament,c12_r15m,12,15.000000,400,0.000000,0.000000,0.320302,0.381536,0.572084,0.000111,0.001000,1.000000,1.000000,0.000000
tournament,c12_r15m,12,15.000000,401,0.000000,0.000000,0.462653,0.488065,0.481140,0.000250,0.001000,1.000000,1.000000,0.100000
tournament,c12_r15m,12,15.000000,402,0.000000,0.000000,0.212241,0.411197,0.175822,0.000056,0.001000,1.000000,1.000000,0.000000
tournament,c12_r15m,12,15.000000,405,0.000000,0.000000,0.107259,0.101275,0.413094,0.000139,0.001000,1.000000,1.000000,0.000000
tournament,c12_r15m,12,15.000000,403,0.000000,0.000000,0.381911,0.134410,0.883093,0.000139,0.001000,1.000000,1.000000,0.000000
tournament,c8_r600m,8,600.000000,441,0.207151,0.208607,0.869365,0.959684,0.726218,0.505750,4.888757,0.000000,0.000000,0.913412
tournament,c8_r600m,8,600.000000,442,0.212394,0.216221,0.896530,0.919737,0.540135,0.491444,4.726903,0.000000,0.000000,0.912372
tournament,c12_r15m,12,15.000000,407,0.000000,0.000000,0.228649,0.553671,0.698693,0.000222,0.001000,1.000000,1.000000,0.000000
tournament,c12_r15m,12,15.000000,404,0.000000,0.000000,0.530329,0.548977,0.673061,0.000194,0.001000,1.000000,1.000000,0.187500
tournament,c12_r15m,12,15.000000,408,0.000000,0.000000,0.308397,0.362740,0.574741,0.000111,0.001000,1.000000,1.000000,0.000000
tournament,c8_r600m,8,600.000000,443,0.202401,0.211634,0.838954,0.964317,0.734839,0.512167,4.956512,0.000000,0.000000,0.918344
tournament,c12_r15m,12,15.000000,413,0.000000,0.000000,0.376192,0.167662,0.797904,0.000111,0.001000,1.000000,1.000000,0.000000
tournament,c12_r15m,12,15.000000,406,0.000000,0.000000,0.441720,0.670149,0.220268,0.000278,0.001000,1.000000,1.000000,0.066667
tournament,c12_r15m,12,15.000000,417,0.000000,0.000000,0.804268,0.554076,0.767895,0.000056,0.001000,1.000000,1.000000,0.000000
tournament,c12_r15m,12,15.000000,419,0.000000,0.000000,0.255158,0.212496,0.802494,0.000194,0.001000,1.000000,1.000000,0.000000
tournament,c12_r15m,12,15.000000,409,0.000000,0.000000,0.205666,0.329371,0.728212,0.000111,0.001000,1.000000,1.000000,0.000000
tournament,c12_r15m,12,15.000000,410,0.000000,0.000000,0.262969,0.158652,0.837800,0.000083,0.001000,1.000000,1.000000,0.000000
tournament,c12_r15m,12,15.000000,421,0.000000,0.000000,0.120633,0.265509,0.930192,0.000000,0.001000,1.000000,1.000000,0.000000
tournament,c12_r15m,12,15.000000,411,0.000000,0.000000,0.304710,0.307032,0.240021,0.000056,0.001000,1.000000,1.000000,0.066667
tournament,c12_r15m,12,15.000000,412,0.000000,0.000000,0.486602,0.586922,0.776088,0.000111,0.001000,1.000000,1.000000,0.137374
tournament,c12_r15m,12,15.000000,414,0.000000,0.000000,0.346635,0.276610,0.477473,0.000111,0.001000,1.000000,1.000000,0.100000
tournament,c12_r15m,12,15.000000,415,0.000000,0.000000,0.744098,0.612627,0.731042,0.000194,0.001000,1.000000,1.000000,0.000000
tournament,c12_r15m,12,15.000000,423,0.000000,0.000000,0.174409,0.171646,0.596562,0.000028,0.001000,1.000000,1.000000,0.000000
tournament,c12_r15m,12,15.000000,416,0.000000,0.000000,0.439847,0.208015,0.403623,0.000083,0.001000,1.000000,1.000000,0.000000
tournament,c8_r600m,8,600.000000,448,0.216989,0.212678,0.917191,0.903397,0.632036,0.510694,4.947823,0.000000,0.000000,0.908892
tournament,c12_r15m,12,15.000000,418,0.000000,0.000000,0.239554,0.335413,0.740720,0.000222,0.001000,1.000000,1.000000,0.033333
tournament,c8_r600m,8,600.000000,447,0.209274,0.211037,0.874536,0.923140,0.831322,0.507139,4.897697,0.000000,0.000000,0.911323
tournament,c12_r15m,12,15.000000,424,0.000000,0.000000,0.321138,0.226884,0.809727,0.000222,0.001000,1.000000,1.000000,0.000000
tournament,c8_r600m,8,600.000000,449,0.186592,0.205955,0.872851,0.933588,0.902797,0.500139,4.805820,0.000000,0.000000,0.907322
tournament,c12_r15m,12,15.000000,420,0.000000,0.000000,0.594353,0.434203,0.580895,0.000083,0.001000,1.000000,1.000000,0.000000
tournament,c12_r15m,12,15.000000,427,0.000000,0.000000,0.615079,0.308751,0.490289,0.000083,0.001000,1.000000,1.000000,0.000000
tournament,c12_r15m,12,15.000000,422,0.000000,0.000000,0.293450,0.629858,0.695393,0.000111,0.001000,1.000000,1.000000,0.000000
tournament,c12_r15m,12,15.000000,432,0.000000,0.000000,0.378299,0.232249,0.678579,0.000111,0.001000,1.000000,1.000000,0.016667
tournament,c12_r15m,12,15.000000,437,0.000000,0.000000,0.257221,0.640664,0.426445,0.000111,0.001000,1.000000,1.000000,0.100000
tournament,c12_r15m,12,15.000000,425,0.000000,0.000000,0.335719,0.587183,0.631112,0.000056,0.001000,1.000000,1.000000,0.000000
tournament,c12_r15m,12,15.000000,440,0.000000,0.000000,0.236562,0.496875,0.557681,0.000000,0.001000,1.000000,1.000000,0.000000
tournament,c12_r15m,12,15.000000,426,0.000000,0.000000,0.289357,0.399713,0.627539,0.000167,0.001000,1.000000,1.000000,0.085714
tournament,c12_r15m,12,15.000000,428,0.000000,0.000000,0.440023,0.742754,0.685419,0.000056,0.001000,1.000000,1.000000,0.000000
tournament,c12_r15m,12,15.000000,429,0.000000,0.000000,0.265531,0.821333,0.655485,0.000222,0.001000,1.000000,1.000000,0.000000
tournament,c12_r15m,12,15.000000,430,0.000000,0.000000,0.417644,0.458279,0.801541,0.000194,0.001000,1.000000,1.000000,0.133333
tournament,c12_r15m,12,15.000000,442,0.000000,0.000000,0.189024,0.577056,0.550849,0.000222,0.001000,1.000000,1.000000,0.000000
tournament,c12_r15m,12,15.000000,431,0.000000,0.000000,0.401226,0.362788,0.702935,0.000194,0.001000,1.000000,1.000000,0.000000
tournament,c12_r15m,12,15.000000,433,0.000000,0.000000,0.539360,0.183570,0.778193,0.000083,0.001000,1.000000,1.000000,0.022222
tournament,c12_r15m,12,15.000000,434,0.000000,0.000000,0.335748,0.272380,0.529898,0.000028,0.001000,1.000000,1.000000,0.033333
tournament,c12_r15m,12,15.000000,436,0.000000,0.000000,0.289758,0.317102,0.657293,0.000028,0.001000,1.000000,1.000000,0.000000
tournament,c12_r15m,12,15.000000,435,0.000000,0.000000,0.251003,0.563467,0.593162,0.000056,0.001000,1.000000,1.000000,0.000000
tournament,c12_r15m,12,15.000000,443,0.000000,0.000000,0.197614,0.262146,0.355839,0.000139,0.001000,1.000000,1.000000,0.000000
tournament,c12_r15m,12,15.000000,438,0.000000,0.000000,0.347424,0.362946,0.602228,0.000194,0.001000,1.000000,1.000000,0.000000
tournament,c12_r15m,12,15.000000,439,0.000000,0.000000,0.216076,0.414213,0.680347,0.000167,0.001000,1.000000,1.000000,0.080000
tournament,c12_r15m,12,15.000000,445,0.000000,0.000000,0.367354,0.285548,0.358356,0.000056,0.001000,1.000000,1.000000,0.000000
tournament,c12_r15m,12,15.000000,441,0.000000,0.000000,0.352739,0.562116,0.696761,0.000056,0.001000,1.000000,1.000000,0.177778
tournament,c12_r37.5m,12,37.500000,400,0.000000,0.009375,0.243284,0.625846,0.782720,0.000083,0.001000,1.000000,1.000000,0.461972
tournament,c12_r37.5m,12,37.500000,406,0.000000,0.066667,0.471213,0.645878,0.800393,0.000194,0.001000,1.000000,1.000000,0.425417
tournament,c12_r15m,12,15.000000,444,0.000000,0.000000,0.743665,0.307873,0.672631,0.000222,0.001000,1.000000,1.000000,0.000000
tournament,c12_r37.5m,12,37.500000,409,0.041667,0.033887,0.184619,0.470943,0.602281,0.000583,0.001000,1.000000,1.000000,0.755274
tournament,c12_r15m,12,15.000000,446,0.000000,0.000000,0.603730,0.748998,0.766394,0.000167,0.001000,1.000000,1.000000,0.133333
tournament,c12_r37.5m,12,37.500000,402,0.000000,-0.019242,0.327603,0.571985,0.268537,0.000222,0.001000,1.000000,1.000000,0.437790
tournament,c12_r15m,12,15.000000,447,0.000000,0.000000,0.330403,0.523909,0.379772,0.000083,0.001000,1.000000,1.000000,0.000000
tournament,c12_r15m,12,15.000000,448,0.000000,0.000000,0.540996,0.256564,0.800630,0.000111,0.001000,1.000000,1.000000,0.060000
tournament,c12_r37.5m,12,37.500000,411,0.000000,0.022549,0.351142,0.687504,0.466722,0.000278,0.001000,1.000000,1.000000,0.587677
tournament,c12_r15m,12,15.000000,449,0.000000,0.000000,0.677360,0.173762,0.485695,0.000083,0.001000,1.000000,1.000000,0.100000
tournament,c12_r37.5m,12,37.500000,401,0.000000,-0.005882,0.223141,0.244627,0.731144,0.000361,0.001000,1.000000,1.000000,0.094214
tournament,c12_r37.5m,12,37.500000,403,0.000000,0.050000,0.258823,0.319193,0.546297,0.000417,0.001000,1.000000,1.000000,0.454288
tournament,c12_r37.5m,12,37.500000,404,0.000000,-0.010000,0.384377,0.342059,0.763679,0.000417,0.001000,1.000000,1.000000,0.287453
tournament,c12_r37.5m,12,37.500000,412,0.166667,-0.004167,0.154903,0.415710,0.787049,0.000333,0.001000,1.000000,1.000000,0.691278
tournament,c12_r37.5m,12,37.500000,405,0.000000,0.028571,0.619671,0.363883,0.445795,0.000194,0.001000,1.000000,1.000000,0.283054
tournament,c12_r37.5m,12,37.500000,414,1.000000,0.126429,0.223619,0.373617,0.798668,0.000167,0.001000,1.000000,1.000000,0.389138
tournament,c12_r37.5m,12,37.500000,408,0.000000,0.004648,0.192263,0.637174,0.618079,0.000139,0.001000,1.000000,1.000000,0.576201
tournament,c12_r37.5m,12,37.500000,407,-0.043478,-0.009903,0.131378,0.452291,0.866084,0.000472,0.001000,1.000000,1.000000,0.295624
tournament,c12_r37.5m,12,37.500000,416,-0.025641,0.022436,0.350659,0.203801,0.669447,0.000417,0.001000,1.000000,1.000000,0.318531
tournament,c12_r37.5m,12,37.500000,410,0.000000,0.021664,0.311131,0.262913,0.761670,0.000389,0.001000,1.000000,1.000000,0.265322
tournament,c12_r37.5m,12,37.500000,419,0.000000,-0.005882,0.381856,0.230624,0.617425,0.000083,0.001000,1.000000,1.000000,0.161293
tournament,c12_r37.5m,12,37.500000,424,0.000000,0.016322,0.331826,0.289078,0.647206,0.000333,0.001000,1.000000,1.000000,0.456981
tournament,c12_r37.5m,12,37.500000,413,0.000000,0.042081,0.665415,0.333523,0.872605,0.000194,0.001000,1.000000,1.000000,0.145463
tournament,c12_r37.5m,12,37.500000,426,0.142857,0.034900,0.166589,0.670577,0.863592,0.000778,0.001000,1.000000,1.000000,0.703294
tournament,c12_r37.5m,12,37.500000,429,0.000000,0.065909,0.250521,0.250683,0.844101,0.000250,0.001000,1.000000,1.000000,0.204675
tournament,c12_r37.5m,12,37.500000,415,-0.045455,-0.007670,0.462963,0.352184,0.757911,0.000250,0.001000,1.000000,1.000000,0.264825
tournament,c12_r37.5m,12,37.500000,418,0.000000,0.015789,0.240829,0.388245,0.649209,0.000472,0.001000,1.000000,1.000000,0.514552
tournament,c12_r37.5m,12,37.500000,417,0.000000,0.000000,0.646777,0.151662,0.852800,0.000306,0.001000,1.000000,1.000000,0.079097
tournament,c12_r37.5m,12,37.500000,431,0.000000,0.027381,0.648422,0.320877,0.559623,0.000333,0.001000,1.000000,1.000000,0.277857
tournament,c12_r37.5m,12,37.500000,420,0.000000,0.000202,0.426214,0.433379,0.426658,0.000361,0.001000,1.000000,1.000000,0.302321
tournament,c12_r37.5m,12,37.500000,421,0.000000,-0.006731,0.463237,0.155271,0.827043,0.000278,0.001000,1.000000,1.000000,0.074405
tournament,c12_r37.5m,12,37.500000,422,0.000000,0.010743,0.287530,0.257788,0.696723,0.000306,0.001000,1.000000,1.000000,0.297054
tournament,c12_r37.5m,12,37.500000,423,0.000000,-0.002333,0.661797,0.298569,0.783614,0.000222,0.001000,1.000000,1.000000,0.316030
tournament,c12_r37.5m,12,37.500000,432,-0.026316,-0.039965,0.182890,0.235179,0.791440,0.000389,0.001000,1.000000,1.000000,0.134547
tournament,c12_r37.5m,12,37.500000,425,0.000000,0.008308,0.210376,0.250835,0.720135,0.000500,0.001000,1.000000,1.000000,0.126313
tournament,c12_r37.5m,12,37.500000,434,0.500000,0.133201,0.567897,0.390590,0.810936,0.000278,0.001000,1.000000,1.000000,0.385487
tournament,c12_r37.5m,12,37.500000,427,0.000000,0.048298,0.153037,0.779247,0.457199,0.000306,0.001000,1.000000,1.000000,0.548624
tournament,c12_r37.5m,12,37.500000,428,0.000000,-0.014444,0.227021,0.758306,0.571737,0.000500,0.001000,1.000000,1.000000,0.802328
tournament,c12_r37.5m,12,37.500000,435,0.000000,0.023098,0.547835,0.284603,0.627838,0.000333,0.001000,1.000000,1.000000,0.306875
tournament,c12_r37.5m,12,37.500000,430,0.000000,-0.007143,0.533747,0.361833,0.791635,0.000417,0.001000,1.000000,1.000000,0.278911
tournament,c12_r37.5m,12,37.500000,439,0.000000,0.000000,0.471149,0.413025,0.852766,0.000250,0.001000,1.000000,1.000000,0.408288
tournament,c12_r37.5m,12,37.500000,444,0.000000,0.009281,0.352638,0.445042,0.807106,0.000167,0.001000,1.000000,1.000000,0.403403
tournament,c12_r37.5m,12,37.500000,446,0.000000,0.021978,0.346556,0.502485,0.733912,0.000306,0.001000,1.000000,1.000000,0.466397
tournament,c12_r37.5m,12,37.500000,433,0.000000,0.006667,0.206933,0.410523,0.615185,0.000361,0.001000,1.000000,1.000000,0.314833
tournament,c12_r37.5m,12,37.500000,449,0.000000,-0.016783,0.582469,0.460809,0.584105,0.000167,0.001000,1.000000,1.000000,0.375659
tournament,c12_r37.5m,12,37.500000,436,0.000000,0.000000,0.570674,0.364256,0.435812,0.000333,0.001000,1.000000,1.000000,0.376228
tournament,c12_r75m,12,75.000000,401,0.020833,0.018178,0.355801,0.306397,0.762114,0.000917,0.001000,1.000000,1.000000,0.247830
tournament,c12_r37.5m,12,37.500000,437,0.000000,0.050641,0.452817,0.435692,0.575250,0.000222,0.001000,1.000000,1.000000,0.346436
tournament,c12_r37.5m,12,37.500000,438,0.000000,0.003535,0.741799,0.471857,0.800808,0.000417,0.001000,1.000000,1.000000,0.432867
tournament,c12_r37.5m,12,37.500000,442,0.000000,-0.003846,0.475189,0.152815,0.843591,0.000417,0.001000,1.000000,1.000000,0.378146
tournament,c12_r37.5m,12,37.500000,440,0.125000,0.062500,0.277878,0.386077,0.494571,0.000444,0.001000,1.000000,1.000000,0.208598
tournament,c12_r37.5m,12,37.500000,441,0.000000,-0.007574,0.445425,0.224377,0.863832,0.000472,0.001000,1.000000,1.000000,0.170494
tournament,c12_r37.5m,12,37.500000,443,0.000000,0.000000,0.297722,0.204084,0.577752,0.000417,0.001000,1.000000,1.000000,0.166801
tournament,c12_r75m,12,75.000000,402,0.000679,0.009213,0.264707,0.356566,0.518509,0.000750,0.001000,1.000000,1.000000,0.345667
tournament,c12_r75m,12,75.000000,403,0.077020,0.015444,0.252727,0.261334,0.757007,0.000861,0.001000,1.000000,1.000000,0.243215
tournament,c12_r37.5m,12,37.500000,445,-0.250000,-0.050000,0.336430,0.310520,0.747235,0.000361,0.001000,1.000000,1.000000,0.206877
tournament,c12_r37.5m,12,37.500000,447,0.000000,0.069359,0.538691,0.462645,0.827574,0.000250,0.001000,1.000000,1.000000,0.372707
tournament,c12_r75m,12,75.000000,405,0.047093,0.082026,0.464571,0.265358,0.585621,0.001028,0.001000,1.000000,1.000000,0.227118
tournament,c12_r37.5m,12,37.500000,448,0.000000,0.041274,0.382628,0.331842,0.784756,0.000639,0.001000,1.000000,1.000000,0.395689
tournament,c12_r75m,12,75.000000,400,0.033764,0.053944,0.655078,0.484841,0.815826,0.000750,0.001000,1.000000,1.000000,0.551812
tournament,c12_r75m,12,75.000000,407,0.077781,0.055220,0.420778,0.675865,0.802587,0.001833,0.001303,0.983333,0.998333,0.678080
tournament,c12_r75m,12,75.000000,414,0.008333,0.052270,0.546002,0.306145,0.437811,0.000750,0.001000,1.000000,0.998333,0.325874
tournament,c12_r75m,12,75.000000,415,-0.090909,0.036433,0.365397,0.408371,0.416926,0.000250,0.001000,1.000000,0.998333,0.355228
tournament,c12_r75m,12,75.000000,404,0.125000,0.081093,0.755438,0.254845,0.287850,0.000361,0.001000,1.000000,1.000000,0.204760
tournament,c12_r75m,12,75.000000,406,-0.018868,0.112086,0.599845,0.352681,0.478064,0.000750,0.001000,1.000000,1.000000,0.344015
tournament,c12_r75m,12,75.000000,421,0.094982,0.078938,0.477121,0.313541,0.704597,0.001000,0.001000,1.000000,1.000000,0.355034
tournament,c12_r75m,12,75.000000,408,-0.010546,0.030217,0.112570,0.851145,0.837976,0.001639,0.001000,1.000000,0.998333,0.791818
tournament,c12_r75m,12,75.000000,418,0.095588,0.012147,0.220272,0.511260,0.689593,0.000861,0.001000,1.000000,1.000000,0.423630
tournament,c12_r75m,12,75.000000,409,0.045455,0.019154,0.219847,0.237336,0.591690,0.000556,0.001000,1.000000,1.000000,0.232221
tournament,c12_r75m,12,75.000000,410,0.053248,0.076897,0.510477,0.529897,0.822353,0.001028,0.001000,1.000000,0.995000,0.496665
tournament,c12_r75m,12,75.000000,412,0.076923,0.023127,0.238327,0.733205,0.765466,0.001056,0.001000,1.000000,1.000000,0.656914
tournament,c12_r75m,12,75.000000,411,0.058824,0.042784,0.269498,0.485098,0.616587,0.000528,0.001000,1.000000,1.000000,0.461036
tournament,c12_r75m,12,75.000000,413,0.018182,0.001515,0.232734,0.615546,0.834155,0.000389,0.001000,1.000000,1.000000,0.575713
tournament,c12_r75m,12,75.000000,422,0.021222,0.006525,0.323280,0.344487,0.476906,0.000778,0.001000,1.000000,1.000000,0.331060
tournament,c12_r75m,12,75.000000,423,-0.032258,0.030243,0.208874,0.251554,0.598870,0.000278,0.001000,1.000000,1.000000,0.316962
tournament,c12_r75m,12,75.000000,416,0.148148,0.026256,0.230757,0.366471,0.335130,0.000639,0.001000,1.000000,1.000000,0.360621
tournament,c12_r75m,12,75.000000,417,0.000000,0.021309,0.206577,0.409884,0.622019,0.000361,0.001000,1.000000,0.998333,0.408158
tournament,c12_r75m,12,75.000000,419,-0.053068,-0.018276,0.245963,0.230397,0.600540,0.000861,0.003065,0.983333,0.998333,0.206846
tournament,c12_r75m,12,75.000000,420,0.000000,0.038614,0.212770,0.133556,0.854049,0.000250,0.001000,1.000000,0.998333,0.253535
tournament,c12_r75m,12,75.000000,426,0.033607,0.044478,0.495064,0.253659,0.693047,0.000750,0.001000,1.000000,1.000000,0.228072
tournament,c12_r75m,12,75.000000,434,0.000000,0.076498,0.750182,0.833426,0.822448,0.000500,0.001000,1.000000,0.998333,0.858710
tournament,c12_r75m,12,75.000000,435,0.087719,0.057498,0.341678,0.328405,0.346942,0.000889,0.001000,1.000000,1.000000,0.301273
tournament,c12_r75m,12,75.000000,424,0.065268,0.036552,0.276439,0.377205,0.616487,0.000389,0.001000,1.000000,1.000000,0.349745
tournament,c12_r75m,12,75.000000,425,0.052083,0.064330,0.165044,0.225096,0.561051,0.000750,0.001000,1.000000,1.000000,0.223899
tournament,c12_r75m,12,75.000000,440,0.023548,0.029975,0.518598,0.700708,0.784298,0.001111,0.001000,1.000000,1.000000,0.553828
tournament,c12_r75m,12,75.000000,427,0.000000,0.075564,0.612651,0.460103,0.211800,0.000583,0.001000,1.000000,0.996667,0.318083
tournament,c12_r75m,12,75.000000,428,0.023943,0.040147,0.411402,0.459703,0.448430,0.001028,0.001000,1.000000,0.996667,0.367223
tournament,c12_r75m,12,75.000000,429,0.026870,0.030638,0.570261,0.459532,0.684257,0.000944,0.001000,1.000000,1.000000,0.466001
tournament,c12_r75m,12,75.000000,430,-0.010638,0.043662,0.368477,0.206306,0.707585,0.000750,0.001000,1.000000,1.000000,0.280601
tournament,c12_r75m,12,75.000000,442,0.090909,0.066503,0.576455,0.752651,0.232493,0.000917,0.001000,1.000000,1.000000,0.689322
tournament,c12_r75m,12,75.000000,433,0.035714,0.000978,0.251330,0.381068,0.716050,0.000444,0.001000,1.000000,1.000000,0.279814
tournament,c12_r75m,12,75.000000,431,-0.012261,0.027552,0.266751,0.565216,0.717401,0.000556,0.001000,1.000000,1.000000,0.651460
tournament,c12_r75m,12,75.000000,441,0.080769,0.011668,0.280972,0.461510,0.586267,0.000861,0.001000,1.000000,0.998333,0.461565
tournament,c12_r75m,12,75.000000,432,0.000000,0.066719,0.388270,0.481090,0.577031,0.000722,0.001000,1.000000,0.998333,0.364026
tournament,c12_r75m,12,75.000000,436,0.054054,0.030568,0.163477,0.376024,0.497230,0.001028,0.001000,1.000000,1.000000,0.389417
tournament,c12_r75m,12,75.000000,437,0.027038,0.043498,0.261372,0.504248,0.549041,0.001083,0.001000,1.000000,1.000000,0.565868
tournament,c12_r75m,12,75.000000,438,0.000000,0.051016,0.571370,0.333812,0.677762,0.000389,0.001000,1.000000,0.998333,0.316900
tournament,c12_r75m,12,75.000000,439,-0.058824,0.016362,0.225693,0.283967,0.271288,0.000306,0.001000,1.000000,1.000000,0.514625
tournament,c12_r75m,12,75.000000,445,-0.018519,0.053189,0.309558,0.255540,0.611219,0.000778,0.001000,1.000000,1.000000,0.241646
tournament,c12_r75m,12,75.000000,443,0.050595,0.072105,0.426761,0.156384,0.684183,0.000611,0.001000,1.000000,1.000000,0.198758
tournament,c12_r75m,12,75.000000,444,0.059592,0.017656,0.627885,0.467318,0.574080,0.000750,0.001000,1.000000,1.000000,0.391985
tournament,c12_r150m,12,150.000000,403,0.104630,0.111555,0.899181,0.936472,0.562023,0.160611,0.671521,0.016667,0.010000,0.905942
tournament,c12_r150m,12,150.000000,400,0.119315,0.104148,0.889479,0.831712,0.469744,0.159722,0.663946,0.016667,0.015000,0.856260
tournament,c12_r75m,12,75.000000,449,0.000000,0.034428,0.137082,0.280586,0.718017,0.000500,0.001000,1.000000,1.000000,0.203225
tournament,c12_r75m,12,75.000000,446,0.000000,0.100256,0.541357,0.436788,0.725161,0.000472,0.001000,1.000000,0.998333,0.403482
tournament,c12_r75m,12,75.000000,447,0.000000,0.025591,0.246557,0.475812,0.694793,0.000472,0.001000,1.000000,1.000000,0.447067
tournament,c12_r75m,12,75.000000,448,-0.079167,0.038324,0.262348,0.599957,0.585334,0.000694,0.001000,1.000000,1.000000,0.538176
tournament,c12_r150m,12,150.000000,409,0.108975,0.104238,0.866736,0.907311,0.805974,0.164028,0.712352,0.000000,0.006667,0.867795
tournament,c12_r150m,12,150.000000,401,0.118084,0.110433,0.873414,0.883455,0.511822,0.170333,0.782093,0.000000,0.006667,0.896576
tournament,c12_r150m,12,150.000000,404,0.105536,0.115094,0.872632,0.822810,0.556528,0.154722,0.622375,0.000000,0.008333,0.858331
tournament,c12_r150m,12,150.000000,402,0.108665,0.111347,0.913283,0.871278,0.561021,0.159056,0.639404,0.000000,0.006667,0.861587
tournament,c12_r150m,12,150.000000,412,0.120507,0.113280,0.864630,0.887600,0.412009,0.159389,0.640462,0.016667,0.003333,0.886855
tournament,c12_r150m,12,150.000000,413,0.097080,0.101794,0.845366,0.921891,0.798234,0.158222,0.618241,0.000000,0.005000,0.885148
tournament,c12_r150m,12,150.000000,405,0.111653,0.102451,0.872609,0.896371,0.661680,0.167139,0.689420,0.016667,0.008333,0.906770
tournament,c12_r150m,12,150.000000,406,0.120440,0.112336,0.862066,0.887226,0.658595,0.169278,0.743570,0.000000,0.003333,0.887506
tournament,c12_r150m,12,150.000000,407,0.112203,0.113146,0.895231,0.856976,0.447467,0.165444,0.723207,0.000000,0.005000,0.886020
tournament,c12_r150m,12,150.000000,408,0.082658,0.105807,0.813614,0.940556,0.709147,0.157306,0.623990,0.033333,0.011667,0.885277
tournament,c12_r150m,12,150.000000,418,0.119398,0.118098,0.915903,0.878542,0.472491,0.164861,0.692957,0.016667,0.013333,0.865410
tournament,c12_r150m,12,150.000000,410,0.118539,0.100916,0.897324,0.844287,0.728812,0.165583,0.701798,0.000000,0.008333,0.880477
tournament,c12_r150m,12,150.000000,411,0.139889,0.121174,0.831582,0.937457,0.374984,0.167833,0.741768,0.000000,0.005000,0.905983
tournament,c12_r150m,12,150.000000,422,0.108792,0.106873,0.876190,0.876522,0.753685,0.166611,0.717464,0.000000,0.005000,0.886734
tournament,c12_r150m,12,150.000000,423,0.101128,0.105552,0.851939,0.902383,0.566393,0.160583,0.703245,0.000000,0.006667,0.881774
tournament,c12_r150m,12,150.000000,414,0.089248,0.107625,0.877277,0.889510,0.742071,0.153444,0.611503,0.016667,0.003333,0.884472
tournament,c12_r150m,12,150.000000,417,0.104654,0.111475,0.901918,0.908278,0.731988,0.163333,0.687805,0.016667,0.011667,0.904384
tournament,c12_r150m,12,150.000000,416,0.108496,0.108460,0.858158,0.839077,0.677492,0.162139,0.665988,0.000000,0.010000,0.872524
tournament,c12_r150m,12,150.000000,415,0.107283,0.105244,0.876769,0.894117,0.573035,0.166083,0.710274,0.000000,0.010000,0.855223
tournament,c12_r150m,12,150.000000,428,0.102719,0.100198,0.796138,0.919199,0.837647,0.168722,0.747334,0.000000,0.008333,0.886988
tournament,c12_r150m,12,150.000000,419,0.099612,0.115458,0.911770,0.920826,0.737747,0.174500,0.775766,0.000000,0.003333,0.898616
tournament,c12_r150m,12,150.000000,420,0.105447,0.098459,0.889372,0.910556,0.832694,0.170361,0.753656,0.000000,0.008333,0.877404
tournament,c12_r150m,12,150.000000,421,0.116325,0.107235,0.886936,0.954879,0.826272,0.171694,0.761489,0.000000,0.003333,0.900643
tournament,c12_r150m,12,150.000000,432,0.104402,0.104224,0.881002,0.893495,0.663270,0.161806,0.664645,0.000000,0.008333,0.881909
tournament,c12_r150m,12,150.000000,431,0.092346,0.093560,0.866271,0.892880,0.843789,0.167361,0.726783,0.000000,0.011667,0.887238
tournament,c12_r150m,12,150.000000,425,0.132024,0.117749,0.900819,0.928361,0.546781,0.176250,0.850586,0.000000,0.003333,0.893480
tournament,c12_r150m,12,150.000000,424,0.120559,0.113913,0.853247,0.783317,0.363912,0.173833,0.786288,0.000000,0.003333,0.836332
tournament,c12_r150m,12,150.000000,426,0.103441,0.103685,0.910636,0.864101,0.823575,0.164306,0.687914,0.016667,0.008333,0.858852
tournament,c12_r150m,12,150.000000,427,0.111627,0.106520,0.888752,0.893692,0.832328,0.160056,0.631691,0.016667,0.013333,0.873991
tournament,c12_r150m,12,150.000000,437,0.088484,0.104070,0.791132,0.913526,0.799014,0.157889,0.629624,0.000000,0.003333,0.883636
tournament,c12_r150m,12,150.000000,429,0.102851,0.104882,0.861181,0.930755,0.861130,0.170444,0.747967,0.000000,0.005000,0.899866
tournament,c12_r150m,12,150.000000,430,0.101054,0.111934,0.911324,0.893663,0.538789,0.154333,0.627409,0.000000,0.010000,0.877421
tournament,c12_r150m,12,150.000000,433,0.106482,0.108211,0.815759,0.884210,0.371453,0.162861,0.690387,0.016667,0.010000,0.875169
tournament,c12_r150m,12,150.000000,441,0.107397,0.109518,0.930176,0.908012,0.679959,0.167083,0.730136,0.000000,0.006667,0.890043
tournament,c12_r150m,12,150.000000,434,0.118151,0.104155,0.895048,0.904633,0.456334,0.168444,0.719815,0.000000,0.003333,0.896329
tournament,c12_r150m,12,150.000000,435,0.099684,0.105945,0.866737,0.933941,0.556631,0.168333,0.718977,0.000000,0.013333,0.878334
tournament,c12_r150m,12,150.000000,442,0.107045,0.107956,0.886033,0.874812,0.454951,0.167583,0.718259,0.000000,0.010000,0.883366
tournament,c12_r150m,12,150.000000,436,0.093674,0.106997,0.840026,0.847285,0.762779,0.160611,0.691166,0.016667,0.010000,0.874150
tournament,c12_r150m,12,150.000000,447,0.117208,0.110672,0.932119,0.935876,0.714694,0.158972,0.667655,0.000000,0.006667,0.870802
tournament,c12_r150m,12,150.000000,438,0.116255,0.105686,0.924907,0.895523,0.728122,0.165028,0.748358,0.000000,0.013333,0.848811
tournament,c12_r150m,12,150.000000,439,0.092274,0.109373,0.800310,0.863537,0.737564,0.162556,0.664213,0.016667,0.005000,0.836087
tournament,c12_r150m,12,150.000000,440,0.101168,0.104053,0.886932,0.917045,0.708729,0.159417,0.644388,0.000000,0.000000,0.900423
tournament,c12_r150m,12,150.000000,443,0.095987,0.108413,0.906227,0.922388,0.749805,0.168750,0.726089,0.000000,0.001667,0.901139
tournament,c12_r150m,12,150.000000,446,0.103000,0.099945,0.850864,0.881739,0.467117,0.158222,0.622823,0.000000,0.010000,0.879133
tournament,c12_r150m,12,150.000000,445,0.110040,0.105640,0.876631,0.873218,0.508311,0.159583,0.636637,0.016667,0.011667,0.847737
tournament,c12_r150m,12,150.000000,444,0.116819,0.115584,0.851060,0.894418,0.323566,0.155722,0.646552,0.000000,0.005000,0.870435
tournament,c12_r300m,12,300.000000,401,0.152938,0.161947,0.855591,0.966542,0.772317,0.338639,2.828679,0.000000,0.000000,0.896885
tournament,c12_r300m,12,300.000000,404,0.150222,0.156468,0.822899,0.914413,0.782659,0.327972,2.712565,0.000000,0.000000,0.904139
tournament,c12_r150m,12,150.000000,448,0.104070,0.116009,0.893264,0.882993,0.313125,0.159167,0.662036,0.016667,0.010000,0.819560
tournament,c12_r150m,12,150.000000,449,0.134381,0.117511,0.874066,0.922862,0.420265,0.163500,0.710702,0.033333,0.010000,0.871383
tournament,c12_r300m,12,300.000000,406,0.173069,0.158433,0.826510,0.914293,0.815001,0.335972,2.799048,0.000000,0.000000,0.902679
tournament,c12_r300m,12,300.000000,400,0.160721,0.164328,0.838610,0.895214,0.520769,0.333000,2.779092,0.000000,0.000000,0.904854
tournament,c12_r300m,12,300.000000,403,0.145541,0.157439,0.794229,0.909530,0.429178,0.333139,2.785650,0.000000,0.000000,0.910396
tournament,c12_r300m,12,300.000000,402,0.154276,0.158143,0.875336,0.908995,0.600132,0.339833,2.837674,0.000000,0.000000,0.904749
tournament,c12_r300m,12,300.000000,414,0.142982,0.153055,0.857950,0.927094,0.820076,0.339028,2.843075,0.000000,0.000000,0.889542
tournament,c12_r300m,12,300.000000,415,0.151636,0.154022,0.866660,0.878350,0.794367,0.339222,2.831093,0.000000,0.000000,0.889299
tournament,c12_r300m,12,300.000000,405,0.167810,0.155526,0.868069,0.904633,0.830528,0.332694,2.778036,0.000000,0.000000,0.902742
tournament,c12_r300m,12,300.000000,418,0.162679,0.158788,0.889264,0.889020,0.607573,0.334833,2.806862,0.000000,0.000000,0.887289
tournament,c12_r300m,12,300.000000,407,0.148569,0.159516,0.883269,0.916582,0.862066,0.333833,2.776644,0.000000,0.000000,0.895491
tournament,c12_r300m,12,300.000000,408,0.157477,0.159609,0.878362,0.924474,0.596768,0.336194,2.820764,0.000000,0.000000,0.898640
tournament,c12_r300m,12,300.000000,409,0.143582,0.164205,0.879787,0.906924,0.438883,0.339028,2.830495,0.000000,0.000000,0.892894
tournament,c12_r300m,12,300.000000,411,0.147085,0.150938,0.800634,0.903570,0.428645,0.330417,2.762549,0.000000,0.000000,0.901526
tournament,c12_r300m,12,300.000000,410,0.164799,0.167938,0.920895,0.907551,0.295430,0.337167,2.825890,0.000000,0.000000,0.909683
tournament,c12_r300m,12,300.000000,412,0.160504,0.155669,0.902058,0.891653,0.501275,0.337639,2.810693,0.000000,0.000000,0.890928
tournament,c12_r300m,12,300.000000,413,0.168072,0.173029,0.892530,0.883316,0.496146,0.345861,2.913188,0.000000,0.000000,0.899225
tournament,c12_r300m,12,300.000000,422,0.159274,0.157452,0.898604,0.928861,0.625539,0.350167,2.965559,0.000000,0.000000,0.884320
tournament,c12_r300m,12,300.000000,423,0.190922,0.163562,0.944720,0.869049,0.617041,0.339306,2.855618,0.000000,0.000000,0.879208
tournament,c12_r300m,12,300.000000,417,0.146796,0.161808,0.876725,0.899044,0.391031,0.348806,2.947837,0.000000,0.000000,0.899364
tournament,c12_r300m,12,300.000000,416,0.144775,0.148902,0.921907,0.937363,0.716920,0.347472,2.942683,0.000000,0.000000,0.912623
tournament,c12_r300m,12,300.000000,425,0.153322,0.158701,0.918757,0.903698,0.774760,0.347250,2.930583,0.000000,0.000000,0.904076
tournament,c12_r300m,12,300.000000,419,0.162250,0.152316,0.923424,0.892433,0.557024,0.342056,2.866454,0.000000,0.000000,0.896678
tournament,c12_r300m,12,300.000000,420,0.159605,0.158866,0.933478,0.900258,0.495313,0.344639,2.909905,0.000000,0.000000,0.897235
tournament,c12_r300m,12,300.000000,421,0.149024,0.157891,0.921209,0.907615,0.790780,0.338917,2.840632,0.000000,0.000000,0.894863
tournament,c12_r300m,12,300.000000,433,0.147362,0.159187,0.872814,0.909184,0.736013,0.341917,2.852057,0.000000,0.000000,0.886440
tournament,c12_r300m,12,300.000000,424,0.161107,0.150969,0.776787,0.915876,0.829252,0.342806,2.887581,0.000000,0.000000,0.891309
tournament,c12_r300m,12,300.000000,434,0.185512,0.170445,0.933715,0.888716,0.152828,0.343806,2.914159,0.000000,0.000000,0.893406
tournament,c12_r300m,12,300.000000,428,0.156761,0.167686,0.920058,0.916305,0.586861,0.338528,2.819720,0.000000,0.000000,0.893153
tournament,c12_r300m,12,300.000000,426,0.149535,0.163187,0.899988,0.906607,0.340867,0.336444,2.791406,0.000000,0.000000,0.908084
tournament,c12_r300m,12,300.000000,437,0.157576,0.157454,0.839621,0.923136,0.644979,0.339861,2.851451,0.000000,0.000000,0.887449
tournament,c12_r300m,12,300.000000,427,0.142440,0.158612,0.867671,0.925972,0.403023,0.341667,2.882213,0.000000,0.000000,0.912561
tournament,c12_r300m,12,300.000000,429,0.163847,0.163871,0.909934,0.935033,0.552016,0.347222,2.936827,0.000000,0.000000,0.904883
tournament,c12_r300m,12,300.000000,430,0.159450,0.156064,0.847143,0.904436,0.730367,0.331917,2.787408,0.000000,0.000000,0.868770
tournament,c12_r300m,12,300.000000,431,0.150099,0.161969,0.939568,0.940678,0.516523,0.342611,2.886856,0.000000,0.000000,0.905239
tournament,c12_r300m,12,300.000000,432,0.153966,0.154870,0.867814,0.925820,0.751220,0.340750,2.876850,0.000000,0.000000,0.880461
tournament,c12_r300m,12,300.000000,441,0.161602,0.154274,0.855228,0.885327,0.653112,0.336056,2.801185,0.000000,0.000000,0.892383
tournament,c12_r300m,12,300.000000,436,0.164699,0.162134,0.900433,0.916862,0.315185,0.341694,2.885812,0.000000,0.000000,0.895387
tournament,c12_r300m,12,300.000000,435,0.143239,0.154859,0.860489,0.886826,0.832034,0.330222,2.740164,0.000000,0.000000,0.883985
tournament,c12_r300m,12,300.000000,444,0.164813,0.155599,0.902530,0.919068,0.630511,0.339139,2.845925,0.000000,0.000000,0.878144
tournament,c12_r300m,12,300.000000,443,0.162036,0.158291,0.912842,0.907896,0.629851,0.340417,2.863739,0.000000,0.000000,0.898092
tournament,c12_r300m,12,300.000000,446,0.151417,0.155311,0.797029,0.905850,0.847760,0.333028,2.791014,0.000000,0.000000,0.891007
tournament,c12_r300m,12,300.000000,438,0.175505,0.161812,0.911652,0.929555,0.710975,0.349861,2.949874,0.000000,0.000000,0.912197
tournament,c12_r300m,12,300.000000,440,0.149167,0.154307,0.854227,0.889838,0.652851,0.342944,2.888514,0.000000,0.000000,0.901024
tournament,c12_r300m,12,300.000000,439,0.173516,0.163549,0.911538,0.940354,0.824252,0.345194,2.926817,0.000000,0.000000,0.912331
tournament,c12_r300m,12,300.000000,442,0.144934,0.149217,0.868902,0.889940,0.804830,0.333889,2.771191,0.000000,0.000000,0.890270
tournament,c12_r300m,12,300.000000,445,0.166707,0.161507,0.900220,0.944187,0.807953,0.346250,2.924581,0.000000,0.000000,0.888830
tournament,c12_r300m,12,300.000000,447,0.188823,0.164798,0.872658,0.894620,0.247583,0.339972,2.860166,0.000000,0.000000,0.887446
tournament,c12_r600m,12,600.000000,402,0.192287,0.173402,0.831059,0.902707,0.681990,0.619389,6.323205,0.000000,0.000000,0.898520
tournament,c12_r600m,12,600.000000,405,0.169554,0.169771,0.861792,0.936861,0.582332,0.628306,6.411551,0.000000,0.000000,0.888453
tournament,c12_r300m,12,300.000000,448,0.155806,0.156497,0.874078,0.926779,0.859516,0.341000,2.855914,0.000000,0.000000,0.896547
tournament,c12_r300m,12,300.000000,449,0.196415,0.167656,0.902173,0.842024,0.237383,0.344583,2.936096,0.000000,0.000000,0.870461
tournament,c12_r600m,12,600.000000,406,0.157918,0.160003,0.851590,0.914270,0.396643,0.612250,6.219454,0.000000,0.000000,0.908292
tournament,c12_r600m,12,600.000000,407,0.180897,0.172169,0.879005,0.925608,0.361108,0.612472,6.234999,0.000000,0.000000,0.906184
tournament,c12_r600m,12,600.000000,400,0.168001,0.160332,0.823490,0.933837,0.774506,0.618444,6.291419,0.000000,0.000000,0.905323
tournament,c12_r600m,12,600.000000,401,0.167936,0.170637,0.898564,0.889215,0.793357,0.613028,6.236048,0.000000,0.000000,0.890570
tournament,c12_r600m,12,600.000000,404,0.166927,0.160450,0.838230,0.926452,0.552707,0.612611,6.233936,0.000000,0.000000,0.910466
tournament,c12_r600m,12,600.000000,414,0.165175,0.164273,0.877235,0.953973,0.754845,0.613639,6.222821,0.000000,0.000000,0.910676
tournament,c12_r600m,12,600.000000,403,0.158107,0.161996,0.862470,0.932426,0.599915,0.599028,6.095658,0.000000,0.000000,0.913669
tournament,c12_r600m,12,600.000000,415,0.180051,0.170644,0.891921,0.881864,0.811245,0.610389,6.194694,0.000000,0.000000,0.878222
tournament,c12_r600m,12,600.000000,418,0.153666,0.166518,0.873916,0.911007,0.755257,0.608028,6.184448,0.000000,0.000000,0.901263
tournament,c12_r600m,12,600.000000,419,0.151102,0.162673,0.823351,0.933430,0.750953,0.616306,6.264049,0.000000,0.000000,0.901538
tournament,c12_r600m,12,600.000000,408,0.148144,0.166564,0.898793,0.939108,0.537440,0.619750,6.309977,0.000000,0.000000,0.918345
tournament,c12_r600m,12,600.000000,409,0.168504,0.167833,0.897161,0.889676,0.836900,0.603750,6.100935,0.000000,0.000000,0.891270
tournament,c12_r600m,12,600.000000,410,0.155391,0.165960,0.904608,0.914733,0.694807,0.603917,6.138543,0.000000,0.000000,0.885844
tournament,c12_r600m,12,600.000000,411,0.172532,0.162790,0.868049,0.906421,0.422414,0.610972,6.210846,0.000000,0.000000,0.889309
tournament,c12_r600m,12,600.000000,412,0.202546,0.180479,0.880684,0.956516,0.464378,0.608111,6.203437,0.000000,0.000000,0.901524
tournament,c12_r600m,12,600.000000,413,0.167094,0.168986,0.884430,0.935789,0.834474,0.620500,6.313818,0.000000,0.000000,0.907514
tournament,c12_r600m,12,600.000000,423,0.172515,0.168806,0.892332,0.914193,0.842079,0.611139,6.199076,0.000000,0.000000,0.911804
tournament,c12_r600m,12,600.000000,416,0.171494,0.165101,0.859315,0.907353,0.722181,0.613111,6.246453,0.000000,0.000000,0.911135
tournament,c12_r600m,12,600.000000,417,0.160661,0.175373,0.870835,0.907860,0.416604,0.617528,6.284846,0.000000,0.000000,0.898718
tournament,c12_r600m,12,600.000000,425,0.150924,0.170561,0.891028,0.915592,0.647922,0.615472,6.266614,0.000000,0.000000,0.892639
tournament,c12_r600m,12,600.000000,426,0.171007,0.170462,0.903439,0.922954,0.665881,0.621306,6.323158,0.000000,0.000000,0.885807
tournament,c12_r600m,12,600.000000,427,0.172508,0.168475,0.846023,0.904247,0.577025,0.608194,6.177656,0.000000,0.000000,0.910113
tournament,c12_r600m,12,600.000000,420,0.153224,0.159564,0.884460,0.906767,0.805146,0.611639,6.195452,0.000000,0.000000,0.890890
tournament,c12_r600m,12,600.000000,421,0.152505,0.166864,0.930264,0.932219,0.696498,0.614639,6.230901,0.000000,0.000000,0.906109
tournament,c12_r600m,12,600.000000,424,0.156689,0.165377,0.904392,0.931533,0.777096,0.614694,6.252786,0.000000,0.000000,0.917381
tournament,c12_r600m,12,600.000000,422,0.172815,0.165332,0.873257,0.906470,0.567163,0.614028,6.226010,0.000000,0.000000,0.877844
tournament,c12_r600m,12,600.000000,434,0.161839,0.170625,0.786491,0.909379,0.713341,0.604972,6.141057,0.000000,0.000000,0.896856
tournament,c12_r600m,12,600.000000,437,0.173402,0.174335,0.863470,0.936659,0.700606,0.618750,6.297501,0.000000,0.000000,0.919690
tournament,c12_r600m,12,600.000000,430,0.174249,0.168190,0.874728,0.896242,0.735538,0.618139,6.286160,0.000000,0.000000,0.910126
tournament,c12_r600m,12,600.000000,428,0.156396,0.167280,0.849487,0.895543,0.322482,0.592944,6.000385,0.000000,0.000000,0.892971
tournament,c12_r600m,12,600.000000,438,0.154552,0.165156,0.909232,0.895885,0.880145,0.612917,6.222755,0.000000,0.000000,0.892468
tournament,c12_r600m,12,600.000000,429,0.172394,0.175087,0.890323,0.952600,0.712167,0.631944,6.452079,0.000000,0.000000,0.909477
tournament,c12_r600m,12,600.000000,432,0.164168,0.173472,0.894459,0.911554,0.452652,0.615944,6.269072,0.000000,0.000000,0.897888
tournament,c12_r600m,12,600.000000,431,0.159716,0.171889,0.927208,0.922382,0.504175,0.604472,6.128057,0.000000,0.000000,0.894452
tournament,c12_r600m,12,600.000000,439,0.181378,0.169045,0.829731,0.933018,0.649435,0.608861,6.190538,0.000000,0.000000,0.892043
tournament,c12_r600m,12,600.000000,435,0.180130,0.169387,0.907277,0.921369,0.630113,0.612167,6.211072,0.000000,0.000000,0.891794
tournament,c12_r600m,12,600.000000,433,0.162146,0.168914,0.864874,0.910395,0.725059,0.601028,6.089566,0.000000,0.000000,0.907129
tournament,c12_r600m,12,600.000000,436,0.181645,0.165575,0.886527,0.892929,0.664555,0.605167,6.127837,0.000000,0.000000,0.905022
tournament,c12_r600m,12,600.000000,444,0.151041,0.168405,0.897174,0.924961,0.746319,0.594972,6.007371,0.000000,0.000000,0.907085
tournament,c12_r600m,12,600.000000,445,0.173705,0.164560,0.903325,0.912497,0.689910,0.620333,6.308930,0.000000,0.000000,0.902646
tournament,c12_r600m,12,600.000000,441,0.181080,0.172684,0.870321,0.927573,0.309417,0.618444,6.289954,0.000000,0.000000,0.898283
tournament,c16_r15m,16,15.000000,400,0.000000,0.000000,0.276236,0.595873,0.514413,0.000194,0.001000,1.000000,1.000000,0.000000
tournament,c16_r15m,16,15.000000,401,0.000000,0.000000,0.325226,0.151025,0.772068,0.000111,0.001000,1.000000,1.000000,0.078788
tournament,c16_r15m,16,15.000000,406,0.000000,0.000000,0.494388,0.278905,0.332964,0.000222,0.001000,1.000000,1.000000,0.000000
tournament,c12_r600m,12,600.000000,448,0.171515,0.169513,0.901923,0.913858,0.560865,0.599944,6.079090,0.000000,0.000000,0.915641
tournament,c16_r15m,16,15.000000,407,0.000000,0.000000,0.593801,0.378170,0.697551,0.000111,0.001000,1.000000,1.000000,0.000000
tournament,c16_r15m,16,15.000000,403,0.000000,0.000000,0.300635,0.348883,0.640953,0.000139,0.001000,1.000000,1.000000,0.075000
tournament,c16_r15m,16,15.000000,402,0.000000,0.000000,0.201885,0.446588,0.676043,0.000333,0.001000,1.000000,1.000000,0.000000
tournament,c12_r600m,12,600.000000,440,0.187334,0.171464,0.926853,0.954538,0.365485,0.610556,6.213928,0.000000,0.000000,0.910288
tournament,c16_r15m,16,15.000000,404,0.000000,0.000000,0.410637,0.374203,0.692125,0.000083,0.001000,1.000000,1.000000,0.000000
tournament,c12_r600m,12,600.000000,449,0.167825,0.167511,0.881177,0.903377,0.716386,0.605528,6.134129,0.000000,0.000000,0.893347
tournament,c16_r15m,16,15.000000,408,0.000000,0.000000,0.577989,0.324558,0.429795,0.000028,0.001000,1.000000,1.000000,0.000000
tournament,c16_r15m,16,15.000000,405,0.000000,0.000000,0.379986,0.782738,0.597126,0.000167,0.001000,1.000000,1.000000,0.100000
tournament,c12_r600m,12,600.000000,442,0.177582,0.166274,0.848462,0.941758,0.600669,0.616667,6.267010,0.000000,0.000000,0.893306
tournament,c12_r600m,12,600.000000,443,0.181090,0.170374,0.897387,0.852211,0.232023,0.602917,6.130793,0.000000,0.000000,0.877191
tournament,c16_r15m,16,15.000000,411,0.000000,0.000000,0.166173,0.545221,0.794556,0.000194,0.001000,1.000000,1.000000,0.100000
tournament,c16_r15m,16,15.000000,412,0.000000,0.000000,0.468119,0.250238,0.195177,0.000167,0.001000,1.000000,1.000000,0.000000
tournament,c16_r15m,16,15.000000,413,0.000000,0.000000,0.337753,0.261196,0.776228,0.000083,0.001000,1.000000,1.000000,0.005263
tournament,c16_r15m,16,15.000000,419,0.000000,0.000000,0.447637,0.329565,0.845907,0.000111,0.001000,1.000000,1.000000,0.137778
tournament,c16_r15m,16,15.000000,418,0.000000,0.000000,0.259265,0.192077,0.592198,0.000250,0.001000,1.000000,1.000000,0.000000
tournament,c16_r15m,16,15.000000,409,0.000000,0.000000,0.372191,0.270973,0.495347,0.000111,0.001000,1.000000,1.000000,0.045455
tournament,c16_r15m,16,15.000000,424,0.000000,0.000000,0.352651,0.291436,0.804251,0.000167,0.001000,1.000000,1.000000,0.025000
tournament,c16_r15m,16,15.000000,423,0.000000,0.000000,0.217017,0.419961,0.528296,0.000139,0.001000,1.000000,1.000000,0.033333
tournament,c12_r600m,12,600.000000,447,0.182460,0.177987,0.880745,0.888739,0.837024,0.606917,6.168411,0.000000,0.000000,0.903405
tournament,c16_r15m,16,15.000000,410,0.000000,0.000000,0.228540,0.322035,0.691964,0.000028,0.001000,1.000000,1.000000,0.127273
tournament,c12_r600m,12,600.000000,446,0.162504,0.167046,0.928202,0.874949,0.327868,0.617583,6.277451,0.000000,0.000000,0.894096
tournament,c16_r15m,16,15.000000,425,0.000000,0.000000,0.365421,0.504081,0.420390,0.000194,0.001000,1.000000,1.000000,0.000000
tournament,c16_r15m,16,15.000000,414,0.000000,0.000000,0.409385,0.443472,0.575314,0.000167,0.001000,1.000000,1.000000,0.000000
tournament,c16_r15m,16,15.000000,415,0.000000,0.000000,0.508611,0.070597,0.198129,0.000056,0.001000,1.000000,1.000000,0.000000
tournament,c16_r15m,16,15.000000,426,0.000000,0.016667,0.581233,0.605956,0.890239,0.000083,0.001000,1.000000,1.000000,0.066667
tournament,c16_r15m,16,15.000000,416,0.000000,0.000000,0.242141,0.626011,0.692695,0.000139,0.001000,1.000000,1.000000,0.106061
tournament,c16_r15m,16,15.000000,420,0.000000,0.000000,0.129895,0.629179,0.548283,0.000111,0.001000,1.000000,1.000000,0.042857
tournament,c16_r15m,16,15.000000,417,0.000000,0.000000,0.228743,0.387756,0.584094,0.000000,0.001000,1.000000,1.000000,0.000000
tournament,c16_r15m,16,15.000000,427,0.000000,0.000000,0.133953,0.125594,0.779339,0.000139,0.001000,1.000000,1.000000,0.000000
tournament,c16_r15m,16,15.000000,422,0.000000,0.000000,0.393868,0.112225,0.738928,0.000083,0.001000,1.000000,1.000000,0.022222
tournament,c16_r15m,16,15.000000,421,0.000000,0.000000,0.249941,0.522965,0.658295,0.000222,0.001000,1.000000,1.000000,0.000000
tournament,c16_r15m,16,15.000000,430,0.000000,0.000000,0.476009,0.249181,0.738211,0.000111,0.001000,1.000000,1.000000,0.000000
tournament,c16_r15m,16,15.000000,429,0.000000,0.000000,0.173182,0.583672,0.563660,0.000139,0.001000,1.000000,1.000000,0.100000
tournament,c16_r15m,16,15.000000,434,0.000000,0.000000,0.481588,0.203382,0.474684,0.000194,0.001000,1.000000,1.000000,0.000000
tournament,c16_r15m,16,15.000000,437,0.000000,0.000000,0.290784,0.237269,0.525181,0.000194,0.001000,1.000000,1.000000,0.036364
tournament,c16_r15m,16,15.000000,436,0.000000,0.050000,0.493201,0.656137,0.715968,0.000167,0.001000,1.000000,1.000000,0.180000
tournament,c16_r15m,16,15.000000,428,0.000000,0.033333,0.796619,0.472478,0.462683,0.000056,0.001000,1.000000,1.000000,0.100000
tournament,c16_r15m,16,15.000000,432,0.000000,0.000000,0.351581,0.213339,0.658025,0.000222,0.001000,1.000000,1.000000,0.000000
tournament,c16_r15m,16,15.000000,444,0.000000,0.000000,0.309136,0.190586,0.677828,0.000250,0.001000,1.000000,1.000000,0.020000
tournament,c16_r15m,16,15.000000,441,0.000000,0.000000,0.271366,0.434528,0.568896,0.000111,0.001000,1.000000,1.000000,0.000000
tournament,c16_r15m,16,15.000000,431,0.000000,0.000000,0.152202,0.388039,0.830230,0.000222,0.001000,1.000000,1.000000,0.100000
tournament,c16_r15m,16,15.000000,433,0.000000,0.000000,0.224944,0.345273,0.487433,0.000083,0.001000,1.000000,1.000000,0.000000
tournament,c16_r15m,16,15.000000,445,0.000000,0.000000,0.754000,0.341443,0.750100,0.000250,0.001000,1.000000,1.000000,0.077778
tournament,c16_r15m,16,15.000000,435,0.000000,0.000000,0.334082,0.598554,0.492674,0.000139,0.001000,1.000000,1.000000,0.142857
tournament,c16_r15m,16,15.000000,447,0.000000,0.000000,0.211057,0.543012,0.790825,0.000056,0.001000,1.000000,1.000000,0.020000
tournament,c16_r15m,16,15.000000,438,0.000000,0.000000,0.376543,0.450199,0.643514,0.000278,0.001000,1.000000,1.000000,0.000000
tournament,c16_r15m,16,15.000000,439,0.000000,0.000000,0.632865,0.262015,0.791167,0.000278,0.001000,1.000000,1.000000,0.000000
tournament,c16_r15m,16,15.000000,440,0.000000,0.000000,0.454437,0.282652,0.532644,0.000111,0.001000,1.000000,1.000000,0.000000
tournament,c16_r15m,16,15.000000,448,0.000000,0.000000,0.649964,0.270971,0.327552,0.000389,0.001000,1.000000,1.000000,0.000000
tournament,c16_r37.5m,16,37.500000,401,-0.062500,0.009099,0.205676,0.329063,0.527370,0.000361,0.001000,1.000000,1.000000,0.330102
tournament,c16_r15m,16,15.000000,442,0.000000,0.000000,0.283095,0.315122,0.776590,0.000083,0.001000,1.000000,1.000000,0.000000
tournament,c16_r15m,16,15.000000,443,0.000000,0.000000,0.675830,0.150328,0.875184,0.000222,0.001000,1.000000,1.000000,0.000000
tournament,c16_r15m,16,15.000000,446,0.000000,0.000000,0.302437,0.228081,0.508309,0.000278,0.001000,1.000000,1.000000,0.014286
tournament,c16_r37.5m,16,37.500000,405,0.000000,0.041071,0.495559,0.272220,0.739061,0.000194,0.001000,1.000000,1.000000,0.195146
tournament,c16_r37.5m,16,37.500000,407,0.052632,-0.015231,0.307408,0.532517,0.510937,0.000389,0.001000,1.000000,1.000000,0.526055
tournament,c16_r37.5m,16,37.500000,411,0.000000,0.024286,0.682144,0.440299,0.583481,0.000556,0.001000,1.000000,1.000000,0.353771
tournament,c16_r37.5m,16,37.500000,412,0.000000,0.032468,0.258567,0.541848,0.500009,0.000278,0.001000,1.000000,1.000000,0.609049
tournament,c16_r15m,16,15.000000,449,0.000000,0.000000,0.404243,0.319701,0.771170,0.000000,0.001000,1.000000,1.000000,0.000000
tournament,c16_r37.5m,16,37.500000,400,0.111111,0.011111,0.243205,0.516784,0.549786,0.000417,0.001000,1.000000,1.000000,0.428512
tournament,c16_r37.5m,16,37.500000,403,0.000000,0.022222,0.399940,0.591258,0.694179,0.000472,0.001000,1.000000,1.000000,0.258287
tournament,c16_r37.5m,16,37.500000,402,0.000000,0.016667,0.305225,0.230808,0.502464,0.000528,0.001000,1.000000,1.000000,0.223067
tournament,c16_r37.5m,16,37.500000,404,0.000000,0.040725,0.325963,0.263959,0.523708,0.000722,0.001000,1.000000,1.000000,0.335077
tournament,c16_r37.5m,16,37.500000,416,0.000000,-0.002439,0.323390,0.226731,0.483731,0.000611,0.001000,1.000000,1.000000,0.070556
tournament,c16_r37.5m,16,37.500000,406,0.000000,0.005758,0.230686,0.230650,0.703290,0.000139,0.001000,1.000000,1.000000,0.176427
tournament,c16_r37.5m,16,37.500000,417,0.083333,0.046474,0.357238,0.373089,0.637882,0.000500,0.001000,1.000000,1.000000,0.413414
tournament,c16_r37.5m,16,37.500000,409,-0.333333,-0.026190,0.525956,0.642975,0.365348,0.000361,0.001000,1.000000,1.000000,0.345549
tournament,c16_r37.5m,16,37.500000,408,0.125000,0.022500,0.668485,0.617775,0.255771,0.000389,0.001000,1.000000,1.000000,0.457446
tournament,c16_r37.5m,16,37.500000,410,0.083333,0.044444,0.230672,0.630303,0.438784,0.000333,0.001000,1.000000,1.000000,0.629560
tournament,c16_r37.5m,16,37.500000,419,0.000000,0.030000,0.491396,0.493937,0.455654,0.000111,0.001000,1.000000,1.000000,0.521350
tournament,c16_r37.5m,16,37.500000,418,0.000000,-0.007373,0.431113,0.512364,0.678862,0.000417,0.001000,1.000000,1.000000,0.573233
tournament,c16_r37.5m,16,37.500000,413,0.000000,-0.008333,0.805253,0.176163,0.664115,0.000028,0.001000,1.000000,1.000000,0.123054
tournament,c16_r37.5m,16,37.500000,414,0.083333,0.004182,0.194413,0.795740,0.879977,0.000306,0.001000,1.000000,1.000000,0.674610
tournament,c16_r37.5m,16,37.500000,425,0.000000,-0.001493,0.641817,0.183265,0.625311,0.000389,0.001000,1.000000,1.000000,0.142138
tournament,c16_r37.5m,16,37.500000,415,0.000000,-0.007407,0.309707,0.306893,0.661570,0.000139,0.001000,1.000000,1.000000,0.239611
tournament,c16_r37.5m,16,37.500000,424,0.000000,0.086120,0.202631,0.323938,0.804769,0.000333,0.001000,1.000000,1.000000,0.478047
tournament,c16_r37.5m,16,37.500000,427,0.000000,0.000000,0.358508,0.435608,0.631460,0.000389,0.001000,1.000000,1.000000,0.388664
tournament,c16_r37.5m,16,37.500000,431,0.000000,-0.005263,0.253955,0.194241,0.639201,0.000611,0.001000,1.000000,1.000000,0.097024
tournament,c16_r37.5m,16,37.500000,432,0.000000,0.009524,0.763231,0.651423,0.513022,0.000250,0.001000,1.000000,1.000000,0.652163
tournament,c16_r37.5m,16,37.500000,420,0.000000,0.022143,0.272350,0.271352,0.485492,0.000306,0.001000,1.000000,1.000000,0.397686
tournament,c16_r37.5m,16,37.500000,421,0.166667,-0.030694,0.538963,0.338533,0.437175,0.000417,0.001000,1.000000,1.000000,0.306079
tournament,c16_r37.5m,16,37.500000,422,0.000000,-0.006169,0.493611,0.283154,0.651238,0.000111,0.001000,1.000000,1.000000,0.116851
tournament,c16_r37.5m,16,37.500000,423,0.000000,0.001224,0.116096,0.140376,0.422611,0.000389,0.001000,1.000000,1.000000,0.112023
tournament,c16_r37.5m,16,37.500000,435,0.000000,0.015641,0.361580,0.476727,0.652355,0.000389,0.001000,1.000000,1.000000,0.408038
tournament,c16_r37.5m,16,37.500000,437,0.000000,0.007984,0.580055,0.344485,0.765864,0.000444,0.001000,1.000000,1.000000,0.310808
tournament,c16_r37.5m,16,37.500000,426,0.000000,-0.036084,0.664210,0.188122,0.271038,0.000528,0.001000,1.000000,1.000000,0.301038
tournament,c16_r37.5m,16,37.500000,438,0.106383,0.014484,0.797204,0.793953,0.833898,0.000722,0.001000,1.000000,1.000000,0.700810
tournament,c16_r37.5m,16,37.500000,428,0.000000,0.059444,0.348133,0.653303,0.273385,0.000361,0.001000,1.000000,1.000000,0.591363
tournament,c16_r37.5m,16,37.500000,439,0.000000,0.034359,0.334823,0.311995,0.705657,0.000278,0.001000,1.000000,1.000000,0.298716
tournament,c16_r37.5m,16,37.500000,429,0.000000,0.036969,0.360229,0.550315,0.528388,0.000333,0.001000,1.000000,1.000000,0.387840
tournament,c16_r37.5m,16,37.500000,430,0.000000,-0.002545,0.296571,0.253108,0.757748,0.000472,0.001000,1.000000,1.000000,0.211181
tournament,c16_r37.5m,16,37.500000,440,0.038462,0.041758,0.310111,0.358074,0.716952,0.000583,0.001000,1.000000,1.000000,0.438396
tournament,c16_r37.5m,16,37.500000,433,0.000000,0.075029,0.488354,0.431645,0.880119,0.000611,0.001000,1.000000,1.000000,0.558361
tournament,c16_r37.5m,16,37.500000,434,0.000000,-0.007139,0.124625,0.411009,0.587300,0.000278,0.001000,1.000000,1.000000,0.234116
tournament,c16_r37.5m,16,37.500000,445,0.000000,0.020972,0.397826,0.386412,0.849107,0.000417,0.001000,1.000000,1.000000,0.199013
tournament,c16_r37.5m,16,37.500000,436,0.005787,0.006134,0.446443,0.326089,0.736398,0.000833,0.001000,1.000000,1.000000,0.223074
tournament,c16_r37.5m,16,37.500000,446,-0.047619,0.025898,0.241389,0.221415,0.431401,0.000528,0.001000,1.000000,1.000000,0.242259
tournament,c16_r37.5m,16,37.500000,448,0.100000,0.060000,0.340175,0.275595,0.742027,0.000500,0.001000,1.000000,1.000000,0.345418
tournament,c16_r75m,16,75.000000,400,0.086771,0.014085,0.375045,0.346860,0.540465,0.001500,0.001000,1.000000,1.000000,0.321275
tournament,c16_r75m,16,75.000000,403,0.080460,0.047230,0.478103,0.613424,0.609656,0.001472,0.001000,1.000000,1.000000,0.557761
tournament,c16_r37.5m,16,37.500000,441,0.000000,0.024930,0.349902,0.692454,0.640560,0.000139,0.001000,1.000000,1.000000,0.733442
tournament,c16_r37.5m,16,37.500000,442,0.125000,0.033316,0.317120,0.407195,0.749726,0.000722,0.001000,1.000000,1.000000,0.248920
tournament,c16_r37.5m,16,37.500000,443,0.000000,-0.006667,0.530325,0.280610,0.413118,0.000556,0.001000,1.000000,1.000000,0.293189
tournament,c16_r37.5m,16,37.500000,444,0.000000,-0.020000,0.220147,0.515757,0.662546,0.000500,0.001000,1.000000,1.000000,0.524207
tournament,c16_r75m,16,75.000000,406,0.092593,0.052693,0.297381,0.382045,0.361476,0.000917,0.001000,1.000000,0.998333,0.446479
tournament,c16_r37.5m,16,37.500000,447,0.000000,0.062500,0.579874,0.488254,0.456809,0.000500,0.001000,1.000000,1.000000,0.345414
tournament,c16_r75m,16,75.000000,408,-0.019608,0.010334,0.370190,0.128492,0.620253,0.001194,0.001000,1.000000,1.000000,0.281956
tournament,c16_r75m,16,75.000000,409,0.032436,0.032460,0.366737,0.409720,0.679664,0.000750,0.001000,1.000000,0.996667,0.422742
tournament,c16_r75m,16,75.000000,410,0.019608,0.044496,0.238811,0.415955,0.758680,0.000611,0.001000,1.000000,0.998333,0.523609
tournament,c16_r37.5m,16,37.500000,449,-0.030303,-0.024459,0.131967,0.236621,0.725902,0.000444,0.001000,1.000000,1.000000,0.267577
tournament,c16_r75m,16,75.000000,411,0.132570,0.066025,0.797468,0.172089,0.677028,0.001083,0.001000,1.000000,1.000000,0.165815
tournament,c16_r75m,16,75.000000,401,0.027473,0.047709,0.625053,0.371484,0.756532,0.000972,0.001000,1.000000,1.000000,0.282070
tournament,c16_r75m,16,75.000000,402,0.042620,0.026642,0.165028,0.372322,0.461965,0.001028,0.001000,1.000000,1.000000,0.482213
tournament,c16_r75m,16,75.000000,404,0.047960,0.062019,0.668964,0.361577,0.795592,0.000861,0.001000,1.000000,0.998333,0.371448
tournament,c16_r75m,16,75.000000,405,0.098177,0.034061,0.568993,0.263132,0.783596,0.001139,0.001000,1.000000,0.998333,0.175517
tournament,c16_r75m,16,75.000000,416,-0.011236,0.076714,0.293763,0.193447,0.539555,0.000806,0.001000,1.000000,1.000000,0.152060
tournament,c16_r75m,16,75.000000,407,0.025132,0.062662,0.246613,0.212987,0.497167,0.001139,0.001000,1.000000,0.998333,0.195356
tournament,c16_r75m,16,75.000000,418,0.014286,0.049733,0.411191,0.461225,0.516937,0.000861,0.001000,1.000000,0.998333,0.490815
tournament,c16_r75m,16,75.000000,419,0.054299,0.039632,0.416623,0.860192,0.857161,0.001944,0.001000,1.000000,0.998333,0.796378
tournament,c16_r75m,16,75.000000,420,0.136032,0.062481,0.509026,0.232713,0.690358,0.001250,0.001000,1.000000,0.996667,0.257243
tournament,c16_r75m,16,75.000000,422,0.014796,0.025294,0.591155,0.440204,0.525181,0.000972,0.001000,1.000000,0.998333,0.514832
tournament,c16_r75m,16,75.000000,412,0.121212,0.036557,0.579416,0.306166,0.637286,0.000806,0.001000,1.000000,1.000000,0.192505
tournament,c16_r75m,16,75.000000,414,0.064312,0.044141,0.532654,0.160652,0.851743,0.001667,0.001000,1.000000,1.000000,0.197419
tournament,c16_r75m,16,75.000000,413,0.121581,0.059173,0.308868,0.342489,0.668426,0.001444,0.001000,1.000000,0.998333,0.234553
tournament,c16_r75m,16,75.000000,427,-0.030234,0.055707,0.391263,0.620336,0.340413,0.001361,0.001000,1.000000,0.998333,0.307665
tournament,c16_r75m,16,75.000000,415,0.099722,0.048319,0.473705,0.361313,0.722700,0.000806,0.001000,1.000000,1.000000,0.289966
tournament,c16_r75m,16,75.000000,429,-0.011628,0.024981,0.406157,0.273300,0.472134,0.001083,0.001000,1.000000,0.998333,0.254924
tournament,c16_r75m,16,75.000000,417,0.000000,0.040467,0.390645,0.116539,0.755296,0.000778,0.001000,1.000000,1.000000,0.267060
tournament,c16_r75m,16,75.000000,430,0.042460,0.036846,0.372780,0.662312,0.798964,0.001194,0.001000,1.000000,1.000000,0.600983
tournament,c16_r75m,16,75.000000,431,0.058824,0.072469,0.372355,0.471154,0.439498,0.000917,0.001000,1.000000,1.000000,0.461973
tournament,c16_r75m,16,75.000000,421,0.074315,0.067940,0.441242,0.410381,0.838366,0.000944,0.001000,1.000000,0.998333,0.384810
tournament,c16_r75m,16,75.000000,432,-0.127976,0.006361,0.476286,0.482758,0.292903,0.001222,0.002797,0.983333,0.998333,0.438634
tournament,c16_r75m,16,75.000000,423,0.043478,0.024136,0.167931,0.684343,0.451098,0.000944,0.001000,1.000000,0.998333,0.619451
tournament,c16_r75m,16,75.000000,424,0.000000,0.030313,0.248400,0.426661,0.393702,0.000639,0.001000,1.000000,1.000000,0.441331
tournament,c16_r75m,16,75.000000,425,0.020717,0.036714,0.261695,0.321251,0.875659,0.000722,0.001000,1.000000,1.000000,0.374267
tournament,c16_r75m,16,75.000000,426,-0.002865,0.000523,0.221112,0.478824,0.426495,0.001000,0.001000,1.000000,1.000000,0.547945
tournament,c16_r75m,16,75.000000,436,0.023256,0.021506,0.156426,0.543624,0.756451,0.000611,0.001000,1.000000,0.998333,0.384752
tournament,c16_r75m,16,75.000000,438,0.087882,0.039267,0.255460,0.361618,0.728976,0.001000,0.001000,1.000000,1.000000,0.249787
tournament,c16_r75m,16,75.000000,428,0.016369,0.021596,0.297829,0.210312,0.702980,0.001139,0.001000,1.000000,1.000000,0.215410
tournament,c16_r75m,16,75.000000,440,0.000000,0.042569,0.489315,0.395876,0.785788,0.000333,0.001000,1.000000,0.998333,0.431205
tournament,c16_r75m,16,75.000000,441,0.081287,0.066704,0.478057,0.557735,0.707224,0.001778,0.001000,1.000000,1.000000,0.501625
tournament,c16_r75m,16,75.000000,443,0.159864,0.058466,0.322819,0.384402,0.649888,0.001583,0.001000,1.000000,1.000000,0.277088
tournament,c16_r75m,16,75.000000,433,0.026280,0.035885,0.542334,0.458182,0.439038,0.000944,0.001000,1.000000,0.998333,0.437027
tournament,c16_r75m,16,75.000000,434,0.095238,0.064331,0.581683,0.783998,0.699370,0.001833,0.001000,1.000000,0.995000,0.704613
tournament,c16_r75m,16,75.000000,435,0.105293,0.054185,0.515114,0.430828,0.566300,0.001278,0.001000,1.000000,1.000000,0.419793
tournament,c16_r75m,16,75.000000,448,0.013866,0.029294,0.211886,0.658607,0.752030,0.001528,0.001000,1.000000,0.998333,0.561300
tournament,c16_r75m,16,75.000000,437,0.014085,0.014829,0.200947,0.418719,0.854858,0.001611,0.001000,1.000000,1.000000,0.232915
tournament,c16_r75m,16,75.000000,449,0.077629,0.039019,0.508810,0.534525,0.748556,0.001056,0.001000,1.000000,0.998333,0.522473
tournament,c16_r75m,16,75.000000,439,0.201456,0.027709,0.272969,0.266687,0.328267,0.001500,0.001000,1.000000,0.998333,0.228225
tournament,c16_r75m,16,75.000000,442,-0.015568,0.014601,0.132756,0.674108,0.838634,0.001389,0.001000,1.000000,1.000000,0.638415
tournament,c16_r75m,16,75.000000,444,-0.019048,0.047629,0.200842,0.169862,0.556477,0.001361,0.001000,1.000000,0.998333,0.154510
tournament,c16_r75m,16,75.000000,445,0.006466,0.036372,0.169972,0.165575,0.607152,0.002306,0.001000,1.000000,0.996667,0.189273
tournament,c16_r75m,16,75.000000,446,0.057110,0.046623,0.392941,0.481586,0.321150,0.001750,0.001547,0.983333,0.995000,0.416996
tournament,c16_r75m,16,75.000000,447,0.000000,0.032500,0.175134,0.142560,0.135114,0.000722,0.001000,1.000000,1.000000,0.300915
tournament,c16_r150m,16,150.000000,401,0.096306,0.105666,0.887161,0.921872,0.457313,0.209944,1.239357,0.000000,0.000000,0.872854
tournament,c16_r150m,16,150.000000,402,0.093179,0.100370,0.884464,0.827248,0.784338,0.209917,1.222065,0.000000,0.000000,0.840485
tournament,c16_r150m,16,150.000000,403,0.107787,0.099565,0.888367,0.917603,0.605265,0.206389,1.214420,0.000000,0.000000,0.871062
tournament,c16_r150m,16,150.000000,407,0.093492,0.102361,0.883369,0.895234,0.794747,0.203306,1.190464,0.000000,0.000000,0.845408
tournament,c16_r150m,16,150.000000,409,0.102479,0.100774,0.872321,0.932300,0.412749,0.212056,1.276547,0.000000,0.000000,0.892990
tournament,c16_r150m,16,150.000000,400,0.105187,0.101178,0.894141,0.919342,0.280075,0.208250,1.216583,0.000000,0.000000,0.898827
tournament,c16_r150m,16,150.000000,408,0.114629,0.104207,0.879705,0.889827,0.742912,0.211528,1.294276,0.000000,0.000000,0.888734
tournament,c16_r150m,16,150.000000,416,0.083216,0.095822,0.852319,0.923291,0.737151,0.206972,1.218110,0.000000,0.000000,0.912569
tournament,c16_r150m,16,150.000000,417,0.088928,0.098435,0.878786,0.913251,0.591923,0.208167,1.248926,0.000000,0.000000,0.857490
tournament,c16_r150m,16,150.000000,406,0.088891,0.105907,0.888553,0.912488,0.720855,0.209222,1.267103,0.000000,0.000000,0.819288
tournament,c16_r150m,16,150.000000,404,0.098509,0.095060,0.881670,0.908236,0.914812,0.210056,1.247332,0.000000,0.000000,0.892477
tournament,c16_r150m,16,150.000000,405,0.097044,0.094896,0.784209,0.892598,0.392698,0.203028,1.155747,0.000000,0.000000,0.869283
tournament,c16_r150m,16,150.000000,419,0.108266,0.099249,0.905161,0.889030,0.860915,0.210583,1.248163,0.000000,0.000000,0.898778
tournament,c16_r150m,16,150.000000,410,0.116268,0.107551,0.907854,0.866494,0.436518,0.210583,1.269651,0.000000,0.000000,0.852976
tournament,c16_r150m,16,150.000000,420,0.096721,0.100035,0.887021,0.888411,0.817413,0.204917,1.185301,0.000000,0.000000,0.879276
tournament,c16_r150m,16,150.000000,421,0.087917,0.099381,0.815314,0.933028,0.652495,0.209611,1.228619,0.000000,0.000000,0.895916
tournament,c16_r150m,16,150.000000,411,0.108579,0.109232,0.873096,0.901054,0.418695,0.212167,1.276326,0.000000,0.000000,0.898500
tournament,c16_r150m,16,150.000000,412,0.099944,0.101679,0.935409,0.929193,0.709162,0.220472,1.363604,0.000000,0.000000,0.871900
tournament,c16_r150m,16,150.000000,414,0.082419,0.095130,0.885233,0.871040,0.597702,0.205611,1.204516,0.000000,0.000000,0.869308
tournament,c16_r150m,16,150.000000,413,0.115552,0.105907,0.892054,0.841672,0.650690,0.216806,1.313368,0.000000,0.000000,0.869315
tournament,c16_r150m,16,150.000000,422,0.113292,0.108766,0.937348,0.909777,0.300513,0.208778,1.252613,0.000000,0.000000,0.883800
tournament,c16_r150m,16,150.000000,415,0.086961,0.097718,0.874220,0.871068,0.701409,0.204250,1.170579,0.000000,0.001667,0.861145
tournament,c16_r150m,16,150.000000,423,0.119853,0.110842,0.870486,0.868108,0.319324,0.207056,1.205733,0.000000,0.000000,0.872496
tournament,c16_r150m,16,150.000000,424,0.083536,0.099100,0.795742,0.877348,0.543239,0.210611,1.251645,0.000000,0.000000,0.866728
tournament,c16_r150m,16,150.000000,418,0.100815,0.101437,0.884881,0.900957,0.499456,0.209750,1.260307,0.000000,0.000000,0.889124
tournament,c16_r150m,16,150.000000,428,0.116507,0.098679,0.879110,0.835171,0.533928,0.206806,1.222950,0.000000,0.000000,0.862451
tournament,c16_r150m,16,150.000000,430,0.096813,0.100935,0.908792,0.901513,0.651818,0.213472,1.281600,0.000000,0.000000,0.868612
tournament,c16_r150m,16,150.000000,431,0.084015,0.099645,0.897893,0.898048,0.876087,0.214167,1.291094,0.000000,0.000000,0.882691
tournament,c16_r150m,16,150.000000,436,0.095721,0.100656,0.940822,0.921840,0.658510,0.209361,1.239245,0.000000,0.000000,0.863491
tournament,c16_r150m,16,150.000000,438,0.099820,0.102195,0.905677,0.876916,0.644314,0.211333,1.247304,0.000000,0.000000,0.873849
tournament,c16_r150m,16,150.000000,439,0.091724,0.098800,0.830697,0.833118,0.775427,0.208667,1.221704,0.000000,0.000000,0.871614
tournament,c16_r150m,16,150.000000,427,0.093141,0.099207,0.860411,0.898565,0.734474,0.214611,1.277923,0.000000,0.000000,0.894977
tournament,c16_r150m,16,150.000000,425,0.092102,0.093727,0.777709,0.928058,0.542719,0.200639,1.132640,0.000000,0.000000,0.879482
tournament,c16_r150m,16,150.000000,426,0.106934,0.099638,0.872641,0.888547,0.637168,0.206500,1.195436,0.000000,0.000000,0.869119
tournament,c16_r150m,16,150.000000,429,0.099525,0.107641,0.894704,0.903013,0.636514,0.205306,1.184979,0.000000,0.000000,0.896134
tournament,c16_r150m,16,150.000000,441,0.109405,0.106306,0.904085,0.853497,0.487544,0.212056,1.278994,0.000000,0.000000,0.891446
tournament,c16_r150m,16,150.000000,442,0.087262,0.095548,0.894485,0.841835,0.534427,0.207444,1.206916,0.000000,0.000000,0.859376
tournament,c16_r150m,16,150.000000,432,0.093271,0.100452,0.916636,0.886179,0.832840,0.210083,1.238420,0.000000,0.000000,0.878156
tournament,c16_r150m,16,150.000000,433,0.107513,0.099699,0.871808,0.875690,0.329040,0.208028,1.225458,0.000000,0.000000,0.860679
tournament,c16_r150m,16,150.000000,443,0.100891,0.106755,0.880572,0.897964,0.586485,0.213056,1.252334,0.000000,0.000000,0.876019
tournament,c16_r150m,16,150.000000,434,0.086094,0.093110,0.904548,0.889021,0.758997,0.209056,1.233320,0.000000,0.000000,0.906732
tournament,c16_r150m,16,150.000000,435,0.089926,0.097295,0.760394,0.935466,0.795825,0.206639,1.209348,0.000000,0.000000,0.862859
tournament,c16_r150m,16,150.000000,437,0.091258,0.106835,0.880382,0.906908,0.517577,0.210417,1.287026,0.000000,0.000000,0.856460
tournament,c16_r150m,16,150.000000,444,0.094665,0.105492,0.875593,0.896219,0.551638,0.213361,1.285762,0.000000,0.000000,0.884510
tournament,c16_r150m,16,150.000000,445,0.111909,0.102680,0.880736,0.904787,0.828929,0.208833,1.239287,0.000000,0.000000,0.878989
tournament,c16_r150m,16,150.000000,446,0.102268,0.095377,0.888092,0.896916,0.857200,0.198889,1.160324,0.000000,0.000000,0.899405
tournament,c16_r150m,16,150.000000,440,0.116668,0.106762,0.894333,0.893794,0.634965,0.215000,1.293782,0.000000,0.000000,0.856927
tournament,c16_r300m,16,300.000000,401,0.149306,0.140871,0.913981,0.914830,0.571680,0.415861,3.780450,0.000000,0.000000,0.904240
tournament,c16_r300m,16,300.000000,402,0.134519,0.141505,0.824377,0.909811,0.715677,0.403917,3.641086,0.000000,0.000000,0.907111
tournament,c16_r150m,16,150.000000,447,0.109023,0.102320,0.866309,0.905472,0.636859,0.212778,1.282006,0.000000,0.000000,0.887901
tournament,c16_r150m,16,150.000000,449,0.088848,0.098520,0.896990,0.894714,0.607263,0.213472,1.290298,0.000000,0.000000,0.888854
tournament,c16_r300m,16,300.000000,405,0.137251,0.137910,0.893171,0.879840,0.822276,0.407917,3.684018,0.000000,0.000000,0.888561
tournament,c16_r150m,16,150.000000,448,0.095732,0.105285,0.880595,0.896261,0.638317,0.207833,1.237387,0.000000,0.000000,0.887358
tournament,c16_r300m,16,300.000000,409,0.166919,0.145990,0.914604,0.849328,0.460507,0.409972,3.715997,0.000000,0.000000,0.878530
tournament,c16_r300m,16,300.000000,410,0.142104,0.139665,0.878187,0.854248,0.514450,0.403694,3.647814,0.000000,0.000000,0.854426
tournament,c16_r300m,16,300.000000,411,0.127895,0.139441,0.928024,0.884801,0.588070,0.405556,3.651823,0.000000,0.000000,0.873560
tournament,c16_r300m,16,300.000000,400,0.140491,0.144249,0.842478,0.899319,0.772620,0.407833,3.690217,0.000000,0.000000,0.882963
tournament,c16_r300m,16,300.000000,413,0.142848,0.148600,0.832258,0.903710,0.288955,0.408167,3.695959,0.000000,0.000000,0.889522
tournament,c16_r300m,16,300.000000,414,0.156925,0.141130,0.881710,0.917410,0.619550,0.419444,3.821774,0.000000,0.000000,0.909305
tournament,c16_r300m,16,300.000000,403,0.136085,0.132745,0.764385,0.896283,0.769205,0.398694,3.597985,0.000000,0.000000,0.891557
tournament,c16_r300m,16,300.000000,406,0.145049,0.140083,0.850969,0.900989,0.497998,0.406583,3.661646,0.000000,0.000000,0.909081
tournament,c16_r300m,16,300.000000,404,0.116085,0.144335,0.878283,0.930030,0.617462,0.405528,3.667922,0.000000,0.000000,0.903377
tournament,c16_r300m,16,300.000000,417,0.147088,0.149851,0.888142,0.869898,0.431290,0.397472,3.580263,0.000000,0.000000,0.866142
tournament,c16_r300m,16,300.000000,407,0.127846,0.138383,0.897050,0.947725,0.854384,0.408944,3.711851,0.000000,0.000000,0.900113
tournament,c16_r300m,16,300.000000,408,0.130858,0.140460,0.897963,0.899652,0.500852,0.398222,3.573520,0.000000,0.000000,0.884206
tournament,c16_r300m,16,300.000000,419,0.137965,0.140587,0.902657,0.907134,0.561873,0.404472,3.647245,0.000000,0.000000,0.900269
tournament,c16_r300m,16,300.000000,420,0.170165,0.148558,0.871066,0.944132,0.736673,0.407250,3.669997,0.000000,0.000000,0.896517
tournament,c16_r300m,16,300.000000,421,0.173755,0.144357,0.873107,0.894650,0.788103,0.405750,3.670316,0.000000,0.000000,0.912466
tournament,c16_r300m,16,300.000000,412,0.157689,0.145083,0.888209,0.901548,0.627547,0.411833,3.740829,0.000000,0.000000,0.875699
tournament,c16_r300m,16,300.000000,423,0.142189,0.144817,0.864323,0.922162,0.311927,0.411000,3.729036,0.000000,0.000000,0.898148
tournament,c16_r300m,16,300.000000,424,0.147440,0.146822,0.903255,0.913010,0.505078,0.418528,3.843472,0.000000,0.000000,0.900043
tournament,c16_r300m,16,300.000000,416,0.141278,0.144361,0.915863,0.871621,0.568994,0.410611,3.719833,0.000000,0.000000,0.887608
tournament,c16_r300m,16,300.000000,415,0.141638,0.135925,0.849173,0.882480,0.829682,0.407722,3.682933,0.000000,0.000000,0.882374
tournament,c16_r300m,16,300.000000,418,0.158192,0.143843,0.889815,0.919265,0.568296,0.403528,3.645015,0.000000,0.000000,0.889512
tournament,c16_r300m,16,300.000000,428,0.136744,0.148747,0.887352,0.927532,0.824248,0.408750,3.695039,0.000000,0.000000,0.880225
tournament,c16_r300m,16,300.000000,431,0.137866,0.141583,0.883747,0.896185,0.544802,0.404056,3.652545,0.000000,0.000000,0.886117
tournament,c16_r300m,16,300.000000,432,0.148833,0.153137,0.874011,0.869591,0.388349,0.400111,3.628010,0.000000,0.000000,0.856658
tournament,c16_r300m,16,300.000000,433,0.171546,0.147195,0.887233,0.893249,0.624023,0.410361,3.741326,0.000000,0.000000,0.895713
tournament,c16_r300m,16,300.000000,422,0.143854,0.140157,0.864323,0.918859,0.516097,0.406528,3.675958,0.000000,0.000000,0.890425
tournament,c16_r300m,16,300.000000,435,0.137573,0.144272,0.867625,0.908523,0.736432,0.402778,3.649573,0.000000,0.000000,0.910673
tournament,c16_r300m,16,300.000000,425,0.155595,0.143205,0.822471,0.902488,0.715873,0.404917,3.678467,0.000000,0.000000,0.873052
tournament,c16_r300m,16,300.000000,426,0.141628,0.140235,0.876222,0.910282,0.417326,0.397361,3.571478,0.000000,0.000000,0.892788
tournament,c16_r300m,16,300.000000,436,0.152060,0.141181,0.910356,0.913938,0.421151,0.403778,3.666507,0.000000,0.000000,0.892321
tournament,c16_r300m,16,300.000000,430,0.129091,0.144998,0.880938,0.892670,0.268808,0.403111,3.646069,0.000000,0.000000,0.907790
tournament,c16_r300m,16,300.000000,429,0.139075,0.141011,0.863393,0.882986,0.541130,0.401861,3.610570,0.000000,0.000000,0.883365
tournament,c16_r300m,16,300.000000,427,0.126566,0.140198,0.840190,0.875794,0.659471,0.413667,3.755541,0.000000,0.000000,0.871905
tournament,c16_r300m,16,300.000000,440,0.150523,0.134696,0.914868,0.927700,0.726091,0.407972,3.700596,0.000000,0.000000,0.895095
tournament,c16_r300m,16,300.000000,442,0.158490,0.150098,0.885385,0.914811,0.236326,0.409472,3.731818,0.000000,0.000000,0.894042
tournament,c16_r300m,16,300.000000,443,0.149755,0.149393,0.914247,0.864482,0.747587,0.414361,3.782779,0.000000,0.000000,0.882462
tournament,c16_r300m,16,300.000000,441,0.141640,0.136397,0.863484,0.910339,0.760855,0.395944,3.573995,0.000000,0.000000,0.879484
tournament,c16_r300m,16,300.000000,434,0.146576,0.147200,0.844138,0.900271,0.825831,0.411417,3.747355,0.000000,0.000000,0.878666
tournament,c16_r300m,16,300.000000,445,0.136265,0.142042,0.925865,0.926176,0.681220,0.407611,3.678917,0.000000,0.000000,0.891581
tournament,c16_r300m,16,300.000000,437,0.155714,0.140819,0.858673,0.930464,0.885404,0.405278,3.671740,0.000000,0.000000,0.893979
tournament,c16_r300m,16,300.000000,438,0.122524,0.142993,0.868694,0.895576,0.707206,0.411722,3.727163,0.000000,0.000000,0.896822
tournament,c16_r300m,16,300.000000,448,0.159489,0.155006,0.911038,0.904541,0.526634,0.412278,3.750263,0.000000,0.000000,0.903847
tournament,c16_r300m,16,300.000000,439,0.140097,0.137305,0.905281,0.902475,0.803281,0.403472,3.631549,0.000000,0.000000,0.877922
tournament,c16_r600m,16,600.000000,402,0.118687,0.133830,0.890333,0.907954,0.831991,0.688833,7.185852,0.000000,0.000000,0.888264
tournament,c16_r600m,16,600.000000,403,0.134039,0.135456,0.827080,0.871358,0.611652,0.692333,7.218541,0.000000,0.000000,0.867097
tournament,c16_r600m,16,600.000000,404,0.116989,0.131250,0.734891,0.911214,0.825789,0.686722,7.187331,0.000000,0.000000,0.884954
tournament,c16_r600m,16,600.000000,405,0.121178,0.133649,0.795080,0.900528,0.653633,0.689028,7.190632,0.000000,0.000000,0.900490
tournament,c16_r300m,16,300.000000,444,0.144813,0.145080,0.875980,0.930359,0.517134,0.410472,3.723512,0.000000,0.000000,0.899291
tournament,c16_r300m,16,300.000000,446,0.137636,0.142821,0.878929,0.881408,0.625676,0.404944,3.669203,0.000000,0.000000,0.863374
tournament,c16_r300m,16,300.000000,447,0.134562,0.142835,0.826491,0.914360,0.553063,0.409083,3.697660,0.000000,0.000000,0.900889
tournament,c16_r300m,16,300.000000,449,0.156493,0.143323,0.893414,0.920732,0.783122,0.417167,3.805905,0.000000,0.000000,0.888613
tournament,c16_r600m,16,600.000000,407,0.127332,0.128642,0.862357,0.926411,0.694665,0.692000,7.229285,0.000000,0.000000,0.915169
tournament,c16_r600m,16,600.000000,400,0.144118,0.133478,0.773980,0.924120,0.804619,0.690611,7.231534,0.000000,0.000000,0.878977
tournament,c16_r600m,16,600.000000,401,0.151121,0.130508,0.879958,0.913846,0.410436,0.675083,7.046341,0.000000,0.000000,0.908930
tournament,c16_r600m,16,600.000000,410,0.147221,0.134230,0.838089,0.942602,0.653127,0.692472,7.226072,0.000000,0.000000,0.906324
tournament,c16_r600m,16,600.000000,413,0.132529,0.132000,0.904835,0.919010,0.429956,0.686917,7.166989,0.000000,0.000000,0.893940
tournament,c16_r600m,16,600.000000,414,0.143204,0.136079,0.859714,0.941462,0.391921,0.694500,7.284651,0.000000,0.000000,0.900555
tournament,c16_r600m,16,600.000000,415,0.127012,0.131213,0.896819,0.924803,0.486237,0.702694,7.364943,0.000000,0.000000,0.886581
tournament,c16_r600m,16,600.000000,406,0.146120,0.134129,0.814154,0.933595,0.761643,0.691722,7.229668,0.000000,0.000000,0.894974
tournament,c16_r600m,16,600.000000,412,0.121145,0.133572,0.909226,0.905170,0.196683,0.686639,7.167485,0.000000,0.000000,0.895470
tournament,c16_r600m,16,600.000000,408,0.158154,0.139750,0.895180,0.905562,0.782680,0.700083,7.309899,0.000000,0.000000,0.906044
tournament,c16_r600m,16,600.000000,409,0.138678,0.137898,0.876646,0.910645,0.810407,0.697778,7.298905,0.000000,0.000000,0.899244
tournament,c16_r600m,16,600.000000,422,0.130715,0.141724,0.893548,0.911561,0.675415,0.694500,7.266138,0.000000,0.000000,0.915061
tournament,c16_r600m,16,600.000000,421,0.155072,0.131613,0.907949,0.900934,0.817110,0.691167,7.215852,0.000000,0.000000,0.902104
tournament,c16_r600m,16,600.000000,411,0.136607,0.135990,0.897053,0.934103,0.675500,0.697361,7.282820,0.000000,0.000000,0.908944
tournament,c16_r600m,16,600.000000,420,0.149118,0.141579,0.878432,0.922845,0.820600,0.706667,7.407387,0.000000,0.000000,0.887266
tournament,c16_r600m,16,600.000000,425,0.143801,0.137464,0.876009,0.883646,0.815283,0.682639,7.118540,0.000000,0.000000,0.905713
tournament,c16_r600m,16,600.000000,416,0.139124,0.138998,0.902621,0.897825,0.652342,0.690361,7.190845,0.000000,0.000000,0.900108
tournament,c16_r600m,16,600.000000,424,0.121985,0.129134,0.861078,0.922492,0.546172,0.686139,7.149263,0.000000,0.000000,0.873937
tournament,c16_r600m,16,600.000000,428,0.146462,0.130579,0.859084,0.903460,0.855231,0.688139,7.180465,0.000000,0.000000,0.882654
tournament,c16_r600m,16,600.000000,426,0.136310,0.134255,0.876574,0.934843,0.861040,0.697694,7.279690,0.000000,0.000000,0.901270
tournament,c16_r600m,16,600.000000,417,0.137866,0.143211,0.912619,0.928316,0.456241,0.694306,7.238443,0.000000,0.000000,0.904354
tournament,c16_r600m,16,600.000000,418,0.127148,0.127943,0.842642,0.895592,0.553475,0.694972,7.258313,0.000000,0.000000,0.884874
tournament,c16_r600m,16,600.000000,419,0.119678,0.138103,0.890555,0.941807,0.895771,0.698194,7.282777,0.000000,0.000000,0.902546
tournament,c16_r600m,16,600.000000,431,0.117993,0.133603,0.849624,0.875433,0.787258,0.684306,7.127740,0.000000,0.000000,0.883461
tournament,c16_r600m,16,600.000000,432,0.142595,0.134302,0.920776,0.905675,0.571142,0.687389,7.168411,0.000000,0.000000,0.891883
tournament,c16_r600m,16,600.000000,434,0.139866,0.131677,0.826814,0.921988,0.586224,0.689528,7.213415,0.000000,0.000000,0.911468
tournament,c16_r600m,16,600.000000,423,0.155202,0.134866,0.865976,0.915936,0.819034,0.691333,7.206056,0.000000,0.000000,0.912971
tournament,c16_r600m,16,600.000000,435,0.140293,0.138069,0.796897,0.914520,0.810710,0.686944,7.176423,0.000000,0.000000,0.888949
tournament,c16_r600m,16,600.000000,437,0.136174,0.141514,0.818740,0.953969,0.619395,0.691722,7.229010,0.000000,0.000000,0.917929
tournament,c16_r600m,16,600.000000,427,0.141812,0.131582,0.877649,0.871328,0.759269,0.689722,7.191864,0.000000,0.000000,0.900661
tournament,c16_r600m,16,600.000000,439,0.140019,0.130738,0.902536,0.828322,0.730312,0.680139,7.075490,0.000000,0.000000,0.859217
tournament,c16_r600m,16,600.000000,438,0.156664,0.136767,0.898000,0.923364,0.446546,0.689194,7.192000,0.000000,0.000000,0.905212
tournament,c16_r600m,16,600.000000,429,0.142276,0.125135,0.824502,0.908361,0.250431,0.686306,7.183678,0.000000,0.000000,0.870494
tournament,c16_r600m,16,600.000000,430,0.133758,0.140385,0.835697,0.914471,0.516321,0.698389,7.317395,0.000000,0.000000,0.907227
tournament,c16_r600m,16,600.000000,433,0.142000,0.135257,0.830474,0.922904,0.538414,0.684500,7.138142,0.000000,0.000000,0.892909
tournament,c24_r15m,24,15.000000,400,0.000000,0.000000,0.130781,0.451305,0.567400,0.000167,0.001000,1.000000,1.000000,0.183333
tournament,c24_r15m,24,15.000000,401,0.000000,0.000000,0.666128,0.355992,0.889946,0.000278,0.001000,1.000000,1.000000,0.000000
tournament,c16_r600m,16,600.000000,443,0.127215,0.136429,0.815663,0.890493,0.695264,0.695444,7.266385,0.000000,0.000000,0.888062
tournament,c16_r600m,16,600.000000,445,0.127061,0.133421,0.849675,0.912828,0.539902,0.697917,7.306436,0.000000,0.000000,0.883442
tournament,c16_r600m,16,600.000000,436,0.131128,0.133251,0.897458,0.913893,0.859592,0.694500,7.246077,0.000000,0.000000,0.911902
tournament,c24_r15m,24,15.000000,404,0.000000,0.000000,0.537300,0.245328,0.262822,0.000222,0.001000,1.000000,1.000000,0.000000
tournament,c16_r600m,16,600.000000,447,0.138734,0.134711,0.806853,0.882788,0.757156,0.677306,7.048814,0.000000,0.000000,0.890362
tournament,c16_r600m,16,600.000000,448,0.150537,0.128723,0.855440,0.888702,0.813189,0.692444,7.233913,0.000000,0.000000,0.897705
tournament,c24_r15m,24,15.000000,405,0.000000,0.000000,0.311533,0.165844,0.832364,0.000361,0.001000,1.000000,1.000000,0.000000
tournament,c24_r15m,24,15.000000,406,0.000000,0.000000,0.437693,0.631533,0.357391,0.000417,0.001000,1.000000,1.000000,0.000000
tournament,c24_r15m,24,15.000000,407,0.000000,0.000000,0.195383,0.512657,0.647384,0.000611,0.001000,1.000000,1.000000,0.000000
tournament,c16_r600m,16,600.000000,440,0.129361,0.139777,0.896385,0.910159,0.411052,0.694361,7.254549,0.000000,0.000000,0.908686
tournament,c16_r600m,16,600.000000,444,0.140483,0.137733,0.898866,0.928189,0.575081,0.679972,7.062893,0.000000,0.000000,0.908048
tournament,c24_r15m,24,15.000000,408,0.000000,0.000000,0.257039,0.243800,0.300541,0.000167,0.001000,1.000000,1.000000,0.073611
tournament,c16_r600m,16,600.000000,442,0.121769,0.129176,0.770060,0.938895,0.755734,0.689250,7.218296,0.000000,0.000000,0.912501
tournament,c24_r15m,24,15.000000,402,0.000000,0.000000,0.413989,0.243996,0.650271,0.000361,0.001000,1.000000,1.000000,0.062222
tournament,c16_r600m,16,600.000000,441,0.127816,0.128713,0.752582,0.926281,0.672385,0.693667,7.245477,0.000000,0.000000,0.910436
tournament,c24_r15m,24,15.000000,403,0.000000,0.000000,0.251649,0.495379,0.868907,0.000083,0.001000,1.000000,1.000000,0.000000
tournament,c24_r15m,24,15.000000,410,0.000000,0.000000,0.330780,0.144772,0.545847,0.000278,0.001000,1.000000,1.000000,0.000000
tournament,c24_r15m,24,15.000000,411,0.000000,0.000000,0.617194,0.540280,0.736327,0.000167,0.001000,1.000000,1.000000,0.000000
tournament,c24_r15m,24,15.000000,413,0.000000,0.000000,0.432416,0.225835,0.574385,0.000139,0.001000,1.000000,1.000000,0.100000
tournament,c24_r15m,24,15.000000,412,0.000000,0.000000,0.832942,0.267003,0.757293,0.000306,0.001000,1.000000,1.000000,0.030000
tournament,c24_r15m,24,15.000000,414,0.000000,0.000000,0.195301,0.174004,0.768206,0.000306,0.001000,1.000000,1.000000,0.080000
tournament,c24_r15m,24,15.000000,415,0.000000,0.000000,0.361847,0.262344,0.276506,0.000222,0.001000,1.000000,1.000000,0.016667
tournament,c24_r15m,24,15.000000,418,0.000000,0.000000,0.390974,0.183934,0.723786,0.000139,0.001000,1.000000,1.000000,0.033333
tournament,c24_r15m,24,15.000000,409,0.000000,0.000000,0.486953,0.340050,0.211265,0.000111,0.001000,1.000000,1.000000,0.030000
tournament,c16_r600m,16,600.000000,446,0.117366,0.122969,0.771559,0.877892,0.875878,0.692722,7.247095,0.000000,0.000000,0.893007
tournament,c24_r15m,24,15.000000,423,0.000000,0.000000,0.555669,0.621733,0.679527,0.000111,0.001000,1.000000,1.000000,0.000000
tournament,c16_r600m,16,600.000000,449,0.136989,0.139372,0.916421,0.938966,0.451766,0.699778,7.314700,0.000000,0.000000,0.892866
tournament,c24_r15m,24,15.000000,424,0.000000,0.000000,0.800316,0.191529,0.873311,0.000056,0.001000,1.000000,1.000000,0.037500
tournament,c24_r15m,24,15.000000,425,0.000000,0.000000,0.185575,0.577018,0.762941,0.000139,0.001000,1.000000,1.000000,0.050000
tournament,c24_r15m,24,15.000000,426,0.000000,0.000000,0.478129,0.660179,0.489628,0.000250,0.001000,1.000000,1.000000,0.057143
tournament,c24_r15m,24,15.000000,427,0.000000,0.000000,0.218012,0.484428,0.843939,0.000139,0.001000,1.000000,1.000000,0.000000
tournament,c24_r15m,24,15.000000,428,0.000000,0.000000,0.184589,0.657011,0.346071,0.000083,0.001000,1.000000,1.000000,0.000000
tournament,c24_r15m,24,15.000000,416,0.000000,0.000000,0.177069,0.225839,0.609772,0.000361,0.001000,1.000000,1.000000,0.000000
tournament,c24_r15m,24,15.000000,417,0.000000,0.000000,0.180814,0.359699,0.291380,0.000472,0.001000,1.000000,1.000000,0.033333
tournament,c24_r15m,24,15.000000,429,0.000000,0.012500,0.285806,0.366205,0.691847,0.000139,0.001000,1.000000,1.000000,0.188889
tournament,c24_r15m,24,15.000000,420,0.000000,-0.025000,0.243138,0.340448,0.781663,0.000139,0.001000,1.000000,1.000000,0.042857
tournament,c24_r15m,24,15.000000,419,0.000000,0.000000,0.436640,0.431607,0.708697,0.000528,0.001000,1.000000,1.000000,0.047826
tournament,c24_r15m,24,15.000000,421,0.000000,0.000000,0.263413,0.333863,0.846872,0.000111,0.001000,1.000000,1.000000,0.033333
tournament,c24_r15m,24,15.000000,422,0.000000,0.000000,0.201715,0.260631,0.793585,0.000389,0.001000,1.000000,1.000000,0.066071
tournament,c24_r15m,24,15.000000,432,0.000000,0.000000,0.664509,0.721087,0.687775,0.000333,0.001000,1.000000,1.000000,0.053333
tournament,c24_r15m,24,15.000000,434,0.000000,0.000000,0.535079,0.439601,0.537323,0.000222,0.001000,1.000000,1.000000,0.000000
tournament,c24_r15m,24,15.000000,435,0.500000,0.050000,0.309190,0.380521,0.631687,0.000278,0.001000,1.000000,1.000000,0.100000
tournament,c24_r15m,24,15.000000,438,0.000000,0.000000,0.591305,0.134577,0.490679,0.000167,0.001000,1.000000,1.000000,0.020000
tournament,c24_r15m,24,15.000000,437,0.000000,0.000000,0.621764,0.451222,0.129683,0.000278,0.001000,1.000000,1.000000,0.000000
tournament,c24_r15m,24,15.000000,436,0.000000,0.000000,0.738779,0.282093,0.374866,0.000222,0.001000,1.000000,1.000000,0.012500
tournament,c24_r15m,24,15.000000,441,0.000000,0.000000,0.152689,0.066237,0.352754,0.000056,0.001000,1.000000,1.000000,0.000000
tournament,c24_r15m,24,15.000000,430,0.000000,0.000000,0.317878,0.336534,0.697924,0.000222,0.001000,1.000000,1.000000,0.025000
tournament,c24_r15m,24,15.000000,446,0.000000,0.000000,0.562682,0.331893,0.736004,0.000111,0.001000,1.000000,1.000000,0.050000
tournament,c24_r15m,24,15.000000,431,0.000000,0.000000,0.244770,0.313544,0.519021,0.000278,0.001000,1.000000,1.000000,0.044444
tournament,c24_r15m,24,15.000000,433,0.000000,0.000000,0.570720,0.613166,0.746227,0.000250,0.001000,1.000000,1.000000,0.000000
tournament,c24_r15m,24,15.000000,447,0.000000,0.000000,0.224277,0.203014,0.602954,0.000111,0.001000,1.000000,1.000000,0.043333
tournament,c24_r15m,24,15.000000,448,0.000000,0.000000,0.150773,0.372632,0.481738,0.000167,0.001000,1.000000,1.000000,0.050000
tournament,c24_r15m,24,15.000000,449,0.000000,0.000000,0.412481,0.238193,0.313733,0.000167,0.001000,1.000000,1.000000,0.066667
tournament,c24_r37.5m,24,37.500000,401,0.055556,0.012852,0.373521,0.384420,0.784729,0.000333,0.001000,1.000000,1.000000,0.336084
tournament,c24_r37.5m,24,37.500000,400,0.312500,0.068421,0.617576,0.624967,0.455610,0.000944,0.001000,1.000000,1.000000,0.673034
tournament,c24_r15m,24,15.000000,439,0.000000,-0.100000,0.217875,0.178049,0.701141,0.000639,0.001000,1.000000,1.000000,0.025000
tournament,c24_r15m,24,15.000000,440,0.000000,0.000000,0.330264,0.284725,0.354991,0.000250,0.001000,1.000000,1.000000,0.095238
tournament,c24_r15m,24,15.000000,442,0.000000,0.000000,0.578293,0.334357,0.513868,0.000194,0.001000,1.000000,1.000000,0.000000
tournament,c24_r15m,24,15.000000,443,0.000000,0.000000,0.326926,0.317861,0.748972,0.000361,0.001000,1.000000,1.000000,0.000000
tournament,c24_r15m,24,15.000000,444,0.000000,0.000000,0.217353,0.247585,0.693988,0.000139,0.001000,1.000000,1.000000,0.000000
tournament,c24_r15m,24,15.000000,445,0.000000,0.000000,0.382608,0.360047,0.653660,0.000306,0.001000,1.000000,1.000000,0.000000
tournament,c24_r37.5m,24,37.500000,402,0.000000,0.037942,0.168860,0.139581,0.762764,0.000583,0.001000,1.000000,1.000000,0.189443
tournament,c24_r37.5m,24,37.500000,404,0.166667,0.056652,0.265080,0.439004,0.492594,0.000750,0.001000,1.000000,1.000000,0.239849
tournament,c24_r37.5m,24,37.500000,407,0.015385,0.013034,0.546862,0.810989,0.832864,0.000833,0.001000,1.000000,1.000000,0.857154
tournament,c24_r37.5m,24,37.500000,410,0.104167,0.011348,0.378887,0.228636,0.624140,0.000750,0.001000,1.000000,1.000000,0.185486
tournament,c24_r37.5m,24,37.500000,409,0.000000,-0.017362,0.143530,0.364044,0.395095,0.000639,0.001000,1.000000,1.000000,0.369967
tournament,c24_r37.5m,24,37.500000,411,0.000000,0.010995,0.376098,0.451994,0.846850,0.000528,0.001000,1.000000,1.000000,0.251534
tournament,c24_r37.5m,24,37.500000,408,0.000000,0.083705,0.599028,0.602764,0.773279,0.000333,0.001000,1.000000,1.000000,0.597998
tournament,c24_r37.5m,24,37.500000,413,0.000000,0.068508,0.374456,0.650497,0.649086,0.000778,0.001000,1.000000,1.000000,0.689403
tournament,c24_r37.5m,24,37.500000,403,0.000000,-0.014286,0.575786,0.312192,0.320355,0.000722,0.001000,1.000000,1.000000,0.210786
tournament,c24_r37.5m,24,37.500000,405,0.050000,0.021667,0.456664,0.183528,0.405058,0.000583,0.001000,1.000000,1.000000,0.269330
tournament,c24_r37.5m,24,37.500000,419,0.000000,0.017319,0.330373,0.440184,0.741625,0.000333,0.001000,1.000000,1.000000,0.434859
tournament,c24_r37.5m,24,37.500000,420,0.000000,0.012906,0.109434,0.253198,0.281316,0.000722,0.001000,1.000000,1.000000,0.546776
tournament,c24_r37.5m,24,37.500000,406,0.119048,0.056126,0.417593,0.762547,0.590525,0.001056,0.001000,1.000000,1.000000,0.711023
tournament,c24_r37.5m,24,37.500000,421,-0.666667,0.029964,0.246479,0.514400,0.657084,0.000444,0.001000,1.000000,1.000000,0.446649
tournament,c24_r37.5m,24,37.500000,422,0.062500,0.030556,0.253448,0.519518,0.771742,0.000306,0.001000,1.000000,1.000000,0.583491
tournament,c24_r37.5m,24,37.500000,423,0.021212,0.042614,0.741120,0.273244,0.829452,0.000778,0.001000,1.000000,1.000000,0.298500
tournament,c24_r37.5m,24,37.500000,412,-0.083333,0.000804,0.641658,0.523870,0.635587,0.001000,0.001000,1.000000,1.000000,0.529500
tournament,c24_r37.5m,24,37.500000,414,0.000000,0.017539,0.305788,0.594661,0.598400,0.000556,0.001000,1.000000,1.000000,0.507032
tournament,c24_r37.5m,24,37.500000,415,0.000000,-0.028133,0.234246,0.262910,0.602732,0.000500,0.001000,1.000000,1.000000,0.238027
tournament,c24_r37.5m,24,37.500000,416,0.000000,0.017523,0.233473,0.646538,0.608909,0.000667,0.001000,1.000000,1.000000,0.555072
tournament,c24_r37.5m,24,37.500000,425,0.000000,-0.002959,0.522503,0.183495,0.870682,0.000583,0.001000,1.000000,1.000000,0.207345
tournament,c24_r37.5m,24,37.500000,417,0.072368,0.019934,0.287774,0.553896,0.679965,0.000639,0.001000,1.000000,1.000000,0.574335
tournament,c24_r37.5m,24,37.500000,418,0.000000,-0.008889,0.195939,0.266744,0.388484,0.000667,0.001000,1.000000,1.000000,0.150945
tournament,c24_r37.5m,24,37.500000,428,0.000000,-0.013684,0.182930,0.459523,0.808264,0.000750,0.001000,1.000000,1.000000,0.440721
tournament,c24_r37.5m,24,37.500000,429,-0.125000,0.044243,0.419590,0.501972,0.619739,0.000472,0.001000,1.000000,1.000000,0.461833
tournament,c24_r37.5m,24,37.500000,431,-0.062500,0.051491,0.602264,0.272884,0.760143,0.000611,0.001000,1.000000,1.000000,0.397595
tournament,c24_r37.5m,24,37.500000,432,0.000000,-0.025096,0.368871,0.156170,0.758416,0.000417,0.001000,1.000000,1.000000,0.149047
tournament,c24_r37.5m,24,37.500000,433,-0.076923,0.005658,0.193534,0.429226,0.838312,0.000361,0.001000,1.000000,1.000000,0.503676
tournament,c24_r37.5m,24,37.500000,438,0.000000,0.043529,0.248281,0.293797,0.515146,0.000500,0.001000,1.000000,1.000000,0.345725
tournament,c24_r37.5m,24,37.500000,424,0.000000,0.005483,0.233925,0.153124,0.606217,0.000500,0.001000,1.000000,1.000000,0.213479
tournament,c24_r37.5m,24,37.500000,426,0.000000,-0.000556,0.250309,0.362902,0.166292,0.000306,0.001000,1.000000,1.000000,0.265712
tournament,c24_r37.5m,24,37.500000,427,0.000000,0.040714,0.704483,0.312241,0.552502,0.000667,0.001000,1.000000,1.000000,0.181315
tournament,c24_r37.5m,24,37.500000,442,0.000000,-0.017839,0.379877,0.338632,0.774502,0.000778,0.001000,1.000000,1.000000,0.262156
tournament,c24_r37.5m,24,37.500000,441,0.000000,0.000113,0.189653,0.612313,0.787757,0.000500,0.001000,1.000000,1.000000,0.694722
tournament,c24_r37.5m,24,37.500000,430,0.000000,-0.001474,0.526903,0.108052,0.658114,0.000639,0.001000,1.000000,1.000000,0.169213
tournament,c24_r37.5m,24,37.500000,443,0.000000,0.054446,0.311032,0.274791,0.808917,0.000417,0.001000,1.000000,1.000000,0.329403
tournament,c24_r37.5m,24,37.500000,444,0.000000,0.018897,0.376689,0.328943,0.702296,0.000417,0.001000,1.000000,1.000000,0.445095
tournament,c24_r37.5m,24,37.500000,445,0.000000,-0.004430,0.714641,0.471796,0.360054,0.000306,0.001000,1.000000,1.000000,0.413945
tournament,c24_r37.5m,24,37.500000,434,0.000000,0.018113,0.367406,0.256960,0.708820,0.000361,0.001000,1.000000,1.000000,0.167628
tournament,c24_r37.5m,24,37.500000,435,-0.018519,-0.002328,0.183494,0.277058,0.443331,0.000500,0.001000,1.000000,1.000000,0.475085
tournament,c24_r37.5m,24,37.500000,436,0.000000,0.042949,0.233932,0.188953,0.233773,0.000444,0.001000,1.000000,1.000000,0.258398
tournament,c24_r37.5m,24,37.500000,437,0.092647,0.042745,0.517921,0.296309,0.807699,0.000750,0.001000,1.000000,1.000000,0.290680
tournament,c24_r37.5m,24,37.500000,446,0.111111,0.057620,0.591588,0.438755,0.387798,0.000861,0.001000,1.000000,1.000000,0.724497
tournament,c24_r37.5m,24,37.500000,439,0.071429,0.085372,0.396507,0.601936,0.449978,0.000917,0.001000,1.000000,1.000000,0.473101
tournament,c24_r37.5m,24,37.500000,440,0.000000,0.038813,0.193501,0.604377,0.776081,0.000444,0.001000,1.000000,1.000000,0.296747
tournament,c24_r75m,24,75.000000,400,0.053401,0.059383,0.753872,0.792381,0.901114,0.137972,0.378253,0.016667,0.048333,0.723160
tournament,c24_r75m,24,75.000000,401,0.070411,0.070534,0.922646,0.858581,0.610489,0.140389,0.396383,0.033333,0.038333,0.831184
tournament,c24_r75m,24,75.000000,403,0.060893,0.061621,0.759300,0.807723,0.807797,0.139167,0.392402,0.033333,0.036667,0.829424
tournament,c24_r75m,24,75.000000,405,0.060199,0.057915,0.803492,0.829593,0.400999,0.134778,0.355478,0.083333,0.050000,0.826239
tournament,c24_r37.5m,24,37.500000,447,-0.045455,0.036089,0.378998,0.278286,0.608285,0.000889,0.001000,1.000000,1.000000,0.282189
tournament,c24_r37.5m,24,37.500000,448,0.000000,-0.005033,0.157222,0.355426,0.391416,0.000750,0.001000,1.000000,1.000000,0.443946
tournament,c24_r75m,24,75.000000,404,0.061968,0.062472,0.882067,0.913144,0.809514,0.143278,0.430397,0.016667,0.033333,0.886872
tournament,c24_r37.5m,24,37.500000,449,0.000000,0.009556,0.380348,0.747586,0.806768,0.000889,0.001000,1.000000,1.000000,0.731281
tournament,c24_r75m,24,75.000000,410,0.061262,0.060750,0.873037,0.875238,0.461991,0.140944,0.408243,0.050000,0.035000,0.862433
tournament,c24_r75m,24,75.000000,402,0.062590,0.067736,0.827642,0.662325,0.510203,0.133583,0.358442,0.033333,0.046667,0.629168
tournament,c24_r75m,24,75.000000,413,0.063074,0.060805,0.867594,0.882803,0.790054,0.139639,0.387783,0.066667,0.041667,0.812860
tournament,c24_r75m,24,75.000000,414,0.079762,0.078498,0.874946,0.758656,0.238342,0.135306,0.373143,0.066667,0.053333,0.669276
tournament,c24_r75m,24,75.000000,406,0.066080,0.067834,0.775711,0.830335,0.633086,0.139694,0.391655,0.000000,0.041667,0.756957
tournament,c24_r75m,24,75.000000,415,0.086873,0.063351,0.885993,0.903010,0.483392,0.142556,0.452905,0.016667,0.030000,0.863645
tournament,c24_r75m,24,75.000000,416,0.059482,0.059815,0.843920,0.769766,0.740627,0.132278,0.349945,0.050000,0.055000,0.736688
tournament,c24_r75m,24,75.000000,407,0.059765,0.052680,0.844361,0.904959,0.817374,0.141167,0.410562,0.033333,0.051667,0.858594
tournament,c24_r75m,24,75.000000,419,0.056046,0.054608,0.904822,0.899419,0.674403,0.137806,0.378059,0.050000,0.043333,0.876621
tournament,c24_r75m,24,75.000000,408,0.059121,0.058986,0.772286,0.883470,0.499143,0.138000,0.375190,0.016667,0.028333,0.861066
tournament,c24_r75m,24,75.000000,411,0.083174,0.069715,0.742497,0.590960,0.549168,0.138806,0.397824,0.066667,0.048333,0.594158
tournament,c24_r75m,24,75.000000,409,0.066591,0.064593,0.887524,0.815158,0.506185,0.144556,0.445983,0.000000,0.038333,0.809581
tournament,c24_r75m,24,75.000000,421,0.071478,0.054992,0.841133,0.728766,0.565841,0.132694,0.351448,0.083333,0.048333,0.762043
tournament,c24_r75m,24,75.000000,412,0.068699,0.060488,0.815038,0.846716,0.873983,0.138250,0.407830,0.066667,0.040000,0.868180
tournament,c24_r75m,24,75.000000,423,0.089177,0.068380,0.850432,0.867776,0.475349,0.136750,0.399914,0.000000,0.030000,0.884889
tournament,c24_r75m,24,75.000000,424,0.068554,0.066389,0.898519,0.836438,0.465772,0.146917,0.467477,0.016667,0.026667,0.795269
tournament,c24_r75m,24,75.000000,417,0.056594,0.049792,0.801782,0.751757,0.761634,0.137194,0.350798,0.050000,0.043333,0.680454
tournament,c24_r75m,24,75.000000,418,0.072267,0.062108,0.896160,0.859124,0.670968,0.138361,0.398684,0.050000,0.040000,0.838876
tournament,c24_r75m,24,75.000000,426,0.083802,0.058265,0.923015,0.911047,0.912805,0.140111,0.423953,0.033333,0.041667,0.887961
tournament,c24_r75m,24,75.000000,427,0.061071,0.058266,0.782687,0.872099,0.817978,0.137222,0.392674,0.033333,0.036667,0.809794
tournament,c24_r75m,24,75.000000,429,0.068444,0.064049,0.890801,0.903494,0.591658,0.143306,0.444860,0.066667,0.038333,0.883783
tournament,c24_r75m,24,75.000000,420,0.052562,0.058538,0.843839,0.825838,0.457660,0.133556,0.349526,0.100000,0.068333,0.815157
tournament,c24_r75m,24,75.000000,433,0.061305,0.056623,0.843290,0.846458,0.821325,0.143278,0.423049,0.016667,0.041667,0.834850
tournament,c24_r75m,24,75.000000,422,0.068791,0.059741,0.769209,0.883222,0.545168,0.142528,0.409093,0.016667,0.043333,0.886129
tournament,c24_r75m,24,75.000000,435,0.077169,0.071306,0.905663,0.845223,0.512959,0.141778,0.426874,0.000000,0.033333,0.788673
tournament,c24_r75m,24,75.000000,436,0.051918,0.065289,0.843703,0.876960,0.252174,0.132000,0.355940,0.066667,0.058333,0.873238
tournament,c24_r75m,24,75.000000,434,0.061070,0.051717,0.794783,0.760076,0.896448,0.133556,0.341046,0.033333,0.028333,0.787758
tournament,c24_r75m,24,75.000000,425,0.072687,0.066435,0.907002,0.790997,0.459324,0.142111,0.442390,0.066667,0.033333,0.860493
tournament,c24_r75m,24,75.000000,428,0.053979,0.054806,0.866149,0.743877,0.813446,0.136000,0.367184,0.033333,0.050000,0.754278
tournament,c24_r75m,24,75.000000,439,0.074237,0.063784,0.852469,0.775146,0.613105,0.140056,0.392766,0.066667,0.048333,0.718114
tournament,c24_r75m,24,75.000000,440,0.067858,0.057884,0.774579,0.719757,0.872472,0.135583,0.369281,0.050000,0.035000,0.701508
tournament,c24_r75m,24,75.000000,431,0.062112,0.060587,0.825780,0.713471,0.710761,0.133667,0.334589,0.033333,0.050000,0.744744
tournament,c24_r75m,24,75.000000,430,0.044009,0.058756,0.810876,0.871721,0.679415,0.141111,0.384355,0.033333,0.031667,0.848196
tournament,c24_r75m,24,75.000000,432,0.043831,0.058257,0.854449,0.880588,0.757785,0.144694,0.439845,0.033333,0.038333,0.846472
tournament,c24_r75m,24,75.000000,441,0.054633,0.060640,0.827142,0.811446,0.643639,0.140556,0.438033,0.050000,0.031667,0.796095
tournament,c24_r75m,24,75.000000,443,0.059268,0.055377,0.858920,0.859550,0.824579,0.141806,0.425653,0.033333,0.041667,0.829275
tournament,c24_r75m,24,75.000000,445,0.042243,0.058768,0.887296,0.871033,0.735564,0.140056,0.395131,0.050000,0.045000,0.803082
tournament,c24_r75m,24,75.000000,446,0.055406,0.059669,0.867868,0.866991,0.622234,0.137194,0.387015,0.050000,0.028333,0.838043
tournament,c24_r75m,24,75.000000,447,0.056229,0.053792,0.881330,0.885241,0.791257,0.143111,0.435467,0.050000,0.045000,0.857980
tournament,c24_r75m,24,75.000000,437,0.061698,0.055881,0.735577,0.763491,0.652372,0.138083,0.401757,0.016667,0.035000,0.752160
tournament,c24_r75m,24,75.000000,438,0.054155,0.057422,0.915554,0.901674,0.719148,0.139111,0.387392,0.016667,0.036667,0.876269
tournament,c24_r75m,24,75.000000,442,0.068192,0.062380,0.786844,0.811844,0.503482,0.142278,0.422367,0.050000,0.045000,0.798775
tournament,c24_r150m,24,150.000000,400,0.101991,0.086890,0.797962,0.858188,0.547006,0.281194,2.134458,0.000000,0.000000,0.824708
tournament,c24_r150m,24,150.000000,401,0.096616,0.089631,0.901060,0.858578,0.745325,0.286667,2.196155,0.000000,0.000000,0.876243
tournament,c24_r75m,24,75.000000,444,0.062422,0.062691,0.898858,0.752704,0.597162,0.140167,0.402504,0.050000,0.033333,0.785674
tournament,c24_r150m,24,150.000000,405,0.095062,0.092832,0.863578,0.808205,0.662707,0.281250,2.123233,0.000000,0.000000,0.854565
tournament,c24_r150m,24,150.000000,406,0.083573,0.086216,0.844490,0.914449,0.830646,0.279278,2.107770,0.000000,0.000000,0.890970
tournament,c24_r75m,24,75.000000,449,0.074060,0.062092,0.897382,0.653588,0.798966,0.132083,0.313077,0.050000,0.053333,0.711875
tournament,c24_r75m,24,75.000000,448,0.048705,0.056470,0.845600,0.775671,0.684321,0.129694,0.306624,0.050000,0.041667,0.759940
tournament,c24_r150m,24,150.000000,407,0.081633,0.090798,0.889335,0.891765,0.549314,0.286889,2.173137,0.000000,0.000000,0.864386
tournament,c24_r150m,24,150.000000,408,0.090389,0.088251,0.919377,0.810220,0.676538,0.280806,2.099839,0.000000,0.000000,0.792641
tournament,c24_r150m,24,150.000000,409,0.070207,0.087426,0.868796,0.910734,0.565567,0.282444,2.133661,0.000000,0.000000,0.887544
tournament,c24_r150m,24,150.000000,402,0.080940,0.087899,0.908604,0.906113,0.618139,0.281417,2.124990,0.000000,0.000000,0.888617
tournament,c24_r150m,24,150.000000,413,0.067091,0.082555,0.851436,0.933804,0.766715,0.284111,2.158243,0.000000,0.000000,0.895314
tournament,c24_r150m,24,150.000000,403,0.101882,0.092093,0.890693,0.821746,0.639589,0.279111,2.099808,0.000000,0.000000,0.836125
tournament,c24_r150m,24,150.000000,404,0.089896,0.090329,0.908445,0.942603,0.346143,0.280361,2.123347,0.000000,0.000000,0.903243
tournament,c24_r150m,24,150.000000,414,0.090837,0.090937,0.858395,0.789680,0.650760,0.276500,2.062335,0.000000,0.000000,0.807525
tournament,c24_r150m,24,150.000000,410,0.094504,0.090991,0.856392,0.924717,0.849840,0.279611,2.115434,0.000000,0.000000,0.870687
tournament,c24_r150m,24,150.000000,420,0.098312,0.096135,0.826445,0.862770,0.221923,0.275861,2.079626,0.000000,0.000000,0.859099
tournament,c24_r150m,24,150.000000,416,0.094259,0.088175,0.867368,0.891657,0.518834,0.282917,2.146848,0.000000,0.000000,0.890639
tournament,c24_r150m,24,150.000000,421,0.081206,0.088742,0.900435,0.917013,0.688714,0.287028,2.196174,0.000000,0.000000,0.880114
tournament,c24_r150m,24,150.000000,411,0.060268,0.091466,0.823505,0.939050,0.669692,0.280139,2.102903,0.000000,0.000000,0.904970
tournament,c24_r150m,24,150.000000,417,0.088024,0.098136,0.911687,0.928243,0.487316,0.289389,2.239211,0.000000,0.000000,0.905104
tournament,c24_r150m,24,150.000000,422,0.093095,0.096943,0.884660,0.915761,0.446563,0.288889,2.209299,0.000000,0.000000,0.888877
tournament,c24_r150m,24,150.000000,412,0.105146,0.090693,0.880716,0.897349,0.316399,0.280528,2.115820,0.000000,0.000000,0.880216
tournament,c24_r150m,24,150.000000,424,0.090875,0.093637,0.875104,0.878140,0.710129,0.285972,2.196034,0.000000,0.000000,0.858101
tournament,c24_r150m,24,150.000000,415,0.090656,0.090655,0.902579,0.902431,0.516009,0.279861,2.130375,0.000000,0.000000,0.877444
tournament,c24_r150m,24,150.000000,427,0.081138,0.093819,0.830118,0.915724,0.346610,0.289833,2.229987,0.000000,0.000000,0.883133
tournament,c24_r150m,24,150.000000,418,0.097809,0.096929,0.865138,0.866108,0.367133,0.278361,2.108729,0.000000,0.000000,0.873518
tournament,c24_r150m,24,150.000000,419,0.068063,0.088641,0.917492,0.906226,0.377160,0.283333,2.156179,0.000000,0.000000,0.893157
tournament,c24_r150m,24,150.000000,429,0.092565,0.094632,0.871142,0.901801,0.329088,0.277944,2.098369,0.000000,0.000000,0.879109
tournament,c24_r150m,24,150.000000,428,0.087771,0.086201,0.883386,0.882904,0.721444,0.287333,2.195552,0.000000,0.000000,0.863692
tournament,c24_r150m,24,150.000000,433,0.097589,0.087657,0.871243,0.899829,0.487323,0.290806,2.235575,0.000000,0.000000,0.889863
tournament,c24_r150m,24,150.000000,434,0.084246,0.087616,0.859110,0.861295,0.497488,0.284750,2.159765,0.000000,0.000000,0.863189
tournament,c24_r150m,24,150.000000,425,0.088650,0.091828,0.905057,0.876725,0.386666,0.290278,2.237149,0.000000,0.000000,0.876945
tournament,c24_r150m,24,150.000000,423,0.101163,0.097797,0.867846,0.909564,0.437380,0.284861,2.166138,0.000000,0.000000,0.885772
tournament,c24_r150m,24,150.000000,436,0.072280,0.082227,0.847145,0.895323,0.694106,0.274722,2.040144,0.000000,0.000000,0.909219
tournament,c24_r150m,24,150.000000,426,0.078177,0.081794,0.867704,0.847129,0.888726,0.282139,2.143160,0.000000,0.000000,0.853296
tournament,c24_r150m,24,150.000000,438,0.099373,0.092980,0.927736,0.906182,0.444191,0.298694,2.320818,0.000000,0.000000,0.877504
tournament,c24_r150m,24,150.000000,431,0.078122,0.088366,0.818006,0.870694,0.660556,0.283417,2.148741,0.000000,0.000000,0.864871
tournament,c24_r150m,24,150.000000,430,0.092445,0.089917,0.908707,0.891289,0.799461,0.278611,2.080973,0.000000,0.000000,0.848145
tournament,c24_r150m,24,150.000000,441,0.088062,0.089171,0.852099,0.911497,0.538150,0.282778,2.134325,0.000000,0.000000,0.866175
tournament,c24_r150m,24,150.000000,442,0.078134,0.086395,0.875614,0.862750,0.557685,0.274639,2.046467,0.000000,0.000000,0.829418
tournament,c24_r150m,24,150.000000,432,0.090254,0.099868,0.887404,0.874472,0.340404,0.280139,2.124952,0.000000,0.000000,0.855776
tournament,c24_r150m,24,150.000000,443,0.081605,0.089304,0.826321,0.886257,0.424405,0.284806,2.182647,0.000000,0.000000,0.867064
tournament,c24_r150m,24,150.000000,444,0.100452,0.087974,0.877064,0.794297,0.609049,0.282111,2.125999,0.000000,0.000000,0.831252
tournament,c24_r150m,24,150.000000,435,0.101493,0.096555,0.888538,0.885463,0.234627,0.291139,2.242020,0.000000,0.000000,0.871763
tournament,c24_r150m,24,150.000000,437,0.103510,0.098576,0.876104,0.874967,0.381899,0.281222,2.128449,0.000000,0.000000,0.849710
tournament,c24_r150m,24,150.000000,447,0.088240,0.086275,0.892268,0.915913,0.886488,0.280944,2.110436,0.000000,0.000000,0.869491
tournament,c24_r150m,24,150.000000,439,0.097320,0.086472,0.890659,0.828093,0.828010,0.280556,2.132923,0.000000,0.000000,0.853772
tournament,c24_r150m,24,150.000000,440,0.097765,0.085396,0.850190,0.871426,0.633621,0.285417,2.174844,0.000000,0.000000,0.882019
tournament,c24_r150m,24,150.000000,449,0.104294,0.096635,0.908800,0.888972,0.339529,0.280528,2.153181,0.000000,0.000000,0.874362
tournament,c24_r300m,24,300.000000,402,0.130663,0.114163,0.895994,0.934137,0.795075,0.514083,5.005681,0.000000,0.000000,0.904577
tournament,c24_r300m,24,300.000000,403,0.106281,0.114476,0.791882,0.877140,0.655938,0.507667,4.953333,0.000000,0.000000,0.876478
tournament,c24_r150m,24,150.000000,445,0.083448,0.087938,0.866314,0.911222,0.777092,0.282444,2.129106,0.000000,0.000000,0.899770
tournament,c24_r150m,24,150.000000,446,0.086553,0.083404,0.914541,0.831807,0.846911,0.283250,2.156942,0.000000,0.000000,0.849007
tournament,c24_r300m,24,300.000000,406,0.122236,0.126990,0.902954,0.899392,0.511645,0.518472,5.070262,0.000000,0.000000,0.902154
tournament,c24_r150m,24,150.000000,448,0.103656,0.090808,0.884927,0.784349,0.618877,0.279611,2.111134,0.000000,0.000000,0.835997
tournament,c24_r300m,24,300.000000,408,0.108828,0.117480,0.890067,0.904910,0.635804,0.513639,5.020823,0.000000,0.000000,0.898423
tournament,c24_r300m,24,300.000000,409,0.122457,0.119746,0.929117,0.886059,0.834850,0.517417,5.057053,0.000000,0.000000,0.877174
tournament,c24_r300m,24,300.000000,400,0.125293,0.119202,0.835224,0.888094,0.465387,0.504306,4.897976,0.000000,0.000000,0.873826
tournament,c24_r300m,24,300.000000,405,0.092237,0.112553,0.890023,0.896625,0.493471,0.511250,4.988836,0.000000,0.000000,0.884547
tournament,c24_r300m,24,300.000000,401,0.133761,0.120269,0.865648,0.913943,0.529501,0.523806,5.147796,0.000000,0.000000,0.885376
tournament,c24_r300m,24,300.000000,413,0.126696,0.110527,0.847194,0.913495,0.684923,0.508806,4.969216,0.000000,0.000000,0.898412
tournament,c24_r300m,24,300.000000,404,0.086020,0.107452,0.874292,0.900785,0.823637,0.522194,5.112796,0.000000,0.000000,0.872306
tournament,c24_r300m,24,300.000000,414,0.099216,0.102442,0.815081,0.922786,0.723996,0.497917,4.833375,0.000000,0.000000,0.887752
tournament,c24_r300m,24,300.000000,407,0.111376,0.129550,0.817812,0.939274,0.228353,0.510278,4.990612,0.000000,0.000000,0.911083
tournament,c24_r300m,24,300.000000,417,0.114012,0.113684,0.930278,0.894749,0.536950,0.504083,4.899239,0.000000,0.000000,0.897082
tournament,c24_r300m,24,300.000000,419,0.117215,0.112893,0.863532,0.911982,0.675329,0.514389,5.023342,0.000000,0.000000,0.875676
tournament,c24_r300m,24,300.000000,420,0.141126,0.124303,0.917125,0.911047,0.863087,0.517111,5.044785,0.000000,0.000000,0.887941
tournament,c24_r300m,24,300.000000,411,0.109611,0.126010,0.903008,0.861032,0.515201,0.510056,4.977686,0.000000,0.000000,0.873163
tournament,c24_r300m,24,300.000000,410,0.123411,0.119185,0.881728,0.883960,0.635360,0.511667,4.985194,0.000000,0.000000,0.855667
tournament,c24_r300m,24,300.000000,412,0.113173,0.115438,0.825671,0.878012,0.758552,0.513056,5.007019,0.000000,0.000000,0.877278
tournament,c24_r300m,24,300.000000,424,0.120569,0.124889,0.823758,0.916069,0.264477,0.511861,5.001798,0.000000,0.000000,0.906254
tournament,c24_r300m,24,300.000000,416,0.121721,0.112598,0.891696,0.891810,0.765893,0.515111,5.027763,0.000000,0.000000,0.892477
tournament,c24_r300m,24,300.000000,415,0.127070,0.114650,0.864958,0.857509,0.648439,0.517944,5.076932,0.000000,0.000000,0.861402
tournament,c24_r300m,24,300.000000,426,0.126924,0.121309,0.886552,0.921410,0.625058,0.514917,5.016352,0.000000,0.000000,0.890595
tournament,c24_r300m,24,300.000000,418,0.113898,0.120107,0.891875,0.909824,0.799400,0.518806,5.057553,0.000000,0.000000,0.905619
tournament,c24_r300m,24,300.000000,421,0.103312,0.116435,0.862566,0.903062,0.736765,0.513972,5.019495,0.000000,0.000000,0.884759
tournament,c24_r300m,24,300.000000,428,0.101729,0.116970,0.896374,0.905698,0.703609,0.515917,5.025145,0.000000,0.000000,0.889467
tournament,c24_r300m,24,300.000000,429,0.115236,0.114271,0.873457,0.900886,0.368072,0.512000,5.001819,0.000000,0.000000,0.876956
tournament,c24_r300m,24,300.000000,430,0.137225,0.116178,0.873082,0.935166,0.829365,0.523528,5.125231,0.000000,0.000000,0.875355
tournament,c24_r300m,24,300.000000,422,0.106296,0.119411,0.879985,0.865467,0.630003,0.507472,4.950885,0.000000,0.000000,0.847315
tournament,c24_r300m,24,300.000000,423,0.108839,0.121816,0.921451,0.855113,0.524223,0.519361,5.093065,0.000000,0.000000,0.878712
tournament,c24_r300m,24,300.000000,425,0.116203,0.107900,0.865721,0.898792,0.639060,0.513056,5.011179,0.000000,0.000000,0.886649
tournament,c24_r300m,24,300.000000,427,0.132481,0.119265,0.900951,0.906375,0.812726,0.519250,5.076860,0.000000,0.000000,0.879106
tournament,c24_r300m,24,300.000000,437,0.121814,0.120685,0.935667,0.915638,0.775446,0.520722,5.094130,0.000000,0.000000,0.892446
tournament,c24_r300m,24,300.000000,434,0.105953,0.119286,0.885732,0.893753,0.255911,0.510972,4.997967,0.000000,0.000000,0.883702
tournament,c24_r300m,24,300.000000,439,0.097111,0.113272,0.882709,0.908617,0.546297,0.507028,4.944240,0.000000,0.000000,0.906757
tournament,c24_r300m,24,300.000000,440,0.096989,0.117003,0.804111,0.924644,0.482322,0.511944,4.991752,0.000000,0.000000,0.905281
tournament,c24_r300m,24,300.000000,435,0.106627,0.119774,0.895239,0.875494,0.539649,0.507694,4.932319,0.000000,0.000000,0.870521
tournament,c24_r300m,24,300.000000,433,0.124315,0.113870,0.915328,0.870864,0.646585,0.514389,5.008088,0.000000,0.000000,0.868553
tournament,c24_r300m,24,300.000000,431,0.109038,0.117443,0.929696,0.910655,0.650600,0.515722,5.021826,0.000000,0.000000,0.888086
tournament,c24_r300m,24,300.000000,432,0.102911,0.123881,0.911592,0.934714,0.717481,0.521306,5.101657,0.000000,0.000000,0.897919
tournament,c24_r300m,24,300.000000,441,0.120233,0.122638,0.888312,0.929142,0.269665,0.516972,5.078705,0.000000,0.000000,0.904377
tournament,c24_r300m,24,300.000000,442,0.102428,0.120129,0.774596,0.919024,0.794829,0.516583,5.065600,0.000000,0.000000,0.904623
tournament,c24_r300m,24,300.000000,436,0.127747,0.125198,0.866900,0.914424,0.335866,0.514194,5.024213,0.000000,0.000000,0.901426
tournament,c24_r300m,24,300.000000,438,0.120521,0.126661,0.908878,0.899975,0.594582,0.512556,4.989848,0.000000,0.000000,0.893171
tournament,c24_r300m,24,300.000000,443,0.124352,0.116713,0.868489,0.909475,0.805928,0.514167,5.014976,0.000000,0.000000,0.894907
tournament,c24_r300m,24,300.000000,447,0.131689,0.112585,0.899596,0.904781,0.478734,0.523806,5.136535,0.000000,0.000000,0.895631
tournament,c24_r300m,24,300.000000,449,0.123368,0.114737,0.885178,0.900643,0.767075,0.518583,5.065713,0.000000,0.000000,0.903529
tournament,c24_r300m,24,300.000000,448,0.113998,0.113223,0.880942,0.875526,0.601114,0.507194,4.932397,0.000000,0.000000,0.882443
tournament,c24_r600m,24,600.000000,400,0.088277,0.091413,0.829749,0.933940,0.666044,0.797028,8.554666,0.000000,0.000000,0.883898
tournament,c24_r600m,24,600.000000,401,0.089907,0.085262,0.870541,0.871499,0.804760,0.797028,8.558532,0.000000,0.000000,0.871375
tournament,c24_r600m,24,600.000000,404,0.091680,0.087620,0.840991,0.889168,0.638993,0.801694,8.610583,0.000000,0.000000,0.883418
tournament,c24_r300m,24,300.000000,444,0.132900,0.114858,0.898135,0.922341,0.611480,0.521750,5.110988,0.000000,0.000000,0.900886
tournament,c24_r300m,24,300.000000,445,0.123680,0.119331,0.901836,0.881578,0.809646,0.515444,5.028314,0.000000,0.000000,0.882512
tournament,c24_r600m,24,600.000000,402,0.077888,0.078188,0.769480,0.855066,0.741182,0.790944,8.501223,0.000000,0.000000,0.841382
tournament,c24_r300m,24,300.000000,446,0.105277,0.114829,0.932848,0.822260,0.548455,0.515139,5.021545,0.000000,0.000000,0.835578
tournament,c24_r600m,24,600.000000,406,0.100168,0.084254,0.743116,0.905050,0.528819,0.790139,8.501290,0.000000,0.000000,0.886949
tournament,c24_r600m,24,600.000000,405,0.077867,0.084916,0.835944,0.914696,0.708349,0.798222,8.577719,0.000000,0.000000,0.870054
tournament,c24_r600m,24,600.000000,403,0.092796,0.088452,0.900295,0.905100,0.722055,0.794417,8.527928,0.000000,0.000000,0.874481
tournament,c24_r600m,24,600.000000,410,0.075022,0.082308,0.779764,0.906982,0.563285,0.790472,8.491569,0.000000,0.000000,0.886971
tournament,c24_r600m,24,600.000000,409,0.072378,0.085552,0.722060,0.924238,0.693654,0.799861,8.612010,0.000000,0.000000,0.880244
tournament,c24_r600m,24,600.000000,407,0.091167,0.090364,0.919904,0.958979,0.451405,0.803556,8.635897,0.000000,0.000000,0.896376
tournament,c24_r600m,24,600.000000,408,0.080208,0.081520,0.866675,0.884720,0.226798,0.800361,8.622990,0.000000,0.000000,0.882412
tournament,c24_r600m,24,600.000000,412,0.094713,0.092990,0.768231,0.919422,0.728056,0.792222,8.502616,0.000000,0.000000,0.893807
tournament,c24_r600m,24,600.000000,413,0.078724,0.075782,0.786643,0.922491,0.749630,0.796389,8.561952,0.000000,0.000000,0.876277
tournament,c24_r600m,24,600.000000,411,0.088572,0.084080,0.822350,0.857261,0.514475,0.793222,8.529100,0.000000,0.000000,0.879343
tournament,c24_r600m,24,600.000000,414,0.094601,0.087099,0.909501,0.863322,0.881302,0.801361,8.603923,0.000000,0.000000,0.876736
tournament,c24_r600m,24,600.000000,415,0.103577,0.090779,0.817922,0.953646,0.563174,0.799250,8.571264,0.000000,0.000000,0.902364
tournament,c24_r600m,24,600.000000,416,0.088152,0.084658,0.903753,0.918693,0.216852,0.792417,8.507121,0.000000,0.000000,0.898488
tournament,c24_r600m,24,600.000000,421,0.068347,0.083042,0.667904,0.926352,0.456194,0.792944,8.536527,0.000000,0.000000,0.887570
tournament,c24_r600m,24,600.000000,420,0.107100,0.100009,0.898387,0.930315,0.793362,0.784083,8.404545,0.000000,0.000000,0.901604
tournament,c24_r600m,24,600.000000,419,0.081427,0.087585,0.759486,0.918555,0.801610,0.788917,8.467658,0.000000,0.000000,0.908460
tournament,c24_r600m,24,600.000000,418,0.105852,0.089905,0.774369,0.897975,0.324433,0.790389,8.505462,0.000000,0.000000,0.877894
tournament,c24_r600m,24,600.000000,417,0.070676,0.086045,0.802607,0.932161,0.831156,0.786111,8.439436,0.000000,0.000000,0.901436
tournament,c24_r600m,24,600.000000,422,0.097912,0.088154,0.835952,0.879804,0.785114,0.801417,8.615086,0.000000,0.000000,0.888744
tournament,c24_r600m,24,600.000000,424,0.074893,0.086925,0.853483,0.908119,0.910006,0.798278,8.576093,0.000000,0.000000,0.903960
tournament,c24_r600m,24,600.000000,423,0.088948,0.084721,0.804676,0.906888,0.797623,0.795528,8.543218,0.000000,0.000000,0.908963
tournament,c24_r600m,24,600.000000,425,0.085779,0.083855,0.794852,0.855757,0.830041,0.796972,8.570429,0.000000,0.000000,0.876068
tournament,c24_r600m,24,600.000000,426,0.081490,0.085322,0.927787,0.891017,0.261336,0.793806,8.520777,0.000000,0.000000,0.880325
tournament,c24_r600m,24,600.000000,427,0.082908,0.084289,0.858672,0.884812,0.620816,0.780556,8.362195,0.000000,0.000000,0.886125
tournament,c24_r600m,24,600.000000,430,0.099884,0.085405,0.873492,0.902428,0.895734,0.799583,8.585135,0.000000,0.000000,0.885252
tournament,c24_r600m,24,600.000000,429,0.073494,0.084343,0.812300,0.843922,0.619057,0.787889,8.464476,0.000000,0.000000,0.862067
tournament,c24_r600m,24,600.000000,428,0.076569,0.092210,0.751372,0.906311,0.517215,0.794139,8.539236,0.000000,0.000000,0.907634
tournament,c24_r600m,24,600.000000,431,0.077610,0.085635,0.869035,0.896494,0.580466,0.796556,8.560335,0.000000,0.000000,0.879956
tournament,c24_r600m,24,600.000000,432,0.085673,0.083405,0.806185,0.904356,0.682140,0.793111,8.526604,0.000000,0.000000,0.894594
tournament,c24_r600m,24,600.000000,433,0.105477,0.091220,0.865734,0.905329,0.313839,0.791444,8.498350,0.000000,0.000000,0.878038
tournament,c24_r600m,24,600.000000,434,0.083046,0.083571,0.782388,0.920923,0.503530,0.796000,8.557324,0.000000,0.000000,0.870273
tournament,c24_r600m,24,600.000000,435,0.072780,0.084071,0.871124,0.931289,0.258793,0.795139,8.544317,0.000000,0.000000,0.902093
tournament,c24_r600m,24,600.000000,436,0.080088,0.081295,0.814323,0.910292,0.823109,0.790222,8.472008,0.000000,0.000000,0.890513
tournament,c24_r600m,24,600.000000,437,0.089249,0.089207,0.850048,0.913842,0.820323,0.791083,8.491961,0.000000,0.000000,0.902273
tournament,c24_r600m,24,600.000000,438,0.096187,0.084598,0.954304,0.927588,0.560915,0.803139,8.617018,0.000000,0.000000,0.893769
tournament,c24_r600m,24,600.000000,439,0.073056,0.086620,0.792283,0.863113,0.381365,0.787667,8.475401,0.000000,0.000000,0.856177
tournament,c24_r600m,24,600.000000,440,0.093229,0.080438,0.782773,0.923660,0.603989,0.794111,8.536538,0.000000,0.000000,0.894707
tournament,c24_r600m,24,600.000000,441,0.080942,0.084797,0.732330,0.873303,0.699782,0.788167,8.476011,0.000000,0.000000,0.869163
tournament,c24_r600m,24,600.000000,442,0.094252,0.084321,0.837149,0.880821,0.587628,0.789083,8.475947,0.000000,0.000000,0.885025
tournament,c24_r600m,24,600.000000,443,0.096691,0.088751,0.894273,0.908349,0.694850,0.799667,8.590739,0.000000,0.000000,0.888478
tournament,c24_r600m,24,600.000000,444,0.087112,0.089761,0.880794,0.864280,0.657079,0.790000,8.482547,0.000000,0.000000,0.897474
tournament,c24_r600m,24,600.000000,446,0.080855,0.081533,0.802628,0.921581,0.297344,0.787806,8.475625,0.000000,0.000000,0.874594
tournament,c24_r600m,24,600.000000,445,0.076392,0.087242,0.850650,0.897982,0.503354,0.795750,8.546342,0.000000,0.000000,0.896421
tournament,c24_r600m,24,600.000000,447,0.081090,0.086432,0.875537,0.888015,0.647330,0.789194,8.465270,0.000000,0.000000,0.875705
tournament,c24_r600m,24,600.000000,449,0.089982,0.084355,0.841942,0.855735,0.574017,0.793750,8.536665,0.000000,0.000000,0.883495
tournament,c24_r600m,24,600.000000,448,0.094660,0.088446,0.848353,0.884998,0.496236,0.796611,8.569764,0.000000,0.000000,0.876583
