variant,condition,food_site_count,food_site_radius,seed,final_recruitment_advantage,tail_recruitment_advantage,final_directional_bias,final_receiver_attention,final_dance_propensity,final_success,final_payoff,final_floor_fraction,tail_floor_fraction,tail_dance_follow_share
no_capacity_floor,c1_r15m,1,15.000000,414,0.000000,0.000000,0.284674,0.615733,0.725319,0.000000,0.001000,1.000000,1.000000,0.050000
no_capacity_floor,c1_r15m,1,15.000000,402,0.000000,0.000000,0.342343,0.425406,0.159816,0.000056,0.001000,1.000000,1.000000,0.000000
no_capacity_floor,c1_r15m,1,15.000000,411,0.000000,0.000000,0.405971,0.233658,0.524356,0.000056,0.001000,1.000000,1.000000,0.100794
no_capacity_floor,c1_r15m,1,15.000000,400,0.000000,0.000000,0.283915,0.184602,0.692990,0.000083,0.001000,1.000000,1.000000,0.050857
no_capacity_floor,c1_r15m,1,15.000000,410,0.000000,0.000000,0.284286,0.393506,0.267007,0.000056,0.001000,1.000000,1.000000,0.103333
no_capacity_floor,c1_r15m,1,15.000000,416,0.000000,-0.020000,0.368965,0.540703,0.672271,0.000000,0.001000,1.000000,1.000000,0.044444
no_capacity_floor,c1_r15m,1,15.000000,417,0.000000,0.000000,0.415651,0.272092,0.514211,0.000000,0.001000,1.000000,1.000000,0.020000
no_capacity_floor,c1_r15m,1,15.000000,419,0.142857,0.014286,0.696128,0.571117,0.583631,0.000111,0.001000,1.000000,1.000000,0.102778
no_capacity_floor,c1_r15m,1,15.000000,418,0.000000,0.000000,0.577800,0.318101,0.769215,0.000111,0.001000,1.000000,1.000000,0.020000
no_capacity_floor,c1_r15m,1,15.000000,401,0.000000,0.016667,0.512498,0.767546,0.443468,0.000111,0.001000,1.000000,1.000000,0.275000
no_capacity_floor,c1_r15m,1,15.000000,415,0.000000,0.000000,0.421993,0.526884,0.704759,0.000000,0.001000,1.000000,1.000000,0.000000
no_capacity_floor,c1_r15m,1,15.000000,403,0.000000,0.014286,0.264875,0.313917,0.524292,0.000111,0.001000,1.000000,1.000000,0.262500
no_capacity_floor,c1_r15m,1,15.000000,406,0.000000,0.000000,0.456280,0.347930,0.701840,0.000056,0.001000,1.000000,1.000000,0.100000
no_capacity_floor,c1_r15m,1,15.000000,409,0.000000,0.000000,0.188873,0.676998,0.524384,0.000083,0.001000,1.000000,1.000000,0.200000
no_capacity_floor,c1_r15m,1,15.000000,408,0.000000,0.000000,0.175580,0.455908,0.427984,0.000083,0.001000,1.000000,1.000000,0.100000
no_capacity_floor,c1_r15m,1,15.000000,412,0.000000,0.000000,0.524860,0.322802,0.797880,0.000083,0.001000,1.000000,1.000000,0.150000
no_capacity_floor,c1_r15m,1,15.000000,407,0.000000,0.000000,0.129356,0.244283,0.401061,0.000000,0.001000,1.000000,1.000000,0.000000
no_capacity_floor,c1_r15m,1,15.000000,413,0.000000,0.000000,0.696107,0.510679,0.521207,0.000000,0.001000,1.000000,1.000000,0.000000
no_capacity_floor,c1_r15m,1,15.000000,404,0.000000,0.000000,0.239273,0.278980,0.644368,0.000194,0.001000,1.000000,1.000000,0.080460
no_capacity_floor,c1_r15m,1,15.000000,405,0.000000,0.000000,0.560251,0.319736,0.609239,0.000194,0.001000,1.000000,1.000000,0.058333
no_capacity_floor,c1_r15m,1,15.000000,420,0.000000,0.000000,0.366806,0.174500,0.841269,0.000139,0.001000,1.000000,1.000000,0.191111
no_capacity_floor,c1_r15m,1,15.000000,423,-0.142857,-0.014286,0.470535,0.213407,0.646834,0.000083,0.001000,1.000000,1.000000,0.020000
no_capacity_floor,c1_r15m,1,15.000000,421,0.000000,0.016667,0.582991,0.488670,0.682979,0.000056,0.001000,1.000000,1.000000,0.066667
no_capacity_floor,c1_r15m,1,15.000000,424,0.000000,0.050000,0.432623,0.231754,0.853575,0.000056,0.001000,1.000000,1.000000,0.183333
no_capacity_floor,c1_r15m,1,15.000000,425,0.000000,0.000000,0.329035,0.129772,0.492369,0.000083,0.001000,1.000000,1.000000,0.000000
no_capacity_floor,c1_r15m,1,15.000000,436,0.000000,0.000000,0.214641,0.531845,0.800988,0.000000,0.001000,1.000000,1.000000,0.000000
no_capacity_floor,c1_r15m,1,15.000000,434,0.000000,0.000000,0.552007,0.142658,0.809408,0.000111,0.001000,1.000000,1.000000,0.062222
no_capacity_floor,c1_r15m,1,15.000000,437,0.000000,0.000000,0.489091,0.375467,0.384007,0.000028,0.001000,1.000000,1.000000,0.033333
no_capacity_floor,c1_r15m,1,15.000000,439,0.000000,0.000000,0.337735,0.267593,0.562073,0.000222,0.001000,1.000000,1.000000,0.033333
no_capacity_floor,c1_r15m,1,15.000000,438,0.000000,0.000000,0.409990,0.255503,0.564939,0.000056,0.001000,1.000000,1.000000,0.000000
no_capacity_floor,c1_r15m,1,15.000000,440,0.000000,0.000000,0.273768,0.422686,0.757359,0.000056,0.001000,1.000000,1.000000,0.026316
no_capacity_floor,c1_r15m,1,15.000000,422,0.000000,0.000000,0.531530,0.315703,0.487944,0.000028,0.001000,1.000000,1.000000,0.157143
no_capacity_floor,c1_r15m,1,15.000000,427,0.000000,0.000000,0.346193,0.390712,0.761599,0.000083,0.001000,1.000000,1.000000,0.025000
no_capacity_floor,c1_r15m,1,15.000000,426,0.000000,0.000000,0.502195,0.368337,0.586189,0.000139,0.001000,1.000000,1.000000,0.200000
no_capacity_floor,c1_r15m,1,15.000000,430,0.000000,0.000000,0.446154,0.495702,0.458997,0.000028,0.001000,1.000000,1.000000,0.066667
no_capacity_floor,c1_r15m,1,15.000000,428,0.000000,0.000000,0.543845,0.227412,0.871396,0.000000,0.001000,1.000000,1.000000,0.000000
no_capacity_floor,c1_r15m,1,15.000000,429,0.000000,0.000000,0.456049,0.231415,0.729029,0.000111,0.001000,1.000000,1.000000,0.100000
no_capacity_floor,c1_r15m,1,15.000000,432,0.000000,-0.014286,0.161668,0.133823,0.855118,0.000083,0.001000,1.000000,1.000000,0.062500
no_capacity_floor,c1_r15m,1,15.000000,433,0.000000,0.000000,0.399324,0.224428,0.331516,0.000000,0.001000,1.000000,1.000000,0.070000
no_capacity_floor,c1_r15m,1,15.000000,431,0.000000,0.000000,0.372235,0.336523,0.599638,0.000083,0.001000,1.000000,1.000000,0.020000
no_capacity_floor,c1_r15m,1,15.000000,435,0.000000,0.000000,0.510082,0.517615,0.605434,0.000000,0.001000,1.000000,1.000000,0.023611
no_capacity_floor,c1_r15m,1,15.000000,441,0.000000,0.036111,0.224481,0.759378,0.714165,0.000111,0.001000,1.000000,1.000000,0.257143
no_capacity_floor,c1_r15m,1,15.000000,442,0.000000,0.033333,0.240818,0.516258,0.686675,0.000028,0.001000,1.000000,1.000000,0.230357
no_capacity_floor,c1_r15m,1,15.000000,443,0.000000,0.000000,0.564181,0.410499,0.639349,0.000167,0.001000,1.000000,1.000000,0.105556
no_capacity_floor,c1_r15m,1,15.000000,445,0.000000,0.000000,0.223058,0.582476,0.262124,0.000111,0.001000,1.000000,1.000000,0.014286
no_capacity_floor,c1_r15m,1,15.000000,444,0.000000,0.000000,0.414410,0.359053,0.509237,0.000056,0.001000,1.000000,1.000000,0.011111
no_capacity_floor,c1_r15m,1,15.000000,446,0.000000,0.000000,0.511124,0.325398,0.659013,0.000056,0.001000,1.000000,1.000000,0.063333
no_capacity_floor,c1_r37.5m,1,37.500000,407,0.038462,0.035404,0.486396,0.401407,0.643732,0.000917,0.001000,1.000000,1.000000,0.449925
no_capacity_floor,c1_r37.5m,1,37.500000,408,-0.050000,-0.016364,0.267339,0.383135,0.801751,0.001056,0.001000,1.000000,1.000000,0.576816
no_capacity_floor,c1_r37.5m,1,37.500000,411,-0.023256,0.035342,0.274510,0.271034,0.664537,0.000472,0.001000,1.000000,1.000000,0.223601
no_capacity_floor,c1_r37.5m,1,37.500000,409,-0.005760,0.029665,0.224664,0.393558,0.529039,0.001333,0.001000,1.000000,1.000000,0.322319
no_capacity_floor,c1_r37.5m,1,37.500000,412,0.000000,0.030415,0.485005,0.186592,0.790284,0.000778,0.001000,1.000000,1.000000,0.244477
no_capacity_floor,c1_r15m,1,15.000000,447,0.000000,-0.016667,0.306337,0.405144,0.686246,0.000056,0.001000,1.000000,1.000000,0.193333
no_capacity_floor,c1_r15m,1,15.000000,449,0.000000,0.000000,0.339120,0.403310,0.632805,0.000000,0.001000,1.000000,1.000000,0.053571
no_capacity_floor,c1_r15m,1,15.000000,448,0.000000,0.012857,0.410643,0.262080,0.539133,0.000000,0.001000,1.000000,1.000000,0.075556
no_capacity_floor,c1_r37.5m,1,37.500000,400,-0.003687,0.053760,0.435850,0.414988,0.629247,0.000861,0.001000,1.000000,1.000000,0.452953
no_capacity_floor,c1_r37.5m,1,37.500000,401,-0.010753,0.025545,0.250022,0.337155,0.686898,0.001278,0.001000,1.000000,1.000000,0.378135
no_capacity_floor,c1_r37.5m,1,37.500000,403,0.181818,0.028797,0.570930,0.436709,0.544249,0.000556,0.001000,1.000000,1.000000,0.396955
no_capacity_floor,c1_r37.5m,1,37.500000,402,0.000000,0.045062,0.285997,0.348300,0.521562,0.000972,0.001000,1.000000,1.000000,0.322757
no_capacity_floor,c1_r37.5m,1,37.500000,404,0.000000,0.040294,0.209447,0.204649,0.729382,0.001083,0.001000,1.000000,1.000000,0.179375
no_capacity_floor,c1_r37.5m,1,37.500000,405,0.161538,0.047881,0.259954,0.142168,0.417067,0.001444,0.001000,1.000000,1.000000,0.175613
no_capacity_floor,c1_r37.5m,1,37.500000,406,0.026316,0.010291,0.192898,0.766385,0.563411,0.000556,0.001000,1.000000,1.000000,0.774076
no_capacity_floor,c1_r37.5m,1,37.500000,410,-0.033535,0.023573,0.214887,0.513142,0.797419,0.001139,0.001000,1.000000,1.000000,0.399915
no_capacity_floor,c1_r37.5m,1,37.500000,414,0.000000,0.042597,0.403268,0.376903,0.661760,0.000361,0.001000,1.000000,1.000000,0.336637
no_capacity_floor,c1_r37.5m,1,37.500000,415,0.458333,0.042837,0.429686,0.199485,0.725672,0.000778,0.001000,1.000000,1.000000,0.140359
no_capacity_floor,c1_r37.5m,1,37.500000,416,0.000000,-0.010142,0.194837,0.342258,0.373248,0.001000,0.001000,1.000000,1.000000,0.352014
no_capacity_floor,c1_r37.5m,1,37.500000,417,0.125000,0.019844,0.392935,0.498010,0.505759,0.000306,0.001000,1.000000,1.000000,0.493938
no_capacity_floor,c1_r37.5m,1,37.500000,413,0.111111,0.019444,0.136809,0.346917,0.266128,0.000306,0.001000,1.000000,1.000000,0.359319
no_capacity_floor,c1_r37.5m,1,37.500000,429,0.027778,0.011625,0.201456,0.688113,0.628109,0.000750,0.001000,1.000000,1.000000,0.747269
no_capacity_floor,c1_r37.5m,1,37.500000,430,0.000000,0.023224,0.271692,0.517094,0.642297,0.000861,0.001000,1.000000,1.000000,0.323036
no_capacity_floor,c1_r37.5m,1,37.500000,432,0.000000,0.046554,0.331575,0.448504,0.693462,0.000417,0.001000,1.000000,1.000000,0.489066
no_capacity_floor,c1_r37.5m,1,37.500000,431,0.000000,0.022483,0.280646,0.475880,0.460973,0.000750,0.001000,1.000000,1.000000,0.569910
no_capacity_floor,c1_r37.5m,1,37.500000,418,0.000000,0.008838,0.490713,0.232392,0.532187,0.000333,0.001000,1.000000,1.000000,0.134370
no_capacity_floor,c1_r37.5m,1,37.500000,419,0.000000,0.090133,0.531030,0.277121,0.623079,0.000889,0.001000,1.000000,1.000000,0.295136
no_capacity_floor,c1_r37.5m,1,37.500000,420,0.061538,0.026575,0.202622,0.447847,0.605320,0.000750,0.001000,1.000000,1.000000,0.363375
no_capacity_floor,c1_r37.5m,1,37.500000,421,-0.011435,0.041622,0.346200,0.429822,0.733566,0.000806,0.001000,1.000000,1.000000,0.437046
no_capacity_floor,c1_r37.5m,1,37.500000,422,-0.038462,0.028353,0.330030,0.328377,0.277965,0.001250,0.001000,1.000000,1.000000,0.305739
no_capacity_floor,c1_r37.5m,1,37.500000,424,0.000000,-0.005576,0.202547,0.230525,0.450134,0.001333,0.001000,1.000000,1.000000,0.233663
no_capacity_floor,c1_r37.5m,1,37.500000,423,0.000000,-0.011680,0.193248,0.466254,0.725540,0.000500,0.001000,1.000000,1.000000,0.306529
no_capacity_floor,c1_r37.5m,1,37.500000,425,0.043478,0.034494,0.553127,0.308176,0.751557,0.001139,0.001000,1.000000,1.000000,0.409237
no_capacity_floor,c1_r37.5m,1,37.500000,426,0.055556,0.045125,0.377611,0.547090,0.563361,0.000750,0.001000,1.000000,1.000000,0.663608
no_capacity_floor,c1_r37.5m,1,37.500000,427,0.000000,0.058418,0.332440,0.306703,0.333701,0.001222,0.001000,1.000000,1.000000,0.257459
no_capacity_floor,c1_r37.5m,1,37.500000,434,0.142857,0.082919,0.445971,0.302572,0.499137,0.000972,0.001000,1.000000,1.000000,0.253665
no_capacity_floor,c1_r37.5m,1,37.500000,428,0.083333,0.055882,0.445782,0.510695,0.780027,0.000639,0.001000,1.000000,1.000000,0.424439
no_capacity_floor,c1_r37.5m,1,37.500000,437,0.038462,0.040949,0.317457,0.468640,0.747217,0.001056,0.001000,1.000000,1.000000,0.624522
no_capacity_floor,c1_r37.5m,1,37.500000,436,0.000000,0.038137,0.418365,0.424792,0.542859,0.001361,0.001000,1.000000,1.000000,0.460632
no_capacity_floor,c1_r37.5m,1,37.500000,441,-0.038462,0.003766,0.538904,0.373508,0.491360,0.000694,0.001000,1.000000,1.000000,0.489976
no_capacity_floor,c1_r37.5m,1,37.500000,433,-0.002676,-0.008041,0.469541,0.256199,0.668349,0.001389,0.001000,1.000000,1.000000,0.252632
no_capacity_floor,c1_r37.5m,1,37.500000,435,0.250000,0.095516,0.450540,0.277665,0.293197,0.000833,0.001000,1.000000,1.000000,0.401820
no_capacity_floor,c1_r37.5m,1,37.500000,448,0.000000,0.078955,0.397742,0.200806,0.643985,0.000611,0.001000,1.000000,1.000000,0.274253
no_capacity_floor,c1_r75m,1,75.000000,401,0.000270,0.039805,0.355255,0.246824,0.735822,0.002389,0.001000,1.000000,1.000000,0.246440
no_capacity_floor,c1_r75m,1,75.000000,400,0.041958,0.044062,0.328493,0.413733,0.803307,0.002222,0.001000,1.000000,1.000000,0.444722
no_capacity_floor,c1_r37.5m,1,37.500000,438,0.000000,0.030219,0.470757,0.301634,0.785654,0.000750,0.001000,1.000000,1.000000,0.305186
no_capacity_floor,c1_r37.5m,1,37.500000,439,0.003721,0.023256,0.308059,0.427993,0.870164,0.001861,0.001000,1.000000,1.000000,0.373236
no_capacity_floor,c1_r37.5m,1,37.500000,440,-0.009615,0.107372,0.381512,0.430646,0.512331,0.000750,0.001000,1.000000,1.000000,0.278792
no_capacity_floor,c1_r75m,1,75.000000,402,0.096769,0.074479,0.338381,0.406662,0.338107,0.002917,0.001000,1.000000,1.000000,0.576151
no_capacity_floor,c1_r37.5m,1,37.500000,442,0.000000,0.060462,0.289846,0.514412,0.413710,0.001083,0.001000,1.000000,1.000000,0.433433
no_capacity_floor,c1_r37.5m,1,37.500000,443,0.027778,0.083129,0.401200,0.390131,0.668821,0.000917,0.001000,1.000000,1.000000,0.458941
no_capacity_floor,c1_r37.5m,1,37.500000,444,0.010719,0.022196,0.311014,0.702286,0.452795,0.001583,0.001000,1.000000,1.000000,0.722398
no_capacity_floor,c1_r37.5m,1,37.500000,445,0.038875,0.033913,0.383933,0.453180,0.794848,0.000917,0.001000,1.000000,1.000000,0.478807
no_capacity_floor,c1_r37.5m,1,37.500000,447,0.200000,0.030109,0.344322,0.228171,0.408124,0.000472,0.001000,1.000000,1.000000,0.456918
no_capacity_floor,c1_r37.5m,1,37.500000,446,0.043062,0.038940,0.549411,0.423267,0.474120,0.001528,0.001000,1.000000,1.000000,0.313899
no_capacity_floor,c1_r75m,1,75.000000,405,0.039117,0.020394,0.241321,0.647954,0.492814,0.004972,0.001000,1.000000,1.000000,0.552865
no_capacity_floor,c1_r37.5m,1,37.500000,449,0.161792,0.072253,0.299416,0.299898,0.654804,0.001250,0.001000,1.000000,1.000000,0.353480
no_capacity_floor,c1_r75m,1,75.000000,407,0.012799,0.066565,0.505755,0.381909,0.243803,0.002556,0.001000,1.000000,1.000000,0.271704
no_capacity_floor,c1_r75m,1,75.000000,406,0.012707,0.031756,0.235225,0.391398,0.548193,0.004250,0.001000,1.000000,1.000000,0.361015
no_capacity_floor,c1_r75m,1,75.000000,411,-0.003144,0.047525,0.537271,0.586070,0.696907,0.004667,0.001000,1.000000,1.000000,0.599108
no_capacity_floor,c1_r75m,1,75.000000,403,0.040919,0.045039,0.191199,0.367757,0.644569,0.002167,0.001000,1.000000,1.000000,0.325296
no_capacity_floor,c1_r75m,1,75.000000,404,0.021739,0.059687,0.581508,0.218650,0.801018,0.001167,0.001000,1.000000,1.000000,0.188234
no_capacity_floor,c1_r75m,1,75.000000,418,0.081399,0.048841,0.301754,0.251881,0.451857,0.003028,0.001000,1.000000,1.000000,0.292011
no_capacity_floor,c1_r75m,1,75.000000,421,0.000000,0.016218,0.333468,0.537621,0.857812,0.000417,0.001000,1.000000,1.000000,0.464529
no_capacity_floor,c1_r75m,1,75.000000,420,0.038372,0.056153,0.300030,0.320960,0.758885,0.001444,0.001000,1.000000,1.000000,0.380761
no_capacity_floor,c1_r75m,1,75.000000,422,0.075735,0.062573,0.597356,0.341898,0.828056,0.001972,0.001000,1.000000,1.000000,0.233190
no_capacity_floor,c1_r75m,1,75.000000,408,-0.020765,0.037297,0.302055,0.225743,0.588638,0.003917,0.001000,1.000000,1.000000,0.189593
no_capacity_floor,c1_r75m,1,75.000000,409,0.071203,0.074350,0.643363,0.320824,0.355053,0.002556,0.001000,1.000000,1.000000,0.321907
no_capacity_floor,c1_r75m,1,75.000000,410,-0.008955,0.035015,0.514040,0.499799,0.767846,0.001917,0.001000,1.000000,1.000000,0.505007
no_capacity_floor,c1_r75m,1,75.000000,412,0.112622,0.099652,0.369389,0.316625,0.647100,0.002917,0.001000,1.000000,1.000000,0.342577
no_capacity_floor,c1_r75m,1,75.000000,413,0.041671,0.062306,0.546198,0.478770,0.453193,0.005361,0.001000,1.000000,1.000000,0.464424
no_capacity_floor,c1_r75m,1,75.000000,414,0.072222,0.080579,0.645632,0.371147,0.294897,0.001667,0.001000,1.000000,1.000000,0.429235
no_capacity_floor,c1_r75m,1,75.000000,415,0.027210,0.049070,0.596001,0.292808,0.714978,0.001500,0.001000,1.000000,1.000000,0.225637
no_capacity_floor,c1_r75m,1,75.000000,425,-0.029851,0.008094,0.181398,0.378671,0.332881,0.001222,0.001000,1.000000,1.000000,0.379777
no_capacity_floor,c1_r75m,1,75.000000,417,0.018979,0.022139,0.252130,0.202610,0.498480,0.002472,0.001000,1.000000,1.000000,0.224503
no_capacity_floor,c1_r75m,1,75.000000,416,0.059600,0.083846,0.409813,0.207461,0.781976,0.004333,0.001000,1.000000,1.000000,0.389020
no_capacity_floor,c1_r75m,1,75.000000,419,0.025817,0.052446,0.256389,0.513689,0.681730,0.002694,0.001000,1.000000,1.000000,0.524465
no_capacity_floor,c1_r75m,1,75.000000,426,0.063072,0.031937,0.461329,0.494681,0.484804,0.001583,0.001000,1.000000,1.000000,0.379321
no_capacity_floor,c1_r75m,1,75.000000,427,-0.010417,0.028467,0.127467,0.378446,0.530525,0.002472,0.001000,1.000000,1.000000,0.312459
no_capacity_floor,c1_r75m,1,75.000000,428,0.015905,0.049092,0.332209,0.421173,0.623602,0.002917,0.001000,1.000000,1.000000,0.426432
no_capacity_floor,c1_r75m,1,75.000000,424,0.078939,0.038137,0.454655,0.497249,0.466793,0.002222,0.001000,1.000000,1.000000,0.576071
no_capacity_floor,c1_r75m,1,75.000000,436,0.056312,0.062982,0.601035,0.534392,0.814842,0.002222,0.001000,1.000000,1.000000,0.417314
no_capacity_floor,c1_r75m,1,75.000000,423,0.065250,0.067893,0.602500,0.313952,0.558874,0.003056,0.001000,1.000000,1.000000,0.315828
no_capacity_floor,c1_r75m,1,75.000000,441,0.035179,0.026483,0.207785,0.533623,0.591617,0.003167,0.001000,1.000000,1.000000,0.523269
no_capacity_floor,c1_r75m,1,75.000000,440,0.061828,0.072027,0.381211,0.222937,0.795084,0.004694,0.001000,1.000000,1.000000,0.259897
no_capacity_floor,c1_r75m,1,75.000000,442,0.078610,0.055269,0.427512,0.459157,0.561046,0.002361,0.001000,1.000000,1.000000,0.431901
no_capacity_floor,c1_r75m,1,75.000000,431,0.058651,0.057765,0.404274,0.290786,0.534437,0.000806,0.001000,1.000000,1.000000,0.474562
no_capacity_floor,c1_r75m,1,75.000000,430,0.046296,0.068093,0.291120,0.655535,0.570149,0.002056,0.001000,1.000000,1.000000,0.375228
no_capacity_floor,c1_r75m,1,75.000000,429,0.021821,0.023889,0.254731,0.445267,0.684093,0.001833,0.001000,1.000000,1.000000,0.433357
no_capacity_floor,c1_r75m,1,75.000000,432,0.129412,0.040160,0.250763,0.419214,0.762648,0.001861,0.001000,1.000000,1.000000,0.391213
no_capacity_floor,c1_r75m,1,75.000000,435,0.078355,0.048868,0.494836,0.700312,0.585759,0.001583,0.001000,1.000000,1.000000,0.702275
no_capacity_floor,c1_r75m,1,75.000000,433,0.014401,0.059282,0.335921,0.468793,0.640256,0.002500,0.001000,1.000000,1.000000,0.484213
no_capacity_floor,c1_r75m,1,75.000000,434,0.044817,0.043329,0.361258,0.548875,0.813169,0.003722,0.001000,1.000000,1.000000,0.575801
no_capacity_floor,c1_r75m,1,75.000000,444,0.054390,0.025222,0.322884,0.683798,0.839528,0.002917,0.001000,1.000000,1.000000,0.628387
no_capacity_floor,c1_r75m,1,75.000000,446,0.048049,0.076261,0.300230,0.232261,0.683513,0.004000,0.001000,1.000000,1.000000,0.267553
no_capacity_floor,c1_r75m,1,75.000000,447,0.038695,0.059982,0.398015,0.305531,0.758296,0.001389,0.001000,1.000000,1.000000,0.345098
no_capacity_floor,c1_r75m,1,75.000000,437,0.055085,0.029984,0.281476,0.153851,0.529320,0.003056,0.001000,1.000000,1.000000,0.203694
no_capacity_floor,c1_r75m,1,75.000000,438,0.074960,0.068966,0.387780,0.412271,0.616794,0.002083,0.001000,1.000000,1.000000,0.425888
no_capacity_floor,c1_r75m,1,75.000000,439,0.030797,0.035269,0.565020,0.422509,0.701093,0.002139,0.001000,1.000000,1.000000,0.486816
no_capacity_floor,c1_r75m,1,75.000000,448,0.137500,0.068405,0.301649,0.704633,0.639755,0.000833,0.001000,1.000000,1.000000,0.810037
no_capacity_floor,c1_r75m,1,75.000000,443,-0.003495,0.042424,0.244963,0.423921,0.753204,0.001639,0.001000,1.000000,1.000000,0.448808
no_capacity_floor,c1_r150m,1,150.000000,406,0.012976,0.069414,0.182416,0.803964,0.406798,0.001861,0.001000,1.000000,0.998333,0.567561
no_capacity_floor,c1_r75m,1,75.000000,445,0.077273,0.065366,0.668218,0.588920,0.387597,0.001778,0.001000,1.000000,1.000000,0.544098
no_capacity_floor,c1_r150m,1,150.000000,407,0.141286,0.093777,0.138415,0.194135,0.680813,0.001639,0.001000,1.000000,0.996667,0.300210
no_capacity_floor,c1_r150m,1,150.000000,408,0.130077,0.094436,0.378079,0.390419,0.746510,0.003056,0.001000,1.000000,1.000000,0.514474
no_capacity_floor,c1_r150m,1,150.000000,412,0.040809,0.054351,0.488937,0.757586,0.473672,0.003611,0.004802,0.983333,0.996667,0.786379
no_capacity_floor,c1_r75m,1,75.000000,449,0.056616,0.039811,0.320968,0.316753,0.573027,0.002111,0.001000,1.000000,1.000000,0.262020
no_capacity_floor,c1_r150m,1,150.000000,401,0.083562,0.079541,0.313731,0.367136,0.713381,0.008306,0.001000,1.000000,1.000000,0.341912
no_capacity_floor,c1_r150m,1,150.000000,402,0.083747,0.067395,0.324913,0.391428,0.869282,0.004444,0.001000,1.000000,1.000000,0.377572
no_capacity_floor,c1_r150m,1,150.000000,400,0.089722,0.093520,0.344413,0.357888,0.403585,0.012000,0.001000,1.000000,1.000000,0.346331
no_capacity_floor,c1_r150m,1,150.000000,404,0.090514,0.082188,0.453679,0.129005,0.512333,0.001111,0.001000,1.000000,0.998333,0.310333
no_capacity_floor,c1_r150m,1,150.000000,403,0.103249,0.070779,0.350999,0.727965,0.719644,0.007528,0.001000,1.000000,1.000000,0.655588
no_capacity_floor,c1_r150m,1,150.000000,414,0.043041,0.087988,0.173168,0.205039,0.192081,0.002750,0.002818,0.983333,0.998333,0.199008
no_capacity_floor,c1_r150m,1,150.000000,405,0.104856,0.135968,0.714937,0.340573,0.641725,0.003528,0.001000,1.000000,1.000000,0.280485
no_capacity_floor,c1_r150m,1,150.000000,416,0.042192,0.074447,0.357007,0.243461,0.458299,0.006806,0.001000,1.000000,1.000000,0.341597
no_capacity_floor,c1_r150m,1,150.000000,417,0.043233,0.075245,0.367171,0.467577,0.640082,0.003167,0.001000,1.000000,1.000000,0.339658
no_capacity_floor,c1_r150m,1,150.000000,411,0.106383,0.050848,0.277676,0.319995,0.751266,0.001917,0.001000,1.000000,1.000000,0.262784
no_capacity_floor,c1_r150m,1,150.000000,418,0.099114,0.079918,0.095779,0.315742,0.642142,0.001139,0.001000,1.000000,0.996667,0.400917
no_capacity_floor,c1_r150m,1,150.000000,410,0.110918,0.096549,0.705577,0.358265,0.579145,0.005139,0.001000,1.000000,1.000000,0.397699
no_capacity_floor,c1_r150m,1,150.000000,409,0.073864,0.112803,0.531956,0.209932,0.271022,0.006472,0.001000,1.000000,1.000000,0.178666
no_capacity_floor,c1_r150m,1,150.000000,425,0.099490,0.114633,0.664512,0.199697,0.234454,0.003333,0.001000,1.000000,0.998333,0.260563
no_capacity_floor,c1_r150m,1,150.000000,427,0.117399,0.056371,0.184414,0.221556,0.818325,0.005306,0.001000,1.000000,1.000000,0.284076
no_capacity_floor,c1_r150m,1,150.000000,428,0.006300,0.068679,0.338352,0.706801,0.742075,0.000944,0.001000,1.000000,0.993333,0.522368
no_capacity_floor,c1_r150m,1,150.000000,413,0.181818,0.140746,0.823204,0.224894,0.123209,0.000972,0.001000,1.000000,0.998333,0.280423
no_capacity_floor,c1_r150m,1,150.000000,415,0.059599,0.081193,0.581748,0.347227,0.613981,0.007444,0.001000,1.000000,1.000000,0.252166
no_capacity_floor,c1_r150m,1,150.000000,430,0.019231,0.038015,0.185796,0.229144,0.268062,0.002139,0.001000,1.000000,1.000000,0.155938
no_capacity_floor,c1_r150m,1,150.000000,419,0.094646,0.105154,0.598500,0.544947,0.859263,0.001167,0.001933,0.983333,0.996667,0.151385
no_capacity_floor,c1_r150m,1,150.000000,422,0.068025,0.113107,0.437222,0.320687,0.659595,0.005389,0.001000,1.000000,1.000000,0.222410
no_capacity_floor,c1_r150m,1,150.000000,421,0.064569,0.089091,0.364488,0.507377,0.372995,0.003861,0.001000,1.000000,1.000000,0.285767
no_capacity_floor,c1_r150m,1,150.000000,420,0.037249,0.052208,0.737289,0.657656,0.814929,0.001028,0.001000,1.000000,0.998333,0.402804
no_capacity_floor,c1_r150m,1,150.000000,423,0.077756,0.047083,0.228864,0.830258,0.653642,0.005833,0.001000,1.000000,1.000000,0.827712
no_capacity_floor,c1_r150m,1,150.000000,433,0.099701,0.067100,0.346476,0.301504,0.404623,0.009083,0.001000,1.000000,1.000000,0.275779
no_capacity_floor,c1_r150m,1,150.000000,435,0.056466,0.095841,0.317784,0.418433,0.657741,0.005722,0.001000,1.000000,1.000000,0.399593
no_capacity_floor,c1_r150m,1,150.000000,434,0.175680,0.081632,0.498689,0.292441,0.884687,0.002778,0.001000,1.000000,0.998333,0.422303
no_capacity_floor,c1_r150m,1,150.000000,424,0.031066,0.072918,0.211647,0.435926,0.432578,0.007111,0.001000,1.000000,1.000000,0.347163
no_capacity_floor,c1_r150m,1,150.000000,426,0.109332,0.080113,0.333960,0.202784,0.703849,0.007028,0.001000,1.000000,1.000000,0.153604
no_capacity_floor,c1_r150m,1,150.000000,438,0.122015,0.077138,0.373144,0.658936,0.470563,0.003417,0.001000,1.000000,0.998333,0.764366
no_capacity_floor,c1_r150m,1,150.000000,429,0.088824,0.087314,0.462923,0.463108,0.689111,0.002944,0.001000,1.000000,1.000000,0.406135
no_capacity_floor,c1_r150m,1,150.000000,431,0.085847,0.046853,0.198216,0.267185,0.618254,0.003889,0.001000,1.000000,1.000000,0.205357
no_capacity_floor,c1_r150m,1,150.000000,432,0.029220,0.081213,0.480637,0.315971,0.741827,0.002278,0.001000,1.000000,1.000000,0.280196
no_capacity_floor,c1_r150m,1,150.000000,445,0.110156,0.076847,0.323430,0.483990,0.791564,0.004444,0.001000,1.000000,1.000000,0.428481
no_capacity_floor,c1_r150m,1,150.000000,446,0.020311,0.065972,0.219441,0.566533,0.296027,0.001222,0.001000,1.000000,0.998333,0.258680
no_capacity_floor,c1_r150m,1,150.000000,444,0.049863,0.086326,0.294326,0.384566,0.575222,0.008000,0.001000,1.000000,1.000000,0.270241
no_capacity_floor,c1_r150m,1,150.000000,449,0.121361,0.134430,0.789617,0.540775,0.829258,0.003389,0.001000,1.000000,0.998333,0.612515
no_capacity_floor,c1_r150m,1,150.000000,436,0.068966,0.092228,0.567655,0.373324,0.167065,0.000389,0.001000,1.000000,0.996667,0.327042
no_capacity_floor,c1_r150m,1,150.000000,437,0.039466,0.054196,0.235864,0.218524,0.600622,0.003583,0.001000,1.000000,1.000000,0.211513
no_capacity_floor,c1_r150m,1,150.000000,439,0.164535,0.153567,0.822768,0.661378,0.558421,0.003111,0.001915,0.983333,0.998333,0.550692
no_capacity_floor,c1_r150m,1,150.000000,440,0.088750,0.062077,0.217512,0.242261,0.487648,0.002222,0.001000,1.000000,1.000000,0.185623
no_capacity_floor,c1_r150m,1,150.000000,442,0.136884,0.121526,0.344863,0.304527,0.709558,0.002056,0.001000,1.000000,0.998333,0.563692
no_capacity_floor,c1_r150m,1,150.000000,441,0.055754,0.092324,0.309741,0.204248,0.661499,0.003333,0.001000,1.000000,1.000000,0.225606
no_capacity_floor,c1_r300m,1,300.000000,403,0.288732,0.161490,0.305171,0.065028,0.650410,0.001556,0.006571,0.966667,0.955000,0.081163
no_capacity_floor,c1_r300m,1,300.000000,404,0.280627,0.200223,0.419582,0.081485,0.799897,0.002889,0.002509,0.983333,0.956667,0.116792
no_capacity_floor,c1_r300m,1,300.000000,405,0.182900,0.235101,0.826329,0.127010,0.075169,0.003167,0.001428,0.983333,0.948333,0.132294
no_capacity_floor,c1_r150m,1,150.000000,443,0.017310,0.038845,0.103012,0.205306,0.754708,0.001861,0.001000,1.000000,0.998333,0.183996
no_capacity_floor,c1_r300m,1,300.000000,406,0.120855,0.137514,0.459453,0.205181,0.665178,0.003444,0.014810,0.916667,0.958333,0.355774
no_capacity_floor,c1_r150m,1,150.000000,448,0.102028,0.056502,0.304323,0.248407,0.873814,0.001889,0.001000,1.000000,0.998333,0.327751
no_capacity_floor,c1_r150m,1,150.000000,447,0.087097,0.108625,0.412772,0.141162,0.479789,0.009833,0.001000,1.000000,1.000000,0.207106
no_capacity_floor,c1_r300m,1,300.000000,400,0.173141,0.135758,0.313082,0.561131,0.605378,0.004417,0.005648,0.966667,0.956667,0.452882
no_capacity_floor,c1_r300m,1,300.000000,402,0.106833,0.041374,0.159485,0.140630,0.950702,0.002278,0.004373,0.950000,0.961667,0.097295
no_capacity_floor,c1_r300m,1,300.000000,401,0.276786,0.107609,0.178731,0.672383,0.381362,0.002194,0.009299,0.950000,0.943333,0.759577
no_capacity_floor,c1_r300m,1,300.000000,413,0.340513,0.236467,0.892180,0.910279,0.869389,0.004222,0.013436,0.950000,0.911667,0.875876
no_capacity_floor,c1_r300m,1,300.000000,414,0.016519,0.042382,0.162497,0.614389,0.896235,0.002861,0.006569,0.933333,0.943333,0.700220
no_capacity_floor,c1_r300m,1,300.000000,415,0.115033,0.063640,0.049671,0.680405,0.868906,0.003583,0.001000,1.000000,0.968333,0.614675
no_capacity_floor,c1_r300m,1,300.000000,417,0.182178,0.177679,0.810570,0.157689,0.581924,0.001389,0.004810,0.983333,0.960000,0.219016
no_capacity_floor,c1_r300m,1,300.000000,407,0.087179,0.120708,0.058453,0.515360,0.608216,0.001167,0.012583,0.950000,0.951667,0.528367
no_capacity_floor,c1_r300m,1,300.000000,408,0.143092,0.119396,0.075121,0.149420,0.825501,0.003056,0.010541,0.933333,0.953333,0.204318
no_capacity_floor,c1_r300m,1,300.000000,409,-0.006295,0.147746,0.277868,0.061096,0.048931,0.002611,0.017364,0.916667,0.946667,0.105648
no_capacity_floor,c1_r300m,1,300.000000,410,0.152324,0.201373,0.769297,0.212221,0.902654,0.006194,0.016957,0.900000,0.951667,0.373193
no_capacity_floor,c1_r300m,1,300.000000,423,-0.027476,0.045864,0.222055,0.307196,0.451047,0.003306,0.014350,0.883333,0.961667,0.336951
no_capacity_floor,c1_r300m,1,300.000000,411,0.246899,0.233595,0.923898,0.335349,0.531334,0.004722,0.009512,0.933333,0.930000,0.353538
no_capacity_floor,c1_r300m,1,300.000000,424,0.062923,0.210182,0.436720,0.456395,0.833491,0.002306,0.014446,0.933333,0.948333,0.446826
no_capacity_floor,c1_r300m,1,300.000000,412,0.334239,0.242706,0.844574,0.773194,0.249949,0.003028,0.003480,0.916667,0.930000,0.636865
no_capacity_floor,c1_r300m,1,300.000000,426,-0.040868,0.018661,0.337983,0.198627,0.292753,0.001917,0.011121,0.916667,0.946667,0.315623
no_capacity_floor,c1_r300m,1,300.000000,425,0.230769,0.069135,0.065722,0.862130,0.836044,0.000917,0.003785,0.983333,0.951667,0.734945
no_capacity_floor,c1_r300m,1,300.000000,416,0.184416,0.197653,0.624764,0.503918,0.100698,0.003194,0.015298,0.900000,0.956667,0.538686
no_capacity_floor,c1_r300m,1,300.000000,418,-0.042063,0.009364,0.236060,0.094167,0.465970,0.003056,0.015790,0.916667,0.930000,0.426157
no_capacity_floor,c1_r300m,1,300.000000,419,0.138431,0.147579,0.310633,0.554333,0.915454,0.003306,0.007409,0.933333,0.946667,0.622082
no_capacity_floor,c1_r300m,1,300.000000,420,0.099485,0.121611,0.101894,0.944016,0.466224,0.005028,0.007649,0.950000,0.951667,0.903067
no_capacity_floor,c1_r300m,1,300.000000,421,0.136676,0.162317,0.496407,0.113874,0.441118,0.003000,0.009202,0.933333,0.938333,0.085614
no_capacity_floor,c1_r300m,1,300.000000,422,0.021277,0.034532,0.143212,0.216009,0.447902,0.001972,0.015566,0.916667,0.938333,0.291379
no_capacity_floor,c1_r300m,1,300.000000,431,0.282014,0.161419,0.881064,0.688642,0.897512,0.002861,0.010842,0.950000,0.935000,0.772912
no_capacity_floor,c1_r300m,1,300.000000,433,0.044176,0.089827,0.183894,0.578754,0.923693,0.003306,0.008973,0.933333,0.940000,0.488885
no_capacity_floor,c1_r300m,1,300.000000,435,0.176471,0.103834,0.708277,0.430099,0.644074,0.002444,0.011377,0.933333,0.960000,0.309447
no_capacity_floor,c1_r300m,1,300.000000,436,0.085236,0.081439,0.076474,0.319655,0.484151,0.002917,0.005444,0.966667,0.963333,0.329239
no_capacity_floor,c1_r300m,1,300.000000,427,-0.007413,0.124364,0.136077,0.182722,0.932054,0.002722,0.017713,0.900000,0.931667,0.198728
no_capacity_floor,c1_r300m,1,300.000000,428,0.051213,0.055369,0.301776,0.397071,0.779613,0.002583,0.011678,0.916667,0.943333,0.497327
no_capacity_floor,c1_r300m,1,300.000000,429,0.271098,0.151224,0.697469,0.335999,0.405860,0.005889,0.001241,0.983333,0.948333,0.396555
no_capacity_floor,c1_r300m,1,300.000000,443,0.198644,0.167534,0.369561,0.324582,0.633882,0.002222,0.010868,0.933333,0.943333,0.289563
no_capacity_floor,c1_r300m,1,300.000000,444,0.242996,0.208588,0.613229,0.684403,0.980755,0.005972,0.010356,0.933333,0.953333,0.688840
no_capacity_floor,c1_r300m,1,300.000000,445,0.267006,0.099985,0.374103,0.550164,0.854876,0.001361,0.004857,0.983333,0.941667,0.740991
no_capacity_floor,c1_r300m,1,300.000000,432,0.161325,0.050250,0.088882,0.694869,0.843811,0.002306,0.004130,0.983333,0.955000,0.643677
no_capacity_floor,c1_r300m,1,300.000000,430,0.064083,0.048967,0.082917,0.895147,0.587760,0.002167,0.008995,0.933333,0.943333,0.813321
no_capacity_floor,c1_r300m,1,300.000000,434,0.088000,0.155260,0.208999,0.203343,0.070355,0.001944,0.001000,1.000000,0.966667,0.130930
no_capacity_floor,c1_r300m,1,300.000000,446,0.155556,0.157525,0.637919,0.591281,0.583049,0.004444,0.001931,0.966667,0.936667,0.522117
no_capacity_floor,c1_r300m,1,300.000000,437,0.171875,0.059545,0.218035,0.080556,0.955011,0.001944,0.016269,0.933333,0.950000,0.081756
no_capacity_floor,c1_r300m,1,300.000000,438,-0.012873,0.052227,0.186911,0.534105,0.934068,0.002361,0.010435,0.950000,0.936667,0.489295
no_capacity_floor,c1_r300m,1,300.000000,439,0.200198,0.161111,0.523727,0.560485,0.872673,0.004778,0.014853,0.933333,0.946667,0.768221
no_capacity_floor,c1_r300m,1,300.000000,440,0.271368,0.209373,0.514081,0.955588,0.598325,0.002889,0.004347,0.916667,0.928333,0.870255
no_capacity_floor,c1_r300m,1,300.000000,441,-0.027193,-0.005748,0.047192,0.395392,0.452509,0.004194,0.007459,0.950000,0.960000,0.510695
no_capacity_floor,c1_r300m,1,300.000000,442,0.047214,0.225708,0.445341,0.307109,0.087882,0.001667,0.007958,0.950000,0.951667,0.265703
no_capacity_floor,c1_r600m,1,600.000000,401,0.211634,0.159894,0.398869,0.428422,0.831385,0.017444,0.104015,0.566667,0.538333,0.482610
no_capacity_floor,c1_r600m,1,600.000000,402,0.257839,0.125117,0.335663,0.150277,0.848118,0.018889,0.126178,0.583333,0.541667,0.176608
no_capacity_floor,c1_r600m,1,600.000000,406,0.159303,0.157921,0.596681,0.519143,0.696182,0.020333,0.106180,0.516667,0.530000,0.451432
no_capacity_floor,c1_r600m,1,600.000000,400,0.238464,0.257282,0.934618,0.885273,0.741491,0.049861,0.118163,0.500000,0.448333,0.876738
no_capacity_floor,c1_r300m,1,300.000000,447,0.135036,0.089514,0.484744,0.022598,0.713747,0.002111,0.009603,0.950000,0.955000,0.065875
no_capacity_floor,c1_r300m,1,300.000000,448,-0.092258,0.136440,0.163761,0.437712,0.486098,0.002944,0.016404,0.900000,0.936667,0.243362
no_capacity_floor,c1_r300m,1,300.000000,449,0.108547,0.181901,0.224728,0.261495,0.774605,0.001806,0.005232,0.966667,0.953333,0.453603
no_capacity_floor,c1_r600m,1,600.000000,414,0.124524,0.067203,0.307307,0.134193,0.111754,0.017778,0.103999,0.500000,0.528333,0.111286
no_capacity_floor,c1_r600m,1,600.000000,403,0.143486,0.098080,0.363442,0.480305,0.331240,0.022222,0.092124,0.500000,0.525000,0.517325
no_capacity_floor,c1_r600m,1,600.000000,413,0.254069,0.245804,0.884043,0.932478,0.634730,0.066083,0.098129,0.533333,0.540000,0.908730
no_capacity_floor,c1_r600m,1,600.000000,415,0.295197,0.186591,0.645616,0.874895,0.829721,0.034778,0.131704,0.566667,0.516667,0.730984
no_capacity_floor,c1_r600m,1,600.000000,416,0.166223,0.185761,0.586346,0.525907,0.321652,0.023139,0.110781,0.500000,0.585000,0.477268
no_capacity_floor,c1_r600m,1,600.000000,404,0.302636,0.283842,0.881932,0.886275,0.888222,0.053000,0.163670,0.400000,0.448333,0.887651
no_capacity_floor,c1_r600m,1,600.000000,407,0.006422,0.163189,0.288366,0.330010,0.448412,0.016583,0.099167,0.600000,0.556667,0.361916
no_capacity_floor,c1_r600m,1,600.000000,405,0.276373,0.252203,0.767161,0.933048,0.896803,0.060583,0.126420,0.516667,0.530000,0.891578
no_capacity_floor,c1_r600m,1,600.000000,408,0.130576,0.061941,0.147689,0.119409,0.841382,0.010806,0.074754,0.633333,0.558333,0.109405
no_capacity_floor,c1_r600m,1,600.000000,410,0.059173,0.072626,0.356831,0.867641,0.723858,0.023000,0.130095,0.433333,0.511667,0.861957
no_capacity_floor,c1_r600m,1,600.000000,411,0.307686,0.104906,0.439954,0.208426,0.722958,0.016028,0.088262,0.533333,0.555000,0.264213
no_capacity_floor,c1_r600m,1,600.000000,412,0.067302,0.169426,0.513350,0.352524,0.768418,0.017306,0.095298,0.600000,0.536667,0.323859
no_capacity_floor,c1_r600m,1,600.000000,409,0.035119,0.094249,0.473058,0.775958,0.150192,0.026167,0.105067,0.500000,0.511667,0.840274
no_capacity_floor,c1_r600m,1,600.000000,420,0.221359,0.135126,0.366900,0.551356,0.851814,0.016778,0.110220,0.566667,0.566667,0.462079
no_capacity_floor,c1_r600m,1,600.000000,422,0.095895,0.183781,0.621979,0.761979,0.606635,0.024778,0.146950,0.466667,0.531667,0.531320
no_capacity_floor,c1_r600m,1,600.000000,423,0.051349,0.084685,0.352676,0.882604,0.498617,0.022833,0.101028,0.533333,0.535000,0.875014
no_capacity_floor,c1_r600m,1,600.000000,424,0.277029,0.264014,0.762618,0.944338,0.527823,0.062444,0.185319,0.500000,0.501667,0.907781
no_capacity_floor,c1_r600m,1,600.000000,419,0.206061,0.147420,0.404642,0.239476,0.386871,0.015306,0.103464,0.616667,0.523333,0.229088
no_capacity_floor,c1_r600m,1,600.000000,418,0.066658,0.167166,0.542245,0.924686,0.668897,0.028944,0.107907,0.583333,0.495000,0.908739
no_capacity_floor,c1_r600m,1,600.000000,417,0.325415,0.279480,0.811131,0.916931,0.869580,0.077278,0.122668,0.566667,0.525000,0.890517
no_capacity_floor,c1_r600m,1,600.000000,434,0.254888,0.168272,0.542156,0.456978,0.460662,0.016361,0.074311,0.633333,0.561667,0.359979
no_capacity_floor,c1_r600m,1,600.000000,433,0.335866,0.262775,0.670042,0.944931,0.486686,0.054806,0.167183,0.416667,0.476667,0.893845
no_capacity_floor,c1_r600m,1,600.000000,435,0.194218,0.118992,0.348794,0.172092,0.573674,0.011000,0.091930,0.583333,0.538333,0.177970
no_capacity_floor,c1_r600m,1,600.000000,421,0.201741,0.181075,0.555846,0.328960,0.787856,0.018222,0.099719,0.550000,0.566667,0.256550
no_capacity_floor,c1_r600m,1,600.000000,425,0.102465,0.124927,0.228329,0.429246,0.278407,0.013389,0.091005,0.583333,0.598333,0.318325
no_capacity_floor,c1_r600m,1,600.000000,426,0.108970,0.166504,0.461275,0.814494,0.860980,0.022972,0.121774,0.466667,0.500000,0.701336
no_capacity_floor,c1_r600m,1,600.000000,427,0.109753,0.114054,0.443075,0.720345,0.919619,0.028194,0.136329,0.466667,0.506667,0.605319
no_capacity_floor,c1_r600m,1,600.000000,428,0.196115,0.177033,0.633341,0.561152,0.543212,0.016611,0.125656,0.483333,0.520000,0.688155
no_capacity_floor,c1_r600m,1,600.000000,436,0.289131,0.292407,0.869566,0.931730,0.857734,0.103500,0.149165,0.550000,0.548333,0.895031
no_capacity_floor,c1_r600m,1,600.000000,430,0.077070,0.181311,0.753803,0.795774,0.650033,0.028583,0.175245,0.383333,0.473333,0.751729
no_capacity_floor,c1_r600m,1,600.000000,440,0.093781,0.121929,0.397355,0.378370,0.328023,0.020667,0.137327,0.483333,0.545000,0.265745
no_capacity_floor,c1_r600m,1,600.000000,441,0.224394,0.159996,0.774384,0.705814,0.809164,0.023139,0.100747,0.500000,0.555000,0.597399
no_capacity_floor,c1_r600m,1,600.000000,431,0.314881,0.251019,0.770402,0.922706,0.340155,0.042500,0.137781,0.433333,0.468333,0.855531
no_capacity_floor,c1_r600m,1,600.000000,442,-0.006896,0.082353,0.227519,0.483240,0.612969,0.023028,0.135373,0.433333,0.545000,0.517197
no_capacity_floor,c1_r600m,1,600.000000,432,0.167709,0.244565,0.622732,0.717620,0.445725,0.031222,0.082434,0.650000,0.575000,0.754951
no_capacity_floor,c1_r600m,1,600.000000,429,0.276311,0.288288,0.783828,0.920865,0.813234,0.052778,0.100571,0.566667,0.466667,0.887370
no_capacity_floor,c1_r600m,1,600.000000,437,0.022036,0.076445,0.364625,0.643574,0.414316,0.017667,0.115048,0.616667,0.558333,0.687280
no_capacity_floor,c1_r600m,1,600.000000,438,0.236328,0.127086,0.747868,0.946633,0.818345,0.038722,0.121923,0.516667,0.510000,0.861300
no_capacity_floor,c1_r600m,1,600.000000,448,0.255851,0.237970,0.700421,0.900579,0.880763,0.034167,0.089516,0.550000,0.481667,0.902552
no_capacity_floor,c2_r15m,2,15.000000,400,0.000000,0.100000,0.411639,0.156896,0.409807,0.000361,0.001000,1.000000,1.000000,0.181786
no_capacity_floor,c2_r15m,2,15.000000,401,0.000000,0.000000,0.721757,0.480336,0.549754,0.000111,0.001000,1.000000,1.000000,0.350000
no_capacity_floor,c1_r600m,1,600.000000,439,0.242510,0.183769,0.667973,0.834938,0.505456,0.053750,0.158950,0.500000,0.458333,0.812792
no_capacity_floor,c2_r15m,2,15.000000,403,0.000000,0.005714,0.510855,0.446184,0.718080,0.000083,0.001000,1.000000,1.000000,0.096416
no_capacity_floor,c1_r600m,1,600.000000,443,0.001097,0.082122,0.437612,0.482930,0.338553,0.021528,0.119320,0.500000,0.506667,0.597795
no_capacity_floor,c1_r600m,1,600.000000,444,0.200994,0.134302,0.374133,0.634015,0.782338,0.028806,0.094282,0.600000,0.540000,0.689139
no_capacity_floor,c1_r600m,1,600.000000,445,0.289208,0.176336,0.860770,0.484348,0.328495,0.022417,0.096884,0.600000,0.525000,0.463488
no_capacity_floor,c1_r600m,1,600.000000,447,-0.007199,0.079888,0.137262,0.439380,0.868427,0.015222,0.125616,0.566667,0.545000,0.266804
no_capacity_floor,c1_r600m,1,600.000000,446,0.097934,0.129447,0.668528,0.703398,0.900416,0.023778,0.108363,0.550000,0.520000,0.769167
no_capacity_floor,c2_r15m,2,15.000000,408,0.000000,0.000000,0.547916,0.466567,0.655014,0.000139,0.001000,1.000000,1.000000,0.100000
no_capacity_floor,c2_r15m,2,15.000000,410,0.000000,0.000000,0.229989,0.363480,0.532782,0.000083,0.001000,1.000000,1.000000,0.033333
no_capacity_floor,c2_r15m,2,15.000000,409,0.000000,0.033333,0.381930,0.355053,0.485291,0.000222,0.001000,1.000000,1.000000,0.076667
no_capacity_floor,c2_r15m,2,15.000000,412,0.000000,0.000000,0.390116,0.597266,0.720942,0.000111,0.001000,1.000000,1.000000,0.214722
no_capacity_floor,c1_r600m,1,600.000000,449,0.261955,0.145497,0.496877,0.506811,0.263578,0.023361,0.110540,0.466667,0.551667,0.444622
no_capacity_floor,c2_r15m,2,15.000000,404,0.000000,0.000000,0.240726,0.452562,0.594025,0.000000,0.001000,1.000000,1.000000,0.100000
no_capacity_floor,c2_r15m,2,15.000000,402,0.000000,0.011111,0.546808,0.340684,0.781932,0.000167,0.001000,1.000000,1.000000,0.164318
no_capacity_floor,c2_r15m,2,15.000000,405,0.000000,-0.008333,0.442527,0.284691,0.728343,0.000194,0.001000,1.000000,1.000000,0.051145
no_capacity_floor,c2_r15m,2,15.000000,406,0.000000,0.000000,0.370317,0.468491,0.752570,0.000167,0.001000,1.000000,1.000000,0.048718
no_capacity_floor,c2_r15m,2,15.000000,418,0.000000,-0.012500,0.471692,0.329985,0.853101,0.000139,0.001000,1.000000,1.000000,0.118519
no_capacity_floor,c2_r15m,2,15.000000,407,0.000000,0.000000,0.326987,0.286700,0.524704,0.000111,0.001000,1.000000,1.000000,0.319192
no_capacity_floor,c2_r15m,2,15.000000,419,0.000000,0.000000,0.386389,0.275025,0.446752,0.000167,0.001000,1.000000,1.000000,0.025000
no_capacity_floor,c2_r15m,2,15.000000,420,0.000000,0.000000,0.445897,0.313621,0.675206,0.000056,0.001000,1.000000,1.000000,0.095874
no_capacity_floor,c2_r15m,2,15.000000,421,0.000000,0.025000,0.633700,0.200662,0.618659,0.000250,0.001000,1.000000,1.000000,0.036364
no_capacity_floor,c2_r15m,2,15.000000,411,0.000000,0.000000,0.346723,0.429268,0.417684,0.000083,0.001000,1.000000,1.000000,0.082222
no_capacity_floor,c2_r15m,2,15.000000,413,0.000000,0.000000,0.209721,0.165081,0.713391,0.000139,0.001000,1.000000,1.000000,0.105952
no_capacity_floor,c2_r15m,2,15.000000,414,0.000000,-0.016667,0.261482,0.306015,0.701224,0.000194,0.001000,1.000000,1.000000,0.045238
no_capacity_floor,c2_r15m,2,15.000000,415,0.000000,0.000000,0.637283,0.600489,0.659800,0.000056,0.001000,1.000000,1.000000,0.000000
no_capacity_floor,c2_r15m,2,15.000000,427,0.000000,0.010526,0.275193,0.491741,0.883514,0.000194,0.001000,1.000000,1.000000,0.150303
no_capacity_floor,c2_r15m,2,15.000000,417,0.000000,0.000000,0.571523,0.293890,0.561777,0.000278,0.001000,1.000000,1.000000,0.050980
no_capacity_floor,c2_r15m,2,15.000000,416,0.166667,0.040278,0.425590,0.768940,0.887592,0.000250,0.001000,1.000000,1.000000,0.465051
no_capacity_floor,c2_r15m,2,15.000000,429,0.000000,0.000000,0.227273,0.628773,0.583637,0.000028,0.001000,1.000000,1.000000,0.075000
no_capacity_floor,c2_r15m,2,15.000000,430,0.000000,0.020000,0.222239,0.165361,0.386558,0.000167,0.001000,1.000000,1.000000,0.045455
no_capacity_floor,c2_r15m,2,15.000000,431,0.000000,0.000000,0.231874,0.306282,0.700070,0.000111,0.001000,1.000000,1.000000,0.156494
no_capacity_floor,c2_r15m,2,15.000000,422,0.000000,0.000000,0.379394,0.384233,0.685207,0.000083,0.001000,1.000000,1.000000,0.286310
no_capacity_floor,c2_r15m,2,15.000000,423,0.000000,0.000000,0.354420,0.207859,0.407831,0.000000,0.001000,1.000000,1.000000,0.020000
no_capacity_floor,c2_r15m,2,15.000000,424,0.000000,0.000000,0.562905,0.292709,0.835799,0.000167,0.001000,1.000000,1.000000,0.166667
no_capacity_floor,c2_r15m,2,15.000000,425,0.000000,0.000000,0.250831,0.525149,0.252522,0.000167,0.001000,1.000000,1.000000,0.100000
no_capacity_floor,c2_r15m,2,15.000000,436,0.000000,0.016667,0.275972,0.529787,0.688882,0.000139,0.001000,1.000000,1.000000,0.200000
no_capacity_floor,c2_r15m,2,15.000000,426,0.000000,0.000000,0.705709,0.332990,0.414433,0.000167,0.001000,1.000000,1.000000,0.000000
no_capacity_floor,c2_r15m,2,15.000000,439,0.000000,0.000000,0.173937,0.489851,0.797609,0.000167,0.001000,1.000000,1.000000,0.157143
no_capacity_floor,c2_r15m,2,15.000000,440,0.000000,0.000000,0.288294,0.517068,0.704314,0.000111,0.001000,1.000000,1.000000,0.282857
no_capacity_floor,c2_r15m,2,15.000000,428,0.000000,0.000000,0.238431,0.508316,0.532735,0.000000,0.001000,1.000000,1.000000,0.050000
no_capacity_floor,c2_r15m,2,15.000000,441,0.000000,-0.016667,0.282415,0.465816,0.439841,0.000333,0.001000,1.000000,1.000000,0.508681
no_capacity_floor,c2_r15m,2,15.000000,432,0.000000,0.000000,0.606824,0.279940,0.477260,0.000111,0.001000,1.000000,1.000000,0.000000
no_capacity_floor,c2_r15m,2,15.000000,433,0.000000,0.000000,0.344651,0.567898,0.615959,0.000111,0.001000,1.000000,1.000000,0.112500
no_capacity_floor,c2_r15m,2,15.000000,434,0.000000,0.011111,0.315486,0.473839,0.513515,0.000111,0.001000,1.000000,1.000000,0.197222
no_capacity_floor,c2_r15m,2,15.000000,446,0.000000,0.000000,0.514719,0.235342,0.752272,0.000111,0.001000,1.000000,1.000000,0.047273
no_capacity_floor,c2_r15m,2,15.000000,435,0.000000,0.000000,0.637580,0.236652,0.679803,0.000056,0.001000,1.000000,1.000000,0.000000
no_capacity_floor,c2_r15m,2,15.000000,448,0.000000,0.001111,0.310290,0.350691,0.707289,0.000306,0.001000,1.000000,1.000000,0.303675
no_capacity_floor,c2_r15m,2,15.000000,437,0.000000,-0.015909,0.400162,0.477976,0.674958,0.000361,0.001000,1.000000,1.000000,0.186154
no_capacity_floor,c2_r15m,2,15.000000,449,0.400000,0.040000,0.247663,0.310810,0.401249,0.000167,0.001000,1.000000,1.000000,0.045455
no_capacity_floor,c2_r15m,2,15.000000,438,0.000000,-0.006250,0.390928,0.247219,0.698309,0.000167,0.001000,1.000000,1.000000,0.015789
no_capacity_floor,c2_r37.5m,2,37.500000,401,0.033277,0.010349,0.325360,0.258776,0.734330,0.001889,0.001000,1.000000,1.000000,0.176921
no_capacity_floor,c2_r15m,2,15.000000,442,0.000000,0.000000,0.316738,0.222382,0.380136,0.000111,0.001000,1.000000,1.000000,0.073611
no_capacity_floor,c2_r15m,2,15.000000,443,0.000000,-0.014286,0.228468,0.391804,0.711153,0.000083,0.001000,1.000000,1.000000,0.158824
no_capacity_floor,c2_r15m,2,15.000000,444,0.000000,0.000000,0.366787,0.255388,0.526884,0.000083,0.001000,1.000000,1.000000,0.010000
no_capacity_floor,c2_r15m,2,15.000000,445,0.000000,0.000000,0.211896,0.353044,0.475320,0.000083,0.001000,1.000000,1.000000,0.062500
no_capacity_floor,c2_r37.5m,2,37.500000,405,-0.002890,0.020656,0.636059,0.394683,0.510118,0.002833,0.001000,1.000000,1.000000,0.384403
no_capacity_floor,c2_r37.5m,2,37.500000,407,0.027778,0.025369,0.370131,0.357079,0.728416,0.001306,0.001000,1.000000,1.000000,0.515025
no_capacity_floor,c2_r15m,2,15.000000,447,0.000000,0.000000,0.296007,0.346316,0.697494,0.000083,0.001000,1.000000,1.000000,0.090476
no_capacity_floor,c2_r37.5m,2,37.500000,409,0.052170,0.051289,0.433787,0.251574,0.408841,0.003250,0.001000,1.000000,1.000000,0.337394
no_capacity_floor,c2_r37.5m,2,37.500000,411,0.010914,0.030886,0.411637,0.278608,0.787570,0.002611,0.001000,1.000000,1.000000,0.326304
no_capacity_floor,c2_r37.5m,2,37.500000,400,0.046381,0.050954,0.284352,0.417553,0.723377,0.002444,0.001000,1.000000,1.000000,0.397856
no_capacity_floor,c2_r37.5m,2,37.500000,402,0.000000,-0.016825,0.385977,0.323119,0.640281,0.000778,0.001000,1.000000,1.000000,0.306339
no_capacity_floor,c2_r37.5m,2,37.500000,403,-0.016949,0.025419,0.299501,0.204843,0.637018,0.001111,0.001000,1.000000,1.000000,0.148919
no_capacity_floor,c2_r37.5m,2,37.500000,416,-0.060606,0.022173,0.504391,0.558351,0.547882,0.001444,0.001000,1.000000,1.000000,0.667268
no_capacity_floor,c2_r37.5m,2,37.500000,404,-0.002967,0.013980,0.406163,0.383976,0.566520,0.001722,0.001000,1.000000,1.000000,0.435795
no_capacity_floor,c2_r37.5m,2,37.500000,417,0.031250,0.029908,0.288202,0.282271,0.580712,0.001833,0.001000,1.000000,1.000000,0.344572
no_capacity_floor,c2_r37.5m,2,37.500000,419,0.113208,0.060701,0.655094,0.556819,0.571138,0.001472,0.001000,1.000000,1.000000,0.543775
no_capacity_floor,c2_r37.5m,2,37.500000,406,0.010370,0.058970,0.357916,0.316218,0.339862,0.001889,0.001000,1.000000,1.000000,0.301837
no_capacity_floor,c2_r37.5m,2,37.500000,408,0.021607,0.025448,0.206359,0.339931,0.828895,0.001861,0.001000,1.000000,1.000000,0.280266
no_capacity_floor,c2_r37.5m,2,37.500000,420,0.111111,0.043839,0.345953,0.424940,0.696727,0.001028,0.001000,1.000000,1.000000,0.306488
no_capacity_floor,c2_r37.5m,2,37.500000,410,0.008850,0.024740,0.137979,0.456636,0.569621,0.002944,0.001000,1.000000,1.000000,0.427859
no_capacity_floor,c2_r37.5m,2,37.500000,413,0.021739,0.027123,0.376348,0.442131,0.558575,0.001556,0.001000,1.000000,1.000000,0.449476
no_capacity_floor,c2_r37.5m,2,37.500000,412,0.000000,0.026567,0.256268,0.277063,0.249890,0.000361,0.001000,1.000000,1.000000,0.175301
no_capacity_floor,c2_r37.5m,2,37.500000,415,-0.093023,0.031036,0.357805,0.181791,0.838310,0.000556,0.001000,1.000000,1.000000,0.146764
no_capacity_floor,c2_r37.5m,2,37.500000,414,0.081081,0.034444,0.349592,0.401434,0.816554,0.001472,0.001000,1.000000,1.000000,0.408141
no_capacity_floor,c2_r37.5m,2,37.500000,424,0.000000,0.009801,0.403292,0.323999,0.703371,0.000528,0.001000,1.000000,1.000000,0.473179
no_capacity_floor,c2_r37.5m,2,37.500000,426,-0.042735,-0.002722,0.243965,0.398950,0.729709,0.002722,0.001000,1.000000,1.000000,0.369584
no_capacity_floor,c2_r37.5m,2,37.500000,418,0.065654,0.016018,0.276753,0.389775,0.807470,0.002083,0.001000,1.000000,1.000000,0.399607
no_capacity_floor,c2_r37.5m,2,37.500000,427,0.021645,0.020991,0.486682,0.494485,0.541431,0.000972,0.001000,1.000000,1.000000,0.425237
no_capacity_floor,c2_r37.5m,2,37.500000,430,-0.030612,0.019260,0.220106,0.476940,0.829188,0.001278,0.001000,1.000000,1.000000,0.335535
no_capacity_floor,c2_r37.5m,2,37.500000,421,0.080000,0.042907,0.402805,0.377946,0.612020,0.001556,0.001000,1.000000,1.000000,0.414276
no_capacity_floor,c2_r37.5m,2,37.500000,422,0.000000,0.008398,0.187427,0.213334,0.532885,0.001556,0.001000,1.000000,1.000000,0.254995
no_capacity_floor,c2_r37.5m,2,37.500000,436,-0.021277,0.037433,0.285601,0.205055,0.673580,0.001361,0.001000,1.000000,1.000000,0.331744
no_capacity_floor,c2_r37.5m,2,37.500000,423,0.102564,0.057469,0.534281,0.248397,0.491967,0.003111,0.001000,1.000000,1.000000,0.309213
no_capacity_floor,c2_r37.5m,2,37.500000,437,0.054945,0.050814,0.586581,0.637331,0.576165,0.002472,0.001000,1.000000,1.000000,0.543917
no_capacity_floor,c2_r37.5m,2,37.500000,425,-0.023139,0.016762,0.322860,0.555604,0.755174,0.001139,0.001000,1.000000,1.000000,0.633776
no_capacity_floor,c2_r37.5m,2,37.500000,439,0.066667,0.007737,0.429118,0.240987,0.464218,0.001667,0.001000,1.000000,1.000000,0.203587
no_capacity_floor,c2_r37.5m,2,37.500000,429,0.068966,0.065395,0.380144,0.374700,0.569026,0.002111,0.001000,1.000000,1.000000,0.388713
no_capacity_floor,c2_r37.5m,2,37.500000,428,0.010469,0.031300,0.454864,0.468945,0.455854,0.003111,0.001000,1.000000,1.000000,0.471059
no_capacity_floor,c2_r37.5m,2,37.500000,440,0.071585,0.021925,0.168341,0.166151,0.695098,0.002833,0.001000,1.000000,1.000000,0.206470
no_capacity_floor,c2_r37.5m,2,37.500000,431,-0.006452,0.032074,0.266066,0.244703,0.603139,0.002306,0.001000,1.000000,1.000000,0.257110
no_capacity_floor,c2_r37.5m,2,37.500000,443,0.006244,0.038596,0.252899,0.499523,0.296691,0.002750,0.001000,1.000000,1.000000,0.448505
no_capacity_floor,c2_r37.5m,2,37.500000,432,0.044118,0.031361,0.203544,0.384267,0.629889,0.002806,0.001000,1.000000,1.000000,0.426490
no_capacity_floor,c2_r37.5m,2,37.500000,445,0.000000,0.021114,0.098704,0.535371,0.768166,0.001361,0.001000,1.000000,1.000000,0.601191
no_capacity_floor,c2_r37.5m,2,37.500000,433,0.060606,0.038173,0.438978,0.777624,0.812482,0.002000,0.001000,1.000000,1.000000,0.843958
no_capacity_floor,c2_r37.5m,2,37.500000,434,0.061224,0.022948,0.281516,0.385560,0.340129,0.001944,0.001000,1.000000,1.000000,0.462710
no_capacity_floor,c2_r37.5m,2,37.500000,435,0.076923,0.034321,0.517460,0.500061,0.665378,0.001528,0.001000,1.000000,1.000000,0.483251
no_capacity_floor,c2_r37.5m,2,37.500000,447,0.112222,0.032959,0.390422,0.346859,0.625691,0.001917,0.001000,1.000000,1.000000,0.300811
no_capacity_floor,c2_r37.5m,2,37.500000,438,0.063830,0.022867,0.302856,0.524137,0.767548,0.001500,0.001000,1.000000,1.000000,0.705565
no_capacity_floor,c2_r75m,2,75.000000,400,0.075262,0.046349,0.356265,0.497606,0.674549,0.007639,0.001000,1.000000,1.000000,0.506997
no_capacity_floor,c2_r37.5m,2,37.500000,441,-0.003133,0.052362,0.437742,0.316026,0.633039,0.002333,0.001000,1.000000,1.000000,0.295612
no_capacity_floor,c2_r75m,2,75.000000,402,0.089359,0.029712,0.180904,0.261106,0.414648,0.005500,0.001000,1.000000,1.000000,0.176094
no_capacity_floor,c2_r37.5m,2,37.500000,442,0.030303,0.039460,0.204987,0.326146,0.501669,0.001139,0.001000,1.000000,1.000000,0.355200
no_capacity_floor,c2_r37.5m,2,37.500000,444,-0.002747,0.029673,0.325979,0.453989,0.731365,0.001639,0.001000,1.000000,1.000000,0.629815
no_capacity_floor,c2_r75m,2,75.000000,404,0.070032,0.062253,0.249387,0.227705,0.570733,0.006694,0.001000,1.000000,1.000000,0.353737
no_capacity_floor,c2_r37.5m,2,37.500000,446,0.047619,0.030713,0.183523,0.212762,0.701045,0.001250,0.001000,1.000000,1.000000,0.274948
no_capacity_floor,c2_r75m,2,75.000000,408,0.045592,0.045874,0.365370,0.515021,0.539066,0.007472,0.001000,1.000000,1.000000,0.524237
no_capacity_floor,c2_r37.5m,2,37.500000,448,-0.076923,0.008397,0.434154,0.351145,0.656317,0.000806,0.001000,1.000000,1.000000,0.351963
no_capacity_floor,c2_r37.5m,2,37.500000,449,-0.018182,0.000931,0.453299,0.229894,0.517380,0.001417,0.001000,1.000000,1.000000,0.215373
no_capacity_floor,c2_r75m,2,75.000000,410,-0.013386,0.026939,0.222169,0.315539,0.500943,0.008222,0.001000,1.000000,1.000000,0.351511
no_capacity_floor,c2_r75m,2,75.000000,401,0.017932,0.028216,0.201781,0.290123,0.647046,0.005139,0.001000,1.000000,1.000000,0.200953
no_capacity_floor,c2_r75m,2,75.000000,407,0.025309,0.034554,0.254085,0.470375,0.670248,0.005083,0.001000,1.000000,1.000000,0.405640
no_capacity_floor,c2_r75m,2,75.000000,412,0.104885,0.057039,0.377663,0.339178,0.526765,0.002500,0.001000,1.000000,1.000000,0.279071
no_capacity_floor,c2_r75m,2,75.000000,415,0.086915,0.054921,0.400498,0.647602,0.204390,0.002778,0.001000,1.000000,1.000000,0.696965
no_capacity_floor,c2_r75m,2,75.000000,405,0.069527,0.056473,0.531106,0.302470,0.695926,0.005417,0.001000,1.000000,1.000000,0.278121
no_capacity_floor,c2_r75m,2,75.000000,403,0.004650,0.022572,0.195502,0.375658,0.567105,0.008861,0.001000,1.000000,1.000000,0.461155
no_capacity_floor,c2_r75m,2,75.000000,406,0.093914,0.081307,0.583597,0.183166,0.449886,0.004500,0.001000,1.000000,1.000000,0.227328
no_capacity_floor,c2_r75m,2,75.000000,417,0.074494,0.055698,0.496733,0.449993,0.841569,0.002667,0.001000,1.000000,1.000000,0.398989
no_capacity_floor,c2_r75m,2,75.000000,409,0.020944,0.029962,0.229653,0.424916,0.457918,0.006389,0.001000,1.000000,1.000000,0.496728
no_capacity_floor,c2_r75m,2,75.000000,420,0.083876,0.077841,0.658881,0.327070,0.802420,0.003500,0.001000,1.000000,1.000000,0.265708
no_capacity_floor,c2_r75m,2,75.000000,416,0.052268,0.038228,0.420912,0.519395,0.690663,0.008722,0.001000,1.000000,1.000000,0.582442
no_capacity_floor,c2_r75m,2,75.000000,422,0.046941,0.032541,0.260845,0.340868,0.326988,0.006694,0.001000,1.000000,1.000000,0.356507
no_capacity_floor,c2_r75m,2,75.000000,411,-0.000688,0.015006,0.274945,0.364879,0.520081,0.003583,0.001000,1.000000,1.000000,0.236460
no_capacity_floor,c2_r75m,2,75.000000,423,0.031500,0.034319,0.227175,0.323596,0.839148,0.007611,0.001000,1.000000,1.000000,0.302154
no_capacity_floor,c2_r75m,2,75.000000,424,0.066931,0.053457,0.499356,0.217242,0.555029,0.007750,0.001000,1.000000,1.000000,0.200545
no_capacity_floor,c2_r75m,2,75.000000,413,0.044687,0.025234,0.161240,0.249813,0.743886,0.004250,0.001000,1.000000,1.000000,0.278086
no_capacity_floor,c2_r75m,2,75.000000,414,0.041975,0.050449,0.297127,0.665542,0.337909,0.004389,0.001000,1.000000,1.000000,0.728297
no_capacity_floor,c2_r75m,2,75.000000,428,0.060610,0.070640,0.593557,0.500952,0.461682,0.004556,0.001000,1.000000,1.000000,0.642510
no_capacity_floor,c2_r75m,2,75.000000,419,0.047415,0.044709,0.375842,0.653783,0.674621,0.008250,0.001000,1.000000,1.000000,0.623653
no_capacity_floor,c2_r75m,2,75.000000,418,0.014673,0.045604,0.332583,0.260154,0.569271,0.003139,0.001000,1.000000,1.000000,0.222426
no_capacity_floor,c2_r75m,2,75.000000,431,0.047899,0.061306,0.470002,0.331691,0.514472,0.003833,0.001000,1.000000,1.000000,0.218951
no_capacity_floor,c2_r75m,2,75.000000,432,0.018851,0.045746,0.587855,0.338575,0.361212,0.004972,0.001000,1.000000,1.000000,0.418614
no_capacity_floor,c2_r75m,2,75.000000,421,0.041155,0.038724,0.508802,0.517248,0.519204,0.007389,0.001000,1.000000,1.000000,0.431459
no_capacity_floor,c2_r75m,2,75.000000,434,0.042288,0.034535,0.355088,0.438694,0.681520,0.007167,0.001000,1.000000,1.000000,0.420903
no_capacity_floor,c2_r75m,2,75.000000,435,0.035507,0.057499,0.408780,0.182140,0.855182,0.008667,0.001000,1.000000,1.000000,0.132682
no_capacity_floor,c2_r75m,2,75.000000,430,0.049872,0.034130,0.349706,0.280262,0.644571,0.005944,0.001000,1.000000,1.000000,0.274339
no_capacity_floor,c2_r75m,2,75.000000,438,0.108171,0.044353,0.539726,0.254699,0.552429,0.005306,0.001000,1.000000,1.000000,0.235574
no_capacity_floor,c2_r75m,2,75.000000,439,0.021163,0.041099,0.479251,0.202890,0.574616,0.008944,0.001000,1.000000,1.000000,0.250030
no_capacity_floor,c2_r75m,2,75.000000,426,0.008001,0.044276,0.305188,0.475193,0.561086,0.005528,0.001000,1.000000,1.000000,0.499811
no_capacity_floor,c2_r75m,2,75.000000,425,0.027138,0.032976,0.213013,0.326755,0.817523,0.007694,0.001000,1.000000,1.000000,0.284371
no_capacity_floor,c2_r75m,2,75.000000,427,0.035705,0.049741,0.416493,0.218053,0.648773,0.005611,0.001000,1.000000,1.000000,0.231965
no_capacity_floor,c2_r75m,2,75.000000,429,0.027300,0.044267,0.237964,0.403856,0.632101,0.006750,0.001000,1.000000,1.000000,0.351687
no_capacity_floor,c2_r75m,2,75.000000,441,0.034544,0.054697,0.377297,0.182514,0.530034,0.004500,0.001000,1.000000,1.000000,0.147090
no_capacity_floor,c2_r75m,2,75.000000,442,0.041660,0.062091,0.337943,0.279116,0.460304,0.005500,0.001000,1.000000,1.000000,0.273636
no_capacity_floor,c2_r75m,2,75.000000,433,0.106018,0.065721,0.542523,0.475139,0.590301,0.005250,0.001000,1.000000,1.000000,0.410596
no_capacity_floor,c2_r75m,2,75.000000,445,0.066644,0.051702,0.328997,0.238316,0.757821,0.005833,0.001000,1.000000,1.000000,0.179202
no_capacity_floor,c2_r75m,2,75.000000,444,0.065760,0.067045,0.348422,0.453100,0.254405,0.008417,0.001000,1.000000,1.000000,0.462539
no_capacity_floor,c2_r75m,2,75.000000,436,0.070240,0.038122,0.202718,0.273889,0.623409,0.007250,0.001000,1.000000,1.000000,0.325888
no_capacity_floor,c2_r75m,2,75.000000,447,0.098845,0.086101,0.590823,0.506790,0.638001,0.005139,0.001000,1.000000,1.000000,0.535991
no_capacity_floor,c2_r75m,2,75.000000,448,0.041450,0.028675,0.185361,0.642451,0.683727,0.003611,0.001000,1.000000,1.000000,0.607214
no_capacity_floor,c2_r75m,2,75.000000,437,0.040344,0.044561,0.448418,0.373674,0.655375,0.009944,0.001000,1.000000,1.000000,0.379464
no_capacity_floor,c2_r75m,2,75.000000,440,0.036390,0.031114,0.226814,0.239443,0.548550,0.008389,0.001000,1.000000,1.000000,0.241613
no_capacity_floor,c2_r150m,2,150.000000,403,0.024452,0.055726,0.172217,0.205910,0.899922,0.003167,0.001000,1.000000,0.998333,0.311576
no_capacity_floor,c2_r75m,2,75.000000,443,0.025107,0.031699,0.265570,0.232704,0.712754,0.004639,0.001000,1.000000,1.000000,0.201682
no_capacity_floor,c2_r150m,2,150.000000,407,0.032783,0.036679,0.192060,0.753678,0.358616,0.001528,0.001000,1.000000,0.998333,0.779092
no_capacity_floor,c2_r150m,2,150.000000,406,0.057967,0.021896,0.284493,0.273099,0.925452,0.002500,0.001000,1.000000,0.995000,0.161768
no_capacity_floor,c2_r75m,2,75.000000,446,0.043656,0.056948,0.460930,0.600630,0.694808,0.004194,0.001000,1.000000,1.000000,0.531286
no_capacity_floor,c2_r150m,2,150.000000,410,0.052690,0.079752,0.298094,0.159991,0.140274,0.004056,0.001000,1.000000,0.998333,0.169798
no_capacity_floor,c2_r150m,2,150.000000,409,0.070835,0.065325,0.279712,0.190564,0.683179,0.017750,0.001000,1.000000,1.000000,0.215904
no_capacity_floor,c2_r75m,2,75.000000,449,-0.007407,0.037580,0.386823,0.243228,0.692547,0.003361,0.001000,1.000000,1.000000,0.421781
no_capacity_floor,c2_r150m,2,150.000000,400,0.043869,0.043519,0.132566,0.192553,0.479257,0.011889,0.001000,1.000000,1.000000,0.208887
no_capacity_floor,c2_r150m,2,150.000000,402,0.214289,0.079784,0.303384,0.241118,0.898757,0.002972,0.001000,1.000000,0.996667,0.259374
no_capacity_floor,c2_r150m,2,150.000000,401,0.093875,0.107496,0.603734,0.564071,0.440881,0.005111,0.001000,1.000000,0.996667,0.317883
no_capacity_floor,c2_r150m,2,150.000000,404,0.146761,0.079200,0.409773,0.452717,0.747246,0.006861,0.001000,1.000000,1.000000,0.406254
no_capacity_floor,c2_r150m,2,150.000000,413,0.208249,0.139677,0.654613,0.299611,0.575923,0.007111,0.001000,1.000000,1.000000,0.260431
no_capacity_floor,c2_r150m,2,150.000000,416,0.126263,0.087467,0.200991,0.508865,0.724619,0.000667,0.001000,1.000000,0.995000,0.354699
no_capacity_floor,c2_r150m,2,150.000000,415,0.045340,0.041735,0.157874,0.299269,0.718431,0.004556,0.001000,1.000000,0.996667,0.456845
no_capacity_floor,c2_r150m,2,150.000000,405,0.026683,0.071859,0.505591,0.709271,0.856905,0.000889,0.001000,1.000000,0.995000,0.435369
no_capacity_floor,c2_r150m,2,150.000000,418,0.085185,0.072908,0.169758,0.202790,0.487405,0.001611,0.004815,0.983333,0.995000,0.176846
no_capacity_floor,c2_r150m,2,150.000000,419,0.104196,0.068997,0.301193,0.200146,0.791356,0.007528,0.001000,1.000000,1.000000,0.225053
no_capacity_floor,c2_r150m,2,150.000000,408,0.070601,0.064762,0.441044,0.598188,0.843389,0.004889,0.004088,0.983333,0.993333,0.741555
no_capacity_floor,c2_r150m,2,150.000000,411,0.286822,0.164182,0.499754,0.084678,0.050526,0.001472,0.001000,1.000000,0.996667,0.213071
no_capacity_floor,c2_r150m,2,150.000000,412,0.383117,0.180582,0.580535,0.103140,0.142183,0.002083,0.001000,1.000000,0.993333,0.160738
no_capacity_floor,c2_r150m,2,150.000000,425,0.058280,0.039471,0.194922,0.329503,0.914591,0.001444,0.001000,1.000000,0.993333,0.378346
no_capacity_floor,c2_r150m,2,150.000000,426,0.109544,0.148512,0.548818,0.355719,0.366064,0.005139,0.001000,1.000000,0.998333,0.270097
no_capacity_floor,c2_r150m,2,150.000000,427,0.037546,0.056448,0.291148,0.646047,0.685022,0.011056,0.001000,1.000000,1.000000,0.513232
no_capacity_floor,c2_r150m,2,150.000000,414,0.011254,0.030555,0.191313,0.819339,0.815019,0.005833,0.001000,1.000000,0.996667,0.850631
no_capacity_floor,c2_r150m,2,150.000000,417,-0.016284,0.071174,0.271143,0.903824,0.329522,0.001028,0.001000,1.000000,0.995000,0.851003
no_capacity_floor,c2_r150m,2,150.000000,429,-0.091333,0.028428,0.494746,0.713566,0.289227,0.003389,0.003993,0.966667,0.990000,0.824139
no_capacity_floor,c2_r150m,2,150.000000,430,0.288660,0.137934,0.593953,0.951823,0.537386,0.001389,0.001000,1.000000,0.990000,0.865844
no_capacity_floor,c2_r150m,2,150.000000,420,0.108438,0.091707,0.321976,0.414061,0.809948,0.004556,0.001000,1.000000,0.998333,0.464274
no_capacity_floor,c2_r150m,2,150.000000,422,0.079512,0.044701,0.157851,0.205500,0.663379,0.005194,0.001000,1.000000,1.000000,0.272584
no_capacity_floor,c2_r150m,2,150.000000,423,0.164236,0.129450,0.472748,0.269641,0.965454,0.001028,0.001000,1.000000,0.996667,0.394398
no_capacity_floor,c2_r150m,2,150.000000,434,0.120099,0.137757,0.258293,0.166107,0.471044,0.003194,0.001000,1.000000,0.996667,0.246791
no_capacity_floor,c2_r150m,2,150.000000,421,0.136199,0.063038,0.167527,0.417807,0.669853,0.001278,0.001000,1.000000,0.995000,0.235997
no_capacity_floor,c2_r150m,2,150.000000,435,0.081352,0.092436,0.765941,0.413645,0.618934,0.003250,0.001000,1.000000,0.998333,0.554014
no_capacity_floor,c2_r150m,2,150.000000,424,0.112282,0.079282,0.195234,0.610292,0.467224,0.005917,0.001000,1.000000,0.998333,0.505451
no_capacity_floor,c2_r150m,2,150.000000,436,0.068519,0.024675,0.297140,0.659209,0.748551,0.003556,0.001000,1.000000,1.000000,0.563044
no_capacity_floor,c2_r150m,2,150.000000,428,0.130756,0.057238,0.244902,0.072519,0.635265,0.002417,0.001000,1.000000,0.996667,0.138766
no_capacity_floor,c2_r150m,2,150.000000,439,0.093724,0.152063,0.449304,0.130521,0.124451,0.002972,0.001000,1.000000,0.998333,0.172857
no_capacity_floor,c2_r150m,2,150.000000,440,0.092420,0.029286,0.172873,0.613433,0.095937,0.002528,0.001005,0.983333,0.993333,0.686876
no_capacity_floor,c2_r150m,2,150.000000,432,0.108468,0.077842,0.338855,0.474491,0.349182,0.008167,0.001000,1.000000,1.000000,0.397394
no_capacity_floor,c2_r150m,2,150.000000,431,0.079042,0.110211,0.338363,0.175337,0.607553,0.000611,0.001000,1.000000,0.996667,0.272147
no_capacity_floor,c2_r150m,2,150.000000,433,0.056605,0.071802,0.208352,0.389548,0.551643,0.006944,0.001000,1.000000,1.000000,0.373386
no_capacity_floor,c2_r150m,2,150.000000,444,0.033956,0.067614,0.402948,0.343176,0.551170,0.006583,0.001000,1.000000,0.996667,0.357494
no_capacity_floor,c2_r150m,2,150.000000,446,0.132476,0.125466,0.664651,0.556965,0.693827,0.006667,0.001000,1.000000,0.996667,0.518979
no_capacity_floor,c2_r150m,2,150.000000,448,0.063789,0.093004,0.306948,0.658216,0.448089,0.001444,0.001000,1.000000,0.995000,0.715123
no_capacity_floor,c2_r300m,2,300.000000,400,0.127623,0.089570,0.120964,0.335705,0.086078,0.003278,0.011640,0.933333,0.906667,0.241378
no_capacity_floor,c2_r150m,2,150.000000,437,0.067769,0.097832,0.486683,0.204733,0.677899,0.006806,0.001000,1.000000,0.998333,0.322924
no_capacity_floor,c2_r300m,2,300.000000,401,0.083311,0.137870,0.233692,0.435123,0.340804,0.005694,0.021542,0.850000,0.898333,0.443469
no_capacity_floor,c2_r150m,2,150.000000,438,0.081229,0.083503,0.416194,0.855062,0.392273,0.001306,0.001000,1.000000,0.995000,0.757002
no_capacity_floor,c2_r150m,2,150.000000,442,0.062453,0.127688,0.758576,0.304853,0.577671,0.001583,0.001000,1.000000,0.996667,0.326812
no_capacity_floor,c2_r150m,2,150.000000,441,0.112022,0.081468,0.326474,0.708279,0.093342,0.003167,0.001000,1.000000,0.996667,0.565138
no_capacity_floor,c2_r300m,2,300.000000,405,0.199073,0.191446,0.873332,0.451437,0.477302,0.005472,0.021481,0.850000,0.873333,0.542807
no_capacity_floor,c2_r150m,2,150.000000,443,0.164952,0.167310,0.598545,0.176752,0.649773,0.006083,0.001000,1.000000,1.000000,0.171621
no_capacity_floor,c2_r300m,2,300.000000,406,0.213617,0.224675,0.370673,0.158675,0.217306,0.003806,0.026523,0.866667,0.881667,0.081407
no_capacity_floor,c2_r150m,2,150.000000,445,0.059362,0.103020,0.231546,0.331537,0.800519,0.003389,0.001000,1.000000,0.998333,0.281586
no_capacity_floor,c2_r300m,2,300.000000,407,0.093656,0.057230,0.080991,0.607785,0.687920,0.005000,0.026040,0.866667,0.886667,0.487497
no_capacity_floor,c2_r150m,2,150.000000,447,0.107157,0.089566,0.387225,0.165442,0.489832,0.006278,0.001000,1.000000,0.998333,0.137564
no_capacity_floor,c2_r300m,2,300.000000,408,0.152023,0.143254,0.347264,0.142179,0.570855,0.003833,0.007167,0.950000,0.900000,0.102549
no_capacity_floor,c2_r150m,2,150.000000,449,0.005399,0.088340,0.286064,0.131914,0.766364,0.001583,0.001000,1.000000,0.995000,0.161876
no_capacity_floor,c2_r300m,2,300.000000,410,-0.054823,0.026367,0.194611,0.912154,0.474136,0.004944,0.014405,0.850000,0.885000,0.899492
no_capacity_floor,c2_r300m,2,300.000000,402,0.038415,0.085483,0.095124,0.092524,0.872051,0.006028,0.022728,0.866667,0.898333,0.249216
no_capacity_floor,c2_r300m,2,300.000000,414,0.188034,0.147296,0.881596,0.189819,0.959880,0.004000,0.020304,0.916667,0.903333,0.162190
no_capacity_floor,c2_r300m,2,300.000000,404,0.154238,0.100570,0.299027,0.743129,0.894780,0.015639,0.019974,0.866667,0.856667,0.815417
no_capacity_floor,c2_r300m,2,300.000000,403,0.183080,0.195741,0.858013,0.921298,0.538394,0.029806,0.039772,0.716667,0.783333,0.903430
no_capacity_floor,c2_r300m,2,300.000000,416,0.111698,0.170840,0.630672,0.709948,0.485203,0.004972,0.024019,0.850000,0.843333,0.737106
no_capacity_floor,c2_r300m,2,300.000000,420,0.165611,0.176347,0.498181,0.819785,0.378735,0.007389,0.027677,0.850000,0.841667,0.871333
no_capacity_floor,c2_r300m,2,300.000000,418,0.200327,0.198468,0.893547,0.935414,0.906757,0.075333,0.032774,0.800000,0.830000,0.921972
no_capacity_floor,c2_r300m,2,300.000000,422,0.013945,0.128672,0.125665,0.666535,0.161348,0.005972,0.015680,0.900000,0.875000,0.686404
no_capacity_floor,c2_r300m,2,300.000000,409,0.248035,0.193619,0.632455,0.754062,0.800155,0.015306,0.018055,0.883333,0.890000,0.505966
no_capacity_floor,c2_r300m,2,300.000000,411,0.102577,0.075655,0.193814,0.286512,0.936040,0.004056,0.014522,0.916667,0.891667,0.414432
no_capacity_floor,c2_r300m,2,300.000000,412,-0.049289,-0.002048,0.043217,0.100205,0.827110,0.007028,0.043972,0.750000,0.883333,0.134201
no_capacity_floor,c2_r300m,2,300.000000,424,0.157145,0.111383,0.229916,0.822107,0.893674,0.008583,0.028169,0.750000,0.863333,0.847665
no_capacity_floor,c2_r300m,2,300.000000,427,0.097489,0.037628,0.198400,0.220038,0.789950,0.006806,0.032624,0.833333,0.876667,0.187653
no_capacity_floor,c2_r300m,2,300.000000,415,0.197781,0.213303,0.525678,0.567694,0.706228,0.008667,0.026802,0.833333,0.880000,0.396544
no_capacity_floor,c2_r300m,2,300.000000,413,0.219773,0.166512,0.603441,0.857107,0.768093,0.014694,0.024298,0.800000,0.845000,0.806649
no_capacity_floor,c2_r300m,2,300.000000,417,0.169622,0.181533,0.432437,0.647837,0.687226,0.004444,0.005235,0.950000,0.851667,0.724239
no_capacity_floor,c2_r300m,2,300.000000,430,0.058075,0.042891,0.135865,0.168827,0.667785,0.009278,0.015277,0.816667,0.900000,0.164482
no_capacity_floor,c2_r300m,2,300.000000,429,0.034160,0.092292,0.175763,0.227473,0.866931,0.003056,0.014458,0.916667,0.895000,0.199119
no_capacity_floor,c2_r300m,2,300.000000,421,0.160834,0.191923,0.793502,0.767275,0.643830,0.017472,0.025215,0.766667,0.850000,0.499089
no_capacity_floor,c2_r300m,2,300.000000,428,0.239976,0.231727,0.895317,0.905550,0.407044,0.034028,0.037631,0.766667,0.785000,0.878128
no_capacity_floor,c2_r300m,2,300.000000,423,0.051948,0.122408,0.460656,0.058218,0.627293,0.003417,0.012702,0.933333,0.911667,0.166796
no_capacity_floor,c2_r300m,2,300.000000,419,0.145466,0.138166,0.629767,0.845501,0.878524,0.015861,0.026398,0.816667,0.861667,0.894872
no_capacity_floor,c2_r300m,2,300.000000,434,0.019328,0.070793,0.068313,0.040941,0.846699,0.005556,0.016841,0.916667,0.906667,0.101116
no_capacity_floor,c2_r300m,2,300.000000,435,0.007143,0.061799,0.108966,0.688757,0.852019,0.005750,0.022869,0.833333,0.858333,0.686046
no_capacity_floor,c2_r300m,2,300.000000,426,0.090210,0.125761,0.221657,0.639739,0.166150,0.005972,0.033543,0.816667,0.876667,0.499486
no_capacity_floor,c2_r300m,2,300.000000,425,0.230387,0.227117,0.956000,0.944503,0.601958,0.064139,0.045196,0.700000,0.758333,0.918169
no_capacity_floor,c2_r300m,2,300.000000,440,0.108698,0.150356,0.431317,0.585127,0.718508,0.005667,0.019858,0.866667,0.903333,0.360746
no_capacity_floor,c2_r300m,2,300.000000,431,0.127418,0.100521,0.258852,0.161308,0.370458,0.005389,0.014792,0.900000,0.905000,0.163436
no_capacity_floor,c2_r300m,2,300.000000,439,0.208070,0.221428,0.890470,0.922705,0.890325,0.030306,0.020647,0.783333,0.781667,0.872132
no_capacity_floor,c2_r300m,2,300.000000,442,0.220402,0.213016,0.935251,0.783933,0.559978,0.028778,0.042604,0.800000,0.810000,0.887897
no_capacity_floor,c2_r300m,2,300.000000,432,0.124058,0.112299,0.297472,0.212823,0.433738,0.003611,0.017771,0.900000,0.880000,0.139960
no_capacity_floor,c2_r300m,2,300.000000,445,0.209045,0.162018,0.619649,0.278302,0.950479,0.007972,0.016814,0.850000,0.856667,0.318645
no_capacity_floor,c2_r300m,2,300.000000,446,0.019055,0.065898,0.166178,0.354298,0.958093,0.004917,0.019141,0.883333,0.903333,0.305502
no_capacity_floor,c2_r300m,2,300.000000,433,-0.000597,0.072388,0.149228,0.850201,0.504688,0.007472,0.017661,0.900000,0.870000,0.721319
no_capacity_floor,c2_r300m,2,300.000000,436,0.197906,0.199483,0.451369,0.085544,0.120086,0.005750,0.010999,0.933333,0.918333,0.178054
no_capacity_floor,c2_r300m,2,300.000000,438,0.154420,0.165939,0.453162,0.292923,0.749325,0.006556,0.022207,0.866667,0.890000,0.387202
no_capacity_floor,c2_r300m,2,300.000000,449,0.170311,0.174591,0.466922,0.896348,0.601514,0.020750,0.041482,0.766667,0.820000,0.840442
no_capacity_floor,c2_r300m,2,300.000000,441,0.058182,0.126841,0.190410,0.349650,0.578632,0.006944,0.014490,0.933333,0.886667,0.575221
no_capacity_floor,c2_r300m,2,300.000000,437,0.206251,0.227058,0.808555,0.954250,0.842259,0.041083,0.033340,0.800000,0.766667,0.924559
no_capacity_floor,c2_r300m,2,300.000000,444,0.195200,0.161210,0.311136,0.781010,0.199953,0.006944,0.021026,0.883333,0.878333,0.835528
no_capacity_floor,c2_r300m,2,300.000000,443,0.114354,0.101047,0.159821,0.217221,0.742838,0.003389,0.012803,0.916667,0.906667,0.200049
no_capacity_floor,c2_r300m,2,300.000000,448,-0.108273,0.087911,0.280113,0.256540,0.630466,0.005222,0.026894,0.833333,0.881667,0.465114
no_capacity_floor,c2_r300m,2,300.000000,447,0.226453,0.137154,0.397597,0.757496,0.792729,0.006694,0.035032,0.816667,0.871667,0.461175
no_capacity_floor,c2_r600m,2,600.000000,401,0.270276,0.277647,0.861001,0.903671,0.581164,0.188944,0.983069,0.000000,0.023333,0.872901
no_capacity_floor,c2_r600m,2,600.000000,402,0.260938,0.276555,0.865557,0.919712,0.670850,0.184944,0.952988,0.033333,0.025000,0.890801
no_capacity_floor,c2_r600m,2,600.000000,405,0.297145,0.282268,0.890651,0.902138,0.678894,0.190000,1.064992,0.016667,0.011667,0.886053
no_capacity_floor,c2_r600m,2,600.000000,409,0.289317,0.269398,0.765925,0.897645,0.695259,0.183806,0.968633,0.016667,0.026667,0.863308
no_capacity_floor,c2_r600m,2,600.000000,412,0.291853,0.279056,0.845940,0.879084,0.830071,0.182167,0.930755,0.000000,0.026667,0.868356
no_capacity_floor,c2_r600m,2,600.000000,414,0.293259,0.287855,0.817586,0.899864,0.514003,0.176861,0.920147,0.033333,0.015000,0.883440
no_capacity_floor,c2_r600m,2,600.000000,404,0.280350,0.267980,0.861423,0.897314,0.353633,0.181889,0.935728,0.050000,0.021667,0.875288
no_capacity_floor,c2_r600m,2,600.000000,400,0.281210,0.256365,0.733685,0.915016,0.646224,0.179556,0.900889,0.016667,0.023333,0.888019
no_capacity_floor,c2_r600m,2,600.000000,416,0.283780,0.275098,0.884129,0.881788,0.650747,0.176472,0.926302,0.016667,0.013333,0.895361
no_capacity_floor,c2_r600m,2,600.000000,417,0.271916,0.272170,0.842979,0.887520,0.755721,0.180083,0.963019,0.000000,0.011667,0.880198
no_capacity_floor,c2_r600m,2,600.000000,418,0.282307,0.271158,0.872745,0.890797,0.662475,0.177333,0.886648,0.050000,0.030000,0.849015
no_capacity_floor,c2_r600m,2,600.000000,403,0.274327,0.275729,0.860903,0.883556,0.382522,0.186083,0.955134,0.000000,0.028333,0.866414
no_capacity_floor,c2_r600m,2,600.000000,407,0.297148,0.281098,0.835748,0.906483,0.613168,0.185583,1.003594,0.033333,0.021667,0.890463
no_capacity_floor,c2_r600m,2,600.000000,406,0.282347,0.280371,0.893643,0.861422,0.655939,0.175750,0.938359,0.050000,0.013333,0.868292
no_capacity_floor,c2_r600m,2,600.000000,410,0.274591,0.264894,0.812529,0.876798,0.552612,0.173167,0.932052,0.016667,0.028333,0.868652
no_capacity_floor,c2_r600m,2,600.000000,408,0.280629,0.276174,0.904930,0.894075,0.428733,0.179194,0.960828,0.000000,0.016667,0.887612
no_capacity_floor,c2_r600m,2,600.000000,411,0.310004,0.284291,0.888463,0.888937,0.842498,0.174972,0.935015,0.000000,0.020000,0.893489
no_capacity_floor,c2_r600m,2,600.000000,419,0.271693,0.278814,0.776760,0.838772,0.723727,0.171278,0.833262,0.066667,0.020000,0.881740
no_capacity_floor,c2_r600m,2,600.000000,413,0.291873,0.283164,0.858054,0.888721,0.820251,0.178389,0.912799,0.016667,0.010000,0.878198
no_capacity_floor,c2_r600m,2,600.000000,420,0.311438,0.292736,0.842576,0.921823,0.799333,0.190583,1.023300,0.000000,0.013333,0.888547
no_capacity_floor,c2_r600m,2,600.000000,421,0.267339,0.276676,0.833089,0.898083,0.482067,0.180806,0.901496,0.033333,0.028333,0.867298
no_capacity_floor,c2_r600m,2,600.000000,415,0.238760,0.275940,0.796348,0.920804,0.626632,0.168083,0.829669,0.016667,0.008333,0.878321
no_capacity_floor,c2_r600m,2,600.000000,424,0.287837,0.281846,0.881999,0.883477,0.699810,0.181750,0.909338,0.016667,0.016667,0.858322
no_capacity_floor,c2_r600m,2,600.000000,426,0.266590,0.276029,0.806598,0.893255,0.687049,0.178389,0.907201,0.033333,0.020000,0.876391
no_capacity_floor,c2_r600m,2,600.000000,425,0.264941,0.280892,0.882304,0.899335,0.651623,0.174472,0.894685,0.016667,0.008333,0.892957
no_capacity_floor,c2_r600m,2,600.000000,433,0.255103,0.268694,0.784281,0.896712,0.735480,0.176583,0.867723,0.050000,0.026667,0.900586
no_capacity_floor,c2_r600m,2,600.000000,422,0.275381,0.272303,0.825669,0.910310,0.462645,0.179722,0.915057,0.033333,0.036667,0.875382
no_capacity_floor,c2_r600m,2,600.000000,436,0.266757,0.276477,0.800149,0.905506,0.704803,0.188806,0.997727,0.016667,0.015000,0.864825
no_capacity_floor,c2_r600m,2,600.000000,423,0.257622,0.276442,0.799888,0.889624,0.773226,0.168750,0.833042,0.000000,0.010000,0.891763
no_capacity_floor,c2_r600m,2,600.000000,438,0.279031,0.273596,0.863008,0.896519,0.752114,0.193361,1.053032,0.016667,0.026667,0.868656
no_capacity_floor,c2_r600m,2,600.000000,439,0.266474,0.271626,0.856079,0.888747,0.668568,0.177750,0.881000,0.033333,0.033333,0.868510
no_capacity_floor,c2_r600m,2,600.000000,440,0.278769,0.277199,0.871582,0.891778,0.682164,0.172778,0.917126,0.016667,0.018333,0.858693
no_capacity_floor,c2_r600m,2,600.000000,429,0.291020,0.276057,0.862161,0.896228,0.762528,0.190806,1.029470,0.016667,0.020000,0.889411
no_capacity_floor,c2_r600m,2,600.000000,427,0.301841,0.294745,0.882398,0.930243,0.394053,0.176500,0.923556,0.016667,0.015000,0.901382
no_capacity_floor,c2_r600m,2,600.000000,428,0.286383,0.274839,0.812770,0.890569,0.578263,0.183806,0.954112,0.050000,0.021667,0.882207
no_capacity_floor,c2_r600m,2,600.000000,430,0.236343,0.271552,0.774057,0.930817,0.600572,0.181000,0.938939,0.033333,0.013333,0.889138
no_capacity_floor,c2_r600m,2,600.000000,435,0.272549,0.270745,0.825803,0.829826,0.448132,0.169556,0.841950,0.016667,0.026667,0.843930
no_capacity_floor,c2_r600m,2,600.000000,431,0.264347,0.292143,0.880352,0.872033,0.665422,0.179389,0.937553,0.016667,0.028333,0.854482
no_capacity_floor,c2_r600m,2,600.000000,432,0.228217,0.257606,0.724633,0.895868,0.646541,0.175611,0.860528,0.016667,0.030000,0.896954
no_capacity_floor,c2_r600m,2,600.000000,441,0.280013,0.273180,0.841915,0.907644,0.349898,0.179778,0.936622,0.000000,0.030000,0.882224
no_capacity_floor,c2_r600m,2,600.000000,434,0.273973,0.272984,0.857340,0.894870,0.639092,0.173694,0.846107,0.016667,0.016667,0.865972
no_capacity_floor,c2_r600m,2,600.000000,443,0.271742,0.293194,0.891870,0.884991,0.466231,0.181917,0.980582,0.016667,0.016667,0.873172
no_capacity_floor,c2_r600m,2,600.000000,437,0.278191,0.279995,0.892037,0.884219,0.802840,0.182722,0.966717,0.000000,0.023333,0.883312
no_capacity_floor,c3_r15m,3,15.000000,405,0.000000,0.000000,0.550520,0.470066,0.454997,0.000111,0.001000,1.000000,1.000000,0.140850
no_capacity_floor,c2_r600m,2,600.000000,445,0.291189,0.276442,0.863561,0.923444,0.731744,0.180861,0.940446,0.033333,0.033333,0.865075
no_capacity_floor,c2_r600m,2,600.000000,447,0.292437,0.281206,0.875152,0.932295,0.785323,0.180444,0.922886,0.016667,0.018333,0.893027
no_capacity_floor,c3_r15m,3,15.000000,400,0.000000,0.000000,0.205239,0.503935,0.647702,0.000139,0.001000,1.000000,1.000000,0.158824
no_capacity_floor,c3_r15m,3,15.000000,401,0.000000,0.000000,0.363204,0.566419,0.422895,0.000139,0.001000,1.000000,1.000000,0.085000
no_capacity_floor,c3_r15m,3,15.000000,402,0.000000,0.000000,0.392117,0.307808,0.679036,0.000167,0.001000,1.000000,1.000000,0.225357
no_capacity_floor,c3_r15m,3,15.000000,407,0.000000,0.000000,0.454396,0.403387,0.784300,0.000167,0.001000,1.000000,1.000000,0.000000
no_capacity_floor,c3_r15m,3,15.000000,403,0.000000,-0.013810,0.403341,0.493828,0.850034,0.000139,0.001000,1.000000,1.000000,0.221262
no_capacity_floor,c3_r15m,3,15.000000,404,0.000000,0.000000,0.414491,0.353792,0.801349,0.000222,0.001000,1.000000,1.000000,0.203167
no_capacity_floor,c3_r15m,3,15.000000,409,0.000000,0.000000,0.344017,0.277571,0.803182,0.000083,0.001000,1.000000,1.000000,0.000000
no_capacity_floor,c3_r15m,3,15.000000,410,0.000000,0.000000,0.222036,0.464984,0.425484,0.000028,0.001000,1.000000,1.000000,0.108571
no_capacity_floor,c3_r15m,3,15.000000,406,0.000000,0.000000,0.157297,0.338363,0.841533,0.000083,0.001000,1.000000,1.000000,0.103977
no_capacity_floor,c2_r600m,2,600.000000,442,0.298424,0.273399,0.843817,0.869505,0.723578,0.171861,0.837605,0.083333,0.021667,0.886974
no_capacity_floor,c3_r15m,3,15.000000,411,0.000000,0.000000,0.320170,0.467241,0.493469,0.000083,0.001000,1.000000,1.000000,0.055556
no_capacity_floor,c3_r15m,3,15.000000,415,0.000000,0.012500,0.491957,0.324340,0.614666,0.000194,0.001000,1.000000,1.000000,0.362033
no_capacity_floor,c3_r15m,3,15.000000,408,0.000000,0.040000,0.383035,0.339508,0.543640,0.000222,0.001000,1.000000,1.000000,0.098214
no_capacity_floor,c3_r15m,3,15.000000,418,0.000000,0.150000,0.810245,0.253339,0.704398,0.000194,0.001000,1.000000,1.000000,0.119470
no_capacity_floor,c3_r15m,3,15.000000,419,0.000000,0.000000,0.310327,0.347847,0.580000,0.000056,0.001000,1.000000,1.000000,0.000000
no_capacity_floor,c2_r600m,2,600.000000,446,0.273098,0.272021,0.805843,0.893708,0.598578,0.171917,0.907837,0.000000,0.018333,0.846151
no_capacity_floor,c2_r600m,2,600.000000,444,0.300142,0.283209,0.829295,0.889891,0.728363,0.178278,0.891001,0.000000,0.011667,0.879538
no_capacity_floor,c3_r15m,3,15.000000,422,0.000000,-0.007143,0.384037,0.557465,0.672367,0.000111,0.001000,1.000000,1.000000,0.252690
no_capacity_floor,c2_r600m,2,600.000000,448,0.242817,0.271044,0.850286,0.941113,0.661218,0.177833,0.906577,0.033333,0.016667,0.877345
no_capacity_floor,c3_r15m,3,15.000000,423,0.000000,0.135000,0.713383,0.508377,0.683876,0.000333,0.001000,1.000000,1.000000,0.233333
no_capacity_floor,c3_r15m,3,15.000000,412,0.000000,0.033333,0.364621,0.110871,0.380267,0.000194,0.001000,1.000000,1.000000,0.047222
no_capacity_floor,c3_r15m,3,15.000000,414,0.000000,0.000000,0.553894,0.316814,0.772131,0.000083,0.001000,1.000000,1.000000,0.028571
no_capacity_floor,c3_r15m,3,15.000000,413,0.000000,-0.016667,0.383882,0.198936,0.477823,0.000222,0.001000,1.000000,1.000000,0.038384
no_capacity_floor,c3_r15m,3,15.000000,416,0.000000,0.000000,0.478590,0.335024,0.532507,0.000278,0.001000,1.000000,1.000000,0.000000
no_capacity_floor,c2_r600m,2,600.000000,449,0.254538,0.264011,0.853535,0.925078,0.590300,0.160944,0.821738,0.033333,0.026667,0.865201
no_capacity_floor,c3_r15m,3,15.000000,417,0.000000,0.000000,0.271352,0.340121,0.716335,0.000111,0.001000,1.000000,1.000000,0.356391
no_capacity_floor,c3_r15m,3,15.000000,425,0.000000,0.114286,0.315633,0.308596,0.707490,0.000278,0.001000,1.000000,1.000000,0.178510
no_capacity_floor,c3_r15m,3,15.000000,426,0.000000,0.000000,0.424441,0.390261,0.488659,0.000083,0.001000,1.000000,1.000000,0.025000
no_capacity_floor,c3_r15m,3,15.000000,420,0.000000,0.000000,0.179354,0.458425,0.626554,0.000278,0.001000,1.000000,1.000000,0.384524
no_capacity_floor,c3_r15m,3,15.000000,421,0.000000,0.000000,0.184582,0.297607,0.609168,0.000083,0.001000,1.000000,1.000000,0.020000
no_capacity_floor,c3_r15m,3,15.000000,431,0.000000,-0.011111,0.424625,0.419377,0.760494,0.000194,0.001000,1.000000,1.000000,0.176667
no_capacity_floor,c3_r15m,3,15.000000,429,0.333333,0.033333,0.472363,0.633129,0.745088,0.000139,0.001000,1.000000,1.000000,0.200000
no_capacity_floor,c3_r15m,3,15.000000,438,0.000000,0.011111,0.259403,0.409298,0.494168,0.000083,0.001000,1.000000,1.000000,0.121429
no_capacity_floor,c3_r15m,3,15.000000,424,0.500000,0.035714,0.646797,0.263500,0.692673,0.000167,0.001000,1.000000,1.000000,0.130000
no_capacity_floor,c3_r15m,3,15.000000,439,0.000000,0.000000,0.281414,0.611757,0.376107,0.000167,0.001000,1.000000,1.000000,0.172727
no_capacity_floor,c3_r15m,3,15.000000,427,0.000000,0.000000,0.679847,0.295533,0.678318,0.000306,0.001000,1.000000,1.000000,0.282500
no_capacity_floor,c3_r15m,3,15.000000,428,0.000000,0.025000,0.341091,0.242757,0.737164,0.000361,0.001000,1.000000,1.000000,0.267240
no_capacity_floor,c3_r15m,3,15.000000,442,0.000000,0.000000,0.497778,0.442568,0.364052,0.000222,0.001000,1.000000,1.000000,0.060000
no_capacity_floor,c3_r15m,3,15.000000,443,0.000000,-0.083333,0.379713,0.751413,0.820686,0.000222,0.001000,1.000000,1.000000,0.190000
no_capacity_floor,c3_r15m,3,15.000000,430,0.000000,0.033333,0.625318,0.226761,0.780940,0.000083,0.001000,1.000000,1.000000,0.099221
no_capacity_floor,c3_r15m,3,15.000000,433,0.000000,0.050000,0.185884,0.609996,0.448616,0.000056,0.001000,1.000000,1.000000,0.333810
no_capacity_floor,c3_r15m,3,15.000000,432,0.142857,0.009740,0.328629,0.410700,0.385863,0.000222,0.001000,1.000000,1.000000,0.125000
no_capacity_floor,c3_r15m,3,15.000000,434,0.000000,0.000000,0.286821,0.364847,0.669367,0.000056,0.001000,1.000000,1.000000,0.000000
no_capacity_floor,c3_r15m,3,15.000000,435,0.000000,-0.016667,0.434037,0.328945,0.556354,0.000167,0.001000,1.000000,1.000000,0.112500
no_capacity_floor,c3_r15m,3,15.000000,436,0.000000,0.020000,0.461493,0.306692,0.638303,0.000278,0.001000,1.000000,1.000000,0.211185
no_capacity_floor,c3_r15m,3,15.000000,444,0.000000,0.027778,0.372012,0.381618,0.772651,0.000250,0.001000,1.000000,1.000000,0.268597
no_capacity_floor,c3_r15m,3,15.000000,437,0.000000,0.000000,0.270373,0.371869,0.631714,0.000139,0.001000,1.000000,1.000000,0.238095
no_capacity_floor,c3_r15m,3,15.000000,446,0.000000,0.000000,0.237953,0.600475,0.541968,0.000139,0.001000,1.000000,1.000000,0.075000
no_capacity_floor,c3_r15m,3,15.000000,440,0.000000,0.000000,0.485841,0.243170,0.597425,0.000222,0.001000,1.000000,1.000000,0.039286
no_capacity_floor,c3_r15m,3,15.000000,449,0.000000,0.000000,0.291653,0.240970,0.545517,0.000250,0.001000,1.000000,1.000000,0.105238
no_capacity_floor,c3_r15m,3,15.000000,441,0.000000,0.000000,0.234775,0.515480,0.581754,0.000194,0.001000,1.000000,1.000000,0.150000
no_capacity_floor,c3_r37.5m,3,37.500000,400,0.055556,0.008508,0.640276,0.293536,0.612701,0.001083,0.001000,1.000000,1.000000,0.334248
no_capacity_floor,c3_r37.5m,3,37.500000,407,0.023079,0.031298,0.258034,0.312770,0.781093,0.003083,0.001000,1.000000,1.000000,0.238195
no_capacity_floor,c3_r15m,3,15.000000,445,0.000000,0.050000,0.584084,0.208040,0.233933,0.000194,0.001000,1.000000,1.000000,0.141111
no_capacity_floor,c3_r37.5m,3,37.500000,409,0.025974,0.041463,0.488614,0.496173,0.361296,0.001556,0.001000,1.000000,1.000000,0.446145
no_capacity_floor,c3_r37.5m,3,37.500000,411,-0.020619,0.012015,0.180256,0.260277,0.464898,0.002361,0.001000,1.000000,1.000000,0.352207
no_capacity_floor,c3_r15m,3,15.000000,448,0.000000,0.000000,0.203141,0.554192,0.647177,0.000111,0.001000,1.000000,1.000000,0.016667
no_capacity_floor,c3_r15m,3,15.000000,447,0.000000,0.036190,0.634626,0.306566,0.797368,0.000194,0.001000,1.000000,1.000000,0.383473
no_capacity_floor,c3_r37.5m,3,37.500000,413,0.032383,0.021312,0.471477,0.341682,0.489329,0.002806,0.001000,1.000000,1.000000,0.197564
no_capacity_floor,c3_r37.5m,3,37.500000,401,0.043956,0.021156,0.363449,0.482816,0.520098,0.002389,0.001000,1.000000,1.000000,0.569383
no_capacity_floor,c3_r37.5m,3,37.500000,402,0.029008,0.025809,0.302276,0.556042,0.563904,0.001944,0.001000,1.000000,1.000000,0.586204
no_capacity_floor,c3_r37.5m,3,37.500000,404,0.024390,0.031123,0.183310,0.267802,0.842493,0.001972,0.001000,1.000000,1.000000,0.192308
no_capacity_floor,c3_r37.5m,3,37.500000,403,0.010691,0.006727,0.184145,0.352020,0.440670,0.002667,0.001000,1.000000,1.000000,0.268914
no_capacity_floor,c3_r37.5m,3,37.500000,405,-0.005763,0.002539,0.254526,0.512277,0.571760,0.004917,0.001000,1.000000,1.000000,0.495888
no_capacity_floor,c3_r37.5m,3,37.500000,414,0.098990,0.079366,0.320774,0.283135,0.719400,0.001694,0.001000,1.000000,1.000000,0.203434
no_capacity_floor,c3_r37.5m,3,37.500000,406,0.040293,0.035092,0.202886,0.486686,0.579142,0.003611,0.001000,1.000000,1.000000,0.457067
no_capacity_floor,c3_r37.5m,3,37.500000,416,0.121717,0.051724,0.266575,0.463779,0.426628,0.004278,0.001000,1.000000,1.000000,0.294547
no_capacity_floor,c3_r37.5m,3,37.500000,408,0.000000,0.029798,0.249367,0.298690,0.274699,0.003500,0.001000,1.000000,1.000000,0.379524
no_capacity_floor,c3_r37.5m,3,37.500000,417,0.083072,0.059248,0.562453,0.295397,0.599876,0.004250,0.001000,1.000000,1.000000,0.340990
no_capacity_floor,c3_r37.5m,3,37.500000,410,0.064291,0.033965,0.247977,0.513137,0.451362,0.003778,0.001000,1.000000,1.000000,0.535132
no_capacity_floor,c3_r37.5m,3,37.500000,420,0.068966,0.052546,0.499787,0.446013,0.730045,0.000889,0.001000,1.000000,1.000000,0.650016
no_capacity_floor,c3_r37.5m,3,37.500000,412,0.008510,0.039409,0.345628,0.307878,0.628334,0.003083,0.001000,1.000000,1.000000,0.330189
no_capacity_floor,c3_r37.5m,3,37.500000,426,0.047664,0.047000,0.316928,0.341127,0.684205,0.004389,0.001000,1.000000,1.000000,0.297456
no_capacity_floor,c3_r37.5m,3,37.500000,428,0.061324,0.048451,0.470845,0.539158,0.667760,0.001694,0.001000,1.000000,1.000000,0.682476
no_capacity_floor,c3_r37.5m,3,37.500000,415,0.236111,0.095929,0.730568,0.147310,0.859508,0.001611,0.001000,1.000000,1.000000,0.178700
no_capacity_floor,c3_r37.5m,3,37.500000,430,-0.021552,0.018782,0.326379,0.269169,0.649867,0.002667,0.001000,1.000000,1.000000,0.173761
no_capacity_floor,c3_r37.5m,3,37.500000,419,0.041667,0.042629,0.338221,0.409294,0.436201,0.000806,0.001000,1.000000,1.000000,0.335236
no_capacity_floor,c3_r37.5m,3,37.500000,418,0.013735,0.042282,0.259817,0.370071,0.788428,0.004083,0.001000,1.000000,1.000000,0.414925
no_capacity_floor,c3_r37.5m,3,37.500000,432,-0.007140,0.021321,0.191204,0.457243,0.713484,0.002111,0.001000,1.000000,1.000000,0.455457
no_capacity_floor,c3_r37.5m,3,37.500000,421,0.045455,0.038995,0.605461,0.392473,0.620241,0.001944,0.001000,1.000000,1.000000,0.302323
no_capacity_floor,c3_r37.5m,3,37.500000,422,0.016393,0.048796,0.719653,0.612153,0.625553,0.001306,0.001000,1.000000,1.000000,0.547849
no_capacity_floor,c3_r37.5m,3,37.500000,425,0.015576,0.027103,0.384534,0.300601,0.723917,0.003083,0.001000,1.000000,1.000000,0.245988
no_capacity_floor,c3_r37.5m,3,37.500000,423,0.018590,0.031781,0.733192,0.409661,0.525134,0.004306,0.001000,1.000000,1.000000,0.493805
no_capacity_floor,c3_r37.5m,3,37.500000,424,0.011208,0.031205,0.151808,0.414129,0.749960,0.002139,0.001000,1.000000,1.000000,0.416101
no_capacity_floor,c3_r37.5m,3,37.500000,434,0.166667,0.036921,0.266996,0.404244,0.734257,0.000472,0.001000,1.000000,1.000000,0.442531
no_capacity_floor,c3_r37.5m,3,37.500000,435,0.029580,0.026145,0.239008,0.437979,0.608345,0.002583,0.001000,1.000000,1.000000,0.477472
no_capacity_floor,c3_r37.5m,3,37.500000,427,0.019331,0.044970,0.244633,0.379622,0.563236,0.003528,0.001000,1.000000,1.000000,0.308144
no_capacity_floor,c3_r37.5m,3,37.500000,429,-0.041667,0.055825,0.555746,0.343431,0.627259,0.001361,0.001000,1.000000,1.000000,0.232651
no_capacity_floor,c3_r37.5m,3,37.500000,437,0.032342,0.023943,0.273877,0.418403,0.610913,0.003528,0.001000,1.000000,1.000000,0.351895
no_capacity_floor,c3_r37.5m,3,37.500000,440,0.000000,0.079828,0.471996,0.638139,0.413881,0.001472,0.001000,1.000000,1.000000,0.646927
no_capacity_floor,c3_r37.5m,3,37.500000,431,0.035703,0.023042,0.256059,0.399489,0.689339,0.005278,0.001000,1.000000,1.000000,0.413079
no_capacity_floor,c3_r37.5m,3,37.500000,433,0.077922,0.028065,0.240925,0.467938,0.683175,0.002639,0.001000,1.000000,1.000000,0.303220
no_capacity_floor,c3_r37.5m,3,37.500000,446,0.041745,0.027791,0.650617,0.471383,0.733706,0.002972,0.001000,1.000000,1.000000,0.455350
no_capacity_floor,c3_r37.5m,3,37.500000,447,0.033824,0.043434,0.305624,0.431849,0.641933,0.001972,0.001000,1.000000,1.000000,0.349664
no_capacity_floor,c3_r37.5m,3,37.500000,436,0.028986,0.006640,0.131491,0.426019,0.516580,0.002833,0.001000,1.000000,1.000000,0.504579
no_capacity_floor,c3_r75m,3,75.000000,400,0.058093,0.042282,0.531040,0.492753,0.555622,0.013750,0.001000,1.000000,1.000000,0.448779
no_capacity_floor,c3_r37.5m,3,37.500000,438,0.004202,0.036769,0.542843,0.332857,0.619206,0.002278,0.001000,1.000000,1.000000,0.192627
no_capacity_floor,c3_r37.5m,3,37.500000,439,0.027211,0.027956,0.441722,0.583829,0.648488,0.003167,0.001000,1.000000,1.000000,0.663208
no_capacity_floor,c3_r75m,3,75.000000,401,0.059139,0.038814,0.275804,0.511228,0.700447,0.008750,0.001000,1.000000,1.000000,0.377068
no_capacity_floor,c3_r37.5m,3,37.500000,441,0.038139,0.019948,0.251056,0.322218,0.624998,0.001611,0.001000,1.000000,1.000000,0.297710
no_capacity_floor,c3_r37.5m,3,37.500000,442,0.058824,0.043809,0.294554,0.342067,0.836845,0.001556,0.001000,1.000000,1.000000,0.418603
no_capacity_floor,c3_r37.5m,3,37.500000,443,-0.030303,0.020663,0.161421,0.357660,0.619189,0.001528,0.001000,1.000000,1.000000,0.291250
no_capacity_floor,c3_r37.5m,3,37.500000,445,-0.023438,0.049471,0.164801,0.195625,0.690622,0.001778,0.001000,1.000000,1.000000,0.282118
no_capacity_floor,c3_r37.5m,3,37.500000,444,0.000000,0.012250,0.129228,0.624469,0.186921,0.002167,0.001000,1.000000,1.000000,0.729451
no_capacity_floor,c3_r75m,3,75.000000,404,-0.030892,0.035401,0.111743,0.192880,0.329945,0.001750,0.001000,1.000000,1.000000,0.405876
no_capacity_floor,c3_r37.5m,3,37.500000,448,0.041667,0.037846,0.371585,0.252978,0.626075,0.001833,0.001000,1.000000,1.000000,0.356737
no_capacity_floor,c3_r37.5m,3,37.500000,449,0.020967,0.032950,0.329146,0.321950,0.812156,0.002944,0.001000,1.000000,1.000000,0.301644
no_capacity_floor,c3_r75m,3,75.000000,405,0.062710,0.048606,0.410318,0.505909,0.721886,0.003444,0.001000,1.000000,1.000000,0.550043
no_capacity_floor,c3_r75m,3,75.000000,407,0.054818,0.031928,0.149816,0.519463,0.849095,0.003083,0.001000,1.000000,0.998333,0.349759
no_capacity_floor,c3_r75m,3,75.000000,410,0.025077,0.039850,0.227591,0.367518,0.796564,0.004028,0.001000,1.000000,1.000000,0.402620
no_capacity_floor,c3_r75m,3,75.000000,402,0.080972,0.053423,0.374611,0.168947,0.696229,0.003111,0.001000,1.000000,0.998333,0.238513
no_capacity_floor,c3_r75m,3,75.000000,403,0.064150,0.014654,0.203558,0.184939,0.688486,0.010778,0.001000,1.000000,1.000000,0.185008
no_capacity_floor,c3_r75m,3,75.000000,419,0.019310,0.050680,0.367998,0.377146,0.415756,0.008167,0.001000,1.000000,1.000000,0.373592
no_capacity_floor,c3_r75m,3,75.000000,416,0.078094,0.082822,0.524889,0.412967,0.423349,0.015806,0.001000,1.000000,1.000000,0.334648
no_capacity_floor,c3_r75m,3,75.000000,406,0.030231,0.035182,0.244610,0.184790,0.707630,0.005750,0.001000,1.000000,1.000000,0.196002
no_capacity_floor,c3_r75m,3,75.000000,408,0.045371,0.062430,0.515677,0.260437,0.691424,0.006222,0.001000,1.000000,1.000000,0.234965
no_capacity_floor,c3_r75m,3,75.000000,420,-0.017977,0.035346,0.207797,0.456180,0.727655,0.004722,0.001000,1.000000,1.000000,0.355433
no_capacity_floor,c3_r75m,3,75.000000,409,0.094844,0.052934,0.403098,0.218192,0.724644,0.006167,0.001000,1.000000,1.000000,0.162268
no_capacity_floor,c3_r75m,3,75.000000,421,0.024944,0.059755,0.673560,0.310029,0.607799,0.002139,0.001000,1.000000,1.000000,0.363949
no_capacity_floor,c3_r75m,3,75.000000,411,0.112124,0.074710,0.560023,0.401028,0.543463,0.007750,0.001000,1.000000,1.000000,0.601337
no_capacity_floor,c3_r75m,3,75.000000,412,0.075517,0.033458,0.393568,0.611557,0.603474,0.004944,0.001000,1.000000,1.000000,0.556653
no_capacity_floor,c3_r75m,3,75.000000,413,0.041829,0.048696,0.468841,0.458490,0.739476,0.009694,0.001000,1.000000,1.000000,0.641043
no_capacity_floor,c3_r75m,3,75.000000,414,0.027814,0.034145,0.302278,0.497206,0.669807,0.010167,0.001000,1.000000,1.000000,0.485754
no_capacity_floor,c3_r75m,3,75.000000,415,0.027546,0.025730,0.369064,0.467953,0.607568,0.010639,0.001000,1.000000,1.000000,0.492938
no_capacity_floor,c3_r75m,3,75.000000,425,0.108253,0.070848,0.320470,0.211836,0.647098,0.002861,0.001000,1.000000,1.000000,0.176192
no_capacity_floor,c3_r75m,3,75.000000,424,0.091342,0.084751,0.662031,0.399386,0.796918,0.009472,0.001000,1.000000,1.000000,0.422102
no_capacity_floor,c3_r75m,3,75.000000,417,0.018335,0.051584,0.379806,0.402714,0.396813,0.007250,0.001000,1.000000,1.000000,0.471874
no_capacity_floor,c3_r75m,3,75.000000,418,0.087891,0.068829,0.594767,0.421707,0.731879,0.010611,0.001000,1.000000,1.000000,0.345869
no_capacity_floor,c3_r75m,3,75.000000,428,0.067405,0.073228,0.658671,0.323091,0.779954,0.013778,0.001000,1.000000,1.000000,0.243200
no_capacity_floor,c3_r75m,3,75.000000,430,0.082895,0.064863,0.474671,0.362738,0.583893,0.009000,0.001000,1.000000,1.000000,0.225307
no_capacity_floor,c3_r75m,3,75.000000,422,0.050004,0.019475,0.212526,0.458152,0.598255,0.003500,0.001000,1.000000,1.000000,0.487499
no_capacity_floor,c3_r75m,3,75.000000,423,0.005042,0.043441,0.290688,0.571642,0.567806,0.009278,0.001000,1.000000,1.000000,0.638074
no_capacity_floor,c3_r75m,3,75.000000,437,0.026984,0.069312,0.447091,0.323581,0.318302,0.003778,0.001000,1.000000,1.000000,0.294447
no_capacity_floor,c3_r75m,3,75.000000,436,0.016518,0.029282,0.177941,0.719633,0.685007,0.007778,0.001000,1.000000,1.000000,0.751113
no_capacity_floor,c3_r75m,3,75.000000,426,0.066171,0.035493,0.365715,0.374038,0.810477,0.006750,0.001000,1.000000,1.000000,0.320250
no_capacity_floor,c3_r75m,3,75.000000,440,0.002134,0.051179,0.207253,0.231248,0.762640,0.004444,0.001000,1.000000,1.000000,0.358412
no_capacity_floor,c3_r75m,3,75.000000,427,0.039771,0.040199,0.163319,0.292154,0.760174,0.008778,0.001000,1.000000,1.000000,0.242646
no_capacity_floor,c3_r75m,3,75.000000,429,0.035635,0.060381,0.474464,0.385771,0.543654,0.011056,0.001000,1.000000,1.000000,0.343896
no_capacity_floor,c3_r75m,3,75.000000,441,0.075474,0.070749,0.509349,0.582699,0.576407,0.012333,0.001000,1.000000,1.000000,0.555535
no_capacity_floor,c3_r75m,3,75.000000,431,0.039203,0.060833,0.473535,0.356195,0.720747,0.007583,0.001000,1.000000,1.000000,0.400146
no_capacity_floor,c3_r75m,3,75.000000,432,0.133658,0.109423,0.714848,0.416223,0.581352,0.004861,0.001000,1.000000,1.000000,0.343594
no_capacity_floor,c3_r75m,3,75.000000,433,0.098410,0.072750,0.747420,0.479013,0.524192,0.009222,0.001000,1.000000,1.000000,0.361363
no_capacity_floor,c3_r75m,3,75.000000,434,0.093953,0.057817,0.549617,0.231244,0.393568,0.006500,0.001000,1.000000,1.000000,0.274978
no_capacity_floor,c3_r75m,3,75.000000,444,0.106211,0.054218,0.405827,0.194590,0.597384,0.004583,0.001000,1.000000,1.000000,0.197323
no_capacity_floor,c3_r75m,3,75.000000,445,0.059001,0.044815,0.443252,0.265555,0.717141,0.009722,0.001000,1.000000,1.000000,0.237245
no_capacity_floor,c3_r75m,3,75.000000,435,0.032026,0.032064,0.432390,0.384974,0.638700,0.009639,0.001000,1.000000,1.000000,0.343587
no_capacity_floor,c3_r75m,3,75.000000,439,0.028814,0.026405,0.171763,0.676176,0.560722,0.007389,0.001000,1.000000,1.000000,0.675279
no_capacity_floor,c3_r75m,3,75.000000,438,-0.000819,0.036157,0.277705,0.242135,0.604472,0.008278,0.001000,1.000000,1.000000,0.277441
no_capacity_floor,c3_r75m,3,75.000000,447,0.053163,0.064646,0.506501,0.361200,0.652416,0.010389,0.001000,1.000000,1.000000,0.253955
no_capacity_floor,c3_r75m,3,75.000000,442,0.053728,0.050012,0.301015,0.399588,0.699986,0.008028,0.001000,1.000000,1.000000,0.350226
no_capacity_floor,c3_r150m,3,150.000000,400,0.186616,0.132896,0.715113,0.648793,0.812352,0.009972,0.001036,0.983333,0.990000,0.516981
no_capacity_floor,c3_r75m,3,75.000000,443,0.042917,0.057973,0.370432,0.330791,0.777896,0.003000,0.001000,1.000000,1.000000,0.203236
no_capacity_floor,c3_r150m,3,150.000000,405,0.069919,0.095963,0.473729,0.191536,0.143619,0.004111,0.004886,0.983333,0.993333,0.143884
no_capacity_floor,c3_r150m,3,150.000000,406,0.063586,0.055218,0.152748,0.883223,0.799169,0.008306,0.001241,0.983333,0.996667,0.891827
no_capacity_floor,c3_r75m,3,75.000000,446,0.007515,0.024452,0.331093,0.348529,0.658340,0.011028,0.001000,1.000000,1.000000,0.351105
no_capacity_floor,c3_r150m,3,150.000000,410,0.096658,0.103734,0.427468,0.735955,0.646396,0.002556,0.001000,1.000000,0.986667,0.772008
no_capacity_floor,c3_r75m,3,75.000000,448,0.070235,0.043482,0.256766,0.305256,0.575760,0.008944,0.001000,1.000000,1.000000,0.312647
no_capacity_floor,c3_r75m,3,75.000000,449,0.003943,0.031021,0.264088,0.327271,0.179328,0.004222,0.001000,1.000000,1.000000,0.293346
no_capacity_floor,c3_r150m,3,150.000000,402,0.074074,0.030448,0.186752,0.452075,0.745695,0.001861,0.001000,1.000000,0.995000,0.460224
no_capacity_floor,c3_r150m,3,150.000000,401,0.147698,0.112759,0.828921,0.924306,0.918239,0.006833,0.001486,0.983333,0.993333,0.861041
no_capacity_floor,c3_r150m,3,150.000000,412,0.045779,0.070597,0.284246,0.852122,0.696091,0.006111,0.001000,1.000000,0.993333,0.753810
no_capacity_floor,c3_r150m,3,150.000000,403,0.146466,0.109616,0.477036,0.170375,0.818902,0.006806,0.001000,1.000000,0.998333,0.155284
no_capacity_floor,c3_r150m,3,150.000000,414,0.090566,0.101826,0.642675,0.758695,0.732333,0.009722,0.001000,1.000000,0.993333,0.767332
no_capacity_floor,c3_r150m,3,150.000000,404,0.352260,0.170348,0.602187,0.066952,0.888781,0.002028,0.006176,0.966667,0.988333,0.129050
no_capacity_floor,c3_r150m,3,150.000000,415,0.156295,0.127841,0.663164,0.541169,0.898233,0.002528,0.001000,1.000000,0.991667,0.213004
no_capacity_floor,c3_r150m,3,150.000000,417,0.097619,0.118493,0.574365,0.926648,0.849592,0.002750,0.001000,1.000000,0.988333,0.845750
no_capacity_floor,c3_r150m,3,150.000000,407,0.097639,0.117665,0.580451,0.948037,0.839594,0.003972,0.001000,1.000000,0.988333,0.768256
no_capacity_floor,c3_r150m,3,150.000000,408,0.235493,0.145426,0.421440,0.260450,0.611323,0.002583,0.005209,0.966667,0.991667,0.271687
no_capacity_floor,c3_r150m,3,150.000000,409,0.089781,0.048029,0.309392,0.605014,0.896210,0.006889,0.001000,1.000000,0.991667,0.615650
no_capacity_floor,c3_r150m,3,150.000000,411,0.035461,0.046829,0.050097,0.931271,0.749585,0.001722,0.001000,1.000000,0.993333,0.768959
no_capacity_floor,c3_r150m,3,150.000000,420,0.077101,0.027973,0.266177,0.328634,0.198530,0.005583,0.001000,1.000000,0.998333,0.579469
no_capacity_floor,c3_r150m,3,150.000000,422,0.075172,0.041412,0.164815,0.223346,0.780898,0.005167,0.001000,1.000000,0.998333,0.240293
no_capacity_floor,c3_r150m,3,150.000000,424,0.088303,0.087491,0.543606,0.138750,0.624309,0.001694,0.001000,1.000000,0.995000,0.279851
no_capacity_floor,c3_r150m,3,150.000000,413,0.065415,0.076336,0.361191,0.673941,0.781155,0.016806,0.001000,1.000000,0.998333,0.504054
no_capacity_floor,c3_r150m,3,150.000000,426,0.086323,0.108080,0.613993,0.595154,0.294827,0.003806,0.001000,1.000000,0.995000,0.666768
no_capacity_floor,c3_r150m,3,150.000000,416,0.158100,0.083377,0.198076,0.408231,0.647265,0.004667,0.001000,1.000000,0.998333,0.216810
no_capacity_floor,c3_r150m,3,150.000000,427,0.117942,0.112573,0.487655,0.260343,0.541978,0.019083,0.001000,1.000000,1.000000,0.203534
no_capacity_floor,c3_r150m,3,150.000000,418,0.074041,0.036689,0.172516,0.428628,0.704470,0.015333,0.001000,1.000000,0.998333,0.364131
no_capacity_floor,c3_r150m,3,150.000000,419,0.071316,0.094072,0.451324,0.180940,0.790620,0.008472,0.001000,1.000000,1.000000,0.122200
no_capacity_floor,c3_r150m,3,150.000000,428,0.107400,0.135020,0.644007,0.298914,0.897243,0.003194,0.001000,1.000000,0.986667,0.412396
no_capacity_floor,c3_r150m,3,150.000000,421,0.018999,0.024638,0.189005,0.787416,0.655492,0.010889,0.003390,0.983333,0.996667,0.754760
no_capacity_floor,c3_r150m,3,150.000000,433,0.027833,0.033946,0.149163,0.201967,0.542180,0.003139,0.001000,1.000000,0.996667,0.158677
no_capacity_floor,c3_r150m,3,150.000000,432,0.230537,0.107522,0.602450,0.306980,0.371244,0.005583,0.001611,0.983333,0.995000,0.255433
no_capacity_floor,c3_r150m,3,150.000000,434,0.160239,0.109050,0.293122,0.188658,0.234077,0.013056,0.001316,0.983333,0.998333,0.216298
no_capacity_floor,c3_r150m,3,150.000000,425,0.112562,0.070672,0.421607,0.806978,0.824862,0.005278,0.001000,1.000000,0.995000,0.771662
no_capacity_floor,c3_r150m,3,150.000000,436,0.086533,0.079846,0.391086,0.376737,0.374639,0.007917,0.001000,1.000000,0.996667,0.341692
no_capacity_floor,c3_r150m,3,150.000000,423,0.088412,0.080530,0.387582,0.523953,0.725813,0.024583,0.001000,1.000000,1.000000,0.631049
no_capacity_floor,c3_r150m,3,150.000000,438,0.113211,0.086160,0.361923,0.266923,0.486757,0.023833,0.001000,1.000000,1.000000,0.261769
no_capacity_floor,c3_r150m,3,150.000000,429,0.113189,0.125111,0.138512,0.301040,0.440965,0.002694,0.001000,1.000000,0.996667,0.300541
no_capacity_floor,c3_r150m,3,150.000000,430,0.072297,0.066494,0.181606,0.281143,0.614064,0.003917,0.001000,1.000000,0.998333,0.239078
no_capacity_floor,c3_r150m,3,150.000000,441,0.016517,0.015914,0.223649,0.166455,0.680568,0.001722,0.001000,1.000000,0.996667,0.247034
no_capacity_floor,c3_r150m,3,150.000000,443,0.102488,0.120447,0.712620,0.558979,0.804069,0.004472,0.001000,1.000000,0.995000,0.650840
no_capacity_floor,c3_r150m,3,150.000000,431,0.250765,0.061034,0.478042,0.048146,0.946334,0.001639,0.001000,1.000000,0.993333,0.172037
no_capacity_floor,c3_r150m,3,150.000000,444,0.073958,0.059766,0.271347,0.280186,0.499509,0.021056,0.001000,1.000000,1.000000,0.425131
no_capacity_floor,c3_r150m,3,150.000000,447,0.024561,0.074416,0.634025,0.341527,0.616678,0.012444,0.001000,1.000000,1.000000,0.248037
no_capacity_floor,c3_r150m,3,150.000000,435,0.093192,0.105933,0.577030,0.891139,0.786843,0.009278,0.001000,1.000000,0.991667,0.871091
no_capacity_floor,c3_r150m,3,150.000000,449,0.154032,0.110188,0.808347,0.885893,0.171758,0.008278,0.001000,1.000000,0.991667,0.790651
no_capacity_floor,c3_r150m,3,150.000000,437,0.054331,0.033851,0.155914,0.617972,0.748495,0.006861,0.003223,0.983333,0.996667,0.607484
no_capacity_floor,c3_r150m,3,150.000000,439,0.042946,0.043570,0.138656,0.415484,0.711507,0.013528,0.001000,1.000000,1.000000,0.447173
no_capacity_floor,c3_r300m,3,300.000000,402,0.165063,0.166462,0.620453,0.883149,0.644173,0.068000,0.078958,0.600000,0.676667,0.694616
no_capacity_floor,c3_r150m,3,150.000000,440,0.100314,0.103597,0.520333,0.212979,0.823423,0.017944,0.001000,1.000000,1.000000,0.289317
no_capacity_floor,c3_r150m,3,150.000000,442,0.049187,0.086391,0.497926,0.247331,0.519293,0.001528,0.001000,1.000000,0.991667,0.256820
no_capacity_floor,c3_r150m,3,150.000000,445,0.227023,0.122644,0.903852,0.115249,0.141063,0.004472,0.001000,1.000000,0.996667,0.142360
no_capacity_floor,c3_r300m,3,300.000000,403,0.181398,0.187264,0.764457,0.931664,0.540982,0.083667,0.150878,0.483333,0.478333,0.907508
no_capacity_floor,c3_r150m,3,150.000000,446,0.089376,0.096157,0.441482,0.263895,0.728625,0.005500,0.001417,0.983333,0.996667,0.315213
no_capacity_floor,c3_r300m,3,300.000000,406,0.141044,0.133473,0.656899,0.785015,0.583232,0.061667,0.077870,0.550000,0.693333,0.706228
no_capacity_floor,c3_r150m,3,150.000000,448,0.066833,0.068820,0.295345,0.184934,0.613816,0.006389,0.001000,1.000000,0.996667,0.159197
no_capacity_floor,c3_r300m,3,300.000000,405,0.201618,0.196747,0.874368,0.921553,0.884517,0.106694,0.144773,0.433333,0.385000,0.885888
no_capacity_floor,c3_r300m,3,300.000000,400,0.171937,0.183621,0.649721,0.942337,0.390505,0.109000,0.190502,0.350000,0.491667,0.907556
no_capacity_floor,c3_r300m,3,300.000000,408,0.219101,0.200170,0.893020,0.898130,0.702771,0.107056,0.151568,0.466667,0.455000,0.878303
no_capacity_floor,c3_r300m,3,300.000000,411,0.221965,0.193862,0.856962,0.865620,0.672659,0.105583,0.211158,0.350000,0.403333,0.886254
no_capacity_floor,c3_r300m,3,300.000000,407,0.145391,0.158803,0.489482,0.680970,0.338133,0.057472,0.087579,0.566667,0.695000,0.629940
no_capacity_floor,c3_r300m,3,300.000000,415,0.199554,0.212592,0.896410,0.918290,0.838603,0.115861,0.211023,0.400000,0.365000,0.912384
no_capacity_floor,c3_r300m,3,300.000000,417,0.190040,0.196040,0.776762,0.892708,0.745740,0.099444,0.186118,0.350000,0.443333,0.902036
no_capacity_floor,c3_r300m,3,300.000000,419,0.180994,0.194590,0.657642,0.881032,0.594696,0.060000,0.125728,0.483333,0.520000,0.854319
no_capacity_floor,c3_r300m,3,300.000000,401,0.212904,0.199581,0.850375,0.881998,0.478179,0.107917,0.199839,0.333333,0.405000,0.883781
no_capacity_floor,c3_r300m,3,300.000000,404,0.220202,0.203458,0.882035,0.912097,0.848058,0.123028,0.287508,0.233333,0.366667,0.922071
no_capacity_floor,c3_r300m,3,300.000000,410,0.210285,0.196722,0.917179,0.936623,0.879391,0.101694,0.136851,0.483333,0.425000,0.907341
no_capacity_floor,c3_r300m,3,300.000000,409,0.198724,0.203541,0.847911,0.922364,0.568014,0.102806,0.169804,0.416667,0.366667,0.908604
no_capacity_floor,c3_r300m,3,300.000000,414,0.191424,0.199482,0.888906,0.937092,0.347878,0.093722,0.157269,0.416667,0.408333,0.900256
no_capacity_floor,c3_r300m,3,300.000000,418,0.220540,0.201959,0.788974,0.904311,0.585414,0.066417,0.102240,0.500000,0.428333,0.883566
no_capacity_floor,c3_r300m,3,300.000000,424,0.189596,0.193038,0.776123,0.863327,0.332847,0.099944,0.150608,0.416667,0.481667,0.863707
no_capacity_floor,c3_r300m,3,300.000000,422,0.195792,0.182587,0.710718,0.913123,0.521997,0.074361,0.097807,0.450000,0.506667,0.869420
no_capacity_floor,c3_r300m,3,300.000000,412,0.187040,0.203205,0.897867,0.920587,0.298700,0.114472,0.190327,0.333333,0.446667,0.899088
no_capacity_floor,c3_r300m,3,300.000000,425,0.142606,0.124420,0.419138,0.228105,0.821237,0.008833,0.013270,0.866667,0.800000,0.233961
no_capacity_floor,c3_r300m,3,300.000000,413,0.183941,0.201623,0.898224,0.909402,0.536324,0.112639,0.184556,0.433333,0.375000,0.903065
no_capacity_floor,c3_r300m,3,300.000000,416,0.212586,0.201969,0.921887,0.894793,0.475794,0.120528,0.254242,0.300000,0.396667,0.885986
no_capacity_floor,c3_r300m,3,300.000000,423,0.088162,0.115559,0.139929,0.102087,0.843031,0.009333,0.035931,0.750000,0.838333,0.072753
no_capacity_floor,c3_r300m,3,300.000000,426,0.212236,0.203595,0.911099,0.897291,0.640455,0.113000,0.198494,0.416667,0.425000,0.917498
no_capacity_floor,c3_r300m,3,300.000000,430,0.192217,0.169055,0.711592,0.892338,0.685446,0.060556,0.106168,0.500000,0.596667,0.762506
no_capacity_floor,c3_r300m,3,300.000000,434,0.180475,0.175734,0.397433,0.859969,0.357626,0.041444,0.059899,0.650000,0.701667,0.633085
no_capacity_floor,c3_r300m,3,300.000000,429,0.203781,0.194188,0.813325,0.924136,0.866148,0.117500,0.224917,0.366667,0.401667,0.907489
no_capacity_floor,c3_r300m,3,300.000000,420,0.200890,0.197404,0.881275,0.915878,0.702551,0.109889,0.201458,0.333333,0.378333,0.897101
no_capacity_floor,c3_r300m,3,300.000000,421,0.208942,0.208143,0.853858,0.929720,0.706200,0.112278,0.179459,0.316667,0.348333,0.915726
no_capacity_floor,c3_r300m,3,300.000000,432,0.134864,0.134243,0.595099,0.165292,0.818065,0.008306,0.028367,0.816667,0.813333,0.205973
no_capacity_floor,c3_r300m,3,300.000000,427,0.195754,0.210839,0.842408,0.916725,0.834342,0.083639,0.082724,0.583333,0.455000,0.886522
no_capacity_floor,c3_r300m,3,300.000000,440,0.213930,0.198980,0.841582,0.905124,0.482730,0.108528,0.220867,0.333333,0.415000,0.880147
no_capacity_floor,c3_r300m,3,300.000000,435,0.044247,0.094162,0.184118,0.171511,0.963678,0.004944,0.028600,0.866667,0.845000,0.137052
no_capacity_floor,c3_r300m,3,300.000000,431,0.174643,0.161141,0.439969,0.857811,0.415495,0.056083,0.083229,0.566667,0.593333,0.890745
no_capacity_floor,c3_r300m,3,300.000000,442,0.193363,0.198644,0.873200,0.930615,0.592189,0.102917,0.244657,0.383333,0.460000,0.885485
no_capacity_floor,c3_r300m,3,300.000000,433,0.231203,0.196242,0.920325,0.939215,0.505811,0.116583,0.243387,0.333333,0.401667,0.917594
no_capacity_floor,c3_r300m,3,300.000000,428,0.176836,0.197596,0.859965,0.909599,0.765952,0.104472,0.191947,0.366667,0.398333,0.882704
no_capacity_floor,c3_r300m,3,300.000000,441,0.206436,0.196608,0.870901,0.913416,0.756454,0.119444,0.238117,0.316667,0.386667,0.889907
no_capacity_floor,c3_r300m,3,300.000000,439,0.209993,0.195310,0.827553,0.922439,0.840245,0.115056,0.222175,0.333333,0.508333,0.844883
no_capacity_floor,c3_r300m,3,300.000000,443,0.222209,0.201263,0.903389,0.907312,0.602149,0.106333,0.199602,0.433333,0.433333,0.900505
no_capacity_floor,c3_r300m,3,300.000000,438,0.217159,0.199627,0.855321,0.911303,0.569902,0.111361,0.225644,0.316667,0.398333,0.890924
no_capacity_floor,c3_r300m,3,300.000000,437,0.234160,0.207462,0.900426,0.919248,0.716707,0.115889,0.235486,0.333333,0.393333,0.896896
no_capacity_floor,c3_r300m,3,300.000000,444,0.167346,0.156549,0.516791,0.659955,0.248267,0.033778,0.062373,0.616667,0.758333,0.582292
no_capacity_floor,c3_r300m,3,300.000000,448,0.216078,0.209576,0.880031,0.892275,0.535589,0.107361,0.180583,0.466667,0.418333,0.901134
no_capacity_floor,c3_r300m,3,300.000000,436,0.204239,0.206340,0.912981,0.933623,0.689573,0.105139,0.218100,0.383333,0.385000,0.904544
no_capacity_floor,c3_r300m,3,300.000000,449,0.192669,0.182136,0.710416,0.893813,0.615006,0.079806,0.163674,0.333333,0.513333,0.815803
no_capacity_floor,c3_r600m,3,600.000000,401,0.277521,0.265134,0.845978,0.817183,0.610976,0.235167,1.612278,0.000000,0.001667,0.822957
no_capacity_floor,c3_r300m,3,300.000000,445,0.197002,0.206357,0.922593,0.906641,0.639356,0.118972,0.220214,0.350000,0.373333,0.896329
no_capacity_floor,c3_r300m,3,300.000000,447,0.210331,0.211649,0.884241,0.926880,0.662835,0.124806,0.259770,0.300000,0.368333,0.910136
no_capacity_floor,c3_r600m,3,600.000000,404,0.268571,0.269588,0.873117,0.822462,0.695468,0.218444,1.519486,0.000000,0.000000,0.834866
no_capacity_floor,c3_r300m,3,300.000000,446,0.173796,0.184522,0.735338,0.917895,0.839043,0.116861,0.241862,0.333333,0.431667,0.910253
no_capacity_floor,c3_r600m,3,600.000000,406,0.261271,0.250035,0.741158,0.864872,0.781330,0.237667,1.650076,0.000000,0.000000,0.838797
no_capacity_floor,c3_r600m,3,600.000000,410,0.256529,0.257532,0.816385,0.847818,0.544781,0.239806,1.631780,0.016667,0.001667,0.822543
no_capacity_floor,c3_r600m,3,600.000000,400,0.269668,0.262148,0.873683,0.905038,0.569822,0.245528,1.728177,0.000000,0.000000,0.888393
no_capacity_floor,c3_r600m,3,600.000000,403,0.240476,0.255051,0.753539,0.860264,0.670326,0.243472,1.676643,0.000000,0.000000,0.858235
no_capacity_floor,c3_r600m,3,600.000000,402,0.285644,0.262694,0.875359,0.880015,0.603384,0.242389,1.748010,0.000000,0.000000,0.858958
no_capacity_floor,c3_r600m,3,600.000000,418,0.269983,0.268700,0.779238,0.931546,0.657278,0.258611,1.866272,0.000000,0.000000,0.846380
no_capacity_floor,c3_r600m,3,600.000000,416,0.252339,0.262825,0.766987,0.801265,0.560350,0.246917,1.712719,0.000000,0.000000,0.841649
no_capacity_floor,c3_r600m,3,600.000000,408,0.254258,0.248581,0.780980,0.800403,0.617825,0.234389,1.635639,0.000000,0.000000,0.777906
no_capacity_floor,c3_r600m,3,600.000000,405,0.244695,0.243847,0.831425,0.857026,0.326508,0.248389,1.701450,0.000000,0.000000,0.846640
no_capacity_floor,c3_r600m,3,600.000000,407,0.268765,0.271081,0.900723,0.912657,0.808651,0.255583,1.824228,0.000000,0.000000,0.870109
no_capacity_floor,c3_r600m,3,600.000000,409,0.278321,0.260159,0.842587,0.912649,0.699069,0.257667,1.851255,0.000000,0.000000,0.894906
no_capacity_floor,c3_r600m,3,600.000000,413,0.282117,0.272894,0.896864,0.855285,0.749634,0.257917,1.848702,0.000000,0.000000,0.838139
no_capacity_floor,c3_r600m,3,600.000000,411,0.256500,0.263549,0.805266,0.815924,0.687151,0.238000,1.659574,0.000000,0.001667,0.813924
no_capacity_floor,c3_r600m,3,600.000000,419,0.224984,0.257941,0.891086,0.872614,0.579651,0.250806,1.767918,0.000000,0.000000,0.844956
no_capacity_floor,c3_r600m,3,600.000000,420,0.264402,0.265508,0.785399,0.861351,0.734550,0.243056,1.714239,0.000000,0.000000,0.847782
no_capacity_floor,c3_r600m,3,600.000000,412,0.252851,0.255402,0.732888,0.794231,0.451211,0.240750,1.614457,0.000000,0.000000,0.837937
no_capacity_floor,c3_r600m,3,600.000000,421,0.273474,0.259906,0.817351,0.863941,0.533422,0.243556,1.743613,0.000000,0.000000,0.886849
no_capacity_floor,c3_r600m,3,600.000000,415,0.239957,0.259771,0.790897,0.839756,0.651363,0.239583,1.696459,0.000000,0.000000,0.840107
no_capacity_floor,c3_r600m,3,600.000000,414,0.254377,0.265980,0.761050,0.847115,0.632272,0.243139,1.676422,0.000000,0.000000,0.864992
no_capacity_floor,c3_r600m,3,600.000000,417,0.230493,0.250527,0.730897,0.882653,0.559461,0.234583,1.642079,0.000000,0.000000,0.854125
no_capacity_floor,c3_r600m,3,600.000000,423,0.233156,0.268859,0.813863,0.855411,0.681516,0.250917,1.752855,0.000000,0.000000,0.870196
no_capacity_floor,c3_r600m,3,600.000000,422,0.243379,0.256009,0.833032,0.866348,0.539152,0.233694,1.640843,0.000000,0.000000,0.850899
no_capacity_floor,c3_r600m,3,600.000000,429,0.239918,0.253411,0.717425,0.816540,0.660395,0.241139,1.680482,0.000000,0.000000,0.856985
no_capacity_floor,c3_r600m,3,600.000000,424,0.247811,0.244775,0.746585,0.853951,0.408575,0.247389,1.734782,0.000000,0.001667,0.874053
no_capacity_floor,c3_r600m,3,600.000000,432,0.269283,0.246743,0.775275,0.890927,0.599836,0.256250,1.838708,0.000000,0.001667,0.876487
no_capacity_floor,c3_r600m,3,600.000000,425,0.252102,0.246169,0.789323,0.863436,0.629163,0.245917,1.732308,0.000000,0.000000,0.858783
no_capacity_floor,c3_r600m,3,600.000000,428,0.243554,0.251229,0.726082,0.910308,0.595808,0.244222,1.702147,0.000000,0.000000,0.878921
no_capacity_floor,c3_r600m,3,600.000000,427,0.252355,0.243834,0.790975,0.934669,0.343885,0.247444,1.740497,0.000000,0.001667,0.894901
no_capacity_floor,c3_r600m,3,600.000000,434,0.257871,0.255468,0.836191,0.846045,0.809169,0.230806,1.600318,0.000000,0.000000,0.852891
no_capacity_floor,c3_r600m,3,600.000000,438,0.284411,0.271481,0.872626,0.871123,0.523178,0.255722,1.831753,0.000000,0.000000,0.873883
no_capacity_floor,c3_r600m,3,600.000000,439,0.277387,0.255860,0.825755,0.822065,0.475674,0.238583,1.642588,0.016667,0.001667,0.825615
no_capacity_floor,c3_r600m,3,600.000000,426,0.251896,0.246839,0.816423,0.870804,0.555362,0.253806,1.818581,0.000000,0.000000,0.842333
no_capacity_floor,c3_r600m,3,600.000000,440,0.272008,0.272435,0.889703,0.851547,0.395767,0.250667,1.768240,0.000000,0.000000,0.867495
no_capacity_floor,c3_r600m,3,600.000000,430,0.254766,0.266414,0.837536,0.742475,0.621697,0.235139,1.638386,0.000000,0.000000,0.788587
no_capacity_floor,c3_r600m,3,600.000000,431,0.280128,0.268616,0.830552,0.889973,0.726546,0.250500,1.761925,0.000000,0.000000,0.874106
no_capacity_floor,c3_r600m,3,600.000000,442,0.272701,0.257940,0.876812,0.912152,0.677691,0.256139,1.844391,0.000000,0.000000,0.880934
no_capacity_floor,c3_r600m,3,600.000000,433,0.287993,0.264531,0.820105,0.875130,0.865016,0.262750,1.928561,0.000000,0.000000,0.890962
no_capacity_floor,c3_r600m,3,600.000000,435,0.248893,0.251183,0.824782,0.863273,0.572884,0.254750,1.790517,0.000000,0.000000,0.870295
no_capacity_floor,c4_r15m,4,15.000000,400,-0.045455,0.028788,0.362109,0.260629,0.693326,0.000583,0.001000,1.000000,1.000000,0.195119
no_capacity_floor,c3_r600m,3,600.000000,436,0.275095,0.272230,0.880658,0.869472,0.476063,0.247750,1.757729,0.000000,0.000000,0.853910
no_capacity_floor,c3_r600m,3,600.000000,441,0.256183,0.248627,0.742496,0.884575,0.622621,0.256861,1.820981,0.000000,0.000000,0.850291
no_capacity_floor,c3_r600m,3,600.000000,444,0.246474,0.261823,0.785067,0.850158,0.427109,0.250806,1.776515,0.000000,0.001667,0.860941
no_capacity_floor,c4_r15m,4,15.000000,403,0.000000,0.029167,0.398234,0.349096,0.727403,0.000222,0.001000,1.000000,1.000000,0.241212
no_capacity_floor,c4_r15m,4,15.000000,401,0.000000,-0.012500,0.521013,0.177012,0.604243,0.000167,0.001000,1.000000,1.000000,0.009091
no_capacity_floor,c3_r600m,3,600.000000,437,0.241824,0.249092,0.751551,0.858817,0.536794,0.245000,1.709792,0.000000,0.000000,0.851997
no_capacity_floor,c3_r600m,3,600.000000,447,0.288108,0.265998,0.869033,0.900014,0.664078,0.243722,1.744862,0.000000,0.000000,0.876757
no_capacity_floor,c3_r600m,3,600.000000,448,0.271278,0.257138,0.849356,0.837195,0.465088,0.233139,1.589294,0.000000,0.000000,0.837582
no_capacity_floor,c4_r15m,4,15.000000,408,0.000000,0.000000,0.414596,0.460949,0.418894,0.000056,0.001000,1.000000,1.000000,0.248214
no_capacity_floor,c4_r15m,4,15.000000,402,0.000000,0.079798,0.382926,0.254889,0.557441,0.000278,0.001000,1.000000,1.000000,0.250900
no_capacity_floor,c4_r15m,4,15.000000,409,-0.076923,-0.024359,0.307073,0.319709,0.763625,0.000194,0.001000,1.000000,1.000000,0.076641
no_capacity_floor,c4_r15m,4,15.000000,410,0.000000,0.000000,0.308961,0.285955,0.707305,0.000194,0.001000,1.000000,1.000000,0.102828
no_capacity_floor,c4_r15m,4,15.000000,404,0.000000,0.016667,0.281181,0.166663,0.561216,0.000222,0.001000,1.000000,1.000000,0.031579
no_capacity_floor,c4_r15m,4,15.000000,413,0.000000,0.000000,0.323138,0.503626,0.564365,0.000139,0.001000,1.000000,1.000000,0.095000
no_capacity_floor,c4_r15m,4,15.000000,405,0.000000,0.000000,0.316083,0.309062,0.670996,0.000139,0.001000,1.000000,1.000000,0.052381
no_capacity_floor,c4_r15m,4,15.000000,414,0.000000,0.000000,0.350402,0.438840,0.558162,0.000194,0.001000,1.000000,1.000000,0.349773
no_capacity_floor,c4_r15m,4,15.000000,415,0.000000,-0.022222,0.385751,0.257210,0.456068,0.000389,0.001000,1.000000,1.000000,0.076667
no_capacity_floor,c4_r15m,4,15.000000,406,0.000000,0.000000,0.530597,0.521695,0.722035,0.000000,0.001000,1.000000,1.000000,0.200000
no_capacity_floor,c4_r15m,4,15.000000,407,0.000000,0.000000,0.327077,0.271177,0.668325,0.000111,0.001000,1.000000,1.000000,0.108874
no_capacity_floor,c4_r15m,4,15.000000,417,0.000000,0.050000,0.363365,0.517502,0.624681,0.000306,0.001000,1.000000,1.000000,0.155455
no_capacity_floor,c3_r600m,3,600.000000,443,0.260670,0.265164,0.847260,0.890815,0.747165,0.255583,1.843316,0.000000,0.001667,0.858942
no_capacity_floor,c4_r15m,4,15.000000,418,0.000000,0.045192,0.449854,0.330667,0.658485,0.000611,0.001000,1.000000,1.000000,0.273188
no_capacity_floor,c4_r15m,4,15.000000,420,0.000000,-0.003175,0.302611,0.535085,0.631604,0.000444,0.001000,1.000000,1.000000,0.424228
no_capacity_floor,c4_r15m,4,15.000000,411,0.000000,0.025000,0.425074,0.464538,0.551491,0.000167,0.001000,1.000000,1.000000,0.423000
no_capacity_floor,c4_r15m,4,15.000000,422,0.000000,0.050000,0.232311,0.505035,0.727075,0.000250,0.001000,1.000000,1.000000,0.282273
no_capacity_floor,c4_r15m,4,15.000000,412,0.000000,-0.025000,0.405372,0.196717,0.626460,0.000361,0.001000,1.000000,1.000000,0.110162
no_capacity_floor,c3_r600m,3,600.000000,445,0.256119,0.246223,0.709534,0.868506,0.851023,0.232611,1.622234,0.000000,0.000000,0.844407
no_capacity_floor,c4_r15m,4,15.000000,423,0.000000,0.000000,0.297612,0.280655,0.225768,0.000306,0.001000,1.000000,1.000000,0.080303
no_capacity_floor,c3_r600m,3,600.000000,449,0.277445,0.257221,0.856347,0.814334,0.665342,0.253694,1.812384,0.000000,0.000000,0.849237
no_capacity_floor,c4_r15m,4,15.000000,416,0.000000,0.000000,0.182449,0.322296,0.378190,0.000194,0.001000,1.000000,1.000000,0.046667
no_capacity_floor,c3_r600m,3,600.000000,446,0.243544,0.258192,0.808790,0.891926,0.860587,0.255028,1.807242,0.000000,0.000000,0.853446
no_capacity_floor,c4_r15m,4,15.000000,428,0.000000,0.009091,0.386521,0.554240,0.460776,0.000361,0.001000,1.000000,1.000000,0.253333
no_capacity_floor,c4_r15m,4,15.000000,429,-0.500000,-0.007143,0.292418,0.384344,0.451304,0.000250,0.001000,1.000000,1.000000,0.277273
no_capacity_floor,c4_r15m,4,15.000000,419,0.000000,-0.038596,0.206392,0.281180,0.759947,0.000333,0.001000,1.000000,1.000000,0.159374
no_capacity_floor,c4_r15m,4,15.000000,431,0.000000,0.000000,0.457778,0.341308,0.693813,0.000250,0.001000,1.000000,1.000000,0.143419
no_capacity_floor,c4_r15m,4,15.000000,421,0.000000,0.016667,0.597142,0.360517,0.653803,0.000194,0.001000,1.000000,1.000000,0.178039
no_capacity_floor,c4_r15m,4,15.000000,426,0.000000,0.115385,0.303876,0.265237,0.698930,0.000306,0.001000,1.000000,1.000000,0.174639
no_capacity_floor,c4_r15m,4,15.000000,434,0.000000,0.035714,0.497904,0.253938,0.685224,0.000278,0.001000,1.000000,1.000000,0.177758
no_capacity_floor,c4_r15m,4,15.000000,425,0.000000,-0.005000,0.256776,0.198915,0.786122,0.000333,0.001000,1.000000,1.000000,0.133671
no_capacity_floor,c4_r15m,4,15.000000,424,0.000000,0.015909,0.231187,0.314801,0.652723,0.000250,0.001000,1.000000,1.000000,0.342386
no_capacity_floor,c4_r15m,4,15.000000,427,0.000000,-0.011111,0.393587,0.311340,0.363326,0.000056,0.001000,1.000000,1.000000,0.078571
no_capacity_floor,c4_r15m,4,15.000000,438,0.000000,0.000000,0.360735,0.291979,0.806162,0.000389,0.001000,1.000000,1.000000,0.215000
no_capacity_floor,c4_r15m,4,15.000000,439,0.000000,0.014286,0.586340,0.340970,0.458620,0.000167,0.001000,1.000000,1.000000,0.120996
no_capacity_floor,c4_r15m,4,15.000000,441,0.000000,0.000000,0.404404,0.665798,0.530166,0.000389,0.001000,1.000000,1.000000,0.298214
no_capacity_floor,c4_r15m,4,15.000000,430,0.000000,0.020000,0.248904,0.217234,0.351456,0.000306,0.001000,1.000000,1.000000,0.054444
no_capacity_floor,c4_r15m,4,15.000000,433,0.000000,0.000000,0.480109,0.203679,0.774562,0.000167,0.001000,1.000000,1.000000,0.058333
no_capacity_floor,c4_r15m,4,15.000000,432,0.000000,0.043333,0.483303,0.344889,0.663268,0.000361,0.001000,1.000000,1.000000,0.360596
no_capacity_floor,c4_r15m,4,15.000000,444,0.000000,-0.012500,0.209621,0.476612,0.677084,0.000194,0.001000,1.000000,1.000000,0.482703
no_capacity_floor,c4_r15m,4,15.000000,435,0.000000,0.010000,0.627041,0.315832,0.551548,0.000389,0.001000,1.000000,1.000000,0.129481
no_capacity_floor,c4_r15m,4,15.000000,437,0.000000,0.000000,0.356332,0.430237,0.504472,0.000333,0.001000,1.000000,1.000000,0.309286
no_capacity_floor,c4_r15m,4,15.000000,436,0.000000,0.000000,0.351704,0.329022,0.494167,0.000500,0.001000,1.000000,1.000000,0.258289
no_capacity_floor,c4_r15m,4,15.000000,449,0.000000,0.000000,0.402863,0.683591,0.374747,0.000083,0.001000,1.000000,1.000000,0.022222
no_capacity_floor,c4_r15m,4,15.000000,448,0.000000,0.000000,0.433979,0.393941,0.306761,0.000250,0.001000,1.000000,1.000000,0.085000
no_capacity_floor,c4_r15m,4,15.000000,440,0.000000,0.000000,0.391502,0.208291,0.763845,0.000250,0.001000,1.000000,1.000000,0.171581
no_capacity_floor,c4_r15m,4,15.000000,442,0.000000,0.011111,0.496697,0.364883,0.451017,0.000194,0.001000,1.000000,1.000000,0.248379
no_capacity_floor,c4_r15m,4,15.000000,443,0.000000,0.047619,0.339774,0.194814,0.605786,0.000083,0.001000,1.000000,1.000000,0.293173
no_capacity_floor,c4_r37.5m,4,37.500000,400,0.084860,0.054474,0.641476,0.564290,0.568551,0.004528,0.001000,1.000000,1.000000,0.394032
no_capacity_floor,c4_r37.5m,4,37.500000,404,0.064516,0.027021,0.281012,0.749749,0.523115,0.003000,0.001000,1.000000,1.000000,0.623692
no_capacity_floor,c4_r15m,4,15.000000,445,0.000000,0.000000,0.331703,0.506320,0.599699,0.000167,0.001000,1.000000,1.000000,0.211364
no_capacity_floor,c4_r15m,4,15.000000,446,0.000000,0.014286,0.411209,0.589260,0.619765,0.000167,0.001000,1.000000,1.000000,0.248319
no_capacity_floor,c4_r37.5m,4,37.500000,408,0.072560,0.057390,0.790189,0.618178,0.757360,0.003250,0.001000,1.000000,1.000000,0.551522
no_capacity_floor,c4_r15m,4,15.000000,447,0.000000,0.000000,0.311447,0.719103,0.715706,0.000306,0.001000,1.000000,1.000000,0.459602
no_capacity_floor,c4_r37.5m,4,37.500000,409,0.000000,0.039058,0.486345,0.581877,0.622034,0.001306,0.001000,1.000000,1.000000,0.491357
no_capacity_floor,c4_r37.5m,4,37.500000,413,0.028571,0.024200,0.274785,0.313903,0.855277,0.002417,0.001000,1.000000,1.000000,0.422223
no_capacity_floor,c4_r37.5m,4,37.500000,401,0.059417,0.031398,0.479097,0.421939,0.383226,0.004944,0.001000,1.000000,1.000000,0.566720
no_capacity_floor,c4_r37.5m,4,37.500000,402,0.074380,0.056591,0.719767,0.573700,0.503058,0.003944,0.001000,1.000000,1.000000,0.522162
no_capacity_floor,c4_r37.5m,4,37.500000,414,-0.016000,0.040929,0.454675,0.273649,0.549016,0.002111,0.001000,1.000000,1.000000,0.290201
no_capacity_floor,c4_r37.5m,4,37.500000,403,0.008061,0.043280,0.355198,0.402795,0.782650,0.002333,0.001000,1.000000,1.000000,0.299968
no_capacity_floor,c4_r37.5m,4,37.500000,417,0.027009,0.039119,0.773720,0.304360,0.710346,0.005722,0.001000,1.000000,1.000000,0.322184
no_capacity_floor,c4_r37.5m,4,37.500000,405,-0.066667,0.017940,0.216377,0.435736,0.557624,0.003667,0.001000,1.000000,1.000000,0.432878
no_capacity_floor,c4_r37.5m,4,37.500000,406,0.044767,0.051002,0.696295,0.480336,0.603629,0.004556,0.001000,1.000000,1.000000,0.522020
no_capacity_floor,c4_r37.5m,4,37.500000,419,0.134831,0.078400,0.654142,0.347891,0.396327,0.004500,0.001000,1.000000,1.000000,0.273787
no_capacity_floor,c4_r37.5m,4,37.500000,407,-0.048193,0.031437,0.384125,0.281693,0.759617,0.001944,0.001000,1.000000,1.000000,0.219209
no_capacity_floor,c4_r37.5m,4,37.500000,410,0.083333,0.023914,0.333388,0.465087,0.642714,0.001222,0.001000,1.000000,1.000000,0.407394
no_capacity_floor,c4_r37.5m,4,37.500000,420,0.057544,0.053494,0.318262,0.330706,0.619536,0.004333,0.001000,1.000000,1.000000,0.270720
no_capacity_floor,c4_r37.5m,4,37.500000,412,-0.005952,0.001854,0.208164,0.317215,0.766217,0.001611,0.001000,1.000000,1.000000,0.352763
no_capacity_floor,c4_r37.5m,4,37.500000,411,0.000000,0.023017,0.326647,0.447001,0.434728,0.000722,0.001000,1.000000,1.000000,0.392240
no_capacity_floor,c4_r37.5m,4,37.500000,423,0.039604,0.032055,0.345184,0.635408,0.757043,0.004000,0.001000,1.000000,1.000000,0.709361
no_capacity_floor,c4_r37.5m,4,37.500000,415,0.000000,0.029409,0.299549,0.418680,0.824366,0.002083,0.001000,1.000000,1.000000,0.460920
no_capacity_floor,c4_r37.5m,4,37.500000,416,0.009516,0.023154,0.303521,0.632347,0.823506,0.002306,0.001000,1.000000,1.000000,0.439809
no_capacity_floor,c4_r37.5m,4,37.500000,425,-0.010361,0.042634,0.449835,0.375557,0.635040,0.003278,0.001000,1.000000,1.000000,0.313204
no_capacity_floor,c4_r37.5m,4,37.500000,418,0.035336,0.040596,0.593691,0.686229,0.800692,0.005167,0.001000,1.000000,1.000000,0.684420
no_capacity_floor,c4_r37.5m,4,37.500000,428,0.022727,0.010442,0.151927,0.493937,0.570215,0.001056,0.001000,1.000000,1.000000,0.498530
no_capacity_floor,c4_r37.5m,4,37.500000,431,0.002621,0.017946,0.150665,0.584116,0.780767,0.004694,0.001000,1.000000,1.000000,0.562596
no_capacity_floor,c4_r37.5m,4,37.500000,422,0.066179,0.029687,0.386381,0.234146,0.626646,0.006250,0.001000,1.000000,1.000000,0.343053
no_capacity_floor,c4_r37.5m,4,37.500000,421,0.005251,0.028994,0.198913,0.324052,0.714923,0.002583,0.001000,1.000000,1.000000,0.353065
no_capacity_floor,c4_r37.5m,4,37.500000,434,0.065217,0.032717,0.541247,0.429399,0.785828,0.003528,0.001000,1.000000,1.000000,0.480110
no_capacity_floor,c4_r37.5m,4,37.500000,424,0.148148,0.022474,0.310254,0.666986,0.621200,0.001222,0.001000,1.000000,1.000000,0.515625
no_capacity_floor,c4_r37.5m,4,37.500000,437,0.002663,0.029567,0.283582,0.289019,0.590413,0.002944,0.001000,1.000000,1.000000,0.273156
no_capacity_floor,c4_r37.5m,4,37.500000,439,0.055556,0.029715,0.566262,0.438425,0.490694,0.002583,0.001000,1.000000,1.000000,0.402727
no_capacity_floor,c4_r37.5m,4,37.500000,426,0.049080,0.021348,0.427690,0.741761,0.668790,0.004333,0.001000,1.000000,1.000000,0.804320
no_capacity_floor,c4_r37.5m,4,37.500000,427,-0.010296,0.019824,0.317381,0.399606,0.522294,0.002889,0.001000,1.000000,1.000000,0.464563
no_capacity_floor,c4_r37.5m,4,37.500000,429,0.001549,0.034807,0.442474,0.217591,0.719516,0.002750,0.001000,1.000000,1.000000,0.180822
no_capacity_floor,c4_r37.5m,4,37.500000,430,-0.019862,0.025391,0.381093,0.480889,0.414716,0.002889,0.001000,1.000000,1.000000,0.448415
no_capacity_floor,c4_r37.5m,4,37.500000,440,0.037812,0.036167,0.649219,0.273800,0.682462,0.003806,0.001000,1.000000,1.000000,0.299163
no_capacity_floor,c4_r37.5m,4,37.500000,432,0.240000,0.103142,0.532953,0.198114,0.438022,0.001694,0.001000,1.000000,1.000000,0.194253
no_capacity_floor,c4_r37.5m,4,37.500000,433,-0.030675,0.042110,0.642539,0.136793,0.619428,0.005028,0.001000,1.000000,1.000000,0.166782
no_capacity_floor,c4_r37.5m,4,37.500000,443,0.079144,0.049703,0.297596,0.240542,0.359274,0.004778,0.001000,1.000000,1.000000,0.217886
no_capacity_floor,c4_r37.5m,4,37.500000,435,0.006231,0.053574,0.536764,0.667642,0.713628,0.004389,0.001000,1.000000,1.000000,0.647553
no_capacity_floor,c4_r37.5m,4,37.500000,445,-0.007980,0.032134,0.318659,0.382058,0.597173,0.003639,0.001000,1.000000,1.000000,0.359864
no_capacity_floor,c4_r37.5m,4,37.500000,436,-0.026786,0.014268,0.254862,0.265351,0.734689,0.001778,0.001000,1.000000,1.000000,0.277435
no_capacity_floor,c4_r37.5m,4,37.500000,446,0.057224,0.028172,0.350464,0.335051,0.621661,0.002417,0.001000,1.000000,1.000000,0.386388
no_capacity_floor,c4_r37.5m,4,37.500000,438,0.055024,0.032415,0.489047,0.567872,0.675320,0.002639,0.001000,1.000000,1.000000,0.579642
no_capacity_floor,c4_r75m,4,75.000000,401,0.018650,0.034666,0.250366,0.208993,0.718179,0.006306,0.001000,1.000000,1.000000,0.259440
no_capacity_floor,c4_r37.5m,4,37.500000,441,0.014449,0.024355,0.216667,0.395703,0.694059,0.004750,0.001000,1.000000,1.000000,0.311508
no_capacity_floor,c4_r37.5m,4,37.500000,442,0.088235,0.048636,0.477180,0.499035,0.694799,0.002083,0.001000,1.000000,1.000000,0.572089
no_capacity_floor,c4_r75m,4,75.000000,404,0.057139,0.070960,0.602580,0.375405,0.653646,0.009111,0.001000,1.000000,1.000000,0.391006
no_capacity_floor,c4_r37.5m,4,37.500000,444,0.060265,0.055477,0.451642,0.506104,0.868087,0.005167,0.001000,1.000000,1.000000,0.548097
no_capacity_floor,c4_r75m,4,75.000000,406,0.044427,0.048644,0.444396,0.428040,0.584753,0.006833,0.001000,1.000000,1.000000,0.294396
no_capacity_floor,c4_r37.5m,4,37.500000,447,0.083626,0.049436,0.414175,0.322202,0.786231,0.004139,0.001000,1.000000,1.000000,0.334867
no_capacity_floor,c4_r37.5m,4,37.500000,448,0.041606,0.016862,0.252257,0.358722,0.697402,0.006167,0.001000,1.000000,1.000000,0.350040
no_capacity_floor,c4_r75m,4,75.000000,408,0.066959,0.034494,0.420907,0.398150,0.402940,0.005944,0.001000,1.000000,1.000000,0.342358
no_capacity_floor,c4_r37.5m,4,37.500000,449,-0.022973,0.020635,0.358029,0.495594,0.209062,0.005444,0.001000,1.000000,1.000000,0.519284
no_capacity_floor,c4_r75m,4,75.000000,403,0.032474,0.034605,0.361209,0.548557,0.632510,0.014028,0.001000,1.000000,1.000000,0.491431
no_capacity_floor,c4_r75m,4,75.000000,410,0.057207,0.062183,0.514242,0.295649,0.504320,0.010778,0.001000,1.000000,1.000000,0.314837
no_capacity_floor,c4_r75m,4,75.000000,400,0.004935,0.040814,0.304093,0.199960,0.783125,0.015444,0.001000,1.000000,1.000000,0.206976
no_capacity_floor,c4_r75m,4,75.000000,402,0.075572,0.049654,0.408820,0.607821,0.525631,0.011861,0.001000,1.000000,1.000000,0.472314
no_capacity_floor,c4_r75m,4,75.000000,413,0.042716,0.023452,0.172072,0.461457,0.713267,0.013083,0.001000,1.000000,1.000000,0.473291
no_capacity_floor,c4_r75m,4,75.000000,405,0.065049,0.050330,0.470558,0.332545,0.700563,0.016472,0.001000,1.000000,1.000000,0.301626
no_capacity_floor,c4_r75m,4,75.000000,407,0.029031,0.040061,0.248031,0.588871,0.822686,0.009639,0.001000,1.000000,1.000000,0.434382
no_capacity_floor,c4_r75m,4,75.000000,416,0.046545,0.066991,0.609899,0.603242,0.738840,0.012222,0.001000,1.000000,1.000000,0.579213
no_capacity_floor,c4_r75m,4,75.000000,418,0.084810,0.051284,0.593441,0.626332,0.553166,0.011861,0.001000,1.000000,1.000000,0.538105
no_capacity_floor,c4_r75m,4,75.000000,409,0.058684,0.049271,0.291917,0.562295,0.508004,0.019139,0.001000,1.000000,1.000000,0.409419
no_capacity_floor,c4_r75m,4,75.000000,420,0.015900,0.029110,0.310960,0.578124,0.718421,0.015361,0.001000,1.000000,1.000000,0.569305
no_capacity_floor,c4_r75m,4,75.000000,421,0.033002,0.045038,0.267256,0.142684,0.729282,0.016278,0.001000,1.000000,1.000000,0.140492
no_capacity_floor,c4_r75m,4,75.000000,411,0.054258,0.036562,0.255382,0.363137,0.572360,0.014000,0.001000,1.000000,1.000000,0.350291
no_capacity_floor,c4_r75m,4,75.000000,412,0.024588,0.039054,0.400757,0.273365,0.452145,0.006028,0.001000,1.000000,1.000000,0.244587
no_capacity_floor,c4_r75m,4,75.000000,424,0.070981,0.056709,0.285488,0.396379,0.482689,0.018111,0.001000,1.000000,1.000000,0.353706
no_capacity_floor,c4_r75m,4,75.000000,415,0.072027,0.086326,0.549461,0.161940,0.400987,0.019083,0.001000,1.000000,1.000000,0.161260
no_capacity_floor,c4_r75m,4,75.000000,414,0.110351,0.086563,0.600818,0.315511,0.639785,0.007806,0.001000,1.000000,0.998333,0.283308
no_capacity_floor,c4_r75m,4,75.000000,427,0.021621,0.038053,0.427878,0.305442,0.695222,0.008583,0.001000,1.000000,1.000000,0.403274
no_capacity_floor,c4_r75m,4,75.000000,417,0.043236,0.045707,0.561698,0.185321,0.643364,0.003972,0.001000,1.000000,1.000000,0.198794
no_capacity_floor,c4_r75m,4,75.000000,428,0.055872,0.047808,0.433141,0.452609,0.718307,0.011972,0.001000,1.000000,1.000000,0.458937
no_capacity_floor,c4_r75m,4,75.000000,430,0.045028,0.044871,0.356772,0.522709,0.443042,0.009028,0.001000,1.000000,1.000000,0.472359
no_capacity_floor,c4_r75m,4,75.000000,419,0.062903,0.070795,0.459597,0.252121,0.718554,0.011889,0.001000,1.000000,1.000000,0.310121
no_capacity_floor,c4_r75m,4,75.000000,431,0.053484,0.044694,0.365747,0.270008,0.661015,0.014194,0.001000,1.000000,1.000000,0.250608
no_capacity_floor,c4_r75m,4,75.000000,422,0.069325,0.068739,0.573779,0.323163,0.637514,0.009389,0.001000,1.000000,1.000000,0.355792
no_capacity_floor,c4_r75m,4,75.000000,434,0.026864,0.018380,0.206745,0.423954,0.783228,0.012139,0.001000,1.000000,1.000000,0.383737
no_capacity_floor,c4_r75m,4,75.000000,423,0.070043,0.041237,0.414698,0.491217,0.562807,0.010750,0.001000,1.000000,1.000000,0.388949
no_capacity_floor,c4_r75m,4,75.000000,425,0.021755,0.023372,0.209788,0.681273,0.597199,0.012417,0.001000,1.000000,1.000000,0.534419
no_capacity_floor,c4_r75m,4,75.000000,437,0.042752,0.032887,0.250133,0.446476,0.674417,0.012472,0.001000,1.000000,1.000000,0.449704
no_capacity_floor,c4_r75m,4,75.000000,426,0.021987,0.024977,0.324249,0.639379,0.530392,0.007139,0.001000,1.000000,1.000000,0.452965
no_capacity_floor,c4_r75m,4,75.000000,439,0.021618,0.034880,0.233094,0.436541,0.654575,0.006222,0.001000,1.000000,1.000000,0.435591
no_capacity_floor,c4_r75m,4,75.000000,429,0.032128,0.028845,0.263275,0.613611,0.658154,0.012250,0.001000,1.000000,1.000000,0.506828
no_capacity_floor,c4_r75m,4,75.000000,440,0.015920,0.030471,0.259412,0.223735,0.693336,0.005194,0.001000,1.000000,1.000000,0.199377
no_capacity_floor,c4_r75m,4,75.000000,442,0.041089,0.039105,0.329549,0.551756,0.659473,0.013917,0.001000,1.000000,1.000000,0.420314
no_capacity_floor,c4_r75m,4,75.000000,432,0.039956,0.053742,0.352873,0.628032,0.659440,0.010806,0.001000,1.000000,1.000000,0.635092
no_capacity_floor,c4_r75m,4,75.000000,433,0.067620,0.035601,0.216780,0.551841,0.686507,0.012417,0.001000,1.000000,1.000000,0.513907
no_capacity_floor,c4_r75m,4,75.000000,444,0.044399,0.051365,0.393750,0.484912,0.417527,0.006667,0.001000,1.000000,1.000000,0.404167
no_capacity_floor,c4_r75m,4,75.000000,435,0.041936,0.038506,0.190695,0.290656,0.551847,0.012778,0.001000,1.000000,1.000000,0.272157
no_capacity_floor,c4_r75m,4,75.000000,436,0.009438,0.035793,0.336914,0.582657,0.733170,0.005972,0.001000,1.000000,1.000000,0.583189
no_capacity_floor,c4_r75m,4,75.000000,447,0.017037,0.047959,0.407889,0.315101,0.733735,0.014111,0.001000,1.000000,1.000000,0.351852
no_capacity_floor,c4_r75m,4,75.000000,449,0.033461,0.024983,0.442509,0.549263,0.777893,0.006861,0.001000,1.000000,1.000000,0.500130
no_capacity_floor,c4_r75m,4,75.000000,438,0.041953,0.046217,0.509109,0.288009,0.578519,0.008722,0.001000,1.000000,1.000000,0.317447
no_capacity_floor,c4_r150m,4,150.000000,401,0.050991,0.037631,0.086321,0.428550,0.438705,0.003306,0.001000,1.000000,0.998333,0.385450
no_capacity_floor,c4_r150m,4,150.000000,402,0.050764,0.080296,0.908086,0.076512,0.422497,0.001861,0.003623,0.983333,0.995000,0.152797
no_capacity_floor,c4_r75m,4,75.000000,441,0.064759,0.041638,0.383250,0.403172,0.520464,0.013806,0.001000,1.000000,1.000000,0.450824
no_capacity_floor,c4_r75m,4,75.000000,443,0.030237,0.028187,0.178837,0.509445,0.752564,0.008472,0.001000,1.000000,1.000000,0.526667
no_capacity_floor,c4_r150m,4,150.000000,408,0.095588,0.149111,0.814789,0.686478,0.372824,0.000667,0.001000,1.000000,0.988333,0.591127
no_capacity_floor,c4_r75m,4,75.000000,446,0.038574,0.032760,0.186874,0.497784,0.399148,0.007861,0.001000,1.000000,1.000000,0.375472
no_capacity_floor,c4_r75m,4,75.000000,445,0.057212,0.041548,0.357703,0.361940,0.729496,0.009833,0.001000,1.000000,1.000000,0.427594
no_capacity_floor,c4_r150m,4,150.000000,405,0.097719,0.111329,0.730039,0.841524,0.847901,0.033778,0.001000,1.000000,0.976667,0.913402
no_capacity_floor,c4_r75m,4,75.000000,448,0.034371,0.056650,0.374343,0.523122,0.821239,0.008972,0.001000,1.000000,1.000000,0.337210
no_capacity_floor,c4_r150m,4,150.000000,409,0.098377,0.040294,0.416568,0.224953,0.549232,0.004250,0.001000,1.000000,0.991667,0.456257
no_capacity_floor,c4_r150m,4,150.000000,411,0.069029,0.061367,0.165954,0.334412,0.640744,0.008694,0.001608,0.983333,0.998333,0.349827
no_capacity_floor,c4_r150m,4,150.000000,400,0.066770,0.072956,0.345166,0.374131,0.868767,0.015333,0.001000,1.000000,1.000000,0.373819
no_capacity_floor,c4_r150m,4,150.000000,412,0.138384,0.129661,0.497210,0.754606,0.936754,0.004000,0.001870,0.983333,0.988333,0.692864
no_capacity_floor,c4_r150m,4,150.000000,403,0.095513,0.103642,0.776308,0.520757,0.945262,0.002611,0.004801,0.983333,0.983333,0.691904
no_capacity_floor,c4_r150m,4,150.000000,404,0.070002,0.063340,0.182936,0.094527,0.653898,0.007139,0.001000,1.000000,0.993333,0.109355
no_capacity_floor,c4_r150m,4,150.000000,415,0.179893,0.148132,0.728618,0.860777,0.397236,0.013167,0.001000,1.000000,0.986667,0.865609
no_capacity_floor,c4_r150m,4,150.000000,406,0.049169,0.090671,0.240333,0.358429,0.872402,0.005889,0.001000,1.000000,0.993333,0.268026
no_capacity_floor,c4_r150m,4,150.000000,418,0.144172,0.149509,0.828059,0.789053,0.623095,0.025111,0.001227,0.983333,0.973333,0.731143
no_capacity_floor,c4_r150m,4,150.000000,407,0.154049,0.151500,0.895266,0.132500,0.641594,0.007500,0.001000,1.000000,0.995000,0.133696
no_capacity_floor,c4_r150m,4,150.000000,410,0.062814,0.081439,0.146315,0.229753,0.427494,0.004333,0.001000,1.000000,0.995000,0.213697
no_capacity_floor,c4_r150m,4,150.000000,420,0.047201,0.033193,0.163838,0.246519,0.467414,0.004389,0.001000,1.000000,0.993333,0.225275
no_capacity_floor,c4_r150m,4,150.000000,421,0.104710,0.093076,0.560328,0.440559,0.498439,0.004667,0.001000,1.000000,0.995000,0.493227
no_capacity_floor,c4_r150m,4,150.000000,423,0.153949,0.137443,0.780649,0.280737,0.656071,0.005389,0.002350,0.983333,0.988333,0.448631
no_capacity_floor,c4_r150m,4,150.000000,414,0.076260,0.055632,0.239537,0.645478,0.685195,0.015889,0.001621,0.983333,0.991667,0.691000
no_capacity_floor,c4_r150m,4,150.000000,413,0.002641,0.119478,0.425966,0.106057,0.074308,0.006861,0.001000,1.000000,0.995000,0.207477
no_capacity_floor,c4_r150m,4,150.000000,426,0.163400,0.127433,0.716892,0.325276,0.531864,0.001139,0.001000,1.000000,0.983333,0.390209
no_capacity_floor,c4_r150m,4,150.000000,428,0.134216,0.127198,0.818109,0.913875,0.950123,0.004889,0.005847,0.950000,0.978333,0.871181
no_capacity_floor,c4_r150m,4,150.000000,417,0.125054,0.112840,0.580140,0.347158,0.746832,0.010694,0.002033,0.983333,0.993333,0.304176
no_capacity_floor,c4_r150m,4,150.000000,419,0.144350,0.155536,0.654951,0.637397,0.571047,0.001556,0.001000,1.000000,0.980000,0.831132
no_capacity_floor,c4_r150m,4,150.000000,432,0.153843,0.136944,0.766910,0.589578,0.439414,0.021222,0.001000,1.000000,0.990000,0.448837
no_capacity_floor,c4_r150m,4,150.000000,431,0.141247,0.137229,0.676089,0.815825,0.784973,0.006389,0.002894,0.966667,0.978333,0.802591
no_capacity_floor,c4_r150m,4,150.000000,416,0.116568,0.102425,0.589010,0.880040,0.811468,0.035556,0.005256,0.933333,0.981667,0.812507
no_capacity_floor,c4_r150m,4,150.000000,422,0.173039,0.150846,0.927635,0.771298,0.437745,0.012528,0.005619,0.933333,0.970000,0.845875
no_capacity_floor,c4_r150m,4,150.000000,433,0.200795,0.123507,0.489484,0.164155,0.776043,0.006444,0.001131,0.983333,0.995000,0.119103
no_capacity_floor,c4_r150m,4,150.000000,424,0.116175,0.066675,0.211214,0.325215,0.710928,0.002472,0.001000,1.000000,0.996667,0.331981
no_capacity_floor,c4_r150m,4,150.000000,436,0.163227,0.112966,0.806785,0.734186,0.574972,0.018722,0.002813,0.966667,0.970000,0.852820
no_capacity_floor,c4_r150m,4,150.000000,437,0.142112,0.085157,0.230282,0.626752,0.041792,0.018333,0.001000,1.000000,0.996667,0.384908
no_capacity_floor,c4_r150m,4,150.000000,429,0.058508,0.062624,0.310944,0.478724,0.597653,0.005306,0.004488,0.983333,0.993333,0.299152
no_capacity_floor,c4_r150m,4,150.000000,425,0.126523,0.137718,0.785104,0.928568,0.525848,0.031694,0.004991,0.983333,0.961667,0.865649
no_capacity_floor,c4_r150m,4,150.000000,440,0.160903,0.150120,0.747673,0.294092,0.446674,0.011861,0.001000,1.000000,0.996667,0.322680
no_capacity_floor,c4_r150m,4,150.000000,427,0.129330,0.120705,0.778930,0.637473,0.661410,0.043361,0.003384,0.983333,0.995000,0.521587
no_capacity_floor,c4_r150m,4,150.000000,441,0.113063,0.094487,0.297054,0.415183,0.472764,0.003639,0.001000,1.000000,0.991667,0.437709
no_capacity_floor,c4_r150m,4,150.000000,430,0.130544,0.122259,0.844306,0.898986,0.551328,0.013500,0.001601,0.966667,0.971667,0.874128
no_capacity_floor,c4_r150m,4,150.000000,444,0.096178,0.075916,0.402727,0.769367,0.736722,0.014389,0.002287,0.983333,0.991667,0.864402
no_capacity_floor,c4_r150m,4,150.000000,434,0.031880,0.052442,0.177874,0.302605,0.440595,0.008389,0.001000,1.000000,0.993333,0.277624
no_capacity_floor,c4_r150m,4,150.000000,435,0.141265,0.152123,0.742737,0.296621,0.813646,0.010111,0.001000,1.000000,0.991667,0.235086
no_capacity_floor,c4_r150m,4,150.000000,446,0.121844,0.134840,0.941324,0.889068,0.325264,0.029250,0.004245,0.983333,0.976667,0.864703
no_capacity_floor,c4_r150m,4,150.000000,447,0.006748,0.021846,0.120629,0.454938,0.586457,0.004278,0.001000,1.000000,0.998333,0.471206
no_capacity_floor,c4_r150m,4,150.000000,438,0.078338,0.153841,0.931214,0.074670,0.780537,0.001972,0.001000,1.000000,0.998333,0.102161
no_capacity_floor,c4_r150m,4,150.000000,439,0.162331,0.142311,0.803888,0.950558,0.638180,0.009361,0.001230,0.983333,0.965000,0.863658
no_capacity_floor,c4_r150m,4,150.000000,443,0.036258,0.048449,0.131646,0.318812,0.886425,0.003722,0.001000,1.000000,0.988333,0.353228
no_capacity_floor,c4_r150m,4,150.000000,442,0.097466,0.114487,0.519738,0.894601,0.573879,0.010500,0.010512,0.983333,0.983333,0.879243
no_capacity_floor,c4_r150m,4,150.000000,445,0.015634,0.024262,0.153620,0.758957,0.595015,0.008444,0.001646,0.983333,0.993333,0.743883
no_capacity_floor,c4_r150m,4,150.000000,448,0.131818,0.114663,0.750962,0.731661,0.939093,0.002556,0.001000,1.000000,0.985000,0.627404
no_capacity_floor,c4_r300m,4,300.000000,400,0.192953,0.195196,0.889715,0.938314,0.448065,0.142083,0.480091,0.133333,0.096667,0.917617
no_capacity_floor,c4_r300m,4,300.000000,402,0.203545,0.194218,0.844083,0.920915,0.478826,0.143000,0.471327,0.066667,0.091667,0.898092
no_capacity_floor,c4_r150m,4,150.000000,449,0.112300,0.130228,0.810854,0.936125,0.813542,0.016750,0.004561,0.966667,0.960000,0.904567
no_capacity_floor,c4_r300m,4,300.000000,404,0.198141,0.191265,0.903327,0.878288,0.881122,0.139778,0.425255,0.133333,0.086667,0.891993
no_capacity_floor,c4_r300m,4,300.000000,407,0.194681,0.184083,0.841559,0.896430,0.440205,0.129000,0.376207,0.050000,0.118333,0.897231
no_capacity_floor,c4_r300m,4,300.000000,408,0.195756,0.197348,0.889653,0.891595,0.686520,0.147194,0.533345,0.116667,0.088333,0.890705
no_capacity_floor,c4_r300m,4,300.000000,401,0.174341,0.184922,0.778154,0.862854,0.793304,0.134278,0.439380,0.166667,0.101667,0.851205
no_capacity_floor,c4_r300m,4,300.000000,415,0.197295,0.194670,0.866082,0.921029,0.563514,0.138028,0.517916,0.100000,0.093333,0.907056
no_capacity_floor,c4_r300m,4,300.000000,403,0.178060,0.185831,0.871618,0.919429,0.758303,0.150778,0.573334,0.083333,0.088333,0.882523
no_capacity_floor,c4_r300m,4,300.000000,416,0.167326,0.185641,0.858161,0.917463,0.839222,0.133472,0.431034,0.183333,0.120000,0.875674
no_capacity_floor,c4_r300m,4,300.000000,405,0.197400,0.191130,0.883825,0.918189,0.756780,0.144361,0.529042,0.083333,0.085000,0.867226
no_capacity_floor,c4_r300m,4,300.000000,406,0.205039,0.200841,0.839849,0.919693,0.676587,0.144083,0.487626,0.100000,0.100000,0.874656
no_capacity_floor,c4_r300m,4,300.000000,418,0.207858,0.191402,0.862065,0.878395,0.364074,0.143722,0.486236,0.100000,0.090000,0.892861
no_capacity_floor,c4_r300m,4,300.000000,419,0.195144,0.194459,0.847978,0.902399,0.631583,0.147167,0.511930,0.050000,0.095000,0.895151
no_capacity_floor,c4_r300m,4,300.000000,420,0.191591,0.189652,0.886542,0.912095,0.408211,0.146806,0.495298,0.066667,0.090000,0.881269
no_capacity_floor,c4_r300m,4,300.000000,409,0.241876,0.204503,0.916383,0.923287,0.540835,0.159861,0.636947,0.050000,0.081667,0.890864
no_capacity_floor,c4_r300m,4,300.000000,410,0.201860,0.202270,0.811436,0.909618,0.434566,0.149528,0.557323,0.100000,0.111667,0.867411
no_capacity_floor,c4_r300m,4,300.000000,411,0.193299,0.196802,0.893446,0.814406,0.648509,0.131472,0.389405,0.200000,0.096667,0.846176
no_capacity_floor,c4_r300m,4,300.000000,412,0.208596,0.191941,0.875696,0.874824,0.497917,0.138583,0.431779,0.133333,0.100000,0.842839
no_capacity_floor,c4_r300m,4,300.000000,413,0.207288,0.192845,0.875151,0.868304,0.672428,0.147750,0.532539,0.033333,0.083333,0.866985
no_capacity_floor,c4_r300m,4,300.000000,422,0.188598,0.187806,0.807173,0.892599,0.698102,0.134028,0.391992,0.150000,0.116667,0.867890
no_capacity_floor,c4_r300m,4,300.000000,414,0.187133,0.190693,0.857100,0.898153,0.400370,0.140778,0.429830,0.150000,0.101667,0.891322
no_capacity_floor,c4_r300m,4,300.000000,417,0.182691,0.184810,0.886799,0.903749,0.594327,0.144111,0.529453,0.083333,0.085000,0.897728
no_capacity_floor,c4_r300m,4,300.000000,424,0.191025,0.197557,0.933899,0.916996,0.820674,0.142139,0.464357,0.116667,0.090000,0.882960
no_capacity_floor,c4_r300m,4,300.000000,427,0.198739,0.196105,0.852348,0.909852,0.617666,0.138611,0.415901,0.150000,0.086667,0.888197
no_capacity_floor,c4_r300m,4,300.000000,428,0.188305,0.194340,0.865129,0.882792,0.548132,0.138917,0.442058,0.066667,0.105000,0.883841
no_capacity_floor,c4_r300m,4,300.000000,429,0.192479,0.189675,0.911657,0.885517,0.469618,0.149778,0.531587,0.016667,0.088333,0.907173
no_capacity_floor,c4_r300m,4,300.000000,431,0.176160,0.189263,0.881443,0.923118,0.695456,0.150000,0.515261,0.083333,0.100000,0.877141
no_capacity_floor,c4_r300m,4,300.000000,423,0.190379,0.198247,0.837601,0.911023,0.734463,0.138194,0.518574,0.033333,0.090000,0.895284
no_capacity_floor,c4_r300m,4,300.000000,421,0.196641,0.192375,0.897053,0.890526,0.449306,0.149028,0.555810,0.033333,0.075000,0.898167
no_capacity_floor,c4_r300m,4,300.000000,435,0.193738,0.182625,0.892556,0.899717,0.706384,0.143500,0.467049,0.133333,0.095000,0.892129
no_capacity_floor,c4_r300m,4,300.000000,425,0.206060,0.192023,0.902834,0.876107,0.759428,0.146306,0.492767,0.066667,0.120000,0.838526
no_capacity_floor,c4_r300m,4,300.000000,426,0.227255,0.202550,0.917457,0.893106,0.370038,0.141889,0.496836,0.083333,0.113333,0.866020
no_capacity_floor,c4_r300m,4,300.000000,438,0.211987,0.199061,0.907753,0.872167,0.890393,0.147639,0.518546,0.083333,0.100000,0.877369
no_capacity_floor,c4_r300m,4,300.000000,430,0.196662,0.196952,0.860900,0.910212,0.323558,0.144861,0.464798,0.100000,0.113333,0.898327
no_capacity_floor,c4_r300m,4,300.000000,439,0.206814,0.192536,0.839361,0.911480,0.865377,0.148417,0.510379,0.100000,0.101667,0.892804
no_capacity_floor,c4_r300m,4,300.000000,440,0.200286,0.199634,0.864523,0.883491,0.486309,0.139472,0.448493,0.200000,0.095000,0.899267
no_capacity_floor,c4_r300m,4,300.000000,433,0.192889,0.188918,0.924683,0.886890,0.571066,0.149750,0.503496,0.100000,0.105000,0.882181
no_capacity_floor,c4_r300m,4,300.000000,432,0.172694,0.195668,0.805925,0.907813,0.630858,0.147722,0.521343,0.116667,0.088333,0.908041
no_capacity_floor,c4_r300m,4,300.000000,441,0.174111,0.189350,0.852960,0.926867,0.841655,0.146028,0.486166,0.166667,0.100000,0.910353
no_capacity_floor,c4_r300m,4,300.000000,442,0.175971,0.183175,0.740738,0.871055,0.683894,0.133222,0.413948,0.066667,0.086667,0.873586
no_capacity_floor,c4_r300m,4,300.000000,434,0.202887,0.195658,0.880197,0.927173,0.427657,0.147833,0.520166,0.066667,0.081667,0.887159
no_capacity_floor,c4_r300m,4,300.000000,436,0.199036,0.195836,0.869443,0.928373,0.632881,0.147222,0.537221,0.133333,0.106667,0.906128
no_capacity_floor,c4_r300m,4,300.000000,445,0.219756,0.203811,0.888953,0.893037,0.503599,0.140111,0.497501,0.100000,0.095000,0.882273
no_capacity_floor,c4_r300m,4,300.000000,437,0.178161,0.190002,0.902936,0.839009,0.678414,0.139972,0.413356,0.133333,0.093333,0.837841
no_capacity_floor,c4_r300m,4,300.000000,448,0.197392,0.196089,0.899579,0.881976,0.673962,0.151750,0.556749,0.050000,0.061667,0.885459
no_capacity_floor,c4_r300m,4,300.000000,443,0.201886,0.197527,0.912631,0.907637,0.740342,0.146556,0.575990,0.066667,0.091667,0.895254
no_capacity_floor,c4_r600m,4,600.000000,400,0.232339,0.230753,0.778104,0.824611,0.600597,0.291444,2.352275,0.000000,0.000000,0.843469
no_capacity_floor,c4_r300m,4,300.000000,444,0.195450,0.200051,0.872698,0.902080,0.768177,0.147306,0.483485,0.100000,0.061667,0.886081
no_capacity_floor,c4_r600m,4,600.000000,401,0.241770,0.251115,0.818142,0.855467,0.876184,0.296444,2.353104,0.000000,0.000000,0.842827
no_capacity_floor,c4_r600m,4,600.000000,404,0.239888,0.235437,0.817167,0.871157,0.603035,0.318167,2.608515,0.000000,0.000000,0.848797
no_capacity_floor,c4_r600m,4,600.000000,405,0.271699,0.251700,0.842190,0.887348,0.479908,0.319139,2.599674,0.000000,0.000000,0.844383
no_capacity_floor,c4_r300m,4,300.000000,446,0.202810,0.201207,0.858290,0.857452,0.851993,0.150333,0.544053,0.083333,0.076667,0.864472
no_capacity_floor,c4_r300m,4,300.000000,447,0.209882,0.195149,0.867196,0.907590,0.481426,0.139361,0.488888,0.133333,0.080000,0.900732
no_capacity_floor,c4_r300m,4,300.000000,449,0.184617,0.187691,0.870734,0.909190,0.847184,0.136444,0.431410,0.116667,0.108333,0.892082
no_capacity_floor,c4_r600m,4,600.000000,410,0.237410,0.256690,0.858052,0.896980,0.689213,0.313139,2.529428,0.000000,0.000000,0.877781
no_capacity_floor,c4_r600m,4,600.000000,406,0.238955,0.231911,0.824031,0.835619,0.613158,0.305222,2.464174,0.000000,0.000000,0.817923
no_capacity_floor,c4_r600m,4,600.000000,402,0.225066,0.246263,0.709661,0.870211,0.724942,0.304167,2.448265,0.000000,0.000000,0.844423
no_capacity_floor,c4_r600m,4,600.000000,412,0.254458,0.238677,0.754268,0.834921,0.374076,0.298417,2.385516,0.000000,0.000000,0.851081
no_capacity_floor,c4_r600m,4,600.000000,414,0.242257,0.253331,0.807906,0.867036,0.566171,0.313889,2.567874,0.000000,0.000000,0.870712
no_capacity_floor,c4_r600m,4,600.000000,403,0.246645,0.229717,0.797601,0.890754,0.373581,0.311667,2.530599,0.000000,0.000000,0.857392
no_capacity_floor,c4_r600m,4,600.000000,415,0.251904,0.247071,0.879142,0.839576,0.642463,0.289972,2.360374,0.000000,0.000000,0.833254
no_capacity_floor,c4_r600m,4,600.000000,408,0.261084,0.249866,0.797538,0.895526,0.618550,0.315278,2.559039,0.000000,0.000000,0.886247
no_capacity_floor,c4_r600m,4,600.000000,416,0.260817,0.239411,0.783727,0.755727,0.532225,0.295361,2.344362,0.000000,0.000000,0.829466
no_capacity_floor,c4_r600m,4,600.000000,409,0.247193,0.233540,0.825461,0.815906,0.838141,0.285833,2.306048,0.000000,0.000000,0.798676
no_capacity_floor,c4_r600m,4,600.000000,407,0.249431,0.247233,0.810280,0.882497,0.469352,0.317083,2.595158,0.000000,0.000000,0.858204
no_capacity_floor,c4_r600m,4,600.000000,411,0.260228,0.228558,0.753254,0.801989,0.825646,0.294472,2.319826,0.000000,0.000000,0.802207
no_capacity_floor,c4_r600m,4,600.000000,420,0.235391,0.246600,0.840400,0.888287,0.515384,0.316583,2.577575,0.000000,0.000000,0.879276
no_capacity_floor,c4_r600m,4,600.000000,413,0.244351,0.250264,0.771556,0.853395,0.424500,0.283556,2.270118,0.000000,0.000000,0.845758
no_capacity_floor,c4_r600m,4,600.000000,423,0.252362,0.242790,0.810644,0.878636,0.770298,0.302167,2.436448,0.000000,0.000000,0.845657
no_capacity_floor,c4_r600m,4,600.000000,424,0.217718,0.221006,0.692151,0.906521,0.736798,0.303083,2.429783,0.000000,0.000000,0.878555
no_capacity_floor,c4_r600m,4,600.000000,426,0.214195,0.241688,0.770801,0.827079,0.759573,0.306639,2.505594,0.000000,0.000000,0.811646
no_capacity_floor,c4_r600m,4,600.000000,417,0.258179,0.245979,0.833377,0.869711,0.784982,0.308278,2.484778,0.000000,0.000000,0.858946
no_capacity_floor,c4_r600m,4,600.000000,418,0.258096,0.256057,0.791054,0.893279,0.489094,0.310583,2.478064,0.000000,0.000000,0.869967
no_capacity_floor,c4_r600m,4,600.000000,419,0.259583,0.245719,0.857551,0.854353,0.857901,0.304472,2.461922,0.000000,0.000000,0.849399
no_capacity_floor,c4_r600m,4,600.000000,428,0.259186,0.256949,0.803981,0.924921,0.531302,0.304722,2.486471,0.000000,0.000000,0.887177
no_capacity_floor,c4_r600m,4,600.000000,421,0.215252,0.238554,0.764307,0.835577,0.644469,0.281250,2.239473,0.000000,0.000000,0.806017
no_capacity_floor,c4_r600m,4,600.000000,432,0.234011,0.244610,0.752271,0.911303,0.785846,0.307500,2.502462,0.000000,0.000000,0.855723
no_capacity_floor,c4_r600m,4,600.000000,422,0.231912,0.230416,0.726632,0.788444,0.506639,0.296444,2.344088,0.000000,0.000000,0.816540
no_capacity_floor,c4_r600m,4,600.000000,425,0.230394,0.233640,0.679671,0.888379,0.792904,0.303333,2.422766,0.000000,0.000000,0.875524
no_capacity_floor,c4_r600m,4,600.000000,434,0.217976,0.240377,0.768141,0.864065,0.617753,0.292611,2.312366,0.000000,0.000000,0.857755
no_capacity_floor,c4_r600m,4,600.000000,435,0.259485,0.255128,0.804209,0.812862,0.365746,0.295889,2.329897,0.000000,0.000000,0.806091
no_capacity_floor,c4_r600m,4,600.000000,436,0.256955,0.252167,0.877430,0.871368,0.660101,0.315778,2.564910,0.000000,0.000000,0.885614
no_capacity_floor,c4_r600m,4,600.000000,427,0.258924,0.254003,0.873168,0.719708,0.782861,0.288194,2.262125,0.000000,0.000000,0.734788
no_capacity_floor,c4_r600m,4,600.000000,430,0.251288,0.244354,0.792054,0.853584,0.686137,0.303972,2.486738,0.000000,0.000000,0.867667
no_capacity_floor,c4_r600m,4,600.000000,429,0.250244,0.227107,0.717226,0.798787,0.582719,0.294667,2.346020,0.000000,0.000000,0.795991
no_capacity_floor,c4_r600m,4,600.000000,440,0.271559,0.265655,0.872696,0.854159,0.471844,0.303111,2.434947,0.000000,0.000000,0.857754
no_capacity_floor,c4_r600m,4,600.000000,431,0.265778,0.241041,0.758379,0.880499,0.570142,0.295528,2.342098,0.000000,0.000000,0.886241
no_capacity_floor,c4_r600m,4,600.000000,433,0.263260,0.256025,0.828250,0.838148,0.697475,0.307250,2.471835,0.000000,0.000000,0.781448
no_capacity_floor,c6_r15m,6,15.000000,401,0.000000,0.000000,0.279808,0.487689,0.562032,0.000389,0.001000,1.000000,1.000000,0.550101
no_capacity_floor,c4_r600m,4,600.000000,442,0.222938,0.239269,0.720598,0.876082,0.270136,0.302444,2.410970,0.000000,0.000000,0.843291
no_capacity_floor,c6_r15m,6,15.000000,400,0.000000,-0.006250,0.197554,0.150120,0.852359,0.000306,0.001000,1.000000,1.000000,0.051111
no_capacity_floor,c4_r600m,4,600.000000,437,0.227389,0.230524,0.640066,0.793588,0.358166,0.302444,2.400528,0.000000,0.000000,0.753979
no_capacity_floor,c6_r15m,6,15.000000,404,0.000000,0.000000,0.440486,0.548007,0.443935,0.000333,0.001000,1.000000,1.000000,0.073377
no_capacity_floor,c4_r600m,4,600.000000,445,0.273069,0.259799,0.874387,0.895328,0.482859,0.321889,2.638540,0.000000,0.000000,0.839629
no_capacity_floor,c4_r600m,4,600.000000,447,0.235054,0.255115,0.848588,0.912560,0.506255,0.289528,2.323458,0.000000,0.000000,0.869733
no_capacity_floor,c4_r600m,4,600.000000,446,0.255063,0.252576,0.839786,0.837573,0.645690,0.290194,2.320807,0.000000,0.000000,0.831919
no_capacity_floor,c4_r600m,4,600.000000,438,0.232629,0.237490,0.658362,0.766634,0.741847,0.297333,2.354779,0.000000,0.000000,0.766699
no_capacity_floor,c6_r15m,6,15.000000,405,0.000000,-0.002262,0.560757,0.332065,0.749780,0.000472,0.001000,1.000000,1.000000,0.245158
no_capacity_floor,c4_r600m,4,600.000000,439,0.235929,0.247579,0.734375,0.820530,0.557131,0.310500,2.484935,0.000000,0.000000,0.825285
no_capacity_floor,c6_r15m,6,15.000000,402,0.250000,0.025000,0.264188,0.174772,0.344224,0.000361,0.001000,1.000000,1.000000,0.148449
no_capacity_floor,c6_r15m,6,15.000000,403,0.000000,-0.024923,0.255409,0.287644,0.666935,0.000444,0.001000,1.000000,1.000000,0.202790
no_capacity_floor,c6_r15m,6,15.000000,408,0.000000,-0.008333,0.145971,0.249125,0.695447,0.000306,0.001000,1.000000,1.000000,0.180523
no_capacity_floor,c6_r15m,6,15.000000,409,0.000000,0.012500,0.345542,0.160221,0.832304,0.000194,0.001000,1.000000,1.000000,0.115000
no_capacity_floor,c6_r15m,6,15.000000,411,0.000000,-0.025298,0.559000,0.338547,0.578858,0.000333,0.001000,1.000000,1.000000,0.144956
no_capacity_floor,c6_r15m,6,15.000000,410,0.000000,0.025000,0.468080,0.693674,0.749058,0.000083,0.001000,1.000000,1.000000,0.129340
no_capacity_floor,c6_r15m,6,15.000000,413,0.000000,0.014286,0.561392,0.337312,0.659292,0.000472,0.001000,1.000000,1.000000,0.198333
no_capacity_floor,c4_r600m,4,600.000000,441,0.257994,0.245665,0.784444,0.843517,0.561819,0.314139,2.527921,0.000000,0.000000,0.856845
no_capacity_floor,c4_r600m,4,600.000000,443,0.271027,0.241858,0.747679,0.850173,0.770229,0.307250,2.528007,0.000000,0.000000,0.834474
no_capacity_floor,c6_r15m,6,15.000000,406,0.000000,0.113542,0.258326,0.149485,0.707107,0.000583,0.001000,1.000000,1.000000,0.180302
no_capacity_floor,c6_r15m,6,15.000000,417,0.000000,0.000000,0.421295,0.228712,0.429950,0.000167,0.001000,1.000000,1.000000,0.157222
no_capacity_floor,c6_r15m,6,15.000000,418,0.000000,-0.010000,0.824131,0.225855,0.590019,0.000333,0.001000,1.000000,1.000000,0.152071
no_capacity_floor,c6_r15m,6,15.000000,407,0.000000,0.000000,0.234032,0.512812,0.615765,0.000306,0.001000,1.000000,1.000000,0.353333
no_capacity_floor,c6_r15m,6,15.000000,419,0.000000,0.056250,0.439367,0.512913,0.533124,0.000417,0.001000,1.000000,1.000000,0.425628
no_capacity_floor,c6_r15m,6,15.000000,420,0.500000,0.050000,0.364874,0.132629,0.694972,0.000250,0.001000,1.000000,1.000000,0.139098
no_capacity_floor,c4_r600m,4,600.000000,444,0.227050,0.246241,0.768009,0.920163,0.572220,0.306333,2.504711,0.000000,0.000000,0.866903
no_capacity_floor,c6_r15m,6,15.000000,412,0.000000,-0.016667,0.232712,0.538428,0.683934,0.000417,0.001000,1.000000,1.000000,0.536498
no_capacity_floor,c6_r15m,6,15.000000,421,0.000000,0.000000,0.330806,0.356186,0.643384,0.000278,0.001000,1.000000,1.000000,0.233333
no_capacity_floor,c6_r15m,6,15.000000,425,0.000000,0.040000,0.309151,0.202861,0.823002,0.000444,0.001000,1.000000,1.000000,0.057666
no_capacity_floor,c6_r15m,6,15.000000,416,0.333333,0.033333,0.435841,0.274218,0.332191,0.000361,0.001000,1.000000,1.000000,0.177143
no_capacity_floor,c6_r15m,6,15.000000,415,0.000000,-0.004762,0.304437,0.402191,0.651419,0.000278,0.001000,1.000000,1.000000,0.104390
no_capacity_floor,c6_r15m,6,15.000000,414,0.000000,0.013333,0.541318,0.345529,0.616505,0.000472,0.001000,1.000000,1.000000,0.274003
no_capacity_floor,c6_r15m,6,15.000000,426,0.000000,0.040000,0.304756,0.547123,0.701180,0.000333,0.001000,1.000000,1.000000,0.499173
no_capacity_floor,c6_r15m,6,15.000000,428,0.000000,-0.005556,0.409160,0.461048,0.415593,0.000333,0.001000,1.000000,1.000000,0.206374
no_capacity_floor,c4_r600m,4,600.000000,448,0.260685,0.264332,0.903748,0.865685,0.494470,0.314278,2.550529,0.000000,0.000000,0.840932
no_capacity_floor,c6_r15m,6,15.000000,429,0.000000,0.005000,0.305540,0.704291,0.791550,0.000389,0.001000,1.000000,1.000000,0.485205
no_capacity_floor,c4_r600m,4,600.000000,449,0.252773,0.257145,0.892088,0.838238,0.791044,0.311083,2.523923,0.000000,0.000000,0.861350
no_capacity_floor,c6_r15m,6,15.000000,432,0.000000,0.000000,0.406914,0.288586,0.608032,0.000694,0.001000,1.000000,1.000000,0.139740
no_capacity_floor,c6_r15m,6,15.000000,433,0.500000,0.050000,0.289500,0.303741,0.532929,0.000361,0.001000,1.000000,1.000000,0.077778
no_capacity_floor,c6_r15m,6,15.000000,422,0.000000,0.000000,0.359309,0.487341,0.685431,0.000389,0.001000,1.000000,1.000000,0.260000
no_capacity_floor,c6_r15m,6,15.000000,424,0.000000,0.000000,0.310230,0.537808,0.642065,0.000222,0.001000,1.000000,1.000000,0.148961
no_capacity_floor,c6_r15m,6,15.000000,423,0.000000,0.100000,0.414712,0.246956,0.665458,0.000389,0.001000,1.000000,1.000000,0.102204
no_capacity_floor,c6_r15m,6,15.000000,438,0.000000,0.020000,0.696026,0.414429,0.746615,0.000444,0.001000,1.000000,1.000000,0.236255
no_capacity_floor,c6_r15m,6,15.000000,427,0.000000,0.058056,0.428743,0.434288,0.811762,0.000361,0.001000,1.000000,1.000000,0.274978
no_capacity_floor,c6_r15m,6,15.000000,437,0.000000,0.000000,0.309444,0.314333,0.275539,0.000222,0.001000,1.000000,1.000000,0.057143
no_capacity_floor,c6_r15m,6,15.000000,440,0.000000,0.009091,0.278016,0.224064,0.505506,0.000361,0.001000,1.000000,1.000000,0.273968
no_capacity_floor,c6_r15m,6,15.000000,430,0.000000,0.025000,0.617413,0.207524,0.419135,0.000167,0.001000,1.000000,1.000000,0.162500
no_capacity_floor,c6_r15m,6,15.000000,431,0.000000,0.000000,0.369941,0.422095,0.406651,0.000667,0.001000,1.000000,1.000000,0.175238
no_capacity_floor,c6_r15m,6,15.000000,442,0.000000,-0.006250,0.118992,0.492341,0.733689,0.000333,0.001000,1.000000,1.000000,0.304166
no_capacity_floor,c6_r15m,6,15.000000,443,0.000000,0.050000,0.525320,0.181379,0.441119,0.000250,0.001000,1.000000,1.000000,0.025556
no_capacity_floor,c6_r15m,6,15.000000,434,0.000000,0.012334,0.699599,0.566161,0.539188,0.000444,0.001000,1.000000,1.000000,0.521332
no_capacity_floor,c6_r15m,6,15.000000,435,0.000000,0.019091,0.319976,0.323649,0.595304,0.000194,0.001000,1.000000,1.000000,0.304561
no_capacity_floor,c6_r15m,6,15.000000,436,0.000000,0.042857,0.407782,0.456276,0.764749,0.000250,0.001000,1.000000,1.000000,0.498171
no_capacity_floor,c6_r15m,6,15.000000,447,0.000000,0.000000,0.306608,0.648015,0.641186,0.000250,0.001000,1.000000,1.000000,0.292778
no_capacity_floor,c6_r15m,6,15.000000,439,0.000000,0.000000,0.572678,0.167855,0.706152,0.000333,0.001000,1.000000,1.000000,0.075952
no_capacity_floor,c6_r15m,6,15.000000,449,0.000000,0.000000,0.290727,0.498815,0.683639,0.000111,0.001000,1.000000,1.000000,0.296429
no_capacity_floor,c6_r37.5m,6,37.500000,400,-0.001330,0.024040,0.491670,0.212433,0.600080,0.003861,0.001000,1.000000,1.000000,0.163415
no_capacity_floor,c6_r15m,6,15.000000,441,0.000000,0.100000,0.247896,0.584396,0.597116,0.000278,0.001000,1.000000,1.000000,0.262424
no_capacity_floor,c6_r37.5m,6,37.500000,403,0.011646,0.021371,0.348707,0.469019,0.666524,0.004444,0.001000,1.000000,1.000000,0.483116
no_capacity_floor,c6_r37.5m,6,37.500000,404,0.046334,0.022517,0.408680,0.183781,0.636084,0.005333,0.001000,1.000000,1.000000,0.223956
no_capacity_floor,c6_r15m,6,15.000000,444,0.000000,0.010000,0.421779,0.673232,0.504267,0.000111,0.001000,1.000000,1.000000,0.243217
no_capacity_floor,c6_r15m,6,15.000000,445,0.000000,0.010000,0.635572,0.458780,0.347047,0.000361,0.001000,1.000000,1.000000,0.474922
no_capacity_floor,c6_r15m,6,15.000000,446,0.000000,-0.012500,0.294751,0.304699,0.576606,0.000472,0.001000,1.000000,1.000000,0.161984
no_capacity_floor,c6_r37.5m,6,37.500000,408,0.039285,0.047614,0.786467,0.439332,0.553320,0.009528,0.001000,1.000000,1.000000,0.453975
no_capacity_floor,c6_r15m,6,15.000000,448,0.000000,0.066667,0.236467,0.286737,0.798769,0.000306,0.001000,1.000000,1.000000,0.386021
no_capacity_floor,c6_r37.5m,6,37.500000,410,0.101303,0.027099,0.346507,0.704459,0.642543,0.004694,0.001000,1.000000,1.000000,0.554853
no_capacity_floor,c6_r37.5m,6,37.500000,411,0.036260,0.024595,0.235048,0.193362,0.571840,0.006417,0.001000,1.000000,1.000000,0.159262
no_capacity_floor,c6_r37.5m,6,37.500000,401,-0.005617,0.037638,0.599572,0.530250,0.793710,0.003833,0.001000,1.000000,1.000000,0.507975
no_capacity_floor,c6_r37.5m,6,37.500000,402,-0.035714,0.007132,0.262774,0.520077,0.278983,0.005694,0.001000,1.000000,1.000000,0.484613
no_capacity_floor,c6_r37.5m,6,37.500000,413,0.012867,0.006617,0.358803,0.314777,0.498411,0.008139,0.001000,1.000000,1.000000,0.313402
no_capacity_floor,c6_r37.5m,6,37.500000,414,0.056379,0.057999,0.516046,0.216860,0.623896,0.004944,0.001000,1.000000,1.000000,0.158166
no_capacity_floor,c6_r37.5m,6,37.500000,405,-0.016354,0.043202,0.562649,0.376816,0.790264,0.003028,0.001000,1.000000,1.000000,0.393351
no_capacity_floor,c6_r37.5m,6,37.500000,418,0.003813,0.032160,0.456564,0.468976,0.659832,0.006528,0.001000,1.000000,1.000000,0.538468
no_capacity_floor,c6_r37.5m,6,37.500000,406,0.025993,0.024867,0.263004,0.356325,0.593826,0.005972,0.001000,1.000000,1.000000,0.230121
no_capacity_floor,c6_r37.5m,6,37.500000,407,0.036697,0.021794,0.215846,0.380903,0.461818,0.006417,0.001000,1.000000,1.000000,0.505595
no_capacity_floor,c6_r37.5m,6,37.500000,409,-0.000714,0.020937,0.237440,0.490055,0.598123,0.006944,0.001000,1.000000,1.000000,0.490767
no_capacity_floor,c6_r37.5m,6,37.500000,421,0.048899,0.024273,0.565483,0.589274,0.758919,0.004889,0.001000,1.000000,1.000000,0.560629
no_capacity_floor,c6_r37.5m,6,37.500000,412,0.037124,0.036116,0.486241,0.602566,0.752336,0.003361,0.001000,1.000000,1.000000,0.464369
no_capacity_floor,c6_r37.5m,6,37.500000,424,0.042333,0.030861,0.236027,0.177601,0.804484,0.006306,0.001000,1.000000,1.000000,0.195327
no_capacity_floor,c6_r37.5m,6,37.500000,416,-0.142857,0.024121,0.461627,0.550291,0.413847,0.000861,0.001000,1.000000,1.000000,0.346712
no_capacity_floor,c6_r37.5m,6,37.500000,417,0.059570,0.055406,0.447775,0.474703,0.641413,0.005444,0.001000,1.000000,1.000000,0.220585
no_capacity_floor,c6_r37.5m,6,37.500000,415,-0.016380,0.013270,0.323444,0.291161,0.422139,0.007278,0.001000,1.000000,1.000000,0.276068
no_capacity_floor,c6_r37.5m,6,37.500000,427,0.037698,0.037244,0.351528,0.517929,0.322214,0.003694,0.001000,1.000000,1.000000,0.450825
no_capacity_floor,c6_r37.5m,6,37.500000,425,0.049452,0.071786,0.597528,0.407541,0.608601,0.004472,0.001000,1.000000,1.000000,0.426151
no_capacity_floor,c6_r37.5m,6,37.500000,419,0.010093,0.015632,0.225435,0.219555,0.733663,0.002500,0.001000,1.000000,1.000000,0.352587
no_capacity_floor,c6_r37.5m,6,37.500000,420,0.024638,0.028669,0.462461,0.227061,0.348025,0.003833,0.001000,1.000000,1.000000,0.333977
no_capacity_floor,c6_r37.5m,6,37.500000,431,0.045062,0.048431,0.631960,0.135529,0.768384,0.004361,0.001000,1.000000,1.000000,0.142658
no_capacity_floor,c6_r37.5m,6,37.500000,422,0.074305,0.041236,0.429475,0.434269,0.611424,0.006417,0.001000,1.000000,1.000000,0.363635
no_capacity_floor,c6_r37.5m,6,37.500000,433,0.014639,0.047671,0.383611,0.372024,0.729796,0.005333,0.001000,1.000000,1.000000,0.347027
no_capacity_floor,c6_r37.5m,6,37.500000,423,0.005853,0.022949,0.314420,0.542878,0.681493,0.005028,0.001000,1.000000,1.000000,0.744780
no_capacity_floor,c6_r37.5m,6,37.500000,437,0.069255,0.044330,0.489230,0.373815,0.589101,0.004750,0.001000,1.000000,1.000000,0.309288
no_capacity_floor,c6_r37.5m,6,37.500000,438,0.094073,0.051277,0.161943,0.196796,0.282646,0.008278,0.001000,1.000000,1.000000,0.176674
no_capacity_floor,c6_r37.5m,6,37.500000,426,0.049048,0.040928,0.624210,0.523209,0.749969,0.007639,0.001000,1.000000,1.000000,0.558354
no_capacity_floor,c6_r37.5m,6,37.500000,428,0.027268,0.031908,0.403349,0.225332,0.758941,0.004000,0.001000,1.000000,1.000000,0.284369
no_capacity_floor,c6_r37.5m,6,37.500000,429,-0.016275,0.013005,0.222536,0.465912,0.532488,0.005694,0.001000,1.000000,1.000000,0.439407
no_capacity_floor,c6_r37.5m,6,37.500000,430,0.043889,0.028733,0.281214,0.243338,0.538118,0.005417,0.001000,1.000000,1.000000,0.243823
no_capacity_floor,c6_r37.5m,6,37.500000,441,0.054535,0.031605,0.652723,0.262965,0.513434,0.005500,0.001000,1.000000,1.000000,0.328160
no_capacity_floor,c6_r37.5m,6,37.500000,432,0.000000,0.035874,0.356256,0.533484,0.792222,0.002500,0.001000,1.000000,1.000000,0.474484
no_capacity_floor,c6_r37.5m,6,37.500000,443,0.070238,0.030601,0.344555,0.200243,0.743249,0.005028,0.001000,1.000000,1.000000,0.165185
no_capacity_floor,c6_r37.5m,6,37.500000,445,0.010386,0.018270,0.220603,0.448996,0.701728,0.006222,0.001000,1.000000,1.000000,0.422364
no_capacity_floor,c6_r37.5m,6,37.500000,434,0.001008,0.011325,0.253612,0.264368,0.807885,0.007722,0.001000,1.000000,1.000000,0.248977
no_capacity_floor,c6_r37.5m,6,37.500000,435,0.036012,0.030649,0.206553,0.398089,0.541299,0.003667,0.001000,1.000000,1.000000,0.427157
no_capacity_floor,c6_r37.5m,6,37.500000,436,-0.012829,0.017174,0.379372,0.631428,0.725401,0.005611,0.001000,1.000000,1.000000,0.748843
no_capacity_floor,c6_r37.5m,6,37.500000,446,0.089041,0.028470,0.309603,0.759625,0.624121,0.002444,0.001000,1.000000,1.000000,0.735958
no_capacity_floor,c6_r37.5m,6,37.500000,439,0.024929,0.033562,0.531885,0.287900,0.548568,0.004667,0.001000,1.000000,1.000000,0.279458
no_capacity_floor,c6_r37.5m,6,37.500000,440,0.010099,0.033410,0.368685,0.375854,0.690129,0.002833,0.001000,1.000000,1.000000,0.374020
no_capacity_floor,c6_r37.5m,6,37.500000,442,0.044952,0.028609,0.411512,0.700230,0.707420,0.006389,0.001000,1.000000,1.000000,0.643299
no_capacity_floor,c6_r75m,6,75.000000,401,0.058204,0.051513,0.457959,0.512062,0.398880,0.028333,0.001000,1.000000,1.000000,0.464158
no_capacity_floor,c6_r75m,6,75.000000,403,0.048387,0.048670,0.419022,0.551073,0.714654,0.003694,0.001000,1.000000,1.000000,0.692642
no_capacity_floor,c6_r37.5m,6,37.500000,444,0.020762,0.032270,0.333913,0.373416,0.469788,0.007861,0.001000,1.000000,1.000000,0.347549
no_capacity_floor,c6_r75m,6,75.000000,404,0.017099,0.059718,0.465039,0.478828,0.775478,0.005000,0.001000,1.000000,1.000000,0.632905
no_capacity_floor,c6_r37.5m,6,37.500000,447,-0.002678,0.036230,0.370224,0.208013,0.749919,0.004944,0.001000,1.000000,1.000000,0.128904
no_capacity_floor,c6_r37.5m,6,37.500000,448,-0.000373,0.016275,0.219401,0.326420,0.731569,0.002722,0.001000,1.000000,1.000000,0.332742
no_capacity_floor,c6_r75m,6,75.000000,408,0.007524,0.020805,0.186574,0.579849,0.665269,0.023194,0.001000,1.000000,1.000000,0.535127
no_capacity_floor,c6_r37.5m,6,37.500000,449,0.001468,0.017612,0.286187,0.650220,0.462638,0.004694,0.001000,1.000000,1.000000,0.521860
no_capacity_floor,c6_r75m,6,75.000000,400,0.034837,0.032204,0.272074,0.318955,0.383625,0.021111,0.001000,1.000000,1.000000,0.375087
no_capacity_floor,c6_r75m,6,75.000000,412,0.049228,0.042923,0.442708,0.674203,0.783513,0.008306,0.001000,1.000000,1.000000,0.643852
no_capacity_floor,c6_r75m,6,75.000000,413,0.043965,0.026627,0.196918,0.369203,0.773371,0.010472,0.001000,1.000000,1.000000,0.561567
no_capacity_floor,c6_r75m,6,75.000000,415,0.013043,0.019037,0.269966,0.571594,0.633067,0.018972,0.001000,1.000000,1.000000,0.496634
no_capacity_floor,c6_r75m,6,75.000000,402,0.064379,0.062987,0.381310,0.332417,0.438417,0.020278,0.001000,1.000000,1.000000,0.357689
no_capacity_floor,c6_r75m,6,75.000000,407,0.035969,0.040142,0.247241,0.131073,0.250126,0.018333,0.001000,1.000000,1.000000,0.163956
no_capacity_floor,c6_r75m,6,75.000000,418,0.053382,0.037955,0.496568,0.244621,0.335016,0.017500,0.001000,1.000000,1.000000,0.161117
no_capacity_floor,c6_r75m,6,75.000000,405,0.027977,0.047689,0.316841,0.444469,0.547251,0.020194,0.001000,1.000000,1.000000,0.396031
no_capacity_floor,c6_r75m,6,75.000000,406,0.020423,0.050395,0.367851,0.481690,0.547398,0.016278,0.001000,1.000000,1.000000,0.443356
no_capacity_floor,c6_r75m,6,75.000000,409,0.068365,0.068201,0.704408,0.376412,0.671649,0.011556,0.001000,1.000000,1.000000,0.353948
no_capacity_floor,c6_r75m,6,75.000000,410,0.049413,0.045336,0.341412,0.386811,0.709076,0.009833,0.001000,1.000000,1.000000,0.395598
no_capacity_floor,c6_r75m,6,75.000000,411,0.052009,0.059385,0.353886,0.342666,0.820912,0.010333,0.001000,1.000000,1.000000,0.239235
no_capacity_floor,c6_r75m,6,75.000000,421,0.053782,0.029503,0.744684,0.334377,0.544332,0.019611,0.001000,1.000000,1.000000,0.415516
no_capacity_floor,c6_r75m,6,75.000000,422,0.034481,0.034663,0.338703,0.327878,0.498105,0.021000,0.001000,1.000000,1.000000,0.348500
no_capacity_floor,c6_r75m,6,75.000000,423,0.031643,0.047886,0.287329,0.277620,0.533758,0.013611,0.001000,1.000000,1.000000,0.336006
no_capacity_floor,c6_r75m,6,75.000000,416,0.032175,0.044475,0.494090,0.463361,0.645825,0.014417,0.001000,1.000000,1.000000,0.371441
no_capacity_floor,c6_r75m,6,75.000000,426,0.050235,0.058481,0.575592,0.690060,0.758992,0.023222,0.001000,1.000000,1.000000,0.573150
no_capacity_floor,c6_r75m,6,75.000000,414,0.085828,0.070522,0.596782,0.550692,0.533044,0.024389,0.001000,1.000000,1.000000,0.521460
no_capacity_floor,c6_r75m,6,75.000000,417,0.051509,0.048843,0.448291,0.617052,0.731863,0.019139,0.001000,1.000000,1.000000,0.663238
no_capacity_floor,c6_r75m,6,75.000000,419,0.049016,0.058446,0.496906,0.173524,0.709165,0.022194,0.001000,1.000000,1.000000,0.167277
no_capacity_floor,c6_r75m,6,75.000000,420,0.030235,0.031461,0.291282,0.363587,0.522461,0.029222,0.001000,1.000000,1.000000,0.339068
no_capacity_floor,c6_r75m,6,75.000000,432,0.042133,0.044902,0.460442,0.369755,0.695641,0.022389,0.001000,1.000000,1.000000,0.299536
no_capacity_floor,c6_r75m,6,75.000000,434,0.059706,0.048574,0.342557,0.284123,0.568521,0.014417,0.001000,1.000000,1.000000,0.298844
no_capacity_floor,c6_r75m,6,75.000000,430,0.017927,0.010321,0.201389,0.717790,0.678857,0.028556,0.001000,1.000000,1.000000,0.675156
no_capacity_floor,c6_r75m,6,75.000000,436,0.048312,0.075271,0.489343,0.439937,0.325342,0.012528,0.001000,1.000000,1.000000,0.563168
no_capacity_floor,c6_r75m,6,75.000000,425,0.078916,0.062726,0.459206,0.383571,0.512100,0.007000,0.001000,1.000000,1.000000,0.316536
no_capacity_floor,c6_r75m,6,75.000000,424,0.051761,0.050622,0.581204,0.429509,0.777409,0.016694,0.001000,1.000000,1.000000,0.496739
no_capacity_floor,c6_r75m,6,75.000000,428,0.027102,0.052602,0.282586,0.420016,0.634473,0.011500,0.001000,1.000000,1.000000,0.323237
no_capacity_floor,c6_r75m,6,75.000000,427,0.072607,0.053369,0.472844,0.378637,0.734077,0.027611,0.001000,1.000000,1.000000,0.345467
no_capacity_floor,c6_r75m,6,75.000000,429,0.120785,0.084752,0.538943,0.397990,0.409354,0.015000,0.001000,1.000000,1.000000,0.338391
no_capacity_floor,c6_r75m,6,75.000000,431,0.030714,0.034866,0.261555,0.259269,0.753998,0.013278,0.001000,1.000000,1.000000,0.235114
no_capacity_floor,c6_r75m,6,75.000000,433,0.016604,0.016955,0.173668,0.206713,0.453469,0.019889,0.001000,1.000000,1.000000,0.195413
no_capacity_floor,c6_r75m,6,75.000000,441,0.030160,0.046875,0.240180,0.329494,0.649222,0.018389,0.001000,1.000000,1.000000,0.315743
no_capacity_floor,c6_r75m,6,75.000000,442,0.026381,0.058124,0.293568,0.205927,0.669282,0.012306,0.001000,1.000000,1.000000,0.266614
no_capacity_floor,c6_r75m,6,75.000000,443,0.076878,0.064204,0.725678,0.441673,0.874534,0.025028,0.001000,1.000000,1.000000,0.435381
no_capacity_floor,c6_r75m,6,75.000000,444,0.042425,0.035555,0.243249,0.364583,0.390642,0.022000,0.001000,1.000000,1.000000,0.419281
no_capacity_floor,c6_r75m,6,75.000000,435,0.023403,0.038902,0.321179,0.334942,0.552651,0.017778,0.001000,1.000000,1.000000,0.402269
no_capacity_floor,c6_r75m,6,75.000000,438,0.053748,0.041272,0.379799,0.389060,0.706404,0.012861,0.001000,1.000000,1.000000,0.352490
no_capacity_floor,c6_r75m,6,75.000000,437,0.014096,0.026362,0.299153,0.356300,0.466156,0.006250,0.001000,1.000000,1.000000,0.268615
no_capacity_floor,c6_r75m,6,75.000000,439,0.039871,0.035549,0.389972,0.619514,0.463236,0.016889,0.001000,1.000000,1.000000,0.657351
no_capacity_floor,c6_r75m,6,75.000000,440,0.044463,0.032603,0.347038,0.384878,0.446829,0.019083,0.001000,1.000000,1.000000,0.224247
no_capacity_floor,c6_r150m,6,150.000000,402,0.142242,0.134174,0.862370,0.878118,0.722305,0.046806,0.029020,0.766667,0.800000,0.814740
no_capacity_floor,c6_r150m,6,150.000000,405,0.040760,0.043702,0.198854,0.791670,0.657615,0.016083,0.008163,0.966667,0.986667,0.681947
no_capacity_floor,c6_r75m,6,75.000000,445,0.045292,0.045484,0.514061,0.408193,0.476375,0.015528,0.001000,1.000000,1.000000,0.431565
no_capacity_floor,c6_r75m,6,75.000000,447,0.033630,0.028248,0.217466,0.348341,0.728619,0.007167,0.001000,1.000000,1.000000,0.384810
no_capacity_floor,c6_r75m,6,75.000000,448,0.037669,0.039433,0.260468,0.434934,0.546674,0.006694,0.001000,1.000000,1.000000,0.424864
no_capacity_floor,c6_r75m,6,75.000000,446,0.101589,0.064837,0.515521,0.212849,0.509462,0.018222,0.001000,1.000000,1.000000,0.218949
no_capacity_floor,c6_r150m,6,150.000000,404,0.131047,0.123790,0.900392,0.919866,0.860223,0.088583,0.054908,0.683333,0.768333,0.881998
no_capacity_floor,c6_r75m,6,75.000000,449,0.080189,0.066380,0.314306,0.221941,0.701773,0.013417,0.001000,1.000000,1.000000,0.243572
no_capacity_floor,c6_r150m,6,150.000000,403,0.128873,0.122986,0.947254,0.923375,0.753724,0.089611,0.043560,0.800000,0.766667,0.895572
no_capacity_floor,c6_r150m,6,150.000000,401,0.162619,0.139493,0.942537,0.940147,0.213050,0.070333,0.063569,0.700000,0.786667,0.919518
no_capacity_floor,c6_r150m,6,150.000000,411,0.111874,0.114759,0.915330,0.913386,0.651912,0.056111,0.018358,0.850000,0.793333,0.907299
no_capacity_floor,c6_r150m,6,150.000000,407,0.121830,0.033565,0.226634,0.221975,0.783515,0.002167,0.001910,0.983333,0.988333,0.303497
no_capacity_floor,c6_r150m,6,150.000000,406,0.138647,0.122024,0.699594,0.895649,0.890949,0.058000,0.035272,0.750000,0.848333,0.755682
no_capacity_floor,c6_r150m,6,150.000000,412,0.111491,0.118157,0.949697,0.937375,0.907551,0.088444,0.021737,0.800000,0.810000,0.891874
no_capacity_floor,c6_r150m,6,150.000000,400,0.133617,0.126827,0.932266,0.949070,0.844486,0.061667,0.031469,0.766667,0.760000,0.930091
no_capacity_floor,c6_r150m,6,150.000000,408,0.147857,0.131920,0.931605,0.897363,0.527495,0.068944,0.047237,0.700000,0.818333,0.800199
no_capacity_floor,c6_r150m,6,150.000000,417,0.109292,0.120146,0.909775,0.943781,0.791793,0.084694,0.024119,0.833333,0.780000,0.896710
no_capacity_floor,c6_r150m,6,150.000000,419,0.106437,0.117834,0.919754,0.939579,0.938526,0.095806,0.032953,0.750000,0.766667,0.904339
no_capacity_floor,c6_r150m,6,150.000000,409,0.118690,0.110374,0.692877,0.865670,0.402165,0.063667,0.037051,0.783333,0.850000,0.862508
no_capacity_floor,c6_r150m,6,150.000000,410,0.091609,0.117662,0.836125,0.922585,0.621879,0.066583,0.031705,0.800000,0.790000,0.875357
no_capacity_floor,c6_r150m,6,150.000000,413,0.041065,0.044876,0.153359,0.369083,0.838461,0.053000,0.002294,0.983333,0.985000,0.246139
no_capacity_floor,c6_r150m,6,150.000000,421,0.093996,0.080990,0.638727,0.884368,0.863097,0.068889,0.020728,0.850000,0.866667,0.889718
no_capacity_floor,c6_r150m,6,150.000000,424,0.135096,0.127740,0.845824,0.914447,0.807731,0.053833,0.030537,0.800000,0.811667,0.886857
no_capacity_floor,c6_r150m,6,150.000000,414,0.105941,0.131869,0.845465,0.943816,0.275914,0.076306,0.032094,0.816667,0.805000,0.927140
no_capacity_floor,c6_r150m,6,150.000000,418,0.104849,0.110227,0.855230,0.928141,0.615686,0.068917,0.036256,0.783333,0.828333,0.914722
no_capacity_floor,c6_r150m,6,150.000000,416,0.123020,0.138166,0.871545,0.921593,0.576771,0.066361,0.029107,0.783333,0.756667,0.880996
no_capacity_floor,c6_r150m,6,150.000000,415,0.122702,0.113678,0.890113,0.958049,0.373315,0.094139,0.034111,0.800000,0.803333,0.919405
no_capacity_floor,c6_r150m,6,150.000000,427,0.127841,0.115165,0.830991,0.935765,0.927586,0.098444,0.042743,0.716667,0.773333,0.904377
no_capacity_floor,c6_r150m,6,150.000000,428,0.110544,0.123942,0.913847,0.853851,0.881016,0.058194,0.026848,0.850000,0.806667,0.868943
no_capacity_floor,c6_r150m,6,150.000000,420,0.158359,0.129923,0.905172,0.794453,0.697112,0.037556,0.033251,0.750000,0.803333,0.833386
no_capacity_floor,c6_r150m,6,150.000000,433,0.104627,0.107019,0.795903,0.923825,0.819873,0.039750,0.019483,0.850000,0.851667,0.924530
no_capacity_floor,c6_r150m,6,150.000000,432,0.111850,0.120811,0.911340,0.924971,0.881030,0.081750,0.052644,0.716667,0.788333,0.886231
no_capacity_floor,c6_r150m,6,150.000000,423,0.150773,0.129891,0.912606,0.900622,0.325514,0.079417,0.043978,0.733333,0.785000,0.921685
no_capacity_floor,c6_r150m,6,150.000000,422,0.138014,0.120199,0.888750,0.828284,0.466991,0.098917,0.063326,0.733333,0.786667,0.847197
no_capacity_floor,c6_r150m,6,150.000000,426,0.116371,0.141813,0.870986,0.912712,0.464353,0.070083,0.032627,0.783333,0.791667,0.883417
no_capacity_floor,c6_r150m,6,150.000000,425,0.100938,0.127813,0.809912,0.912033,0.924017,0.094361,0.036510,0.750000,0.736667,0.914661
no_capacity_floor,c6_r150m,6,150.000000,429,0.121681,0.112243,0.769463,0.893730,0.635419,0.059472,0.027933,0.816667,0.863333,0.771218
no_capacity_floor,c6_r150m,6,150.000000,438,0.128592,0.114427,0.867599,0.871224,0.668194,0.065556,0.061249,0.666667,0.788333,0.906594
no_capacity_floor,c6_r150m,6,150.000000,430,0.136929,0.147933,0.773651,0.906046,0.175420,0.067278,0.013695,0.866667,0.881667,0.783739
no_capacity_floor,c6_r150m,6,150.000000,441,0.156818,0.076652,0.100988,0.062734,0.657187,0.002222,0.003454,0.983333,0.983333,0.099820
no_capacity_floor,c6_r150m,6,150.000000,439,0.127344,0.119314,0.921076,0.928471,0.786872,0.087472,0.033897,0.733333,0.790000,0.907688
no_capacity_floor,c6_r150m,6,150.000000,431,0.121864,0.121087,0.897880,0.942330,0.799577,0.077694,0.050897,0.750000,0.765000,0.917712
no_capacity_floor,c6_r150m,6,150.000000,442,0.099207,0.107869,0.829392,0.892406,0.926207,0.081750,0.031640,0.816667,0.808333,0.921494
no_capacity_floor,c6_r150m,6,150.000000,434,0.113140,0.127527,0.857809,0.916361,0.712497,0.074528,0.023594,0.850000,0.753333,0.917572
no_capacity_floor,c6_r150m,6,150.000000,436,0.132659,0.129760,0.859959,0.924854,0.523754,0.062167,0.028968,0.766667,0.826667,0.861060
no_capacity_floor,c6_r150m,6,150.000000,435,0.111206,0.130637,0.778780,0.891179,0.442268,0.071667,0.021139,0.816667,0.800000,0.887098
no_capacity_floor,c6_r150m,6,150.000000,448,0.103340,0.116144,0.832193,0.916834,0.934895,0.089778,0.016302,0.850000,0.803333,0.892809
no_capacity_floor,c6_r150m,6,150.000000,437,0.135311,0.124693,0.930892,0.941988,0.369083,0.075000,0.057736,0.650000,0.805000,0.910430
no_capacity_floor,c6_r150m,6,150.000000,440,0.095062,0.118289,0.932945,0.892230,0.689600,0.090389,0.020206,0.866667,0.788333,0.912711
no_capacity_floor,c6_r300m,6,300.000000,400,0.182484,0.181762,0.814760,0.872488,0.728139,0.196917,1.121727,0.000000,0.000000,0.825055
no_capacity_floor,c6_r300m,6,300.000000,401,0.202682,0.182822,0.863704,0.882211,0.675393,0.199917,1.160752,0.000000,0.001667,0.850374
no_capacity_floor,c6_r150m,6,150.000000,443,0.115941,0.112912,0.852514,0.956207,0.797357,0.072056,0.042658,0.750000,0.796667,0.918003
no_capacity_floor,c6_r150m,6,150.000000,449,0.129393,0.112771,0.744155,0.916669,0.285995,0.055000,0.010928,0.866667,0.855000,0.902706
no_capacity_floor,c6_r150m,6,150.000000,444,0.127199,0.114149,0.946082,0.882392,0.830707,0.087611,0.027713,0.816667,0.790000,0.901943
no_capacity_floor,c6_r150m,6,150.000000,445,0.141967,0.123402,0.912138,0.941690,0.782959,0.051361,0.027757,0.783333,0.786667,0.924990
no_capacity_floor,c6_r150m,6,150.000000,447,0.101591,0.109056,0.790330,0.918600,0.847074,0.062778,0.038160,0.800000,0.791667,0.913952
no_capacity_floor,c6_r150m,6,150.000000,446,0.091646,0.117240,0.888755,0.874749,0.859882,0.080500,0.025280,0.816667,0.795000,0.884686
no_capacity_floor,c6_r300m,6,300.000000,403,0.186754,0.176203,0.859963,0.897887,0.642352,0.200250,1.181554,0.000000,0.001667,0.858033
no_capacity_floor,c6_r300m,6,300.000000,407,0.178159,0.189773,0.885600,0.798518,0.597985,0.195639,1.118144,0.000000,0.001667,0.770113
no_capacity_floor,c6_r300m,6,300.000000,410,0.173575,0.184262,0.720678,0.896910,0.752821,0.191250,1.063368,0.000000,0.000000,0.845723
no_capacity_floor,c6_r300m,6,300.000000,411,0.188607,0.189496,0.876955,0.928561,0.836306,0.205528,1.242639,0.000000,0.000000,0.882625
no_capacity_floor,c6_r300m,6,300.000000,402,0.165534,0.183338,0.860940,0.844979,0.681612,0.186972,0.990944,0.000000,0.001667,0.854573
no_capacity_floor,c6_r300m,6,300.000000,406,0.172443,0.180234,0.804817,0.915517,0.550449,0.196500,1.120770,0.000000,0.000000,0.856861
no_capacity_floor,c6_r300m,6,300.000000,418,0.181948,0.183811,0.862169,0.835525,0.421954,0.176583,0.959381,0.000000,0.001667,0.862074
no_capacity_floor,c6_r300m,6,300.000000,404,0.180782,0.185237,0.849841,0.871324,0.681231,0.197472,1.086662,0.000000,0.001667,0.883949
no_capacity_floor,c6_r300m,6,300.000000,405,0.179191,0.180513,0.851742,0.898944,0.727209,0.201389,1.149827,0.000000,0.001667,0.878654
no_capacity_floor,c6_r300m,6,300.000000,408,0.176648,0.177634,0.845882,0.887226,0.747170,0.194806,1.103424,0.000000,0.001667,0.870790
no_capacity_floor,c6_r300m,6,300.000000,409,0.169468,0.174892,0.793878,0.913424,0.824342,0.203694,1.201381,0.000000,0.001667,0.872135
no_capacity_floor,c6_r300m,6,300.000000,412,0.172975,0.175699,0.764262,0.861400,0.784087,0.196389,1.130837,0.000000,0.000000,0.871011
no_capacity_floor,c6_r300m,6,300.000000,413,0.164409,0.170056,0.812001,0.891183,0.803271,0.201972,1.154636,0.000000,0.000000,0.855998
no_capacity_floor,c6_r300m,6,300.000000,420,0.189331,0.176838,0.872723,0.887494,0.793726,0.191667,1.117940,0.000000,0.001667,0.885590
no_capacity_floor,c6_r300m,6,300.000000,414,0.176075,0.178357,0.784259,0.876107,0.765959,0.196222,1.120388,0.000000,0.000000,0.848215
no_capacity_floor,c6_r300m,6,300.000000,421,0.181504,0.189606,0.869886,0.821776,0.851798,0.198000,1.119030,0.000000,0.003333,0.826854
no_capacity_floor,c6_r300m,6,300.000000,417,0.193125,0.186779,0.896972,0.857169,0.788614,0.199139,1.169922,0.000000,0.000000,0.870211
no_capacity_floor,c6_r300m,6,300.000000,416,0.182529,0.183204,0.846771,0.888675,0.889695,0.195889,1.140192,0.000000,0.001667,0.855867
no_capacity_floor,c6_r300m,6,300.000000,415,0.186517,0.186488,0.900666,0.904565,0.686818,0.201417,1.164065,0.000000,0.001667,0.888030
no_capacity_floor,c6_r300m,6,300.000000,424,0.189644,0.171256,0.745380,0.809403,0.646883,0.190472,1.086363,0.000000,0.003333,0.830179
no_capacity_floor,c6_r300m,6,300.000000,419,0.153409,0.162559,0.776355,0.888385,0.587340,0.194139,1.127411,0.016667,0.008333,0.883583
no_capacity_floor,c6_r300m,6,300.000000,431,0.184111,0.180450,0.839348,0.877669,0.539806,0.205139,1.195534,0.000000,0.001667,0.862864
no_capacity_floor,c6_r300m,6,300.000000,433,0.207342,0.192189,0.864076,0.787282,0.792394,0.188444,1.044926,0.000000,0.000000,0.811983
no_capacity_floor,c6_r300m,6,300.000000,422,0.163093,0.175007,0.781734,0.871755,0.802753,0.198222,1.111781,0.000000,0.001667,0.863966
no_capacity_floor,c6_r300m,6,300.000000,423,0.167024,0.177504,0.779706,0.818963,0.407278,0.193639,1.062222,0.000000,0.003333,0.823954
no_capacity_floor,c6_r300m,6,300.000000,425,0.198385,0.183339,0.876698,0.909591,0.666400,0.201556,1.162835,0.016667,0.001667,0.883905
no_capacity_floor,c6_r300m,6,300.000000,437,0.203130,0.185234,0.846247,0.899996,0.709843,0.201917,1.212182,0.000000,0.000000,0.881133
no_capacity_floor,c6_r300m,6,300.000000,426,0.182676,0.186380,0.819752,0.846342,0.670223,0.205639,1.218223,0.000000,0.001667,0.849043
no_capacity_floor,c6_r300m,6,300.000000,427,0.177285,0.170991,0.722098,0.876467,0.555874,0.200250,1.166933,0.000000,0.001667,0.880949
no_capacity_floor,c6_r300m,6,300.000000,428,0.170546,0.185738,0.816266,0.890196,0.673538,0.188944,1.053405,0.000000,0.000000,0.859950
no_capacity_floor,c6_r300m,6,300.000000,429,0.186439,0.181190,0.891020,0.914843,0.810288,0.201694,1.168741,0.000000,0.000000,0.891462
no_capacity_floor,c6_r300m,6,300.000000,430,0.194934,0.194528,0.908600,0.869915,0.481698,0.190194,1.062582,0.016667,0.008333,0.856369
no_capacity_floor,c6_r300m,6,300.000000,439,0.173868,0.173134,0.860330,0.866388,0.461393,0.196806,1.092297,0.000000,0.003333,0.877168
no_capacity_floor,c6_r300m,6,300.000000,432,0.177770,0.178581,0.803970,0.887677,0.725131,0.193806,1.123827,0.000000,0.000000,0.877721
no_capacity_floor,c6_r300m,6,300.000000,434,0.175942,0.180249,0.870233,0.834506,0.730404,0.189806,1.061418,0.000000,0.001667,0.851063
no_capacity_floor,c6_r300m,6,300.000000,440,0.180928,0.169477,0.900161,0.807250,0.657856,0.191972,1.073549,0.000000,0.000000,0.819759
no_capacity_floor,c6_r300m,6,300.000000,435,0.184560,0.191206,0.828703,0.912960,0.640555,0.187861,1.100741,0.016667,0.001667,0.885701
no_capacity_floor,c6_r300m,6,300.000000,436,0.180392,0.181817,0.850529,0.849477,0.546898,0.188444,1.071207,0.000000,0.001667,0.860137
no_capacity_floor,c6_r300m,6,300.000000,444,0.188901,0.191972,0.840530,0.874362,0.675164,0.194500,1.116742,0.000000,0.000000,0.881656
no_capacity_floor,c6_r300m,6,300.000000,438,0.178919,0.165831,0.813435,0.892991,0.619432,0.194833,1.127147,0.000000,0.006667,0.882288
no_capacity_floor,c6_r300m,6,300.000000,441,0.197157,0.183947,0.820250,0.762891,0.661398,0.180167,0.992960,0.000000,0.001667,0.787407
no_capacity_floor,c6_r300m,6,300.000000,442,0.167365,0.179523,0.724671,0.884000,0.592001,0.194472,1.109650,0.000000,0.000000,0.843035
no_capacity_floor,c6_r600m,6,600.000000,400,0.215888,0.201493,0.743010,0.865587,0.850311,0.385917,3.505903,0.000000,0.000000,0.831997
no_capacity_floor,c6_r300m,6,300.000000,443,0.173268,0.173478,0.905592,0.928392,0.833493,0.197528,1.176727,0.000000,0.000000,0.880720
no_capacity_floor,c6_r600m,6,600.000000,403,0.230258,0.220455,0.756298,0.835805,0.532060,0.403083,3.646691,0.000000,0.000000,0.784477
no_capacity_floor,c6_r300m,6,300.000000,446,0.188001,0.192085,0.840541,0.892273,0.434190,0.208778,1.266858,0.000000,0.005000,0.876581
no_capacity_floor,c6_r300m,6,300.000000,445,0.181598,0.186807,0.847922,0.893729,0.663563,0.196028,1.124729,0.016667,0.003333,0.859643
no_capacity_floor,c6_r600m,6,600.000000,406,0.191957,0.194651,0.591244,0.717252,0.476385,0.368278,3.270522,0.000000,0.000000,0.670427
no_capacity_floor,c6_r300m,6,300.000000,447,0.156349,0.173175,0.802517,0.840556,0.781744,0.203056,1.163640,0.000000,0.001667,0.853077
no_capacity_floor,c6_r300m,6,300.000000,449,0.178091,0.186415,0.834678,0.873053,0.594248,0.195639,1.153247,0.000000,0.000000,0.846307
no_capacity_floor,c6_r300m,6,300.000000,448,0.157768,0.176849,0.822062,0.873009,0.492777,0.190750,1.056177,0.000000,0.001667,0.873530
no_capacity_floor,c6_r600m,6,600.000000,401,0.195378,0.218733,0.640142,0.805486,0.839952,0.374778,3.338888,0.000000,0.000000,0.693549
no_capacity_floor,c6_r600m,6,600.000000,410,0.233214,0.216467,0.815266,0.865251,0.651118,0.404639,3.726964,0.000000,0.000000,0.846150
no_capacity_floor,c6_r600m,6,600.000000,412,0.190473,0.185446,0.635609,0.860127,0.469465,0.392194,3.545522,0.000000,0.000000,0.761160
no_capacity_floor,c6_r600m,6,600.000000,402,0.223798,0.207684,0.774607,0.875309,0.568418,0.390028,3.527139,0.000000,0.000000,0.843771
no_capacity_floor,c6_r600m,6,600.000000,404,0.203942,0.186279,0.758053,0.810098,0.573307,0.377111,3.361978,0.000000,0.000000,0.805013
no_capacity_floor,c6_r600m,6,600.000000,405,0.239604,0.227550,0.822332,0.807689,0.655421,0.398444,3.589408,0.000000,0.000000,0.716745
no_capacity_floor,c6_r600m,6,600.000000,415,0.222109,0.214914,0.689395,0.757915,0.823221,0.382333,3.414085,0.000000,0.000000,0.688868
no_capacity_floor,c6_r600m,6,600.000000,407,0.204842,0.191581,0.705929,0.758716,0.758603,0.375806,3.365757,0.000000,0.000000,0.769350
no_capacity_floor,c6_r600m,6,600.000000,417,0.220308,0.233955,0.809241,0.844667,0.855307,0.401944,3.656108,0.000000,0.000000,0.793914
no_capacity_floor,c6_r600m,6,600.000000,409,0.197817,0.198643,0.688056,0.786413,0.717589,0.384222,3.463549,0.000000,0.000000,0.747158
no_capacity_floor,c6_r600m,6,600.000000,408,0.222883,0.207125,0.704233,0.841794,0.861139,0.383167,3.426222,0.000000,0.000000,0.835512
no_capacity_floor,c6_r600m,6,600.000000,413,0.223071,0.211050,0.721625,0.758348,0.684840,0.366167,3.315100,0.000000,0.000000,0.802884
no_capacity_floor,c6_r600m,6,600.000000,411,0.215588,0.221501,0.774157,0.763905,0.683757,0.393528,3.545139,0.000000,0.000000,0.778956
no_capacity_floor,c6_r600m,6,600.000000,421,0.204912,0.218912,0.778311,0.752098,0.757769,0.388583,3.493475,0.000000,0.000000,0.739072
no_capacity_floor,c6_r600m,6,600.000000,420,0.225171,0.221611,0.825008,0.850958,0.526755,0.388639,3.526669,0.000000,0.000000,0.833218
no_capacity_floor,c6_r600m,6,600.000000,414,0.191531,0.207726,0.741869,0.888481,0.779806,0.405278,3.693068,0.000000,0.000000,0.829897
no_capacity_floor,c6_r600m,6,600.000000,418,0.216546,0.207350,0.777854,0.808538,0.790472,0.387528,3.490748,0.000000,0.000000,0.811955
no_capacity_floor,c6_r600m,6,600.000000,425,0.241589,0.216040,0.867194,0.900192,0.799113,0.426861,3.938474,0.000000,0.000000,0.846210
no_capacity_floor,c6_r600m,6,600.000000,427,0.215883,0.199761,0.642433,0.806517,0.686895,0.390889,3.521161,0.000000,0.000000,0.818224
no_capacity_floor,c6_r600m,6,600.000000,416,0.228667,0.223663,0.870954,0.823580,0.496256,0.403944,3.664094,0.000000,0.000000,0.881214
no_capacity_floor,c6_r600m,6,600.000000,419,0.228003,0.220858,0.857960,0.799657,0.812093,0.391750,3.519585,0.000000,0.000000,0.850921
no_capacity_floor,c6_r600m,6,600.000000,422,0.227553,0.222326,0.737347,0.705022,0.834013,0.372000,3.332275,0.000000,0.000000,0.795150
no_capacity_floor,c6_r600m,6,600.000000,432,0.198834,0.167057,0.622163,0.905488,0.398028,0.374306,3.342564,0.000000,0.000000,0.853446
no_capacity_floor,c6_r600m,6,600.000000,426,0.206273,0.219824,0.683330,0.754140,0.625683,0.387667,3.466360,0.000000,0.000000,0.699020
no_capacity_floor,c6_r600m,6,600.000000,424,0.221838,0.213412,0.780293,0.855796,0.758235,0.403111,3.624171,0.000000,0.000000,0.818768
no_capacity_floor,c6_r600m,6,600.000000,423,0.237579,0.228207,0.798544,0.876953,0.574284,0.410417,3.752333,0.000000,0.000000,0.850168
no_capacity_floor,c6_r600m,6,600.000000,433,0.226015,0.235826,0.797886,0.820166,0.769753,0.399778,3.597729,0.000000,0.000000,0.801236
no_capacity_floor,c6_r600m,6,600.000000,436,0.254518,0.234314,0.882041,0.789273,0.701758,0.404611,3.637643,0.000000,0.000000,0.780390
no_capacity_floor,c6_r600m,6,600.000000,437,0.224615,0.216004,0.754982,0.821778,0.734627,0.402556,3.661674,0.000000,0.000000,0.846501
no_capacity_floor,c6_r600m,6,600.000000,428,0.215010,0.192484,0.697682,0.859998,0.651909,0.378944,3.405493,0.000000,0.000000,0.872454
no_capacity_floor,c6_r600m,6,600.000000,430,0.192587,0.190766,0.604012,0.827823,0.695791,0.378972,3.428958,0.000000,0.000000,0.792336
no_capacity_floor,c6_r600m,6,600.000000,429,0.218311,0.217284,0.744321,0.830159,0.794044,0.386194,3.440559,0.000000,0.000000,0.857721
no_capacity_floor,c6_r600m,6,600.000000,431,0.190879,0.212438,0.608765,0.852494,0.687657,0.375472,3.367003,0.000000,0.000000,0.839211
no_capacity_floor,c6_r600m,6,600.000000,441,0.218917,0.215906,0.832220,0.822287,0.722836,0.364389,3.288230,0.000000,0.000000,0.827992
no_capacity_floor,c6_r600m,6,600.000000,434,0.220819,0.213107,0.792822,0.824430,0.613290,0.386917,3.515821,0.000000,0.000000,0.796643
no_capacity_floor,c6_r600m,6,600.000000,435,0.228228,0.224559,0.861195,0.830376,0.784516,0.401250,3.667358,0.000000,0.000000,0.859329
no_capacity_floor,c6_r600m,6,600.000000,447,0.218039,0.228846,0.836517,0.745967,0.466084,0.377722,3.394403,0.000000,0.000000,0.680495
no_capacity_floor,c8_r15m,8,15.000000,402,0.000000,0.016667,0.286347,0.460067,0.683635,0.000583,0.001000,1.000000,1.000000,0.285017
no_capacity_floor,c8_r15m,8,15.000000,400,-0.111111,0.088889,0.480915,0.385111,0.463623,0.000750,0.001000,1.000000,1.000000,0.342045
no_capacity_floor,c6_r600m,6,600.000000,438,0.208962,0.205417,0.798236,0.849384,0.777331,0.395583,3.619610,0.000000,0.000000,0.807327
no_capacity_floor,c8_r15m,8,15.000000,401,0.000000,0.008333,0.245135,0.641742,0.421089,0.000333,0.001000,1.000000,1.000000,0.369144
no_capacity_floor,c6_r600m,6,600.000000,439,0.158249,0.160518,0.560218,0.868373,0.572666,0.368222,3.288580,0.000000,0.000000,0.840334
no_capacity_floor,c8_r15m,8,15.000000,405,0.000000,0.100641,0.404925,0.184360,0.653454,0.000722,0.001000,1.000000,1.000000,0.162626
no_capacity_floor,c8_r15m,8,15.000000,406,0.000000,0.012127,0.510069,0.397969,0.721064,0.000917,0.001000,1.000000,1.000000,0.485755
no_capacity_floor,c8_r15m,8,15.000000,403,0.000000,-0.020000,0.310089,0.265611,0.696722,0.000389,0.001000,1.000000,1.000000,0.026863
no_capacity_floor,c6_r600m,6,600.000000,442,0.203553,0.206012,0.791280,0.871685,0.554427,0.395917,3.623387,0.000000,0.000000,0.818947
no_capacity_floor,c6_r600m,6,600.000000,445,0.223173,0.226433,0.830894,0.856127,0.805471,0.395583,3.578541,0.000000,0.000000,0.826215
no_capacity_floor,c6_r600m,6,600.000000,440,0.187484,0.186244,0.587684,0.779299,0.530841,0.362472,3.209429,0.000000,0.000000,0.777804
no_capacity_floor,c8_r15m,8,15.000000,404,0.000000,0.014737,0.204098,0.310527,0.781030,0.000500,0.001000,1.000000,1.000000,0.278291
no_capacity_floor,c8_r15m,8,15.000000,411,0.000000,0.009724,0.547907,0.213242,0.726952,0.000667,0.001000,1.000000,1.000000,0.458258
no_capacity_floor,c6_r600m,6,600.000000,446,0.214603,0.220428,0.738389,0.815158,0.796699,0.374861,3.447772,0.000000,0.000000,0.844657
no_capacity_floor,c8_r15m,8,15.000000,407,0.000000,0.033333,0.302233,0.359645,0.449056,0.000778,0.001000,1.000000,1.000000,0.135980
no_capacity_floor,c8_r15m,8,15.000000,409,0.000000,0.040000,0.390904,0.263814,0.450782,0.000472,0.001000,1.000000,1.000000,0.247619
no_capacity_floor,c8_r15m,8,15.000000,412,0.000000,0.016667,0.493309,0.311886,0.653590,0.000917,0.001000,1.000000,1.000000,0.409315
no_capacity_floor,c8_r15m,8,15.000000,413,0.000000,-0.016667,0.675656,0.157042,0.719954,0.000333,0.001000,1.000000,1.000000,0.125311
no_capacity_floor,c8_r15m,8,15.000000,408,0.000000,0.012038,0.271946,0.559201,0.760853,0.000750,0.001000,1.000000,1.000000,0.574242
no_capacity_floor,c6_r600m,6,600.000000,443,0.194459,0.196454,0.589811,0.814682,0.609800,0.363722,3.301124,0.000000,0.000000,0.794329
no_capacity_floor,c6_r600m,6,600.000000,444,0.220228,0.230260,0.751359,0.815062,0.839464,0.394056,3.542647,0.000000,0.000000,0.812642
no_capacity_floor,c8_r15m,8,15.000000,415,0.000000,0.000000,0.354969,0.325038,0.682839,0.000333,0.001000,1.000000,1.000000,0.101865
no_capacity_floor,c6_r600m,6,600.000000,448,0.235209,0.220953,0.729625,0.788044,0.593851,0.380194,3.459357,0.000000,0.000000,0.788577
no_capacity_floor,c8_r15m,8,15.000000,410,0.000000,0.021429,0.338538,0.359233,0.701900,0.000194,0.001000,1.000000,1.000000,0.235597
no_capacity_floor,c8_r15m,8,15.000000,418,0.125000,0.022500,0.316757,0.395062,0.591790,0.000444,0.001000,1.000000,1.000000,0.619719
no_capacity_floor,c8_r15m,8,15.000000,422,0.000000,-0.023810,0.568733,0.455468,0.650676,0.000333,0.001000,1.000000,1.000000,0.154762
no_capacity_floor,c8_r15m,8,15.000000,423,0.000000,0.088889,0.255470,0.137078,0.473654,0.000861,0.001000,1.000000,1.000000,0.082424
no_capacity_floor,c8_r15m,8,15.000000,414,0.000000,-0.007143,0.200344,0.289723,0.579142,0.000500,0.001000,1.000000,1.000000,0.260139
no_capacity_floor,c8_r15m,8,15.000000,416,0.000000,-0.008333,0.386038,0.240246,0.626709,0.000694,0.001000,1.000000,1.000000,0.303758
no_capacity_floor,c8_r15m,8,15.000000,427,0.000000,0.010000,0.457356,0.523557,0.749894,0.000361,0.001000,1.000000,1.000000,0.487772
no_capacity_floor,c8_r15m,8,15.000000,428,0.000000,-0.010000,0.336542,0.479044,0.405101,0.000944,0.001000,1.000000,1.000000,0.170090
no_capacity_floor,c8_r15m,8,15.000000,417,0.000000,0.000000,0.304513,0.310043,0.693748,0.000444,0.001000,1.000000,1.000000,0.354146
no_capacity_floor,c8_r15m,8,15.000000,430,0.000000,0.000000,0.192734,0.301507,0.684496,0.000306,0.001000,1.000000,1.000000,0.339946
no_capacity_floor,c6_r600m,6,600.000000,449,0.211227,0.230877,0.763145,0.842942,0.513691,0.376889,3.455696,0.000000,0.000000,0.847502
no_capacity_floor,c8_r15m,8,15.000000,431,0.000000,0.000000,0.484881,0.190790,0.385032,0.000889,0.001000,1.000000,1.000000,0.184652
no_capacity_floor,c8_r15m,8,15.000000,419,0.000000,0.028889,0.372414,0.537016,0.857455,0.000583,0.001000,1.000000,1.000000,0.310517
no_capacity_floor,c8_r15m,8,15.000000,420,0.000000,0.012500,0.373052,0.708604,0.370533,0.000194,0.001000,1.000000,1.000000,0.233333
no_capacity_floor,c8_r15m,8,15.000000,432,0.000000,0.009091,0.555472,0.494034,0.518251,0.000528,0.001000,1.000000,1.000000,0.205006
no_capacity_floor,c8_r15m,8,15.000000,421,0.000000,0.000000,0.326740,0.650793,0.497598,0.000528,0.001000,1.000000,1.000000,0.432156
no_capacity_floor,c8_r15m,8,15.000000,424,0.000000,0.007692,0.317705,0.350098,0.410467,0.000083,0.001000,1.000000,1.000000,0.196494
no_capacity_floor,c8_r15m,8,15.000000,425,0.000000,0.000000,0.357680,0.373208,0.432798,0.000361,0.001000,1.000000,1.000000,0.123963
no_capacity_floor,c8_r15m,8,15.000000,426,0.000000,0.000000,0.460644,0.440477,0.518097,0.000611,0.001000,1.000000,1.000000,0.425032
no_capacity_floor,c8_r15m,8,15.000000,435,0.166667,0.036667,0.411232,0.439549,0.815614,0.000472,0.001000,1.000000,1.000000,0.278167
no_capacity_floor,c8_r15m,8,15.000000,436,0.000000,-0.016667,0.261510,0.224043,0.486435,0.000556,0.001000,1.000000,1.000000,0.118023
no_capacity_floor,c8_r15m,8,15.000000,438,0.000000,0.018382,0.300020,0.626922,0.717089,0.000917,0.001000,1.000000,1.000000,0.729648
no_capacity_floor,c8_r15m,8,15.000000,429,-0.153846,0.042114,0.450343,0.244077,0.822203,0.000861,0.001000,1.000000,1.000000,0.237520
no_capacity_floor,c8_r15m,8,15.000000,440,0.000000,0.000000,0.472877,0.341708,0.627461,0.000250,0.001000,1.000000,1.000000,0.349879
no_capacity_floor,c8_r15m,8,15.000000,443,0.500000,0.072222,0.261074,0.290862,0.526336,0.000611,0.001000,1.000000,1.000000,0.194519
no_capacity_floor,c8_r15m,8,15.000000,433,0.000000,0.038889,0.446968,0.420355,0.496669,0.000361,0.001000,1.000000,1.000000,0.351039
no_capacity_floor,c8_r15m,8,15.000000,434,0.000000,0.015229,0.169700,0.298081,0.545849,0.000528,0.001000,1.000000,1.000000,0.315022
no_capacity_floor,c8_r15m,8,15.000000,448,-0.052632,-0.036406,0.274928,0.189114,0.496831,0.000889,0.001000,1.000000,1.000000,0.138222
no_capacity_floor,c8_r15m,8,15.000000,449,-0.083333,0.011667,0.359928,0.227616,0.457682,0.000556,0.001000,1.000000,1.000000,0.117172
no_capacity_floor,c8_r15m,8,15.000000,437,0.000000,0.017222,0.652386,0.647910,0.749194,0.000528,0.001000,1.000000,1.000000,0.296942
no_capacity_floor,c8_r15m,8,15.000000,439,0.000000,0.110526,0.379346,0.297550,0.765667,0.000833,0.001000,1.000000,1.000000,0.334904
no_capacity_floor,c8_r15m,8,15.000000,441,0.000000,0.000000,0.337430,0.279952,0.542275,0.000222,0.001000,1.000000,1.000000,0.279234
no_capacity_floor,c8_r15m,8,15.000000,442,0.000000,0.011111,0.627872,0.286957,0.833705,0.000222,0.001000,1.000000,1.000000,0.145146
no_capacity_floor,c8_r37.5m,8,37.500000,402,0.039022,0.021729,0.361588,0.200732,0.476334,0.005944,0.001000,1.000000,1.000000,0.129656
no_capacity_floor,c8_r37.5m,8,37.500000,400,0.026450,0.041262,0.314104,0.326650,0.406158,0.004278,0.001000,1.000000,1.000000,0.324402
no_capacity_floor,c8_r15m,8,15.000000,444,0.000000,0.018500,0.373149,0.351340,0.627679,0.000917,0.001000,1.000000,1.000000,0.320682
no_capacity_floor,c8_r15m,8,15.000000,445,0.125000,0.000000,0.286520,0.141959,0.748122,0.000611,0.001000,1.000000,1.000000,0.064635
no_capacity_floor,c8_r15m,8,15.000000,446,0.000000,-0.009821,0.477409,0.448621,0.683973,0.000583,0.001000,1.000000,1.000000,0.279126
no_capacity_floor,c8_r15m,8,15.000000,447,0.000000,-0.025000,0.687793,0.652459,0.801378,0.000306,0.001000,1.000000,1.000000,0.243056
no_capacity_floor,c8_r37.5m,8,37.500000,406,0.036121,0.034935,0.271369,0.340009,0.554602,0.010167,0.001000,1.000000,1.000000,0.374700
no_capacity_floor,c8_r37.5m,8,37.500000,407,0.013781,0.029677,0.195962,0.510434,0.333042,0.005917,0.001000,1.000000,1.000000,0.580985
no_capacity_floor,c8_r37.5m,8,37.500000,403,-0.013149,0.024180,0.132255,0.343472,0.566931,0.008833,0.001000,1.000000,1.000000,0.279482
no_capacity_floor,c8_r37.5m,8,37.500000,401,0.029987,0.038111,0.240221,0.227119,0.617064,0.007778,0.001000,1.000000,1.000000,0.319154
no_capacity_floor,c8_r37.5m,8,37.500000,412,0.048688,0.025330,0.195171,0.509480,0.562642,0.009806,0.001000,1.000000,1.000000,0.366574
no_capacity_floor,c8_r37.5m,8,37.500000,413,-0.041096,0.032593,0.224588,0.420068,0.374296,0.004306,0.001000,1.000000,1.000000,0.173467
no_capacity_floor,c8_r37.5m,8,37.500000,416,-0.000584,0.016505,0.248866,0.247041,0.778703,0.003639,0.001000,1.000000,1.000000,0.214691
no_capacity_floor,c8_r37.5m,8,37.500000,418,0.110317,0.047861,0.425347,0.266368,0.303676,0.002750,0.001000,1.000000,1.000000,0.351617
no_capacity_floor,c8_r37.5m,8,37.500000,405,-0.015873,0.033578,0.333221,0.195456,0.461141,0.002667,0.001000,1.000000,1.000000,0.301448
no_capacity_floor,c8_r37.5m,8,37.500000,404,0.010057,0.032395,0.403514,0.287730,0.572406,0.010000,0.001000,1.000000,1.000000,0.284751
no_capacity_floor,c8_r37.5m,8,37.500000,419,0.003351,0.019402,0.534632,0.456008,0.526180,0.003444,0.001000,1.000000,1.000000,0.413905
no_capacity_floor,c8_r37.5m,8,37.500000,408,0.066966,0.049108,0.612093,0.198569,0.658428,0.012306,0.001000,1.000000,1.000000,0.203247
no_capacity_floor,c8_r37.5m,8,37.500000,415,0.023227,0.025271,0.364808,0.686603,0.497803,0.005222,0.001000,1.000000,1.000000,0.741643
no_capacity_floor,c8_r37.5m,8,37.500000,409,0.011455,0.027654,0.256157,0.372203,0.484209,0.008278,0.001000,1.000000,1.000000,0.346142
no_capacity_floor,c8_r37.5m,8,37.500000,420,0.057899,0.041865,0.352754,0.199262,0.711585,0.008194,0.001000,1.000000,1.000000,0.194935
no_capacity_floor,c8_r37.5m,8,37.500000,410,0.053047,0.046179,0.540038,0.439863,0.655883,0.011167,0.001000,1.000000,1.000000,0.388683
no_capacity_floor,c8_r37.5m,8,37.500000,422,0.003990,0.031484,0.280891,0.286946,0.552675,0.012389,0.001000,1.000000,1.000000,0.292467
no_capacity_floor,c8_r37.5m,8,37.500000,411,0.027109,0.026989,0.319532,0.543651,0.733363,0.008972,0.001000,1.000000,1.000000,0.575571
no_capacity_floor,c8_r37.5m,8,37.500000,423,-0.001384,0.019341,0.433559,0.409230,0.735469,0.007333,0.001000,1.000000,1.000000,0.545131
no_capacity_floor,c8_r37.5m,8,37.500000,414,0.054054,0.018463,0.254095,0.342085,0.606921,0.002083,0.001000,1.000000,1.000000,0.221667
no_capacity_floor,c8_r37.5m,8,37.500000,417,0.098872,0.037008,0.406064,0.321671,0.617156,0.007417,0.001000,1.000000,1.000000,0.305377
no_capacity_floor,c8_r37.5m,8,37.500000,424,0.034507,0.045619,0.408106,0.213346,0.600879,0.012333,0.001000,1.000000,1.000000,0.199899
no_capacity_floor,c8_r37.5m,8,37.500000,425,0.032649,0.020667,0.299237,0.492031,0.797313,0.011028,0.001000,1.000000,1.000000,0.546876
no_capacity_floor,c8_r37.5m,8,37.500000,428,-0.011948,0.009567,0.274896,0.593701,0.441277,0.003056,0.001000,1.000000,1.000000,0.527347
no_capacity_floor,c8_r37.5m,8,37.500000,430,0.033782,0.033115,0.484224,0.423707,0.797687,0.003944,0.001000,1.000000,1.000000,0.382593
no_capacity_floor,c8_r37.5m,8,37.500000,432,0.023589,0.023780,0.466431,0.545182,0.298069,0.011722,0.001000,1.000000,1.000000,0.418358
no_capacity_floor,c8_r37.5m,8,37.500000,421,0.024229,0.045477,0.421375,0.277807,0.636841,0.004806,0.001000,1.000000,1.000000,0.191312
no_capacity_floor,c8_r37.5m,8,37.500000,436,0.042440,0.032834,0.229282,0.535985,0.620047,0.006167,0.001000,1.000000,1.000000,0.514697
no_capacity_floor,c8_r37.5m,8,37.500000,434,0.030220,0.033051,0.258737,0.263195,0.567100,0.006056,0.001000,1.000000,1.000000,0.298085
no_capacity_floor,c8_r37.5m,8,37.500000,440,0.035239,0.033263,0.317068,0.378045,0.494595,0.005972,0.001000,1.000000,1.000000,0.442106
no_capacity_floor,c8_r37.5m,8,37.500000,439,0.008230,0.024777,0.307817,0.347331,0.622826,0.009333,0.001000,1.000000,1.000000,0.373969
no_capacity_floor,c8_r37.5m,8,37.500000,441,0.023027,0.030611,0.183237,0.197837,0.618725,0.005333,0.001000,1.000000,1.000000,0.183188
no_capacity_floor,c8_r37.5m,8,37.500000,426,0.040391,0.039574,0.582323,0.670194,0.664782,0.011722,0.001000,1.000000,1.000000,0.661212
no_capacity_floor,c8_r37.5m,8,37.500000,427,0.072000,0.053045,0.697681,0.176909,0.319858,0.003528,0.001000,1.000000,1.000000,0.120315
no_capacity_floor,c8_r37.5m,8,37.500000,429,0.039831,0.033492,0.343333,0.327713,0.588864,0.008472,0.001000,1.000000,1.000000,0.404319
no_capacity_floor,c8_r37.5m,8,37.500000,442,0.055216,0.033166,0.233927,0.374029,0.385538,0.008444,0.001000,1.000000,1.000000,0.372435
no_capacity_floor,c8_r37.5m,8,37.500000,443,0.036949,0.062099,0.502936,0.343112,0.619035,0.006972,0.001000,1.000000,1.000000,0.379350
no_capacity_floor,c8_r37.5m,8,37.500000,431,0.068735,0.056972,0.592946,0.146880,0.770505,0.002861,0.001000,1.000000,1.000000,0.376545
no_capacity_floor,c8_r37.5m,8,37.500000,445,0.034923,0.038873,0.341817,0.212774,0.773352,0.012583,0.001000,1.000000,1.000000,0.167805
no_capacity_floor,c8_r37.5m,8,37.500000,433,0.066926,0.042805,0.244193,0.414250,0.626942,0.005333,0.001000,1.000000,1.000000,0.341850
no_capacity_floor,c8_r37.5m,8,37.500000,446,0.056711,0.040101,0.347574,0.646523,0.710080,0.009861,0.001000,1.000000,1.000000,0.602084
no_capacity_floor,c8_r37.5m,8,37.500000,435,0.042968,0.025711,0.237410,0.233249,0.735500,0.010611,0.001000,1.000000,1.000000,0.216699
no_capacity_floor,c8_r37.5m,8,37.500000,437,0.029277,0.041137,0.441607,0.154437,0.671387,0.008778,0.001000,1.000000,1.000000,0.153209
no_capacity_floor,c8_r37.5m,8,37.500000,438,0.029226,0.034041,0.258772,0.296836,0.720093,0.005778,0.001000,1.000000,1.000000,0.286751
no_capacity_floor,c8_r37.5m,8,37.500000,447,0.030140,0.038153,0.346488,0.333560,0.426858,0.002361,0.001000,1.000000,1.000000,0.404667
no_capacity_floor,c8_r37.5m,8,37.500000,448,0.022217,0.021508,0.278136,0.449948,0.629788,0.007278,0.001000,1.000000,1.000000,0.334061
no_capacity_floor,c8_r37.5m,8,37.500000,449,0.037985,0.026963,0.326162,0.262270,0.727191,0.008556,0.001000,1.000000,1.000000,0.231469
no_capacity_floor,c8_r37.5m,8,37.500000,444,0.031748,0.031500,0.437867,0.520638,0.783956,0.003361,0.001000,1.000000,1.000000,0.444876
no_capacity_floor,c8_r75m,8,75.000000,403,0.066758,0.074741,0.616959,0.192317,0.742836,0.019722,0.001000,1.000000,1.000000,0.256974
no_capacity_floor,c8_r75m,8,75.000000,404,0.013910,0.034255,0.156829,0.216887,0.318390,0.022250,0.001000,1.000000,1.000000,0.217884
no_capacity_floor,c8_r75m,8,75.000000,406,0.059142,0.048096,0.224202,0.382695,0.346135,0.021194,0.001000,1.000000,1.000000,0.338554
no_capacity_floor,c8_r75m,8,75.000000,408,0.045489,0.059037,0.484977,0.166462,0.795971,0.034194,0.001000,1.000000,1.000000,0.142446
no_capacity_floor,c8_r75m,8,75.000000,413,0.045585,0.069949,0.583479,0.263784,0.753503,0.021167,0.001000,1.000000,1.000000,0.201538
no_capacity_floor,c8_r75m,8,75.000000,412,0.055364,0.048932,0.381681,0.636235,0.679562,0.026528,0.001000,1.000000,1.000000,0.634147
no_capacity_floor,c8_r75m,8,75.000000,414,0.027375,0.038290,0.369174,0.246011,0.740501,0.024778,0.001000,1.000000,1.000000,0.243928
no_capacity_floor,c8_r75m,8,75.000000,401,0.086326,0.060601,0.432196,0.187245,0.681815,0.012667,0.001000,1.000000,1.000000,0.227000
no_capacity_floor,c8_r75m,8,75.000000,400,0.032779,0.039648,0.368784,0.452143,0.533298,0.034556,0.001000,1.000000,1.000000,0.467950
no_capacity_floor,c8_r75m,8,75.000000,402,0.030823,0.040678,0.281539,0.443697,0.742623,0.007444,0.001000,1.000000,1.000000,0.561289
no_capacity_floor,c8_r75m,8,75.000000,416,0.045029,0.047272,0.306374,0.368309,0.604137,0.029472,0.001000,1.000000,1.000000,0.441292
no_capacity_floor,c8_r75m,8,75.000000,417,0.044268,0.030742,0.470867,0.486595,0.778974,0.016806,0.001000,1.000000,1.000000,0.465536
no_capacity_floor,c8_r75m,8,75.000000,418,0.048469,0.043228,0.372186,0.379011,0.707070,0.024556,0.001000,1.000000,1.000000,0.472403
no_capacity_floor,c8_r75m,8,75.000000,405,0.028170,0.027258,0.597681,0.267034,0.820416,0.021667,0.001000,1.000000,1.000000,0.294058
no_capacity_floor,c8_r75m,8,75.000000,419,0.030615,0.051375,0.308320,0.386978,0.506773,0.024583,0.001000,1.000000,1.000000,0.361331
no_capacity_floor,c8_r75m,8,75.000000,410,0.018931,0.068406,0.458617,0.226108,0.377709,0.016917,0.001000,1.000000,1.000000,0.206049
no_capacity_floor,c8_r75m,8,75.000000,409,0.042983,0.042420,0.333382,0.261360,0.543158,0.021833,0.001000,1.000000,1.000000,0.325425
no_capacity_floor,c8_r75m,8,75.000000,407,0.064158,0.049376,0.561831,0.229871,0.503726,0.022222,0.001000,1.000000,1.000000,0.217812
no_capacity_floor,c8_r75m,8,75.000000,421,0.104953,0.077729,0.540446,0.175877,0.761352,0.006944,0.001000,1.000000,1.000000,0.138804
no_capacity_floor,c8_r75m,8,75.000000,411,0.070146,0.057803,0.379552,0.391324,0.207051,0.003361,0.001000,1.000000,0.998333,0.231607
no_capacity_floor,c8_r75m,8,75.000000,420,0.052873,0.049729,0.455780,0.340421,0.688277,0.040722,0.001000,1.000000,1.000000,0.333070
no_capacity_floor,c8_r75m,8,75.000000,422,0.043379,0.050167,0.424357,0.440878,0.424446,0.029028,0.001000,1.000000,1.000000,0.393852
no_capacity_floor,c8_r75m,8,75.000000,423,0.041475,0.053244,0.509324,0.453331,0.769564,0.024000,0.001000,1.000000,1.000000,0.344160
no_capacity_floor,c8_r75m,8,75.000000,415,0.031700,0.035410,0.288616,0.787570,0.656022,0.018944,0.001000,1.000000,1.000000,0.681687
no_capacity_floor,c8_r75m,8,75.000000,426,0.064766,0.063014,0.736582,0.339653,0.764128,0.022444,0.001000,1.000000,1.000000,0.246381
no_capacity_floor,c8_r75m,8,75.000000,428,0.035907,0.045149,0.429510,0.273372,0.719045,0.018333,0.001000,1.000000,1.000000,0.311953
no_capacity_floor,c8_r75m,8,75.000000,427,0.055641,0.040631,0.246778,0.222553,0.749184,0.021139,0.001000,1.000000,1.000000,0.229270
no_capacity_floor,c8_r75m,8,75.000000,430,0.004935,0.038787,0.204152,0.266808,0.652700,0.010083,0.001000,1.000000,1.000000,0.333984
no_capacity_floor,c8_r75m,8,75.000000,434,0.034668,0.037743,0.334676,0.633741,0.673799,0.030306,0.001000,1.000000,1.000000,0.614381
no_capacity_floor,c8_r75m,8,75.000000,436,0.039375,0.044254,0.361112,0.267584,0.800056,0.039778,0.001000,1.000000,1.000000,0.275669
no_capacity_floor,c8_r75m,8,75.000000,437,0.044704,0.047611,0.431737,0.426388,0.621570,0.010528,0.001000,1.000000,1.000000,0.316910
no_capacity_floor,c8_r75m,8,75.000000,424,0.073060,0.065559,0.600711,0.261952,0.744491,0.031833,0.001000,1.000000,1.000000,0.368194
no_capacity_floor,c8_r75m,8,75.000000,425,0.020703,0.037573,0.216758,0.349623,0.845860,0.022333,0.001000,1.000000,1.000000,0.450611
no_capacity_floor,c8_r75m,8,75.000000,438,0.021219,0.029064,0.257435,0.216684,0.823116,0.017750,0.001000,1.000000,1.000000,0.195921
no_capacity_floor,c8_r75m,8,75.000000,440,0.105267,0.082356,0.437138,0.439171,0.521794,0.020528,0.001000,1.000000,1.000000,0.538975
no_capacity_floor,c8_r75m,8,75.000000,443,0.054400,0.050181,0.514151,0.229660,0.775814,0.030194,0.001000,1.000000,1.000000,0.232012
no_capacity_floor,c8_r75m,8,75.000000,441,0.030516,0.032863,0.319607,0.307637,0.596765,0.020444,0.001000,1.000000,1.000000,0.298760
no_capacity_floor,c8_r75m,8,75.000000,442,0.083385,0.067981,0.565997,0.322078,0.601529,0.020222,0.001000,1.000000,1.000000,0.420040
no_capacity_floor,c8_r75m,8,75.000000,429,0.025478,0.052043,0.428906,0.268530,0.792200,0.028750,0.001000,1.000000,1.000000,0.312518
no_capacity_floor,c8_r75m,8,75.000000,432,0.094592,0.060457,0.498476,0.446695,0.573869,0.020028,0.001125,0.983333,0.998333,0.254052
no_capacity_floor,c8_r75m,8,75.000000,433,0.042932,0.057005,0.289480,0.251256,0.286750,0.023889,0.001000,1.000000,1.000000,0.412210
no_capacity_floor,c8_r75m,8,75.000000,431,0.036675,0.040614,0.624981,0.488786,0.500058,0.027667,0.001000,1.000000,1.000000,0.474644
no_capacity_floor,c8_r75m,8,75.000000,435,0.033034,0.040542,0.490506,0.397097,0.718789,0.007861,0.001000,1.000000,1.000000,0.510317
no_capacity_floor,c8_r75m,8,75.000000,444,0.047814,0.027759,0.179735,0.152427,0.450091,0.022806,0.001000,1.000000,1.000000,0.162288
no_capacity_floor,c8_r75m,8,75.000000,445,0.035511,0.048639,0.494604,0.414172,0.855606,0.020972,0.001000,1.000000,1.000000,0.240910
no_capacity_floor,c8_r75m,8,75.000000,446,0.054073,0.051489,0.440801,0.297924,0.812951,0.015500,0.001000,1.000000,1.000000,0.414316
no_capacity_floor,c8_r75m,8,75.000000,439,0.048888,0.036609,0.266442,0.231045,0.709450,0.011417,0.001000,1.000000,1.000000,0.290836
no_capacity_floor,c8_r75m,8,75.000000,449,0.043540,0.036800,0.212015,0.316502,0.799984,0.014472,0.001000,1.000000,1.000000,0.466299
no_capacity_floor,c8_r150m,8,150.000000,401,0.117861,0.122152,0.880431,0.893092,0.401653,0.118778,0.224460,0.266667,0.303333,0.892712
no_capacity_floor,c8_r150m,8,150.000000,403,0.117282,0.118288,0.878951,0.908546,0.723661,0.118278,0.199785,0.333333,0.328333,0.885277
no_capacity_floor,c8_r150m,8,150.000000,402,0.091781,0.113588,0.895554,0.913222,0.731311,0.112500,0.160577,0.350000,0.355000,0.883820
no_capacity_floor,c8_r150m,8,150.000000,400,0.113832,0.112097,0.803462,0.898673,0.683486,0.106417,0.137271,0.516667,0.368333,0.876701
no_capacity_floor,c8_r75m,8,75.000000,448,0.079108,0.049419,0.196137,0.330832,0.631480,0.010639,0.001000,1.000000,1.000000,0.255683
no_capacity_floor,c8_r75m,8,75.000000,447,0.035474,0.030510,0.283215,0.334386,0.439167,0.019361,0.001000,1.000000,1.000000,0.304182
no_capacity_floor,c8_r150m,8,150.000000,409,0.127785,0.120950,0.898589,0.923519,0.719242,0.119917,0.195717,0.383333,0.355000,0.902614
no_capacity_floor,c8_r150m,8,150.000000,410,0.124598,0.115903,0.899367,0.892899,0.582215,0.109139,0.152132,0.433333,0.330000,0.894908
no_capacity_floor,c8_r150m,8,150.000000,411,0.123469,0.117564,0.827303,0.883972,0.603003,0.111944,0.191655,0.333333,0.366667,0.879088
no_capacity_floor,c8_r150m,8,150.000000,413,0.119289,0.119664,0.866380,0.894391,0.611809,0.108556,0.168850,0.350000,0.376667,0.833651
no_capacity_floor,c8_r150m,8,150.000000,406,0.093856,0.119135,0.868686,0.903575,0.370738,0.114472,0.156888,0.366667,0.378333,0.880055
no_capacity_floor,c8_r150m,8,150.000000,416,0.107522,0.111017,0.909277,0.853603,0.845389,0.115944,0.165056,0.383333,0.410000,0.854710
no_capacity_floor,c8_r150m,8,150.000000,414,0.118390,0.118265,0.869657,0.841861,0.490786,0.114278,0.208025,0.333333,0.328333,0.835592
no_capacity_floor,c8_r150m,8,150.000000,407,0.104034,0.102543,0.881124,0.910395,0.659174,0.115500,0.153322,0.366667,0.358333,0.885464
no_capacity_floor,c8_r150m,8,150.000000,404,0.129360,0.126144,0.876728,0.892554,0.633784,0.118083,0.191845,0.283333,0.331667,0.911544
no_capacity_floor,c8_r150m,8,150.000000,415,0.099144,0.114819,0.868751,0.900356,0.598033,0.120917,0.205622,0.333333,0.343333,0.885421
no_capacity_floor,c8_r150m,8,150.000000,405,0.125055,0.109209,0.864473,0.939849,0.823650,0.121278,0.200997,0.316667,0.346667,0.883294
no_capacity_floor,c8_r150m,8,150.000000,420,0.100347,0.114353,0.832642,0.896070,0.554000,0.112917,0.162327,0.366667,0.345000,0.890928
no_capacity_floor,c8_r150m,8,150.000000,408,0.131091,0.119711,0.858808,0.927705,0.544010,0.111583,0.139066,0.450000,0.351667,0.874769
no_capacity_floor,c8_r150m,8,150.000000,422,0.125163,0.115931,0.894156,0.914490,0.847608,0.104972,0.161466,0.466667,0.338333,0.902137
no_capacity_floor,c8_r150m,8,150.000000,421,0.129659,0.107536,0.877297,0.896611,0.816527,0.116750,0.161291,0.366667,0.331667,0.912792
no_capacity_floor,c8_r150m,8,150.000000,412,0.111417,0.121624,0.872570,0.869695,0.601846,0.106278,0.176547,0.350000,0.341667,0.887809
no_capacity_floor,c8_r150m,8,150.000000,423,0.107419,0.114494,0.864284,0.912011,0.648634,0.115500,0.168183,0.366667,0.406667,0.867511
no_capacity_floor,c8_r150m,8,150.000000,417,0.091113,0.114672,0.831339,0.906893,0.594844,0.116750,0.181440,0.450000,0.340000,0.876255
no_capacity_floor,c8_r150m,8,150.000000,424,0.123675,0.128207,0.923695,0.932739,0.391800,0.125361,0.243740,0.316667,0.333333,0.902556
no_capacity_floor,c8_r150m,8,150.000000,425,0.128144,0.117566,0.878555,0.923017,0.497775,0.122222,0.223900,0.333333,0.386667,0.912734
no_capacity_floor,c8_r150m,8,150.000000,426,0.098860,0.113594,0.884416,0.839872,0.756290,0.111917,0.172779,0.383333,0.323333,0.871829
no_capacity_floor,c8_r150m,8,150.000000,429,0.119224,0.112407,0.838674,0.842813,0.797210,0.114611,0.187335,0.333333,0.355000,0.854056
no_capacity_floor,c8_r150m,8,150.000000,418,0.125704,0.119357,0.888277,0.893474,0.628722,0.121361,0.189043,0.316667,0.295000,0.901167
no_capacity_floor,c8_r150m,8,150.000000,419,0.129071,0.115193,0.850781,0.921717,0.434297,0.116306,0.190740,0.366667,0.340000,0.900216
no_capacity_floor,c8_r150m,8,150.000000,431,0.111641,0.109428,0.857041,0.845298,0.765617,0.103306,0.149336,0.400000,0.371667,0.872629
no_capacity_floor,c8_r150m,8,150.000000,433,0.115054,0.115589,0.898855,0.885121,0.727714,0.116528,0.170217,0.366667,0.335000,0.903656
no_capacity_floor,c8_r150m,8,150.000000,434,0.104226,0.116042,0.867286,0.874408,0.548526,0.112722,0.186791,0.433333,0.311667,0.862114
no_capacity_floor,c8_r150m,8,150.000000,436,0.118189,0.114913,0.864260,0.928893,0.712148,0.111417,0.168303,0.433333,0.375000,0.886600
no_capacity_floor,c8_r150m,8,150.000000,439,0.113235,0.115993,0.919851,0.944438,0.678906,0.119944,0.199636,0.333333,0.333333,0.892835
no_capacity_floor,c8_r150m,8,150.000000,438,0.108244,0.107009,0.907943,0.910572,0.591144,0.114528,0.157866,0.283333,0.333333,0.908037
no_capacity_floor,c8_r150m,8,150.000000,427,0.119433,0.114242,0.900409,0.923281,0.756726,0.118389,0.162495,0.383333,0.346667,0.903851
no_capacity_floor,c8_r150m,8,150.000000,428,0.126842,0.125836,0.880017,0.925887,0.370959,0.115889,0.153873,0.316667,0.355000,0.897538
no_capacity_floor,c8_r150m,8,150.000000,440,0.115822,0.119530,0.918038,0.905646,0.418399,0.114222,0.157783,0.483333,0.338333,0.896373
no_capacity_floor,c8_r150m,8,150.000000,430,0.133189,0.111823,0.866125,0.891681,0.725202,0.116417,0.195042,0.350000,0.351667,0.897243
no_capacity_floor,c8_r150m,8,150.000000,441,0.113833,0.117931,0.890602,0.859049,0.714209,0.119861,0.206623,0.333333,0.328333,0.871804
no_capacity_floor,c8_r150m,8,150.000000,444,0.124910,0.109659,0.926454,0.932068,0.915226,0.116972,0.169875,0.333333,0.338333,0.891922
no_capacity_floor,c8_r150m,8,150.000000,432,0.109492,0.122163,0.883042,0.894474,0.844572,0.117778,0.200536,0.366667,0.351667,0.880083
no_capacity_floor,c8_r150m,8,150.000000,437,0.106840,0.112641,0.895125,0.901819,0.755543,0.112806,0.154436,0.333333,0.350000,0.883989
no_capacity_floor,c8_r150m,8,150.000000,445,0.121659,0.121827,0.816695,0.904181,0.376202,0.115139,0.172499,0.400000,0.321667,0.901896
no_capacity_floor,c8_r150m,8,150.000000,435,0.121147,0.116106,0.920505,0.927951,0.824747,0.123194,0.227782,0.283333,0.318333,0.905756
no_capacity_floor,c8_r150m,8,150.000000,446,0.088525,0.120406,0.841841,0.939383,0.536046,0.117556,0.175477,0.366667,0.338333,0.915124
no_capacity_floor,c8_r150m,8,150.000000,447,0.123486,0.119616,0.890737,0.897758,0.567387,0.114944,0.152424,0.283333,0.316667,0.875756
no_capacity_floor,c8_r150m,8,150.000000,448,0.100572,0.107438,0.847435,0.896758,0.797009,0.107361,0.164385,0.333333,0.365000,0.899446
no_capacity_floor,c8_r150m,8,150.000000,442,0.122234,0.121844,0.859284,0.888914,0.588577,0.115722,0.176165,0.316667,0.331667,0.890474
no_capacity_floor,c8_r300m,8,300.000000,402,0.175229,0.174023,0.810129,0.703190,0.520821,0.239444,1.646053,0.000000,0.000000,0.735242
no_capacity_floor,c8_r150m,8,150.000000,443,0.097944,0.113846,0.845868,0.905067,0.712405,0.117639,0.164774,0.333333,0.308333,0.909168
no_capacity_floor,c8_r300m,8,300.000000,404,0.159822,0.165310,0.749135,0.845853,0.782744,0.232639,1.630494,0.000000,0.000000,0.836561
no_capacity_floor,c8_r300m,8,300.000000,405,0.176812,0.174165,0.843440,0.905881,0.876753,0.244056,1.722056,0.000000,0.000000,0.838856
no_capacity_floor,c8_r150m,8,150.000000,449,0.106552,0.113015,0.847457,0.906697,0.445095,0.113111,0.174009,0.283333,0.351667,0.900500
no_capacity_floor,c8_r300m,8,300.000000,408,0.141550,0.144867,0.622144,0.826946,0.726700,0.232472,1.591679,0.000000,0.001667,0.866709
no_capacity_floor,c8_r300m,8,300.000000,407,0.164752,0.171870,0.844522,0.811433,0.821126,0.223250,1.511845,0.000000,0.000000,0.854182
no_capacity_floor,c8_r300m,8,300.000000,410,0.150683,0.163063,0.748433,0.865627,0.498495,0.242722,1.714921,0.000000,0.000000,0.853329
no_capacity_floor,c8_r300m,8,300.000000,411,0.177148,0.175398,0.806517,0.859584,0.434226,0.248139,1.724232,0.000000,0.000000,0.859718
no_capacity_floor,c8_r300m,8,300.000000,412,0.177933,0.174620,0.821724,0.867282,0.697067,0.239306,1.684849,0.000000,0.000000,0.839704
no_capacity_floor,c8_r300m,8,300.000000,401,0.153176,0.166091,0.809121,0.806710,0.746297,0.235639,1.597286,0.000000,0.000000,0.782066
no_capacity_floor,c8_r300m,8,300.000000,400,0.137203,0.152237,0.623787,0.804055,0.667723,0.221333,1.466307,0.000000,0.000000,0.814272
no_capacity_floor,c8_r300m,8,300.000000,403,0.191929,0.167619,0.842949,0.913613,0.858322,0.254889,1.804680,0.000000,0.000000,0.866307
no_capacity_floor,c8_r300m,8,300.000000,414,0.164465,0.175128,0.694870,0.841372,0.332532,0.243056,1.675269,0.000000,0.000000,0.867234
no_capacity_floor,c8_r300m,8,300.000000,417,0.143357,0.152457,0.670567,0.872340,0.447258,0.224611,1.500157,0.000000,0.000000,0.850683
no_capacity_floor,c8_r300m,8,300.000000,406,0.175553,0.176904,0.859678,0.841045,0.686528,0.250028,1.779936,0.000000,0.000000,0.826595
no_capacity_floor,c8_r300m,8,300.000000,416,0.171263,0.172513,0.794683,0.820241,0.640080,0.242167,1.692702,0.000000,0.000000,0.854031
no_capacity_floor,c8_r300m,8,300.000000,409,0.185249,0.167260,0.875151,0.870824,0.819498,0.247778,1.776255,0.000000,0.000000,0.831770
no_capacity_floor,c8_r300m,8,300.000000,420,0.185679,0.175299,0.844074,0.898861,0.336466,0.234056,1.604720,0.000000,0.000000,0.883675
no_capacity_floor,c8_r300m,8,300.000000,419,0.163501,0.168309,0.847501,0.857313,0.584336,0.251139,1.777927,0.000000,0.000000,0.814209
no_capacity_floor,c8_r300m,8,300.000000,421,0.163656,0.172764,0.864153,0.792288,0.758318,0.246417,1.722578,0.000000,0.000000,0.838411
no_capacity_floor,c8_r300m,8,300.000000,423,0.151128,0.169083,0.765210,0.879683,0.281491,0.238194,1.658710,0.000000,0.000000,0.851590
no_capacity_floor,c8_r300m,8,300.000000,413,0.176685,0.172230,0.856860,0.877520,0.411660,0.245944,1.747638,0.000000,0.000000,0.856867
no_capacity_floor,c8_r300m,8,300.000000,427,0.171812,0.169641,0.827028,0.883105,0.704351,0.240917,1.706151,0.000000,0.000000,0.824059
no_capacity_floor,c8_r300m,8,300.000000,415,0.182583,0.176433,0.871010,0.851859,0.535607,0.246694,1.756789,0.000000,0.000000,0.829207
no_capacity_floor,c8_r300m,8,300.000000,418,0.177091,0.170852,0.895807,0.855974,0.839198,0.249750,1.761484,0.000000,0.000000,0.852191
no_capacity_floor,c8_r300m,8,300.000000,428,0.181068,0.171631,0.802487,0.812731,0.606921,0.247444,1.736118,0.000000,0.000000,0.785952
no_capacity_floor,c8_r300m,8,300.000000,430,0.164875,0.165521,0.830915,0.864123,0.553892,0.231944,1.629894,0.000000,0.000000,0.868240
no_capacity_floor,c8_r300m,8,300.000000,432,0.166911,0.168763,0.821449,0.805661,0.838225,0.248500,1.719173,0.000000,0.000000,0.801846
no_capacity_floor,c8_r300m,8,300.000000,434,0.183544,0.177701,0.805399,0.862284,0.349250,0.245139,1.701944,0.000000,0.000000,0.848592
no_capacity_floor,c8_r300m,8,300.000000,433,0.192854,0.176874,0.865300,0.814499,0.759859,0.256250,1.809744,0.000000,0.000000,0.823156
no_capacity_floor,c8_r300m,8,300.000000,422,0.174423,0.176102,0.844665,0.848226,0.438348,0.242444,1.701251,0.000000,0.000000,0.821350
no_capacity_floor,c8_r300m,8,300.000000,424,0.181059,0.174371,0.861389,0.815906,0.486431,0.230278,1.605062,0.000000,0.000000,0.822005
no_capacity_floor,c8_r300m,8,300.000000,435,0.174858,0.177875,0.868949,0.812961,0.703897,0.242417,1.669396,0.000000,0.000000,0.854086
no_capacity_floor,c8_r300m,8,300.000000,425,0.166537,0.169355,0.824097,0.883528,0.707017,0.254389,1.828517,0.000000,0.000000,0.848051
no_capacity_floor,c8_r300m,8,300.000000,426,0.187021,0.172734,0.808961,0.924240,0.673814,0.265194,1.916389,0.000000,0.000000,0.883869
no_capacity_floor,c8_r300m,8,300.000000,437,0.178242,0.169429,0.792860,0.864567,0.694436,0.239361,1.674517,0.000000,0.000000,0.857932
no_capacity_floor,c8_r300m,8,300.000000,429,0.144581,0.161971,0.805822,0.865673,0.284285,0.231833,1.612389,0.000000,0.000000,0.850609
no_capacity_floor,c8_r300m,8,300.000000,440,0.144522,0.139680,0.665839,0.865477,0.627169,0.236139,1.621638,0.000000,0.000000,0.864193
no_capacity_floor,c8_r300m,8,300.000000,431,0.159181,0.168251,0.834458,0.799370,0.685091,0.235500,1.579103,0.000000,0.000000,0.826788
no_capacity_floor,c8_r300m,8,300.000000,441,0.145569,0.148943,0.636762,0.919822,0.482657,0.232500,1.612628,0.000000,0.000000,0.866546
no_capacity_floor,c8_r300m,8,300.000000,442,0.154238,0.161406,0.774413,0.896899,0.613119,0.246694,1.747501,0.000000,0.000000,0.866561
no_capacity_floor,c8_r300m,8,300.000000,443,0.159806,0.163824,0.785611,0.870790,0.652795,0.238139,1.643323,0.000000,0.000000,0.840100
no_capacity_floor,c8_r300m,8,300.000000,444,0.178116,0.168268,0.864908,0.874310,0.812467,0.243778,1.687862,0.000000,0.000000,0.866977
no_capacity_floor,c8_r300m,8,300.000000,439,0.172274,0.176035,0.876413,0.858765,0.583046,0.250111,1.772459,0.000000,0.000000,0.856383
no_capacity_floor,c8_r300m,8,300.000000,447,0.171144,0.161676,0.764733,0.880719,0.657982,0.238111,1.618386,0.000000,0.001667,0.844792
no_capacity_floor,c8_r300m,8,300.000000,436,0.183695,0.180444,0.859402,0.830403,0.641046,0.252833,1.781307,0.000000,0.000000,0.830299
no_capacity_floor,c8_r300m,8,300.000000,438,0.159281,0.172325,0.727758,0.822235,0.738687,0.235417,1.645090,0.000000,0.000000,0.852956
no_capacity_floor,c8_r600m,8,600.000000,400,0.173344,0.187957,0.548418,0.874143,0.767692,0.461889,4.426595,0.000000,0.000000,0.845002
no_capacity_floor,c8_r300m,8,300.000000,445,0.171588,0.177289,0.833358,0.801623,0.566520,0.247000,1.716754,0.000000,0.000000,0.812915
no_capacity_floor,c8_r600m,8,600.000000,402,0.180958,0.168364,0.606210,0.795793,0.779175,0.433667,4.165941,0.000000,0.000000,0.804672
no_capacity_floor,c8_r300m,8,300.000000,446,0.182001,0.170326,0.783736,0.825006,0.595441,0.241778,1.695601,0.000000,0.000000,0.827358
no_capacity_floor,c8_r600m,8,600.000000,404,0.190558,0.185134,0.581078,0.719896,0.489453,0.439528,4.184979,0.000000,0.000000,0.762825
no_capacity_floor,c8_r600m,8,600.000000,405,0.190327,0.184768,0.685171,0.789476,0.629385,0.451750,4.348575,0.000000,0.000000,0.801311
no_capacity_floor,c8_r600m,8,600.000000,406,0.209443,0.197339,0.736255,0.763023,0.531447,0.469472,4.502238,0.000000,0.000000,0.764210
no_capacity_floor,c8_r600m,8,600.000000,407,0.161789,0.179941,0.712772,0.832627,0.757831,0.451722,4.289985,0.000000,0.000000,0.815900
no_capacity_floor,c8_r600m,8,600.000000,408,0.201775,0.188450,0.735512,0.845433,0.778553,0.478444,4.592726,0.000000,0.000000,0.837427
no_capacity_floor,c8_r300m,8,300.000000,448,0.174420,0.170468,0.797270,0.839956,0.619472,0.236194,1.614878,0.000000,0.000000,0.827387
no_capacity_floor,c8_r300m,8,300.000000,449,0.174294,0.174043,0.852520,0.921066,0.726754,0.245194,1.758820,0.000000,0.000000,0.837028
no_capacity_floor,c8_r600m,8,600.000000,409,0.201812,0.199737,0.787517,0.810576,0.696358,0.479083,4.572808,0.000000,0.000000,0.755503
no_capacity_floor,c8_r600m,8,600.000000,401,0.173432,0.180905,0.590668,0.835752,0.765148,0.460639,4.410724,0.000000,0.000000,0.759462
no_capacity_floor,c8_r600m,8,600.000000,412,0.167408,0.161990,0.590504,0.879550,0.711504,0.456000,4.348560,0.000000,0.000000,0.857983
no_capacity_floor,c8_r600m,8,600.000000,414,0.142143,0.138087,0.581598,0.720518,0.884637,0.420806,3.967506,0.000000,0.000000,0.682782
no_capacity_floor,c8_r600m,8,600.000000,416,0.196549,0.203121,0.749781,0.541544,0.605178,0.438194,4.090254,0.000000,0.000000,0.510878
no_capacity_floor,c8_r600m,8,600.000000,419,0.129780,0.089729,0.265849,0.304384,0.199886,0.378417,3.464642,0.000000,0.000000,0.308719
no_capacity_floor,c8_r600m,8,600.000000,403,0.194011,0.189252,0.801855,0.881647,0.467197,0.472222,4.547492,0.000000,0.000000,0.835078
no_capacity_floor,c8_r600m,8,600.000000,417,0.223193,0.201331,0.854833,0.785712,0.790956,0.477778,4.597840,0.000000,0.000000,0.790543
no_capacity_floor,c8_r600m,8,600.000000,418,0.210762,0.207347,0.780333,0.866202,0.805244,0.478889,4.602030,0.000000,0.000000,0.839587
no_capacity_floor,c8_r600m,8,600.000000,420,0.201897,0.191386,0.744247,0.858296,0.618824,0.462778,4.426051,0.000000,0.000000,0.824905
no_capacity_floor,c8_r600m,8,600.000000,410,0.190732,0.176674,0.648891,0.620010,0.597914,0.449444,4.252256,0.000000,0.000000,0.667490
no_capacity_floor,c8_r600m,8,600.000000,423,0.168649,0.181205,0.627402,0.816628,0.744987,0.453278,4.329672,0.000000,0.000000,0.832085
no_capacity_floor,c8_r600m,8,600.000000,411,0.197319,0.202370,0.773962,0.784470,0.830205,0.450611,4.320915,0.000000,0.000000,0.749456
no_capacity_floor,c8_r600m,8,600.000000,413,0.193414,0.180394,0.692254,0.497429,0.602279,0.435528,4.077468,0.000000,0.000000,0.445279
no_capacity_floor,c8_r600m,8,600.000000,425,0.209188,0.208204,0.794479,0.702540,0.733028,0.450278,4.263948,0.000000,0.000000,0.741083
no_capacity_floor,c8_r600m,8,600.000000,415,0.223446,0.192681,0.844167,0.801076,0.593466,0.468972,4.500875,0.000000,0.000000,0.726226
no_capacity_floor,c8_r600m,8,600.000000,426,0.190823,0.187223,0.801633,0.820017,0.475081,0.461722,4.448035,0.000000,0.000000,0.809213
no_capacity_floor,c8_r600m,8,600.000000,428,0.189938,0.189412,0.799028,0.723076,0.523124,0.458528,4.378393,0.000000,0.000000,0.681667
no_capacity_floor,c8_r600m,8,600.000000,427,0.201313,0.183048,0.702366,0.771751,0.848886,0.455639,4.328603,0.000000,0.000000,0.778739
no_capacity_floor,c8_r600m,8,600.000000,421,0.176780,0.188692,0.661393,0.743436,0.432011,0.441556,4.176288,0.000000,0.000000,0.711782
no_capacity_floor,c8_r600m,8,600.000000,430,0.223103,0.216297,0.861588,0.865118,0.273911,0.479361,4.613209,0.000000,0.000000,0.849001
no_capacity_floor,c8_r600m,8,600.000000,431,0.210355,0.194176,0.832405,0.814206,0.350341,0.470333,4.474149,0.000000,0.000000,0.787598
no_capacity_floor,c8_r600m,8,600.000000,422,0.199293,0.199670,0.781952,0.860652,0.698230,0.482917,4.683615,0.000000,0.000000,0.803421
no_capacity_floor,c8_r600m,8,600.000000,432,0.169263,0.193515,0.701102,0.849439,0.687418,0.469444,4.476800,0.000000,0.000000,0.810431
no_capacity_floor,c8_r600m,8,600.000000,434,0.207774,0.187514,0.874122,0.857106,0.723441,0.479972,4.592984,0.000000,0.000000,0.820520
no_capacity_floor,c8_r600m,8,600.000000,424,0.212336,0.208475,0.783186,0.820774,0.818399,0.490056,4.743011,0.000000,0.000000,0.726476
no_capacity_floor,c8_r600m,8,600.000000,437,0.202483,0.204535,0.744047,0.697340,0.681341,0.454222,4.321067,0.000000,0.000000,0.731804
no_capacity_floor,c8_r600m,8,600.000000,429,0.178147,0.169609,0.627147,0.781340,0.761797,0.463194,4.460450,0.000000,0.000000,0.755033
no_capacity_floor,c8_r600m,8,600.000000,439,0.197578,0.195908,0.773763,0.827150,0.468347,0.473028,4.524008,0.000000,0.000000,0.802887
no_capacity_floor,c8_r600m,8,600.000000,440,0.204651,0.194259,0.805076,0.815465,0.610149,0.477667,4.575192,0.000000,0.000000,0.803841
no_capacity_floor,c8_r600m,8,600.000000,441,0.191578,0.203109,0.790557,0.821645,0.576920,0.466000,4.486109,0.000000,0.000000,0.799322
no_capacity_floor,c8_r600m,8,600.000000,443,0.179349,0.188969,0.751232,0.790356,0.701247,0.461389,4.398724,0.000000,0.000000,0.768391
no_capacity_floor,c12_r15m,12,15.000000,401,0.000000,-0.016667,0.374262,0.161912,0.585408,0.001194,0.001000,1.000000,1.000000,0.201175
no_capacity_floor,c8_r600m,8,600.000000,444,0.173953,0.184473,0.729784,0.829301,0.812546,0.464250,4.448845,0.000000,0.000000,0.837201
no_capacity_floor,c8_r600m,8,600.000000,433,0.191294,0.202752,0.757036,0.857814,0.468391,0.475361,4.591288,0.000000,0.000000,0.817881
no_capacity_floor,c8_r600m,8,600.000000,446,0.171137,0.181417,0.547026,0.745759,0.626601,0.436250,4.145569,0.000000,0.000000,0.676739
no_capacity_floor,c12_r15m,12,15.000000,402,0.000000,0.108974,0.442461,0.286415,0.581971,0.000472,0.001000,1.000000,1.000000,0.287490
no_capacity_floor,c12_r15m,12,15.000000,403,0.000000,0.021978,0.409452,0.345873,0.645097,0.000722,0.001000,1.000000,1.000000,0.340478
no_capacity_floor,c8_r600m,8,600.000000,435,0.198014,0.187605,0.799668,0.817208,0.322263,0.460611,4.396657,0.000000,0.000000,0.776136
no_capacity_floor,c8_r600m,8,600.000000,447,0.236712,0.205199,0.802588,0.785178,0.826703,0.467222,4.501995,0.000000,0.000000,0.711415
no_capacity_floor,c12_r15m,12,15.000000,404,0.000000,0.000000,0.358282,0.280235,0.747406,0.000639,0.001000,1.000000,1.000000,0.399697
no_capacity_floor,c12_r15m,12,15.000000,400,0.000000,0.018750,0.252059,0.471829,0.652733,0.000528,0.001000,1.000000,1.000000,0.525214
no_capacity_floor,c8_r600m,8,600.000000,436,0.231443,0.192611,0.837927,0.845097,0.715873,0.490278,4.737475,0.000000,0.000000,0.846238
no_capacity_floor,c12_r15m,12,15.000000,405,0.000000,0.046218,0.590890,0.373572,0.525104,0.000972,0.001000,1.000000,1.000000,0.519046
no_capacity_floor,c12_r15m,12,15.000000,406,0.000000,0.025000,0.448819,0.132402,0.689618,0.000611,0.001000,1.000000,1.000000,0.179071
no_capacity_floor,c12_r15m,12,15.000000,408,0.000000,0.007989,0.525857,0.314971,0.549180,0.000917,0.001000,1.000000,1.000000,0.412374
no_capacity_floor,c8_r600m,8,600.000000,449,0.176435,0.179371,0.683527,0.775758,0.750456,0.452944,4.287619,0.000000,0.000000,0.792386
no_capacity_floor,c8_r600m,8,600.000000,438,0.174754,0.181724,0.669261,0.769313,0.726396,0.441889,4.222543,0.000000,0.000000,0.717422
no_capacity_floor,c12_r15m,12,15.000000,410,0.000000,0.050000,0.346087,0.297935,0.451752,0.001056,0.001000,1.000000,1.000000,0.176055
no_capacity_floor,c8_r600m,8,600.000000,442,0.191471,0.164835,0.555374,0.822896,0.541769,0.458417,4.368787,0.000000,0.000000,0.720400
no_capacity_floor,c12_r15m,12,15.000000,412,0.164286,0.046429,0.264410,0.257562,0.789040,0.001139,0.001000,1.000000,1.000000,0.296321
no_capacity_floor,c12_r15m,12,15.000000,413,0.000000,0.000000,0.276795,0.294877,0.774693,0.000361,0.001000,1.000000,1.000000,0.142371
no_capacity_floor,c12_r15m,12,15.000000,416,0.071429,0.062623,0.413895,0.416269,0.635114,0.001333,0.001000,1.000000,1.000000,0.263083
no_capacity_floor,c12_r15m,12,15.000000,409,0.000000,0.071429,0.234865,0.536161,0.681434,0.000861,0.001000,1.000000,1.000000,0.226562
no_capacity_floor,c12_r15m,12,15.000000,417,0.000000,-0.013839,0.384312,0.563853,0.654511,0.000778,0.001000,1.000000,1.000000,0.407152
no_capacity_floor,c12_r15m,12,15.000000,407,0.200000,0.020000,0.301398,0.453928,0.550952,0.000528,0.001000,1.000000,1.000000,0.256057
no_capacity_floor,c12_r15m,12,15.000000,418,0.000000,0.145833,0.502371,0.355765,0.586200,0.000528,0.001000,1.000000,1.000000,0.123718
no_capacity_floor,c12_r15m,12,15.000000,419,0.000000,0.050000,0.386944,0.272416,0.781049,0.000361,0.001000,1.000000,1.000000,0.121754
no_capacity_floor,c8_r600m,8,600.000000,445,0.167559,0.171496,0.607541,0.874186,0.589447,0.470389,4.500350,0.000000,0.000000,0.785969
no_capacity_floor,c12_r15m,12,15.000000,421,0.000000,0.004702,0.400893,0.375690,0.690188,0.001083,0.001000,1.000000,1.000000,0.322841
no_capacity_floor,c12_r15m,12,15.000000,411,-0.071429,0.059640,0.555614,0.447943,0.613669,0.000778,0.001000,1.000000,1.000000,0.592807
no_capacity_floor,c12_r15m,12,15.000000,423,-0.076923,-0.007692,0.274853,0.302500,0.696725,0.001333,0.001000,1.000000,1.000000,0.120597
no_capacity_floor,c12_r15m,12,15.000000,424,0.000000,0.033333,0.370782,0.520584,0.415771,0.000861,0.001000,1.000000,1.000000,0.510638
no_capacity_floor,c12_r15m,12,15.000000,425,0.000000,-0.006250,0.588791,0.287114,0.643548,0.000611,0.001000,1.000000,1.000000,0.149498
no_capacity_floor,c12_r15m,12,15.000000,414,0.000000,0.014286,0.339624,0.523897,0.659923,0.000500,0.001000,1.000000,1.000000,0.381601
no_capacity_floor,c12_r15m,12,15.000000,415,0.000000,-0.016667,0.791911,0.316371,0.756911,0.000611,0.001000,1.000000,1.000000,0.190951
no_capacity_floor,c12_r15m,12,15.000000,427,0.000000,0.023525,0.631105,0.408575,0.823070,0.001500,0.001000,1.000000,1.000000,0.456277
no_capacity_floor,c12_r15m,12,15.000000,429,0.000000,0.049808,0.356837,0.399246,0.630029,0.000889,0.001000,1.000000,1.000000,0.352641
no_capacity_floor,c12_r15m,12,15.000000,430,0.000000,0.095000,0.460868,0.372307,0.711171,0.000333,0.001000,1.000000,1.000000,0.490564
no_capacity_floor,c12_r15m,12,15.000000,432,0.074074,0.035630,0.310165,0.610787,0.812416,0.001167,0.001000,1.000000,1.000000,0.596868
no_capacity_floor,c12_r15m,12,15.000000,420,0.000000,0.019049,0.174648,0.350873,0.839983,0.000944,0.001000,1.000000,1.000000,0.423729
no_capacity_floor,c12_r15m,12,15.000000,434,0.000000,0.050000,0.237096,0.382839,0.670593,0.000556,0.001000,1.000000,1.000000,0.299444
no_capacity_floor,c12_r15m,12,15.000000,436,0.000000,0.000000,0.310738,0.432776,0.430278,0.001028,0.001000,1.000000,1.000000,0.382574
no_capacity_floor,c12_r15m,12,15.000000,422,0.062500,0.016705,0.392269,0.358139,0.529278,0.001139,0.001000,1.000000,1.000000,0.532975
no_capacity_floor,c12_r15m,12,15.000000,435,-0.037037,0.026951,0.360304,0.380334,0.667495,0.001472,0.001000,1.000000,1.000000,0.332992
no_capacity_floor,c8_r600m,8,600.000000,448,0.226322,0.205149,0.866158,0.857143,0.524300,0.465028,4.489135,0.000000,0.000000,0.860904
no_capacity_floor,c12_r15m,12,15.000000,439,0.000000,0.000000,0.380189,0.407172,0.706057,0.000472,0.001000,1.000000,1.000000,0.222484
no_capacity_floor,c12_r15m,12,15.000000,426,0.000000,0.045608,0.307311,0.466052,0.541725,0.001167,0.001000,1.000000,1.000000,0.299418
no_capacity_floor,c12_r15m,12,15.000000,428,0.000000,0.028434,0.382497,0.576411,0.630588,0.000528,0.001000,1.000000,1.000000,0.495840
no_capacity_floor,c12_r15m,12,15.000000,440,0.000000,0.033847,0.321510,0.598763,0.497568,0.000944,0.001000,1.000000,1.000000,0.399419
no_capacity_floor,c12_r15m,12,15.000000,441,0.000000,0.029573,0.394614,0.390104,0.757062,0.000750,0.001000,1.000000,1.000000,0.365576
no_capacity_floor,c12_r15m,12,15.000000,431,0.000000,0.021667,0.688366,0.184714,0.746679,0.001083,0.001000,1.000000,1.000000,0.254951
no_capacity_floor,c12_r15m,12,15.000000,442,0.000000,0.033333,0.350207,0.377478,0.443810,0.000639,0.001000,1.000000,1.000000,0.232055
no_capacity_floor,c12_r15m,12,15.000000,433,0.000000,-0.006667,0.370757,0.221055,0.385708,0.000500,0.001000,1.000000,1.000000,0.283150
no_capacity_floor,c12_r15m,12,15.000000,444,0.000000,-0.010000,0.469697,0.612570,0.621408,0.000278,0.001000,1.000000,1.000000,0.177904
no_capacity_floor,c12_r15m,12,15.000000,445,0.000000,0.033333,0.255600,0.234698,0.461717,0.000250,0.001000,1.000000,1.000000,0.227273
no_capacity_floor,c12_r15m,12,15.000000,447,0.100000,0.015556,0.426442,0.267771,0.722360,0.001028,0.001000,1.000000,1.000000,0.177560
no_capacity_floor,c12_r15m,12,15.000000,437,0.000000,0.020202,0.253582,0.479047,0.604770,0.000417,0.001000,1.000000,1.000000,0.402217
no_capacity_floor,c12_r15m,12,15.000000,449,0.000000,0.000000,0.432448,0.582842,0.598097,0.000333,0.001000,1.000000,1.000000,0.525000
no_capacity_floor,c12_r15m,12,15.000000,438,0.000000,0.000000,0.288785,0.455605,0.726910,0.000806,0.001000,1.000000,1.000000,0.384026
no_capacity_floor,c12_r37.5m,12,37.500000,402,0.029539,0.026637,0.336788,0.522311,0.494668,0.010722,0.001000,1.000000,1.000000,0.489449
no_capacity_floor,c12_r37.5m,12,37.500000,403,0.088504,0.035663,0.427408,0.360883,0.733920,0.010250,0.001000,1.000000,1.000000,0.284327
no_capacity_floor,c12_r15m,12,15.000000,443,0.000000,0.000000,0.540786,0.485046,0.111985,0.000778,0.001000,1.000000,1.000000,0.100769
no_capacity_floor,c12_r37.5m,12,37.500000,405,0.022333,0.023605,0.157603,0.503379,0.554200,0.011583,0.001000,1.000000,1.000000,0.464539
no_capacity_floor,c12_r15m,12,15.000000,446,0.166667,0.076399,0.363071,0.483358,0.752558,0.000528,0.001000,1.000000,1.000000,0.558597
no_capacity_floor,c12_r37.5m,12,37.500000,407,0.038716,0.036929,0.495555,0.236836,0.837789,0.013667,0.001000,1.000000,1.000000,0.230140
no_capacity_floor,c12_r15m,12,15.000000,448,0.000000,0.044444,0.382729,0.313952,0.752178,0.000278,0.001000,1.000000,1.000000,0.210694
no_capacity_floor,c12_r37.5m,12,37.500000,408,0.014326,0.038083,0.405779,0.363860,0.609390,0.009750,0.001000,1.000000,1.000000,0.320410
no_capacity_floor,c12_r37.5m,12,37.500000,409,0.008145,0.015032,0.249806,0.397280,0.488950,0.006194,0.001000,1.000000,1.000000,0.362361
no_capacity_floor,c12_r37.5m,12,37.500000,411,0.048030,0.031107,0.411863,0.327368,0.719342,0.005111,0.001000,1.000000,1.000000,0.329079
no_capacity_floor,c12_r37.5m,12,37.500000,401,0.021127,0.052443,0.442880,0.498460,0.461986,0.012694,0.001000,1.000000,1.000000,0.342828
no_capacity_floor,c12_r37.5m,12,37.500000,413,-0.011726,0.028073,0.393712,0.809674,0.571198,0.003889,0.001000,1.000000,1.000000,0.816408
no_capacity_floor,c12_r37.5m,12,37.500000,400,0.035488,0.023609,0.340878,0.302556,0.501374,0.012444,0.001000,1.000000,1.000000,0.209729
no_capacity_floor,c12_r37.5m,12,37.500000,414,-0.001271,0.033614,0.380374,0.178490,0.636317,0.004889,0.001000,1.000000,1.000000,0.263775
no_capacity_floor,c12_r37.5m,12,37.500000,416,-0.003899,0.021696,0.425955,0.309501,0.869838,0.006417,0.001000,1.000000,1.000000,0.414054
no_capacity_floor,c12_r37.5m,12,37.500000,404,0.060443,0.046454,0.585261,0.583147,0.521015,0.019139,0.001000,1.000000,1.000000,0.451493
no_capacity_floor,c12_r37.5m,12,37.500000,406,-0.010985,0.021337,0.196139,0.672360,0.659643,0.016139,0.001000,1.000000,1.000000,0.616093
no_capacity_floor,c12_r37.5m,12,37.500000,418,0.048102,0.029261,0.386942,0.233136,0.814366,0.008694,0.001000,1.000000,1.000000,0.314095
no_capacity_floor,c12_r37.5m,12,37.500000,420,0.043803,0.031639,0.265738,0.531777,0.578553,0.010167,0.001000,1.000000,1.000000,0.427700
no_capacity_floor,c12_r37.5m,12,37.500000,421,0.027562,0.034970,0.496879,0.214837,0.733067,0.007083,0.001000,1.000000,1.000000,0.295424
no_capacity_floor,c12_r37.5m,12,37.500000,422,-0.044776,0.015659,0.212250,0.424407,0.467344,0.002389,0.001000,1.000000,1.000000,0.445342
no_capacity_floor,c12_r37.5m,12,37.500000,410,0.006645,0.023701,0.363009,0.245436,0.758201,0.013639,0.001000,1.000000,1.000000,0.241999
no_capacity_floor,c12_r37.5m,12,37.500000,412,0.010088,0.021952,0.332706,0.278129,0.641154,0.014778,0.001000,1.000000,1.000000,0.377986
no_capacity_floor,c12_r37.5m,12,37.500000,424,0.030217,0.024566,0.257123,0.330392,0.751092,0.007889,0.001000,1.000000,1.000000,0.205165
no_capacity_floor,c12_r37.5m,12,37.500000,426,0.003471,0.015604,0.164117,0.467146,0.298790,0.010639,0.001000,1.000000,1.000000,0.633282
no_capacity_floor,c12_r37.5m,12,37.500000,415,0.023072,0.028639,0.383833,0.238772,0.668308,0.004667,0.001000,1.000000,1.000000,0.244521
no_capacity_floor,c12_r37.5m,12,37.500000,427,0.082576,0.029169,0.267802,0.140225,0.612152,0.010861,0.001000,1.000000,1.000000,0.165433
no_capacity_floor,c12_r37.5m,12,37.500000,430,0.009176,0.044485,0.617797,0.471480,0.438040,0.011667,0.001000,1.000000,1.000000,0.514594
no_capacity_floor,c12_r37.5m,12,37.500000,431,0.081838,0.030190,0.459452,0.122302,0.781456,0.008806,0.001000,1.000000,1.000000,0.175983
no_capacity_floor,c12_r37.5m,12,37.500000,417,0.055309,0.048109,0.432459,0.327358,0.678441,0.010250,0.001000,1.000000,1.000000,0.425670
no_capacity_floor,c12_r37.5m,12,37.500000,419,0.047045,0.042491,0.503198,0.497489,0.497955,0.014111,0.001000,1.000000,1.000000,0.392469
no_capacity_floor,c12_r37.5m,12,37.500000,432,0.027076,0.041455,0.360537,0.304563,0.761379,0.008639,0.001000,1.000000,1.000000,0.266506
no_capacity_floor,c12_r37.5m,12,37.500000,433,0.020809,0.036615,0.457310,0.174260,0.715024,0.007222,0.001000,1.000000,1.000000,0.171591
no_capacity_floor,c12_r37.5m,12,37.500000,423,0.062500,0.024628,0.347824,0.353779,0.607530,0.007389,0.001000,1.000000,1.000000,0.373960
no_capacity_floor,c12_r37.5m,12,37.500000,436,0.033206,0.034188,0.484712,0.229043,0.702640,0.005694,0.001000,1.000000,1.000000,0.198500
no_capacity_floor,c12_r37.5m,12,37.500000,425,0.003811,0.021114,0.203421,0.431693,0.784758,0.009222,0.001000,1.000000,1.000000,0.379456
no_capacity_floor,c12_r37.5m,12,37.500000,437,0.037963,0.046121,0.594515,0.191953,0.554531,0.016778,0.001000,1.000000,1.000000,0.218932
no_capacity_floor,c12_r37.5m,12,37.500000,440,0.014492,0.004982,0.172239,0.544514,0.229630,0.013417,0.001000,1.000000,1.000000,0.422351
no_capacity_floor,c12_r37.5m,12,37.500000,439,0.001208,0.019581,0.273692,0.226440,0.662136,0.013444,0.001000,1.000000,1.000000,0.284967
no_capacity_floor,c12_r37.5m,12,37.500000,429,0.084131,0.028704,0.282965,0.445203,0.678957,0.009500,0.001000,1.000000,1.000000,0.434034
no_capacity_floor,c12_r37.5m,12,37.500000,428,-0.022698,0.035829,0.505530,0.603333,0.522428,0.004861,0.001000,1.000000,1.000000,0.738694
no_capacity_floor,c12_r37.5m,12,37.500000,444,-0.003591,0.045651,0.388613,0.327592,0.618542,0.012722,0.001000,1.000000,1.000000,0.242785
no_capacity_floor,c12_r37.5m,12,37.500000,445,0.025413,0.022064,0.279134,0.683949,0.735298,0.004333,0.001000,1.000000,1.000000,0.452265
no_capacity_floor,c12_r37.5m,12,37.500000,434,0.056293,0.036636,0.425954,0.335172,0.263275,0.014389,0.001000,1.000000,1.000000,0.370619
no_capacity_floor,c12_r37.5m,12,37.500000,441,0.020448,0.031593,0.327362,0.408650,0.404307,0.010583,0.001000,1.000000,1.000000,0.423891
no_capacity_floor,c12_r37.5m,12,37.500000,435,0.054252,0.043888,0.324764,0.281556,0.503109,0.013333,0.001000,1.000000,1.000000,0.239327
no_capacity_floor,c12_r37.5m,12,37.500000,447,0.046134,0.030706,0.255376,0.240322,0.632056,0.007222,0.001000,1.000000,1.000000,0.209933
no_capacity_floor,c12_r37.5m,12,37.500000,449,-0.012255,0.029342,0.345386,0.220469,0.259744,0.002417,0.001000,1.000000,1.000000,0.664907
no_capacity_floor,c12_r37.5m,12,37.500000,438,0.009551,0.016612,0.521801,0.185698,0.674582,0.005056,0.001000,1.000000,1.000000,0.160875
no_capacity_floor,c12_r37.5m,12,37.500000,442,0.011847,0.017421,0.413846,0.342398,0.452873,0.009167,0.001000,1.000000,1.000000,0.374659
no_capacity_floor,c12_r75m,12,75.000000,400,0.045402,0.030707,0.179337,0.340994,0.299662,0.004639,0.001000,1.000000,0.998333,0.346881
no_capacity_floor,c12_r37.5m,12,37.500000,443,0.042081,0.024645,0.177178,0.496269,0.700734,0.011056,0.001000,1.000000,1.000000,0.627516
no_capacity_floor,c12_r75m,12,75.000000,401,0.015700,0.023786,0.122470,0.370515,0.799300,0.026833,0.001000,1.000000,1.000000,0.315044
no_capacity_floor,c12_r75m,12,75.000000,404,0.084535,0.070757,0.492838,0.310590,0.614742,0.025500,0.001000,1.000000,1.000000,0.283959
no_capacity_floor,c12_r37.5m,12,37.500000,446,0.004760,0.027462,0.274752,0.377496,0.727748,0.010361,0.001000,1.000000,1.000000,0.344722
no_capacity_floor,c12_r75m,12,75.000000,405,0.040001,0.034494,0.277788,0.391089,0.431639,0.025111,0.001000,1.000000,0.998333,0.409955
no_capacity_floor,c12_r75m,12,75.000000,407,0.090009,0.080042,0.908010,0.698407,0.628987,0.042278,0.003468,0.983333,0.996667,0.509524
no_capacity_floor,c12_r37.5m,12,37.500000,448,0.081945,0.053401,0.349242,0.293646,0.339544,0.005972,0.001000,1.000000,1.000000,0.409171
no_capacity_floor,c12_r75m,12,75.000000,410,0.061093,0.067208,0.692663,0.859046,0.889797,0.019000,0.001000,1.000000,0.993333,0.815692
no_capacity_floor,c12_r75m,12,75.000000,409,0.089907,0.045578,0.629921,0.929910,0.556720,0.055639,0.013026,0.950000,0.983333,0.816100
no_capacity_floor,c12_r75m,12,75.000000,413,0.068067,0.067445,0.745070,0.481448,0.507360,0.044833,0.001000,1.000000,0.998333,0.516120
no_capacity_floor,c12_r75m,12,75.000000,402,0.080166,0.037226,0.263968,0.536250,0.290288,0.023889,0.001000,1.000000,1.000000,0.608870
no_capacity_floor,c12_r75m,12,75.000000,415,0.050098,0.062539,0.381978,0.198546,0.489423,0.021583,0.001000,1.000000,1.000000,0.193128
no_capacity_floor,c12_r75m,12,75.000000,403,0.047450,0.030955,0.207058,0.690781,0.841181,0.027778,0.001638,0.983333,0.993333,0.627236
no_capacity_floor,c12_r75m,12,75.000000,416,0.045073,0.044943,0.335079,0.401237,0.539771,0.047056,0.001000,1.000000,0.998333,0.320000
no_capacity_floor,c12_r75m,12,75.000000,418,0.083879,0.060545,0.382856,0.262183,0.629252,0.038444,0.001000,1.000000,0.996667,0.191176
no_capacity_floor,c12_r75m,12,75.000000,419,0.036372,0.049240,0.741819,0.727138,0.551444,0.007389,0.001000,1.000000,0.996667,0.754524
no_capacity_floor,c12_r75m,12,75.000000,406,0.071197,0.060757,0.537104,0.601371,0.284953,0.036306,0.001000,1.000000,0.996667,0.440052
no_capacity_floor,c12_r75m,12,75.000000,421,0.079833,0.064835,0.273974,0.274781,0.290930,0.018333,0.001000,1.000000,1.000000,0.220661
no_capacity_floor,c12_r75m,12,75.000000,408,0.015391,0.076984,0.323886,0.096419,0.689393,0.007056,0.001000,1.000000,0.998333,0.154503
no_capacity_floor,c12_r75m,12,75.000000,422,0.098763,0.085794,0.834601,0.904543,0.168000,0.022500,0.001000,1.000000,0.996667,0.892653
no_capacity_floor,c12_r75m,12,75.000000,411,0.042539,0.039208,0.446283,0.252354,0.578420,0.016778,0.001000,1.000000,1.000000,0.253716
no_capacity_floor,c12_r75m,12,75.000000,412,0.036564,0.025530,0.271660,0.118750,0.445763,0.049917,0.001000,1.000000,0.998333,0.159247
no_capacity_floor,c12_r75m,12,75.000000,414,0.030296,0.026099,0.188543,0.252008,0.342349,0.022361,0.001000,1.000000,1.000000,0.399533
no_capacity_floor,c12_r75m,12,75.000000,423,0.059885,0.042385,0.887358,0.916104,0.753401,0.034389,0.002235,0.983333,0.993333,0.680952
no_capacity_floor,c12_r75m,12,75.000000,425,0.075647,0.083585,0.726722,0.697195,0.370420,0.018083,0.001000,1.000000,0.996667,0.784269
no_capacity_floor,c12_r75m,12,75.000000,417,0.069987,0.050098,0.806757,0.631911,0.938886,0.018889,0.002451,0.983333,0.988333,0.625877
no_capacity_floor,c12_r75m,12,75.000000,427,0.060440,0.045514,0.431836,0.545088,0.405477,0.018639,0.001000,1.000000,0.996667,0.418435
no_capacity_floor,c12_r75m,12,75.000000,429,0.013811,0.030695,0.291550,0.193584,0.776212,0.017028,0.001000,1.000000,1.000000,0.254250
no_capacity_floor,c12_r75m,12,75.000000,431,0.077462,0.068214,0.591485,0.349578,0.804060,0.009167,0.001000,1.000000,1.000000,0.400612
no_capacity_floor,c12_r75m,12,75.000000,420,0.056614,0.065550,0.581343,0.329497,0.800765,0.005944,0.001000,1.000000,0.998333,0.372522
no_capacity_floor,c12_r75m,12,75.000000,428,0.070675,0.062831,0.900569,0.720665,0.276784,0.054750,0.002253,0.983333,0.996667,0.807607
no_capacity_floor,c12_r75m,12,75.000000,433,0.042211,0.039083,0.298092,0.502484,0.617658,0.024583,0.001000,1.000000,1.000000,0.420322
no_capacity_floor,c12_r75m,12,75.000000,424,0.067281,0.051544,0.541351,0.457100,0.449392,0.020556,0.001000,1.000000,0.998333,0.227298
no_capacity_floor,c12_r75m,12,75.000000,438,0.093710,0.056964,0.464963,0.541136,0.236685,0.053806,0.001000,1.000000,0.998333,0.399265
no_capacity_floor,c12_r75m,12,75.000000,426,0.091261,0.045585,0.858522,0.886241,0.922782,0.054833,0.001000,1.000000,0.988333,0.879260
no_capacity_floor,c12_r75m,12,75.000000,437,0.063115,0.052344,0.635889,0.787805,0.888335,0.054389,0.002164,0.983333,0.995000,0.847169
no_capacity_floor,c12_r75m,12,75.000000,440,0.019586,0.037352,0.327660,0.633561,0.645340,0.031306,0.001000,1.000000,1.000000,0.478723
no_capacity_floor,c12_r75m,12,75.000000,441,0.056199,0.032484,0.271152,0.168829,0.665181,0.027556,0.001000,1.000000,1.000000,0.228649
no_capacity_floor,c12_r75m,12,75.000000,442,0.067243,0.067314,0.582147,0.365824,0.779301,0.030750,0.001000,1.000000,1.000000,0.284057
no_capacity_floor,c12_r75m,12,75.000000,430,0.016399,0.021932,0.136910,0.592536,0.485897,0.021778,0.001000,1.000000,1.000000,0.358083
no_capacity_floor,c12_r75m,12,75.000000,444,0.048527,0.040945,0.324867,0.272638,0.689818,0.057444,0.001000,1.000000,1.000000,0.288748
no_capacity_floor,c12_r75m,12,75.000000,445,0.060914,0.051436,0.433406,0.239187,0.678223,0.025361,0.001000,1.000000,0.996667,0.263647
no_capacity_floor,c12_r75m,12,75.000000,432,0.037984,0.054809,0.599601,0.904949,0.937468,0.069194,0.001000,1.000000,0.990000,0.916299
no_capacity_floor,c12_r75m,12,75.000000,434,0.084815,0.081278,0.771530,0.923473,0.940792,0.024361,0.001272,0.983333,0.980000,0.867455
no_capacity_floor,c12_r75m,12,75.000000,435,0.053577,0.052187,0.516664,0.508457,0.742811,0.020139,0.001000,1.000000,1.000000,0.527203
no_capacity_floor,c12_r75m,12,75.000000,447,0.043829,0.047107,0.292015,0.561786,0.744151,0.029417,0.001000,1.000000,1.000000,0.787973
no_capacity_floor,c12_r75m,12,75.000000,449,0.047167,0.056967,0.544742,0.302536,0.708180,0.020556,0.001000,1.000000,1.000000,0.232259
no_capacity_floor,c12_r75m,12,75.000000,436,0.080079,0.071489,0.703143,0.262912,0.361813,0.052528,0.001000,1.000000,1.000000,0.435510
no_capacity_floor,c12_r75m,12,75.000000,439,0.093378,0.078178,0.649206,0.307076,0.626203,0.050917,0.001000,1.000000,1.000000,0.272513
no_capacity_floor,c12_r75m,12,75.000000,443,0.066555,0.043340,0.318135,0.331862,0.288574,0.049917,0.001000,1.000000,1.000000,0.313186
no_capacity_floor,c12_r150m,12,150.000000,400,0.103361,0.102338,0.853216,0.866404,0.884437,0.167333,0.717580,0.016667,0.003333,0.873719
no_capacity_floor,c12_r150m,12,150.000000,401,0.087942,0.107519,0.823527,0.893945,0.616254,0.160917,0.657171,0.000000,0.006667,0.879805
no_capacity_floor,c12_r150m,12,150.000000,402,0.102899,0.102600,0.822047,0.884554,0.613993,0.160917,0.672144,0.000000,0.003333,0.842006
no_capacity_floor,c12_r75m,12,75.000000,446,0.021201,0.014368,0.143098,0.161361,0.721519,0.049389,0.001000,1.000000,1.000000,0.189945
no_capacity_floor,c12_r150m,12,150.000000,404,0.119557,0.110792,0.870421,0.895736,0.472726,0.161583,0.710767,0.000000,0.010000,0.879748
no_capacity_floor,c12_r150m,12,150.000000,405,0.111018,0.102225,0.869646,0.912119,0.552488,0.155556,0.627799,0.000000,0.010000,0.883854
no_capacity_floor,c12_r75m,12,75.000000,448,0.055326,0.065263,0.800499,0.903517,0.865763,0.055139,0.001000,1.000000,0.983333,0.854837
no_capacity_floor,c12_r150m,12,150.000000,410,0.116290,0.108329,0.900719,0.867453,0.671086,0.155583,0.639473,0.016667,0.016667,0.859067
no_capacity_floor,c12_r150m,12,150.000000,409,0.109047,0.105308,0.820670,0.818813,0.689319,0.162639,0.687862,0.016667,0.008333,0.834136
no_capacity_floor,c12_r150m,12,150.000000,414,0.105844,0.101525,0.847782,0.889737,0.521155,0.157833,0.631190,0.016667,0.006667,0.884879
no_capacity_floor,c12_r150m,12,150.000000,403,0.106994,0.107075,0.853788,0.881375,0.854942,0.159333,0.651085,0.033333,0.011667,0.857869
no_capacity_floor,c12_r150m,12,150.000000,415,0.092639,0.098869,0.821446,0.838185,0.795673,0.155417,0.600411,0.000000,0.003333,0.808017
no_capacity_floor,c12_r150m,12,150.000000,416,0.103520,0.105103,0.831004,0.759393,0.648521,0.163694,0.692835,0.016667,0.006667,0.806457
no_capacity_floor,c12_r150m,12,150.000000,418,0.117060,0.112687,0.889777,0.864522,0.758960,0.161306,0.692189,0.000000,0.003333,0.851097
no_capacity_floor,c12_r150m,12,150.000000,407,0.110899,0.103192,0.874837,0.876420,0.529132,0.168167,0.725483,0.000000,0.013333,0.884536
no_capacity_floor,c12_r150m,12,150.000000,419,0.106977,0.105312,0.901634,0.861019,0.880932,0.157528,0.655707,0.000000,0.008333,0.865451
no_capacity_floor,c12_r150m,12,150.000000,406,0.098740,0.103785,0.814370,0.843697,0.756076,0.161444,0.694742,0.000000,0.010000,0.846394
no_capacity_floor,c12_r150m,12,150.000000,408,0.110918,0.111632,0.858556,0.822455,0.773611,0.164472,0.721294,0.033333,0.018333,0.841057
no_capacity_floor,c12_r150m,12,150.000000,421,0.091856,0.096849,0.804518,0.847126,0.767493,0.156111,0.605527,0.000000,0.003333,0.855151
no_capacity_floor,c12_r150m,12,150.000000,422,0.083121,0.115375,0.814668,0.911820,0.438327,0.155306,0.630207,0.000000,0.006667,0.851766
no_capacity_floor,c12_r150m,12,150.000000,411,0.102110,0.101616,0.857723,0.850123,0.805980,0.166444,0.722019,0.016667,0.021667,0.805862
no_capacity_floor,c12_r150m,12,150.000000,412,0.117773,0.105785,0.820823,0.912585,0.708401,0.161389,0.697323,0.000000,0.003333,0.889730
no_capacity_floor,c12_r150m,12,150.000000,413,0.092427,0.108678,0.759546,0.843119,0.475162,0.156417,0.614947,0.000000,0.013333,0.822337
no_capacity_floor,c12_r150m,12,150.000000,423,0.098999,0.114097,0.871115,0.901676,0.397592,0.158500,0.630207,0.033333,0.008333,0.866509
no_capacity_floor,c12_r150m,12,150.000000,417,0.113247,0.110602,0.836806,0.855857,0.613964,0.161694,0.681668,0.000000,0.011667,0.803720
no_capacity_floor,c12_r150m,12,150.000000,420,0.102391,0.104455,0.756914,0.859347,0.507795,0.159583,0.689923,0.000000,0.013333,0.790258
no_capacity_floor,c12_r150m,12,150.000000,425,0.085043,0.101683,0.891711,0.885592,0.562440,0.159889,0.647349,0.000000,0.008333,0.847889
no_capacity_floor,c12_r150m,12,150.000000,426,0.125407,0.104505,0.798073,0.855384,0.513739,0.165111,0.683226,0.033333,0.011667,0.845091
no_capacity_floor,c12_r150m,12,150.000000,427,0.121535,0.114627,0.888296,0.800960,0.585961,0.154639,0.589836,0.000000,0.011667,0.776395
no_capacity_floor,c12_r150m,12,150.000000,429,0.108597,0.115965,0.885984,0.841892,0.437433,0.154750,0.656966,0.000000,0.015000,0.809443
no_capacity_floor,c12_r150m,12,150.000000,432,0.105653,0.101482,0.866920,0.889979,0.629588,0.158861,0.665765,0.000000,0.010000,0.857820
no_capacity_floor,c12_r150m,12,150.000000,433,0.110579,0.109358,0.846131,0.854842,0.576872,0.156083,0.659905,0.000000,0.008333,0.877776
no_capacity_floor,c12_r150m,12,150.000000,424,0.113719,0.106244,0.806344,0.807280,0.639561,0.155556,0.630620,0.033333,0.011667,0.815831
no_capacity_floor,c12_r150m,12,150.000000,437,0.113268,0.113110,0.905528,0.905382,0.687688,0.158778,0.680923,0.000000,0.011667,0.870076
no_capacity_floor,c12_r150m,12,150.000000,440,0.107879,0.108480,0.817120,0.869878,0.795839,0.167556,0.760601,0.000000,0.008333,0.871495
no_capacity_floor,c12_r150m,12,150.000000,441,0.112608,0.099329,0.893131,0.801387,0.651042,0.158639,0.644248,0.000000,0.010000,0.822775
no_capacity_floor,c12_r150m,12,150.000000,428,0.119426,0.108082,0.870958,0.838236,0.608014,0.158167,0.644116,0.000000,0.010000,0.856433
no_capacity_floor,c12_r150m,12,150.000000,442,0.092302,0.101826,0.821875,0.916093,0.710927,0.166917,0.704501,0.000000,0.008333,0.860173
no_capacity_floor,c12_r150m,12,150.000000,430,0.094892,0.097829,0.794200,0.853717,0.838684,0.152472,0.602047,0.033333,0.011667,0.824170
no_capacity_floor,c12_r150m,12,150.000000,443,0.099234,0.106882,0.893808,0.928825,0.721003,0.166778,0.726782,0.000000,0.001667,0.887120
no_capacity_floor,c12_r150m,12,150.000000,431,0.107545,0.096888,0.805099,0.817461,0.737355,0.159722,0.658508,0.000000,0.013333,0.814033
no_capacity_floor,c12_r150m,12,150.000000,434,0.108755,0.098435,0.791544,0.874114,0.654511,0.143222,0.580189,0.016667,0.015000,0.822714
no_capacity_floor,c12_r150m,12,150.000000,444,0.088206,0.103711,0.774615,0.838155,0.489725,0.156611,0.601928,0.000000,0.003333,0.801039
no_capacity_floor,c12_r150m,12,150.000000,445,0.120603,0.103935,0.848309,0.875119,0.500428,0.162972,0.692650,0.000000,0.013333,0.898451
no_capacity_floor,c12_r150m,12,150.000000,435,0.106062,0.108071,0.863569,0.868461,0.717976,0.160250,0.664917,0.000000,0.013333,0.830993
no_capacity_floor,c12_r150m,12,150.000000,436,0.101594,0.102357,0.865095,0.868530,0.811299,0.163972,0.699134,0.000000,0.006667,0.872559
no_capacity_floor,c12_r150m,12,150.000000,438,0.105313,0.100879,0.830060,0.854122,0.693827,0.158861,0.673359,0.033333,0.020000,0.857209
no_capacity_floor,c12_r150m,12,150.000000,439,0.105338,0.103041,0.859957,0.804259,0.683651,0.162472,0.683429,0.000000,0.006667,0.815134
no_capacity_floor,c12_r150m,12,150.000000,449,0.102372,0.103405,0.789331,0.857762,0.860460,0.157389,0.597250,0.000000,0.013333,0.843439
no_capacity_floor,c12_r150m,12,150.000000,447,0.112878,0.103073,0.877127,0.867904,0.731509,0.165472,0.698981,0.016667,0.010000,0.864034
no_capacity_floor,c12_r150m,12,150.000000,448,0.114124,0.112107,0.863376,0.880573,0.546694,0.160806,0.662172,0.000000,0.015000,0.801386
no_capacity_floor,c12_r300m,12,300.000000,401,0.163497,0.152742,0.811886,0.830713,0.649765,0.321000,2.694963,0.000000,0.000000,0.852273
no_capacity_floor,c12_r300m,12,300.000000,402,0.137666,0.148763,0.806932,0.708675,0.618581,0.297167,2.423664,0.000000,0.000000,0.718962
no_capacity_floor,c12_r300m,12,300.000000,406,0.142393,0.157805,0.828316,0.802429,0.642302,0.304472,2.504117,0.000000,0.000000,0.812912
no_capacity_floor,c12_r300m,12,300.000000,407,0.139967,0.156065,0.810856,0.857931,0.770472,0.325944,2.727652,0.000000,0.000000,0.774037
no_capacity_floor,c12_r150m,12,150.000000,446,0.106358,0.101201,0.902983,0.830382,0.823317,0.159667,0.657678,0.016667,0.008333,0.840348
no_capacity_floor,c12_r300m,12,300.000000,412,0.156839,0.158733,0.769252,0.819427,0.664761,0.324556,2.691199,0.000000,0.000000,0.734534
no_capacity_floor,c12_r300m,12,300.000000,413,0.135938,0.138678,0.826122,0.812913,0.465467,0.304111,2.493308,0.000000,0.000000,0.670026
no_capacity_floor,c12_r300m,12,300.000000,414,0.131700,0.139430,0.564411,0.684510,0.478508,0.296667,2.358318,0.000000,0.000000,0.752378
no_capacity_floor,c12_r300m,12,300.000000,400,0.148245,0.153125,0.685967,0.811681,0.515285,0.311250,2.551762,0.000000,0.000000,0.724535
no_capacity_floor,c12_r300m,12,300.000000,404,0.142667,0.135453,0.766906,0.800192,0.559155,0.318389,2.628864,0.000000,0.000000,0.718680
no_capacity_floor,c12_r300m,12,300.000000,403,0.173647,0.157158,0.874182,0.892198,0.770716,0.332861,2.781330,0.000000,0.000000,0.879495
no_capacity_floor,c12_r300m,12,300.000000,416,0.135732,0.135553,0.717521,0.730848,0.665312,0.302389,2.475955,0.000000,0.000000,0.688610
no_capacity_floor,c12_r300m,12,300.000000,415,0.163705,0.151098,0.762799,0.721487,0.632108,0.298083,2.427638,0.000000,0.000000,0.707415
no_capacity_floor,c12_r300m,12,300.000000,409,0.152510,0.152342,0.756778,0.859297,0.314992,0.311806,2.548426,0.000000,0.000000,0.820652
no_capacity_floor,c12_r300m,12,300.000000,405,0.173236,0.160501,0.872040,0.835941,0.653406,0.332361,2.800543,0.000000,0.000000,0.837243
no_capacity_floor,c12_r300m,12,300.000000,408,0.151410,0.150541,0.733889,0.800574,0.698143,0.320694,2.639631,0.000000,0.000000,0.719429
no_capacity_floor,c12_r300m,12,300.000000,417,0.155769,0.163436,0.804865,0.768393,0.719986,0.310194,2.583031,0.000000,0.000000,0.823034
no_capacity_floor,c12_r300m,12,300.000000,418,0.146116,0.148446,0.808298,0.851094,0.800765,0.318778,2.671286,0.000000,0.000000,0.859058
no_capacity_floor,c12_r300m,12,300.000000,420,0.151135,0.134736,0.730752,0.724509,0.683482,0.311500,2.562599,0.000000,0.000000,0.632337
no_capacity_floor,c12_r300m,12,300.000000,422,0.141946,0.126840,0.795120,0.782248,0.428260,0.313111,2.553263,0.000000,0.000000,0.757402
no_capacity_floor,c12_r300m,12,300.000000,411,0.124669,0.151027,0.661707,0.734025,0.692059,0.299972,2.410490,0.000000,0.000000,0.736220
no_capacity_floor,c12_r300m,12,300.000000,410,0.139342,0.153854,0.649310,0.818537,0.666992,0.321028,2.672895,0.000000,0.000000,0.854252
no_capacity_floor,c12_r300m,12,300.000000,421,0.129668,0.135120,0.679018,0.794653,0.745269,0.306556,2.499089,0.000000,0.000000,0.768663
no_capacity_floor,c12_r300m,12,300.000000,427,0.168288,0.166195,0.789191,0.829568,0.224533,0.333750,2.811066,0.000000,0.000000,0.792053
no_capacity_floor,c12_r300m,12,300.000000,426,0.164031,0.156962,0.802609,0.746555,0.728840,0.319306,2.654462,0.000000,0.000000,0.750120
no_capacity_floor,c12_r300m,12,300.000000,431,0.163548,0.149710,0.839882,0.790883,0.733708,0.326611,2.753372,0.000000,0.000000,0.659140
no_capacity_floor,c12_r300m,12,300.000000,419,0.142919,0.144858,0.756949,0.826025,0.508377,0.313139,2.596145,0.000000,0.000000,0.820624
no_capacity_floor,c12_r300m,12,300.000000,433,0.132687,0.146464,0.711760,0.715377,0.587312,0.299528,2.410608,0.000000,0.000000,0.678613
no_capacity_floor,c12_r300m,12,300.000000,432,0.170810,0.166693,0.892404,0.897928,0.289633,0.334500,2.811310,0.000000,0.000000,0.891621
no_capacity_floor,c12_r300m,12,300.000000,434,0.159622,0.154018,0.845242,0.872760,0.742023,0.339556,2.876201,0.000000,0.000000,0.869401
no_capacity_floor,c12_r300m,12,300.000000,423,0.177072,0.146634,0.757488,0.787530,0.645210,0.312250,2.629661,0.000000,0.000000,0.822853
no_capacity_floor,c12_r300m,12,300.000000,424,0.143873,0.148383,0.816959,0.796366,0.259548,0.322500,2.691048,0.000000,0.000000,0.810818
no_capacity_floor,c12_r300m,12,300.000000,437,0.145515,0.153514,0.817134,0.786236,0.703230,0.327028,2.701256,0.000000,0.000000,0.754027
no_capacity_floor,c12_r300m,12,300.000000,425,0.165972,0.158686,0.824313,0.788881,0.801725,0.317417,2.655588,0.000000,0.000000,0.756948
no_capacity_floor,c12_r300m,12,300.000000,428,0.139693,0.137844,0.751792,0.881229,0.303683,0.322417,2.664118,0.000000,0.000000,0.845156
no_capacity_floor,c12_r300m,12,300.000000,429,0.115955,0.128638,0.695141,0.753649,0.703814,0.311806,2.531666,0.000000,0.000000,0.715956
no_capacity_floor,c12_r300m,12,300.000000,438,0.155762,0.146569,0.747609,0.755344,0.619032,0.315111,2.593213,0.000000,0.000000,0.773768
no_capacity_floor,c12_r300m,12,300.000000,439,0.162039,0.150300,0.853297,0.862154,0.780797,0.328611,2.744633,0.000000,0.000000,0.845227
no_capacity_floor,c12_r300m,12,300.000000,430,0.166682,0.158427,0.834111,0.808743,0.517135,0.316389,2.618556,0.000000,0.000000,0.787053
no_capacity_floor,c12_r300m,12,300.000000,440,0.151177,0.154497,0.835743,0.793612,0.771175,0.320306,2.646622,0.000000,0.000000,0.837692
no_capacity_floor,c12_r300m,12,300.000000,442,0.144875,0.135022,0.613833,0.786582,0.611852,0.306000,2.490097,0.000000,0.000000,0.766054
no_capacity_floor,c12_r300m,12,300.000000,436,0.147161,0.139777,0.729010,0.788243,0.509576,0.316750,2.596739,0.000000,0.000000,0.704975
no_capacity_floor,c12_r300m,12,300.000000,435,0.141271,0.153845,0.785078,0.882416,0.832453,0.327417,2.752873,0.000000,0.000000,0.871001
no_capacity_floor,c12_r300m,12,300.000000,443,0.136610,0.149698,0.677581,0.833182,0.514620,0.325056,2.688192,0.000000,0.000000,0.830644
no_capacity_floor,c12_r300m,12,300.000000,444,0.153926,0.165152,0.829134,0.875957,0.511091,0.315528,2.633350,0.000000,0.000000,0.858124
no_capacity_floor,c12_r300m,12,300.000000,441,0.162503,0.147899,0.801492,0.736723,0.480909,0.311917,2.533930,0.000000,0.000000,0.744205
no_capacity_floor,c12_r300m,12,300.000000,447,0.138090,0.135051,0.765460,0.827113,0.836459,0.315028,2.592108,0.000000,0.000000,0.757431
no_capacity_floor,c12_r300m,12,300.000000,446,0.152187,0.142984,0.760227,0.727048,0.690171,0.314056,2.601057,0.000000,0.000000,0.680992
no_capacity_floor,c12_r600m,12,600.000000,401,0.166076,0.154550,0.716805,0.878831,0.844757,0.584222,5.921488,0.000000,0.000000,0.843988
no_capacity_floor,c12_r600m,12,600.000000,402,0.150522,0.161396,0.611326,0.859040,0.843316,0.551222,5.567424,0.000000,0.000000,0.840183
no_capacity_floor,c12_r600m,12,600.000000,404,0.138017,0.133069,0.554576,0.851495,0.745594,0.544083,5.514165,0.000000,0.000000,0.821763
no_capacity_floor,c12_r300m,12,300.000000,445,0.135825,0.145750,0.709207,0.763722,0.594321,0.300667,2.452218,0.000000,0.000000,0.764703
no_capacity_floor,c12_r600m,12,600.000000,405,0.180873,0.147366,0.705870,0.700832,0.313685,0.557917,5.632309,0.000000,0.000000,0.665444
no_capacity_floor,c12_r300m,12,300.000000,448,0.159896,0.147335,0.846775,0.858024,0.660509,0.326944,2.731788,0.000000,0.000000,0.861936
no_capacity_floor,c12_r600m,12,600.000000,408,0.147764,0.147849,0.582658,0.776710,0.540008,0.583389,5.922268,0.000000,0.000000,0.816543
no_capacity_floor,c12_r600m,12,600.000000,409,0.132331,0.126800,0.680314,0.800115,0.714658,0.564583,5.707332,0.000000,0.000000,0.768570
no_capacity_floor,c12_r300m,12,300.000000,449,0.165190,0.154264,0.849766,0.855776,0.644044,0.322083,2.689336,0.000000,0.000000,0.765605
no_capacity_floor,c12_r600m,12,600.000000,400,0.131393,0.144662,0.665711,0.829524,0.351157,0.571556,5.797906,0.000000,0.000000,0.796943
no_capacity_floor,c12_r600m,12,600.000000,403,0.169525,0.170131,0.826034,0.786126,0.764166,0.576528,5.857391,0.000000,0.000000,0.765604
no_capacity_floor,c12_r600m,12,600.000000,415,0.113026,0.124057,0.396885,0.435184,0.568977,0.510028,5.097765,0.000000,0.000000,0.371851
no_capacity_floor,c12_r600m,12,600.000000,413,0.138822,0.123453,0.498268,0.768208,0.583555,0.559833,5.681694,0.000000,0.000000,0.798295
no_capacity_floor,c12_r600m,12,600.000000,407,0.125006,0.144110,0.530329,0.592136,0.596547,0.547944,5.510408,0.000000,0.000000,0.525447
no_capacity_floor,c12_r600m,12,600.000000,414,0.173150,0.168598,0.814646,0.776760,0.621372,0.561028,5.714821,0.000000,0.000000,0.727484
no_capacity_floor,c12_r600m,12,600.000000,406,0.123576,0.140862,0.499312,0.797205,0.690226,0.575444,5.837539,0.000000,0.000000,0.765476
no_capacity_floor,c12_r600m,12,600.000000,417,0.146306,0.147468,0.729803,0.796474,0.323988,0.581611,5.911759,0.000000,0.000000,0.752184
no_capacity_floor,c12_r600m,12,600.000000,420,0.148196,0.134724,0.625810,0.827839,0.685085,0.565639,5.743114,0.000000,0.000000,0.782554
no_capacity_floor,c12_r600m,12,600.000000,419,0.136085,0.124764,0.550030,0.663491,0.595574,0.535583,5.388661,0.000000,0.000000,0.677475
no_capacity_floor,c12_r600m,12,600.000000,410,0.143462,0.157527,0.610432,0.671345,0.344685,0.542667,5.509309,0.000000,0.000000,0.526342
no_capacity_floor,c12_r600m,12,600.000000,412,0.148915,0.145687,0.501805,0.478456,0.436910,0.505806,5.099459,0.000000,0.000000,0.484867
no_capacity_floor,c12_r600m,12,600.000000,416,0.133286,0.118253,0.471350,0.679103,0.373626,0.545861,5.513541,0.000000,0.000000,0.641355
no_capacity_floor,c12_r600m,12,600.000000,411,0.122173,0.138535,0.530451,0.802144,0.678919,0.532917,5.395095,0.000000,0.000000,0.765192
no_capacity_floor,c12_r600m,12,600.000000,425,0.117680,0.110579,0.518015,0.569769,0.661433,0.536806,5.367194,0.000000,0.000000,0.489852
no_capacity_floor,c12_r600m,12,600.000000,424,0.174318,0.156445,0.714510,0.791142,0.378425,0.554139,5.598684,0.000000,0.000000,0.804930
no_capacity_floor,c12_r600m,12,600.000000,427,0.159732,0.166883,0.771985,0.576517,0.463124,0.558917,5.626707,0.000000,0.000000,0.579894
no_capacity_floor,c12_r600m,12,600.000000,429,0.137355,0.144284,0.519334,0.773052,0.664883,0.552222,5.588343,0.000000,0.000000,0.776118
no_capacity_floor,c12_r600m,12,600.000000,418,0.131512,0.137797,0.648225,0.692946,0.265122,0.551778,5.563994,0.000000,0.000000,0.662636
no_capacity_floor,c12_r600m,12,600.000000,421,0.163046,0.166698,0.795875,0.628749,0.464365,0.557833,5.644382,0.000000,0.000000,0.582674
no_capacity_floor,c12_r600m,12,600.000000,431,0.116636,0.121617,0.453735,0.327459,0.579543,0.482472,4.835157,0.000000,0.000000,0.263848
no_capacity_floor,c12_r600m,12,600.000000,430,0.153343,0.174321,0.806135,0.800632,0.473284,0.569139,5.740638,0.000000,0.000000,0.708545
no_capacity_floor,c12_r600m,12,600.000000,422,0.151128,0.153643,0.762940,0.536609,0.533306,0.522389,5.230821,0.000000,0.000000,0.479591
no_capacity_floor,c12_r600m,12,600.000000,436,0.078742,0.079527,0.314827,0.189811,0.585302,0.466972,4.637185,0.000000,0.000000,0.174015
no_capacity_floor,c12_r600m,12,600.000000,428,0.154095,0.135276,0.748877,0.710693,0.809372,0.508194,5.159146,0.000000,0.000000,0.660221
no_capacity_floor,c12_r600m,12,600.000000,437,0.171907,0.149977,0.771376,0.509029,0.829230,0.547750,5.507184,0.000000,0.000000,0.404886
no_capacity_floor,c12_r600m,12,600.000000,438,0.143325,0.132242,0.555370,0.398530,0.375653,0.525361,5.256250,0.000000,0.000000,0.418259
no_capacity_floor,c12_r600m,12,600.000000,426,0.140219,0.142397,0.653661,0.733349,0.617429,0.560944,5.684432,0.000000,0.000000,0.776779
no_capacity_floor,c12_r600m,12,600.000000,423,0.101333,0.123909,0.421103,0.741034,0.688129,0.536806,5.385225,0.000000,0.000000,0.753040
no_capacity_floor,c12_r600m,12,600.000000,439,0.163505,0.163988,0.733256,0.683769,0.605436,0.567333,5.721158,0.000000,0.000000,0.683998
no_capacity_floor,c12_r600m,12,600.000000,443,0.125484,0.145318,0.620722,0.673593,0.612367,0.574056,5.824719,0.000000,0.000000,0.665777
no_capacity_floor,c16_r15m,16,15.000000,401,0.000000,-0.006250,0.374984,0.304613,0.794723,0.000889,0.001000,1.000000,1.000000,0.197500
no_capacity_floor,c12_r600m,12,600.000000,442,0.154392,0.130991,0.742994,0.731396,0.528725,0.551167,5.557271,0.000000,0.000000,0.708265
no_capacity_floor,c16_r15m,16,15.000000,400,0.000000,0.007359,0.470932,0.159058,0.307132,0.001889,0.001000,1.000000,1.000000,0.224318
no_capacity_floor,c12_r600m,12,600.000000,441,0.181021,0.171469,0.908457,0.860313,0.735836,0.588694,6.014469,0.000000,0.000000,0.758889
no_capacity_floor,c16_r15m,16,15.000000,402,0.000000,0.023611,0.349018,0.365676,0.372396,0.001333,0.001000,1.000000,1.000000,0.322055
no_capacity_floor,c12_r600m,12,600.000000,432,0.162339,0.153240,0.693358,0.762414,0.810641,0.566944,5.787127,0.000000,0.000000,0.748645
no_capacity_floor,c16_r15m,16,15.000000,403,0.000000,-0.010000,0.267686,0.554509,0.528390,0.000750,0.001000,1.000000,1.000000,0.325137
no_capacity_floor,c12_r600m,12,600.000000,433,0.131693,0.146360,0.788004,0.804690,0.577999,0.579389,5.870959,0.000000,0.000000,0.811308
no_capacity_floor,c12_r600m,12,600.000000,447,0.159325,0.141617,0.685253,0.688171,0.796374,0.562056,5.646207,0.000000,0.000000,0.658187
no_capacity_floor,c12_r600m,12,600.000000,435,0.165975,0.158100,0.711832,0.762114,0.792326,0.565306,5.719839,0.000000,0.000000,0.734506
no_capacity_floor,c12_r600m,12,600.000000,445,0.143811,0.138704,0.559960,0.823368,0.503481,0.562528,5.695697,0.000000,0.000000,0.855262
no_capacity_floor,c16_r15m,16,15.000000,404,-0.047619,0.037647,0.520450,0.249592,0.798075,0.000833,0.001000,1.000000,1.000000,0.272177
no_capacity_floor,c12_r600m,12,600.000000,434,0.161489,0.157473,0.793964,0.830224,0.770436,0.584972,5.938057,0.000000,0.000000,0.847675
no_capacity_floor,c12_r600m,12,600.000000,448,0.147886,0.151300,0.768839,0.818854,0.609710,0.578722,5.863825,0.000000,0.000000,0.771751
no_capacity_floor,c16_r15m,16,15.000000,407,0.000000,-0.000549,0.413320,0.449857,0.681260,0.000806,0.001000,1.000000,1.000000,0.385289
no_capacity_floor,c16_r15m,16,15.000000,406,0.000000,0.010714,0.501547,0.277761,0.821904,0.000250,0.001000,1.000000,1.000000,0.128492
no_capacity_floor,c12_r600m,12,600.000000,440,0.136025,0.130750,0.704225,0.634041,0.422991,0.556639,5.578460,0.000000,0.000000,0.666987
no_capacity_floor,c16_r15m,16,15.000000,409,0.000000,0.000000,0.408582,0.532797,0.341493,0.000750,0.001000,1.000000,1.000000,0.019643
no_capacity_floor,c16_r15m,16,15.000000,411,0.000000,0.078070,0.375003,0.305816,0.388674,0.000861,0.001000,1.000000,1.000000,0.108924
no_capacity_floor,c16_r15m,16,15.000000,413,0.059167,0.012155,0.484587,0.494716,0.681917,0.001194,0.001000,1.000000,1.000000,0.462540
no_capacity_floor,c16_r15m,16,15.000000,405,0.000000,0.011111,0.572853,0.376336,0.652715,0.000389,0.001000,1.000000,1.000000,0.613994
no_capacity_floor,c16_r15m,16,15.000000,416,0.034483,0.009480,0.195739,0.523516,0.625261,0.001500,0.001000,1.000000,1.000000,0.496908
no_capacity_floor,c16_r15m,16,15.000000,417,0.000000,0.016880,0.644647,0.232186,0.537250,0.001056,0.001000,1.000000,1.000000,0.146614
no_capacity_floor,c16_r15m,16,15.000000,418,0.000000,0.055000,0.422521,0.344444,0.570830,0.000528,0.001000,1.000000,1.000000,0.283150
no_capacity_floor,c16_r15m,16,15.000000,408,0.065934,0.057351,0.348426,0.584383,0.629136,0.001389,0.001000,1.000000,1.000000,0.671198
no_capacity_floor,c16_r15m,16,15.000000,420,0.000000,0.005556,0.241781,0.354941,0.666879,0.001361,0.001000,1.000000,1.000000,0.337692
no_capacity_floor,c16_r15m,16,15.000000,410,-0.058824,0.023425,0.164598,0.645050,0.616049,0.001333,0.001000,1.000000,1.000000,0.602258
no_capacity_floor,c12_r600m,12,600.000000,444,0.139193,0.119394,0.644743,0.465920,0.670563,0.527278,5.263261,0.000000,0.000000,0.397719
no_capacity_floor,c16_r15m,16,15.000000,421,0.000000,0.045195,0.399650,0.243694,0.773446,0.000250,0.001000,1.000000,1.000000,0.210938
no_capacity_floor,c16_r15m,16,15.000000,414,0.000000,0.028987,0.483741,0.132915,0.366375,0.001194,0.001000,1.000000,1.000000,0.180638
no_capacity_floor,c16_r15m,16,15.000000,412,0.000000,0.037945,0.511146,0.149536,0.642629,0.001889,0.001000,1.000000,1.000000,0.235831
no_capacity_floor,c16_r15m,16,15.000000,422,0.000000,0.004545,0.307817,0.328780,0.579349,0.000500,0.001000,1.000000,1.000000,0.362475
no_capacity_floor,c16_r15m,16,15.000000,415,0.333333,0.091979,0.495577,0.464806,0.731282,0.001000,0.001000,1.000000,1.000000,0.479452
no_capacity_floor,c16_r15m,16,15.000000,424,-0.076923,0.007903,0.421582,0.384622,0.667199,0.001194,0.001000,1.000000,1.000000,0.486673
no_capacity_floor,c12_r600m,12,600.000000,446,0.105202,0.103682,0.364625,0.489088,0.790883,0.512750,5.136446,0.000000,0.000000,0.484024
no_capacity_floor,c16_r15m,16,15.000000,425,0.000000,0.016026,0.593199,0.612078,0.580263,0.001194,0.001000,1.000000,1.000000,0.204994
no_capacity_floor,c16_r15m,16,15.000000,419,0.000000,-0.002192,0.410406,0.426029,0.311859,0.001111,0.001000,1.000000,1.000000,0.339181
no_capacity_floor,c16_r15m,16,15.000000,426,0.000000,0.083254,0.298016,0.563118,0.362090,0.001556,0.001000,1.000000,1.000000,0.425639
no_capacity_floor,c12_r600m,12,600.000000,449,0.158335,0.164907,0.676047,0.609773,0.397072,0.553639,5.592134,0.000000,0.000000,0.465613
no_capacity_floor,c16_r15m,16,15.000000,428,-0.035714,0.050762,0.430648,0.320016,0.774376,0.000806,0.001000,1.000000,1.000000,0.269217
no_capacity_floor,c16_r15m,16,15.000000,431,0.000000,0.037387,0.771201,0.203769,0.815753,0.001472,0.001000,1.000000,1.000000,0.216668
no_capacity_floor,c16_r15m,16,15.000000,434,-0.200000,-0.001667,0.452395,0.463458,0.608893,0.000861,0.001000,1.000000,1.000000,0.497223
no_capacity_floor,c16_r15m,16,15.000000,423,0.000000,0.026984,0.352236,0.341285,0.809715,0.000917,0.001000,1.000000,1.000000,0.217644
no_capacity_floor,c16_r15m,16,15.000000,436,0.000000,0.029560,0.406116,0.398142,0.761780,0.000944,0.001000,1.000000,1.000000,0.356630
no_capacity_floor,c16_r15m,16,15.000000,438,0.000000,0.100000,0.529666,0.461634,0.685376,0.000556,0.001000,1.000000,1.000000,0.213841
no_capacity_floor,c16_r15m,16,15.000000,440,0.000000,0.000000,0.232133,0.592690,0.643364,0.000444,0.001000,1.000000,1.000000,0.340397
no_capacity_floor,c16_r15m,16,15.000000,427,0.000000,0.000000,0.237654,0.316052,0.587722,0.000806,0.001000,1.000000,1.000000,0.177880
no_capacity_floor,c16_r15m,16,15.000000,439,-0.040000,0.028143,0.263820,0.353910,0.631115,0.000667,0.001000,1.000000,1.000000,0.372073
no_capacity_floor,c16_r15m,16,15.000000,442,0.090909,0.072186,0.231253,0.460069,0.704358,0.001250,0.001000,1.000000,1.000000,0.654913
no_capacity_floor,c16_r15m,16,15.000000,429,0.000000,0.005882,0.684933,0.450682,0.707095,0.000556,0.001000,1.000000,1.000000,0.264403
no_capacity_floor,c16_r15m,16,15.000000,443,0.000000,0.040202,0.289722,0.543812,0.545806,0.000417,0.001000,1.000000,1.000000,0.584071
no_capacity_floor,c16_r15m,16,15.000000,430,0.000000,0.018611,0.159159,0.297824,0.445267,0.001028,0.001000,1.000000,1.000000,0.252600
no_capacity_floor,c16_r15m,16,15.000000,432,0.125000,0.037454,0.207760,0.579216,0.758362,0.001222,0.001000,1.000000,1.000000,0.537853
no_capacity_floor,c16_r15m,16,15.000000,433,0.000000,0.044968,0.535705,0.343588,0.839866,0.001028,0.001000,1.000000,1.000000,0.340148
no_capacity_floor,c16_r15m,16,15.000000,435,-0.025641,0.022337,0.751672,0.393538,0.775646,0.001722,0.001000,1.000000,1.000000,0.377787
no_capacity_floor,c16_r15m,16,15.000000,444,0.000000,0.051736,0.459336,0.138358,0.593682,0.001194,0.001000,1.000000,1.000000,0.223359
no_capacity_floor,c16_r15m,16,15.000000,446,0.000000,0.021380,0.207857,0.642221,0.553339,0.001361,0.001000,1.000000,1.000000,0.693053
no_capacity_floor,c16_r15m,16,15.000000,437,0.000000,0.048243,0.502829,0.190601,0.844220,0.001222,0.001000,1.000000,1.000000,0.305578
no_capacity_floor,c16_r15m,16,15.000000,447,0.000000,0.006298,0.527425,0.409242,0.592627,0.000972,0.001000,1.000000,1.000000,0.257804
no_capacity_floor,c16_r15m,16,15.000000,448,0.000000,0.012857,0.386384,0.226425,0.414709,0.000611,0.001000,1.000000,1.000000,0.204675
no_capacity_floor,c16_r15m,16,15.000000,441,0.000000,-0.009722,0.203034,0.495875,0.588707,0.000500,0.001000,1.000000,1.000000,0.339905
no_capacity_floor,c16_r37.5m,16,37.500000,401,0.053696,0.032206,0.238309,0.189724,0.712136,0.009972,0.001000,1.000000,1.000000,0.371781
no_capacity_floor,c16_r37.5m,16,37.500000,400,0.064349,0.049585,0.672200,0.271037,0.656060,0.008472,0.001000,1.000000,1.000000,0.275625
no_capacity_floor,c16_r37.5m,16,37.500000,403,0.048750,0.021836,0.390146,0.216586,0.660471,0.005944,0.001000,1.000000,1.000000,0.177471
no_capacity_floor,c16_r15m,16,15.000000,445,0.000000,0.000000,0.337266,0.617705,0.499006,0.000694,0.001000,1.000000,1.000000,0.364797
no_capacity_floor,c16_r37.5m,16,37.500000,411,0.001368,0.018781,0.282462,0.299804,0.664491,0.013111,0.001000,1.000000,1.000000,0.241715
no_capacity_floor,c16_r15m,16,15.000000,449,0.000000,0.000000,0.178036,0.133944,0.276852,0.000500,0.001000,1.000000,1.000000,0.110144
no_capacity_floor,c16_r37.5m,16,37.500000,409,0.051132,0.049404,0.490573,0.431510,0.345654,0.024167,0.001000,1.000000,1.000000,0.323275
no_capacity_floor,c16_r37.5m,16,37.500000,408,0.055792,0.054591,0.572397,0.352565,0.687787,0.011139,0.001000,1.000000,1.000000,0.343368
no_capacity_floor,c16_r37.5m,16,37.500000,414,0.003424,0.019089,0.230925,0.508084,0.255471,0.006667,0.001000,1.000000,1.000000,0.479567
no_capacity_floor,c16_r37.5m,16,37.500000,415,0.011154,0.028236,0.505825,0.276776,0.276073,0.004028,0.001000,1.000000,1.000000,0.314828
no_capacity_floor,c16_r37.5m,16,37.500000,412,0.023383,0.020770,0.375260,0.577196,0.775257,0.018250,0.001000,1.000000,1.000000,0.489278
no_capacity_floor,c16_r37.5m,16,37.500000,402,0.085211,0.034377,0.689412,0.379565,0.747242,0.005861,0.001000,1.000000,1.000000,0.254473
no_capacity_floor,c16_r37.5m,16,37.500000,416,0.024745,0.038514,0.450237,0.353958,0.606848,0.019528,0.001000,1.000000,1.000000,0.365579
no_capacity_floor,c16_r37.5m,16,37.500000,404,0.038820,0.035800,0.394176,0.556298,0.771881,0.011306,0.001000,1.000000,1.000000,0.707470
no_capacity_floor,c16_r37.5m,16,37.500000,405,0.056017,0.036925,0.330887,0.607800,0.378232,0.018194,0.001000,1.000000,1.000000,0.520472
no_capacity_floor,c16_r37.5m,16,37.500000,407,0.051942,0.050102,0.443420,0.227554,0.775832,0.010389,0.001000,1.000000,1.000000,0.246845
no_capacity_floor,c16_r37.5m,16,37.500000,406,0.022547,0.033271,0.318969,0.172549,0.493442,0.012667,0.001000,1.000000,1.000000,0.338636
no_capacity_floor,c16_r37.5m,16,37.500000,418,0.016103,0.024139,0.247508,0.435759,0.689544,0.020833,0.001000,1.000000,1.000000,0.390653
no_capacity_floor,c16_r37.5m,16,37.500000,410,0.057620,0.037774,0.348777,0.235527,0.678758,0.016417,0.001000,1.000000,1.000000,0.234764
no_capacity_floor,c16_r37.5m,16,37.500000,420,0.007847,0.022340,0.442701,0.646374,0.480637,0.011417,0.001000,1.000000,1.000000,0.625753
no_capacity_floor,c16_r37.5m,16,37.500000,413,0.073628,0.057551,0.737646,0.506605,0.725236,0.017611,0.001000,1.000000,1.000000,0.541352
no_capacity_floor,c16_r37.5m,16,37.500000,422,0.033861,0.041653,0.512282,0.370707,0.613128,0.011639,0.001000,1.000000,1.000000,0.357758
no_capacity_floor,c16_r37.5m,16,37.500000,423,0.034267,0.034040,0.417493,0.595198,0.707235,0.020194,0.001000,1.000000,1.000000,0.492291
no_capacity_floor,c16_r37.5m,16,37.500000,426,0.019722,0.033215,0.361785,0.414328,0.701128,0.012389,0.001000,1.000000,1.000000,0.434141
no_capacity_floor,c16_r37.5m,16,37.500000,417,0.086721,0.043041,0.495110,0.409752,0.547450,0.008861,0.001000,1.000000,1.000000,0.265681
no_capacity_floor,c16_r37.5m,16,37.500000,419,-0.000238,0.044681,0.295405,0.145044,0.528359,0.009417,0.001000,1.000000,1.000000,0.218508
no_capacity_floor,c16_r37.5m,16,37.500000,431,0.017901,0.015824,0.241700,0.360653,0.617014,0.014194,0.001000,1.000000,1.000000,0.310132
no_capacity_floor,c16_r37.5m,16,37.500000,433,0.030302,0.023852,0.415723,0.400759,0.608464,0.023611,0.001000,1.000000,1.000000,0.416816
no_capacity_floor,c16_r37.5m,16,37.500000,421,0.025832,0.023336,0.306788,0.276349,0.721401,0.014944,0.001000,1.000000,1.000000,0.290247
no_capacity_floor,c16_r37.5m,16,37.500000,435,0.030438,0.021662,0.130238,0.474601,0.523835,0.019917,0.001000,1.000000,1.000000,0.346613
no_capacity_floor,c16_r37.5m,16,37.500000,436,0.033643,0.030444,0.294481,0.377759,0.547526,0.011667,0.001000,1.000000,1.000000,0.350802
no_capacity_floor,c16_r37.5m,16,37.500000,425,0.117495,0.049235,0.546454,0.314852,0.370800,0.010278,0.001000,1.000000,1.000000,0.350218
no_capacity_floor,c16_r37.5m,16,37.500000,424,0.040341,0.047930,0.491925,0.517001,0.736355,0.007778,0.001000,1.000000,1.000000,0.389611
no_capacity_floor,c16_r37.5m,16,37.500000,437,0.096401,0.049470,0.509395,0.421107,0.599658,0.014639,0.001000,1.000000,1.000000,0.349759
no_capacity_floor,c16_r37.5m,16,37.500000,428,-0.014355,-0.003851,0.201311,0.298271,0.246380,0.012917,0.001000,1.000000,1.000000,0.338136
no_capacity_floor,c16_r37.5m,16,37.500000,427,0.038548,0.039962,0.316582,0.591713,0.347120,0.008833,0.001000,1.000000,1.000000,0.475638
no_capacity_floor,c16_r37.5m,16,37.500000,429,0.036459,0.039831,0.502730,0.349347,0.652134,0.015972,0.001000,1.000000,1.000000,0.399476
no_capacity_floor,c16_r37.5m,16,37.500000,432,0.013655,0.031777,0.305274,0.525271,0.355954,0.008056,0.001000,1.000000,1.000000,0.435376
no_capacity_floor,c16_r37.5m,16,37.500000,440,0.028794,0.032122,0.274602,0.386232,0.762373,0.014444,0.001000,1.000000,1.000000,0.350042
no_capacity_floor,c16_r37.5m,16,37.500000,430,0.042295,0.031222,0.354185,0.326056,0.522496,0.007972,0.001000,1.000000,1.000000,0.370186
no_capacity_floor,c16_r37.5m,16,37.500000,441,0.024980,0.019928,0.274768,0.613209,0.665494,0.006500,0.001000,1.000000,1.000000,0.591480
no_capacity_floor,c16_r37.5m,16,37.500000,434,0.015116,0.016275,0.314920,0.609991,0.795198,0.009583,0.001000,1.000000,1.000000,0.649985
no_capacity_floor,c16_r37.5m,16,37.500000,443,0.026713,0.044755,0.538429,0.320776,0.576751,0.012972,0.001000,1.000000,1.000000,0.328403
no_capacity_floor,c16_r37.5m,16,37.500000,447,0.044585,0.024057,0.428882,0.355614,0.751424,0.018444,0.001000,1.000000,1.000000,0.537183
no_capacity_floor,c16_r37.5m,16,37.500000,438,0.031297,0.040420,0.374941,0.513249,0.727684,0.013583,0.001000,1.000000,1.000000,0.580564
no_capacity_floor,c16_r37.5m,16,37.500000,444,0.032330,0.045036,0.618104,0.443940,0.621451,0.018417,0.001000,1.000000,1.000000,0.478972
no_capacity_floor,c16_r37.5m,16,37.500000,439,0.035757,0.031569,0.362846,0.721831,0.533726,0.011667,0.001000,1.000000,1.000000,0.686630
no_capacity_floor,c16_r37.5m,16,37.500000,442,-0.015070,0.019592,0.419537,0.221601,0.376795,0.019667,0.001000,1.000000,1.000000,0.245138
no_capacity_floor,c16_r75m,16,75.000000,402,0.074923,0.061774,0.939694,0.883430,0.760716,0.092500,0.037020,0.783333,0.820000,0.895883
no_capacity_floor,c16_r75m,16,75.000000,404,0.062917,0.064507,0.876734,0.784183,0.617280,0.066889,0.014954,0.900000,0.861667,0.856123
no_capacity_floor,c16_r75m,16,75.000000,400,0.078345,0.068843,0.937184,0.948976,0.871776,0.090500,0.044187,0.733333,0.840000,0.834341
no_capacity_floor,c16_r37.5m,16,37.500000,445,0.061579,0.040441,0.354420,0.188547,0.554936,0.015389,0.001000,1.000000,1.000000,0.250798
no_capacity_floor,c16_r37.5m,16,37.500000,446,0.044866,0.027150,0.265845,0.414425,0.559529,0.017333,0.001000,1.000000,1.000000,0.302744
no_capacity_floor,c16_r75m,16,75.000000,406,0.078610,0.078482,0.947723,0.897169,0.333015,0.093417,0.033821,0.816667,0.818333,0.892529
no_capacity_floor,c16_r37.5m,16,37.500000,448,0.017744,0.037049,0.383033,0.374035,0.562640,0.012222,0.001000,1.000000,1.000000,0.390218
no_capacity_floor,c16_r37.5m,16,37.500000,449,-0.002423,0.033286,0.402238,0.622797,0.581769,0.009639,0.001000,1.000000,1.000000,0.591988
no_capacity_floor,c16_r75m,16,75.000000,407,0.081781,0.065087,0.934411,0.855993,0.828101,0.092333,0.037502,0.733333,0.801667,0.851396
no_capacity_floor,c16_r75m,16,75.000000,409,0.068209,0.056473,0.782272,0.778772,0.612695,0.088111,0.014319,0.866667,0.861667,0.873199
no_capacity_floor,c16_r75m,16,75.000000,401,0.055746,0.069222,0.885783,0.940171,0.803426,0.081500,0.024439,0.850000,0.846667,0.910046
no_capacity_floor,c16_r75m,16,75.000000,414,0.022022,0.017735,0.325613,0.073609,0.922205,0.076750,0.002908,0.983333,0.975000,0.155648
no_capacity_floor,c16_r75m,16,75.000000,403,0.054480,0.046799,0.539617,0.643171,0.927393,0.084389,0.008625,0.966667,0.925000,0.615348
no_capacity_floor,c16_r75m,16,75.000000,405,0.062175,0.069525,0.679615,0.611831,0.562404,0.053694,0.004153,0.933333,0.951667,0.428540
no_capacity_floor,c16_r75m,16,75.000000,413,0.059856,0.047468,0.586695,0.968704,0.909957,0.083444,0.018729,0.883333,0.898333,0.862619
no_capacity_floor,c16_r75m,16,75.000000,412,0.078826,0.068988,0.876095,0.944417,0.712302,0.087472,0.030327,0.816667,0.826667,0.915478
no_capacity_floor,c16_r75m,16,75.000000,417,0.072552,0.070552,0.899039,0.915443,0.558010,0.086806,0.019770,0.800000,0.801667,0.878796
no_capacity_floor,c16_r75m,16,75.000000,408,0.058010,0.064198,0.944980,0.905849,0.857640,0.087806,0.018147,0.866667,0.835000,0.860748
no_capacity_floor,c16_r75m,16,75.000000,418,0.101192,0.085114,0.940455,0.566417,0.172160,0.079667,0.001525,0.983333,0.930000,0.447952
no_capacity_floor,c16_r75m,16,75.000000,420,0.064370,0.061517,0.930501,0.952063,0.693952,0.096694,0.032046,0.833333,0.833333,0.905852
no_capacity_floor,c16_r75m,16,75.000000,410,0.072497,0.067277,0.863345,0.432810,0.929310,0.093139,0.012547,0.883333,0.923333,0.394088
no_capacity_floor,c16_r75m,16,75.000000,421,0.080184,0.060391,0.706742,0.956827,0.603526,0.092333,0.035116,0.800000,0.860000,0.896880
no_capacity_floor,c16_r75m,16,75.000000,411,0.067098,0.069461,0.752012,0.947035,0.455242,0.083944,0.017971,0.883333,0.875000,0.928223
no_capacity_floor,c16_r75m,16,75.000000,423,0.070944,0.065656,0.902395,0.878660,0.439053,0.084639,0.021527,0.850000,0.858333,0.903700
no_capacity_floor,c16_r75m,16,75.000000,426,0.069346,0.048416,0.699895,0.354595,0.953040,0.089278,0.015304,0.883333,0.960000,0.165385
no_capacity_floor,c16_r75m,16,75.000000,416,0.078435,0.079165,0.903090,0.903183,0.506197,0.086167,0.018649,0.816667,0.798333,0.881375
no_capacity_floor,c16_r75m,16,75.000000,415,0.064348,0.067348,0.823763,0.891629,0.807393,0.091361,0.004111,0.950000,0.818333,0.902519
no_capacity_floor,c16_r75m,16,75.000000,428,0.057240,0.064032,0.875923,0.948820,0.487089,0.090611,0.019321,0.883333,0.826667,0.914335
no_capacity_floor,c16_r75m,16,75.000000,419,0.092937,0.067406,0.841973,0.936107,0.663227,0.081472,0.015219,0.900000,0.830000,0.891564
no_capacity_floor,c16_r75m,16,75.000000,430,0.042703,0.047791,0.459444,0.243390,0.906922,0.064500,0.001900,0.983333,0.976667,0.203909
no_capacity_floor,c16_r75m,16,75.000000,431,0.075619,0.065699,0.721835,0.938299,0.759884,0.083806,0.023942,0.783333,0.828333,0.897115
no_capacity_floor,c16_r75m,16,75.000000,433,0.084496,0.077011,0.830953,0.848198,0.255041,0.086444,0.020581,0.850000,0.838333,0.828466
no_capacity_floor,c16_r75m,16,75.000000,425,0.087929,0.082126,0.772109,0.676006,0.814766,0.032417,0.005291,0.950000,0.958333,0.421999
no_capacity_floor,c16_r75m,16,75.000000,424,0.082927,0.070988,0.809415,0.953376,0.193000,0.090000,0.010139,0.900000,0.921667,0.665746
no_capacity_floor,c16_r75m,16,75.000000,435,0.070330,0.066408,0.900676,0.950588,0.836763,0.089139,0.017827,0.833333,0.830000,0.924198
no_capacity_floor,c16_r75m,16,75.000000,422,0.071412,0.062442,0.869499,0.946097,0.801892,0.096333,0.014147,0.850000,0.845000,0.921018
no_capacity_floor,c16_r75m,16,75.000000,436,0.079601,0.062900,0.886342,0.940383,0.960456,0.100306,0.027472,0.783333,0.821667,0.912558
no_capacity_floor,c16_r75m,16,75.000000,427,0.068163,0.063958,0.920325,0.855450,0.884100,0.085611,0.013732,0.866667,0.843333,0.889814
no_capacity_floor,c16_r75m,16,75.000000,439,0.063237,0.065078,0.854410,0.950369,0.851968,0.090639,0.024698,0.816667,0.836667,0.818348
no_capacity_floor,c16_r75m,16,75.000000,429,0.056833,0.043482,0.672722,0.922110,0.725043,0.090306,0.011805,0.866667,0.883333,0.911724
no_capacity_floor,c16_r75m,16,75.000000,441,0.047250,0.057060,0.915318,0.939269,0.609461,0.073556,0.016188,0.850000,0.866667,0.901405
no_capacity_floor,c16_r75m,16,75.000000,432,0.075007,0.069566,0.863040,0.923632,0.940754,0.080917,0.023534,0.750000,0.855000,0.801979
no_capacity_floor,c16_r75m,16,75.000000,442,0.073738,0.053464,0.940109,0.916091,0.771886,0.087111,0.013720,0.850000,0.846667,0.918377
no_capacity_floor,c16_r75m,16,75.000000,443,0.063540,0.074209,0.927362,0.898712,0.506049,0.089333,0.013238,0.816667,0.791667,0.892009
no_capacity_floor,c16_r75m,16,75.000000,434,0.083956,0.072682,0.905137,0.788305,0.302272,0.077972,0.011895,0.866667,0.891667,0.646112
no_capacity_floor,c16_r75m,16,75.000000,446,0.053406,0.044307,0.627180,0.905423,0.701808,0.074139,0.009811,0.916667,0.901667,0.822056
no_capacity_floor,c16_r75m,16,75.000000,437,0.076412,0.085496,0.926397,0.621013,0.446960,0.093639,0.020018,0.816667,0.875000,0.550246
no_capacity_floor,c16_r75m,16,75.000000,438,0.079304,0.072805,0.928855,0.951622,0.629492,0.073306,0.023284,0.850000,0.868333,0.883752
no_capacity_floor,c16_r75m,16,75.000000,440,0.080858,0.052421,0.873520,0.812896,0.655774,0.091667,0.021715,0.866667,0.900000,0.701552
no_capacity_floor,c16_r75m,16,75.000000,448,0.067694,0.077473,0.866760,0.887098,0.529020,0.079667,0.012330,0.883333,0.835000,0.883564
no_capacity_floor,c16_r150m,16,150.000000,400,0.095821,0.087769,0.770198,0.847720,0.573979,0.199833,1.134785,0.000000,0.000000,0.845154
no_capacity_floor,c16_r150m,16,150.000000,402,0.091327,0.089176,0.820659,0.674008,0.579188,0.184389,1.029966,0.000000,0.000000,0.725251
no_capacity_floor,c16_r75m,16,75.000000,445,0.075584,0.071864,0.846624,0.900771,0.303132,0.096472,0.027787,0.733333,0.821667,0.915905
no_capacity_floor,c16_r75m,16,75.000000,444,0.061314,0.067234,0.939029,0.893059,0.686516,0.085472,0.026200,0.816667,0.818333,0.841521
no_capacity_floor,c16_r150m,16,150.000000,404,0.103420,0.094226,0.842954,0.874221,0.725881,0.203750,1.194502,0.000000,0.000000,0.882451
no_capacity_floor,c16_r75m,16,75.000000,447,0.054808,0.063985,0.772193,0.942965,0.694761,0.092056,0.026359,0.883333,0.831667,0.894608
no_capacity_floor,c16_r75m,16,75.000000,449,0.038622,0.048830,0.457654,0.820483,0.735230,0.066750,0.008464,0.916667,0.906667,0.846944
no_capacity_floor,c16_r150m,16,150.000000,407,0.100351,0.106040,0.849685,0.862634,0.431213,0.205500,1.196723,0.000000,0.000000,0.832427
no_capacity_floor,c16_r150m,16,150.000000,405,0.090400,0.093141,0.744360,0.787368,0.659294,0.193833,1.129970,0.000000,0.000000,0.737842
no_capacity_floor,c16_r150m,16,150.000000,401,0.075453,0.079165,0.656735,0.812560,0.716896,0.199278,1.120721,0.000000,0.000000,0.760041
no_capacity_floor,c16_r150m,16,150.000000,411,0.087198,0.081651,0.772885,0.847740,0.764200,0.195333,1.112156,0.000000,0.000000,0.801362
no_capacity_floor,c16_r150m,16,150.000000,412,0.103279,0.103108,0.880347,0.819520,0.489672,0.200444,1.184942,0.000000,0.000000,0.799870
no_capacity_floor,c16_r150m,16,150.000000,413,0.092885,0.092977,0.881979,0.863955,0.853554,0.196889,1.110409,0.000000,0.000000,0.871353
no_capacity_floor,c16_r150m,16,150.000000,403,0.087899,0.090569,0.776405,0.867138,0.658739,0.200778,1.130542,0.000000,0.001667,0.876996
no_capacity_floor,c16_r150m,16,150.000000,416,0.089624,0.093675,0.761170,0.788196,0.403401,0.193750,1.099250,0.000000,0.000000,0.812130
no_capacity_floor,c16_r150m,16,150.000000,406,0.088261,0.098605,0.872431,0.888294,0.663277,0.201528,1.156477,0.000000,0.000000,0.869890
no_capacity_floor,c16_r150m,16,150.000000,419,0.093636,0.105078,0.821352,0.783333,0.611834,0.194167,1.100685,0.000000,0.000000,0.739265
no_capacity_floor,c16_r150m,16,150.000000,409,0.102460,0.094762,0.813597,0.793585,0.865187,0.204194,1.190291,0.000000,0.000000,0.773616
no_capacity_floor,c16_r150m,16,150.000000,408,0.090988,0.089402,0.730024,0.604991,0.781690,0.189389,1.042787,0.000000,0.000000,0.670532
no_capacity_floor,c16_r150m,16,150.000000,410,0.092890,0.096084,0.852291,0.834957,0.546895,0.198056,1.138152,0.000000,0.000000,0.811465
no_capacity_floor,c16_r150m,16,150.000000,422,0.117422,0.100244,0.797193,0.790821,0.405453,0.207972,1.228348,0.000000,0.000000,0.807538
no_capacity_floor,c16_r150m,16,150.000000,414,0.089351,0.094072,0.721922,0.648918,0.739931,0.194028,1.067810,0.000000,0.000000,0.615513
no_capacity_floor,c16_r150m,16,150.000000,423,0.102156,0.098341,0.774605,0.853801,0.751221,0.198417,1.127199,0.000000,0.000000,0.843889
no_capacity_floor,c16_r150m,16,150.000000,424,0.092913,0.092846,0.797917,0.887987,0.682987,0.204833,1.188617,0.000000,0.000000,0.842124
no_capacity_floor,c16_r150m,16,150.000000,415,0.094098,0.098850,0.799734,0.798958,0.512471,0.198167,1.112161,0.000000,0.000000,0.814436
no_capacity_floor,c16_r150m,16,150.000000,417,0.099487,0.097224,0.825864,0.842145,0.816550,0.198083,1.137672,0.000000,0.000000,0.786957
no_capacity_floor,c16_r150m,16,150.000000,418,0.095511,0.091867,0.778706,0.837244,0.838647,0.201778,1.168432,0.000000,0.000000,0.808515
no_capacity_floor,c16_r150m,16,150.000000,426,0.106953,0.099235,0.898126,0.771036,0.810285,0.193500,1.091776,0.000000,0.000000,0.807834
no_capacity_floor,c16_r150m,16,150.000000,428,0.098127,0.092482,0.811383,0.872493,0.786315,0.205333,1.192860,0.000000,0.000000,0.840104
no_capacity_floor,c16_r150m,16,150.000000,420,0.106577,0.103971,0.878654,0.825859,0.594590,0.199972,1.189574,0.000000,0.000000,0.805942
no_capacity_floor,c16_r150m,16,150.000000,421,0.098494,0.104064,0.842942,0.786929,0.646887,0.196139,1.125860,0.000000,0.000000,0.782067
no_capacity_floor,c16_r150m,16,150.000000,425,0.073355,0.087850,0.671627,0.821549,0.613180,0.195028,1.104568,0.000000,0.000000,0.767685
no_capacity_floor,c16_r150m,16,150.000000,432,0.098793,0.097241,0.804816,0.812912,0.715727,0.193750,1.074283,0.000000,0.000000,0.782881
no_capacity_floor,c16_r150m,16,150.000000,434,0.086248,0.089808,0.789188,0.745598,0.799451,0.188528,1.008887,0.000000,0.000000,0.810196
no_capacity_floor,c16_r150m,16,150.000000,435,0.111115,0.099260,0.806231,0.796422,0.672783,0.201056,1.176976,0.000000,0.000000,0.728810
no_capacity_floor,c16_r150m,16,150.000000,439,0.112984,0.106226,0.884318,0.841438,0.450651,0.197333,1.135686,0.000000,0.000000,0.843937
no_capacity_floor,c16_r150m,16,150.000000,427,0.113891,0.090269,0.833615,0.726446,0.686047,0.190278,1.102825,0.000000,0.001667,0.733104
no_capacity_floor,c16_r150m,16,150.000000,429,0.083701,0.092277,0.700732,0.746522,0.522901,0.182000,0.966480,0.000000,0.000000,0.773144
no_capacity_floor,c16_r150m,16,150.000000,440,0.106117,0.093672,0.813320,0.813856,0.781131,0.197361,1.131901,0.000000,0.000000,0.771481
no_capacity_floor,c16_r150m,16,150.000000,430,0.104781,0.097872,0.859041,0.896296,0.577995,0.201750,1.198499,0.000000,0.000000,0.865580
no_capacity_floor,c16_r150m,16,150.000000,431,0.089155,0.097857,0.828009,0.871524,0.659553,0.205000,1.195434,0.000000,0.000000,0.866229
no_capacity_floor,c16_r150m,16,150.000000,436,0.101005,0.101204,0.834329,0.768042,0.433525,0.196722,1.141486,0.000000,0.000000,0.743666
no_capacity_floor,c16_r150m,16,150.000000,433,0.092782,0.103847,0.855520,0.902107,0.804175,0.202528,1.194539,0.000000,0.000000,0.847655
no_capacity_floor,c16_r150m,16,150.000000,437,0.104477,0.106942,0.803710,0.835564,0.606548,0.201917,1.188552,0.000000,0.000000,0.813391
no_capacity_floor,c16_r150m,16,150.000000,438,0.078217,0.087817,0.826139,0.843719,0.317747,0.200889,1.170599,0.000000,0.000000,0.751707
no_capacity_floor,c16_r150m,16,150.000000,445,0.100565,0.093626,0.848255,0.850463,0.738383,0.203083,1.200144,0.000000,0.000000,0.867058
no_capacity_floor,c16_r150m,16,150.000000,446,0.102117,0.100582,0.821794,0.757804,0.511165,0.194889,1.119299,0.000000,0.000000,0.677133
no_capacity_floor,c16_r150m,16,150.000000,447,0.097839,0.083270,0.673388,0.791526,0.521445,0.190750,1.054318,0.000000,0.000000,0.825087
no_capacity_floor,c16_r150m,16,150.000000,444,0.112449,0.103735,0.768802,0.793094,0.480373,0.198611,1.166813,0.000000,0.000000,0.758952
no_capacity_floor,c16_r300m,16,300.000000,400,0.112528,0.116872,0.662170,0.894223,0.839021,0.366000,3.268935,0.000000,0.000000,0.832139
no_capacity_floor,c16_r150m,16,150.000000,441,0.099418,0.097972,0.819944,0.878121,0.413039,0.199722,1.172423,0.000000,0.000000,0.852874
no_capacity_floor,c16_r150m,16,150.000000,442,0.090184,0.091231,0.788900,0.740081,0.656904,0.188500,1.025394,0.000000,0.000000,0.792380
no_capacity_floor,c16_r150m,16,150.000000,443,0.086437,0.089704,0.867989,0.825436,0.807816,0.168250,0.937424,0.000000,0.000000,0.719441
no_capacity_floor,c16_r300m,16,300.000000,407,0.107251,0.106703,0.649730,0.874360,0.776654,0.356167,3.171812,0.000000,0.000000,0.806755
no_capacity_floor,c16_r150m,16,150.000000,449,0.078327,0.095803,0.804825,0.796519,0.634614,0.194667,1.124506,0.000000,0.000000,0.796695
no_capacity_floor,c16_r150m,16,150.000000,448,0.074031,0.090716,0.652509,0.845625,0.732604,0.191194,1.084208,0.000000,0.000000,0.865514
no_capacity_floor,c16_r300m,16,300.000000,409,0.137447,0.128791,0.835457,0.680660,0.533199,0.357111,3.144732,0.000000,0.000000,0.624304
no_capacity_floor,c16_r300m,16,300.000000,410,0.142153,0.134554,0.763452,0.678815,0.739939,0.389889,3.506029,0.000000,0.000000,0.716256
no_capacity_floor,c16_r300m,16,300.000000,411,0.120150,0.111592,0.594251,0.828632,0.501357,0.356972,3.144710,0.000000,0.000000,0.795568
no_capacity_floor,c16_r300m,16,300.000000,401,0.151689,0.135461,0.727380,0.818537,0.536185,0.381472,3.429091,0.000000,0.000000,0.792601
no_capacity_floor,c16_r300m,16,300.000000,403,0.142141,0.129898,0.743378,0.851865,0.707289,0.385278,3.484478,0.000000,0.000000,0.791685
no_capacity_floor,c16_r300m,16,300.000000,405,0.128665,0.119033,0.767228,0.789982,0.707356,0.383861,3.446398,0.000000,0.000000,0.708520
no_capacity_floor,c16_r300m,16,300.000000,408,0.128797,0.133316,0.799908,0.759162,0.689009,0.378944,3.372703,0.000000,0.000000,0.795236
no_capacity_floor,c16_r300m,16,300.000000,404,0.102275,0.113584,0.588743,0.665725,0.664965,0.351389,3.063836,0.000000,0.000000,0.674818
no_capacity_floor,c16_r300m,16,300.000000,402,0.121053,0.131417,0.851700,0.785875,0.555707,0.377472,3.362406,0.000000,0.000000,0.740168
no_capacity_floor,c16_r300m,16,300.000000,418,0.098002,0.098376,0.473653,0.682412,0.703113,0.352333,3.108918,0.000000,0.000000,0.487831
no_capacity_floor,c16_r300m,16,300.000000,406,0.138448,0.131410,0.812324,0.850504,0.646165,0.384556,3.464915,0.000000,0.000000,0.754807
no_capacity_floor,c16_r300m,16,300.000000,415,0.128394,0.139356,0.778165,0.845225,0.559095,0.382833,3.469061,0.000000,0.000000,0.857968
no_capacity_floor,c16_r300m,16,300.000000,412,0.132508,0.100316,0.538517,0.635214,0.654576,0.355722,3.095764,0.000000,0.000000,0.500654
no_capacity_floor,c16_r300m,16,300.000000,419,0.080773,0.083730,0.334104,0.287412,0.584086,0.321167,2.709852,0.000000,0.000000,0.300783
no_capacity_floor,c16_r300m,16,300.000000,413,0.109105,0.116564,0.536983,0.676479,0.777895,0.372194,3.300215,0.000000,0.000000,0.594229
no_capacity_floor,c16_r300m,16,300.000000,420,0.141251,0.143839,0.795426,0.783081,0.767956,0.383139,3.430672,0.000000,0.000000,0.731448
no_capacity_floor,c16_r300m,16,300.000000,414,0.112227,0.120984,0.648335,0.883569,0.705093,0.384778,3.443551,0.000000,0.000000,0.865961
no_capacity_floor,c16_r300m,16,300.000000,416,0.141349,0.149216,0.765949,0.736949,0.599135,0.355694,3.199160,0.000000,0.000000,0.668107
no_capacity_floor,c16_r300m,16,300.000000,427,0.148964,0.150679,0.862814,0.564775,0.287222,0.363111,3.218369,0.000000,0.000000,0.575892
no_capacity_floor,c16_r300m,16,300.000000,417,0.137457,0.119697,0.661261,0.777628,0.539111,0.366611,3.247222,0.000000,0.000000,0.729436
no_capacity_floor,c16_r300m,16,300.000000,429,0.116670,0.110936,0.630564,0.771094,0.660451,0.377056,3.353281,0.000000,0.000000,0.797075
no_capacity_floor,c16_r300m,16,300.000000,431,0.136122,0.113506,0.657243,0.679172,0.577983,0.363194,3.228468,0.000000,0.000000,0.672077
no_capacity_floor,c16_r300m,16,300.000000,433,0.134471,0.138552,0.764844,0.766790,0.604774,0.368750,3.314251,0.000000,0.000000,0.764193
no_capacity_floor,c16_r300m,16,300.000000,421,0.162597,0.143679,0.855767,0.800017,0.590789,0.395750,3.588209,0.000000,0.000000,0.818885
no_capacity_floor,c16_r300m,16,300.000000,422,0.126137,0.125909,0.710021,0.737486,0.405158,0.373750,3.327014,0.000000,0.000000,0.751867
no_capacity_floor,c16_r300m,16,300.000000,423,0.125774,0.108615,0.692467,0.699888,0.793707,0.371972,3.314092,0.000000,0.000000,0.678564
no_capacity_floor,c16_r300m,16,300.000000,425,0.109773,0.099146,0.431121,0.518635,0.514292,0.332056,2.873106,0.000000,0.000000,0.456096
no_capacity_floor,c16_r300m,16,300.000000,428,0.131513,0.136400,0.748404,0.791451,0.684227,0.381333,3.407124,0.000000,0.000000,0.791008
no_capacity_floor,c16_r300m,16,300.000000,424,0.129942,0.139128,0.873150,0.729472,0.548318,0.378250,3.389838,0.000000,0.000000,0.709688
no_capacity_floor,c16_r300m,16,300.000000,426,0.128317,0.136856,0.678350,0.711845,0.228396,0.364167,3.238602,0.000000,0.000000,0.705891
no_capacity_floor,c16_r300m,16,300.000000,436,0.135302,0.142346,0.824134,0.848352,0.647432,0.384083,3.459510,0.000000,0.000000,0.832734
no_capacity_floor,c16_r300m,16,300.000000,430,0.147870,0.145110,0.859809,0.858006,0.159157,0.398806,3.630170,0.000000,0.000000,0.852927
no_capacity_floor,c16_r300m,16,300.000000,438,0.125788,0.131043,0.795536,0.830197,0.673198,0.374444,3.335284,0.000000,0.000000,0.786339
no_capacity_floor,c16_r300m,16,300.000000,439,0.149563,0.133778,0.859652,0.857799,0.640212,0.385500,3.436439,0.000000,0.000000,0.805672
no_capacity_floor,c16_r300m,16,300.000000,432,0.142436,0.134226,0.757390,0.806451,0.477071,0.374139,3.356610,0.000000,0.000000,0.778092
no_capacity_floor,c16_r300m,16,300.000000,440,0.110105,0.123725,0.608208,0.792763,0.407389,0.366833,3.260459,0.000000,0.000000,0.748247
no_capacity_floor,c16_r300m,16,300.000000,434,0.150815,0.140724,0.719819,0.845400,0.437300,0.379056,3.410025,0.000000,0.000000,0.786705
no_capacity_floor,c16_r300m,16,300.000000,437,0.151426,0.137533,0.770230,0.755029,0.783875,0.391306,3.529844,0.000000,0.000000,0.721833
no_capacity_floor,c16_r300m,16,300.000000,435,0.135828,0.139846,0.775955,0.837972,0.622435,0.395833,3.574838,0.000000,0.000000,0.836196
no_capacity_floor,c16_r300m,16,300.000000,448,0.124508,0.128764,0.712649,0.728074,0.690737,0.370917,3.310635,0.000000,0.000000,0.725039
no_capacity_floor,c16_r600m,16,600.000000,400,0.087134,0.075700,0.406252,0.626407,0.834095,0.612417,6.376194,0.000000,0.000000,0.542965
no_capacity_floor,c16_r300m,16,300.000000,442,0.130685,0.130939,0.714202,0.828041,0.747713,0.364778,3.285438,0.000000,0.000000,0.780932
no_capacity_floor,c16_r600m,16,600.000000,401,0.094721,0.102412,0.414274,0.709497,0.719033,0.631306,6.592623,0.000000,0.000000,0.592877
no_capacity_floor,c16_r300m,16,300.000000,445,0.124315,0.118454,0.625905,0.608124,0.310906,0.354278,3.120144,0.000000,0.000000,0.521455
no_capacity_floor,c16_r300m,16,300.000000,444,0.141563,0.120716,0.694937,0.573650,0.691333,0.370389,3.284225,0.000000,0.000000,0.498031
no_capacity_floor,c16_r600m,16,600.000000,403,0.085750,0.092949,0.384130,0.367598,0.702789,0.605333,6.292300,0.000000,0.000000,0.379984
no_capacity_floor,c16_r300m,16,300.000000,441,0.132415,0.137164,0.864272,0.851112,0.777434,0.385889,3.476830,0.000000,0.000000,0.832605
no_capacity_floor,c16_r300m,16,300.000000,443,0.129627,0.134543,0.763607,0.804977,0.710755,0.364639,3.245245,0.000000,0.000000,0.791345
no_capacity_floor,c16_r300m,16,300.000000,446,0.105349,0.121608,0.722206,0.839374,0.812517,0.382611,3.415485,0.000000,0.000000,0.749943
no_capacity_floor,c16_r300m,16,300.000000,447,0.145048,0.147565,0.851545,0.815016,0.774269,0.390444,3.559155,0.000000,0.000000,0.769065
no_capacity_floor,c16_r300m,16,300.000000,449,0.148105,0.153156,0.850823,0.677560,0.649428,0.376972,3.358379,0.000000,0.000000,0.535641
no_capacity_floor,c16_r600m,16,600.000000,407,0.126628,0.127101,0.597576,0.742691,0.795275,0.603778,6.283615,0.000000,0.000000,0.624296
no_capacity_floor,c16_r600m,16,600.000000,408,0.122717,0.129858,0.559427,0.313368,0.628314,0.620306,6.448568,0.000000,0.000000,0.247461
no_capacity_floor,c16_r600m,16,600.000000,402,0.095358,0.057349,0.360455,0.570726,0.681015,0.629194,6.560226,0.000000,0.000000,0.487601
no_capacity_floor,c16_r600m,16,600.000000,404,0.085052,0.075159,0.364332,0.497221,0.594602,0.603028,6.271770,0.000000,0.000000,0.507138
no_capacity_floor,c16_r600m,16,600.000000,410,0.110017,0.103339,0.372308,0.678834,0.104989,0.626694,6.545318,0.000000,0.000000,0.678245
no_capacity_floor,c16_r600m,16,600.000000,413,0.101755,0.104928,0.563881,0.554273,0.519684,0.625639,6.551032,0.000000,0.000000,0.552213
no_capacity_floor,c16_r600m,16,600.000000,406,0.091126,0.108758,0.442662,0.776505,0.579827,0.627278,6.547034,0.000000,0.000000,0.731398
no_capacity_floor,c16_r600m,16,600.000000,405,0.059956,0.066569,0.422133,0.622738,0.465664,0.613139,6.381379,0.000000,0.000000,0.643340
no_capacity_floor,c16_r600m,16,600.000000,419,0.111211,0.100634,0.479290,0.543457,0.536963,0.623750,6.496993,0.000000,0.000000,0.478704
no_capacity_floor,c16_r600m,16,600.000000,420,0.091534,0.104323,0.639992,0.646377,0.527732,0.646833,6.751342,0.000000,0.000000,0.619109
no_capacity_floor,c16_r600m,16,600.000000,409,0.154394,0.097766,0.657537,0.788313,0.804081,0.639694,6.695612,0.000000,0.000000,0.675506
no_capacity_floor,c16_r600m,16,600.000000,411,0.113947,0.115644,0.609198,0.504865,0.517292,0.635361,6.634084,0.000000,0.000000,0.389832
no_capacity_floor,c16_r600m,16,600.000000,412,0.142811,0.134607,0.725423,0.478571,0.648304,0.630750,6.543173,0.000000,0.000000,0.403119
no_capacity_floor,c16_r600m,16,600.000000,415,0.103852,0.080630,0.389608,0.313542,0.554692,0.610639,6.342783,0.000000,0.000000,0.268111
no_capacity_floor,c16_r600m,16,600.000000,423,0.113098,0.082835,0.523663,0.519613,0.610494,0.626417,6.510847,0.000000,0.000000,0.541001
no_capacity_floor,c16_r600m,16,600.000000,424,0.078141,0.088796,0.525361,0.564127,0.469178,0.619111,6.442475,0.000000,0.000000,0.521546
no_capacity_floor,c16_r600m,16,600.000000,414,0.117437,0.109315,0.643244,0.652315,0.545892,0.634222,6.584147,0.000000,0.000000,0.589967
no_capacity_floor,c16_r600m,16,600.000000,417,0.071738,0.090345,0.307340,0.289676,0.697734,0.581806,6.050649,0.000000,0.000000,0.323766
no_capacity_floor,c16_r600m,16,600.000000,416,0.113011,0.093100,0.594242,0.590962,0.787352,0.634167,6.603147,0.000000,0.000000,0.608231
no_capacity_floor,c16_r600m,16,600.000000,418,0.089011,0.094628,0.412484,0.493385,0.719807,0.612639,6.366021,0.000000,0.000000,0.511609
no_capacity_floor,c16_r600m,16,600.000000,427,0.059647,0.072160,0.293661,0.415814,0.496758,0.588222,6.085689,0.000000,0.000000,0.391031
no_capacity_floor,c16_r600m,16,600.000000,428,0.088331,0.092343,0.455441,0.794224,0.687879,0.625472,6.513736,0.000000,0.000000,0.736829
no_capacity_floor,c16_r600m,16,600.000000,421,0.132465,0.136282,0.762238,0.744461,0.323281,0.645972,6.727326,0.000000,0.000000,0.717711
no_capacity_floor,c16_r600m,16,600.000000,422,0.096773,0.089944,0.475883,0.349410,0.553978,0.603611,6.281729,0.000000,0.000000,0.357311
no_capacity_floor,c16_r600m,16,600.000000,433,0.076711,0.098237,0.390120,0.680107,0.704000,0.618722,6.427244,0.000000,0.000000,0.680455
no_capacity_floor,c16_r600m,16,600.000000,434,0.143801,0.135351,0.731199,0.797453,0.448552,0.657778,6.902854,0.000000,0.000000,0.777843
no_capacity_floor,c16_r600m,16,600.000000,426,0.115950,0.128168,0.554095,0.458298,0.785653,0.584889,6.097342,0.000000,0.000000,0.392368
no_capacity_floor,c16_r600m,16,600.000000,425,0.139170,0.120130,0.741148,0.753191,0.736152,0.657972,6.851819,0.000000,0.000000,0.748347
no_capacity_floor,c16_r600m,16,600.000000,439,0.090034,0.086327,0.468043,0.740041,0.782134,0.631583,6.564974,0.000000,0.000000,0.760765
no_capacity_floor,c16_r600m,16,600.000000,430,0.067226,0.076268,0.338557,0.406922,0.820864,0.593361,6.140205,0.000000,0.000000,0.365814
no_capacity_floor,c16_r600m,16,600.000000,429,0.112199,0.109581,0.667023,0.409257,0.524351,0.630472,6.539949,0.000000,0.000000,0.388384
no_capacity_floor,c16_r600m,16,600.000000,440,0.143257,0.138965,0.734805,0.700218,0.677039,0.647389,6.713987,0.000000,0.000000,0.645729
no_capacity_floor,c16_r600m,16,600.000000,431,0.061721,0.068937,0.384225,0.496249,0.532527,0.602083,6.250546,0.000000,0.000000,0.579931
no_capacity_floor,c16_r600m,16,600.000000,432,0.121527,0.120815,0.661822,0.769800,0.799496,0.653333,6.830793,0.000000,0.000000,0.701449
no_capacity_floor,c16_r600m,16,600.000000,435,0.106822,0.104239,0.614293,0.645186,0.675825,0.634111,6.587968,0.000000,0.000000,0.584078
no_capacity_floor,c16_r600m,16,600.000000,443,0.122408,0.105226,0.473794,0.641994,0.663531,0.613417,6.425832,0.000000,0.000000,0.607888
no_capacity_floor,c16_r600m,16,600.000000,444,0.107748,0.099684,0.577137,0.876170,0.470435,0.665889,6.959495,0.000000,0.000000,0.792169
no_capacity_floor,c24_r15m,24,15.000000,400,0.000000,0.068407,0.510602,0.646752,0.552102,0.000639,0.001000,1.000000,1.000000,0.651945
no_capacity_floor,c16_r600m,16,600.000000,436,0.098713,0.072219,0.447088,0.594309,0.470820,0.620972,6.462779,0.000000,0.000000,0.645992
no_capacity_floor,c16_r600m,16,600.000000,437,0.122013,0.102334,0.520559,0.571938,0.462167,0.617389,6.413597,0.000000,0.000000,0.557136
no_capacity_floor,c24_r15m,24,15.000000,404,0.000000,0.026335,0.777791,0.371737,0.695382,0.001361,0.001000,1.000000,1.000000,0.488605
no_capacity_floor,c16_r600m,16,600.000000,438,0.125655,0.118291,0.758867,0.708500,0.358850,0.622667,6.485136,0.000000,0.000000,0.737539
no_capacity_floor,c24_r15m,24,15.000000,405,0.166667,0.022364,0.532564,0.498595,0.702936,0.001750,0.001000,1.000000,1.000000,0.453207
no_capacity_floor,c24_r15m,24,15.000000,406,0.000000,0.044148,0.411585,0.153456,0.794533,0.001139,0.001000,1.000000,1.000000,0.136436
no_capacity_floor,c16_r600m,16,600.000000,447,0.077023,0.093433,0.366539,0.699483,0.235861,0.607972,6.313037,0.000000,0.000000,0.708417
no_capacity_floor,c24_r15m,24,15.000000,401,0.024390,0.027371,0.185733,0.431566,0.698996,0.002139,0.001000,1.000000,1.000000,0.471711
no_capacity_floor,c24_r15m,24,15.000000,402,0.000000,0.021918,0.691946,0.593277,0.510008,0.002778,0.001000,1.000000,1.000000,0.495793
no_capacity_floor,c16_r600m,16,600.000000,442,0.113358,0.092450,0.632858,0.721280,0.502691,0.642417,6.690871,0.000000,0.000000,0.699286
no_capacity_floor,c16_r600m,16,600.000000,441,0.121489,0.097626,0.656602,0.737379,0.678628,0.655000,6.831509,0.000000,0.000000,0.651532
no_capacity_floor,c24_r15m,24,15.000000,403,-0.142857,0.029597,0.703407,0.391932,0.762539,0.000861,0.001000,1.000000,1.000000,0.418305
no_capacity_floor,c24_r15m,24,15.000000,409,0.000000,0.030466,0.482207,0.787357,0.810659,0.002944,0.001000,1.000000,1.000000,0.814034
no_capacity_floor,c24_r15m,24,15.000000,411,0.076923,0.080877,0.639595,0.202169,0.647352,0.001556,0.001000,1.000000,1.000000,0.175074
no_capacity_floor,c24_r15m,24,15.000000,412,0.000000,0.000000,0.180734,0.255110,0.236363,0.000417,0.001000,1.000000,1.000000,0.020202
no_capacity_floor,c24_r15m,24,15.000000,413,0.000000,0.007955,0.199919,0.506843,0.814646,0.000583,0.001000,1.000000,1.000000,0.291932
no_capacity_floor,c24_r15m,24,15.000000,407,0.000000,-0.000081,0.563900,0.191313,0.600203,0.001111,0.001000,1.000000,1.000000,0.165174
no_capacity_floor,c24_r15m,24,15.000000,408,0.000000,0.047360,0.574600,0.744058,0.833448,0.000778,0.001000,1.000000,1.000000,0.814322
no_capacity_floor,c24_r15m,24,15.000000,419,0.000000,0.003111,0.303358,0.353242,0.458537,0.002000,0.001000,1.000000,1.000000,0.254830
no_capacity_floor,c24_r15m,24,15.000000,420,-0.090909,0.012976,0.144047,0.744902,0.495909,0.000861,0.001000,1.000000,1.000000,0.371480
no_capacity_floor,c24_r15m,24,15.000000,410,0.000000,0.054762,0.197834,0.259842,0.763305,0.000556,0.001000,1.000000,1.000000,0.308455
no_capacity_floor,c24_r15m,24,15.000000,421,0.166667,0.060548,0.634160,0.230536,0.796431,0.001250,0.001000,1.000000,1.000000,0.352049
no_capacity_floor,c24_r15m,24,15.000000,422,0.000000,0.005556,0.284417,0.530520,0.796816,0.001167,0.001000,1.000000,1.000000,0.744911
no_capacity_floor,c16_r600m,16,600.000000,445,0.070768,0.071713,0.357006,0.559231,0.570189,0.613083,6.356506,0.000000,0.000000,0.569880
no_capacity_floor,c16_r600m,16,600.000000,446,0.114665,0.088485,0.548332,0.660517,0.703730,0.630694,6.565580,0.000000,0.000000,0.605628
no_capacity_floor,c24_r15m,24,15.000000,414,0.000000,0.052640,0.580741,0.399221,0.750288,0.001389,0.001000,1.000000,1.000000,0.525239
no_capacity_floor,c24_r15m,24,15.000000,415,0.000000,-0.005882,0.295116,0.437850,0.568610,0.000472,0.001000,1.000000,1.000000,0.278263
no_capacity_floor,c24_r15m,24,15.000000,416,0.000000,0.111905,0.529998,0.488256,0.430478,0.001056,0.001000,1.000000,1.000000,0.212057
no_capacity_floor,c24_r15m,24,15.000000,417,-0.083333,0.042477,0.527173,0.345601,0.603399,0.001556,0.001000,1.000000,1.000000,0.443628
no_capacity_floor,c24_r15m,24,15.000000,418,0.000000,0.007500,0.389059,0.349098,0.503775,0.000833,0.001000,1.000000,1.000000,0.310902
no_capacity_floor,c24_r15m,24,15.000000,425,0.000000,0.005157,0.457375,0.538542,0.829238,0.000861,0.001000,1.000000,1.000000,0.272432
no_capacity_floor,c24_r15m,24,15.000000,426,0.000000,0.043883,0.512206,0.621696,0.590230,0.001750,0.001000,1.000000,1.000000,0.619843
no_capacity_floor,c24_r15m,24,15.000000,428,0.000000,0.033853,0.264481,0.454640,0.624591,0.000389,0.001000,1.000000,1.000000,0.182898
no_capacity_floor,c16_r600m,16,600.000000,448,0.108070,0.096805,0.516246,0.685392,0.790256,0.613556,6.429294,0.000000,0.000000,0.689640
no_capacity_floor,c24_r15m,24,15.000000,429,0.000000,-0.006061,0.303796,0.146863,0.739249,0.001139,0.001000,1.000000,1.000000,0.152347
no_capacity_floor,c16_r600m,16,600.000000,449,0.131532,0.121859,0.718880,0.758055,0.589888,0.648111,6.767558,0.000000,0.000000,0.727463
no_capacity_floor,c24_r15m,24,15.000000,423,0.000000,-0.002651,0.349566,0.352423,0.878993,0.001667,0.001000,1.000000,1.000000,0.431221
no_capacity_floor,c24_r15m,24,15.000000,424,0.000000,0.044091,0.247917,0.442880,0.718903,0.001250,0.001000,1.000000,1.000000,0.394147
no_capacity_floor,c24_r15m,24,15.000000,437,0.000000,0.000000,0.399283,0.446734,0.615126,0.000611,0.001000,1.000000,1.000000,0.194905
no_capacity_floor,c24_r15m,24,15.000000,439,0.000000,0.012500,0.287453,0.174761,0.784606,0.000556,0.001000,1.000000,1.000000,0.136517
no_capacity_floor,c24_r15m,24,15.000000,438,-0.024390,0.011574,0.350729,0.484066,0.727919,0.002056,0.001000,1.000000,1.000000,0.513066
no_capacity_floor,c24_r15m,24,15.000000,427,0.000000,0.018830,0.500822,0.210996,0.829092,0.001944,0.001000,1.000000,1.000000,0.251037
no_capacity_floor,c24_r15m,24,15.000000,441,0.100000,-0.085053,0.330845,0.659841,0.632505,0.001694,0.001000,1.000000,1.000000,0.715647
no_capacity_floor,c24_r15m,24,15.000000,430,0.000000,0.010139,0.491363,0.254054,0.433886,0.001889,0.001000,1.000000,1.000000,0.239324
no_capacity_floor,c24_r15m,24,15.000000,431,0.111111,0.039683,0.452143,0.667730,0.284267,0.001361,0.001000,1.000000,1.000000,0.640258
no_capacity_floor,c24_r15m,24,15.000000,433,0.000000,0.015140,0.457381,0.306420,0.721300,0.002444,0.001000,1.000000,1.000000,0.250201
no_capacity_floor,c24_r15m,24,15.000000,432,0.000000,0.062902,0.354910,0.539604,0.532094,0.001750,0.001000,1.000000,1.000000,0.519414
no_capacity_floor,c24_r15m,24,15.000000,435,0.000000,0.030643,0.555448,0.372583,0.410273,0.001639,0.001000,1.000000,1.000000,0.354794
no_capacity_floor,c24_r15m,24,15.000000,434,0.052632,0.023343,0.454535,0.451006,0.550286,0.002083,0.001000,1.000000,1.000000,0.404441
no_capacity_floor,c24_r15m,24,15.000000,445,0.000000,0.000000,0.170276,0.481909,0.813974,0.000333,0.001000,1.000000,1.000000,0.131918
no_capacity_floor,c24_r15m,24,15.000000,436,0.038462,0.046542,0.453164,0.331025,0.720731,0.002222,0.001000,1.000000,1.000000,0.300131
no_capacity_floor,c24_r15m,24,15.000000,446,0.071429,0.045627,0.452808,0.638212,0.642831,0.000694,0.001000,1.000000,1.000000,0.562784
no_capacity_floor,c24_r15m,24,15.000000,447,0.041667,0.029202,0.201659,0.540728,0.736609,0.002083,0.001000,1.000000,1.000000,0.507125
no_capacity_floor,c24_r15m,24,15.000000,440,0.000000,0.017241,0.484714,0.523852,0.433901,0.000639,0.001000,1.000000,1.000000,0.626840
no_capacity_floor,c24_r15m,24,15.000000,449,0.000000,0.000000,0.164960,0.629530,0.446404,0.001056,0.001000,1.000000,1.000000,0.513606
no_capacity_floor,c24_r15m,24,15.000000,442,0.000000,0.031178,0.432292,0.450050,0.494271,0.003000,0.001000,1.000000,1.000000,0.414977
no_capacity_floor,c24_r15m,24,15.000000,444,0.000000,0.000000,0.704177,0.254705,0.546300,0.000917,0.001000,1.000000,1.000000,0.146671
no_capacity_floor,c24_r15m,24,15.000000,443,0.000000,0.024157,0.389599,0.182772,0.702192,0.001944,0.001000,1.000000,1.000000,0.201951
no_capacity_floor,c24_r15m,24,15.000000,448,0.000000,0.001349,0.294722,0.281659,0.764985,0.001444,0.001000,1.000000,1.000000,0.322286
no_capacity_floor,c24_r37.5m,24,37.500000,406,0.015399,0.035888,0.336221,0.705615,0.532694,0.017861,0.001000,1.000000,1.000000,0.683733
no_capacity_floor,c24_r37.5m,24,37.500000,408,0.043719,0.037346,0.252322,0.478810,0.714742,0.008667,0.001000,1.000000,1.000000,0.489088
no_capacity_floor,c24_r37.5m,24,37.500000,409,0.034185,0.039562,0.331814,0.562577,0.573826,0.015389,0.001000,1.000000,1.000000,0.526126
no_capacity_floor,c24_r37.5m,24,37.500000,411,0.036809,0.024263,0.351134,0.685612,0.695183,0.027750,0.001000,1.000000,1.000000,0.662965
no_capacity_floor,c24_r37.5m,24,37.500000,400,0.017323,0.039972,0.512669,0.398511,0.599736,0.017472,0.001000,1.000000,1.000000,0.360734
no_capacity_floor,c24_r37.5m,24,37.500000,401,0.035649,0.027772,0.577816,0.377685,0.462925,0.026583,0.001000,1.000000,1.000000,0.350295
no_capacity_floor,c24_r37.5m,24,37.500000,402,0.066223,0.045403,0.527167,0.226155,0.354936,0.025389,0.001000,1.000000,1.000000,0.218295
no_capacity_floor,c24_r37.5m,24,37.500000,403,0.042676,0.024034,0.312601,0.438117,0.513440,0.016389,0.001000,1.000000,1.000000,0.352756
no_capacity_floor,c24_r37.5m,24,37.500000,404,0.042231,0.030741,0.249092,0.507581,0.777495,0.010583,0.001000,1.000000,1.000000,0.467698
no_capacity_floor,c24_r37.5m,24,37.500000,405,0.033397,0.022187,0.382099,0.474196,0.490012,0.021639,0.001000,1.000000,1.000000,0.308434
no_capacity_floor,c24_r37.5m,24,37.500000,416,0.038380,0.056921,0.413200,0.106616,0.587226,0.022389,0.001000,1.000000,1.000000,0.210461
no_capacity_floor,c24_r37.5m,24,37.500000,417,-0.012822,0.013430,0.179039,0.546215,0.646157,0.004500,0.001000,1.000000,1.000000,0.530001
no_capacity_floor,c24_r37.5m,24,37.500000,418,0.018104,0.022048,0.208278,0.390755,0.348208,0.023444,0.001000,1.000000,1.000000,0.372630
no_capacity_floor,c24_r37.5m,24,37.500000,407,0.005044,0.022356,0.197421,0.277538,0.572007,0.033778,0.001000,1.000000,1.000000,0.214228
no_capacity_floor,c24_r37.5m,24,37.500000,410,0.044324,0.029187,0.336384,0.377077,0.622182,0.026528,0.001000,1.000000,1.000000,0.363680
no_capacity_floor,c24_r37.5m,24,37.500000,419,0.038360,0.033864,0.369916,0.239011,0.668708,0.015972,0.001000,1.000000,1.000000,0.300940
no_capacity_floor,c24_r37.5m,24,37.500000,412,0.068375,0.040133,0.426904,0.449946,0.411104,0.027639,0.001000,1.000000,1.000000,0.409989
no_capacity_floor,c24_r37.5m,24,37.500000,413,0.034223,0.040752,0.483493,0.626638,0.380023,0.022000,0.001000,1.000000,1.000000,0.567717
no_capacity_floor,c24_r37.5m,24,37.500000,414,0.088644,0.039212,0.682273,0.286457,0.435179,0.022333,0.001000,1.000000,1.000000,0.376019
no_capacity_floor,c24_r37.5m,24,37.500000,415,0.023689,0.034812,0.383242,0.417039,0.673250,0.019306,0.001000,1.000000,1.000000,0.298748
no_capacity_floor,c24_r37.5m,24,37.500000,426,0.051843,0.050267,0.635202,0.243803,0.519613,0.012778,0.001000,1.000000,1.000000,0.160688
no_capacity_floor,c24_r37.5m,24,37.500000,427,0.013112,0.030986,0.471907,0.141989,0.826947,0.022694,0.001000,1.000000,1.000000,0.197931
no_capacity_floor,c24_r37.5m,24,37.500000,428,0.112155,0.040302,0.353947,0.147989,0.446714,0.006500,0.001000,1.000000,1.000000,0.227776
no_capacity_floor,c24_r37.5m,24,37.500000,431,0.011987,0.033516,0.259099,0.146242,0.521842,0.023139,0.001000,1.000000,1.000000,0.242576
no_capacity_floor,c24_r37.5m,24,37.500000,420,0.080684,0.054175,0.650397,0.475750,0.531279,0.008056,0.001000,1.000000,1.000000,0.450746
no_capacity_floor,c24_r37.5m,24,37.500000,421,0.036185,0.048361,0.513456,0.188983,0.699673,0.016194,0.001000,1.000000,1.000000,0.281717
no_capacity_floor,c24_r37.5m,24,37.500000,422,0.020228,0.037692,0.358250,0.585043,0.678183,0.016778,0.001000,1.000000,1.000000,0.488636
no_capacity_floor,c24_r37.5m,24,37.500000,423,0.050040,0.030335,0.375028,0.605087,0.723343,0.016722,0.001000,1.000000,1.000000,0.814756
no_capacity_floor,c24_r37.5m,24,37.500000,424,0.020437,0.029725,0.330835,0.250484,0.747025,0.025167,0.001000,1.000000,1.000000,0.272645
no_capacity_floor,c24_r37.5m,24,37.500000,438,0.029814,0.023090,0.349230,0.362156,0.496176,0.021722,0.001000,1.000000,1.000000,0.308776
no_capacity_floor,c24_r37.5m,24,37.500000,437,0.016980,0.019992,0.533587,0.500101,0.729207,0.008528,0.001000,1.000000,1.000000,0.475328
no_capacity_floor,c24_r37.5m,24,37.500000,425,0.036206,0.044501,0.559974,0.234108,0.661809,0.016056,0.001000,1.000000,1.000000,0.309887
no_capacity_floor,c24_r37.5m,24,37.500000,429,0.026764,0.014532,0.350940,0.488496,0.627845,0.009722,0.001000,1.000000,1.000000,0.574852
no_capacity_floor,c24_r37.5m,24,37.500000,436,-0.009674,0.019651,0.286805,0.375027,0.715083,0.008694,0.001000,1.000000,1.000000,0.433061
no_capacity_floor,c24_r37.5m,24,37.500000,430,0.045471,0.043829,0.523184,0.234266,0.638459,0.018611,0.001000,1.000000,1.000000,0.266360
no_capacity_floor,c24_r37.5m,24,37.500000,439,0.066026,0.042436,0.693333,0.345916,0.454002,0.009417,0.001000,1.000000,1.000000,0.455269
no_capacity_floor,c24_r37.5m,24,37.500000,432,0.062151,0.045462,0.569747,0.275363,0.789734,0.028611,0.001000,1.000000,1.000000,0.276150
no_capacity_floor,c24_r37.5m,24,37.500000,433,0.046324,0.038010,0.560492,0.498394,0.529758,0.014083,0.001000,1.000000,1.000000,0.485959
no_capacity_floor,c24_r37.5m,24,37.500000,434,0.026800,0.036617,0.459079,0.526527,0.457411,0.021833,0.001000,1.000000,1.000000,0.337026
no_capacity_floor,c24_r37.5m,24,37.500000,435,0.024917,0.027521,0.387776,0.310106,0.619911,0.026194,0.001000,1.000000,1.000000,0.287466
no_capacity_floor,c24_r37.5m,24,37.500000,446,0.040131,0.024419,0.355722,0.685367,0.745971,0.014306,0.001000,1.000000,1.000000,0.622398
no_capacity_floor,c24_r37.5m,24,37.500000,445,0.004760,0.021197,0.205871,0.414008,0.623742,0.015889,0.001000,1.000000,1.000000,0.332969
no_capacity_floor,c24_r37.5m,24,37.500000,448,0.016321,0.030358,0.416002,0.353749,0.579507,0.028056,0.001000,1.000000,1.000000,0.345781
no_capacity_floor,c24_r37.5m,24,37.500000,441,0.014936,0.010513,0.191627,0.641475,0.665088,0.029861,0.001000,1.000000,1.000000,0.661232
no_capacity_floor,c24_r75m,24,75.000000,401,0.061529,0.057262,0.904956,0.804953,0.643540,0.131944,0.318218,0.016667,0.090000,0.737434
no_capacity_floor,c24_r37.5m,24,37.500000,440,0.019192,0.028275,0.405626,0.589347,0.718854,0.028667,0.001000,1.000000,1.000000,0.600174
no_capacity_floor,c24_r37.5m,24,37.500000,442,0.009994,0.023059,0.343015,0.655243,0.609411,0.019000,0.001000,1.000000,1.000000,0.660472
no_capacity_floor,c24_r37.5m,24,37.500000,443,0.012639,0.019866,0.250766,0.345120,0.781023,0.025667,0.001000,1.000000,1.000000,0.401580
no_capacity_floor,c24_r37.5m,24,37.500000,444,0.016325,0.026083,0.373386,0.347329,0.643662,0.015028,0.001000,1.000000,1.000000,0.490934
no_capacity_floor,c24_r37.5m,24,37.500000,447,0.049378,0.044176,0.361007,0.424147,0.513017,0.020750,0.001000,1.000000,1.000000,0.574035
no_capacity_floor,c24_r37.5m,24,37.500000,449,0.040808,0.044142,0.628633,0.466521,0.565386,0.029333,0.001000,1.000000,1.000000,0.613598
no_capacity_floor,c24_r75m,24,75.000000,407,0.065560,0.064446,0.895992,0.857056,0.530895,0.127500,0.325159,0.066667,0.113333,0.753399
no_capacity_floor,c24_r75m,24,75.000000,406,0.068704,0.057666,0.802890,0.831125,0.756933,0.130806,0.303769,0.083333,0.081667,0.814237
no_capacity_floor,c24_r75m,24,75.000000,408,0.057893,0.056072,0.815133,0.888192,0.710459,0.129194,0.291525,0.133333,0.090000,0.874150
no_capacity_floor,c24_r75m,24,75.000000,400,0.048784,0.057559,0.773855,0.818592,0.785254,0.130639,0.289651,0.050000,0.131667,0.826801
no_capacity_floor,c24_r75m,24,75.000000,410,0.044266,0.054511,0.866038,0.759286,0.721556,0.129806,0.284698,0.066667,0.111667,0.783757
no_capacity_floor,c24_r75m,24,75.000000,402,0.048477,0.059957,0.763575,0.819469,0.788998,0.131417,0.281137,0.050000,0.096667,0.770993
no_capacity_floor,c24_r75m,24,75.000000,403,0.050598,0.064841,0.856008,0.794311,0.647136,0.129000,0.278006,0.133333,0.078333,0.777506
no_capacity_floor,c24_r75m,24,75.000000,404,0.054440,0.055756,0.810947,0.851722,0.874672,0.129583,0.295476,0.133333,0.095000,0.797838
no_capacity_floor,c24_r75m,24,75.000000,417,0.061364,0.060054,0.878115,0.825800,0.672703,0.130861,0.308263,0.100000,0.088333,0.828237
no_capacity_floor,c24_r75m,24,75.000000,405,0.065867,0.063703,0.877039,0.875244,0.453659,0.131694,0.291353,0.133333,0.078333,0.862391
no_capacity_floor,c24_r75m,24,75.000000,418,0.057704,0.059984,0.861736,0.862289,0.825158,0.128389,0.302685,0.166667,0.105000,0.816847
no_capacity_floor,c24_r75m,24,75.000000,419,0.073171,0.064374,0.835205,0.718478,0.720396,0.119472,0.236588,0.166667,0.100000,0.711275
no_capacity_floor,c24_r75m,24,75.000000,412,0.068230,0.056392,0.869116,0.880971,0.652287,0.133083,0.328603,0.033333,0.083333,0.836380
no_capacity_floor,c24_r75m,24,75.000000,409,0.048566,0.060969,0.903941,0.883142,0.712810,0.132361,0.299177,0.016667,0.075000,0.872062
no_capacity_floor,c24_r75m,24,75.000000,411,0.071861,0.064167,0.840597,0.810045,0.597523,0.134972,0.331129,0.033333,0.095000,0.802730
no_capacity_floor,c24_r75m,24,75.000000,421,0.053583,0.059809,0.882331,0.826370,0.855385,0.126083,0.277928,0.100000,0.101667,0.853820
no_capacity_floor,c24_r75m,24,75.000000,414,0.060290,0.061406,0.904673,0.748122,0.606850,0.129139,0.282025,0.116667,0.090000,0.758973
no_capacity_floor,c24_r75m,24,75.000000,413,0.042300,0.059898,0.878398,0.869337,0.730037,0.122306,0.239760,0.183333,0.108333,0.815848
no_capacity_floor,c24_r75m,24,75.000000,415,0.045133,0.049724,0.736514,0.828941,0.727534,0.129278,0.270886,0.150000,0.126667,0.828902
no_capacity_floor,c24_r75m,24,75.000000,416,0.050041,0.057054,0.807565,0.810664,0.630427,0.125333,0.275856,0.116667,0.106667,0.844342
no_capacity_floor,c24_r75m,24,75.000000,427,0.055081,0.061318,0.830449,0.832792,0.434508,0.130944,0.293551,0.050000,0.095000,0.814536
no_capacity_floor,c24_r75m,24,75.000000,425,0.071177,0.060254,0.846624,0.839917,0.720336,0.131139,0.325982,0.050000,0.095000,0.848868
no_capacity_floor,c24_r75m,24,75.000000,428,0.064733,0.057998,0.852848,0.772047,0.760541,0.132750,0.294361,0.083333,0.098333,0.768084
no_capacity_floor,c24_r75m,24,75.000000,420,0.081941,0.065792,0.858458,0.846394,0.365385,0.131750,0.311447,0.083333,0.085000,0.792380
no_capacity_floor,c24_r75m,24,75.000000,422,0.059567,0.064535,0.801558,0.594132,0.836882,0.129056,0.287510,0.066667,0.108333,0.561397
no_capacity_floor,c24_r75m,24,75.000000,432,0.041451,0.058755,0.918070,0.947024,0.631655,0.125111,0.295528,0.100000,0.091667,0.889433
no_capacity_floor,c24_r75m,24,75.000000,423,0.059074,0.060508,0.697455,0.890487,0.669960,0.130722,0.279905,0.116667,0.095000,0.797871
no_capacity_floor,c24_r75m,24,75.000000,424,0.047548,0.058026,0.762830,0.574185,0.589299,0.126083,0.245322,0.083333,0.085000,0.579231
no_capacity_floor,c24_r75m,24,75.000000,426,0.083293,0.071964,0.860204,0.901708,0.368977,0.131361,0.299656,0.100000,0.076667,0.852612
no_capacity_floor,c24_r75m,24,75.000000,437,0.057279,0.058888,0.792118,0.824703,0.717443,0.133472,0.322570,0.083333,0.081667,0.739123
no_capacity_floor,c24_r75m,24,75.000000,438,0.062478,0.057595,0.860532,0.864740,0.776309,0.134333,0.310936,0.100000,0.095000,0.819848
no_capacity_floor,c24_r75m,24,75.000000,439,0.071394,0.066726,0.836004,0.712672,0.549966,0.123667,0.291032,0.116667,0.105000,0.726648
no_capacity_floor,c24_r75m,24,75.000000,429,0.083752,0.072442,0.921151,0.881119,0.411672,0.132222,0.319133,0.150000,0.103333,0.828373
no_capacity_floor,c24_r75m,24,75.000000,430,0.057005,0.058729,0.750473,0.666912,0.564312,0.125417,0.267188,0.116667,0.100000,0.741581
no_capacity_floor,c24_r75m,24,75.000000,442,0.063017,0.051857,0.733561,0.756856,0.641031,0.132194,0.330722,0.166667,0.116667,0.642363
no_capacity_floor,c24_r75m,24,75.000000,431,0.065672,0.054004,0.795654,0.860943,0.708907,0.129806,0.296095,0.083333,0.108333,0.767943
no_capacity_floor,c24_r75m,24,75.000000,433,0.061660,0.071705,0.823727,0.857684,0.349222,0.128972,0.284100,0.100000,0.085000,0.837862
no_capacity_floor,c24_r75m,24,75.000000,434,0.069140,0.061250,0.858013,0.764710,0.869802,0.130583,0.322161,0.133333,0.096667,0.709646
no_capacity_floor,c24_r75m,24,75.000000,435,0.066857,0.062288,0.797763,0.722438,0.680821,0.131639,0.299832,0.050000,0.100000,0.750589
no_capacity_floor,c24_r75m,24,75.000000,436,0.080286,0.062512,0.922517,0.849339,0.470494,0.126278,0.268898,0.116667,0.098333,0.877140
no_capacity_floor,c24_r75m,24,75.000000,446,0.059923,0.062250,0.739407,0.825036,0.613711,0.135861,0.362919,0.066667,0.086667,0.802118
no_capacity_floor,c24_r75m,24,75.000000,447,0.048113,0.052974,0.680596,0.814173,0.676460,0.125861,0.252461,0.116667,0.113333,0.771956
no_capacity_floor,c24_r75m,24,75.000000,448,0.056699,0.059342,0.872796,0.881440,0.740496,0.129556,0.316483,0.150000,0.103333,0.838576
no_capacity_floor,c24_r75m,24,75.000000,441,0.072229,0.063006,0.835321,0.790893,0.740964,0.135056,0.346005,0.116667,0.095000,0.674155
no_capacity_floor,c24_r75m,24,75.000000,440,0.075332,0.064247,0.887341,0.888809,0.830809,0.132861,0.298335,0.083333,0.071667,0.889298
no_capacity_floor,c24_r75m,24,75.000000,443,0.048763,0.051614,0.843256,0.860447,0.652773,0.129750,0.293488,0.116667,0.095000,0.850075
no_capacity_floor,c24_r150m,24,150.000000,401,0.078994,0.060956,0.628039,0.650571,0.709703,0.253917,1.867873,0.000000,0.000000,0.551014
no_capacity_floor,c24_r75m,24,75.000000,444,0.077161,0.059615,0.855885,0.751866,0.782279,0.129833,0.301240,0.116667,0.103333,0.815175
no_capacity_floor,c24_r75m,24,75.000000,445,0.061639,0.062202,0.879184,0.841316,0.552707,0.123722,0.256769,0.133333,0.101667,0.827731
no_capacity_floor,c24_r150m,24,150.000000,407,0.075608,0.081835,0.731115,0.853984,0.495340,0.278472,2.119836,0.000000,0.000000,0.837237
no_capacity_floor,c24_r75m,24,75.000000,449,0.063069,0.059209,0.808728,0.872506,0.679857,0.138472,0.357985,0.066667,0.075000,0.850063
no_capacity_floor,c24_r150m,24,150.000000,408,0.061617,0.072545,0.562145,0.701513,0.811955,0.261917,1.932411,0.000000,0.000000,0.612727
no_capacity_floor,c24_r150m,24,150.000000,409,0.055382,0.060278,0.391121,0.442151,0.850846,0.243556,1.733911,0.000000,0.000000,0.432895
no_capacity_floor,c24_r150m,24,150.000000,400,0.086885,0.069415,0.617199,0.865236,0.787810,0.267333,1.976852,0.000000,0.000000,0.819939
no_capacity_floor,c24_r150m,24,150.000000,413,0.080859,0.067036,0.599493,0.694458,0.555350,0.254583,1.851799,0.000000,0.000000,0.661717
no_capacity_floor,c24_r150m,24,150.000000,404,0.070761,0.075750,0.595614,0.475597,0.420210,0.247833,1.783451,0.000000,0.000000,0.435904
no_capacity_floor,c24_r150m,24,150.000000,402,0.089165,0.080446,0.778165,0.807939,0.648999,0.265444,1.980248,0.000000,0.000000,0.685291
no_capacity_floor,c24_r150m,24,150.000000,403,0.087355,0.090893,0.839350,0.627767,0.724187,0.266778,1.989255,0.000000,0.000000,0.659401
no_capacity_floor,c24_r150m,24,150.000000,405,0.071630,0.077328,0.714792,0.798893,0.736656,0.265028,2.001820,0.000000,0.000000,0.706174
no_capacity_floor,c24_r150m,24,150.000000,406,0.061061,0.062703,0.438125,0.602128,0.458946,0.246222,1.780549,0.000000,0.000000,0.615332
no_capacity_floor,c24_r150m,24,150.000000,416,0.095321,0.085198,0.754413,0.712187,0.760993,0.262722,1.963932,0.000000,0.000000,0.737626
no_capacity_floor,c24_r150m,24,150.000000,411,0.043954,0.040244,0.293974,0.501821,0.667209,0.237944,1.645891,0.000000,0.000000,0.487272
no_capacity_floor,c24_r150m,24,150.000000,410,0.075615,0.079087,0.666914,0.806554,0.593114,0.266417,1.982663,0.000000,0.000000,0.696444
no_capacity_floor,c24_r150m,24,150.000000,418,0.072245,0.078433,0.562377,0.361777,0.679789,0.245806,1.740829,0.000000,0.000000,0.368397
no_capacity_floor,c24_r150m,24,150.000000,419,0.073883,0.077606,0.686675,0.498500,0.817090,0.258167,1.871158,0.000000,0.000000,0.527449
no_capacity_floor,c24_r150m,24,150.000000,412,0.090830,0.077179,0.681204,0.728155,0.733156,0.262694,1.950297,0.000000,0.000000,0.728285
no_capacity_floor,c24_r150m,24,150.000000,421,0.078336,0.091494,0.719742,0.561315,0.352711,0.255222,1.865518,0.000000,0.000000,0.520055
no_capacity_floor,c24_r150m,24,150.000000,414,0.056520,0.066875,0.438500,0.668918,0.465706,0.246944,1.783830,0.000000,0.000000,0.527145
no_capacity_floor,c24_r150m,24,150.000000,415,0.068705,0.072690,0.671430,0.768518,0.711384,0.251083,1.824431,0.000000,0.000000,0.730822
no_capacity_floor,c24_r150m,24,150.000000,417,0.093133,0.077351,0.728517,0.874798,0.639845,0.274889,2.052186,0.000000,0.000000,0.816608
no_capacity_floor,c24_r150m,24,150.000000,427,0.077685,0.087140,0.768675,0.804954,0.739403,0.257417,1.902513,0.000000,0.000000,0.774262
no_capacity_floor,c24_r150m,24,150.000000,430,0.087979,0.087625,0.863997,0.602816,0.491208,0.257694,1.912197,0.000000,0.000000,0.587770
no_capacity_floor,c24_r150m,24,150.000000,431,0.082291,0.088513,0.802332,0.798264,0.666323,0.274056,2.046303,0.000000,0.000000,0.808873
no_capacity_floor,c24_r150m,24,150.000000,420,0.066387,0.078240,0.633782,0.707932,0.723746,0.258444,1.898723,0.000000,0.000000,0.618779
no_capacity_floor,c24_r150m,24,150.000000,422,0.084902,0.082713,0.773421,0.778427,0.462350,0.259083,1.892723,0.000000,0.000000,0.735808
no_capacity_floor,c24_r150m,24,150.000000,433,0.085040,0.083099,0.767339,0.737849,0.637165,0.248056,1.836321,0.000000,0.000000,0.669493
no_capacity_floor,c24_r150m,24,150.000000,424,0.074505,0.083571,0.717835,0.732168,0.424343,0.254028,1.860703,0.000000,0.000000,0.692787
no_capacity_floor,c24_r150m,24,150.000000,423,0.064274,0.069534,0.702973,0.741212,0.716595,0.260889,1.915048,0.000000,0.000000,0.737709
no_capacity_floor,c24_r150m,24,150.000000,425,0.068838,0.072276,0.621054,0.632670,0.742641,0.257611,1.869027,0.000000,0.000000,0.658676
no_capacity_floor,c24_r150m,24,150.000000,426,0.063283,0.065085,0.653091,0.717262,0.610682,0.259833,1.915189,0.000000,0.000000,0.610788
no_capacity_floor,c24_r150m,24,150.000000,428,0.077140,0.078256,0.826847,0.846670,0.565294,0.273250,2.039123,0.000000,0.000000,0.821475
no_capacity_floor,c24_r150m,24,150.000000,429,0.067331,0.086396,0.762033,0.822359,0.834485,0.265750,1.960927,0.000000,0.000000,0.779353
no_capacity_floor,c24_r150m,24,150.000000,437,0.060333,0.060210,0.534937,0.686661,0.542106,0.249361,1.823084,0.000000,0.000000,0.668620
no_capacity_floor,c24_r150m,24,150.000000,438,0.076495,0.083245,0.551127,0.472058,0.636655,0.250556,1.820898,0.000000,0.000000,0.419283
no_capacity_floor,c24_r150m,24,150.000000,439,0.081057,0.070371,0.519548,0.653440,0.386422,0.251028,1.840269,0.000000,0.000000,0.623650
no_capacity_floor,c24_r150m,24,150.000000,434,0.049939,0.053614,0.258144,0.215208,0.489310,0.233083,1.629303,0.000000,0.000000,0.232733
no_capacity_floor,c24_r150m,24,150.000000,432,0.090762,0.086600,0.726930,0.676383,0.766017,0.262389,1.960752,0.000000,0.000000,0.594328
no_capacity_floor,c24_r150m,24,150.000000,442,0.037815,0.044888,0.422891,0.811496,0.348658,0.244167,1.737636,0.000000,0.000000,0.666259
no_capacity_floor,c24_r150m,24,150.000000,435,0.092622,0.067613,0.803731,0.702838,0.621268,0.259111,1.918526,0.000000,0.000000,0.741183
no_capacity_floor,c24_r150m,24,150.000000,436,0.109128,0.098629,0.841561,0.626594,0.337479,0.267750,2.025428,0.000000,0.000000,0.538495
no_capacity_floor,c24_r150m,24,150.000000,449,0.074938,0.073034,0.618876,0.799562,0.518181,0.251694,1.827687,0.000000,0.000000,0.819035
no_capacity_floor,c24_r300m,24,300.000000,400,0.109312,0.101858,0.714770,0.484729,0.681379,0.455111,4.396809,0.000000,0.000000,0.528934
no_capacity_floor,c24_r150m,24,150.000000,440,0.077570,0.077948,0.725131,0.806099,0.753168,0.260333,1.933622,0.000000,0.000000,0.736520
no_capacity_floor,c24_r150m,24,150.000000,443,0.084095,0.077848,0.784441,0.791980,0.480565,0.261639,1.928698,0.000000,0.000000,0.801772
no_capacity_floor,c24_r150m,24,150.000000,441,0.095329,0.090729,0.818009,0.840798,0.556806,0.272361,2.052093,0.000000,0.000000,0.760944
no_capacity_floor,c24_r300m,24,300.000000,401,0.092648,0.066878,0.461553,0.537790,0.481076,0.461750,4.453109,0.000000,0.000000,0.486894
no_capacity_floor,c24_r150m,24,150.000000,444,0.082807,0.089606,0.782314,0.763398,0.564537,0.258250,1.908828,0.000000,0.000000,0.742415
no_capacity_floor,c24_r150m,24,150.000000,445,0.062654,0.069117,0.504041,0.597770,0.785654,0.261806,1.929559,0.000000,0.000000,0.646910
no_capacity_floor,c24_r150m,24,150.000000,446,0.092220,0.092807,0.830789,0.758245,0.748874,0.263972,1.978199,0.000000,0.000000,0.709906
no_capacity_floor,c24_r300m,24,300.000000,404,0.103974,0.118373,0.817898,0.771194,0.637522,0.488194,4.727674,0.000000,0.000000,0.716251
no_capacity_floor,c24_r150m,24,150.000000,447,0.068294,0.073500,0.654303,0.639133,0.686130,0.245333,1.766854,0.000000,0.000000,0.513849
no_capacity_floor,c24_r150m,24,150.000000,448,0.065203,0.053235,0.318356,0.433203,0.765753,0.241583,1.710453,0.000000,0.000000,0.351914
no_capacity_floor,c24_r300m,24,300.000000,407,0.128312,0.121652,0.719319,0.703994,0.618015,0.482167,4.694204,0.000000,0.000000,0.684796
no_capacity_floor,c24_r300m,24,300.000000,408,0.091443,0.080929,0.393907,0.433073,0.678999,0.442111,4.255411,0.000000,0.000000,0.418247
no_capacity_floor,c24_r300m,24,300.000000,403,0.103035,0.105784,0.697840,0.758017,0.702613,0.471167,4.582316,0.000000,0.000000,0.713588
no_capacity_floor,c24_r300m,24,300.000000,412,0.093222,0.110942,0.732595,0.842025,0.845013,0.496250,4.825728,0.000000,0.000000,0.801083
no_capacity_floor,c24_r300m,24,300.000000,402,0.068718,0.078670,0.444024,0.578874,0.531469,0.440306,4.206185,0.000000,0.000000,0.643556
no_capacity_floor,c24_r300m,24,300.000000,416,0.090564,0.103885,0.604045,0.490711,0.506898,0.451778,4.355958,0.000000,0.000000,0.508726
no_capacity_floor,c24_r300m,24,300.000000,405,0.110611,0.113420,0.644901,0.527109,0.684489,0.451694,4.354193,0.000000,0.000000,0.445572
no_capacity_floor,c24_r300m,24,300.000000,406,0.056943,0.068374,0.518822,0.543869,0.647968,0.455528,4.406821,0.000000,0.000000,0.421061
no_capacity_floor,c24_r300m,24,300.000000,413,0.131566,0.128014,0.890348,0.748051,0.864696,0.486333,4.746989,0.000000,0.000000,0.689576
no_capacity_floor,c24_r300m,24,300.000000,415,0.083411,0.084831,0.726215,0.826181,0.491137,0.477333,4.658875,0.000000,0.000000,0.794889
no_capacity_floor,c24_r300m,24,300.000000,419,0.079355,0.072186,0.348079,0.398067,0.288750,0.442306,4.260247,0.000000,0.000000,0.324830
no_capacity_floor,c24_r300m,24,300.000000,409,0.091346,0.071676,0.481307,0.762175,0.700271,0.468972,4.521667,0.000000,0.000000,0.721932
no_capacity_floor,c24_r300m,24,300.000000,410,0.095585,0.098701,0.528907,0.612263,0.521728,0.455222,4.389349,0.000000,0.000000,0.543233
no_capacity_floor,c24_r300m,24,300.000000,420,0.107758,0.111099,0.686989,0.474069,0.705603,0.458250,4.419094,0.000000,0.000000,0.397172
no_capacity_floor,c24_r300m,24,300.000000,411,0.086313,0.071484,0.423218,0.672160,0.459942,0.462417,4.481276,0.000000,0.000000,0.681549
no_capacity_floor,c24_r300m,24,300.000000,414,0.092221,0.103625,0.495423,0.609724,0.580323,0.463222,4.470845,0.000000,0.000000,0.626667
no_capacity_floor,c24_r300m,24,300.000000,424,0.060067,0.059100,0.438414,0.254690,0.593922,0.437500,4.171810,0.000000,0.000000,0.223056
no_capacity_floor,c24_r300m,24,300.000000,417,0.076463,0.085992,0.411566,0.398722,0.610393,0.433278,4.163534,0.000000,0.000000,0.381932
no_capacity_floor,c24_r300m,24,300.000000,422,0.097232,0.093750,0.639441,0.797909,0.487907,0.478583,4.652764,0.000000,0.000000,0.658300
no_capacity_floor,c24_r300m,24,300.000000,418,0.101375,0.108300,0.741309,0.798759,0.564970,0.492472,4.800357,0.000000,0.000000,0.834511
no_capacity_floor,c24_r300m,24,300.000000,427,0.085302,0.091480,0.416201,0.629825,0.602535,0.436722,4.198674,0.000000,0.000000,0.640358
no_capacity_floor,c24_r300m,24,300.000000,429,0.139460,0.130656,0.765084,0.717360,0.435927,0.471222,4.569325,0.000000,0.000000,0.764839
no_capacity_floor,c24_r300m,24,300.000000,432,0.111726,0.111084,0.682902,0.672252,0.264389,0.471833,4.589149,0.000000,0.000000,0.683142
no_capacity_floor,c24_r300m,24,300.000000,421,0.095597,0.101405,0.707575,0.643692,0.470599,0.471111,4.560378,0.000000,0.000000,0.596485
no_capacity_floor,c24_r300m,24,300.000000,435,0.113650,0.102541,0.642292,0.468812,0.774695,0.448833,4.318220,0.000000,0.000000,0.465076
no_capacity_floor,c24_r300m,24,300.000000,423,0.095881,0.100482,0.708555,0.775603,0.497900,0.468556,4.541927,0.000000,0.000000,0.713683
no_capacity_floor,c24_r300m,24,300.000000,425,0.086447,0.086045,0.441164,0.408748,0.409257,0.458389,4.413857,0.000000,0.000000,0.409002
no_capacity_floor,c24_r300m,24,300.000000,426,0.117863,0.121032,0.839177,0.741184,0.872970,0.475833,4.624876,0.000000,0.000000,0.770843
no_capacity_floor,c24_r300m,24,300.000000,437,0.099738,0.090566,0.496750,0.530548,0.741510,0.463194,4.478370,0.000000,0.000000,0.490191
no_capacity_floor,c24_r300m,24,300.000000,439,0.126660,0.112679,0.693342,0.705806,0.411622,0.475917,4.652140,0.000000,0.000000,0.617199
no_capacity_floor,c24_r300m,24,300.000000,428,0.124898,0.113425,0.753480,0.468713,0.452777,0.445444,4.273237,0.000000,0.000000,0.510826
no_capacity_floor,c24_r300m,24,300.000000,431,0.111833,0.097593,0.794984,0.718309,0.506816,0.476139,4.610773,0.000000,0.000000,0.572238
no_capacity_floor,c24_r300m,24,300.000000,430,0.122220,0.114308,0.778160,0.738589,0.658884,0.482778,4.723003,0.000000,0.000000,0.665718
no_capacity_floor,c24_r300m,24,300.000000,440,0.106021,0.110699,0.813452,0.829071,0.653396,0.489194,4.765865,0.000000,0.000000,0.804999
no_capacity_floor,c24_r300m,24,300.000000,433,0.083444,0.080480,0.517235,0.515028,0.619074,0.438750,4.208142,0.000000,0.000000,0.481775
no_capacity_floor,c24_r300m,24,300.000000,441,0.105521,0.104288,0.711377,0.805694,0.530519,0.488806,4.762262,0.000000,0.000000,0.774783
no_capacity_floor,c24_r300m,24,300.000000,436,0.121271,0.115885,0.824068,0.549777,0.769276,0.463250,4.459466,0.000000,0.000000,0.488326
no_capacity_floor,c24_r300m,24,300.000000,434,0.131369,0.123015,0.857665,0.835225,0.759769,0.475333,4.637069,0.000000,0.000000,0.687632
no_capacity_floor,c24_r300m,24,300.000000,443,0.081024,0.096829,0.554299,0.613788,0.577997,0.465389,4.502962,0.000000,0.000000,0.641280
no_capacity_floor,c24_r300m,24,300.000000,442,0.108652,0.099849,0.596791,0.483063,0.625810,0.434889,4.191767,0.000000,0.000000,0.420010
no_capacity_floor,c24_r300m,24,300.000000,438,0.094057,0.083206,0.514841,0.601488,0.708150,0.461444,4.459145,0.000000,0.000000,0.534939
no_capacity_floor,c24_r300m,24,300.000000,448,0.089932,0.085051,0.364643,0.304237,0.625902,0.424500,4.065649,0.000000,0.000000,0.267181
no_capacity_floor,c24_r300m,24,300.000000,447,0.097210,0.097694,0.603275,0.662477,0.776829,0.455861,4.391597,0.000000,0.000000,0.648678
no_capacity_floor,c24_r300m,24,300.000000,445,0.085819,0.071732,0.653446,0.629040,0.616074,0.460833,4.446134,0.000000,0.000000,0.455449
no_capacity_floor,c24_r600m,24,600.000000,402,0.082619,0.071056,0.484527,0.276716,0.709424,0.726361,7.837966,0.000000,0.000000,0.265484
no_capacity_floor,c24_r300m,24,300.000000,444,0.107675,0.085543,0.612136,0.628197,0.588859,0.470528,4.567768,0.000000,0.000000,0.595344
no_capacity_floor,c24_r600m,24,600.000000,404,0.062844,0.058187,0.512457,0.526028,0.813857,0.739333,7.963263,0.000000,0.000000,0.547812
no_capacity_floor,c24_r300m,24,300.000000,446,0.115347,0.109629,0.598704,0.249714,0.509398,0.428556,4.096265,0.000000,0.000000,0.234539
no_capacity_floor,c24_r600m,24,600.000000,407,0.060216,0.068815,0.426412,0.566511,0.446552,0.748083,8.073520,0.000000,0.000000,0.541440
no_capacity_floor,c24_r600m,24,600.000000,408,0.045421,0.033696,0.230703,0.448385,0.581552,0.715278,7.753385,0.000000,0.000000,0.364429
no_capacity_floor,c24_r300m,24,300.000000,449,0.070050,0.046111,0.238842,0.355863,0.610643,0.424861,4.058404,0.000000,0.000000,0.279964
no_capacity_floor,c24_r600m,24,600.000000,410,0.043024,0.058879,0.361552,0.421664,0.609077,0.702167,7.588358,0.000000,0.000000,0.464077
no_capacity_floor,c24_r600m,24,600.000000,411,0.072143,0.043817,0.345010,0.236209,0.242844,0.735444,7.968400,0.000000,0.000000,0.244491
no_capacity_floor,c24_r600m,24,600.000000,400,0.058561,0.058063,0.450857,0.604794,0.721058,0.752583,8.108710,0.000000,0.000000,0.555472
no_capacity_floor,c24_r600m,24,600.000000,401,0.039003,0.056075,0.352563,0.744470,0.720843,0.733861,7.897116,0.000000,0.000000,0.740429
no_capacity_floor,c24_r600m,24,600.000000,403,0.071446,0.062311,0.437425,0.358946,0.604811,0.722917,7.812518,0.000000,0.000000,0.292763
no_capacity_floor,c24_r600m,24,600.000000,405,0.031669,0.040909,0.194599,0.380368,0.812721,0.726472,7.857213,0.000000,0.000000,0.388491
no_capacity_floor,c24_r600m,24,600.000000,413,0.038352,0.050975,0.398930,0.650303,0.587367,0.740389,7.977120,0.000000,0.000000,0.586473
no_capacity_floor,c24_r600m,24,600.000000,406,0.051952,0.056601,0.328056,0.294492,0.683705,0.698417,7.554223,0.000000,0.000000,0.365822
no_capacity_floor,c24_r600m,24,600.000000,417,0.062643,0.057659,0.468074,0.429129,0.700373,0.728722,7.862666,0.000000,0.000000,0.422502
no_capacity_floor,c24_r600m,24,600.000000,415,0.100465,0.075360,0.654197,0.636087,0.746748,0.759833,8.195418,0.000000,0.000000,0.491427
no_capacity_floor,c24_r600m,24,600.000000,409,0.056031,0.042785,0.566006,0.235419,0.549205,0.715167,7.693522,0.000000,0.000000,0.335240
no_capacity_floor,c24_r600m,24,600.000000,418,0.058602,0.054406,0.306450,0.343167,0.863307,0.714944,7.726768,0.000000,0.000000,0.279195
no_capacity_floor,c24_r600m,24,600.000000,421,0.084251,0.079279,0.615582,0.781925,0.822909,0.771278,8.296065,0.000000,0.000000,0.688743
no_capacity_floor,c24_r600m,24,600.000000,412,0.052050,0.055460,0.537557,0.616513,0.596144,0.720722,7.761396,0.000000,0.000000,0.602572
no_capacity_floor,c24_r600m,24,600.000000,426,0.038778,0.038890,0.279404,0.551494,0.674814,0.712222,7.693234,0.000000,0.000000,0.565181
no_capacity_floor,c24_r600m,24,600.000000,414,0.065301,0.049789,0.350109,0.783633,0.725142,0.739583,8.009108,0.000000,0.000000,0.774967
no_capacity_floor,c24_r600m,24,600.000000,419,0.057104,0.060469,0.373001,0.291038,0.627743,0.745028,8.056838,0.000000,0.000000,0.297281
no_capacity_floor,c24_r600m,24,600.000000,416,0.110865,0.094242,0.718599,0.855546,0.498900,0.786167,8.468177,0.000000,0.000000,0.676652
no_capacity_floor,c24_r600m,24,600.000000,429,0.100012,0.081288,0.573687,0.509075,0.531638,0.748917,8.059289,0.000000,0.000000,0.544474
no_capacity_floor,c24_r600m,24,600.000000,420,0.072468,0.057017,0.354981,0.501460,0.724931,0.725667,7.838247,0.000000,0.000000,0.517447
no_capacity_floor,c24_r600m,24,600.000000,428,0.055531,0.052402,0.300344,0.663234,0.613844,0.729611,7.896994,0.000000,0.000000,0.694936
no_capacity_floor,c24_r600m,24,600.000000,425,0.074955,0.069436,0.400169,0.609800,0.707999,0.738167,7.960287,0.000000,0.000000,0.549632
no_capacity_floor,c24_r600m,24,600.000000,432,0.082189,0.079632,0.596345,0.819859,0.766642,0.762306,8.206065,0.000000,0.000000,0.644792
no_capacity_floor,c24_r600m,24,600.000000,431,0.070915,0.085122,0.510399,0.570845,0.384710,0.749083,8.063947,0.000000,0.000000,0.543597
no_capacity_floor,c24_r600m,24,600.000000,422,0.088829,0.093465,0.591891,0.652866,0.701719,0.747139,8.052668,0.000000,0.000000,0.654810
no_capacity_floor,c24_r600m,24,600.000000,423,0.048981,0.056260,0.235941,0.306888,0.392308,0.727333,7.878309,0.000000,0.000000,0.330473
no_capacity_floor,c24_r600m,24,600.000000,424,0.071936,0.064495,0.549423,0.687633,0.316064,0.729111,7.858706,0.000000,0.000000,0.572910
no_capacity_floor,c24_r600m,24,600.000000,434,0.083384,0.089644,0.641124,0.510888,0.273506,0.736250,7.930622,0.000000,0.000000,0.416162
no_capacity_floor,c24_r600m,24,600.000000,427,0.061633,0.061586,0.447874,0.689911,0.408893,0.755278,8.144988,0.000000,0.000000,0.632192
no_capacity_floor,c24_r600m,24,600.000000,430,0.075915,0.094366,0.812654,0.854619,0.577833,0.765639,8.213085,0.000000,0.000000,0.781349
no_capacity_floor,c24_r600m,24,600.000000,440,0.047685,0.043796,0.308113,0.362506,0.564529,0.727389,7.865278,0.000000,0.000000,0.453961
no_capacity_floor,c24_r600m,24,600.000000,438,0.077554,0.084830,0.511911,0.567885,0.839969,0.759222,8.198106,0.000000,0.000000,0.529681
no_capacity_floor,c24_r600m,24,600.000000,441,0.053086,0.068232,0.293289,0.305714,0.780053,0.718111,7.770839,0.000000,0.000000,0.277817
no_capacity_floor,c24_r600m,24,600.000000,439,0.073830,0.073150,0.627436,0.342599,0.689221,0.741972,7.985197,0.000000,0.000000,0.318330
no_capacity_floor,c24_r600m,24,600.000000,437,0.052667,0.049392,0.362088,0.498909,0.752004,0.734111,7.921404,0.000000,0.000000,0.444743
no_capacity_floor,c24_r600m,24,600.000000,433,0.076160,0.081852,0.505443,0.659649,0.626774,0.752972,8.115763,0.000000,0.000000,0.566328
no_capacity_floor,c24_r600m,24,600.000000,435,0.070505,0.074646,0.643571,0.803916,0.781075,0.775222,8.333847,0.000000,0.000000,0.777910
no_capacity_floor,c24_r600m,24,600.000000,442,0.059902,0.073978,0.483080,0.490863,0.578863,0.744611,8.045389,0.000000,0.000000,0.569087
no_capacity_floor,c24_r600m,24,600.000000,447,0.064861,0.073494,0.480990,0.366403,0.689877,0.729556,7.874552,0.000000,0.000000,0.335056
no_capacity_floor,c24_r600m,24,600.000000,443,0.069703,0.076645,0.499347,0.332779,0.431982,0.743639,8.034460,0.000000,0.000000,0.218282
no_capacity_floor,c24_r600m,24,600.000000,436,0.063173,0.065747,0.464023,0.433998,0.647149,0.729667,7.883776,0.000000,0.000000,0.412380
no_capacity_floor,c24_r600m,24,600.000000,445,0.080672,0.077407,0.613543,0.824681,0.729827,0.746750,8.057392,0.000000,0.000000,0.776737
no_capacity_floor,c24_r600m,24,600.000000,446,0.037972,0.068756,0.424764,0.273518,0.430037,0.713861,7.679308,0.000000,0.000000,0.250676
no_capacity_floor,c24_r600m,24,600.000000,448,0.016245,0.034130,0.226353,0.359351,0.445390,0.722611,7.830292,0.000000,0.000000,0.366385
no_capacity_floor,c24_r600m,24,600.000000,444,0.073208,0.075504,0.471081,0.460917,0.534957,0.740944,8.016670,0.000000,0.000000,0.391311
no_capacity_floor,c24_r600m,24,600.000000,449,0.018210,0.052207,0.305475,0.568604,0.600173,0.695139,7.503880,0.000000,0.000000,0.649340
