variant,condition,food_site_count,food_site_radius,seed,final_recruitment_advantage,tail_recruitment_advantage,final_directional_bias,final_receiver_attention,final_dance_propensity,final_success,final_payoff,final_floor_fraction,tail_floor_fraction,tail_dance_follow_share
baseline,c1_r15m,1,15.000000,409,0.000000,0.000000,0.188873,0.676998,0.524384,0.001083,0.001000,1.000000,1.000000,0.200000
baseline,c1_r15m,1,15.000000,415,0.000000,0.000000,0.421993,0.526884,0.704759,0.000250,0.001000,1.000000,1.000000,0.000000
baseline,c1_r15m,1,15.000000,402,0.000000,0.000000,0.342343,0.425406,0.159816,0.000778,0.001000,1.000000,1.000000,0.000000
baseline,c1_r15m,1,15.000000,412,0.000000,0.000000,0.524860,0.322802,0.797880,0.000361,0.001000,1.000000,1.000000,0.150000
baseline,c1_r15m,1,15.000000,410,0.000000,0.000000,0.284286,0.393506,0.267007,0.000389,0.001000,1.000000,1.000000,0.103333
baseline,c1_r15m,1,15.000000,405,0.000000,0.000000,0.560251,0.319736,0.609239,0.000694,0.001000,1.000000,1.000000,0.058333
baseline,c1_r15m,1,15.000000,408,0.000000,0.000000,0.175580,0.455908,0.427984,0.000722,0.001000,1.000000,1.000000,0.100000
baseline,c1_r15m,1,15.000000,413,0.000000,0.000000,0.696107,0.510679,0.521207,0.000167,0.001000,1.000000,1.000000,0.000000
baseline,c1_r15m,1,15.000000,411,0.000000,0.000000,0.405971,0.233658,0.524356,0.000750,0.001000,1.000000,1.000000,0.100794
baseline,c1_r15m,1,15.000000,407,0.000000,0.000000,0.129356,0.244283,0.401061,0.000250,0.001000,1.000000,1.000000,0.000000
baseline,c1_r15m,1,15.000000,406,0.000000,0.000000,0.456280,0.347930,0.701840,0.000389,0.001000,1.000000,1.000000,0.100000
baseline,c1_r15m,1,15.000000,403,0.000000,0.014286,0.264875,0.313917,0.524292,0.000944,0.001000,1.000000,1.000000,0.262500
baseline,c1_r15m,1,15.000000,401,0.000000,0.016667,0.512498,0.767546,0.443468,0.000389,0.001000,1.000000,1.000000,0.275000
baseline,c1_r15m,1,15.000000,404,0.000000,0.000000,0.239273,0.278980,0.644368,0.000806,0.001000,1.000000,1.000000,0.080460
baseline,c1_r15m,1,15.000000,400,0.000000,0.000000,0.283915,0.184602,0.692990,0.000417,0.001000,1.000000,1.000000,0.050857
baseline,c1_r15m,1,15.000000,414,0.000000,0.000000,0.284674,0.615733,0.725319,0.000083,0.001000,1.000000,1.000000,0.050000
baseline,c1_r15m,1,15.000000,417,0.000000,0.000000,0.415651,0.272092,0.514211,0.000389,0.001000,1.000000,1.000000,0.020000
baseline,c1_r15m,1,15.000000,416,0.000000,-0.020000,0.368965,0.540703,0.672271,0.000389,0.001000,1.000000,1.000000,0.044444
baseline,c1_r15m,1,15.000000,418,0.000000,0.000000,0.577800,0.318101,0.769215,0.000361,0.001000,1.000000,1.000000,0.020000
baseline,c1_r15m,1,15.000000,421,0.000000,0.016667,0.582991,0.488670,0.682979,0.000750,0.001000,1.000000,1.000000,0.066667
baseline,c1_r15m,1,15.000000,423,-0.142857,-0.014286,0.470535,0.213407,0.646834,0.000389,0.001000,1.000000,1.000000,0.020000
baseline,c1_r15m,1,15.000000,419,0.142857,0.014286,0.696128,0.571117,0.583631,0.000528,0.001000,1.000000,1.000000,0.102778
baseline,c1_r15m,1,15.000000,427,0.000000,0.000000,0.346193,0.390712,0.761599,0.000667,0.001000,1.000000,1.000000,0.025000
baseline,c1_r15m,1,15.000000,425,0.000000,0.000000,0.329035,0.129772,0.492369,0.000667,0.001000,1.000000,1.000000,0.000000
baseline,c1_r15m,1,15.000000,429,0.000000,0.000000,0.456049,0.231415,0.729029,0.000500,0.001000,1.000000,1.000000,0.100000
baseline,c1_r15m,1,15.000000,420,0.000000,0.000000,0.366806,0.174500,0.841269,0.000528,0.001000,1.000000,1.000000,0.191111
baseline,c1_r15m,1,15.000000,422,0.000000,0.000000,0.531530,0.315703,0.487944,0.000611,0.001000,1.000000,1.000000,0.157143
baseline,c1_r15m,1,15.000000,431,0.000000,0.000000,0.372235,0.336523,0.599638,0.000778,0.001000,1.000000,1.000000,0.020000
baseline,c1_r15m,1,15.000000,424,0.000000,0.050000,0.432623,0.231754,0.853575,0.000500,0.001000,1.000000,1.000000,0.183333
baseline,c1_r15m,1,15.000000,430,0.000000,0.000000,0.446154,0.495702,0.458997,0.000722,0.001000,1.000000,1.000000,0.066667
baseline,c1_r15m,1,15.000000,426,0.000000,0.000000,0.502195,0.368337,0.586189,0.000694,0.001000,1.000000,1.000000,0.200000
baseline,c1_r15m,1,15.000000,428,0.000000,0.000000,0.543845,0.227412,0.871396,0.000278,0.001000,1.000000,1.000000,0.000000
baseline,c1_r15m,1,15.000000,433,0.000000,0.000000,0.399324,0.224428,0.331516,0.000361,0.001000,1.000000,1.000000,0.070000
baseline,c1_r15m,1,15.000000,432,0.000000,-0.014286,0.161668,0.133823,0.855118,0.000556,0.001000,1.000000,1.000000,0.062500
baseline,c1_r15m,1,15.000000,434,0.000000,0.000000,0.552007,0.142658,0.809408,0.000778,0.001000,1.000000,1.000000,0.062222
baseline,c1_r15m,1,15.000000,435,0.000000,0.000000,0.510082,0.517615,0.605434,0.000278,0.001000,1.000000,1.000000,0.023611
baseline,c1_r15m,1,15.000000,437,0.000000,0.000000,0.489091,0.375467,0.384007,0.000417,0.001000,1.000000,1.000000,0.033333
baseline,c1_r15m,1,15.000000,438,0.000000,0.000000,0.409990,0.255503,0.564939,0.000583,0.001000,1.000000,1.000000,0.000000
baseline,c1_r15m,1,15.000000,436,0.000000,0.000000,0.214641,0.531845,0.800988,0.000194,0.001000,1.000000,1.000000,0.000000
baseline,c1_r15m,1,15.000000,439,0.000000,0.000000,0.337735,0.267593,0.562073,0.000861,0.001000,1.000000,1.000000,0.033333
baseline,c1_r15m,1,15.000000,440,0.000000,0.000000,0.273768,0.422686,0.757359,0.000444,0.001000,1.000000,1.000000,0.026316
baseline,c1_r15m,1,15.000000,441,0.000000,0.036111,0.224481,0.759378,0.714165,0.000583,0.001000,1.000000,1.000000,0.257143
baseline,c1_r15m,1,15.000000,442,0.000000,0.033333,0.240818,0.516258,0.686675,0.000889,0.001000,1.000000,1.000000,0.230357
baseline,c1_r15m,1,15.000000,444,0.000000,0.000000,0.414410,0.359053,0.509237,0.000583,0.001000,1.000000,1.000000,0.011111
baseline,c1_r15m,1,15.000000,443,0.000000,0.000000,0.564181,0.410499,0.639349,0.001167,0.001000,1.000000,1.000000,0.105556
baseline,c1_r15m,1,15.000000,446,0.000000,0.000000,0.511124,0.325398,0.659013,0.000472,0.001000,1.000000,1.000000,0.063333
baseline,c1_r15m,1,15.000000,445,0.000000,0.000000,0.223058,0.582476,0.262124,0.000444,0.001000,1.000000,1.000000,0.014286
baseline,c1_r15m,1,15.000000,447,0.000000,-0.016667,0.306337,0.405144,0.686246,0.000472,0.001000,1.000000,1.000000,0.193333
baseline,c1_r15m,1,15.000000,449,0.000000,0.000000,0.339120,0.403310,0.632805,0.000333,0.001000,1.000000,1.000000,0.053571
baseline,c1_r15m,1,15.000000,448,0.000000,0.012857,0.410643,0.262080,0.539133,0.000889,0.001000,1.000000,1.000000,0.075556
baseline,c1_r37.5m,1,37.500000,400,-0.003687,0.053760,0.435850,0.414988,0.629247,0.001250,0.001000,1.000000,1.000000,0.452953
baseline,c1_r37.5m,1,37.500000,401,-0.010989,0.022650,0.250022,0.337155,0.686898,0.001722,0.001000,1.000000,1.000000,0.378538
baseline,c1_r37.5m,1,37.500000,403,0.181818,0.028797,0.570930,0.436709,0.544249,0.000972,0.001000,1.000000,1.000000,0.396955
baseline,c1_r37.5m,1,37.500000,402,0.000000,0.043449,0.285997,0.348300,0.521562,0.001639,0.001000,1.000000,1.000000,0.322757
baseline,c1_r37.5m,1,37.500000,405,0.161538,0.047881,0.259954,0.142168,0.417067,0.002000,0.001000,1.000000,1.000000,0.175613
baseline,c1_r37.5m,1,37.500000,406,0.083333,0.024214,0.335778,0.734321,0.733316,0.000611,0.001000,1.000000,1.000000,0.765560
baseline,c1_r37.5m,1,37.500000,407,0.038462,0.035404,0.486396,0.401407,0.643732,0.001250,0.001000,1.000000,1.000000,0.449925
baseline,c1_r37.5m,1,37.500000,404,0.000000,0.038072,0.209447,0.204649,0.729382,0.001778,0.001000,1.000000,1.000000,0.179375
baseline,c1_r37.5m,1,37.500000,408,0.043573,0.057757,0.611289,0.456078,0.614992,0.001444,0.001000,1.000000,1.000000,0.485870
baseline,c1_r37.5m,1,37.500000,409,-0.005760,0.029665,0.224664,0.393558,0.529039,0.002083,0.001000,1.000000,1.000000,0.322319
baseline,c1_r37.5m,1,37.500000,411,-0.023256,0.035342,0.274510,0.271034,0.664537,0.000694,0.001000,1.000000,1.000000,0.223601
baseline,c1_r37.5m,1,37.500000,412,0.000000,0.027784,0.485005,0.186592,0.790284,0.001139,0.001000,1.000000,1.000000,0.244477
baseline,c1_r37.5m,1,37.500000,413,0.111111,0.019444,0.136809,0.346917,0.266128,0.000500,0.001000,1.000000,1.000000,0.359319
baseline,c1_r37.5m,1,37.500000,410,-0.033535,0.023573,0.214887,0.513142,0.797419,0.001639,0.001000,1.000000,1.000000,0.399915
baseline,c1_r37.5m,1,37.500000,414,0.000000,0.042597,0.403268,0.376903,0.661760,0.000472,0.001000,1.000000,1.000000,0.336637
baseline,c1_r37.5m,1,37.500000,415,0.458333,0.042837,0.429686,0.199485,0.725672,0.001167,0.001000,1.000000,1.000000,0.140359
baseline,c1_r37.5m,1,37.500000,417,0.125000,0.019844,0.392935,0.498010,0.505759,0.000556,0.001000,1.000000,1.000000,0.493938
baseline,c1_r37.5m,1,37.500000,416,0.000000,-0.010142,0.194837,0.342258,0.373248,0.001528,0.001000,1.000000,1.000000,0.352014
baseline,c1_r37.5m,1,37.500000,418,0.000000,0.008838,0.490713,0.232392,0.532187,0.000417,0.001000,1.000000,1.000000,0.134370
baseline,c1_r37.5m,1,37.500000,419,0.000000,0.088193,0.531030,0.277121,0.623079,0.001861,0.001000,1.000000,1.000000,0.295685
baseline,c1_r37.5m,1,37.500000,421,-0.011435,0.041622,0.346200,0.429822,0.733566,0.001167,0.001000,1.000000,1.000000,0.437046
baseline,c1_r37.5m,1,37.500000,420,0.061538,0.026575,0.202622,0.447847,0.605320,0.001333,0.001000,1.000000,1.000000,0.363375
baseline,c1_r37.5m,1,37.500000,422,-0.038462,0.038353,0.330030,0.328377,0.277965,0.001833,0.001000,1.000000,1.000000,0.305739
baseline,c1_r37.5m,1,37.500000,424,-0.021739,-0.007750,0.202547,0.230525,0.450134,0.002111,0.001000,1.000000,1.000000,0.233663
baseline,c1_r37.5m,1,37.500000,423,0.000000,-0.011680,0.193248,0.466254,0.725540,0.000639,0.001000,1.000000,1.000000,0.306529
baseline,c1_r37.5m,1,37.500000,426,0.055556,0.056236,0.377611,0.547090,0.563361,0.000972,0.001000,1.000000,1.000000,0.663608
baseline,c1_r37.5m,1,37.500000,427,0.000000,0.052863,0.332440,0.306703,0.333701,0.002028,0.001000,1.000000,1.000000,0.257459
baseline,c1_r37.5m,1,37.500000,425,0.000000,-0.010818,0.709274,0.210011,0.806267,0.001444,0.001000,1.000000,1.000000,0.169208
baseline,c1_r37.5m,1,37.500000,428,-0.078853,0.035314,0.271804,0.574020,0.516067,0.002028,0.001000,1.000000,1.000000,0.633599
baseline,c1_r37.5m,1,37.500000,429,0.027778,0.011625,0.201456,0.688113,0.628109,0.001278,0.001000,1.000000,1.000000,0.747269
baseline,c1_r37.5m,1,37.500000,431,0.052632,0.076019,0.620223,0.596851,0.507913,0.000639,0.001000,1.000000,1.000000,0.594750
baseline,c1_r37.5m,1,37.500000,430,0.000000,0.023224,0.271692,0.517094,0.642297,0.001389,0.001000,1.000000,1.000000,0.323036
baseline,c1_r37.5m,1,37.500000,432,0.000000,0.046554,0.331575,0.448504,0.693462,0.000667,0.001000,1.000000,1.000000,0.489066
baseline,c1_r37.5m,1,37.500000,433,-0.002676,-0.008041,0.469541,0.256199,0.668349,0.002139,0.001000,1.000000,1.000000,0.252632
baseline,c1_r37.5m,1,37.500000,434,0.142857,0.082919,0.445971,0.302572,0.499137,0.001444,0.001000,1.000000,1.000000,0.253665
baseline,c1_r37.5m,1,37.500000,435,0.250000,0.095516,0.450540,0.277665,0.293197,0.001222,0.001000,1.000000,1.000000,0.401820
baseline,c1_r37.5m,1,37.500000,436,0.000000,0.040024,0.418365,0.424792,0.542859,0.002167,0.001000,1.000000,1.000000,0.460632
baseline,c1_r37.5m,1,37.500000,437,0.038462,0.044949,0.317457,0.468640,0.747217,0.001611,0.001000,1.000000,1.000000,0.624522
baseline,c1_r37.5m,1,37.500000,438,0.000000,0.027681,0.470757,0.301634,0.785654,0.001444,0.001000,1.000000,1.000000,0.305186
baseline,c1_r37.5m,1,37.500000,441,-0.038462,0.003766,0.538904,0.373508,0.491360,0.001306,0.001000,1.000000,1.000000,0.489976
baseline,c1_r37.5m,1,37.500000,439,0.048342,0.020705,0.399066,0.514610,0.851004,0.002750,0.001000,1.000000,1.000000,0.398605
baseline,c1_r37.5m,1,37.500000,442,0.000000,0.064748,0.289846,0.514412,0.413710,0.001556,0.001000,1.000000,1.000000,0.440818
baseline,c1_r37.5m,1,37.500000,443,0.027778,0.085510,0.401200,0.390131,0.668821,0.001444,0.001000,1.000000,1.000000,0.458941
baseline,c1_r37.5m,1,37.500000,444,0.010719,0.017555,0.311014,0.702286,0.452795,0.002389,0.001000,1.000000,1.000000,0.722398
baseline,c1_r37.5m,1,37.500000,440,0.000000,0.053954,0.200469,0.332742,0.441353,0.002083,0.001000,1.000000,1.000000,0.342033
baseline,c1_r37.5m,1,37.500000,445,0.038875,0.033913,0.383933,0.453180,0.794848,0.001639,0.001000,1.000000,1.000000,0.478807
baseline,c1_r37.5m,1,37.500000,446,0.043062,0.038940,0.549411,0.423267,0.474120,0.002500,0.001000,1.000000,1.000000,0.313899
baseline,c1_r37.5m,1,37.500000,448,0.001624,0.028277,0.239506,0.407595,0.741615,0.002417,0.001000,1.000000,1.000000,0.389430
baseline,c1_r75m,1,75.000000,400,0.041958,0.043697,0.328493,0.413733,0.803307,0.002361,0.001000,1.000000,1.000000,0.444722
baseline,c1_r37.5m,1,37.500000,447,0.200000,0.030109,0.344322,0.228171,0.408124,0.000694,0.001000,1.000000,1.000000,0.456918
baseline,c1_r75m,1,75.000000,401,0.000270,0.041805,0.355255,0.246824,0.735822,0.002556,0.001000,1.000000,1.000000,0.246440
baseline,c1_r75m,1,75.000000,402,0.096769,0.072438,0.338381,0.406662,0.338107,0.003028,0.001000,1.000000,1.000000,0.576151
baseline,c1_r75m,1,75.000000,403,0.040919,0.045039,0.191199,0.367757,0.644569,0.002306,0.001000,1.000000,1.000000,0.325296
baseline,c1_r75m,1,75.000000,404,0.009259,0.044155,0.249972,0.572904,0.859764,0.001444,0.001000,1.000000,1.000000,0.396197
baseline,c1_r37.5m,1,37.500000,449,0.161792,0.072253,0.299416,0.299898,0.654804,0.001778,0.001000,1.000000,1.000000,0.353480
baseline,c1_r75m,1,75.000000,407,0.012799,0.066171,0.505755,0.381909,0.243803,0.002694,0.001000,1.000000,1.000000,0.271704
baseline,c1_r75m,1,75.000000,405,0.033769,0.019161,0.241321,0.647954,0.492814,0.005278,0.001000,1.000000,1.000000,0.552912
baseline,c1_r75m,1,75.000000,406,0.012707,0.031756,0.235225,0.391398,0.548193,0.004667,0.001000,1.000000,1.000000,0.361015
baseline,c1_r75m,1,75.000000,408,-0.020765,0.037091,0.302055,0.225743,0.588638,0.004278,0.001000,1.000000,1.000000,0.189593
baseline,c1_r75m,1,75.000000,409,0.084716,0.074914,0.643363,0.320824,0.355053,0.002861,0.001000,1.000000,1.000000,0.321907
baseline,c1_r75m,1,75.000000,410,-0.008955,0.035015,0.514040,0.499799,0.767846,0.002000,0.001000,1.000000,1.000000,0.505007
baseline,c1_r75m,1,75.000000,411,0.072487,0.048512,0.527505,0.632104,0.681984,0.003056,0.001000,1.000000,1.000000,0.720649
baseline,c1_r75m,1,75.000000,412,0.076570,0.049082,0.422031,0.445064,0.693674,0.003306,0.001000,1.000000,1.000000,0.348088
baseline,c1_r75m,1,75.000000,413,0.041820,0.062044,0.497430,0.436328,0.449799,0.005083,0.001000,1.000000,1.000000,0.467096
baseline,c1_r75m,1,75.000000,414,0.073012,0.047459,0.227613,0.289895,0.413244,0.001917,0.001000,1.000000,1.000000,0.347284
baseline,c1_r75m,1,75.000000,415,0.027210,0.049161,0.596001,0.292808,0.714978,0.001528,0.001000,1.000000,1.000000,0.225754
baseline,c1_r75m,1,75.000000,417,0.018979,0.021834,0.252130,0.202610,0.498480,0.002611,0.001000,1.000000,1.000000,0.224320
baseline,c1_r75m,1,75.000000,416,0.059600,0.083825,0.409813,0.207461,0.781976,0.004444,0.001000,1.000000,1.000000,0.389020
baseline,c1_r75m,1,75.000000,421,0.000000,0.016218,0.333468,0.537621,0.857812,0.000417,0.001000,1.000000,1.000000,0.464529
baseline,c1_r75m,1,75.000000,419,0.025817,0.051788,0.256389,0.513689,0.681730,0.002750,0.001000,1.000000,1.000000,0.524465
baseline,c1_r75m,1,75.000000,420,0.038372,0.055327,0.300030,0.320960,0.758885,0.001500,0.001000,1.000000,1.000000,0.380761
baseline,c1_r75m,1,75.000000,424,0.078939,0.039236,0.454655,0.497249,0.466793,0.002250,0.001000,1.000000,1.000000,0.576071
baseline,c1_r75m,1,75.000000,418,0.081399,0.048841,0.301754,0.251881,0.451857,0.003167,0.001000,1.000000,1.000000,0.292011
baseline,c1_r75m,1,75.000000,422,0.075735,0.062573,0.597356,0.341898,0.828056,0.002139,0.001000,1.000000,1.000000,0.233190
baseline,c1_r75m,1,75.000000,423,0.065250,0.070060,0.602500,0.313952,0.558874,0.003306,0.001000,1.000000,1.000000,0.315828
baseline,c1_r75m,1,75.000000,425,-0.029851,0.008094,0.181398,0.378671,0.332881,0.001389,0.001000,1.000000,1.000000,0.379777
baseline,c1_r75m,1,75.000000,426,0.048366,0.030467,0.461329,0.494681,0.484804,0.001778,0.001000,1.000000,1.000000,0.379321
baseline,c1_r75m,1,75.000000,428,0.020524,0.061388,0.436677,0.263543,0.634741,0.002972,0.001000,1.000000,1.000000,0.338830
baseline,c1_r75m,1,75.000000,427,0.055778,0.051912,0.221688,0.197192,0.404515,0.003333,0.001000,1.000000,1.000000,0.244168
baseline,c1_r75m,1,75.000000,429,0.021821,0.022928,0.254731,0.445267,0.684093,0.001917,0.001000,1.000000,1.000000,0.433357
baseline,c1_r75m,1,75.000000,431,0.058651,0.057765,0.404274,0.290786,0.534437,0.000833,0.001000,1.000000,1.000000,0.474562
baseline,c1_r75m,1,75.000000,430,0.046296,0.068093,0.291120,0.655535,0.570149,0.002222,0.001000,1.000000,1.000000,0.375228
baseline,c1_r75m,1,75.000000,432,0.129412,0.039608,0.250763,0.419214,0.762648,0.001917,0.001000,1.000000,1.000000,0.391213
baseline,c1_r75m,1,75.000000,433,0.014401,0.059282,0.335921,0.468793,0.640256,0.002583,0.001000,1.000000,1.000000,0.484213
baseline,c1_r75m,1,75.000000,434,0.033386,0.034356,0.366058,0.629528,0.785178,0.004222,0.001000,1.000000,1.000000,0.599364
baseline,c1_r75m,1,75.000000,436,0.056312,0.062982,0.601035,0.534392,0.814842,0.002417,0.001000,1.000000,1.000000,0.417314
baseline,c1_r75m,1,75.000000,435,0.080759,0.045262,0.494836,0.700312,0.585759,0.001639,0.001000,1.000000,1.000000,0.701873
baseline,c1_r75m,1,75.000000,437,0.055085,0.029441,0.281476,0.153851,0.529320,0.003250,0.001000,1.000000,1.000000,0.203694
baseline,c1_r75m,1,75.000000,443,0.058592,0.064162,0.663645,0.427999,0.646802,0.003528,0.001000,1.000000,1.000000,0.463290
baseline,c1_r75m,1,75.000000,440,0.061828,0.072027,0.381211,0.222937,0.795084,0.005000,0.001000,1.000000,1.000000,0.259897
baseline,c1_r75m,1,75.000000,445,0.077273,0.065366,0.668218,0.588920,0.387597,0.001833,0.001000,1.000000,1.000000,0.544098
baseline,c1_r75m,1,75.000000,444,0.054684,0.024290,0.322884,0.683798,0.839528,0.003139,0.001000,1.000000,1.000000,0.628286
baseline,c1_r75m,1,75.000000,438,0.074960,0.068081,0.387780,0.412271,0.616794,0.002222,0.001000,1.000000,1.000000,0.425888
baseline,c1_r75m,1,75.000000,439,0.030797,0.034259,0.565020,0.422509,0.701093,0.002222,0.001000,1.000000,1.000000,0.486816
baseline,c1_r75m,1,75.000000,441,0.035179,0.026483,0.207785,0.533623,0.591617,0.003361,0.001000,1.000000,1.000000,0.523269
baseline,c1_r75m,1,75.000000,446,0.048049,0.076261,0.300230,0.232261,0.683513,0.004222,0.001000,1.000000,1.000000,0.267553
baseline,c1_r75m,1,75.000000,447,0.038695,0.059982,0.398015,0.305531,0.758296,0.001528,0.001000,1.000000,1.000000,0.345098
baseline,c1_r75m,1,75.000000,442,0.078610,0.054699,0.427512,0.459157,0.561046,0.002528,0.001000,1.000000,1.000000,0.431901
baseline,c1_r75m,1,75.000000,448,0.015873,0.059237,0.374284,0.438141,0.621298,0.000889,0.001000,1.000000,1.000000,0.546907
baseline,c1_r75m,1,75.000000,449,0.056616,0.039249,0.320968,0.316753,0.573027,0.002250,0.001000,1.000000,1.000000,0.262020
baseline,c1_r150m,1,150.000000,400,0.089722,0.093520,0.344413,0.357888,0.403585,0.012056,0.001000,1.000000,1.000000,0.346331
baseline,c1_r150m,1,150.000000,401,0.083562,0.079541,0.313731,0.367136,0.713381,0.008361,0.001000,1.000000,1.000000,0.341912
baseline,c1_r150m,1,150.000000,402,0.088383,0.063984,0.346360,0.438987,0.669346,0.012417,0.001000,1.000000,1.000000,0.450343
baseline,c1_r150m,1,150.000000,404,0.090514,0.082188,0.453679,0.129005,0.512333,0.001111,0.001000,1.000000,0.998333,0.310333
baseline,c1_r150m,1,150.000000,407,0.141286,0.093777,0.138415,0.194135,0.680813,0.001639,0.001000,1.000000,0.996667,0.300210
baseline,c1_r150m,1,150.000000,410,0.110918,0.096549,0.705577,0.358265,0.579145,0.005139,0.001000,1.000000,1.000000,0.397699
baseline,c1_r150m,1,150.000000,403,0.103249,0.070779,0.350999,0.727965,0.719644,0.007528,0.001000,1.000000,1.000000,0.655588
baseline,c1_r150m,1,150.000000,411,0.106383,0.050848,0.277676,0.319995,0.751266,0.001917,0.001000,1.000000,1.000000,0.262784
baseline,c1_r150m,1,150.000000,408,0.130077,0.094436,0.378079,0.390419,0.746510,0.003083,0.001000,1.000000,1.000000,0.514474
baseline,c1_r150m,1,150.000000,405,0.104856,0.135968,0.714937,0.340573,0.641725,0.003528,0.001000,1.000000,1.000000,0.280485
baseline,c1_r150m,1,150.000000,414,0.043041,0.087988,0.173168,0.205039,0.192081,0.002750,0.002818,0.983333,0.998333,0.199008
baseline,c1_r150m,1,150.000000,409,0.073864,0.112803,0.531956,0.209932,0.271022,0.006528,0.001000,1.000000,1.000000,0.178666
baseline,c1_r150m,1,150.000000,406,0.012976,0.069414,0.182416,0.803964,0.406798,0.001861,0.001000,1.000000,0.998333,0.567561
baseline,c1_r150m,1,150.000000,413,0.181818,0.140746,0.823204,0.224894,0.123209,0.000972,0.001000,1.000000,0.998333,0.280423
baseline,c1_r150m,1,150.000000,412,0.040809,0.054351,0.488937,0.757586,0.473672,0.003611,0.004802,0.983333,0.996667,0.786379
baseline,c1_r150m,1,150.000000,415,0.059599,0.081519,0.581748,0.347227,0.613981,0.007444,0.001000,1.000000,1.000000,0.252166
baseline,c1_r150m,1,150.000000,416,0.042192,0.074447,0.357007,0.243461,0.458299,0.006806,0.001000,1.000000,1.000000,0.341597
baseline,c1_r150m,1,150.000000,417,0.043233,0.075245,0.367171,0.467577,0.640082,0.003167,0.001000,1.000000,1.000000,0.339658
baseline,c1_r150m,1,150.000000,418,0.099114,0.079918,0.095779,0.315742,0.642142,0.001139,0.001000,1.000000,0.996667,0.400917
baseline,c1_r150m,1,150.000000,419,0.094646,0.105154,0.598500,0.544947,0.859263,0.001167,0.001933,0.983333,0.996667,0.151385
baseline,c1_r150m,1,150.000000,421,0.064569,0.089091,0.364488,0.507377,0.372995,0.003861,0.001000,1.000000,1.000000,0.285767
baseline,c1_r150m,1,150.000000,423,0.077756,0.047083,0.228864,0.830258,0.653642,0.005833,0.001000,1.000000,1.000000,0.827712
baseline,c1_r150m,1,150.000000,420,0.037249,0.052208,0.737289,0.657656,0.814929,0.001028,0.001000,1.000000,0.998333,0.402804
baseline,c1_r150m,1,150.000000,425,0.099490,0.114633,0.664512,0.199697,0.234454,0.003333,0.001000,1.000000,0.998333,0.260563
baseline,c1_r150m,1,150.000000,426,0.109332,0.079926,0.333960,0.202784,0.703849,0.007056,0.001000,1.000000,1.000000,0.153604
baseline,c1_r150m,1,150.000000,424,0.031066,0.072918,0.211647,0.435926,0.432578,0.007111,0.001000,1.000000,1.000000,0.347163
baseline,c1_r150m,1,150.000000,427,0.117399,0.056371,0.184414,0.221556,0.818325,0.005306,0.001000,1.000000,1.000000,0.284076
baseline,c1_r150m,1,150.000000,422,0.068025,0.110211,0.437222,0.320687,0.659595,0.005389,0.001000,1.000000,1.000000,0.221891
baseline,c1_r150m,1,150.000000,432,0.029220,0.080750,0.480637,0.315971,0.741827,0.002306,0.001000,1.000000,1.000000,0.280196
baseline,c1_r150m,1,150.000000,431,0.085847,0.046853,0.198216,0.267185,0.618254,0.003889,0.001000,1.000000,1.000000,0.205357
baseline,c1_r150m,1,150.000000,428,0.006300,0.068679,0.338352,0.706801,0.742075,0.000944,0.001000,1.000000,0.993333,0.522368
baseline,c1_r150m,1,150.000000,429,0.088824,0.087314,0.462923,0.463108,0.689111,0.002944,0.001000,1.000000,1.000000,0.406135
baseline,c1_r150m,1,150.000000,430,0.264368,0.072170,0.595907,0.941269,0.686409,0.001139,0.001106,0.983333,0.995000,0.430875
baseline,c1_r150m,1,150.000000,433,0.099701,0.067100,0.346476,0.301504,0.404623,0.009167,0.001000,1.000000,1.000000,0.275779
baseline,c1_r150m,1,150.000000,435,0.056357,0.095830,0.317784,0.418433,0.657741,0.005750,0.001000,1.000000,1.000000,0.399643
baseline,c1_r150m,1,150.000000,434,0.175680,0.081632,0.498689,0.292441,0.884687,0.002778,0.001000,1.000000,0.998333,0.422303
baseline,c1_r150m,1,150.000000,437,0.039466,0.054196,0.235864,0.218524,0.600622,0.003583,0.001000,1.000000,1.000000,0.211513
baseline,c1_r150m,1,150.000000,436,0.068966,0.092228,0.567655,0.373324,0.167065,0.000389,0.001000,1.000000,0.996667,0.327042
baseline,c1_r150m,1,150.000000,438,0.122015,0.077138,0.373144,0.658936,0.470563,0.003417,0.001000,1.000000,0.998333,0.764366
baseline,c1_r150m,1,150.000000,439,0.164535,0.153567,0.822768,0.661378,0.558421,0.003139,0.001915,0.983333,0.998333,0.550692
baseline,c1_r150m,1,150.000000,442,0.136884,0.121526,0.344863,0.304527,0.709558,0.002056,0.001000,1.000000,0.998333,0.563692
baseline,c1_r150m,1,150.000000,440,0.088750,0.062077,0.217512,0.242261,0.487648,0.002222,0.001000,1.000000,1.000000,0.185623
baseline,c1_r150m,1,150.000000,441,0.055754,0.092324,0.309741,0.204248,0.661499,0.003333,0.001000,1.000000,1.000000,0.225606
baseline,c1_r150m,1,150.000000,443,0.017310,0.038845,0.103012,0.205306,0.754708,0.001861,0.001000,1.000000,0.998333,0.183996
baseline,c1_r150m,1,150.000000,444,0.049863,0.086326,0.294326,0.384566,0.575222,0.008000,0.001000,1.000000,1.000000,0.270241
baseline,c1_r150m,1,150.000000,446,0.020311,0.065972,0.219441,0.566533,0.296027,0.001222,0.001000,1.000000,0.998333,0.258680
baseline,c1_r150m,1,150.000000,445,0.110156,0.076847,0.323430,0.483990,0.791564,0.004472,0.001000,1.000000,1.000000,0.428481
baseline,c1_r300m,1,300.000000,400,0.173141,0.135758,0.313082,0.561131,0.605378,0.004417,0.005648,0.966667,0.956667,0.452882
baseline,c1_r150m,1,150.000000,448,0.102028,0.056502,0.304323,0.248407,0.873814,0.001889,0.001000,1.000000,0.998333,0.327751
baseline,c1_r150m,1,150.000000,447,0.087097,0.108625,0.412772,0.141162,0.479789,0.009861,0.001000,1.000000,1.000000,0.207106
baseline,c1_r300m,1,300.000000,401,0.276786,0.107609,0.178731,0.672383,0.381362,0.002194,0.009299,0.950000,0.943333,0.759577
baseline,c1_r150m,1,150.000000,449,0.052468,0.094196,0.244595,0.330370,0.492912,0.001556,0.001000,1.000000,0.995000,0.248600
baseline,c1_r300m,1,300.000000,403,0.288732,0.161490,0.305171,0.065028,0.650410,0.001556,0.006571,0.966667,0.955000,0.081163
baseline,c1_r300m,1,300.000000,402,0.106833,0.041374,0.159485,0.140630,0.950702,0.002278,0.004373,0.950000,0.961667,0.097295
baseline,c1_r300m,1,300.000000,406,0.120855,0.137514,0.459453,0.205181,0.665178,0.003444,0.014810,0.916667,0.958333,0.355774
baseline,c1_r300m,1,300.000000,405,0.182900,0.235101,0.826329,0.127010,0.075169,0.003167,0.001428,0.983333,0.948333,0.132294
baseline,c1_r300m,1,300.000000,407,0.087179,0.120708,0.058453,0.515360,0.608216,0.001167,0.012583,0.950000,0.951667,0.528367
baseline,c1_r300m,1,300.000000,404,0.280627,0.200223,0.419582,0.081485,0.799897,0.002889,0.002509,0.983333,0.956667,0.116792
baseline,c1_r300m,1,300.000000,408,0.143092,0.119396,0.075121,0.149420,0.825501,0.003056,0.010541,0.933333,0.953333,0.204318
baseline,c1_r300m,1,300.000000,410,0.152324,0.201373,0.769297,0.212221,0.902654,0.006194,0.016957,0.900000,0.951667,0.373193
baseline,c1_r300m,1,300.000000,411,0.246899,0.233595,0.923898,0.335349,0.531334,0.004722,0.009512,0.933333,0.930000,0.353538
baseline,c1_r300m,1,300.000000,409,-0.006295,0.147746,0.277868,0.061096,0.048931,0.002611,0.017364,0.916667,0.946667,0.105648
baseline,c1_r300m,1,300.000000,412,0.334239,0.242706,0.844574,0.773194,0.249949,0.003028,0.003480,0.916667,0.930000,0.636865
baseline,c1_r300m,1,300.000000,413,0.340513,0.236467,0.892180,0.910279,0.869389,0.004222,0.013436,0.950000,0.911667,0.875876
baseline,c1_r300m,1,300.000000,414,0.016519,0.042382,0.162497,0.614389,0.896235,0.002861,0.006569,0.933333,0.943333,0.700220
baseline,c1_r300m,1,300.000000,417,0.182178,0.177679,0.810570,0.157689,0.581924,0.001389,0.004810,0.983333,0.960000,0.219016
baseline,c1_r300m,1,300.000000,416,0.184416,0.197653,0.624764,0.503918,0.100698,0.003194,0.015298,0.900000,0.956667,0.538686
baseline,c1_r300m,1,300.000000,415,0.115033,0.063640,0.049671,0.680405,0.868906,0.003583,0.001000,1.000000,0.968333,0.614675
baseline,c1_r300m,1,300.000000,418,-0.042063,0.009364,0.236060,0.094167,0.465970,0.003056,0.015790,0.916667,0.930000,0.426157
baseline,c1_r300m,1,300.000000,419,0.138431,0.147579,0.310633,0.554333,0.915454,0.003306,0.007409,0.933333,0.946667,0.622082
baseline,c1_r300m,1,300.000000,420,0.099485,0.121611,0.101894,0.944016,0.466224,0.005028,0.007649,0.950000,0.951667,0.903067
baseline,c1_r300m,1,300.000000,421,0.136676,0.162317,0.496407,0.113874,0.441118,0.003000,0.009202,0.933333,0.938333,0.085614
baseline,c1_r300m,1,300.000000,422,0.021277,0.034532,0.143212,0.216009,0.447902,0.001972,0.015566,0.916667,0.938333,0.291379
baseline,c1_r300m,1,300.000000,423,-0.027476,0.045864,0.222055,0.307196,0.451047,0.003306,0.014350,0.883333,0.961667,0.336951
baseline,c1_r300m,1,300.000000,424,0.062923,0.210182,0.436720,0.456395,0.833491,0.002306,0.014446,0.933333,0.948333,0.446826
baseline,c1_r300m,1,300.000000,426,-0.040868,0.018661,0.337983,0.198627,0.292753,0.001917,0.011121,0.916667,0.946667,0.315623
baseline,c1_r300m,1,300.000000,425,0.230769,0.069135,0.065722,0.862130,0.836044,0.000917,0.003785,0.983333,0.951667,0.734945
baseline,c1_r300m,1,300.000000,427,-0.007413,0.124364,0.136077,0.182722,0.932054,0.002722,0.017713,0.900000,0.931667,0.198728
baseline,c1_r300m,1,300.000000,428,0.051213,0.055369,0.301776,0.397071,0.779613,0.002583,0.011678,0.916667,0.943333,0.497327
baseline,c1_r300m,1,300.000000,429,0.271098,0.151224,0.697469,0.335999,0.405860,0.005889,0.001241,0.983333,0.948333,0.396555
baseline,c1_r300m,1,300.000000,430,0.064083,0.048967,0.082917,0.895147,0.587760,0.002167,0.008995,0.933333,0.943333,0.813321
baseline,c1_r300m,1,300.000000,432,0.161325,0.050250,0.088882,0.694869,0.843811,0.002306,0.004130,0.983333,0.955000,0.643677
baseline,c1_r300m,1,300.000000,431,0.282014,0.161419,0.881064,0.688642,0.897512,0.002861,0.010842,0.950000,0.935000,0.772912
baseline,c1_r300m,1,300.000000,433,0.044176,0.089827,0.183894,0.578754,0.923693,0.003306,0.008973,0.933333,0.940000,0.488885
baseline,c1_r300m,1,300.000000,434,0.088000,0.155260,0.208999,0.203343,0.070355,0.001944,0.001000,1.000000,0.966667,0.130930
baseline,c1_r300m,1,300.000000,435,0.176471,0.103834,0.708277,0.430099,0.644074,0.002444,0.011377,0.933333,0.960000,0.309447
baseline,c1_r300m,1,300.000000,436,0.085236,0.081439,0.076474,0.319655,0.484151,0.002917,0.005444,0.966667,0.963333,0.329239
baseline,c1_r300m,1,300.000000,437,0.171875,0.059545,0.218035,0.080556,0.955011,0.001944,0.016269,0.933333,0.950000,0.081756
baseline,c1_r300m,1,300.000000,438,-0.012873,0.052227,0.186911,0.534105,0.934068,0.002361,0.010435,0.950000,0.936667,0.489295
baseline,c1_r300m,1,300.000000,440,0.271368,0.209373,0.514081,0.955588,0.598325,0.002889,0.004347,0.916667,0.928333,0.870255
baseline,c1_r300m,1,300.000000,439,0.200198,0.161111,0.523727,0.560485,0.872673,0.004778,0.014853,0.933333,0.946667,0.768221
baseline,c1_r300m,1,300.000000,441,-0.027193,-0.005748,0.047192,0.395392,0.452509,0.004194,0.007459,0.950000,0.960000,0.510695
baseline,c1_r300m,1,300.000000,442,0.047214,0.225708,0.445341,0.307109,0.087882,0.001667,0.007958,0.950000,0.951667,0.265703
baseline,c1_r300m,1,300.000000,443,0.198644,0.167534,0.369561,0.324582,0.633882,0.002222,0.010868,0.933333,0.943333,0.289563
baseline,c1_r300m,1,300.000000,444,0.242996,0.208588,0.613229,0.684403,0.980755,0.005972,0.010356,0.933333,0.953333,0.688840
baseline,c1_r300m,1,300.000000,445,0.267006,0.099985,0.374103,0.550164,0.854876,0.001361,0.004857,0.983333,0.941667,0.740991
baseline,c1_r300m,1,300.000000,446,0.155556,0.157525,0.637919,0.591281,0.583049,0.004444,0.001931,0.966667,0.936667,0.522117
baseline,c1_r300m,1,300.000000,448,-0.092258,0.136440,0.163761,0.437712,0.486098,0.002944,0.016404,0.900000,0.936667,0.243362
baseline,c1_r300m,1,300.000000,447,0.135036,0.089514,0.484744,0.022598,0.713747,0.002111,0.009603,0.950000,0.955000,0.065875
baseline,c1_r300m,1,300.000000,449,0.108547,0.181901,0.224728,0.261495,0.774605,0.001806,0.005232,0.966667,0.953333,0.453603
baseline,c1_r600m,1,600.000000,401,0.211634,0.159894,0.398869,0.428422,0.831385,0.017444,0.104015,0.566667,0.538333,0.482610
baseline,c1_r600m,1,600.000000,402,0.257839,0.125117,0.335663,0.150277,0.848118,0.018889,0.126178,0.583333,0.541667,0.176608
baseline,c1_r600m,1,600.000000,403,0.143486,0.098080,0.363442,0.480305,0.331240,0.022222,0.092124,0.500000,0.525000,0.517325
baseline,c1_r600m,1,600.000000,400,0.238464,0.257282,0.934618,0.885273,0.741491,0.049861,0.118163,0.500000,0.448333,0.876738
baseline,c1_r600m,1,600.000000,404,0.302636,0.283842,0.881932,0.886275,0.888222,0.053000,0.163670,0.400000,0.448333,0.887651
baseline,c1_r600m,1,600.000000,408,0.130576,0.061941,0.147689,0.119409,0.841382,0.010806,0.074754,0.633333,0.558333,0.109405
baseline,c1_r600m,1,600.000000,406,0.159303,0.157921,0.596681,0.519143,0.696182,0.020333,0.106180,0.516667,0.530000,0.451432
baseline,c1_r600m,1,600.000000,407,0.006422,0.163189,0.288366,0.330010,0.448412,0.016583,0.099167,0.600000,0.556667,0.361916
baseline,c1_r600m,1,600.000000,405,0.276373,0.252203,0.767161,0.933048,0.896803,0.060583,0.126420,0.516667,0.530000,0.891578
baseline,c1_r600m,1,600.000000,411,0.307686,0.104906,0.439954,0.208426,0.722958,0.016028,0.088262,0.533333,0.555000,0.264213
baseline,c1_r600m,1,600.000000,410,0.059173,0.072626,0.356831,0.867641,0.723858,0.023000,0.130095,0.433333,0.511667,0.861957
baseline,c1_r600m,1,600.000000,409,0.035119,0.094249,0.473058,0.775958,0.150192,0.026167,0.105067,0.500000,0.511667,0.840274
baseline,c1_r600m,1,600.000000,412,0.067302,0.169426,0.513350,0.352524,0.768418,0.017306,0.095298,0.600000,0.536667,0.323859
baseline,c1_r600m,1,600.000000,414,0.124524,0.067203,0.307307,0.134193,0.111754,0.017778,0.103999,0.500000,0.528333,0.111286
baseline,c1_r600m,1,600.000000,415,0.295197,0.186591,0.645616,0.874895,0.829721,0.034778,0.131704,0.566667,0.516667,0.730984
baseline,c1_r600m,1,600.000000,413,0.254069,0.245804,0.884043,0.932478,0.634730,0.066083,0.098129,0.533333,0.540000,0.908730
baseline,c1_r600m,1,600.000000,416,0.166223,0.185761,0.586346,0.525907,0.321652,0.023139,0.110781,0.500000,0.585000,0.477268
baseline,c1_r600m,1,600.000000,419,0.206061,0.147420,0.404642,0.239476,0.386871,0.015306,0.103464,0.616667,0.523333,0.229088
baseline,c1_r600m,1,600.000000,418,0.066658,0.167166,0.542245,0.924686,0.668897,0.028944,0.107907,0.583333,0.495000,0.908739
baseline,c1_r600m,1,600.000000,420,0.221359,0.135126,0.366900,0.551356,0.851814,0.016778,0.110220,0.566667,0.566667,0.462079
baseline,c1_r600m,1,600.000000,417,0.325415,0.279480,0.811131,0.916931,0.869580,0.077278,0.122668,0.566667,0.525000,0.890517
baseline,c1_r600m,1,600.000000,421,0.201741,0.181075,0.555846,0.328960,0.787856,0.018222,0.099719,0.550000,0.566667,0.256550
baseline,c1_r600m,1,600.000000,422,0.095895,0.183781,0.621979,0.761979,0.606635,0.024778,0.146950,0.466667,0.531667,0.531320
baseline,c1_r600m,1,600.000000,423,0.051349,0.084685,0.352676,0.882604,0.498617,0.022833,0.101028,0.533333,0.535000,0.875014
baseline,c1_r600m,1,600.000000,425,0.102465,0.124927,0.228329,0.429246,0.278407,0.013389,0.091005,0.583333,0.598333,0.318325
baseline,c1_r600m,1,600.000000,426,0.108970,0.166504,0.461275,0.814494,0.860980,0.022972,0.121774,0.466667,0.500000,0.701336
baseline,c1_r600m,1,600.000000,427,0.109753,0.114054,0.443075,0.720345,0.919619,0.028194,0.136329,0.466667,0.506667,0.605319
baseline,c1_r600m,1,600.000000,428,0.196115,0.177033,0.633341,0.561152,0.543212,0.016611,0.125656,0.483333,0.520000,0.688155
baseline,c1_r600m,1,600.000000,424,0.277029,0.264014,0.762618,0.944338,0.527823,0.062444,0.185319,0.500000,0.501667,0.907781
baseline,c1_r600m,1,600.000000,430,0.077070,0.181311,0.753803,0.795774,0.650033,0.028583,0.175245,0.383333,0.473333,0.751729
baseline,c1_r600m,1,600.000000,429,0.276311,0.288288,0.783828,0.920865,0.813234,0.052778,0.100571,0.566667,0.466667,0.887370
baseline,c1_r600m,1,600.000000,431,0.314881,0.251019,0.770402,0.922706,0.340155,0.042500,0.137781,0.433333,0.468333,0.855531
baseline,c1_r600m,1,600.000000,432,0.167709,0.244565,0.622732,0.717620,0.445725,0.031222,0.082434,0.650000,0.575000,0.754951
baseline,c1_r600m,1,600.000000,434,0.254888,0.168272,0.542156,0.456978,0.460662,0.016361,0.074311,0.633333,0.561667,0.359979
baseline,c1_r600m,1,600.000000,435,0.194218,0.118992,0.348794,0.172092,0.573674,0.011000,0.091930,0.583333,0.538333,0.177970
baseline,c1_r600m,1,600.000000,433,0.335866,0.262775,0.670042,0.944931,0.486686,0.054806,0.167183,0.416667,0.476667,0.893845
baseline,c1_r600m,1,600.000000,437,0.022036,0.076445,0.364625,0.643574,0.414316,0.017667,0.115048,0.616667,0.558333,0.687280
baseline,c1_r600m,1,600.000000,440,0.093781,0.121929,0.397355,0.378370,0.328023,0.020667,0.137327,0.483333,0.545000,0.265745
baseline,c1_r600m,1,600.000000,439,0.242510,0.183769,0.667973,0.834938,0.505456,0.053750,0.158950,0.500000,0.458333,0.812792
baseline,c1_r600m,1,600.000000,438,0.236328,0.127086,0.747868,0.946633,0.818345,0.038722,0.121923,0.516667,0.510000,0.861300
baseline,c1_r600m,1,600.000000,441,0.224394,0.159996,0.774384,0.705814,0.809164,0.023139,0.100747,0.500000,0.555000,0.597399
baseline,c1_r600m,1,600.000000,442,-0.006896,0.082353,0.227519,0.483240,0.612969,0.023028,0.135373,0.433333,0.545000,0.517197
baseline,c1_r600m,1,600.000000,443,0.001097,0.082122,0.437612,0.482930,0.338553,0.021528,0.119320,0.500000,0.506667,0.597795
baseline,c1_r600m,1,600.000000,436,0.289131,0.292407,0.869566,0.931730,0.857734,0.103500,0.149165,0.550000,0.548333,0.895031
baseline,c1_r600m,1,600.000000,444,0.200994,0.134302,0.374133,0.634015,0.782338,0.028806,0.094282,0.600000,0.540000,0.689139
baseline,c1_r600m,1,600.000000,445,0.289208,0.176336,0.860770,0.484348,0.328495,0.022417,0.096884,0.600000,0.525000,0.463488
baseline,c1_r600m,1,600.000000,447,-0.007199,0.079888,0.137262,0.439380,0.868427,0.015222,0.125616,0.566667,0.545000,0.266804
baseline,c1_r600m,1,600.000000,448,0.255851,0.237970,0.700421,0.900579,0.880763,0.034167,0.089516,0.550000,0.481667,0.902552
baseline,c1_r600m,1,600.000000,449,0.261955,0.145497,0.496877,0.506811,0.263578,0.023361,0.110540,0.466667,0.551667,0.444622
baseline,c1_r600m,1,600.000000,446,0.097934,0.129447,0.668528,0.703398,0.900416,0.023778,0.108363,0.550000,0.520000,0.769167
baseline,c2_r15m,2,15.000000,400,0.000000,0.100000,0.411639,0.156896,0.409807,0.001528,0.001000,1.000000,1.000000,0.181786
baseline,c2_r15m,2,15.000000,401,0.000000,0.000000,0.721757,0.480336,0.549754,0.000722,0.001000,1.000000,1.000000,0.350000
baseline,c2_r15m,2,15.000000,402,0.000000,0.011111,0.546808,0.340684,0.781932,0.001139,0.001000,1.000000,1.000000,0.164318
baseline,c2_r15m,2,15.000000,403,0.000000,0.005714,0.510855,0.446184,0.718080,0.000806,0.001000,1.000000,1.000000,0.096416
baseline,c2_r15m,2,15.000000,404,0.000000,0.000000,0.240726,0.452562,0.594025,0.000250,0.001000,1.000000,1.000000,0.100000
baseline,c2_r15m,2,15.000000,405,0.000000,-0.008333,0.442527,0.284691,0.728343,0.001306,0.001000,1.000000,1.000000,0.051145
baseline,c2_r15m,2,15.000000,406,0.000000,0.000000,0.370317,0.468491,0.752570,0.001167,0.001000,1.000000,1.000000,0.048718
baseline,c2_r15m,2,15.000000,407,0.000000,0.000000,0.308484,0.365981,0.698785,0.000889,0.001000,1.000000,1.000000,0.009091
baseline,c2_r15m,2,15.000000,408,0.000000,0.000000,0.547916,0.466567,0.655014,0.001083,0.001000,1.000000,1.000000,0.100000
baseline,c2_r15m,2,15.000000,409,0.000000,0.033333,0.381930,0.355053,0.485291,0.001139,0.001000,1.000000,1.000000,0.076667
baseline,c2_r15m,2,15.000000,411,0.000000,0.000000,0.346723,0.429268,0.417684,0.001111,0.001000,1.000000,1.000000,0.082222
baseline,c2_r15m,2,15.000000,410,0.000000,0.000000,0.229989,0.363480,0.532782,0.000750,0.001000,1.000000,1.000000,0.033333
baseline,c2_r15m,2,15.000000,412,0.000000,0.000000,0.390116,0.597266,0.720942,0.000611,0.001000,1.000000,1.000000,0.214722
baseline,c2_r15m,2,15.000000,413,0.000000,0.000000,0.209721,0.165081,0.713391,0.000833,0.001000,1.000000,1.000000,0.105952
baseline,c2_r15m,2,15.000000,414,0.000000,-0.016667,0.261482,0.306015,0.701224,0.000750,0.001000,1.000000,1.000000,0.045238
baseline,c2_r15m,2,15.000000,415,0.000000,0.000000,0.637283,0.600489,0.659800,0.000806,0.001000,1.000000,1.000000,0.000000
baseline,c2_r15m,2,15.000000,417,0.000000,0.000000,0.571523,0.293890,0.561777,0.001472,0.001000,1.000000,1.000000,0.050980
baseline,c2_r15m,2,15.000000,418,0.000000,-0.012500,0.471692,0.329985,0.853101,0.001417,0.001000,1.000000,1.000000,0.118519
baseline,c2_r15m,2,15.000000,419,0.000000,0.000000,0.386389,0.275025,0.446752,0.000694,0.001000,1.000000,1.000000,0.025000
baseline,c2_r15m,2,15.000000,420,0.000000,0.000000,0.445897,0.313621,0.675206,0.001028,0.001000,1.000000,1.000000,0.095874
baseline,c2_r15m,2,15.000000,416,0.166667,0.040278,0.425590,0.768940,0.887592,0.001500,0.001000,1.000000,1.000000,0.465051
baseline,c2_r15m,2,15.000000,422,0.000000,0.000000,0.379394,0.384233,0.685207,0.001139,0.001000,1.000000,1.000000,0.286310
baseline,c2_r15m,2,15.000000,424,0.000000,0.000000,0.562905,0.292709,0.835799,0.000722,0.001000,1.000000,1.000000,0.166667
baseline,c2_r15m,2,15.000000,423,0.000000,0.000000,0.354420,0.207859,0.407831,0.001000,0.001000,1.000000,1.000000,0.020000
baseline,c2_r15m,2,15.000000,421,0.000000,0.025000,0.633700,0.200662,0.618659,0.001278,0.001000,1.000000,1.000000,0.036364
baseline,c2_r15m,2,15.000000,425,0.000000,0.000000,0.250831,0.525149,0.252522,0.000972,0.001000,1.000000,1.000000,0.100000
baseline,c2_r15m,2,15.000000,426,0.000000,0.000000,0.705709,0.332990,0.414433,0.001083,0.001000,1.000000,1.000000,0.000000
baseline,c2_r15m,2,15.000000,427,0.000000,0.010526,0.275193,0.491741,0.883514,0.001361,0.001000,1.000000,1.000000,0.150303
baseline,c2_r15m,2,15.000000,428,0.000000,0.000000,0.238431,0.508316,0.532735,0.000750,0.001000,1.000000,1.000000,0.050000
baseline,c2_r15m,2,15.000000,429,0.000000,0.000000,0.227273,0.628773,0.583637,0.000694,0.001000,1.000000,1.000000,0.075000
baseline,c2_r15m,2,15.000000,430,0.000000,-0.010000,0.376676,0.309138,0.627439,0.001583,0.001000,1.000000,1.000000,0.191169
baseline,c2_r15m,2,15.000000,432,0.000000,0.000000,0.606824,0.279940,0.477260,0.001000,0.001000,1.000000,1.000000,0.000000
baseline,c2_r15m,2,15.000000,431,0.000000,0.000000,0.231874,0.306282,0.700070,0.001694,0.001000,1.000000,1.000000,0.156494
baseline,c2_r15m,2,15.000000,433,0.000000,0.000000,0.344651,0.567898,0.615959,0.001194,0.001000,1.000000,1.000000,0.112500
baseline,c2_r15m,2,15.000000,434,0.000000,0.011111,0.315486,0.473839,0.513515,0.001083,0.001000,1.000000,1.000000,0.197222
baseline,c2_r15m,2,15.000000,435,0.000000,0.000000,0.637580,0.236652,0.679803,0.000583,0.001000,1.000000,1.000000,0.000000
baseline,c2_r15m,2,15.000000,436,0.000000,0.016667,0.275972,0.529787,0.688882,0.000917,0.001000,1.000000,1.000000,0.200000
baseline,c2_r15m,2,15.000000,437,0.000000,-0.015909,0.400162,0.477976,0.674958,0.002167,0.001000,1.000000,1.000000,0.186154
baseline,c2_r15m,2,15.000000,438,0.000000,-0.006250,0.390928,0.247219,0.698309,0.001333,0.001000,1.000000,1.000000,0.015789
baseline,c2_r15m,2,15.000000,439,0.000000,0.000000,0.173937,0.489851,0.797609,0.000528,0.001000,1.000000,1.000000,0.157143
baseline,c2_r15m,2,15.000000,440,0.000000,0.000000,0.288294,0.517068,0.704314,0.000722,0.001000,1.000000,1.000000,0.282857
baseline,c2_r15m,2,15.000000,441,0.000000,-0.005556,0.221239,0.267639,0.556014,0.000556,0.001000,1.000000,1.000000,0.067485
baseline,c2_r15m,2,15.000000,442,0.000000,0.000000,0.316738,0.222382,0.380136,0.000611,0.001000,1.000000,1.000000,0.073611
baseline,c2_r15m,2,15.000000,443,0.000000,-0.014286,0.228468,0.391804,0.711153,0.001056,0.001000,1.000000,1.000000,0.158824
baseline,c2_r15m,2,15.000000,444,0.000000,0.000000,0.366787,0.255388,0.526884,0.001361,0.001000,1.000000,1.000000,0.010000
baseline,c2_r15m,2,15.000000,445,0.000000,0.000000,0.211896,0.353044,0.475320,0.000583,0.001000,1.000000,1.000000,0.062500
baseline,c2_r15m,2,15.000000,447,0.000000,0.000000,0.296007,0.346316,0.697494,0.001194,0.001000,1.000000,1.000000,0.090476
baseline,c2_r15m,2,15.000000,446,0.000000,0.000000,0.514719,0.235342,0.752272,0.001028,0.001000,1.000000,1.000000,0.047273
baseline,c2_r15m,2,15.000000,449,0.400000,0.040000,0.247663,0.310810,0.401249,0.001167,0.001000,1.000000,1.000000,0.045455
baseline,c2_r15m,2,15.000000,448,0.000000,0.001111,0.310290,0.350691,0.707289,0.001806,0.001000,1.000000,1.000000,0.303675
baseline,c2_r37.5m,2,37.500000,400,0.064516,0.022985,0.341359,0.296172,0.650906,0.002167,0.001000,1.000000,1.000000,0.366422
baseline,c2_r37.5m,2,37.500000,401,0.072031,0.031475,0.524847,0.310058,0.619019,0.004083,0.001000,1.000000,1.000000,0.273857
baseline,c2_r37.5m,2,37.500000,402,0.000000,-0.019950,0.385977,0.323119,0.640281,0.000944,0.001000,1.000000,1.000000,0.306339
baseline,c2_r37.5m,2,37.500000,404,-0.002967,0.013980,0.406163,0.383976,0.566520,0.002528,0.001000,1.000000,1.000000,0.435795
baseline,c2_r37.5m,2,37.500000,403,-0.016949,0.024049,0.299501,0.204843,0.637018,0.001917,0.001000,1.000000,1.000000,0.148919
baseline,c2_r37.5m,2,37.500000,405,-0.002890,0.019261,0.636059,0.394683,0.510118,0.004250,0.001000,1.000000,1.000000,0.384290
baseline,c2_r37.5m,2,37.500000,407,0.027778,0.025369,0.370131,0.357079,0.728416,0.002333,0.001000,1.000000,1.000000,0.515025
baseline,c2_r37.5m,2,37.500000,406,0.032977,0.007798,0.474203,0.700900,0.620248,0.003444,0.001000,1.000000,1.000000,0.494602
baseline,c2_r37.5m,2,37.500000,408,0.047619,0.061539,0.363383,0.331889,0.685456,0.000972,0.001000,1.000000,1.000000,0.307639
baseline,c2_r37.5m,2,37.500000,409,0.000000,0.013716,0.406903,0.289207,0.780263,0.001972,0.001000,1.000000,1.000000,0.174972
baseline,c2_r37.5m,2,37.500000,410,0.060606,0.052848,0.255252,0.558679,0.838330,0.002056,0.001000,1.000000,1.000000,0.404497
baseline,c2_r37.5m,2,37.500000,411,0.027167,0.032898,0.309044,0.369858,0.696337,0.004639,0.001000,1.000000,1.000000,0.342498
baseline,c2_r37.5m,2,37.500000,412,0.019202,0.028929,0.243750,0.537268,0.492535,0.004222,0.001000,1.000000,1.000000,0.509588
baseline,c2_r37.5m,2,37.500000,413,0.142857,0.041793,0.561170,0.180957,0.532921,0.001417,0.001000,1.000000,1.000000,0.333163
baseline,c2_r37.5m,2,37.500000,414,0.072607,0.033597,0.349592,0.401434,0.816554,0.002306,0.001000,1.000000,1.000000,0.408141
baseline,c2_r37.5m,2,37.500000,416,-0.060606,0.022173,0.504391,0.558351,0.547882,0.002194,0.001000,1.000000,1.000000,0.667268
baseline,c2_r37.5m,2,37.500000,417,0.023890,0.019407,0.281686,0.327788,0.700801,0.004611,0.001000,1.000000,1.000000,0.286988
baseline,c2_r37.5m,2,37.500000,418,0.055046,0.052928,0.596963,0.594954,0.690715,0.003250,0.001000,1.000000,1.000000,0.620093
baseline,c2_r37.5m,2,37.500000,419,0.113208,0.059565,0.655094,0.556819,0.571138,0.001944,0.001000,1.000000,1.000000,0.543775
baseline,c2_r37.5m,2,37.500000,420,0.111111,0.043839,0.345953,0.424940,0.696727,0.001806,0.001000,1.000000,1.000000,0.306488
baseline,c2_r37.5m,2,37.500000,421,0.000000,0.054736,0.270833,0.465789,0.747250,0.001194,0.001000,1.000000,1.000000,0.374501
baseline,c2_r37.5m,2,37.500000,415,-0.093023,0.031036,0.357805,0.181791,0.838310,0.000778,0.001000,1.000000,1.000000,0.146764
baseline,c2_r37.5m,2,37.500000,422,0.000000,0.007208,0.187427,0.213334,0.532885,0.002556,0.001000,1.000000,1.000000,0.254995
baseline,c2_r37.5m,2,37.500000,424,0.000000,0.009801,0.403292,0.323999,0.703371,0.001028,0.001000,1.000000,1.000000,0.473179
baseline,c2_r37.5m,2,37.500000,423,0.077997,0.054665,0.665931,0.364897,0.747841,0.002750,0.001000,1.000000,1.000000,0.415435
baseline,c2_r37.5m,2,37.500000,425,0.034629,0.048231,0.331113,0.345174,0.734874,0.002972,0.001000,1.000000,1.000000,0.333421
baseline,c2_r37.5m,2,37.500000,427,0.021645,0.020991,0.486682,0.494485,0.541431,0.001583,0.001000,1.000000,1.000000,0.425237
baseline,c2_r37.5m,2,37.500000,426,0.066047,0.059031,0.559043,0.308130,0.454721,0.003889,0.001000,1.000000,1.000000,0.244804
baseline,c2_r37.5m,2,37.500000,428,0.011755,0.033876,0.454864,0.468945,0.455854,0.004472,0.001000,1.000000,1.000000,0.470650
baseline,c2_r37.5m,2,37.500000,429,-0.014925,0.026802,0.191611,0.344968,0.579328,0.002111,0.001000,1.000000,1.000000,0.271300
baseline,c2_r37.5m,2,37.500000,430,-0.030612,0.017474,0.220106,0.476940,0.829188,0.001889,0.001000,1.000000,1.000000,0.335535
baseline,c2_r37.5m,2,37.500000,431,0.016488,0.032773,0.564149,0.627312,0.535750,0.001861,0.001000,1.000000,1.000000,0.520917
baseline,c2_r37.5m,2,37.500000,432,0.043478,0.015471,0.299321,0.640342,0.566083,0.004028,0.001000,1.000000,1.000000,0.635223
baseline,c2_r37.5m,2,37.500000,433,0.060606,0.039712,0.438978,0.777624,0.812482,0.002722,0.001000,1.000000,1.000000,0.843958
baseline,c2_r37.5m,2,37.500000,434,0.061224,0.025473,0.281516,0.385560,0.340129,0.002833,0.001000,1.000000,1.000000,0.462710
baseline,c2_r37.5m,2,37.500000,435,-0.023810,0.056510,0.492246,0.273001,0.559605,0.002222,0.001000,1.000000,1.000000,0.444790
baseline,c2_r37.5m,2,37.500000,436,0.021295,0.027599,0.415757,0.224249,0.571031,0.004444,0.001000,1.000000,1.000000,0.175344
baseline,c2_r37.5m,2,37.500000,438,0.063830,0.023216,0.302856,0.524137,0.767548,0.002306,0.001000,1.000000,1.000000,0.706833
baseline,c2_r37.5m,2,37.500000,437,0.054945,0.050932,0.586581,0.637331,0.576165,0.003306,0.001000,1.000000,1.000000,0.543917
baseline,c2_r37.5m,2,37.500000,439,0.051006,0.039346,0.491332,0.346331,0.528626,0.003472,0.001000,1.000000,1.000000,0.363370
baseline,c2_r37.5m,2,37.500000,440,0.035141,0.010702,0.294487,0.260454,0.713829,0.003417,0.001000,1.000000,1.000000,0.239425
baseline,c2_r37.5m,2,37.500000,441,-0.012307,0.051444,0.437742,0.316026,0.633039,0.003722,0.001000,1.000000,1.000000,0.295612
baseline,c2_r37.5m,2,37.500000,442,0.005306,0.050745,0.353970,0.429549,0.499132,0.002222,0.001000,1.000000,1.000000,0.307970
baseline,c2_r37.5m,2,37.500000,443,0.006244,0.042369,0.252899,0.499523,0.296691,0.004056,0.001000,1.000000,1.000000,0.448505
baseline,c2_r37.5m,2,37.500000,444,-0.002747,0.031312,0.325979,0.453989,0.731365,0.002139,0.001000,1.000000,1.000000,0.629815
baseline,c2_r37.5m,2,37.500000,445,0.000000,0.018336,0.098704,0.535371,0.768166,0.002139,0.001000,1.000000,1.000000,0.601191
baseline,c2_r37.5m,2,37.500000,446,0.012048,0.029258,0.379135,0.412475,0.745728,0.002972,0.001000,1.000000,1.000000,0.412658
baseline,c2_r37.5m,2,37.500000,447,0.020833,0.010463,0.398326,0.482782,0.555944,0.001917,0.001000,1.000000,1.000000,0.403649
baseline,c2_r37.5m,2,37.500000,448,-0.076923,0.008397,0.434154,0.351145,0.656317,0.001306,0.001000,1.000000,1.000000,0.351963
baseline,c2_r37.5m,2,37.500000,449,-0.018182,-0.001701,0.453299,0.229894,0.517380,0.002083,0.001000,1.000000,1.000000,0.215373
baseline,c2_r75m,2,75.000000,400,0.034124,0.043534,0.296718,0.510777,0.735653,0.009278,0.001000,1.000000,1.000000,0.507570
baseline,c2_r75m,2,75.000000,401,0.084334,0.070615,0.669326,0.426077,0.513992,0.006028,0.001000,1.000000,1.000000,0.422650
baseline,c2_r75m,2,75.000000,402,0.038832,0.067933,0.327701,0.222167,0.542605,0.008417,0.001000,1.000000,1.000000,0.213818
baseline,c2_r75m,2,75.000000,403,0.036098,0.047153,0.364608,0.509819,0.539954,0.005861,0.001000,1.000000,1.000000,0.419454
baseline,c2_r75m,2,75.000000,404,0.070032,0.062403,0.249387,0.227705,0.570733,0.007111,0.001000,1.000000,1.000000,0.353790
baseline,c2_r75m,2,75.000000,405,0.069527,0.056950,0.531106,0.302470,0.695926,0.005778,0.001000,1.000000,1.000000,0.278121
baseline,c2_r75m,2,75.000000,407,0.013577,0.017086,0.263320,0.242771,0.733997,0.003306,0.001000,1.000000,1.000000,0.354451
baseline,c2_r75m,2,75.000000,406,0.029149,0.095782,0.534622,0.133847,0.393242,0.003278,0.001000,1.000000,1.000000,0.187524
baseline,c2_r75m,2,75.000000,408,0.058031,0.051575,0.403193,0.278586,0.723658,0.008472,0.001000,1.000000,1.000000,0.354736
baseline,c2_r75m,2,75.000000,409,0.023569,0.029173,0.229653,0.424916,0.457918,0.006778,0.001000,1.000000,1.000000,0.496728
baseline,c2_r75m,2,75.000000,410,-0.017687,0.043702,0.165075,0.243594,0.731054,0.002583,0.001000,1.000000,1.000000,0.289672
baseline,c2_r75m,2,75.000000,412,0.068268,0.043529,0.271640,0.441671,0.670478,0.006639,0.001000,1.000000,1.000000,0.181818
baseline,c2_r75m,2,75.000000,411,0.043660,0.037348,0.312124,0.499800,0.762187,0.005944,0.001000,1.000000,1.000000,0.512896
baseline,c2_r75m,2,75.000000,413,0.044687,0.025013,0.161240,0.249813,0.743886,0.004389,0.001000,1.000000,1.000000,0.278086
baseline,c2_r75m,2,75.000000,414,0.041975,0.050962,0.297127,0.665542,0.337909,0.004639,0.001000,1.000000,1.000000,0.728297
baseline,c2_r75m,2,75.000000,415,0.086915,0.054921,0.400498,0.647602,0.204390,0.002861,0.001000,1.000000,1.000000,0.696965
baseline,c2_r75m,2,75.000000,416,0.041377,0.073979,0.525659,0.310199,0.712814,0.005500,0.001000,1.000000,1.000000,0.255938
baseline,c2_r75m,2,75.000000,417,0.046949,0.052565,0.378795,0.263589,0.619079,0.007639,0.001000,1.000000,1.000000,0.389998
baseline,c2_r75m,2,75.000000,418,0.014673,0.045227,0.332583,0.260154,0.569271,0.003444,0.001000,1.000000,1.000000,0.222426
baseline,c2_r75m,2,75.000000,419,0.048866,0.044408,0.375842,0.653783,0.674621,0.008806,0.001000,1.000000,1.000000,0.623653
baseline,c2_r75m,2,75.000000,421,0.028429,0.023284,0.156280,0.678014,0.521273,0.008750,0.001000,1.000000,1.000000,0.651672
baseline,c2_r75m,2,75.000000,420,0.036373,0.047201,0.480953,0.406648,0.820680,0.007194,0.001000,1.000000,1.000000,0.328932
baseline,c2_r75m,2,75.000000,424,0.060198,0.071108,0.757788,0.687892,0.631470,0.002472,0.001000,1.000000,1.000000,0.653709
baseline,c2_r75m,2,75.000000,422,0.046714,0.041454,0.254297,0.404698,0.677370,0.008194,0.001000,1.000000,1.000000,0.366028
baseline,c2_r75m,2,75.000000,425,0.027138,0.032447,0.213013,0.326755,0.817523,0.008222,0.001000,1.000000,1.000000,0.284605
baseline,c2_r75m,2,75.000000,423,0.014403,0.033427,0.248630,0.385648,0.786369,0.010917,0.001000,1.000000,1.000000,0.369574
baseline,c2_r75m,2,75.000000,426,0.004256,0.043902,0.305188,0.475193,0.561086,0.005778,0.001000,1.000000,1.000000,0.499811
baseline,c2_r75m,2,75.000000,428,0.060610,0.070991,0.593557,0.500952,0.461682,0.004972,0.001000,1.000000,1.000000,0.642510
baseline,c2_r75m,2,75.000000,427,0.104905,0.073703,0.650553,0.416653,0.733711,0.006611,0.001000,1.000000,1.000000,0.502965
baseline,c2_r75m,2,75.000000,429,0.027300,0.043660,0.237964,0.403856,0.632101,0.007167,0.001000,1.000000,1.000000,0.351687
baseline,c2_r75m,2,75.000000,430,-0.000231,0.046099,0.352019,0.389491,0.226948,0.004361,0.001000,1.000000,1.000000,0.324881
baseline,c2_r75m,2,75.000000,431,0.076789,0.064412,0.407612,0.330981,0.612331,0.007056,0.001000,1.000000,1.000000,0.393419
baseline,c2_r75m,2,75.000000,432,0.029194,0.039924,0.326352,0.259940,0.634792,0.005944,0.001000,1.000000,1.000000,0.270627
baseline,c2_r75m,2,75.000000,433,0.058873,0.054002,0.523168,0.319453,0.530684,0.008139,0.001000,1.000000,1.000000,0.265322
baseline,c2_r75m,2,75.000000,434,0.040260,0.034226,0.355088,0.438694,0.681520,0.007500,0.001000,1.000000,1.000000,0.420903
baseline,c2_r75m,2,75.000000,435,0.034106,0.024662,0.319669,0.577968,0.475569,0.006833,0.001000,1.000000,1.000000,0.694402
baseline,c2_r75m,2,75.000000,436,0.063828,0.055164,0.446281,0.190289,0.595091,0.007500,0.001000,1.000000,1.000000,0.176049
baseline,c2_r75m,2,75.000000,437,0.037756,0.044350,0.448418,0.373674,0.655375,0.010750,0.001000,1.000000,1.000000,0.379464
baseline,c2_r75m,2,75.000000,438,0.108171,0.043940,0.539726,0.254699,0.552429,0.005500,0.001000,1.000000,1.000000,0.235701
baseline,c2_r75m,2,75.000000,439,0.055581,0.058155,0.520959,0.476490,0.832363,0.010722,0.001000,1.000000,1.000000,0.474084
baseline,c2_r75m,2,75.000000,440,0.050235,0.039412,0.295788,0.353773,0.817350,0.008056,0.001000,1.000000,1.000000,0.346048
baseline,c2_r75m,2,75.000000,441,0.034544,0.053869,0.377297,0.182514,0.530034,0.004917,0.001000,1.000000,1.000000,0.147090
baseline,c2_r75m,2,75.000000,442,0.114948,0.062055,0.514608,0.281545,0.529977,0.004667,0.001000,1.000000,1.000000,0.300361
baseline,c2_r75m,2,75.000000,443,0.025107,0.031420,0.265570,0.232704,0.712754,0.004833,0.001000,1.000000,1.000000,0.201682
baseline,c2_r75m,2,75.000000,444,0.084532,0.088202,0.486073,0.431337,0.396253,0.006528,0.001000,1.000000,1.000000,0.398243
baseline,c2_r75m,2,75.000000,445,0.079839,0.056808,0.592069,0.438455,0.794547,0.004472,0.001000,1.000000,1.000000,0.466837
baseline,c2_r75m,2,75.000000,446,0.032630,0.024693,0.125426,0.254118,0.700257,0.005778,0.001000,1.000000,1.000000,0.247407
baseline,c2_r75m,2,75.000000,447,0.131914,0.060683,0.421998,0.268740,0.474249,0.006750,0.001000,1.000000,1.000000,0.213389
baseline,c2_r75m,2,75.000000,448,0.071734,0.034709,0.251881,0.577989,0.683055,0.007167,0.001000,1.000000,1.000000,0.641698
baseline,c2_r75m,2,75.000000,449,-0.001157,0.037742,0.386823,0.243228,0.692547,0.003639,0.001000,1.000000,1.000000,0.421781
baseline,c2_r150m,2,150.000000,400,0.074877,0.049771,0.211456,0.238058,0.460358,0.013361,0.001000,1.000000,1.000000,0.212345
baseline,c2_r150m,2,150.000000,401,0.093875,0.107496,0.603734,0.564071,0.440881,0.005111,0.001000,1.000000,0.996667,0.317883
baseline,c2_r150m,2,150.000000,402,0.079222,0.061333,0.194844,0.316144,0.416672,0.005417,0.004154,0.983333,0.998333,0.482311
baseline,c2_r150m,2,150.000000,404,0.146761,0.079200,0.409773,0.452717,0.747246,0.006917,0.001000,1.000000,1.000000,0.406254
baseline,c2_r150m,2,150.000000,405,0.026683,0.071859,0.505591,0.709271,0.856905,0.000889,0.001000,1.000000,0.995000,0.435369
baseline,c2_r150m,2,150.000000,403,0.024452,0.055726,0.172217,0.205910,0.899922,0.003167,0.001000,1.000000,0.998333,0.311576
baseline,c2_r150m,2,150.000000,406,0.057967,0.021896,0.284493,0.273099,0.925452,0.002500,0.001000,1.000000,0.995000,0.161768
baseline,c2_r150m,2,150.000000,408,0.070601,0.064762,0.441044,0.598188,0.843389,0.004889,0.004088,0.983333,0.993333,0.741555
baseline,c2_r150m,2,150.000000,407,0.032783,0.036679,0.192060,0.753678,0.358616,0.001528,0.001000,1.000000,0.998333,0.779092
baseline,c2_r150m,2,150.000000,410,0.052690,0.079752,0.298094,0.159991,0.140274,0.004083,0.001000,1.000000,0.998333,0.169798
baseline,c2_r150m,2,150.000000,411,0.286822,0.164182,0.499754,0.084678,0.050526,0.001472,0.001000,1.000000,0.996667,0.213071
baseline,c2_r150m,2,150.000000,412,0.383117,0.180582,0.580535,0.103140,0.142183,0.002111,0.001000,1.000000,0.993333,0.160738
baseline,c2_r150m,2,150.000000,409,0.070835,0.065325,0.279712,0.190564,0.683179,0.017917,0.001000,1.000000,1.000000,0.215904
baseline,c2_r150m,2,150.000000,413,0.208249,0.139677,0.654613,0.299611,0.575923,0.007111,0.001000,1.000000,1.000000,0.260431
baseline,c2_r150m,2,150.000000,414,0.011254,0.032002,0.191313,0.819339,0.815019,0.005833,0.001000,1.000000,0.996667,0.851152
baseline,c2_r150m,2,150.000000,416,0.126263,0.087467,0.200991,0.508865,0.724619,0.000667,0.001000,1.000000,0.995000,0.354699
baseline,c2_r150m,2,150.000000,415,0.045340,0.041735,0.157874,0.299269,0.718431,0.004556,0.001000,1.000000,0.996667,0.456845
baseline,c2_r150m,2,150.000000,417,-0.016284,0.071174,0.271143,0.903824,0.329522,0.001028,0.001000,1.000000,0.995000,0.851003
baseline,c2_r150m,2,150.000000,418,0.085185,0.072908,0.169758,0.202790,0.487405,0.001611,0.004815,0.983333,0.995000,0.176846
baseline,c2_r150m,2,150.000000,420,0.108438,0.091048,0.321976,0.414061,0.809948,0.004556,0.001000,1.000000,0.998333,0.464274
baseline,c2_r150m,2,150.000000,419,0.089597,0.103489,0.705058,0.606126,0.524365,0.002667,0.001000,1.000000,0.998333,0.388190
baseline,c2_r150m,2,150.000000,423,0.164236,0.129450,0.472748,0.269641,0.965454,0.001056,0.001000,1.000000,0.996667,0.394398
baseline,c2_r150m,2,150.000000,421,0.136199,0.063038,0.167527,0.417807,0.669853,0.001278,0.001000,1.000000,0.995000,0.235997
baseline,c2_r150m,2,150.000000,422,0.079512,0.044701,0.157851,0.205500,0.663379,0.005250,0.001000,1.000000,1.000000,0.272584
baseline,c2_r150m,2,150.000000,425,0.058280,0.039360,0.194922,0.329503,0.914591,0.001444,0.001000,1.000000,0.993333,0.378346
baseline,c2_r150m,2,150.000000,426,0.109544,0.148239,0.548818,0.355719,0.366064,0.005167,0.001000,1.000000,0.998333,0.270097
baseline,c2_r150m,2,150.000000,424,0.112282,0.079078,0.195234,0.610292,0.467224,0.005917,0.001000,1.000000,0.998333,0.505368
baseline,c2_r150m,2,150.000000,427,0.037546,0.056448,0.291148,0.646047,0.685022,0.011056,0.001000,1.000000,1.000000,0.513232
baseline,c2_r150m,2,150.000000,428,0.130756,0.057238,0.244902,0.072519,0.635265,0.002417,0.001000,1.000000,0.996667,0.138766
baseline,c2_r150m,2,150.000000,429,-0.091333,0.028428,0.494746,0.713566,0.289227,0.003389,0.003993,0.966667,0.990000,0.824139
baseline,c2_r150m,2,150.000000,430,0.288660,0.137934,0.593953,0.951823,0.537386,0.001389,0.001000,1.000000,0.990000,0.865844
baseline,c2_r150m,2,150.000000,432,0.108468,0.077363,0.338855,0.474491,0.349182,0.008167,0.001000,1.000000,1.000000,0.397394
baseline,c2_r150m,2,150.000000,433,0.056605,0.071620,0.208352,0.389548,0.551643,0.007028,0.001000,1.000000,1.000000,0.373386
baseline,c2_r150m,2,150.000000,431,0.069590,0.030651,0.195918,0.228221,0.780691,0.006389,0.001000,1.000000,0.998333,0.231448
baseline,c2_r150m,2,150.000000,434,0.120099,0.137757,0.258293,0.166107,0.471044,0.003194,0.001000,1.000000,0.996667,0.246791
baseline,c2_r150m,2,150.000000,436,0.038798,0.090747,0.444870,0.644787,0.509366,0.005389,0.001000,1.000000,0.998333,0.612893
baseline,c2_r150m,2,150.000000,435,0.081352,0.092436,0.765941,0.413645,0.618934,0.003250,0.001000,1.000000,0.998333,0.554014
baseline,c2_r150m,2,150.000000,438,0.081229,0.083503,0.416194,0.855062,0.392273,0.001306,0.001000,1.000000,0.995000,0.757002
baseline,c2_r150m,2,150.000000,439,0.093724,0.152063,0.449304,0.130521,0.124451,0.002972,0.001000,1.000000,0.998333,0.172857
baseline,c2_r150m,2,150.000000,437,0.067769,0.097832,0.486683,0.204733,0.677899,0.006833,0.001000,1.000000,0.998333,0.322924
baseline,c2_r150m,2,150.000000,440,0.092420,0.029286,0.172873,0.613433,0.095937,0.002528,0.001005,0.983333,0.993333,0.686876
baseline,c2_r150m,2,150.000000,441,0.112022,0.080987,0.326474,0.708279,0.093342,0.003194,0.001000,1.000000,0.996667,0.565138
baseline,c2_r150m,2,150.000000,443,0.164952,0.167310,0.598545,0.176752,0.649773,0.006083,0.001000,1.000000,1.000000,0.171621
baseline,c2_r150m,2,150.000000,442,0.062453,0.128475,0.758576,0.304853,0.577671,0.001611,0.001000,1.000000,0.996667,0.326812
baseline,c2_r150m,2,150.000000,445,0.059362,0.103020,0.231546,0.331537,0.800519,0.003389,0.001000,1.000000,0.998333,0.281586
baseline,c2_r150m,2,150.000000,444,0.066509,0.065842,0.484539,0.293900,0.766750,0.017472,0.001000,1.000000,1.000000,0.289421
baseline,c2_r150m,2,150.000000,446,0.132476,0.125466,0.664651,0.556965,0.693827,0.006694,0.001000,1.000000,0.996667,0.518979
baseline,c2_r150m,2,150.000000,448,0.063789,0.093004,0.306948,0.658216,0.448089,0.001444,0.001000,1.000000,0.995000,0.715123
baseline,c2_r300m,2,300.000000,400,0.127623,0.089570,0.120964,0.335705,0.086078,0.003278,0.011640,0.933333,0.906667,0.241378
baseline,c2_r150m,2,150.000000,447,0.107157,0.089566,0.387225,0.165442,0.489832,0.006278,0.001000,1.000000,0.998333,0.137564
baseline,c2_r150m,2,150.000000,449,0.005399,0.088340,0.286064,0.131914,0.766364,0.001583,0.001000,1.000000,0.995000,0.161876
baseline,c2_r300m,2,300.000000,401,0.083311,0.137870,0.233692,0.435123,0.340804,0.005694,0.021542,0.850000,0.898333,0.443469
baseline,c2_r300m,2,300.000000,402,0.038415,0.085483,0.095124,0.092524,0.872051,0.006028,0.022728,0.866667,0.898333,0.249216
baseline,c2_r300m,2,300.000000,405,0.199073,0.191446,0.873332,0.451437,0.477302,0.005472,0.021481,0.850000,0.873333,0.542807
baseline,c2_r300m,2,300.000000,406,0.213617,0.224675,0.370673,0.158675,0.217306,0.003806,0.026523,0.866667,0.881667,0.081407
baseline,c2_r300m,2,300.000000,404,0.154238,0.100570,0.299027,0.743129,0.894780,0.015639,0.019974,0.866667,0.856667,0.815417
baseline,c2_r300m,2,300.000000,407,0.093656,0.057230,0.080991,0.607785,0.687920,0.005000,0.026040,0.866667,0.886667,0.487497
baseline,c2_r300m,2,300.000000,403,0.183080,0.195741,0.858013,0.921298,0.538394,0.029806,0.039772,0.716667,0.783333,0.903430
baseline,c2_r300m,2,300.000000,408,0.152023,0.143254,0.347264,0.142179,0.570855,0.003833,0.007167,0.950000,0.900000,0.102549
baseline,c2_r300m,2,300.000000,409,0.248035,0.193619,0.632455,0.754062,0.800155,0.015306,0.018055,0.883333,0.890000,0.505966
baseline,c2_r300m,2,300.000000,411,0.102577,0.075655,0.193814,0.286512,0.936040,0.004056,0.014522,0.916667,0.891667,0.414432
baseline,c2_r300m,2,300.000000,410,-0.054823,0.026367,0.194611,0.912154,0.474136,0.004944,0.014405,0.850000,0.885000,0.899492
baseline,c2_r300m,2,300.000000,412,-0.049289,-0.002048,0.043217,0.100205,0.827110,0.007028,0.043972,0.750000,0.883333,0.134201
baseline,c2_r300m,2,300.000000,414,0.188034,0.147296,0.881596,0.189819,0.959880,0.004000,0.020304,0.916667,0.903333,0.162190
baseline,c2_r300m,2,300.000000,415,0.197781,0.213303,0.525678,0.567694,0.706228,0.008667,0.026802,0.833333,0.880000,0.396544
baseline,c2_r300m,2,300.000000,413,0.219773,0.166512,0.603441,0.857107,0.768093,0.014694,0.024298,0.800000,0.845000,0.806649
baseline,c2_r300m,2,300.000000,416,0.111698,0.170840,0.630672,0.709948,0.485203,0.004972,0.024019,0.850000,0.843333,0.737106
baseline,c2_r300m,2,300.000000,417,0.169622,0.181533,0.432437,0.647837,0.687226,0.004444,0.005235,0.950000,0.851667,0.724239
baseline,c2_r300m,2,300.000000,420,0.165611,0.176347,0.498181,0.819785,0.378735,0.007389,0.027677,0.850000,0.841667,0.871333
baseline,c2_r300m,2,300.000000,421,0.160834,0.191923,0.793502,0.767275,0.643830,0.017472,0.025215,0.766667,0.850000,0.499089
baseline,c2_r300m,2,300.000000,423,0.051948,0.122408,0.460656,0.058218,0.627293,0.003417,0.012702,0.933333,0.911667,0.166796
baseline,c2_r300m,2,300.000000,422,0.013945,0.128672,0.125665,0.666535,0.161348,0.005972,0.015680,0.900000,0.875000,0.686404
baseline,c2_r300m,2,300.000000,424,0.157145,0.111383,0.229916,0.822107,0.893674,0.008583,0.028169,0.750000,0.863333,0.847665
baseline,c2_r300m,2,300.000000,419,0.145466,0.138166,0.629767,0.845501,0.878524,0.015861,0.026398,0.816667,0.861667,0.894872
baseline,c2_r300m,2,300.000000,418,0.200327,0.198468,0.893547,0.935414,0.906757,0.075333,0.032774,0.800000,0.830000,0.921972
baseline,c2_r300m,2,300.000000,427,0.097489,0.037628,0.198400,0.220038,0.789950,0.006806,0.032624,0.833333,0.876667,0.187653
baseline,c2_r300m,2,300.000000,426,0.090210,0.125761,0.221657,0.639739,0.166150,0.005972,0.033543,0.816667,0.876667,0.499486
baseline,c2_r300m,2,300.000000,428,0.188177,0.225251,0.801156,0.930422,0.484241,0.041083,0.027724,0.800000,0.763333,0.901034
baseline,c2_r300m,2,300.000000,429,0.034160,0.092292,0.175763,0.227473,0.866931,0.003056,0.014458,0.916667,0.895000,0.199119
baseline,c2_r300m,2,300.000000,425,0.230387,0.227117,0.956000,0.944503,0.601958,0.064139,0.045196,0.700000,0.758333,0.918169
baseline,c2_r300m,2,300.000000,430,0.058075,0.042891,0.135865,0.168827,0.667785,0.009278,0.015277,0.816667,0.900000,0.164482
baseline,c2_r300m,2,300.000000,431,0.127418,0.100521,0.258852,0.161308,0.370458,0.005389,0.014792,0.900000,0.905000,0.163436
baseline,c2_r300m,2,300.000000,433,-0.000597,0.072388,0.149228,0.850201,0.504688,0.007472,0.017661,0.900000,0.870000,0.721319
baseline,c2_r300m,2,300.000000,432,0.124058,0.112299,0.297472,0.212823,0.433738,0.003611,0.017771,0.900000,0.880000,0.139960
baseline,c2_r300m,2,300.000000,434,0.019328,0.070793,0.068313,0.040941,0.846699,0.005556,0.016841,0.916667,0.906667,0.101116
baseline,c2_r300m,2,300.000000,435,0.007143,0.061799,0.108966,0.688757,0.852019,0.005750,0.022869,0.833333,0.858333,0.686046
baseline,c2_r300m,2,300.000000,436,0.197906,0.199483,0.451369,0.085544,0.120086,0.005750,0.010999,0.933333,0.918333,0.178054
baseline,c2_r300m,2,300.000000,438,0.154420,0.165939,0.453162,0.292923,0.749325,0.006556,0.022207,0.866667,0.890000,0.387202
baseline,c2_r300m,2,300.000000,437,0.206251,0.227058,0.808555,0.954250,0.842259,0.041083,0.033340,0.800000,0.766667,0.924559
baseline,c2_r300m,2,300.000000,440,0.108698,0.150356,0.431317,0.585127,0.718508,0.005667,0.019858,0.866667,0.903333,0.360746
baseline,c2_r300m,2,300.000000,439,0.208070,0.221428,0.890470,0.922705,0.890325,0.030306,0.020647,0.783333,0.781667,0.872132
baseline,c2_r300m,2,300.000000,441,0.058182,0.126841,0.190410,0.349650,0.578632,0.006944,0.014490,0.933333,0.886667,0.575221
baseline,c2_r300m,2,300.000000,443,0.114354,0.101047,0.159821,0.217221,0.742838,0.003389,0.012803,0.916667,0.906667,0.200049
baseline,c2_r300m,2,300.000000,444,0.195200,0.161210,0.311136,0.781010,0.199953,0.006944,0.021026,0.883333,0.878333,0.835528
baseline,c2_r300m,2,300.000000,442,0.220402,0.213016,0.935251,0.783933,0.559978,0.028778,0.042604,0.800000,0.810000,0.887897
baseline,c2_r300m,2,300.000000,445,0.209045,0.162018,0.619649,0.278302,0.950479,0.007972,0.016814,0.850000,0.856667,0.318645
baseline,c2_r300m,2,300.000000,446,0.019055,0.065898,0.166178,0.354298,0.958093,0.004917,0.019141,0.883333,0.903333,0.305502
baseline,c2_r300m,2,300.000000,447,0.226453,0.137154,0.397597,0.757496,0.792729,0.006694,0.035032,0.816667,0.871667,0.461175
baseline,c2_r300m,2,300.000000,448,-0.108273,0.087911,0.280113,0.256540,0.630466,0.005222,0.026894,0.833333,0.881667,0.465114
baseline,c2_r300m,2,300.000000,449,0.170311,0.174591,0.466922,0.896348,0.601514,0.020750,0.041482,0.766667,0.820000,0.840442
baseline,c2_r600m,2,600.000000,400,0.281210,0.256365,0.733685,0.915016,0.646224,0.179556,0.900889,0.016667,0.023333,0.888019
baseline,c2_r600m,2,600.000000,402,0.260938,0.276555,0.865557,0.919712,0.670850,0.184944,0.952988,0.033333,0.025000,0.890801
baseline,c2_r600m,2,600.000000,401,0.270276,0.277647,0.861001,0.903671,0.581164,0.188944,0.983069,0.000000,0.023333,0.872901
baseline,c2_r600m,2,600.000000,404,0.280350,0.267980,0.861423,0.897314,0.353633,0.181889,0.935728,0.050000,0.021667,0.875288
baseline,c2_r600m,2,600.000000,403,0.274327,0.275729,0.860903,0.883556,0.382522,0.186083,0.955134,0.000000,0.028333,0.866414
baseline,c2_r600m,2,600.000000,407,0.297148,0.281098,0.835748,0.906483,0.613168,0.185583,1.003594,0.033333,0.021667,0.890463
baseline,c2_r600m,2,600.000000,405,0.297145,0.282268,0.890651,0.902138,0.678894,0.190000,1.064992,0.016667,0.011667,0.886053
baseline,c2_r600m,2,600.000000,406,0.282347,0.280371,0.893643,0.861422,0.655939,0.175750,0.938359,0.050000,0.013333,0.868292
baseline,c2_r600m,2,600.000000,410,0.274591,0.264894,0.812529,0.876798,0.552612,0.173167,0.932052,0.016667,0.028333,0.868652
baseline,c2_r600m,2,600.000000,411,0.310004,0.284291,0.888463,0.888937,0.842498,0.174972,0.935015,0.000000,0.020000,0.893489
baseline,c2_r600m,2,600.000000,408,0.280629,0.276174,0.904930,0.894075,0.428733,0.179194,0.960828,0.000000,0.016667,0.887612
baseline,c2_r600m,2,600.000000,409,0.289317,0.269398,0.765925,0.897645,0.695259,0.183806,0.968633,0.016667,0.026667,0.863308
baseline,c2_r600m,2,600.000000,412,0.291853,0.279056,0.845940,0.879084,0.830071,0.182167,0.930755,0.000000,0.026667,0.868356
baseline,c2_r600m,2,600.000000,413,0.291873,0.283164,0.858054,0.888721,0.820251,0.178389,0.912799,0.016667,0.010000,0.878198
baseline,c2_r600m,2,600.000000,414,0.293259,0.287855,0.817586,0.899864,0.514003,0.176861,0.920147,0.033333,0.015000,0.883440
baseline,c2_r600m,2,600.000000,415,0.238760,0.275940,0.796348,0.920804,0.626632,0.168083,0.829669,0.016667,0.008333,0.878321
baseline,c2_r600m,2,600.000000,416,0.283780,0.275098,0.884129,0.881788,0.650747,0.176472,0.926302,0.016667,0.013333,0.895361
baseline,c2_r600m,2,600.000000,417,0.271916,0.272170,0.842979,0.887520,0.755721,0.180083,0.963019,0.000000,0.011667,0.880198
baseline,c2_r600m,2,600.000000,418,0.282307,0.271158,0.872745,0.890797,0.662475,0.177333,0.886648,0.050000,0.030000,0.849015
baseline,c2_r600m,2,600.000000,419,0.271693,0.278814,0.776760,0.838772,0.723727,0.171278,0.833262,0.066667,0.020000,0.881740
baseline,c2_r600m,2,600.000000,420,0.311438,0.292736,0.842576,0.921823,0.799333,0.190583,1.023300,0.000000,0.013333,0.888547
baseline,c2_r600m,2,600.000000,422,0.275381,0.272303,0.825669,0.910310,0.462645,0.179722,0.915057,0.033333,0.036667,0.875382
baseline,c2_r600m,2,600.000000,426,0.266590,0.276029,0.806598,0.893255,0.687049,0.178389,0.907201,0.033333,0.020000,0.876391
baseline,c2_r600m,2,600.000000,421,0.267339,0.276676,0.833089,0.898083,0.482067,0.180806,0.901496,0.033333,0.028333,0.867298
baseline,c2_r600m,2,600.000000,423,0.257622,0.276442,0.799888,0.889624,0.773226,0.168750,0.833042,0.000000,0.010000,0.891763
baseline,c2_r600m,2,600.000000,424,0.287837,0.281846,0.881999,0.883477,0.699810,0.181750,0.909338,0.016667,0.016667,0.858322
baseline,c2_r600m,2,600.000000,429,0.291020,0.276057,0.862161,0.896228,0.762528,0.190806,1.029470,0.016667,0.020000,0.889411
baseline,c2_r600m,2,600.000000,427,0.301841,0.294745,0.882398,0.930243,0.394053,0.176500,0.923556,0.016667,0.015000,0.901382
baseline,c2_r600m,2,600.000000,425,0.264941,0.280892,0.882304,0.899335,0.651623,0.174472,0.894685,0.016667,0.008333,0.892957
baseline,c2_r600m,2,600.000000,428,0.286383,0.274839,0.812770,0.890569,0.578263,0.183806,0.954112,0.050000,0.021667,0.882207
baseline,c2_r600m,2,600.000000,430,0.236343,0.271552,0.774057,0.930817,0.600572,0.181000,0.938939,0.033333,0.013333,0.889138
baseline,c2_r600m,2,600.000000,431,0.264347,0.292143,0.880352,0.872033,0.665422,0.179389,0.937553,0.016667,0.028333,0.854482
baseline,c2_r600m,2,600.000000,432,0.228217,0.257606,0.724633,0.895868,0.646541,0.175611,0.860528,0.016667,0.030000,0.896954
baseline,c2_r600m,2,600.000000,434,0.273973,0.272984,0.857340,0.894870,0.639092,0.173694,0.846107,0.016667,0.016667,0.865972
baseline,c2_r600m,2,600.000000,433,0.255103,0.268694,0.784281,0.896712,0.735480,0.176583,0.867723,0.050000,0.026667,0.900586
baseline,c2_r600m,2,600.000000,435,0.272549,0.270745,0.825803,0.829826,0.448132,0.169556,0.841950,0.016667,0.026667,0.843930
baseline,c2_r600m,2,600.000000,438,0.279031,0.273596,0.863008,0.896519,0.752114,0.193361,1.053032,0.016667,0.026667,0.868656
baseline,c2_r600m,2,600.000000,436,0.266757,0.276477,0.800149,0.905506,0.704803,0.188806,0.997727,0.016667,0.015000,0.864825
baseline,c2_r600m,2,600.000000,442,0.298424,0.273399,0.843817,0.869505,0.723578,0.171861,0.837605,0.083333,0.021667,0.886974
baseline,c2_r600m,2,600.000000,440,0.278769,0.277199,0.871582,0.891778,0.682164,0.172778,0.917126,0.016667,0.018333,0.858693
baseline,c2_r600m,2,600.000000,439,0.266474,0.271626,0.856079,0.888747,0.668568,0.177750,0.881000,0.033333,0.033333,0.868510
baseline,c2_r600m,2,600.000000,437,0.278191,0.279995,0.892037,0.884219,0.802840,0.182722,0.966717,0.000000,0.023333,0.883312
baseline,c2_r600m,2,600.000000,441,0.280013,0.273180,0.841915,0.907644,0.349898,0.179778,0.936622,0.000000,0.030000,0.882224
baseline,c2_r600m,2,600.000000,443,0.271742,0.293194,0.891870,0.884991,0.466231,0.181917,0.980582,0.016667,0.016667,0.873172
baseline,c2_r600m,2,600.000000,444,0.300142,0.283209,0.829295,0.889891,0.728363,0.178278,0.891001,0.000000,0.011667,0.879538
baseline,c2_r600m,2,600.000000,445,0.291189,0.276442,0.863561,0.923444,0.731744,0.180861,0.940446,0.033333,0.033333,0.865075
baseline,c2_r600m,2,600.000000,446,0.273098,0.272021,0.805843,0.893708,0.598578,0.171917,0.907837,0.000000,0.018333,0.846151
baseline,c3_r15m,3,15.000000,400,0.000000,0.000000,0.419938,0.409083,0.649623,0.001028,0.001000,1.000000,1.000000,0.146797
baseline,c3_r15m,3,15.000000,402,0.000000,0.000000,0.392117,0.307808,0.679036,0.001722,0.001000,1.000000,1.000000,0.225357
baseline,c3_r15m,3,15.000000,401,0.000000,0.000000,0.363204,0.566419,0.422895,0.001167,0.001000,1.000000,1.000000,0.085000
baseline,c3_r15m,3,15.000000,403,0.000000,-0.013810,0.403341,0.493828,0.850034,0.001806,0.001000,1.000000,1.000000,0.221262
baseline,c3_r15m,3,15.000000,405,0.000000,0.000000,0.550520,0.470066,0.454997,0.001722,0.001000,1.000000,1.000000,0.140850
baseline,c3_r15m,3,15.000000,404,0.000000,0.000000,0.414491,0.353792,0.801349,0.001333,0.001000,1.000000,1.000000,0.203167
baseline,c2_r600m,2,600.000000,447,0.292437,0.281206,0.875152,0.932295,0.785323,0.180444,0.922886,0.016667,0.018333,0.893027
baseline,c3_r15m,3,15.000000,406,0.000000,0.000000,0.157297,0.338363,0.841533,0.000889,0.001000,1.000000,1.000000,0.103977
baseline,c3_r15m,3,15.000000,407,0.000000,0.000000,0.454396,0.403387,0.784300,0.000833,0.001000,1.000000,1.000000,0.000000
baseline,c3_r15m,3,15.000000,409,0.000000,0.000000,0.344017,0.277571,0.803182,0.000611,0.001000,1.000000,1.000000,0.000000
baseline,c3_r15m,3,15.000000,408,0.000000,0.040000,0.383035,0.339508,0.543640,0.001917,0.001000,1.000000,1.000000,0.098214
baseline,c3_r15m,3,15.000000,411,0.000000,0.000000,0.320170,0.467241,0.493469,0.000667,0.001000,1.000000,1.000000,0.055556
baseline,c3_r15m,3,15.000000,410,0.000000,0.000000,0.222036,0.464984,0.425484,0.000528,0.001000,1.000000,1.000000,0.108571
baseline,c3_r15m,3,15.000000,412,0.000000,0.033333,0.364621,0.110871,0.380267,0.002778,0.001000,1.000000,1.000000,0.047222
baseline,c2_r600m,2,600.000000,448,0.242817,0.271044,0.850286,0.941113,0.661218,0.177833,0.906577,0.033333,0.016667,0.877345
baseline,c2_r600m,2,600.000000,449,0.254538,0.264011,0.853535,0.925078,0.590300,0.160944,0.821738,0.033333,0.026667,0.865201
baseline,c3_r15m,3,15.000000,413,0.000000,-0.016667,0.383882,0.198936,0.477823,0.001861,0.001000,1.000000,1.000000,0.038384
baseline,c3_r15m,3,15.000000,414,0.000000,0.000000,0.553894,0.316814,0.772131,0.000611,0.001000,1.000000,1.000000,0.028571
baseline,c3_r15m,3,15.000000,415,0.000000,0.012500,0.491957,0.324340,0.614666,0.001361,0.001000,1.000000,1.000000,0.362033
baseline,c3_r15m,3,15.000000,416,0.000000,0.025000,0.234906,0.622606,0.697766,0.001500,0.001000,1.000000,1.000000,0.292500
baseline,c3_r15m,3,15.000000,417,0.000000,0.000000,0.270729,0.274221,0.844497,0.000556,0.001000,1.000000,1.000000,0.125758
baseline,c3_r15m,3,15.000000,418,0.000000,0.140000,0.810245,0.253339,0.704398,0.001833,0.001000,1.000000,1.000000,0.119470
baseline,c3_r15m,3,15.000000,419,0.000000,0.000000,0.310327,0.347847,0.580000,0.000500,0.001000,1.000000,1.000000,0.000000
baseline,c3_r15m,3,15.000000,420,0.000000,0.000000,0.179354,0.458425,0.626554,0.002833,0.001000,1.000000,1.000000,0.384524
baseline,c3_r15m,3,15.000000,422,0.000000,-0.007143,0.384037,0.557465,0.672367,0.001083,0.001000,1.000000,1.000000,0.252690
baseline,c3_r15m,3,15.000000,421,0.000000,0.000000,0.184582,0.297607,0.609168,0.001000,0.001000,1.000000,1.000000,0.020000
baseline,c3_r15m,3,15.000000,423,0.000000,0.135000,0.713383,0.508377,0.683876,0.002306,0.001000,1.000000,1.000000,0.233333
baseline,c3_r15m,3,15.000000,424,0.500000,0.035714,0.646797,0.263500,0.692673,0.001389,0.001000,1.000000,1.000000,0.130000
baseline,c3_r15m,3,15.000000,426,0.000000,0.000000,0.424441,0.390261,0.488659,0.000778,0.001000,1.000000,1.000000,0.025000
baseline,c3_r15m,3,15.000000,425,0.000000,0.114286,0.315633,0.308596,0.707490,0.002222,0.001000,1.000000,1.000000,0.178510
baseline,c3_r15m,3,15.000000,427,0.000000,0.000000,0.679847,0.295533,0.678318,0.002389,0.001000,1.000000,1.000000,0.282500
baseline,c3_r15m,3,15.000000,428,0.000000,-0.008333,0.341091,0.242757,0.737164,0.002278,0.001000,1.000000,1.000000,0.267240
baseline,c3_r15m,3,15.000000,429,0.333333,0.033333,0.472363,0.633129,0.745088,0.001583,0.001000,1.000000,1.000000,0.200000
baseline,c3_r15m,3,15.000000,430,0.000000,0.033333,0.625318,0.226761,0.780940,0.000833,0.001000,1.000000,1.000000,0.099221
baseline,c3_r15m,3,15.000000,431,0.000000,-0.022222,0.424625,0.419377,0.760494,0.001361,0.001000,1.000000,1.000000,0.176667
baseline,c3_r15m,3,15.000000,432,0.142857,0.009740,0.328629,0.410700,0.385863,0.001972,0.001000,1.000000,1.000000,0.125000
baseline,c3_r15m,3,15.000000,433,0.000000,0.025000,0.185884,0.609996,0.448616,0.001306,0.001000,1.000000,1.000000,0.333810
baseline,c3_r15m,3,15.000000,434,0.000000,0.000000,0.286821,0.364847,0.669367,0.000556,0.001000,1.000000,1.000000,0.000000
baseline,c3_r15m,3,15.000000,435,0.000000,-0.016667,0.434037,0.328945,0.556354,0.000917,0.001000,1.000000,1.000000,0.112500
baseline,c3_r15m,3,15.000000,436,0.000000,0.020000,0.461493,0.306692,0.638303,0.002472,0.001000,1.000000,1.000000,0.211185
baseline,c3_r15m,3,15.000000,437,0.000000,0.000000,0.270373,0.371869,0.631714,0.000667,0.001000,1.000000,1.000000,0.238095
baseline,c3_r15m,3,15.000000,438,0.000000,0.011111,0.259403,0.409298,0.494168,0.000944,0.001000,1.000000,1.000000,0.121429
baseline,c3_r15m,3,15.000000,439,0.000000,0.000000,0.281414,0.611757,0.376107,0.001111,0.001000,1.000000,1.000000,0.172727
baseline,c3_r15m,3,15.000000,440,0.000000,0.000000,0.485841,0.243170,0.597425,0.001806,0.001000,1.000000,1.000000,0.039286
baseline,c3_r15m,3,15.000000,441,0.000000,0.000000,0.234775,0.515480,0.581754,0.002083,0.001000,1.000000,1.000000,0.150000
baseline,c3_r15m,3,15.000000,443,0.000000,-0.083333,0.379713,0.751413,0.820686,0.001056,0.001000,1.000000,1.000000,0.190000
baseline,c3_r15m,3,15.000000,442,0.000000,0.000000,0.497778,0.442568,0.364052,0.001417,0.001000,1.000000,1.000000,0.060000
baseline,c3_r15m,3,15.000000,444,0.000000,0.027778,0.372012,0.381618,0.772651,0.002194,0.001000,1.000000,1.000000,0.268597
baseline,c3_r15m,3,15.000000,445,0.000000,0.050000,0.584084,0.208040,0.233933,0.001556,0.001000,1.000000,1.000000,0.141111
baseline,c3_r15m,3,15.000000,446,0.000000,0.000000,0.237953,0.600475,0.541968,0.001278,0.001000,1.000000,1.000000,0.075000
baseline,c3_r15m,3,15.000000,447,0.000000,0.036190,0.634626,0.306566,0.797368,0.002083,0.001000,1.000000,1.000000,0.383473
baseline,c3_r15m,3,15.000000,448,0.000000,0.000000,0.203141,0.554192,0.647177,0.000694,0.001000,1.000000,1.000000,0.016667
baseline,c3_r15m,3,15.000000,449,0.000000,0.000000,0.291653,0.240970,0.545517,0.002500,0.001000,1.000000,1.000000,0.105238
baseline,c3_r37.5m,3,37.500000,400,0.055556,0.007851,0.640276,0.293536,0.612701,0.001611,0.001000,1.000000,1.000000,0.334248
baseline,c3_r37.5m,3,37.500000,401,0.043956,0.022041,0.363449,0.482816,0.520098,0.003500,0.001000,1.000000,1.000000,0.569383
baseline,c3_r37.5m,3,37.500000,402,0.030067,0.034341,0.158675,0.308596,0.588543,0.005722,0.001000,1.000000,1.000000,0.295017
baseline,c3_r37.5m,3,37.500000,403,0.010691,0.004217,0.184145,0.352020,0.440670,0.003861,0.001000,1.000000,1.000000,0.268914
baseline,c3_r37.5m,3,37.500000,404,0.024390,0.030469,0.183310,0.267802,0.842493,0.003111,0.001000,1.000000,1.000000,0.192308
baseline,c3_r37.5m,3,37.500000,405,0.013638,0.077159,0.379917,0.323932,0.476326,0.002722,0.001000,1.000000,1.000000,0.279428
baseline,c3_r37.5m,3,37.500000,407,0.023079,0.029407,0.258034,0.312770,0.781093,0.004806,0.001000,1.000000,1.000000,0.238195
baseline,c3_r37.5m,3,37.500000,406,-0.017817,0.019967,0.187724,0.382673,0.688876,0.004833,0.001000,1.000000,1.000000,0.393312
baseline,c3_r37.5m,3,37.500000,408,0.000000,0.031138,0.249367,0.298690,0.274699,0.005000,0.001000,1.000000,1.000000,0.380019
baseline,c3_r37.5m,3,37.500000,409,0.061583,0.026737,0.480724,0.300224,0.351924,0.002444,0.001000,1.000000,1.000000,0.304632
baseline,c3_r37.5m,3,37.500000,410,0.000000,0.009266,0.172969,0.410381,0.590057,0.001667,0.001000,1.000000,1.000000,0.337961
baseline,c3_r37.5m,3,37.500000,411,0.063830,0.014756,0.354730,0.758870,0.688556,0.003361,0.001000,1.000000,1.000000,0.701265
baseline,c3_r37.5m,3,37.500000,412,0.021168,0.042132,0.345628,0.307878,0.628334,0.004639,0.001000,1.000000,1.000000,0.328173
baseline,c3_r37.5m,3,37.500000,413,0.032383,0.017240,0.471477,0.341682,0.489329,0.004111,0.001000,1.000000,1.000000,0.197564
baseline,c3_r37.5m,3,37.500000,414,0.052632,0.011107,0.224516,0.453974,0.473616,0.002667,0.001000,1.000000,1.000000,0.422883
baseline,c3_r37.5m,3,37.500000,415,0.108050,0.058776,0.688171,0.182583,0.766907,0.004083,0.001000,1.000000,1.000000,0.178944
baseline,c3_r37.5m,3,37.500000,416,0.115506,0.048682,0.266575,0.463779,0.426628,0.006944,0.001000,1.000000,1.000000,0.298012
baseline,c3_r37.5m,3,37.500000,417,0.086018,0.061424,0.562453,0.295397,0.599876,0.006194,0.001000,1.000000,1.000000,0.339447
baseline,c3_r37.5m,3,37.500000,418,0.094066,0.050769,0.228619,0.202006,0.624734,0.002722,0.001000,1.000000,1.000000,0.267779
baseline,c3_r37.5m,3,37.500000,419,0.043590,0.033629,0.324288,0.230760,0.545661,0.004833,0.001000,1.000000,1.000000,0.253217
baseline,c3_r37.5m,3,37.500000,420,0.030769,0.059195,0.447615,0.571544,0.781352,0.001667,0.001000,1.000000,1.000000,0.682080
baseline,c3_r37.5m,3,37.500000,421,0.015468,0.029286,0.229463,0.497523,0.639490,0.003778,0.001000,1.000000,1.000000,0.444915
baseline,c3_r37.5m,3,37.500000,422,0.000000,0.024211,0.641805,0.654802,0.523189,0.001667,0.001000,1.000000,1.000000,0.536293
baseline,c3_r37.5m,3,37.500000,423,-0.021277,0.033816,0.205645,0.314353,0.631042,0.003194,0.001000,1.000000,1.000000,0.325879
baseline,c3_r37.5m,3,37.500000,424,0.011208,0.029770,0.151808,0.414129,0.749960,0.003417,0.001000,1.000000,1.000000,0.417196
baseline,c3_r37.5m,3,37.500000,426,0.045875,0.042291,0.491593,0.413178,0.500403,0.006222,0.001000,1.000000,1.000000,0.458230
baseline,c3_r37.5m,3,37.500000,425,0.076855,0.033449,0.408304,0.283104,0.721144,0.004889,0.001000,1.000000,1.000000,0.248999
baseline,c3_r37.5m,3,37.500000,428,0.061324,0.049371,0.470845,0.539158,0.667760,0.002778,0.001000,1.000000,1.000000,0.682476
baseline,c3_r37.5m,3,37.500000,427,0.075984,0.023736,0.346683,0.351429,0.441866,0.006944,0.001000,1.000000,1.000000,0.370192
baseline,c3_r37.5m,3,37.500000,429,0.002025,0.038256,0.328580,0.451657,0.730699,0.003361,0.001000,1.000000,1.000000,0.517563
baseline,c3_r37.5m,3,37.500000,430,-0.004327,0.047395,0.237284,0.384201,0.765859,0.005861,0.001000,1.000000,1.000000,0.487772
baseline,c3_r37.5m,3,37.500000,431,0.029760,0.039293,0.268641,0.193589,0.486476,0.004611,0.001000,1.000000,1.000000,0.226309
baseline,c3_r37.5m,3,37.500000,432,0.000000,0.030858,0.277212,0.199083,0.652838,0.001583,0.001000,1.000000,1.000000,0.178026
baseline,c3_r37.5m,3,37.500000,434,0.012447,0.028628,0.545525,0.476618,0.625469,0.002278,0.001000,1.000000,1.000000,0.455195
baseline,c3_r37.5m,3,37.500000,435,0.018344,0.020463,0.239008,0.437979,0.608345,0.003722,0.001000,1.000000,1.000000,0.475010
baseline,c3_r37.5m,3,37.500000,433,0.013935,0.056740,0.530084,0.195408,0.812272,0.003722,0.001000,1.000000,1.000000,0.180625
baseline,c3_r37.5m,3,37.500000,436,0.012386,0.020308,0.401933,0.373376,0.588094,0.003389,0.001000,1.000000,1.000000,0.299714
baseline,c3_r37.5m,3,37.500000,437,0.030274,0.048953,0.380715,0.388911,0.573817,0.004639,0.001000,1.000000,1.000000,0.363069
baseline,c3_r37.5m,3,37.500000,438,0.034707,0.047978,0.245734,0.447202,0.619995,0.003444,0.001000,1.000000,1.000000,0.660316
baseline,c3_r37.5m,3,37.500000,440,0.064865,0.043449,0.249264,0.331623,0.730826,0.004694,0.001000,1.000000,1.000000,0.495078
baseline,c3_r37.5m,3,37.500000,439,0.014390,0.024192,0.441722,0.583829,0.648488,0.005194,0.001000,1.000000,1.000000,0.663924
baseline,c3_r37.5m,3,37.500000,441,-0.020619,0.005578,0.246706,0.417562,0.533462,0.004056,0.001000,1.000000,1.000000,0.273881
baseline,c3_r37.5m,3,37.500000,443,0.027755,0.031404,0.334518,0.218576,0.734566,0.002611,0.001000,1.000000,1.000000,0.217706
baseline,c3_r37.5m,3,37.500000,444,-0.030675,0.021110,0.243025,0.179922,0.810639,0.004278,0.001000,1.000000,1.000000,0.215928
baseline,c3_r37.5m,3,37.500000,442,0.058824,0.048209,0.294554,0.342067,0.836845,0.001861,0.001000,1.000000,1.000000,0.418603
baseline,c3_r37.5m,3,37.500000,445,0.074167,0.045217,0.445939,0.437540,0.494430,0.004778,0.001000,1.000000,1.000000,0.517582
baseline,c3_r37.5m,3,37.500000,446,0.041745,0.026439,0.650617,0.471383,0.733706,0.004250,0.001000,1.000000,1.000000,0.455350
baseline,c3_r37.5m,3,37.500000,447,0.033824,0.041872,0.305624,0.431849,0.641933,0.003000,0.001000,1.000000,1.000000,0.349664
baseline,c3_r37.5m,3,37.500000,448,0.041667,0.040959,0.371585,0.252978,0.626075,0.002889,0.001000,1.000000,1.000000,0.356737
baseline,c3_r37.5m,3,37.500000,449,0.000000,0.019459,0.436933,0.423734,0.628963,0.002889,0.001000,1.000000,1.000000,0.411720
baseline,c3_r75m,3,75.000000,401,0.093648,0.091260,0.684505,0.350709,0.463133,0.008028,0.001000,1.000000,1.000000,0.435313
baseline,c3_r75m,3,75.000000,400,0.041666,0.036451,0.255972,0.270210,0.331214,0.012194,0.001000,1.000000,1.000000,0.334637
baseline,c3_r75m,3,75.000000,402,0.011393,0.031723,0.298543,0.307417,0.687732,0.002778,0.001000,1.000000,0.998333,0.221333
baseline,c3_r75m,3,75.000000,403,0.040267,0.030444,0.359346,0.371172,0.595635,0.013250,0.001000,1.000000,1.000000,0.284619
baseline,c3_r75m,3,75.000000,404,0.063484,0.054909,0.272330,0.228624,0.578719,0.010389,0.001000,1.000000,1.000000,0.323114
baseline,c3_r75m,3,75.000000,406,0.002946,0.030023,0.416138,0.494426,0.846767,0.003917,0.001000,1.000000,1.000000,0.394577
baseline,c3_r75m,3,75.000000,405,0.088194,0.056179,0.425638,0.246392,0.634247,0.009111,0.001000,1.000000,1.000000,0.233879
baseline,c3_r75m,3,75.000000,407,0.107753,0.107496,0.659404,0.284370,0.638909,0.007222,0.001000,1.000000,1.000000,0.204834
baseline,c3_r75m,3,75.000000,408,0.021925,0.054630,0.564564,0.453667,0.818542,0.006389,0.001000,1.000000,1.000000,0.310454
baseline,c3_r75m,3,75.000000,411,0.012063,0.038836,0.243727,0.301414,0.387238,0.004611,0.001000,1.000000,1.000000,0.467174
baseline,c3_r75m,3,75.000000,409,0.055905,0.066070,0.467477,0.451037,0.822281,0.012806,0.001000,1.000000,1.000000,0.502749
baseline,c3_r75m,3,75.000000,412,0.042659,0.036402,0.326638,0.629466,0.698463,0.009444,0.001000,1.000000,1.000000,0.598833
baseline,c3_r75m,3,75.000000,410,0.047541,0.027155,0.215102,0.320864,0.713348,0.008556,0.001000,1.000000,1.000000,0.338374
baseline,c3_r75m,3,75.000000,413,0.079062,0.063417,0.413290,0.187926,0.532288,0.010778,0.001000,1.000000,1.000000,0.213252
baseline,c3_r75m,3,75.000000,414,0.079705,0.045071,0.324979,0.410016,0.749490,0.009306,0.001000,1.000000,1.000000,0.378296
baseline,c3_r75m,3,75.000000,415,0.016139,0.023336,0.183018,0.277055,0.876567,0.007278,0.001000,1.000000,1.000000,0.405801
baseline,c3_r75m,3,75.000000,417,0.032012,0.045641,0.277644,0.448481,0.686685,0.009222,0.001000,1.000000,1.000000,0.459728
baseline,c3_r75m,3,75.000000,416,0.079704,0.067318,0.678248,0.193293,0.573225,0.007722,0.001000,1.000000,1.000000,0.219873
baseline,c3_r75m,3,75.000000,418,0.068721,0.063750,0.532448,0.308520,0.752258,0.014222,0.001000,1.000000,1.000000,0.333620
baseline,c3_r75m,3,75.000000,419,0.015758,0.049849,0.367998,0.377146,0.415756,0.008861,0.001000,1.000000,1.000000,0.373592
baseline,c3_r75m,3,75.000000,420,0.058407,0.057111,0.492119,0.240849,0.676666,0.015250,0.001000,1.000000,1.000000,0.284024
baseline,c3_r75m,3,75.000000,422,0.059549,0.040159,0.353077,0.254754,0.674473,0.009194,0.001000,1.000000,1.000000,0.277280
baseline,c3_r75m,3,75.000000,421,0.030677,0.055197,0.505371,0.721090,0.599933,0.009778,0.001000,1.000000,1.000000,0.674440
baseline,c3_r75m,3,75.000000,423,0.063110,0.058907,0.469563,0.389721,0.383687,0.011222,0.001000,1.000000,1.000000,0.311568
baseline,c3_r75m,3,75.000000,424,0.063433,0.044940,0.348409,0.434713,0.677665,0.006750,0.001000,1.000000,1.000000,0.405169
baseline,c3_r75m,3,75.000000,425,0.036101,0.028473,0.285083,0.258720,0.559313,0.007000,0.001000,1.000000,1.000000,0.252413
baseline,c3_r75m,3,75.000000,426,0.028860,0.028150,0.285275,0.458168,0.531410,0.003444,0.001000,1.000000,1.000000,0.477367
baseline,c3_r75m,3,75.000000,429,0.043911,0.037453,0.315272,0.289622,0.418248,0.006028,0.001000,1.000000,1.000000,0.248677
baseline,c3_r75m,3,75.000000,430,0.081769,0.064083,0.474671,0.362738,0.583893,0.009500,0.001000,1.000000,1.000000,0.225307
baseline,c3_r75m,3,75.000000,427,0.008443,0.029557,0.281583,0.195946,0.665969,0.013833,0.001000,1.000000,1.000000,0.221633
baseline,c3_r75m,3,75.000000,428,0.041462,0.042145,0.345893,0.368062,0.747275,0.015778,0.001000,1.000000,1.000000,0.355562
baseline,c3_r75m,3,75.000000,432,0.047559,0.096277,0.751663,0.294178,0.661309,0.008028,0.001000,1.000000,1.000000,0.338076
baseline,c3_r75m,3,75.000000,431,0.032418,0.042069,0.372256,0.412993,0.639141,0.006222,0.001000,1.000000,1.000000,0.410888
baseline,c3_r75m,3,75.000000,433,0.074621,0.044279,0.637612,0.373908,0.702338,0.004889,0.001000,1.000000,1.000000,0.483665
baseline,c3_r75m,3,75.000000,434,0.023037,0.022416,0.189021,0.434653,0.622321,0.003806,0.001000,1.000000,1.000000,0.331324
baseline,c3_r75m,3,75.000000,435,0.003688,0.021247,0.311759,0.371292,0.741072,0.011361,0.001000,1.000000,1.000000,0.343517
baseline,c3_r75m,3,75.000000,436,0.053507,0.054035,0.357706,0.781453,0.761947,0.005806,0.001000,1.000000,1.000000,0.693751
baseline,c3_r75m,3,75.000000,437,0.018541,0.031150,0.497318,0.652297,0.599525,0.012306,0.001000,1.000000,1.000000,0.718613
baseline,c3_r75m,3,75.000000,438,0.046507,0.033904,0.216874,0.389970,0.523335,0.009722,0.001000,1.000000,1.000000,0.450128
baseline,c3_r75m,3,75.000000,439,0.004570,0.029730,0.247966,0.263961,0.688815,0.010139,0.001000,1.000000,1.000000,0.277629
baseline,c3_r75m,3,75.000000,440,0.062176,0.068961,0.375846,0.151914,0.796198,0.014028,0.001000,1.000000,1.000000,0.167545
baseline,c3_r75m,3,75.000000,441,0.076679,0.070496,0.509349,0.582699,0.576407,0.012944,0.001000,1.000000,1.000000,0.555535
baseline,c3_r75m,3,75.000000,442,0.112530,0.059403,0.339204,0.203653,0.568179,0.007861,0.001000,1.000000,1.000000,0.276415
baseline,c3_r75m,3,75.000000,443,0.024878,0.031479,0.302667,0.273486,0.696924,0.009694,0.001000,1.000000,1.000000,0.277459
baseline,c3_r75m,3,75.000000,444,0.065774,0.068134,0.464536,0.184160,0.598461,0.007750,0.001000,1.000000,1.000000,0.311721
baseline,c3_r75m,3,75.000000,445,0.023750,0.038131,0.282038,0.324161,0.600673,0.006194,0.001000,1.000000,1.000000,0.220418
baseline,c3_r75m,3,75.000000,447,0.024968,0.057479,0.667429,0.531924,0.705622,0.006583,0.001000,1.000000,1.000000,0.551492
baseline,c3_r75m,3,75.000000,446,0.036418,0.047738,0.470971,0.466713,0.498869,0.010167,0.001000,1.000000,1.000000,0.347497
baseline,c3_r75m,3,75.000000,448,0.023883,0.068038,0.408424,0.249413,0.551686,0.009000,0.001000,1.000000,1.000000,0.317207
baseline,c3_r75m,3,75.000000,449,0.069267,0.041960,0.266944,0.329049,0.457341,0.009167,0.001000,1.000000,1.000000,0.380008
baseline,c3_r150m,3,150.000000,400,0.186616,0.132896,0.715113,0.648793,0.812352,0.010111,0.001036,0.983333,0.990000,0.516981
baseline,c3_r150m,3,150.000000,401,0.147698,0.112759,0.828921,0.924306,0.918239,0.006889,0.001486,0.983333,0.993333,0.861041
baseline,c3_r150m,3,150.000000,403,0.146466,0.109439,0.477036,0.170375,0.818902,0.006833,0.001000,1.000000,0.998333,0.155284
baseline,c3_r150m,3,150.000000,402,0.074074,0.030448,0.186752,0.452075,0.745695,0.001861,0.001000,1.000000,0.995000,0.460224
baseline,c3_r150m,3,150.000000,404,0.216140,0.099011,0.310499,0.091432,0.867340,0.004944,0.001000,1.000000,0.990000,0.113092
baseline,c3_r150m,3,150.000000,405,0.069919,0.095963,0.473729,0.191536,0.143619,0.004111,0.004886,0.983333,0.993333,0.143884
baseline,c3_r150m,3,150.000000,407,0.109292,0.082639,0.378318,0.167078,0.565461,0.004833,0.002756,0.983333,0.993333,0.122804
baseline,c3_r150m,3,150.000000,406,0.011263,0.061312,0.323145,0.762560,0.663572,0.005611,0.001000,1.000000,0.993333,0.812178
baseline,c3_r150m,3,150.000000,410,0.096658,0.103439,0.427468,0.735955,0.646396,0.002556,0.001000,1.000000,0.986667,0.772008
baseline,c3_r150m,3,150.000000,409,0.089781,0.048029,0.309392,0.605014,0.896210,0.006889,0.001000,1.000000,0.991667,0.615650
baseline,c3_r150m,3,150.000000,411,0.035461,0.046829,0.050097,0.931271,0.749585,0.001722,0.001000,1.000000,0.993333,0.768959
baseline,c3_r150m,3,150.000000,408,0.235493,0.145426,0.421440,0.260450,0.611323,0.002583,0.005209,0.966667,0.991667,0.271687
baseline,c3_r150m,3,150.000000,412,0.045779,0.070597,0.284246,0.852122,0.696091,0.006111,0.001000,1.000000,0.993333,0.753810
baseline,c3_r150m,3,150.000000,414,0.090566,0.101826,0.642675,0.758695,0.732333,0.009778,0.001000,1.000000,0.993333,0.767332
baseline,c3_r150m,3,150.000000,415,0.156295,0.127841,0.663164,0.541169,0.898233,0.002528,0.001000,1.000000,0.991667,0.213004
baseline,c3_r150m,3,150.000000,413,0.130997,0.101767,0.895763,0.507705,0.610032,0.004250,0.001000,1.000000,0.991667,0.368464
baseline,c3_r150m,3,150.000000,416,0.076004,0.088803,0.288512,0.512874,0.854927,0.007222,0.001000,1.000000,0.998333,0.478635
baseline,c3_r150m,3,150.000000,417,0.097619,0.118493,0.574365,0.926648,0.849592,0.002750,0.001000,1.000000,0.988333,0.845750
baseline,c3_r150m,3,150.000000,419,0.013500,0.075730,0.368536,0.924047,0.728851,0.002056,0.001379,0.983333,0.988333,0.783911
baseline,c3_r150m,3,150.000000,418,0.074041,0.036718,0.172516,0.428628,0.704470,0.015389,0.001000,1.000000,0.998333,0.364131
baseline,c3_r150m,3,150.000000,420,0.045053,0.023771,0.292358,0.338985,0.187472,0.005111,0.001000,1.000000,0.998333,0.578540
baseline,c3_r150m,3,150.000000,421,0.019737,0.024712,0.189005,0.787416,0.655492,0.010917,0.003390,0.983333,0.996667,0.754760
baseline,c3_r150m,3,150.000000,422,0.075172,0.041412,0.164815,0.223346,0.780898,0.005194,0.001000,1.000000,0.998333,0.240293
baseline,c3_r150m,3,150.000000,424,0.088303,0.087491,0.543606,0.138750,0.624309,0.001694,0.001000,1.000000,0.995000,0.279851
baseline,c3_r150m,3,150.000000,425,0.112562,0.070672,0.421607,0.806978,0.824862,0.005306,0.001000,1.000000,0.995000,0.771662
baseline,c3_r150m,3,150.000000,426,0.086323,0.108080,0.613993,0.595154,0.294827,0.003806,0.001000,1.000000,0.995000,0.666768
baseline,c3_r150m,3,150.000000,428,0.107400,0.135020,0.644007,0.298914,0.897243,0.003194,0.001000,1.000000,0.986667,0.412396
baseline,c3_r150m,3,150.000000,427,0.117942,0.112462,0.487655,0.260343,0.541978,0.019111,0.001000,1.000000,1.000000,0.203534
baseline,c3_r150m,3,150.000000,423,0.040610,0.064264,0.379624,0.764220,0.474900,0.004417,0.001000,1.000000,0.998333,0.709589
baseline,c3_r150m,3,150.000000,429,0.113189,0.125111,0.138512,0.301040,0.440965,0.002694,0.001000,1.000000,0.996667,0.300541
baseline,c3_r150m,3,150.000000,430,0.048750,0.044857,0.247017,0.642861,0.781360,0.007583,0.001000,1.000000,0.993333,0.626188
baseline,c3_r150m,3,150.000000,433,0.212284,0.127970,0.843152,0.168664,0.759503,0.005389,0.001000,1.000000,0.996667,0.226962
baseline,c3_r150m,3,150.000000,431,0.001374,0.027962,0.082418,0.209626,0.352154,0.003111,0.001000,1.000000,0.995000,0.199644
baseline,c3_r150m,3,150.000000,432,0.110455,0.056765,0.355969,0.420684,0.945194,0.002472,0.003375,0.966667,0.990000,0.287582
baseline,c3_r150m,3,150.000000,434,0.048805,0.040309,0.251056,0.563676,0.928365,0.002944,0.001000,1.000000,0.996667,0.669592
baseline,c3_r150m,3,150.000000,435,0.051481,0.051689,0.395242,0.473641,0.877780,0.005028,0.001000,1.000000,0.996667,0.510545
baseline,c3_r150m,3,150.000000,437,0.054331,0.033851,0.155914,0.617972,0.748495,0.006917,0.003223,0.983333,0.996667,0.607484
baseline,c3_r150m,3,150.000000,438,0.113211,0.086097,0.361923,0.266923,0.486757,0.023889,0.001000,1.000000,1.000000,0.261769
baseline,c3_r150m,3,150.000000,440,0.099836,0.103427,0.520333,0.212979,0.823423,0.018028,0.001000,1.000000,1.000000,0.289317
baseline,c3_r150m,3,150.000000,436,0.086533,0.079654,0.391086,0.376737,0.374639,0.008000,0.001000,1.000000,0.996667,0.341692
baseline,c3_r150m,3,150.000000,439,0.042946,0.043570,0.138656,0.415484,0.711507,0.013528,0.001000,1.000000,1.000000,0.447173
baseline,c3_r150m,3,150.000000,441,0.016517,0.015914,0.223649,0.166455,0.680568,0.001722,0.001000,1.000000,0.996667,0.247034
baseline,c3_r150m,3,150.000000,442,0.049187,0.086391,0.497926,0.247331,0.519293,0.001528,0.001000,1.000000,0.991667,0.256820
baseline,c3_r150m,3,150.000000,443,0.102488,0.120447,0.712620,0.558979,0.804069,0.004472,0.001000,1.000000,0.995000,0.650840
baseline,c3_r150m,3,150.000000,446,0.089376,0.096157,0.441482,0.263895,0.728625,0.005500,0.001417,0.983333,0.996667,0.315213
baseline,c3_r150m,3,150.000000,445,0.124153,0.146040,0.669517,0.115966,0.487794,0.002833,0.001000,1.000000,0.998333,0.193645
baseline,c3_r150m,3,150.000000,447,0.093844,0.095763,0.668612,0.302597,0.840313,0.013194,0.001000,1.000000,1.000000,0.247542
baseline,c3_r150m,3,150.000000,444,0.067741,0.058565,0.267209,0.338413,0.605204,0.024361,0.001000,1.000000,1.000000,0.432528
baseline,c3_r150m,3,150.000000,449,0.154032,0.110188,0.808347,0.885893,0.171758,0.008306,0.001000,1.000000,0.991667,0.790651
baseline,c3_r150m,3,150.000000,448,0.066833,0.068820,0.295345,0.184934,0.613816,0.006417,0.001000,1.000000,0.996667,0.159197
baseline,c3_r300m,3,300.000000,400,0.171937,0.183635,0.649721,0.942337,0.390505,0.109000,0.190502,0.350000,0.491667,0.907556
baseline,c3_r300m,3,300.000000,407,0.145391,0.158803,0.489482,0.680970,0.338133,0.057472,0.087579,0.566667,0.695000,0.629940
baseline,c3_r300m,3,300.000000,406,0.141044,0.133473,0.656899,0.785015,0.583232,0.061667,0.077870,0.550000,0.693333,0.706228
baseline,c3_r300m,3,300.000000,403,0.181398,0.187264,0.764457,0.931664,0.540982,0.083667,0.150878,0.483333,0.478333,0.907508
baseline,c3_r300m,3,300.000000,402,0.165063,0.166462,0.620453,0.883149,0.644173,0.068000,0.078958,0.600000,0.676667,0.694616
baseline,c3_r300m,3,300.000000,401,0.190400,0.194372,0.906861,0.860902,0.877364,0.106972,0.139934,0.383333,0.381667,0.881367
baseline,c3_r300m,3,300.000000,404,0.223555,0.195740,0.907287,0.904468,0.855350,0.103361,0.207265,0.416667,0.423333,0.891953
baseline,c3_r300m,3,300.000000,405,0.201989,0.193509,0.903636,0.913215,0.811647,0.117306,0.218396,0.333333,0.416667,0.861115
baseline,c3_r300m,3,300.000000,408,0.212360,0.199558,0.937930,0.947576,0.700856,0.116028,0.199598,0.333333,0.410000,0.905566
baseline,c3_r300m,3,300.000000,409,0.200007,0.203670,0.851912,0.916668,0.553944,0.103083,0.175556,0.366667,0.361667,0.907916
baseline,c3_r300m,3,300.000000,411,0.189212,0.196282,0.766991,0.912558,0.605376,0.110167,0.193684,0.383333,0.376667,0.919498
baseline,c3_r300m,3,300.000000,414,0.217416,0.199435,0.890731,0.928437,0.497837,0.111750,0.236700,0.416667,0.390000,0.891838
baseline,c3_r300m,3,300.000000,410,0.218892,0.200683,0.893332,0.910996,0.793143,0.112778,0.198201,0.350000,0.345000,0.891529
baseline,c3_r300m,3,300.000000,412,0.234078,0.211108,0.906998,0.928713,0.810051,0.115806,0.194525,0.333333,0.398333,0.903030
baseline,c3_r300m,3,300.000000,419,0.193875,0.193821,0.856630,0.930124,0.666878,0.068611,0.162804,0.400000,0.510000,0.865836
baseline,c3_r300m,3,300.000000,418,0.220540,0.201959,0.788974,0.904311,0.585414,0.066417,0.102240,0.500000,0.428333,0.883566
baseline,c3_r300m,3,300.000000,415,0.217030,0.200389,0.918815,0.900062,0.669507,0.110917,0.210164,0.283333,0.388333,0.900961
baseline,c3_r300m,3,300.000000,417,0.190040,0.196040,0.776762,0.892708,0.745740,0.099444,0.186118,0.350000,0.443333,0.902036
baseline,c3_r300m,3,300.000000,413,0.201705,0.206519,0.870678,0.945591,0.707582,0.106250,0.147838,0.433333,0.386667,0.928133
baseline,c3_r300m,3,300.000000,416,0.225265,0.202892,0.893224,0.907961,0.753477,0.115972,0.255585,0.366667,0.386667,0.897809
baseline,c3_r300m,3,300.000000,423,0.088162,0.115559,0.139929,0.102087,0.843031,0.009333,0.035931,0.750000,0.838333,0.072753
baseline,c3_r300m,3,300.000000,422,0.153295,0.169319,0.729084,0.874933,0.493531,0.074750,0.109425,0.550000,0.505000,0.908715
baseline,c3_r300m,3,300.000000,425,0.142606,0.124420,0.419138,0.228105,0.821237,0.008833,0.013270,0.866667,0.800000,0.233961
baseline,c3_r300m,3,300.000000,424,0.170262,0.168307,0.567949,0.888613,0.297968,0.074333,0.080932,0.533333,0.590000,0.825399
baseline,c3_r300m,3,300.000000,420,0.190311,0.199467,0.897369,0.930139,0.838515,0.109722,0.162343,0.416667,0.388333,0.901220
baseline,c3_r300m,3,300.000000,421,0.201156,0.201775,0.910134,0.929385,0.658978,0.119194,0.235572,0.366667,0.393333,0.904371
baseline,c3_r300m,3,300.000000,432,0.134864,0.134243,0.595099,0.165292,0.818065,0.008306,0.028367,0.816667,0.813333,0.205973
baseline,c3_r300m,3,300.000000,430,0.192217,0.169055,0.711592,0.892338,0.685446,0.060556,0.106168,0.500000,0.596667,0.762506
baseline,c3_r300m,3,300.000000,431,0.174643,0.161141,0.439969,0.857811,0.415495,0.056083,0.083229,0.566667,0.593333,0.890745
baseline,c3_r300m,3,300.000000,435,0.044247,0.094162,0.184118,0.171511,0.963678,0.004944,0.028600,0.866667,0.845000,0.137052
baseline,c3_r300m,3,300.000000,434,0.180475,0.175734,0.397433,0.859969,0.357626,0.041444,0.059899,0.650000,0.701667,0.633085
baseline,c3_r300m,3,300.000000,427,0.206925,0.200156,0.842074,0.910245,0.535756,0.109056,0.170834,0.516667,0.386667,0.914276
baseline,c3_r300m,3,300.000000,433,0.216659,0.211259,0.862143,0.936016,0.663085,0.121806,0.249853,0.266667,0.351667,0.925465
baseline,c3_r300m,3,300.000000,426,0.206614,0.197310,0.894594,0.917407,0.691732,0.118806,0.258106,0.383333,0.363333,0.899155
baseline,c3_r300m,3,300.000000,439,0.201228,0.191690,0.837564,0.906642,0.864492,0.110028,0.213496,0.466667,0.503333,0.843099
baseline,c3_r300m,3,300.000000,429,0.207769,0.201054,0.892947,0.952738,0.615601,0.117194,0.252503,0.300000,0.385000,0.920598
baseline,c3_r300m,3,300.000000,428,0.196819,0.191239,0.880511,0.887178,0.519783,0.121361,0.231450,0.333333,0.395000,0.903250
baseline,c3_r300m,3,300.000000,437,0.207803,0.204198,0.896553,0.857126,0.658897,0.115222,0.225363,0.383333,0.411667,0.878877
baseline,c3_r300m,3,300.000000,438,0.202239,0.195827,0.748946,0.880548,0.755783,0.115083,0.207842,0.483333,0.390000,0.909544
baseline,c3_r300m,3,300.000000,444,0.167346,0.156549,0.516791,0.659955,0.248267,0.033778,0.062373,0.616667,0.758333,0.582292
baseline,c3_r300m,3,300.000000,440,0.213930,0.198980,0.841582,0.905124,0.482730,0.108528,0.220867,0.333333,0.415000,0.880147
baseline,c3_r300m,3,300.000000,436,0.188241,0.204036,0.819900,0.928594,0.823530,0.103417,0.141654,0.550000,0.438333,0.911325
baseline,c3_r300m,3,300.000000,442,0.193363,0.198644,0.873200,0.930615,0.592189,0.102917,0.244657,0.383333,0.460000,0.885485
baseline,c3_r300m,3,300.000000,445,0.208779,0.202653,0.905486,0.914393,0.781290,0.107139,0.201033,0.333333,0.376667,0.895717
baseline,c3_r300m,3,300.000000,441,0.173217,0.191947,0.893655,0.879277,0.830644,0.097194,0.133577,0.516667,0.451667,0.886553
baseline,c3_r300m,3,300.000000,443,0.209644,0.210922,0.845322,0.917682,0.409216,0.112083,0.182837,0.416667,0.375000,0.921277
baseline,c3_r300m,3,300.000000,449,0.192669,0.182136,0.710416,0.893813,0.615006,0.079806,0.163674,0.333333,0.513333,0.815803
baseline,c3_r300m,3,300.000000,446,0.173796,0.184522,0.735338,0.917895,0.839043,0.116861,0.241862,0.333333,0.431667,0.910253
baseline,c3_r300m,3,300.000000,447,0.180618,0.208449,0.877857,0.917290,0.688031,0.117389,0.168227,0.416667,0.381667,0.908899
baseline,c3_r300m,3,300.000000,448,0.216078,0.209589,0.880031,0.892275,0.535589,0.107361,0.180583,0.466667,0.418333,0.901134
baseline,c3_r600m,3,600.000000,400,0.269668,0.262148,0.873683,0.905038,0.569822,0.245528,1.728177,0.000000,0.000000,0.888393
baseline,c3_r600m,3,600.000000,401,0.277521,0.265134,0.845978,0.817183,0.610976,0.235167,1.612278,0.000000,0.001667,0.822957
baseline,c3_r600m,3,600.000000,402,0.285644,0.262694,0.875359,0.880015,0.603384,0.242389,1.748010,0.000000,0.000000,0.858958
baseline,c3_r600m,3,600.000000,403,0.240476,0.255051,0.753539,0.860264,0.670326,0.243472,1.676643,0.000000,0.000000,0.858235
baseline,c3_r600m,3,600.000000,407,0.268765,0.271081,0.900723,0.912657,0.808651,0.255583,1.824228,0.000000,0.000000,0.870109
baseline,c3_r600m,3,600.000000,404,0.268571,0.269588,0.873117,0.822462,0.695468,0.218444,1.519486,0.000000,0.000000,0.834866
baseline,c3_r600m,3,600.000000,406,0.261271,0.250035,0.741158,0.864872,0.781330,0.237667,1.650076,0.000000,0.000000,0.838797
baseline,c3_r600m,3,600.000000,405,0.244695,0.243847,0.831425,0.857026,0.326508,0.248389,1.701450,0.000000,0.000000,0.846640
baseline,c3_r600m,3,600.000000,408,0.254258,0.248581,0.780980,0.800403,0.617825,0.234389,1.635639,0.000000,0.000000,0.777906
baseline,c3_r600m,3,600.000000,409,0.278321,0.260159,0.842587,0.912649,0.699069,0.257667,1.851255,0.000000,0.000000,0.894906
baseline,c3_r600m,3,600.000000,410,0.256529,0.257532,0.816385,0.847818,0.544781,0.239806,1.631780,0.016667,0.001667,0.822543
baseline,c3_r600m,3,600.000000,412,0.252851,0.255402,0.732888,0.794231,0.451211,0.240750,1.614457,0.000000,0.000000,0.837937
baseline,c3_r600m,3,600.000000,411,0.256500,0.263549,0.805266,0.815924,0.687151,0.238000,1.659574,0.000000,0.001667,0.813924
baseline,c3_r600m,3,600.000000,415,0.239957,0.259771,0.790897,0.839756,0.651363,0.239583,1.696459,0.000000,0.000000,0.840107
baseline,c3_r600m,3,600.000000,413,0.282117,0.272894,0.896864,0.855285,0.749634,0.257917,1.848702,0.000000,0.000000,0.838139
baseline,c3_r600m,3,600.000000,414,0.254377,0.265980,0.761050,0.847115,0.632272,0.243139,1.676422,0.000000,0.000000,0.864992
baseline,c3_r600m,3,600.000000,416,0.252339,0.262825,0.766987,0.801265,0.560350,0.246917,1.712719,0.000000,0.000000,0.841649
baseline,c3_r600m,3,600.000000,417,0.230493,0.250527,0.730897,0.882653,0.559461,0.234583,1.642079,0.000000,0.000000,0.854125
baseline,c3_r600m,3,600.000000,418,0.269983,0.268700,0.779238,0.931546,0.657278,0.258611,1.866272,0.000000,0.000000,0.846380
baseline,c3_r600m,3,600.000000,420,0.264402,0.265508,0.785399,0.861351,0.734550,0.243056,1.714239,0.000000,0.000000,0.847782
baseline,c3_r600m,3,600.000000,419,0.224984,0.257941,0.891086,0.872614,0.579651,0.250806,1.767918,0.000000,0.000000,0.844956
baseline,c3_r600m,3,600.000000,422,0.243379,0.256009,0.833032,0.866348,0.539152,0.233694,1.640843,0.000000,0.000000,0.850899
baseline,c3_r600m,3,600.000000,421,0.273474,0.259906,0.817351,0.863941,0.533422,0.243556,1.743613,0.000000,0.000000,0.886849
baseline,c3_r600m,3,600.000000,423,0.233156,0.268859,0.813863,0.855411,0.681516,0.250917,1.752855,0.000000,0.000000,0.870196
baseline,c3_r600m,3,600.000000,425,0.252102,0.246169,0.789323,0.863436,0.629163,0.245917,1.732308,0.000000,0.000000,0.858783
baseline,c3_r600m,3,600.000000,424,0.247811,0.244775,0.746585,0.853951,0.408575,0.247389,1.734782,0.000000,0.001667,0.874053
baseline,c3_r600m,3,600.000000,427,0.252355,0.243834,0.790975,0.934669,0.343885,0.247444,1.740497,0.000000,0.001667,0.894901
baseline,c3_r600m,3,600.000000,426,0.251896,0.246839,0.816423,0.870804,0.555362,0.253806,1.818581,0.000000,0.000000,0.842333
baseline,c3_r600m,3,600.000000,430,0.254766,0.266414,0.837536,0.742475,0.621697,0.235139,1.638386,0.000000,0.000000,0.788587
baseline,c3_r600m,3,600.000000,429,0.239918,0.253411,0.717425,0.816540,0.660395,0.241139,1.680482,0.000000,0.000000,0.856985
baseline,c3_r600m,3,600.000000,428,0.243554,0.251229,0.726082,0.910308,0.595808,0.244222,1.702147,0.000000,0.000000,0.878921
baseline,c3_r600m,3,600.000000,431,0.280128,0.268616,0.830552,0.889973,0.726546,0.250500,1.761925,0.000000,0.000000,0.874106
baseline,c3_r600m,3,600.000000,432,0.269283,0.246743,0.775275,0.890927,0.599836,0.256250,1.838708,0.000000,0.001667,0.876487
baseline,c3_r600m,3,600.000000,433,0.287993,0.264531,0.820105,0.875130,0.865016,0.262750,1.928561,0.000000,0.000000,0.890962
baseline,c3_r600m,3,600.000000,434,0.257871,0.255468,0.836191,0.846045,0.809169,0.230806,1.600318,0.000000,0.000000,0.852891
baseline,c3_r600m,3,600.000000,435,0.248893,0.251183,0.824782,0.863273,0.572884,0.254750,1.790517,0.000000,0.000000,0.870295
baseline,c3_r600m,3,600.000000,439,0.277387,0.255860,0.825755,0.822065,0.475674,0.238583,1.642588,0.016667,0.001667,0.825615
baseline,c3_r600m,3,600.000000,437,0.241824,0.249092,0.751551,0.858817,0.536794,0.245000,1.709792,0.000000,0.000000,0.851997
baseline,c3_r600m,3,600.000000,436,0.275095,0.272230,0.880658,0.869472,0.476063,0.247750,1.757729,0.000000,0.000000,0.853910
baseline,c3_r600m,3,600.000000,438,0.284411,0.271481,0.872626,0.871123,0.523178,0.255722,1.831753,0.000000,0.000000,0.873883
baseline,c3_r600m,3,600.000000,441,0.256183,0.248627,0.742496,0.884575,0.622621,0.256861,1.820981,0.000000,0.000000,0.850291
baseline,c3_r600m,3,600.000000,440,0.272008,0.272435,0.889703,0.851547,0.395767,0.250667,1.768240,0.000000,0.000000,0.867495
baseline,c3_r600m,3,600.000000,445,0.256119,0.246223,0.709534,0.868506,0.851023,0.232611,1.622234,0.000000,0.000000,0.844407
baseline,c3_r600m,3,600.000000,442,0.272701,0.257940,0.876812,0.912152,0.677691,0.256139,1.844391,0.000000,0.000000,0.880934
baseline,c3_r600m,3,600.000000,443,0.260670,0.265164,0.847260,0.890815,0.747165,0.255583,1.843316,0.000000,0.001667,0.858942
baseline,c3_r600m,3,600.000000,446,0.243544,0.258192,0.808790,0.891926,0.860587,0.255028,1.807242,0.000000,0.000000,0.853446
baseline,c3_r600m,3,600.000000,444,0.246474,0.261823,0.785067,0.850158,0.427109,0.250806,1.776515,0.000000,0.001667,0.860941
baseline,c3_r600m,3,600.000000,447,0.288108,0.265998,0.869033,0.900014,0.664078,0.243722,1.744862,0.000000,0.000000,0.876757
baseline,c4_r15m,4,15.000000,401,0.000000,-0.022500,0.521013,0.177012,0.604243,0.001389,0.001000,1.000000,1.000000,0.009091
baseline,c4_r15m,4,15.000000,400,-0.045455,0.028788,0.362109,0.260629,0.693326,0.003583,0.001000,1.000000,1.000000,0.195119
baseline,c4_r15m,4,15.000000,402,0.000000,0.079798,0.382926,0.254889,0.557441,0.001833,0.001000,1.000000,1.000000,0.250900
baseline,c4_r15m,4,15.000000,403,0.000000,0.029167,0.398234,0.349096,0.727403,0.002833,0.001000,1.000000,1.000000,0.241212
baseline,c4_r15m,4,15.000000,404,0.000000,0.016667,0.281181,0.166663,0.561216,0.001139,0.001000,1.000000,1.000000,0.031579
baseline,c4_r15m,4,15.000000,405,0.000000,0.000000,0.272258,0.343949,0.397630,0.001139,0.001000,1.000000,1.000000,0.117133
baseline,c4_r15m,4,15.000000,407,0.000000,0.000000,0.327077,0.271177,0.668325,0.001722,0.001000,1.000000,1.000000,0.108874
baseline,c4_r15m,4,15.000000,406,0.000000,0.000000,0.530597,0.521695,0.722035,0.000667,0.001000,1.000000,1.000000,0.200000
baseline,c4_r15m,4,15.000000,408,0.000000,0.000000,0.414596,0.460949,0.418894,0.001306,0.001000,1.000000,1.000000,0.248214
baseline,c4_r15m,4,15.000000,409,-0.076923,0.014530,0.307073,0.319709,0.763625,0.001417,0.001000,1.000000,1.000000,0.076641
baseline,c4_r15m,4,15.000000,410,0.000000,0.000000,0.308961,0.285955,0.707305,0.001278,0.001000,1.000000,1.000000,0.102828
baseline,c4_r15m,4,15.000000,411,0.000000,0.025000,0.425074,0.464538,0.551491,0.001917,0.001000,1.000000,1.000000,0.423000
baseline,c3_r600m,3,600.000000,448,0.271278,0.257138,0.849356,0.837195,0.465088,0.233139,1.589294,0.000000,0.000000,0.837582
baseline,c4_r15m,4,15.000000,413,0.000000,0.000000,0.323138,0.503626,0.564365,0.001556,0.001000,1.000000,1.000000,0.095000
baseline,c4_r15m,4,15.000000,414,0.000000,0.000000,0.350402,0.438840,0.558162,0.002500,0.001000,1.000000,1.000000,0.349773
baseline,c3_r600m,3,600.000000,449,0.277445,0.257221,0.856347,0.814334,0.665342,0.253694,1.812384,0.000000,0.000000,0.849237
baseline,c4_r15m,4,15.000000,415,0.000000,-0.022222,0.385751,0.257210,0.456068,0.003556,0.001000,1.000000,1.000000,0.076667
baseline,c4_r15m,4,15.000000,416,0.000000,0.000000,0.182449,0.322296,0.378190,0.001278,0.001000,1.000000,1.000000,0.046667
baseline,c4_r15m,4,15.000000,412,0.000000,-0.025000,0.405372,0.196717,0.626460,0.002806,0.001000,1.000000,1.000000,0.110162
baseline,c4_r15m,4,15.000000,418,0.000000,0.045192,0.449854,0.330667,0.658485,0.003250,0.001000,1.000000,1.000000,0.273188
baseline,c4_r15m,4,15.000000,417,0.000000,0.050000,0.363365,0.517502,0.624681,0.001694,0.001000,1.000000,1.000000,0.155455
baseline,c4_r15m,4,15.000000,419,0.000000,0.075000,0.282176,0.253297,0.609324,0.001444,0.001000,1.000000,1.000000,0.086667
baseline,c4_r15m,4,15.000000,420,0.000000,0.003968,0.302611,0.535085,0.631604,0.003111,0.001000,1.000000,1.000000,0.424228
baseline,c4_r15m,4,15.000000,421,0.000000,0.016667,0.597142,0.360517,0.653803,0.001861,0.001000,1.000000,1.000000,0.178039
baseline,c4_r15m,4,15.000000,422,0.000000,0.038889,0.232311,0.505035,0.727075,0.003000,0.001000,1.000000,1.000000,0.282273
baseline,c4_r15m,4,15.000000,423,0.000000,-0.005263,0.297612,0.280655,0.225768,0.003278,0.001000,1.000000,1.000000,0.080303
baseline,c4_r15m,4,15.000000,424,0.000000,0.015909,0.231187,0.314801,0.652723,0.002361,0.001000,1.000000,1.000000,0.342386
baseline,c4_r15m,4,15.000000,425,0.000000,-0.005000,0.256776,0.198915,0.786122,0.002972,0.001000,1.000000,1.000000,0.133671
baseline,c4_r15m,4,15.000000,426,0.000000,0.118077,0.303876,0.265237,0.698930,0.002444,0.001000,1.000000,1.000000,0.174639
baseline,c4_r15m,4,15.000000,427,0.000000,-0.011111,0.393587,0.311340,0.363326,0.000583,0.001000,1.000000,1.000000,0.078571
baseline,c4_r15m,4,15.000000,428,0.000000,0.009091,0.386521,0.554240,0.460776,0.001833,0.001000,1.000000,1.000000,0.253333
baseline,c4_r15m,4,15.000000,429,-0.500000,-0.007143,0.292418,0.384344,0.451304,0.001694,0.001000,1.000000,1.000000,0.277273
baseline,c4_r15m,4,15.000000,430,0.000000,0.020000,0.248904,0.217234,0.351456,0.001972,0.001000,1.000000,1.000000,0.054444
baseline,c4_r15m,4,15.000000,431,0.000000,0.000000,0.457778,0.341308,0.693813,0.001833,0.001000,1.000000,1.000000,0.143419
baseline,c4_r15m,4,15.000000,434,0.000000,0.035714,0.497904,0.253938,0.685224,0.002472,0.001000,1.000000,1.000000,0.177758
baseline,c4_r15m,4,15.000000,432,0.000000,0.043333,0.483303,0.344889,0.663268,0.002778,0.001000,1.000000,1.000000,0.360596
baseline,c4_r15m,4,15.000000,433,0.000000,-0.011111,0.276352,0.265153,0.554124,0.002250,0.001000,1.000000,1.000000,0.090000
baseline,c4_r15m,4,15.000000,435,0.000000,0.010000,0.627041,0.315832,0.551548,0.002750,0.001000,1.000000,1.000000,0.129481
baseline,c4_r15m,4,15.000000,436,0.000000,-0.010000,0.351704,0.329022,0.494167,0.002583,0.001000,1.000000,1.000000,0.258289
baseline,c4_r15m,4,15.000000,438,0.000000,0.000000,0.360735,0.291979,0.806162,0.002556,0.001000,1.000000,1.000000,0.215000
baseline,c4_r15m,4,15.000000,437,0.000000,0.000000,0.356332,0.430237,0.504472,0.002083,0.001000,1.000000,1.000000,0.309286
baseline,c4_r15m,4,15.000000,439,0.000000,0.014286,0.586340,0.340970,0.458620,0.001528,0.001000,1.000000,1.000000,0.120996
baseline,c4_r15m,4,15.000000,440,0.000000,0.000000,0.391502,0.208291,0.763845,0.001639,0.001000,1.000000,1.000000,0.171581
baseline,c4_r15m,4,15.000000,441,0.000000,0.000000,0.336870,0.463373,0.450657,0.003278,0.001000,1.000000,1.000000,0.455159
baseline,c4_r15m,4,15.000000,442,0.000000,0.000000,0.496697,0.364883,0.451017,0.002417,0.001000,1.000000,1.000000,0.248379
baseline,c4_r15m,4,15.000000,443,0.000000,0.047619,0.339774,0.194814,0.605786,0.002139,0.001000,1.000000,1.000000,0.293173
baseline,c4_r15m,4,15.000000,445,0.000000,0.000000,0.331703,0.506320,0.599699,0.001611,0.001000,1.000000,1.000000,0.211364
baseline,c4_r15m,4,15.000000,444,0.000000,-0.012500,0.209621,0.476612,0.677084,0.002528,0.001000,1.000000,1.000000,0.482703
baseline,c4_r15m,4,15.000000,446,0.000000,0.014286,0.411209,0.589260,0.619765,0.001889,0.001000,1.000000,1.000000,0.248319
baseline,c4_r15m,4,15.000000,448,0.000000,0.000000,0.433979,0.393941,0.306761,0.002056,0.001000,1.000000,1.000000,0.085000
baseline,c4_r15m,4,15.000000,449,0.000000,0.000000,0.402863,0.683591,0.374747,0.000361,0.001000,1.000000,1.000000,0.022222
baseline,c4_r15m,4,15.000000,447,0.000000,0.000000,0.311447,0.719103,0.715706,0.002278,0.001000,1.000000,1.000000,0.459602
baseline,c4_r37.5m,4,37.500000,401,0.043478,0.053161,0.328384,0.417701,0.375510,0.004361,0.001000,1.000000,1.000000,0.498846
baseline,c4_r37.5m,4,37.500000,400,0.073152,0.025768,0.301154,0.348772,0.701397,0.005917,0.001000,1.000000,1.000000,0.301797
baseline,c4_r37.5m,4,37.500000,402,0.078014,0.037649,0.545618,0.474680,0.556813,0.005722,0.001000,1.000000,1.000000,0.510511
baseline,c4_r37.5m,4,37.500000,403,0.064171,0.041218,0.484629,0.355638,0.780695,0.006889,0.001000,1.000000,1.000000,0.257106
baseline,c4_r37.5m,4,37.500000,405,-0.024662,0.021889,0.189125,0.516333,0.870670,0.006306,0.001000,1.000000,1.000000,0.479494
baseline,c4_r37.5m,4,37.500000,406,0.080345,0.045883,0.412657,0.362418,0.728074,0.007111,0.001000,1.000000,1.000000,0.425230
baseline,c4_r37.5m,4,37.500000,404,0.028571,0.042864,0.374411,0.665087,0.664336,0.003500,0.001000,1.000000,1.000000,0.552620
baseline,c4_r37.5m,4,37.500000,407,-0.072289,0.026438,0.384125,0.281693,0.759617,0.002972,0.001000,1.000000,1.000000,0.219209
baseline,c4_r37.5m,4,37.500000,409,0.002272,0.035314,0.467713,0.465131,0.629831,0.006583,0.001000,1.000000,1.000000,0.501039
baseline,c4_r37.5m,4,37.500000,408,0.036327,0.029699,0.350593,0.415538,0.650436,0.006167,0.001000,1.000000,1.000000,0.345340
baseline,c4_r37.5m,4,37.500000,410,0.111111,0.026692,0.333388,0.465087,0.642714,0.001778,0.001000,1.000000,1.000000,0.407394
baseline,c4_r37.5m,4,37.500000,411,-0.014019,0.006947,0.208814,0.179120,0.681128,0.004972,0.001000,1.000000,1.000000,0.178684
baseline,c4_r37.5m,4,37.500000,413,0.058711,0.023613,0.251675,0.371605,0.555046,0.006722,0.001000,1.000000,1.000000,0.449823
baseline,c4_r37.5m,4,37.500000,412,0.043956,0.017870,0.426376,0.636541,0.715173,0.003056,0.001000,1.000000,1.000000,0.604946
baseline,c4_r37.5m,4,37.500000,415,0.091472,0.034108,0.424810,0.399989,0.537035,0.006528,0.001000,1.000000,1.000000,0.277908
baseline,c4_r37.5m,4,37.500000,414,0.028794,0.049994,0.354185,0.393275,0.498259,0.010500,0.001000,1.000000,1.000000,0.460643
baseline,c4_r37.5m,4,37.500000,416,-0.031447,0.018507,0.270508,0.390273,0.846025,0.003778,0.001000,1.000000,1.000000,0.318621
baseline,c4_r37.5m,4,37.500000,418,0.070064,0.063486,0.511860,0.677518,0.663452,0.004056,0.001000,1.000000,1.000000,0.610941
baseline,c4_r37.5m,4,37.500000,417,0.073171,0.050053,0.661027,0.432477,0.348112,0.005111,0.001000,1.000000,1.000000,0.445233
baseline,c4_r37.5m,4,37.500000,419,0.095350,0.068253,0.748270,0.534320,0.641505,0.007472,0.001000,1.000000,1.000000,0.475213
baseline,c4_r37.5m,4,37.500000,420,0.057544,0.055468,0.318262,0.330706,0.619536,0.006472,0.001000,1.000000,1.000000,0.270720
baseline,c4_r37.5m,4,37.500000,421,0.000000,0.033304,0.394574,0.371575,0.646828,0.004222,0.001000,1.000000,1.000000,0.354251
baseline,c4_r37.5m,4,37.500000,422,0.088959,0.065744,0.545593,0.309357,0.287905,0.006611,0.001000,1.000000,1.000000,0.200107
baseline,c4_r37.5m,4,37.500000,423,0.038392,0.030737,0.318677,0.720581,0.756257,0.006667,0.001000,1.000000,1.000000,0.712858
baseline,c4_r37.5m,4,37.500000,425,0.087751,0.033719,0.315096,0.343669,0.336383,0.007861,0.001000,1.000000,1.000000,0.238412
baseline,c4_r37.5m,4,37.500000,426,0.069108,0.061663,0.627367,0.378665,0.780100,0.005167,0.001000,1.000000,1.000000,0.295508
baseline,c4_r37.5m,4,37.500000,427,0.003218,0.023601,0.317381,0.399606,0.522294,0.004389,0.001000,1.000000,1.000000,0.466259
baseline,c4_r37.5m,4,37.500000,428,0.027771,0.047026,0.516485,0.306810,0.427875,0.005639,0.001000,1.000000,1.000000,0.419988
baseline,c4_r37.5m,4,37.500000,429,-0.016393,0.024375,0.442858,0.418751,0.519332,0.002667,0.001000,1.000000,1.000000,0.310003
baseline,c4_r37.5m,4,37.500000,431,0.103836,0.050238,0.257130,0.198641,0.580827,0.004694,0.001000,1.000000,1.000000,0.146714
baseline,c4_r37.5m,4,37.500000,430,0.029412,0.031153,0.289116,0.393737,0.643408,0.004889,0.001000,1.000000,1.000000,0.501116
baseline,c4_r37.5m,4,37.500000,424,0.148693,0.027145,0.223828,0.614981,0.435681,0.002972,0.001000,1.000000,1.000000,0.427356
baseline,c4_r37.5m,4,37.500000,432,0.011082,0.022731,0.232131,0.418973,0.802657,0.007889,0.001000,1.000000,1.000000,0.515320
baseline,c4_r37.5m,4,37.500000,433,0.036439,0.045642,0.371735,0.262555,0.589242,0.007944,0.001000,1.000000,1.000000,0.265819
baseline,c4_r37.5m,4,37.500000,434,0.078947,0.027922,0.319374,0.692738,0.719984,0.002806,0.001000,1.000000,1.000000,0.631306
baseline,c4_r37.5m,4,37.500000,435,0.006231,0.056088,0.536764,0.667642,0.713628,0.006861,0.001000,1.000000,1.000000,0.647553
baseline,c4_r37.5m,4,37.500000,436,-0.037975,0.022450,0.397960,0.123168,0.781822,0.005861,0.001000,1.000000,1.000000,0.138363
baseline,c4_r37.5m,4,37.500000,437,0.012470,0.031948,0.283582,0.289019,0.590413,0.004639,0.001000,1.000000,1.000000,0.274007
baseline,c4_r37.5m,4,37.500000,439,0.016014,0.009515,0.230441,0.344156,0.575338,0.006500,0.001000,1.000000,1.000000,0.393771
baseline,c4_r37.5m,4,37.500000,438,-0.026531,0.018435,0.290331,0.582931,0.500111,0.005083,0.001000,1.000000,1.000000,0.596175
baseline,c4_r37.5m,4,37.500000,441,0.022395,0.026350,0.222702,0.254717,0.682478,0.005444,0.001000,1.000000,1.000000,0.378978
baseline,c4_r37.5m,4,37.500000,440,0.024992,0.034099,0.649219,0.273800,0.682462,0.006583,0.001000,1.000000,1.000000,0.299163
baseline,c4_r37.5m,4,37.500000,443,0.070588,0.027538,0.254450,0.572767,0.842203,0.003583,0.001000,1.000000,1.000000,0.388522
baseline,c4_r37.5m,4,37.500000,442,-0.001603,0.019370,0.175182,0.466899,0.645014,0.004222,0.001000,1.000000,1.000000,0.283902
baseline,c4_r37.5m,4,37.500000,445,-0.030075,0.018721,0.359314,0.311683,0.628912,0.005222,0.001000,1.000000,1.000000,0.307318
baseline,c4_r37.5m,4,37.500000,446,0.045330,0.022198,0.610029,0.519914,0.844294,0.004806,0.001000,1.000000,1.000000,0.582810
baseline,c4_r37.5m,4,37.500000,444,-0.039905,0.032529,0.511646,0.248602,0.774784,0.009000,0.001000,1.000000,1.000000,0.195487
baseline,c4_r37.5m,4,37.500000,448,0.049987,0.043281,0.529359,0.389205,0.422321,0.006833,0.001000,1.000000,1.000000,0.466660
baseline,c4_r37.5m,4,37.500000,447,0.043887,0.036230,0.537885,0.287917,0.691150,0.004917,0.001000,1.000000,1.000000,0.226589
baseline,c4_r37.5m,4,37.500000,449,0.062035,0.046727,0.388145,0.237938,0.622778,0.005556,0.001000,1.000000,1.000000,0.238883
baseline,c4_r75m,4,75.000000,400,0.053605,0.082052,0.390904,0.210500,0.212916,0.009639,0.001000,1.000000,1.000000,0.305229
baseline,c4_r75m,4,75.000000,401,0.079012,0.052242,0.351877,0.182102,0.709969,0.007167,0.001000,1.000000,1.000000,0.204587
baseline,c4_r75m,4,75.000000,403,0.057191,0.041291,0.296278,0.318944,0.746988,0.016972,0.001000,1.000000,1.000000,0.254486
baseline,c4_r75m,4,75.000000,402,0.037782,0.030611,0.209840,0.437507,0.686102,0.013194,0.001000,1.000000,1.000000,0.540897
baseline,c4_r75m,4,75.000000,404,0.026003,0.035232,0.381552,0.313677,0.378291,0.009833,0.001000,1.000000,1.000000,0.385726
baseline,c4_r75m,4,75.000000,406,0.097100,0.065513,0.646186,0.438503,0.700457,0.013556,0.001000,1.000000,1.000000,0.457646
baseline,c4_r75m,4,75.000000,407,0.043678,0.039230,0.313128,0.272686,0.757471,0.013000,0.001000,1.000000,1.000000,0.297295
baseline,c4_r75m,4,75.000000,405,0.074779,0.040860,0.570627,0.273617,0.502363,0.012667,0.001000,1.000000,1.000000,0.340887
baseline,c4_r75m,4,75.000000,409,0.051658,0.030623,0.259540,0.318978,0.564495,0.013278,0.001000,1.000000,1.000000,0.417706
baseline,c4_r75m,4,75.000000,412,0.022423,0.037955,0.400757,0.273365,0.452145,0.006444,0.001000,1.000000,1.000000,0.244504
baseline,c4_r75m,4,75.000000,411,0.034298,0.050309,0.421091,0.405046,0.693747,0.007167,0.001000,1.000000,1.000000,0.413845
baseline,c4_r75m,4,75.000000,410,0.047124,0.046753,0.310615,0.285989,0.600985,0.017833,0.001000,1.000000,1.000000,0.259909
baseline,c4_r75m,4,75.000000,413,-0.003365,0.036711,0.280939,0.555975,0.625207,0.006917,0.001000,1.000000,1.000000,0.467553
baseline,c4_r75m,4,75.000000,408,0.066959,0.033677,0.420907,0.398150,0.402940,0.006361,0.001000,1.000000,1.000000,0.342722
baseline,c4_r75m,4,75.000000,414,0.092095,0.085737,0.793473,0.432491,0.417581,0.008806,0.001000,1.000000,1.000000,0.500482
baseline,c4_r75m,4,75.000000,415,0.046960,0.071570,0.665525,0.444620,0.573851,0.013278,0.001000,1.000000,1.000000,0.497971
baseline,c4_r75m,4,75.000000,416,0.032864,0.040825,0.339519,0.553209,0.525333,0.006611,0.001000,1.000000,1.000000,0.472378
baseline,c4_r75m,4,75.000000,417,0.033609,0.033394,0.175877,0.265621,0.824392,0.022472,0.001000,1.000000,1.000000,0.370110
baseline,c4_r75m,4,75.000000,418,0.025541,0.043782,0.258404,0.389151,0.359551,0.013139,0.001000,1.000000,1.000000,0.457586
baseline,c4_r75m,4,75.000000,419,0.052780,0.068514,0.392997,0.314037,0.635062,0.009361,0.001000,1.000000,1.000000,0.302201
baseline,c4_r75m,4,75.000000,421,0.037226,0.046991,0.408015,0.453136,0.620760,0.011667,0.001000,1.000000,1.000000,0.375453
baseline,c4_r75m,4,75.000000,422,0.064419,0.068576,0.573779,0.323163,0.637514,0.009667,0.001000,1.000000,1.000000,0.355506
baseline,c4_r75m,4,75.000000,420,0.058763,0.066947,0.654291,0.503399,0.834158,0.013389,0.001000,1.000000,1.000000,0.502627
baseline,c4_r75m,4,75.000000,427,0.110993,0.054498,0.459454,0.149519,0.605229,0.009944,0.001000,1.000000,1.000000,0.148987
baseline,c4_r75m,4,75.000000,425,0.026954,0.033289,0.479319,0.486174,0.608836,0.013389,0.001000,1.000000,1.000000,0.472566
baseline,c4_r75m,4,75.000000,424,0.030216,0.048950,0.364235,0.308404,0.556701,0.007083,0.001000,1.000000,1.000000,0.248571
baseline,c4_r75m,4,75.000000,423,0.025171,0.032304,0.303303,0.449722,0.666258,0.018306,0.001000,1.000000,1.000000,0.599756
baseline,c4_r75m,4,75.000000,430,0.049423,0.035544,0.298694,0.627340,0.535377,0.007528,0.001000,1.000000,1.000000,0.612326
baseline,c4_r75m,4,75.000000,428,0.068768,0.064955,0.319096,0.457576,0.600278,0.006528,0.001000,1.000000,1.000000,0.471060
baseline,c4_r75m,4,75.000000,426,0.018320,0.036117,0.184447,0.396424,0.707129,0.015833,0.001000,1.000000,1.000000,0.387022
baseline,c4_r75m,4,75.000000,431,0.063557,0.074361,0.661272,0.400465,0.386592,0.009222,0.001000,1.000000,1.000000,0.358057
baseline,c4_r75m,4,75.000000,429,0.019927,0.031110,0.183274,0.596543,0.694876,0.012806,0.001000,1.000000,1.000000,0.570157
baseline,c4_r75m,4,75.000000,432,0.060007,0.060212,0.477862,0.439614,0.801254,0.016944,0.001000,1.000000,1.000000,0.489401
baseline,c4_r75m,4,75.000000,434,0.011332,0.049149,0.339144,0.439077,0.562304,0.006917,0.001000,1.000000,1.000000,0.428371
baseline,c4_r75m,4,75.000000,433,0.049433,0.039243,0.388921,0.188353,0.662864,0.010778,0.001000,1.000000,1.000000,0.267354
baseline,c4_r75m,4,75.000000,435,0.037736,0.061245,0.323438,0.287548,0.340100,0.008306,0.001000,1.000000,1.000000,0.248602
baseline,c4_r75m,4,75.000000,436,0.042215,0.031795,0.267239,0.494969,0.736828,0.015083,0.001000,1.000000,1.000000,0.469510
baseline,c4_r75m,4,75.000000,438,0.039525,0.050071,0.421284,0.258515,0.717479,0.011583,0.001000,1.000000,1.000000,0.275667
baseline,c4_r75m,4,75.000000,437,0.026231,0.041099,0.300447,0.391289,0.830608,0.012583,0.001000,1.000000,1.000000,0.410012
baseline,c4_r75m,4,75.000000,439,0.071814,0.057655,0.526812,0.298427,0.682348,0.005444,0.001000,1.000000,1.000000,0.235151
baseline,c4_r75m,4,75.000000,443,0.043623,0.031732,0.256118,0.277043,0.320759,0.016361,0.001000,1.000000,1.000000,0.392638
baseline,c4_r75m,4,75.000000,440,-0.000775,0.033643,0.171466,0.508843,0.762053,0.003417,0.001000,1.000000,1.000000,0.576466
baseline,c4_r75m,4,75.000000,442,0.043007,0.039622,0.233348,0.300733,0.769989,0.019194,0.001000,1.000000,1.000000,0.375807
baseline,c4_r75m,4,75.000000,441,0.048541,0.048770,0.401456,0.383333,0.623707,0.011778,0.001000,1.000000,1.000000,0.357842
baseline,c4_r75m,4,75.000000,446,0.020850,0.020058,0.174435,0.558803,0.638084,0.019667,0.001000,1.000000,1.000000,0.509031
baseline,c4_r75m,4,75.000000,444,0.029241,0.058982,0.385188,0.318273,0.377965,0.010250,0.001000,1.000000,1.000000,0.276986
baseline,c4_r75m,4,75.000000,445,0.065524,0.033169,0.359238,0.139316,0.594618,0.006722,0.001000,1.000000,1.000000,0.151779
baseline,c4_r75m,4,75.000000,448,0.035809,0.047604,0.423185,0.344212,0.386927,0.016444,0.001000,1.000000,1.000000,0.338603
baseline,c4_r150m,4,150.000000,400,0.128324,0.132215,0.911147,0.865374,0.781408,0.013472,0.002574,0.983333,0.973333,0.867910
baseline,c4_r150m,4,150.000000,401,0.009034,0.031232,0.091971,0.887850,0.103520,0.003667,0.001000,1.000000,0.991667,0.845043
baseline,c4_r75m,4,75.000000,449,0.059611,0.049287,0.486018,0.585823,0.722950,0.013500,0.001000,1.000000,1.000000,0.395612
baseline,c4_r75m,4,75.000000,447,0.035008,0.044063,0.211627,0.405526,0.322585,0.012667,0.001000,1.000000,1.000000,0.383371
baseline,c4_r150m,4,150.000000,402,0.050764,0.080902,0.908086,0.076512,0.422497,0.001861,0.003623,0.983333,0.995000,0.152797
baseline,c4_r150m,4,150.000000,403,0.111839,0.120975,0.617030,0.797156,0.136590,0.016583,0.001000,1.000000,0.988333,0.845113
baseline,c4_r150m,4,150.000000,405,0.112038,0.141341,0.848078,0.923401,0.444218,0.023750,0.001000,1.000000,0.971667,0.910103
baseline,c4_r150m,4,150.000000,404,0.120685,0.132198,0.791879,0.788310,0.520680,0.058667,0.001000,1.000000,0.986667,0.862494
baseline,c4_r150m,4,150.000000,406,0.059553,0.057523,0.218467,0.600384,0.680586,0.005750,0.003089,0.983333,0.991667,0.736554
baseline,c4_r150m,4,150.000000,408,0.128052,0.118473,0.559713,0.677063,0.234298,0.023611,0.003697,0.950000,0.985000,0.695242
baseline,c4_r150m,4,150.000000,410,0.062814,0.081836,0.146315,0.229753,0.427494,0.004333,0.001000,1.000000,0.995000,0.213697
baseline,c4_r150m,4,150.000000,407,0.146944,0.143167,0.710479,0.652484,0.197962,0.014222,0.003027,0.983333,0.988333,0.574973
baseline,c4_r150m,4,150.000000,411,0.069029,0.061367,0.165954,0.334412,0.640744,0.008722,0.001608,0.983333,0.998333,0.349827
baseline,c4_r150m,4,150.000000,409,0.116036,0.119947,0.695410,0.908509,0.652347,0.022611,0.001337,0.983333,0.956667,0.926552
baseline,c4_r150m,4,150.000000,414,0.076260,0.055632,0.239537,0.645478,0.685195,0.015944,0.001621,0.983333,0.991667,0.691000
baseline,c4_r150m,4,150.000000,415,0.180824,0.148338,0.728618,0.860777,0.397236,0.013250,0.001000,1.000000,0.986667,0.865609
baseline,c4_r150m,4,150.000000,416,0.057041,0.057300,0.374656,0.452373,0.075988,0.001056,0.001000,1.000000,0.993333,0.311270
baseline,c4_r150m,4,150.000000,413,0.119569,0.082622,0.681976,0.923740,0.656219,0.042222,0.002413,0.983333,0.981667,0.925903
baseline,c4_r150m,4,150.000000,412,0.138384,0.129153,0.497210,0.754606,0.936754,0.004000,0.001870,0.983333,0.988333,0.692864
baseline,c4_r150m,4,150.000000,417,0.125054,0.113279,0.580140,0.347158,0.746832,0.010694,0.002033,0.983333,0.993333,0.304304
baseline,c4_r150m,4,150.000000,418,0.144172,0.149500,0.828059,0.789053,0.623095,0.025139,0.001227,0.983333,0.973333,0.731175
baseline,c4_r150m,4,150.000000,419,0.144350,0.155627,0.654951,0.637397,0.571047,0.001556,0.001000,1.000000,0.980000,0.831132
baseline,c4_r150m,4,150.000000,420,0.095520,0.106267,0.476253,0.965152,0.533812,0.028750,0.005134,0.966667,0.980000,0.840761
baseline,c4_r150m,4,150.000000,421,0.104710,0.093076,0.560328,0.440559,0.498439,0.004694,0.001021,0.983333,0.993333,0.493227
baseline,c4_r150m,4,150.000000,422,0.158448,0.139296,0.966584,0.957291,0.890568,0.009139,0.003435,0.916667,0.970000,0.860878
baseline,c4_r150m,4,150.000000,424,0.116175,0.066675,0.211214,0.325215,0.710928,0.002472,0.001000,1.000000,0.996667,0.331981
baseline,c4_r150m,4,150.000000,423,0.057641,0.081036,0.173416,0.260319,0.634528,0.005417,0.001000,1.000000,0.991667,0.229698
baseline,c4_r150m,4,150.000000,425,0.115474,0.118784,0.660211,0.864306,0.844472,0.006000,0.002103,0.950000,0.970000,0.830628
baseline,c4_r150m,4,150.000000,426,0.163400,0.126925,0.716892,0.325276,0.531864,0.001139,0.001000,1.000000,0.983333,0.390209
baseline,c4_r150m,4,150.000000,428,0.134216,0.127198,0.818109,0.913875,0.950123,0.004889,0.005847,0.950000,0.978333,0.871181
baseline,c4_r150m,4,150.000000,429,0.058508,0.062624,0.310944,0.478724,0.597653,0.005333,0.004488,0.983333,0.993333,0.299152
baseline,c4_r150m,4,150.000000,427,0.103032,0.118680,0.361890,0.616688,0.161959,0.010778,0.001000,1.000000,0.986667,0.590148
baseline,c4_r150m,4,150.000000,432,0.087565,0.103213,0.668054,0.846928,0.474277,0.006500,0.003710,0.983333,0.976667,0.904292
baseline,c4_r150m,4,150.000000,430,0.130544,0.122313,0.844306,0.898986,0.551328,0.013528,0.001601,0.966667,0.971667,0.874128
baseline,c4_r150m,4,150.000000,433,0.032712,0.041215,0.238455,0.220696,0.613161,0.023194,0.001000,1.000000,1.000000,0.164887
baseline,c4_r150m,4,150.000000,431,0.098351,0.118816,0.887133,0.757082,0.834357,0.018639,0.001000,1.000000,0.986667,0.693751
baseline,c4_r150m,4,150.000000,435,0.141265,0.152123,0.742737,0.296621,0.813646,0.010139,0.001000,1.000000,0.991667,0.235086
baseline,c4_r150m,4,150.000000,434,0.116299,0.122451,0.793958,0.756275,0.345586,0.019028,0.001000,1.000000,0.990000,0.553806
baseline,c4_r150m,4,150.000000,437,0.152609,0.110315,0.560751,0.846564,0.813144,0.005833,0.005527,0.950000,0.981667,0.801132
baseline,c4_r150m,4,150.000000,436,-0.037638,0.072712,0.299757,0.062512,0.801169,0.002333,0.002170,0.966667,0.981667,0.078940
baseline,c4_r150m,4,150.000000,438,0.078338,0.153841,0.931214,0.074670,0.780537,0.002000,0.001000,1.000000,0.998333,0.102161
baseline,c4_r150m,4,150.000000,439,0.123601,0.130771,0.707638,0.938142,0.889464,0.011028,0.003175,0.933333,0.958333,0.841846
baseline,c4_r150m,4,150.000000,441,0.113063,0.094509,0.297054,0.415183,0.472764,0.003639,0.001000,1.000000,0.991667,0.437891
baseline,c4_r150m,4,150.000000,440,0.160903,0.150004,0.747673,0.294092,0.446674,0.011889,0.001000,1.000000,0.996667,0.322680
baseline,c4_r150m,4,150.000000,443,0.071812,0.062365,0.370191,0.575760,0.712456,0.004944,0.001000,1.000000,0.988333,0.653975
baseline,c4_r150m,4,150.000000,444,0.096178,0.075916,0.402727,0.769367,0.736722,0.014389,0.002287,0.983333,0.991667,0.864402
baseline,c4_r150m,4,150.000000,445,0.055759,0.052737,0.125342,0.198732,0.707893,0.005222,0.001224,0.983333,0.991667,0.235905
baseline,c4_r150m,4,150.000000,442,0.097466,0.114487,0.519738,0.894601,0.573879,0.010556,0.010857,0.983333,0.983333,0.879243
baseline,c4_r150m,4,150.000000,447,0.006748,0.021846,0.120629,0.454938,0.586457,0.004278,0.001000,1.000000,0.998333,0.471206
baseline,c4_r150m,4,150.000000,448,0.057527,0.096216,0.302641,0.619130,0.929953,0.002556,0.001000,1.000000,0.978333,0.645472
baseline,c4_r150m,4,150.000000,446,0.121844,0.134840,0.941324,0.889068,0.325264,0.029250,0.004245,0.983333,0.976667,0.864703
baseline,c4_r150m,4,150.000000,449,0.097259,0.119911,0.812920,0.885489,0.566577,0.041917,0.001880,0.983333,0.980000,0.857364
baseline,c4_r300m,4,300.000000,401,0.209189,0.188417,0.820115,0.925681,0.614751,0.149194,0.534889,0.100000,0.100000,0.899133
baseline,c4_r300m,4,300.000000,400,0.216502,0.196827,0.885205,0.889468,0.624322,0.159556,0.639352,0.033333,0.073333,0.894539
baseline,c4_r300m,4,300.000000,403,0.191677,0.192144,0.880963,0.914389,0.766378,0.143417,0.474889,0.083333,0.095000,0.857251
baseline,c4_r300m,4,300.000000,402,0.211726,0.184694,0.899203,0.871496,0.779122,0.149639,0.520417,0.066667,0.100000,0.856794
baseline,c4_r300m,4,300.000000,404,0.179478,0.187393,0.841417,0.903850,0.522638,0.144500,0.453562,0.150000,0.113333,0.887102
baseline,c4_r300m,4,300.000000,405,0.182703,0.193318,0.847058,0.916250,0.427794,0.143111,0.462240,0.133333,0.101667,0.874973
baseline,c4_r300m,4,300.000000,406,0.209261,0.192417,0.875550,0.879331,0.811645,0.154389,0.578494,0.033333,0.090000,0.838945
baseline,c4_r300m,4,300.000000,410,0.186158,0.192526,0.823615,0.832888,0.774646,0.141028,0.485585,0.100000,0.105000,0.861649
baseline,c4_r300m,4,300.000000,409,0.179402,0.192995,0.876467,0.916664,0.815276,0.142944,0.477627,0.116667,0.083333,0.885372
baseline,c4_r300m,4,300.000000,411,0.209535,0.195672,0.817422,0.867041,0.676576,0.142472,0.512100,0.100000,0.115000,0.885368
baseline,c4_r300m,4,300.000000,408,0.175731,0.194260,0.875029,0.898682,0.757938,0.140028,0.458787,0.133333,0.096667,0.882920
baseline,c4_r300m,4,300.000000,407,0.195076,0.196192,0.899136,0.902267,0.680132,0.143778,0.520828,0.083333,0.071667,0.911929
baseline,c4_r300m,4,300.000000,413,0.211252,0.196509,0.900729,0.877044,0.550564,0.142944,0.511111,0.116667,0.076667,0.875777
baseline,c4_r300m,4,300.000000,412,0.182817,0.190068,0.915452,0.877496,0.648740,0.142306,0.444851,0.066667,0.076667,0.885940
baseline,c4_r300m,4,300.000000,414,0.192131,0.183790,0.842185,0.858850,0.552377,0.142500,0.450290,0.100000,0.086667,0.886945
baseline,c4_r300m,4,300.000000,415,0.150094,0.187743,0.862641,0.896905,0.654808,0.141083,0.443622,0.083333,0.078333,0.894425
baseline,c4_r300m,4,300.000000,416,0.196157,0.188860,0.875760,0.936199,0.645088,0.138944,0.502048,0.066667,0.088333,0.877573
baseline,c4_r300m,4,300.000000,423,0.186133,0.204497,0.872834,0.916445,0.616033,0.136250,0.492781,0.050000,0.085000,0.890020
baseline,c4_r300m,4,300.000000,418,0.187985,0.192608,0.866813,0.920836,0.584476,0.144500,0.503743,0.100000,0.078333,0.897150
baseline,c4_r300m,4,300.000000,417,0.225217,0.193399,0.885924,0.942128,0.567226,0.159528,0.660381,0.066667,0.080000,0.891677
baseline,c4_r300m,4,300.000000,421,0.186156,0.191460,0.869836,0.890621,0.537223,0.147111,0.511977,0.033333,0.085000,0.894212
baseline,c4_r300m,4,300.000000,419,0.202213,0.195211,0.923846,0.886476,0.727652,0.158667,0.632189,0.050000,0.101667,0.881111
baseline,c4_r300m,4,300.000000,420,0.206793,0.199082,0.883676,0.876170,0.701128,0.146111,0.507858,0.033333,0.090000,0.888222
baseline,c4_r300m,4,300.000000,422,0.185343,0.186508,0.737881,0.886035,0.732770,0.137306,0.413775,0.083333,0.116667,0.834822
baseline,c4_r300m,4,300.000000,426,0.201519,0.189239,0.828737,0.924842,0.880632,0.152278,0.577819,0.066667,0.091667,0.905160
baseline,c4_r300m,4,300.000000,424,0.212074,0.184911,0.799150,0.892258,0.709798,0.140500,0.524229,0.100000,0.131667,0.878470
baseline,c4_r300m,4,300.000000,425,0.159624,0.187845,0.833933,0.870105,0.594073,0.136222,0.402890,0.116667,0.075000,0.889353
baseline,c4_r300m,4,300.000000,428,0.186372,0.195672,0.887226,0.900787,0.835428,0.136972,0.458229,0.066667,0.096667,0.871757
baseline,c4_r300m,4,300.000000,429,0.185696,0.193114,0.884003,0.917430,0.636549,0.140861,0.515685,0.050000,0.111667,0.871301
baseline,c4_r300m,4,300.000000,427,0.203698,0.195684,0.916960,0.887531,0.640770,0.150778,0.556362,0.066667,0.080000,0.898090
baseline,c4_r300m,4,300.000000,430,0.175147,0.193110,0.834411,0.886246,0.799095,0.143917,0.491098,0.100000,0.103333,0.879573
baseline,c4_r300m,4,300.000000,431,0.207806,0.204897,0.888305,0.928154,0.538842,0.142722,0.495492,0.066667,0.098333,0.884175
baseline,c4_r300m,4,300.000000,432,0.196070,0.181893,0.777114,0.931241,0.569076,0.144361,0.515365,0.050000,0.096667,0.894449
baseline,c4_r300m,4,300.000000,434,0.171787,0.187719,0.833546,0.910147,0.674473,0.138111,0.484158,0.100000,0.083333,0.893759
baseline,c4_r300m,4,300.000000,433,0.182374,0.192654,0.887124,0.885928,0.538789,0.142417,0.509421,0.083333,0.083333,0.897777
baseline,c4_r300m,4,300.000000,436,0.199372,0.192131,0.904588,0.916584,0.643851,0.144306,0.544201,0.066667,0.075000,0.872035
baseline,c4_r300m,4,300.000000,435,0.197587,0.201585,0.891731,0.916255,0.572445,0.144667,0.515545,0.066667,0.096667,0.880570
baseline,c4_r300m,4,300.000000,438,0.202558,0.196191,0.863934,0.932016,0.675670,0.146139,0.521725,0.083333,0.103333,0.896177
baseline,c4_r300m,4,300.000000,439,0.195707,0.198095,0.918139,0.886094,0.526526,0.141611,0.482177,0.133333,0.061667,0.894856
baseline,c4_r300m,4,300.000000,437,0.217610,0.195351,0.936643,0.884305,0.814894,0.153389,0.607221,0.066667,0.068333,0.877658
baseline,c4_r300m,4,300.000000,440,0.166762,0.177112,0.764370,0.892492,0.793382,0.140028,0.433453,0.166667,0.113333,0.880225
baseline,c4_r300m,4,300.000000,441,0.165587,0.190971,0.877513,0.900529,0.575504,0.152250,0.559260,0.100000,0.093333,0.877191
baseline,c4_r300m,4,300.000000,443,0.209270,0.189946,0.896000,0.886797,0.776884,0.154056,0.580956,0.066667,0.090000,0.878302
baseline,c4_r300m,4,300.000000,442,0.193993,0.198800,0.861373,0.871683,0.785829,0.154139,0.584205,0.033333,0.086667,0.868832
baseline,c4_r300m,4,300.000000,444,0.218556,0.195080,0.892043,0.897178,0.435224,0.143583,0.470952,0.133333,0.086667,0.890103
baseline,c4_r300m,4,300.000000,446,0.191755,0.193137,0.887266,0.931016,0.748930,0.143222,0.506637,0.116667,0.115000,0.899596
baseline,c4_r300m,4,300.000000,445,0.211545,0.202283,0.842412,0.940847,0.603014,0.156861,0.620910,0.050000,0.093333,0.900407
baseline,c4_r300m,4,300.000000,447,0.195214,0.198379,0.849716,0.872830,0.437370,0.141750,0.456406,0.033333,0.078333,0.882777
baseline,c4_r300m,4,300.000000,448,0.183421,0.194073,0.877518,0.870605,0.803010,0.146556,0.502285,0.050000,0.081667,0.860323
baseline,c4_r300m,4,300.000000,449,0.208033,0.192550,0.837629,0.912686,0.662712,0.146750,0.531438,0.066667,0.091667,0.850770
baseline,c4_r600m,4,600.000000,400,0.232339,0.230753,0.778104,0.824611,0.600597,0.291444,2.352275,0.000000,0.000000,0.843469
baseline,c4_r600m,4,600.000000,404,0.239888,0.235437,0.817167,0.871157,0.603035,0.318167,2.608515,0.000000,0.000000,0.848797
baseline,c4_r600m,4,600.000000,402,0.225066,0.246263,0.709661,0.870211,0.724942,0.304167,2.448265,0.000000,0.000000,0.844423
baseline,c4_r600m,4,600.000000,405,0.271699,0.251700,0.842190,0.887348,0.479908,0.319139,2.599674,0.000000,0.000000,0.844383
baseline,c4_r600m,4,600.000000,401,0.241770,0.251115,0.818142,0.855467,0.876184,0.296444,2.353104,0.000000,0.000000,0.842827
baseline,c4_r600m,4,600.000000,403,0.246645,0.229717,0.797601,0.890754,0.373581,0.311667,2.530599,0.000000,0.000000,0.857392
baseline,c4_r600m,4,600.000000,406,0.238955,0.231911,0.824031,0.835619,0.613158,0.305222,2.464174,0.000000,0.000000,0.817923
baseline,c4_r600m,4,600.000000,411,0.260228,0.228558,0.753254,0.801989,0.825646,0.294472,2.319826,0.000000,0.000000,0.802207
baseline,c4_r600m,4,600.000000,409,0.247193,0.233540,0.825461,0.815906,0.838141,0.285833,2.306048,0.000000,0.000000,0.798676
baseline,c4_r600m,4,600.000000,408,0.261084,0.249866,0.797538,0.895526,0.618550,0.315278,2.559039,0.000000,0.000000,0.886247
baseline,c4_r600m,4,600.000000,407,0.249431,0.247233,0.810280,0.882497,0.469352,0.317083,2.595158,0.000000,0.000000,0.858204
baseline,c4_r600m,4,600.000000,412,0.254458,0.238677,0.754268,0.834921,0.374076,0.298417,2.385516,0.000000,0.000000,0.851081
baseline,c4_r600m,4,600.000000,410,0.237410,0.256690,0.858052,0.896980,0.689213,0.313139,2.529428,0.000000,0.000000,0.877781
baseline,c4_r600m,4,600.000000,413,0.244351,0.250264,0.771556,0.853395,0.424500,0.283556,2.270118,0.000000,0.000000,0.845758
baseline,c4_r600m,4,600.000000,414,0.242257,0.253331,0.807906,0.867036,0.566171,0.313889,2.567874,0.000000,0.000000,0.870712
baseline,c4_r600m,4,600.000000,415,0.251904,0.247071,0.879142,0.839576,0.642463,0.289972,2.360374,0.000000,0.000000,0.833254
baseline,c4_r600m,4,600.000000,416,0.260817,0.239411,0.783727,0.755727,0.532225,0.295361,2.344362,0.000000,0.000000,0.829466
baseline,c4_r600m,4,600.000000,417,0.258179,0.245979,0.833377,0.869711,0.784982,0.308278,2.484778,0.000000,0.000000,0.858946
baseline,c4_r600m,4,600.000000,419,0.259583,0.245719,0.857551,0.854353,0.857901,0.304472,2.461922,0.000000,0.000000,0.849399
baseline,c4_r600m,4,600.000000,418,0.258096,0.256057,0.791054,0.893279,0.489094,0.310583,2.478064,0.000000,0.000000,0.869967
baseline,c4_r600m,4,600.000000,421,0.215252,0.238554,0.764307,0.835577,0.644469,0.281250,2.239473,0.000000,0.000000,0.806017
baseline,c4_r600m,4,600.000000,420,0.235391,0.246600,0.840400,0.888287,0.515384,0.316583,2.577575,0.000000,0.000000,0.879276
baseline,c4_r600m,4,600.000000,425,0.230394,0.233640,0.679671,0.888379,0.792904,0.303333,2.422766,0.000000,0.000000,0.875524
baseline,c4_r600m,4,600.000000,422,0.231912,0.230416,0.726632,0.788444,0.506639,0.296444,2.344088,0.000000,0.000000,0.816540
baseline,c4_r600m,4,600.000000,426,0.214195,0.241688,0.770801,0.827079,0.759573,0.306639,2.505594,0.000000,0.000000,0.811646
baseline,c4_r600m,4,600.000000,423,0.252362,0.242790,0.810644,0.878636,0.770298,0.302167,2.436448,0.000000,0.000000,0.845657
baseline,c4_r600m,4,600.000000,427,0.258924,0.254003,0.873168,0.719708,0.782861,0.288194,2.262125,0.000000,0.000000,0.734788
baseline,c4_r600m,4,600.000000,424,0.217718,0.221006,0.692151,0.906521,0.736798,0.303083,2.429783,0.000000,0.000000,0.878555
baseline,c4_r600m,4,600.000000,429,0.250244,0.227107,0.717226,0.798787,0.582719,0.294667,2.346020,0.000000,0.000000,0.795991
baseline,c4_r600m,4,600.000000,428,0.259186,0.256949,0.803981,0.924921,0.531302,0.304722,2.486471,0.000000,0.000000,0.887177
baseline,c4_r600m,4,600.000000,430,0.251288,0.244354,0.792054,0.853584,0.686137,0.303972,2.486738,0.000000,0.000000,0.867667
baseline,c4_r600m,4,600.000000,431,0.265778,0.241041,0.758379,0.880499,0.570142,0.295528,2.342098,0.000000,0.000000,0.886241
baseline,c4_r600m,4,600.000000,432,0.234011,0.244610,0.752271,0.911303,0.785846,0.307500,2.502462,0.000000,0.000000,0.855723
baseline,c4_r600m,4,600.000000,433,0.263260,0.256025,0.828250,0.838148,0.697475,0.307250,2.471835,0.000000,0.000000,0.781448
baseline,c4_r600m,4,600.000000,436,0.256955,0.252167,0.877430,0.871368,0.660101,0.315778,2.564910,0.000000,0.000000,0.885614
baseline,c4_r600m,4,600.000000,434,0.217976,0.240377,0.768141,0.864065,0.617753,0.292611,2.312366,0.000000,0.000000,0.857755
baseline,c4_r600m,4,600.000000,435,0.259485,0.255128,0.804209,0.812862,0.365746,0.295889,2.329897,0.000000,0.000000,0.806091
baseline,c4_r600m,4,600.000000,437,0.227389,0.230524,0.640066,0.793588,0.358166,0.302444,2.400528,0.000000,0.000000,0.753979
baseline,c4_r600m,4,600.000000,438,0.232629,0.237490,0.658362,0.766634,0.741847,0.297333,2.354779,0.000000,0.000000,0.766699
baseline,c4_r600m,4,600.000000,439,0.235929,0.247579,0.734375,0.820530,0.557131,0.310500,2.484935,0.000000,0.000000,0.825285
baseline,c4_r600m,4,600.000000,442,0.222938,0.239269,0.720598,0.876082,0.270136,0.302444,2.410970,0.000000,0.000000,0.843291
baseline,c4_r600m,4,600.000000,443,0.271027,0.241858,0.747679,0.850173,0.770229,0.307250,2.528007,0.000000,0.000000,0.834474
baseline,c4_r600m,4,600.000000,440,0.271559,0.265655,0.872696,0.854159,0.471844,0.303111,2.434947,0.000000,0.000000,0.857754
baseline,c4_r600m,4,600.000000,441,0.257994,0.245665,0.784444,0.843517,0.561819,0.314139,2.527921,0.000000,0.000000,0.856845
baseline,c4_r600m,4,600.000000,445,0.273069,0.259799,0.874387,0.895328,0.482859,0.321889,2.638540,0.000000,0.000000,0.839629
baseline,c6_r15m,6,15.000000,400,0.000000,-0.006250,0.197554,0.150120,0.852359,0.003556,0.001000,1.000000,1.000000,0.051111
baseline,c4_r600m,4,600.000000,446,0.255063,0.252576,0.839786,0.837573,0.645690,0.290194,2.320807,0.000000,0.000000,0.831919
baseline,c4_r600m,4,600.000000,444,0.227050,0.246241,0.768009,0.920163,0.572220,0.306333,2.504711,0.000000,0.000000,0.866903
baseline,c6_r15m,6,15.000000,401,0.000000,0.000000,0.279808,0.487689,0.562032,0.003056,0.001000,1.000000,1.000000,0.550101
baseline,c6_r15m,6,15.000000,402,0.250000,0.025000,0.264188,0.174772,0.344224,0.002444,0.001000,1.000000,1.000000,0.148449
baseline,c6_r15m,6,15.000000,403,0.000000,-0.058095,0.245235,0.242699,0.717042,0.003500,0.001000,1.000000,1.000000,0.076396
baseline,c6_r15m,6,15.000000,404,0.000000,0.000000,0.440486,0.548007,0.443935,0.002722,0.001000,1.000000,1.000000,0.073377
baseline,c6_r15m,6,15.000000,406,0.000000,0.095159,0.258326,0.149485,0.707107,0.006167,0.001000,1.000000,1.000000,0.180302
baseline,c6_r15m,6,15.000000,407,0.000000,0.000000,0.234032,0.512812,0.615765,0.002472,0.001000,1.000000,1.000000,0.353333
baseline,c6_r15m,6,15.000000,408,0.000000,0.000000,0.439486,0.512086,0.218283,0.004528,0.001000,1.000000,1.000000,0.224351
baseline,c6_r15m,6,15.000000,405,0.000000,-0.002262,0.560757,0.332065,0.749780,0.003944,0.001000,1.000000,1.000000,0.245158
baseline,c6_r15m,6,15.000000,409,0.000000,0.000000,0.217406,0.490264,0.685697,0.002417,0.001000,1.000000,1.000000,0.126667
baseline,c4_r600m,4,600.000000,447,0.235054,0.255115,0.848588,0.912560,0.506255,0.289528,2.323458,0.000000,0.000000,0.869733
baseline,c6_r15m,6,15.000000,412,0.000000,-0.021667,0.232712,0.538428,0.683934,0.004444,0.001000,1.000000,1.000000,0.536498
baseline,c6_r15m,6,15.000000,411,0.000000,-0.025298,0.559000,0.338547,0.578858,0.003528,0.001000,1.000000,1.000000,0.144956
baseline,c6_r15m,6,15.000000,410,0.000000,0.010714,0.468080,0.693674,0.749058,0.001389,0.001000,1.000000,1.000000,0.129340
baseline,c6_r15m,6,15.000000,413,0.000000,0.014286,0.561392,0.337312,0.659292,0.002889,0.001000,1.000000,1.000000,0.198333
baseline,c4_r600m,4,600.000000,449,0.252773,0.257145,0.892088,0.838238,0.791044,0.311083,2.523923,0.000000,0.000000,0.861350
baseline,c4_r600m,4,600.000000,448,0.260685,0.264332,0.903748,0.865685,0.494470,0.314278,2.550529,0.000000,0.000000,0.840932
baseline,c6_r15m,6,15.000000,417,0.000000,0.000000,0.421295,0.228712,0.429950,0.001778,0.001000,1.000000,1.000000,0.157222
baseline,c6_r15m,6,15.000000,415,0.000000,-0.004762,0.304437,0.402191,0.651419,0.002722,0.001000,1.000000,1.000000,0.090105
baseline,c6_r15m,6,15.000000,414,0.000000,0.013333,0.541318,0.345529,0.616505,0.004278,0.001000,1.000000,1.000000,0.274003
baseline,c6_r15m,6,15.000000,416,0.333333,0.033333,0.435841,0.274218,0.332191,0.003083,0.001000,1.000000,1.000000,0.177143
baseline,c6_r15m,6,15.000000,419,0.000000,0.056250,0.439367,0.512913,0.533124,0.002972,0.001000,1.000000,1.000000,0.425628
baseline,c6_r15m,6,15.000000,420,0.000000,0.000000,0.326231,0.242990,0.630791,0.002500,0.001000,1.000000,1.000000,0.082927
baseline,c6_r15m,6,15.000000,422,0.000000,0.000000,0.359309,0.487341,0.685431,0.002500,0.001000,1.000000,1.000000,0.260000
baseline,c6_r15m,6,15.000000,418,0.000000,-0.010000,0.824131,0.225855,0.590019,0.002472,0.001000,1.000000,1.000000,0.152071
baseline,c6_r15m,6,15.000000,423,0.000000,0.040000,0.288903,0.289942,0.702506,0.002972,0.001000,1.000000,1.000000,0.137561
baseline,c6_r15m,6,15.000000,421,0.000000,0.000000,0.330806,0.356186,0.643384,0.001778,0.001000,1.000000,1.000000,0.233333
baseline,c6_r15m,6,15.000000,424,0.000000,0.000000,0.310230,0.537808,0.642065,0.002167,0.001000,1.000000,1.000000,0.148961
baseline,c6_r15m,6,15.000000,425,0.000000,0.033333,0.309151,0.202861,0.823002,0.002444,0.001000,1.000000,1.000000,0.057666
baseline,c6_r15m,6,15.000000,426,0.000000,0.040000,0.304756,0.547123,0.701180,0.002361,0.001000,1.000000,1.000000,0.499173
baseline,c6_r15m,6,15.000000,427,0.000000,0.058056,0.428743,0.434288,0.811762,0.003194,0.001000,1.000000,1.000000,0.274978
baseline,c6_r15m,6,15.000000,428,0.000000,-0.005556,0.409160,0.461048,0.415593,0.003472,0.001000,1.000000,1.000000,0.206374
baseline,c6_r15m,6,15.000000,429,0.000000,0.055000,0.181841,0.729710,0.862608,0.003889,0.001000,1.000000,1.000000,0.490760
baseline,c6_r15m,6,15.000000,430,0.000000,-0.012500,0.390898,0.400281,0.394337,0.004556,0.001000,1.000000,1.000000,0.309295
baseline,c6_r15m,6,15.000000,432,0.000000,0.000000,0.406914,0.288586,0.608032,0.003944,0.001000,1.000000,1.000000,0.139740
baseline,c6_r15m,6,15.000000,433,0.500000,0.050000,0.289500,0.303741,0.532929,0.002306,0.001000,1.000000,1.000000,0.077778
baseline,c6_r15m,6,15.000000,434,0.000000,0.009905,0.699599,0.566161,0.539188,0.004333,0.001000,1.000000,1.000000,0.521332
baseline,c6_r15m,6,15.000000,431,-0.100000,-0.010000,0.369941,0.422095,0.406651,0.005083,0.001000,1.000000,1.000000,0.175238
baseline,c6_r15m,6,15.000000,435,0.000000,0.041591,0.319976,0.323649,0.595304,0.002083,0.001000,1.000000,1.000000,0.304561
baseline,c6_r15m,6,15.000000,436,0.000000,-0.017424,0.268422,0.395436,0.607055,0.001778,0.001000,1.000000,1.000000,0.176667
baseline,c6_r15m,6,15.000000,438,0.000000,0.020000,0.696026,0.414429,0.746615,0.002722,0.001000,1.000000,1.000000,0.236255
baseline,c6_r15m,6,15.000000,439,0.000000,0.000000,0.572678,0.167855,0.706152,0.003694,0.001000,1.000000,1.000000,0.075952
baseline,c6_r15m,6,15.000000,440,0.000000,0.009091,0.278016,0.224064,0.505506,0.004167,0.001000,1.000000,1.000000,0.273968
baseline,c6_r15m,6,15.000000,441,0.000000,0.116667,0.247896,0.584396,0.597116,0.002583,0.001000,1.000000,1.000000,0.262424
baseline,c6_r15m,6,15.000000,442,0.000000,0.050000,0.242776,0.272828,0.605217,0.002306,0.001000,1.000000,1.000000,0.058654
baseline,c6_r15m,6,15.000000,443,0.000000,0.050000,0.525320,0.181379,0.441119,0.001889,0.001000,1.000000,1.000000,0.025556
baseline,c6_r15m,6,15.000000,437,0.000000,0.000000,0.309444,0.314333,0.275539,0.001778,0.001000,1.000000,1.000000,0.057143
baseline,c6_r15m,6,15.000000,444,0.000000,0.010000,0.421779,0.673232,0.504267,0.001472,0.001000,1.000000,1.000000,0.243217
baseline,c6_r15m,6,15.000000,446,0.000000,-0.012500,0.294751,0.304699,0.576606,0.003583,0.001000,1.000000,1.000000,0.161984
baseline,c6_r15m,6,15.000000,445,0.000000,0.010000,0.635572,0.458780,0.347047,0.004667,0.001000,1.000000,1.000000,0.474922
baseline,c6_r15m,6,15.000000,447,0.000000,-0.050000,0.306608,0.648015,0.641186,0.001833,0.001000,1.000000,1.000000,0.292778
baseline,c6_r15m,6,15.000000,448,0.000000,0.066667,0.236467,0.286737,0.798769,0.001639,0.001000,1.000000,1.000000,0.386021
baseline,c6_r15m,6,15.000000,449,0.000000,0.000000,0.285694,0.393686,0.540387,0.001278,0.001000,1.000000,1.000000,0.153846
baseline,c6_r37.5m,6,37.500000,400,0.019474,0.022654,0.748526,0.421167,0.556852,0.009167,0.001000,1.000000,1.000000,0.487641
baseline,c6_r37.5m,6,37.500000,401,0.009586,0.026827,0.235756,0.534102,0.289234,0.007806,0.001000,1.000000,1.000000,0.362530
baseline,c6_r37.5m,6,37.500000,402,-0.000300,0.039618,0.304279,0.312255,0.765230,0.002944,0.001000,1.000000,1.000000,0.272408
baseline,c6_r37.5m,6,37.500000,403,0.065528,0.081200,0.797422,0.405230,0.239914,0.012194,0.001000,1.000000,1.000000,0.412458
baseline,c6_r37.5m,6,37.500000,404,-0.002689,0.009867,0.183874,0.649327,0.715427,0.011500,0.001000,1.000000,1.000000,0.506852
baseline,c6_r37.5m,6,37.500000,406,0.062573,0.023677,0.507051,0.289763,0.813724,0.003889,0.001000,1.000000,1.000000,0.367639
baseline,c6_r37.5m,6,37.500000,405,0.082762,0.036785,0.322684,0.198645,0.696641,0.011000,0.001000,1.000000,1.000000,0.165139
baseline,c6_r37.5m,6,37.500000,407,-0.007132,0.031383,0.280577,0.262667,0.589654,0.011111,0.001000,1.000000,1.000000,0.268032
baseline,c6_r37.5m,6,37.500000,408,0.040174,0.030982,0.233718,0.180123,0.457792,0.013583,0.001000,1.000000,1.000000,0.189343
baseline,c6_r37.5m,6,37.500000,409,0.102478,0.076307,0.691964,0.492837,0.430801,0.010222,0.001000,1.000000,1.000000,0.426012
baseline,c6_r37.5m,6,37.500000,412,-0.006006,0.026073,0.412767,0.384926,0.798392,0.006611,0.001000,1.000000,1.000000,0.389380
baseline,c6_r37.5m,6,37.500000,413,0.010803,0.012887,0.395289,0.292823,0.739367,0.006139,0.001000,1.000000,1.000000,0.180482
baseline,c6_r37.5m,6,37.500000,411,-0.004679,0.026092,0.449159,0.274694,0.643414,0.007806,0.001000,1.000000,1.000000,0.244796
baseline,c6_r37.5m,6,37.500000,414,0.010407,0.030562,0.616407,0.314376,0.600326,0.010861,0.001000,1.000000,1.000000,0.429546
baseline,c6_r37.5m,6,37.500000,410,0.063953,0.029224,0.284535,0.162392,0.597638,0.008167,0.001000,1.000000,1.000000,0.178496
baseline,c6_r37.5m,6,37.500000,416,0.018946,0.018790,0.363406,0.320275,0.672047,0.011083,0.001000,1.000000,1.000000,0.365572
baseline,c6_r37.5m,6,37.500000,417,0.054619,0.047710,0.447775,0.474703,0.641413,0.007778,0.001000,1.000000,1.000000,0.219748
baseline,c6_r37.5m,6,37.500000,418,-0.000729,0.038764,0.336619,0.485218,0.557916,0.005111,0.001000,1.000000,1.000000,0.553038
baseline,c6_r37.5m,6,37.500000,415,0.024761,0.042866,0.258481,0.373233,0.423038,0.010667,0.001000,1.000000,1.000000,0.304058
baseline,c6_r37.5m,6,37.500000,419,0.016850,0.040811,0.438063,0.634583,0.437763,0.004361,0.001000,1.000000,1.000000,0.577102
baseline,c6_r37.5m,6,37.500000,420,0.066382,0.031847,0.269390,0.295111,0.543923,0.009361,0.001000,1.000000,1.000000,0.358116
baseline,c6_r37.5m,6,37.500000,421,-0.008160,0.021561,0.273990,0.700001,0.667685,0.005000,0.001000,1.000000,1.000000,0.588817
baseline,c6_r37.5m,6,37.500000,422,0.019235,0.036468,0.368067,0.510479,0.704625,0.015028,0.001000,1.000000,1.000000,0.448529
baseline,c6_r37.5m,6,37.500000,423,-0.028846,0.027710,0.352359,0.189274,0.399627,0.003611,0.001000,1.000000,1.000000,0.234987
baseline,c6_r37.5m,6,37.500000,424,0.024498,0.042855,0.388157,0.272973,0.679297,0.010139,0.001000,1.000000,1.000000,0.237300
baseline,c6_r37.5m,6,37.500000,425,0.035770,0.029016,0.309478,0.197746,0.590988,0.009333,0.001000,1.000000,1.000000,0.243981
baseline,c6_r37.5m,6,37.500000,426,-0.025923,0.046079,0.369698,0.398654,0.679126,0.005750,0.001000,1.000000,1.000000,0.337991
baseline,c6_r37.5m,6,37.500000,427,0.066825,0.032585,0.323450,0.485706,0.787388,0.008722,0.001000,1.000000,1.000000,0.367782
baseline,c6_r37.5m,6,37.500000,429,0.044188,0.049535,0.534873,0.287838,0.500484,0.011167,0.001000,1.000000,1.000000,0.497478
baseline,c6_r37.5m,6,37.500000,428,0.006441,0.039283,0.540533,0.379492,0.507495,0.007389,0.001000,1.000000,1.000000,0.327715
baseline,c6_r37.5m,6,37.500000,430,0.032655,0.042744,0.408177,0.400957,0.710935,0.004889,0.001000,1.000000,1.000000,0.343317
baseline,c6_r37.5m,6,37.500000,431,0.029930,0.050584,0.675868,0.422936,0.655663,0.008667,0.001000,1.000000,1.000000,0.547724
baseline,c6_r37.5m,6,37.500000,432,0.043310,0.030804,0.473767,0.385002,0.609292,0.003500,0.001000,1.000000,1.000000,0.321499
baseline,c6_r37.5m,6,37.500000,433,0.044944,0.046606,0.241339,0.443984,0.700860,0.005500,0.001000,1.000000,1.000000,0.334171
baseline,c6_r37.5m,6,37.500000,434,0.082143,0.058636,0.310064,0.272419,0.374419,0.003639,0.001000,1.000000,1.000000,0.248321
baseline,c6_r37.5m,6,37.500000,435,0.037273,-0.007906,0.184511,0.359195,0.334777,0.002444,0.001000,1.000000,1.000000,0.396099
baseline,c6_r37.5m,6,37.500000,438,0.036557,0.052822,0.423035,0.244834,0.751997,0.007111,0.001000,1.000000,1.000000,0.223950
baseline,c6_r37.5m,6,37.500000,437,0.048205,0.036725,0.562579,0.346338,0.543172,0.006000,0.001000,1.000000,1.000000,0.307389
baseline,c6_r37.5m,6,37.500000,436,0.032740,0.037128,0.253195,0.248398,0.796599,0.013417,0.001000,1.000000,1.000000,0.213512
baseline,c6_r37.5m,6,37.500000,439,0.054158,0.031034,0.246725,0.244262,0.253319,0.012639,0.001000,1.000000,1.000000,0.313756
baseline,c6_r37.5m,6,37.500000,441,0.057692,0.037776,0.501803,0.769799,0.829728,0.010361,0.001000,1.000000,1.000000,0.711284
baseline,c6_r37.5m,6,37.500000,440,-0.001714,0.024239,0.207730,0.348288,0.577677,0.007889,0.001000,1.000000,1.000000,0.329288
baseline,c6_r37.5m,6,37.500000,442,-0.000672,0.029555,0.269735,0.299157,0.793551,0.007917,0.001000,1.000000,1.000000,0.340029
baseline,c6_r37.5m,6,37.500000,443,0.045186,0.032149,0.230509,0.275849,0.615234,0.009167,0.001000,1.000000,1.000000,0.293697
baseline,c6_r37.5m,6,37.500000,445,-0.002998,0.020543,0.261345,0.301315,0.531300,0.011278,0.001000,1.000000,1.000000,0.273179
baseline,c6_r37.5m,6,37.500000,444,0.100884,0.019450,0.394989,0.396995,0.751023,0.004639,0.001000,1.000000,1.000000,0.283161
baseline,c6_r37.5m,6,37.500000,446,-0.006703,0.016652,0.231204,0.340983,0.761917,0.004250,0.001000,1.000000,1.000000,0.380356
baseline,c6_r37.5m,6,37.500000,447,0.081308,0.064973,0.367936,0.488939,0.385511,0.006167,0.001000,1.000000,1.000000,0.572922
baseline,c6_r37.5m,6,37.500000,448,0.000280,0.016190,0.219401,0.326420,0.731569,0.004306,0.001000,1.000000,1.000000,0.332339
baseline,c6_r37.5m,6,37.500000,449,-0.007039,0.031451,0.436875,0.374136,0.720646,0.007889,0.001000,1.000000,1.000000,0.332925
baseline,c6_r75m,6,75.000000,400,0.032344,0.032513,0.291316,0.555385,0.849966,0.023750,0.001000,1.000000,1.000000,0.357652
baseline,c6_r75m,6,75.000000,401,0.035019,0.036283,0.427449,0.461149,0.699761,0.027917,0.001000,1.000000,1.000000,0.370370
baseline,c6_r75m,6,75.000000,403,0.042959,0.050031,0.327495,0.538305,0.804572,0.010111,0.001000,1.000000,1.000000,0.450049
baseline,c6_r75m,6,75.000000,404,0.109089,0.080234,0.739225,0.435776,0.366356,0.022000,0.001000,1.000000,1.000000,0.295191
baseline,c6_r75m,6,75.000000,405,0.038304,0.039717,0.224513,0.288559,0.647727,0.010167,0.001000,1.000000,1.000000,0.348409
baseline,c6_r75m,6,75.000000,402,0.016365,0.035703,0.210098,0.339690,0.433365,0.022583,0.001000,1.000000,1.000000,0.307582
baseline,c6_r75m,6,75.000000,407,0.040780,0.069478,0.517608,0.253482,0.623029,0.009389,0.001000,1.000000,1.000000,0.274108
baseline,c6_r75m,6,75.000000,406,0.058550,0.046630,0.424811,0.639657,0.582515,0.031139,0.001000,1.000000,1.000000,0.659803
baseline,c6_r75m,6,75.000000,408,0.072967,0.063088,0.489021,0.417492,0.466320,0.010944,0.001000,1.000000,1.000000,0.390967
baseline,c6_r75m,6,75.000000,409,0.072690,0.056944,0.459442,0.394310,0.618826,0.016056,0.001000,1.000000,1.000000,0.317823
baseline,c6_r75m,6,75.000000,410,0.014752,0.031284,0.216941,0.644390,0.717954,0.009306,0.001000,1.000000,1.000000,0.536623
baseline,c6_r75m,6,75.000000,411,0.067927,0.075152,0.493514,0.437476,0.480584,0.012056,0.001000,1.000000,1.000000,0.306578
baseline,c6_r75m,6,75.000000,412,0.031765,0.029606,0.123873,0.331912,0.519362,0.024361,0.001000,1.000000,1.000000,0.329548
baseline,c6_r75m,6,75.000000,413,0.047660,0.031944,0.364193,0.275927,0.534472,0.021528,0.001000,1.000000,1.000000,0.306820
baseline,c6_r75m,6,75.000000,414,0.077206,0.049290,0.446657,0.232594,0.751900,0.014806,0.001000,1.000000,1.000000,0.183073
baseline,c6_r75m,6,75.000000,416,0.092363,0.089823,0.621233,0.169532,0.462081,0.010056,0.001000,1.000000,1.000000,0.231960
baseline,c6_r75m,6,75.000000,415,0.049997,0.043057,0.290456,0.362148,0.754820,0.019333,0.001000,1.000000,1.000000,0.396144
baseline,c6_r75m,6,75.000000,417,0.054148,0.064973,0.433149,0.477442,0.706883,0.025083,0.001000,1.000000,1.000000,0.529896
baseline,c6_r75m,6,75.000000,418,0.019075,0.028989,0.298522,0.181517,0.763828,0.016528,0.001000,1.000000,1.000000,0.232184
baseline,c6_r75m,6,75.000000,419,0.025756,0.041193,0.300470,0.332648,0.584328,0.015000,0.001000,1.000000,1.000000,0.242797
baseline,c6_r75m,6,75.000000,420,0.093094,0.062685,0.491913,0.160085,0.651562,0.022944,0.001000,1.000000,1.000000,0.258322
baseline,c6_r75m,6,75.000000,422,0.054147,0.034571,0.321163,0.284079,0.660854,0.014194,0.001000,1.000000,1.000000,0.216656
baseline,c6_r75m,6,75.000000,421,0.025799,0.038191,0.263129,0.241622,0.249094,0.024028,0.001000,1.000000,1.000000,0.370729
baseline,c6_r75m,6,75.000000,424,0.069632,0.036150,0.218750,0.332274,0.570114,0.015000,0.001000,1.000000,1.000000,0.347263
baseline,c6_r75m,6,75.000000,425,0.019173,0.023343,0.221206,0.758956,0.588185,0.017861,0.001000,1.000000,1.000000,0.647428
baseline,c6_r75m,6,75.000000,427,0.019142,0.060312,0.244361,0.387916,0.371650,0.006889,0.001000,1.000000,1.000000,0.280200
baseline,c6_r75m,6,75.000000,426,0.042377,0.051272,0.518946,0.355342,0.753099,0.012333,0.001000,1.000000,1.000000,0.357769
baseline,c6_r75m,6,75.000000,423,0.010118,0.023346,0.182713,0.194185,0.758704,0.008000,0.001000,1.000000,1.000000,0.458470
baseline,c6_r75m,6,75.000000,428,0.017357,0.024906,0.187806,0.567728,0.768936,0.017333,0.001000,1.000000,1.000000,0.562096
baseline,c6_r75m,6,75.000000,429,0.075152,0.041631,0.298495,0.182631,0.787195,0.013111,0.001000,1.000000,1.000000,0.179461
baseline,c6_r75m,6,75.000000,430,0.039117,0.045429,0.394894,0.485332,0.620229,0.021750,0.001000,1.000000,1.000000,0.501557
baseline,c6_r75m,6,75.000000,431,0.078513,0.070808,0.290200,0.356320,0.612403,0.012250,0.001000,1.000000,1.000000,0.389801
baseline,c6_r75m,6,75.000000,433,0.029926,0.034272,0.233334,0.252994,0.388908,0.021861,0.001000,1.000000,1.000000,0.157167
baseline,c6_r75m,6,75.000000,432,0.118357,0.078164,0.474819,0.313429,0.730774,0.023556,0.001000,1.000000,1.000000,0.284972
baseline,c6_r75m,6,75.000000,434,0.034813,0.031696,0.261788,0.293077,0.628619,0.023444,0.001000,1.000000,1.000000,0.355795
baseline,c6_r75m,6,75.000000,435,0.068569,0.035591,0.382694,0.230406,0.578739,0.011056,0.001000,1.000000,1.000000,0.309677
baseline,c6_r75m,6,75.000000,436,0.084125,0.060866,0.312040,0.247239,0.536698,0.017278,0.001000,1.000000,1.000000,0.217803
baseline,c6_r75m,6,75.000000,437,0.021787,0.044960,0.319935,0.373510,0.615035,0.017083,0.001000,1.000000,1.000000,0.324596
baseline,c6_r75m,6,75.000000,438,0.056423,0.047183,0.281514,0.157659,0.354977,0.017083,0.001000,1.000000,1.000000,0.173511
baseline,c6_r75m,6,75.000000,439,0.074579,0.059623,0.736989,0.654414,0.768142,0.011472,0.001000,1.000000,1.000000,0.538635
baseline,c6_r75m,6,75.000000,440,0.023947,0.013750,0.163764,0.512534,0.794607,0.010472,0.001000,1.000000,1.000000,0.448837
baseline,c6_r75m,6,75.000000,442,0.039962,0.034507,0.421602,0.215319,0.607001,0.024444,0.001000,1.000000,1.000000,0.208372
baseline,c6_r75m,6,75.000000,441,0.014989,0.038506,0.255263,0.130254,0.565177,0.026472,0.001000,1.000000,1.000000,0.328532
baseline,c6_r75m,6,75.000000,443,0.032233,0.028175,0.273100,0.576506,0.773084,0.009194,0.001000,1.000000,1.000000,0.390878
baseline,c6_r75m,6,75.000000,444,0.048027,0.053034,0.529207,0.581313,0.762695,0.015417,0.001000,1.000000,1.000000,0.531003
baseline,c6_r75m,6,75.000000,445,0.078079,0.069055,0.409569,0.660173,0.534034,0.020500,0.001000,1.000000,1.000000,0.624821
baseline,c6_r75m,6,75.000000,446,0.040092,0.060208,0.349711,0.539035,0.496373,0.011611,0.001000,1.000000,1.000000,0.609498
baseline,c6_r75m,6,75.000000,447,0.052029,0.041807,0.555695,0.303673,0.573319,0.021167,0.001000,1.000000,1.000000,0.358780
baseline,c6_r75m,6,75.000000,448,0.025170,0.056461,0.342501,0.226840,0.679251,0.011917,0.001000,1.000000,1.000000,0.188994
baseline,c6_r75m,6,75.000000,449,0.063767,0.057092,0.381701,0.492492,0.767297,0.009750,0.001000,1.000000,1.000000,0.360421
baseline,c6_r150m,6,150.000000,402,0.133597,0.120443,0.824145,0.931307,0.446831,0.083750,0.070324,0.716667,0.780000,0.905991
baseline,c6_r150m,6,150.000000,400,0.112586,0.113900,0.885027,0.948399,0.827834,0.075944,0.045735,0.700000,0.786667,0.923326
baseline,c6_r150m,6,150.000000,401,0.134032,0.117059,0.912263,0.925846,0.770477,0.076722,0.027695,0.800000,0.780000,0.896916
baseline,c6_r150m,6,150.000000,405,0.119143,0.117175,0.851256,0.950739,0.902202,0.091056,0.030203,0.800000,0.773333,0.915410
baseline,c6_r150m,6,150.000000,407,0.121830,0.033402,0.226634,0.221975,0.783515,0.002167,0.001910,0.983333,0.988333,0.303324
baseline,c6_r150m,6,150.000000,404,0.101136,0.115935,0.812382,0.878782,0.902094,0.069389,0.042084,0.750000,0.763333,0.874909
baseline,c6_r150m,6,150.000000,403,0.145363,0.131579,0.871839,0.920196,0.196259,0.071278,0.025262,0.883333,0.836667,0.906769
baseline,c6_r150m,6,150.000000,406,0.096985,0.097489,0.728948,0.913227,0.764038,0.068444,0.037054,0.800000,0.825000,0.902502
baseline,c6_r150m,6,150.000000,409,0.137929,0.130439,0.887409,0.950688,0.560748,0.055611,0.025201,0.833333,0.786667,0.918920
baseline,c6_r150m,6,150.000000,408,0.135057,0.125008,0.867994,0.879924,0.571641,0.065000,0.041113,0.733333,0.790000,0.902439
baseline,c6_r150m,6,150.000000,410,0.121500,0.120046,0.896792,0.868325,0.911599,0.078139,0.036679,0.783333,0.778333,0.911884
baseline,c6_r150m,6,150.000000,411,0.126735,0.121086,0.910024,0.919198,0.874178,0.084444,0.034321,0.716667,0.786667,0.886674
baseline,c6_r150m,6,150.000000,412,0.137250,0.127497,0.936990,0.885590,0.708909,0.075250,0.035362,0.766667,0.773333,0.920994
baseline,c6_r150m,6,150.000000,415,0.127041,0.121589,0.878802,0.966054,0.913038,0.089278,0.022220,0.833333,0.758333,0.924205
baseline,c6_r150m,6,150.000000,413,0.121632,0.123968,0.970063,0.926433,0.840093,0.092611,0.045192,0.733333,0.790000,0.906374
baseline,c6_r150m,6,150.000000,414,0.142865,0.130791,0.829620,0.913090,0.246876,0.073917,0.016413,0.833333,0.818333,0.846692
baseline,c6_r150m,6,150.000000,416,0.107083,0.118627,0.927125,0.922072,0.692188,0.089750,0.043213,0.716667,0.765000,0.926923
baseline,c6_r150m,6,150.000000,421,0.099690,0.104936,0.729476,0.866293,0.698685,0.054750,0.020031,0.800000,0.858333,0.858315
baseline,c6_r150m,6,150.000000,418,0.112901,0.119287,0.864275,0.932019,0.514281,0.078028,0.034465,0.783333,0.786667,0.892315
baseline,c6_r150m,6,150.000000,417,0.125984,0.122583,0.857759,0.921529,0.656078,0.071111,0.044397,0.766667,0.813333,0.880942
baseline,c6_r150m,6,150.000000,424,0.126860,0.115277,0.743633,0.914456,0.827230,0.061639,0.020946,0.816667,0.818333,0.907679
baseline,c6_r150m,6,150.000000,419,0.135653,0.124261,0.862424,0.871947,0.494872,0.087250,0.055552,0.683333,0.761667,0.895332
baseline,c6_r150m,6,150.000000,423,0.127775,0.125316,0.890727,0.927486,0.460045,0.088917,0.043139,0.750000,0.781667,0.895970
baseline,c6_r150m,6,150.000000,420,0.092964,0.111249,0.710024,0.921776,0.651253,0.068250,0.039966,0.816667,0.793333,0.903194
baseline,c6_r150m,6,150.000000,422,0.116376,0.116093,0.833464,0.913884,0.375414,0.093000,0.018542,0.716667,0.765000,0.918563
baseline,c6_r150m,6,150.000000,425,0.132638,0.115264,0.930455,0.936938,0.776380,0.077500,0.027866,0.716667,0.790000,0.910093
baseline,c6_r150m,6,150.000000,427,0.154016,0.139722,0.953588,0.880288,0.251623,0.060639,0.042073,0.766667,0.753333,0.912657
baseline,c6_r150m,6,150.000000,429,0.109988,0.086111,0.484109,0.503848,0.785250,0.019750,0.002762,0.950000,0.966667,0.386698
baseline,c6_r150m,6,150.000000,426,0.150360,0.134221,0.919462,0.939040,0.757900,0.101528,0.073927,0.666667,0.745000,0.912076
baseline,c6_r150m,6,150.000000,430,0.121772,0.126841,0.898201,0.829837,0.423989,0.062056,0.030427,0.833333,0.805000,0.828995
baseline,c6_r150m,6,150.000000,428,0.114191,0.113967,0.895666,0.877350,0.762138,0.065750,0.019772,0.850000,0.801667,0.891411
baseline,c6_r150m,6,150.000000,432,0.135823,0.133103,0.721848,0.897878,0.172782,0.056250,0.033135,0.816667,0.846667,0.899414
baseline,c6_r150m,6,150.000000,434,0.138248,0.119708,0.791345,0.895142,0.936549,0.032639,0.012240,0.900000,0.813333,0.854421
baseline,c6_r150m,6,150.000000,431,0.143062,0.122582,0.899899,0.937786,0.526654,0.089333,0.033202,0.783333,0.776667,0.909699
baseline,c6_r150m,6,150.000000,433,0.123314,0.121720,0.895494,0.895244,0.855233,0.074833,0.031669,0.766667,0.755000,0.908972
baseline,c6_r150m,6,150.000000,440,0.022614,0.039056,0.093047,0.437135,0.794939,0.006389,0.001000,1.000000,0.985000,0.356407
baseline,c6_r150m,6,150.000000,436,0.131065,0.127425,0.871425,0.906746,0.395270,0.079972,0.020653,0.850000,0.810000,0.842523
baseline,c6_r150m,6,150.000000,441,0.110994,0.083593,0.362838,0.662178,0.719191,0.021389,0.004852,0.950000,0.966667,0.459078
baseline,c6_r150m,6,150.000000,435,0.114237,0.114329,0.799946,0.881828,0.851572,0.075278,0.037991,0.750000,0.790000,0.855701
baseline,c6_r150m,6,150.000000,438,0.105575,0.108510,0.803568,0.925137,0.617569,0.071667,0.020998,0.850000,0.793333,0.921810
baseline,c6_r150m,6,150.000000,442,0.119696,0.120362,0.920120,0.888562,0.826757,0.054083,0.029337,0.800000,0.798333,0.869098
baseline,c6_r150m,6,150.000000,437,0.120040,0.123609,0.904811,0.886091,0.754586,0.098167,0.051560,0.716667,0.785000,0.926345
baseline,c6_r150m,6,150.000000,439,0.103441,0.118131,0.928874,0.953884,0.858521,0.081861,0.031343,0.766667,0.788333,0.907862
baseline,c6_r150m,6,150.000000,443,0.135621,0.115155,0.896130,0.889301,0.600832,0.086111,0.042153,0.750000,0.743333,0.901955
baseline,c6_r150m,6,150.000000,444,0.132877,0.122865,0.944016,0.908268,0.923294,0.061639,0.029599,0.766667,0.776667,0.884882
baseline,c6_r150m,6,150.000000,449,0.080555,0.058167,0.354535,0.619575,0.927015,0.007222,0.001328,0.983333,0.980000,0.571109
baseline,c6_r150m,6,150.000000,446,0.112318,0.120517,0.904974,0.895532,0.837317,0.085333,0.033176,0.766667,0.771667,0.891876
baseline,c6_r150m,6,150.000000,447,0.105822,0.112308,0.851855,0.878373,0.847188,0.085250,0.018143,0.783333,0.803333,0.858732
baseline,c6_r150m,6,150.000000,445,0.123117,0.104236,0.875303,0.943310,0.766698,0.093556,0.039281,0.750000,0.840000,0.909487
baseline,c6_r150m,6,150.000000,448,0.123525,0.117351,0.846717,0.903605,0.690197,0.083611,0.054769,0.750000,0.818333,0.880227
baseline,c6_r300m,6,300.000000,400,0.184187,0.181427,0.854186,0.848659,0.837794,0.193111,1.061158,0.000000,0.000000,0.837455
baseline,c6_r300m,6,300.000000,401,0.194129,0.186175,0.864673,0.883148,0.781694,0.195361,1.184013,0.000000,0.003333,0.877669
baseline,c6_r300m,6,300.000000,403,0.189551,0.181385,0.838190,0.845721,0.699098,0.189528,1.083650,0.000000,0.000000,0.837187
baseline,c6_r300m,6,300.000000,406,0.180511,0.171942,0.751811,0.832428,0.665237,0.198333,1.153173,0.000000,0.003333,0.805861
baseline,c6_r300m,6,300.000000,404,0.182340,0.182633,0.848693,0.819173,0.821955,0.192861,1.096938,0.000000,0.000000,0.839546
baseline,c6_r300m,6,300.000000,402,0.173260,0.187656,0.915749,0.907996,0.755245,0.209000,1.257926,0.000000,0.000000,0.854743
baseline,c6_r300m,6,300.000000,405,0.175891,0.168619,0.722188,0.870036,0.434996,0.188694,1.051370,0.000000,0.001667,0.854374
baseline,c6_r300m,6,300.000000,407,0.174590,0.185107,0.842973,0.906660,0.751938,0.201333,1.185670,0.000000,0.001667,0.865516
baseline,c6_r300m,6,300.000000,408,0.173402,0.185976,0.866641,0.884716,0.657786,0.188417,1.069026,0.000000,0.000000,0.855699
baseline,c6_r300m,6,300.000000,409,0.178461,0.182054,0.844609,0.862981,0.650027,0.197139,1.112681,0.000000,0.000000,0.869718
baseline,c6_r300m,6,300.000000,410,0.195542,0.181892,0.826447,0.893036,0.718108,0.204028,1.183966,0.000000,0.000000,0.873111
baseline,c6_r300m,6,300.000000,412,0.183644,0.183185,0.859821,0.876962,0.482185,0.203278,1.212788,0.000000,0.001667,0.865332
baseline,c6_r300m,6,300.000000,411,0.170050,0.169394,0.832686,0.916145,0.689905,0.207139,1.236692,0.000000,0.000000,0.869817
baseline,c6_r300m,6,300.000000,413,0.169917,0.179635,0.871536,0.864685,0.724330,0.205222,1.199178,0.016667,0.001667,0.868589
baseline,c6_r300m,6,300.000000,414,0.192518,0.175146,0.810047,0.908973,0.432555,0.207389,1.254307,0.000000,0.000000,0.877401
baseline,c6_r300m,6,300.000000,415,0.181045,0.188808,0.872503,0.911402,0.803878,0.187056,1.044446,0.000000,0.000000,0.846409
baseline,c6_r300m,6,300.000000,416,0.154416,0.180537,0.840024,0.900496,0.725376,0.186389,1.051273,0.000000,0.001667,0.884707
baseline,c6_r300m,6,300.000000,420,0.184286,0.175693,0.793583,0.830965,0.759279,0.196194,1.128978,0.000000,0.001667,0.810797
baseline,c6_r300m,6,300.000000,417,0.151496,0.174634,0.878802,0.868166,0.698005,0.199361,1.136904,0.000000,0.003333,0.861098
baseline,c6_r300m,6,300.000000,418,0.167537,0.183062,0.836635,0.906718,0.602887,0.190750,1.108958,0.000000,0.001667,0.891021
baseline,c6_r300m,6,300.000000,419,0.199535,0.186497,0.900777,0.874125,0.811591,0.195917,1.155422,0.000000,0.000000,0.830365
baseline,c6_r300m,6,300.000000,421,0.206169,0.187846,0.830489,0.887786,0.582516,0.187083,1.073605,0.000000,0.000000,0.856003
baseline,c6_r300m,6,300.000000,422,0.189410,0.180738,0.796374,0.855094,0.772970,0.195889,1.125257,0.016667,0.003333,0.825585
baseline,c6_r300m,6,300.000000,423,0.194222,0.192181,0.878096,0.837933,0.882887,0.200861,1.146413,0.000000,0.000000,0.790411
baseline,c6_r300m,6,300.000000,424,0.190144,0.182106,0.808612,0.898118,0.542968,0.194444,1.101128,0.000000,0.001667,0.892577
baseline,c6_r300m,6,300.000000,425,0.180006,0.176940,0.802048,0.881113,0.739819,0.190361,1.078103,0.000000,0.003333,0.824693
baseline,c6_r300m,6,300.000000,426,0.184079,0.177692,0.858779,0.864549,0.691955,0.196167,1.151925,0.000000,0.000000,0.874002
baseline,c6_r300m,6,300.000000,428,0.174217,0.182569,0.843461,0.874646,0.663342,0.192639,1.081110,0.000000,0.001667,0.790628
baseline,c6_r300m,6,300.000000,427,0.187667,0.171447,0.848556,0.912863,0.716161,0.205361,1.223632,0.000000,0.001667,0.909018
baseline,c6_r300m,6,300.000000,429,0.171192,0.188651,0.761817,0.884660,0.435043,0.197306,1.116099,0.000000,0.000000,0.832919
baseline,c6_r300m,6,300.000000,431,0.170624,0.178344,0.833503,0.767184,0.833474,0.181222,0.964758,0.000000,0.000000,0.763155
baseline,c6_r300m,6,300.000000,430,0.160102,0.179926,0.847644,0.912310,0.812244,0.205167,1.184948,0.000000,0.001667,0.874905
baseline,c6_r300m,6,300.000000,432,0.197196,0.184952,0.821414,0.813213,0.466399,0.202639,1.193153,0.000000,0.000000,0.839840
baseline,c6_r300m,6,300.000000,433,0.172077,0.167515,0.808070,0.826086,0.385939,0.189083,0.990026,0.016667,0.005000,0.863479
baseline,c6_r300m,6,300.000000,434,0.187597,0.185617,0.846626,0.894320,0.358962,0.197833,1.143651,0.000000,0.001667,0.879683
baseline,c6_r300m,6,300.000000,435,0.172909,0.178976,0.784319,0.786636,0.645096,0.176083,0.943056,0.000000,0.000000,0.822374
baseline,c6_r300m,6,300.000000,437,0.190075,0.187311,0.818827,0.799732,0.693760,0.192139,1.098266,0.000000,0.000000,0.854801
baseline,c6_r300m,6,300.000000,438,0.190651,0.177413,0.800371,0.855048,0.576798,0.191583,1.075989,0.000000,0.000000,0.848631
baseline,c6_r300m,6,300.000000,436,0.188246,0.175649,0.816802,0.887071,0.634110,0.197833,1.125062,0.000000,0.001667,0.873365
baseline,c6_r300m,6,300.000000,439,0.170587,0.187217,0.803281,0.907109,0.843490,0.202139,1.164694,0.000000,0.001667,0.826971
baseline,c6_r300m,6,300.000000,440,0.174674,0.182816,0.854159,0.891889,0.526761,0.196889,1.146271,0.000000,0.000000,0.871223
baseline,c6_r300m,6,300.000000,442,0.171448,0.172865,0.819240,0.908035,0.643721,0.192222,1.053218,0.000000,0.001667,0.905559
baseline,c6_r300m,6,300.000000,441,0.163882,0.184341,0.862012,0.877077,0.738600,0.200722,1.155161,0.000000,0.001667,0.861391
baseline,c6_r300m,6,300.000000,443,0.157810,0.180355,0.777446,0.872511,0.769532,0.192306,1.060053,0.000000,0.000000,0.866835
baseline,c6_r300m,6,300.000000,444,0.186090,0.189275,0.895927,0.887746,0.654019,0.188472,1.080681,0.000000,0.000000,0.838549
baseline,c6_r300m,6,300.000000,445,0.198439,0.173359,0.840076,0.915637,0.853027,0.200556,1.156864,0.000000,0.000000,0.871513
baseline,c6_r300m,6,300.000000,447,0.157667,0.167314,0.708983,0.855486,0.801878,0.184611,0.983192,0.016667,0.003333,0.841725
baseline,c6_r300m,6,300.000000,446,0.141360,0.173611,0.767970,0.869343,0.666878,0.188417,1.024802,0.000000,0.000000,0.878320
baseline,c6_r300m,6,300.000000,449,0.189467,0.178896,0.851574,0.876663,0.784653,0.199028,1.159279,0.000000,0.000000,0.872260
baseline,c6_r300m,6,300.000000,448,0.180255,0.182101,0.852192,0.871131,0.568607,0.200028,1.176120,0.000000,0.000000,0.852415
baseline,c6_r600m,6,600.000000,401,0.195378,0.218733,0.640142,0.805486,0.839952,0.374778,3.338888,0.000000,0.000000,0.693549
baseline,c6_r600m,6,600.000000,400,0.215888,0.201493,0.743010,0.865587,0.850311,0.385917,3.505903,0.000000,0.000000,0.831997
baseline,c6_r600m,6,600.000000,402,0.223798,0.207684,0.774607,0.875309,0.568418,0.390028,3.527139,0.000000,0.000000,0.843771
baseline,c6_r600m,6,600.000000,403,0.230258,0.220455,0.756298,0.835805,0.532060,0.403083,3.646691,0.000000,0.000000,0.784477
baseline,c6_r600m,6,600.000000,404,0.203942,0.186279,0.758053,0.810098,0.573307,0.377111,3.361978,0.000000,0.000000,0.805013
baseline,c6_r600m,6,600.000000,405,0.239604,0.227550,0.822332,0.807689,0.655421,0.398444,3.589408,0.000000,0.000000,0.716745
baseline,c6_r600m,6,600.000000,406,0.191957,0.194651,0.591244,0.717252,0.476385,0.368278,3.270522,0.000000,0.000000,0.670427
baseline,c6_r600m,6,600.000000,407,0.204842,0.191581,0.705929,0.758716,0.758603,0.375806,3.365757,0.000000,0.000000,0.769350
baseline,c6_r600m,6,600.000000,409,0.197817,0.198643,0.688056,0.786413,0.717589,0.384222,3.463549,0.000000,0.000000,0.747158
baseline,c6_r600m,6,600.000000,408,0.222883,0.207125,0.704233,0.841794,0.861139,0.383167,3.426222,0.000000,0.000000,0.835512
baseline,c6_r600m,6,600.000000,410,0.233214,0.216467,0.815266,0.865251,0.651118,0.404639,3.726964,0.000000,0.000000,0.846150
baseline,c6_r600m,6,600.000000,412,0.190473,0.185446,0.635609,0.860127,0.469465,0.392194,3.545522,0.000000,0.000000,0.761160
baseline,c6_r600m,6,600.000000,413,0.223071,0.211050,0.721625,0.758348,0.684840,0.366167,3.315100,0.000000,0.000000,0.802884
baseline,c6_r600m,6,600.000000,411,0.215588,0.221501,0.774157,0.763905,0.683757,0.393528,3.545139,0.000000,0.000000,0.778956
baseline,c6_r600m,6,600.000000,414,0.191531,0.207726,0.741869,0.888481,0.779806,0.405278,3.693068,0.000000,0.000000,0.829897
baseline,c6_r600m,6,600.000000,415,0.222109,0.214914,0.689395,0.757915,0.823221,0.382333,3.414085,0.000000,0.000000,0.688868
baseline,c6_r600m,6,600.000000,416,0.228667,0.223663,0.870954,0.823580,0.496256,0.403944,3.664094,0.000000,0.000000,0.881214
baseline,c6_r600m,6,600.000000,417,0.220308,0.233955,0.809241,0.844667,0.855307,0.401944,3.656108,0.000000,0.000000,0.793914
baseline,c6_r600m,6,600.000000,418,0.216546,0.207350,0.777854,0.808538,0.790472,0.387528,3.490748,0.000000,0.000000,0.811955
baseline,c6_r600m,6,600.000000,419,0.228003,0.220858,0.857960,0.799657,0.812093,0.391750,3.519585,0.000000,0.000000,0.850921
baseline,c6_r600m,6,600.000000,421,0.204912,0.218912,0.778311,0.752098,0.757769,0.388583,3.493475,0.000000,0.000000,0.739072
baseline,c6_r600m,6,600.000000,420,0.225171,0.221611,0.825008,0.850958,0.526755,0.388639,3.526669,0.000000,0.000000,0.833218
baseline,c6_r600m,6,600.000000,422,0.227553,0.222326,0.737347,0.705022,0.834013,0.372000,3.332275,0.000000,0.000000,0.795150
baseline,c6_r600m,6,600.000000,423,0.237579,0.228207,0.798544,0.876953,0.574284,0.410417,3.752333,0.000000,0.000000,0.850168
baseline,c6_r600m,6,600.000000,426,0.206273,0.219824,0.683330,0.754140,0.625683,0.387667,3.466360,0.000000,0.000000,0.699020
baseline,c6_r600m,6,600.000000,424,0.221838,0.213412,0.780293,0.855796,0.758235,0.403111,3.624171,0.000000,0.000000,0.818768
baseline,c6_r600m,6,600.000000,425,0.241589,0.216040,0.867194,0.900192,0.799113,0.426861,3.938474,0.000000,0.000000,0.846210
baseline,c6_r600m,6,600.000000,428,0.215010,0.192484,0.697682,0.859998,0.651909,0.378944,3.405493,0.000000,0.000000,0.872454
baseline,c6_r600m,6,600.000000,429,0.218311,0.217284,0.744321,0.830159,0.794044,0.386194,3.440559,0.000000,0.000000,0.857721
baseline,c6_r600m,6,600.000000,427,0.215883,0.199761,0.642433,0.806517,0.686895,0.390889,3.521161,0.000000,0.000000,0.818224
baseline,c6_r600m,6,600.000000,430,0.192587,0.190766,0.604012,0.827823,0.695791,0.378972,3.428958,0.000000,0.000000,0.792336
baseline,c6_r600m,6,600.000000,431,0.190879,0.212438,0.608765,0.852494,0.687657,0.375472,3.367003,0.000000,0.000000,0.839211
baseline,c6_r600m,6,600.000000,432,0.198834,0.167057,0.622163,0.905488,0.398028,0.374306,3.342564,0.000000,0.000000,0.853446
baseline,c6_r600m,6,600.000000,435,0.244223,0.235413,0.804616,0.865384,0.846798,0.407278,3.723277,0.000000,0.000000,0.856776
baseline,c6_r600m,6,600.000000,433,0.226015,0.235826,0.797886,0.820166,0.769753,0.399778,3.597729,0.000000,0.000000,0.801236
baseline,c6_r600m,6,600.000000,437,0.224615,0.216004,0.754982,0.821778,0.734627,0.402556,3.661674,0.000000,0.000000,0.846501
baseline,c6_r600m,6,600.000000,434,0.220819,0.213107,0.792822,0.824430,0.613290,0.386917,3.515821,0.000000,0.000000,0.796643
baseline,c6_r600m,6,600.000000,436,0.254518,0.234314,0.882041,0.789273,0.701758,0.404611,3.637643,0.000000,0.000000,0.780390
baseline,c6_r600m,6,600.000000,439,0.158249,0.160518,0.560218,0.868373,0.572666,0.368222,3.288580,0.000000,0.000000,0.840334
baseline,c6_r600m,6,600.000000,440,0.187484,0.186244,0.587684,0.779299,0.530841,0.362472,3.209429,0.000000,0.000000,0.777804
baseline,c6_r600m,6,600.000000,442,0.203553,0.206012,0.791280,0.871685,0.554427,0.395917,3.623387,0.000000,0.000000,0.818947
baseline,c6_r600m,6,600.000000,438,0.208962,0.205417,0.798236,0.849384,0.777331,0.395583,3.619610,0.000000,0.000000,0.807327
baseline,c6_r600m,6,600.000000,441,0.218917,0.215906,0.832220,0.822287,0.722836,0.364389,3.288230,0.000000,0.000000,0.827992
baseline,c6_r600m,6,600.000000,444,0.220228,0.230260,0.751359,0.815062,0.839464,0.394056,3.542647,0.000000,0.000000,0.812642
baseline,c6_r600m,6,600.000000,443,0.194459,0.196454,0.589811,0.814682,0.609800,0.363722,3.301124,0.000000,0.000000,0.794329
baseline,c6_r600m,6,600.000000,445,0.223173,0.226433,0.830894,0.856127,0.805471,0.395583,3.578541,0.000000,0.000000,0.826215
baseline,c8_r15m,8,15.000000,400,-0.111111,0.088889,0.480915,0.385111,0.463623,0.006361,0.001000,1.000000,1.000000,0.342045
baseline,c8_r15m,8,15.000000,401,0.000000,0.012879,0.245135,0.641742,0.421089,0.002944,0.001000,1.000000,1.000000,0.369144
baseline,c8_r15m,8,15.000000,403,0.250000,0.005000,0.310089,0.265611,0.696722,0.003000,0.001000,1.000000,1.000000,0.026863
baseline,c8_r15m,8,15.000000,402,0.000000,0.016667,0.285597,0.594716,0.679565,0.004361,0.001000,1.000000,1.000000,0.345082
baseline,c8_r15m,8,15.000000,404,0.000000,0.000000,0.416460,0.369544,0.797178,0.002778,0.001000,1.000000,1.000000,0.232121
baseline,c8_r15m,8,15.000000,406,0.000000,0.013794,0.510069,0.397969,0.721064,0.007528,0.001000,1.000000,1.000000,0.485755
baseline,c8_r15m,8,15.000000,405,0.000000,0.100641,0.404925,0.184360,0.653454,0.006194,0.001000,1.000000,1.000000,0.162626
baseline,c8_r15m,8,15.000000,407,0.333333,0.066667,0.302233,0.359645,0.449056,0.006972,0.001000,1.000000,1.000000,0.135980
baseline,c8_r15m,8,15.000000,408,-0.200000,-0.007962,0.297374,0.546382,0.683551,0.005500,0.001000,1.000000,1.000000,0.606710
baseline,c6_r600m,6,600.000000,446,0.214603,0.220428,0.738389,0.815158,0.796699,0.374861,3.447772,0.000000,0.000000,0.844657
baseline,c8_r15m,8,15.000000,409,0.000000,0.040000,0.390904,0.263814,0.450782,0.004833,0.001000,1.000000,1.000000,0.247619
baseline,c8_r15m,8,15.000000,410,0.000000,0.008929,0.338538,0.359233,0.701900,0.003056,0.001000,1.000000,1.000000,0.235597
baseline,c6_r600m,6,600.000000,447,0.218039,0.228846,0.836517,0.745967,0.466084,0.377722,3.394403,0.000000,0.000000,0.680495
baseline,c8_r15m,8,15.000000,411,0.000000,0.019167,0.468644,0.282633,0.592914,0.005917,0.001000,1.000000,1.000000,0.342825
baseline,c6_r600m,6,600.000000,448,0.235209,0.220953,0.729625,0.788044,0.593851,0.380194,3.459357,0.000000,0.000000,0.788577
baseline,c8_r15m,8,15.000000,412,0.000000,0.033333,0.493309,0.311886,0.653590,0.005333,0.001000,1.000000,1.000000,0.409315
baseline,c8_r15m,8,15.000000,413,0.000000,-0.022549,0.675656,0.157042,0.719954,0.003361,0.001000,1.000000,1.000000,0.125311
baseline,c8_r15m,8,15.000000,415,0.000000,0.000000,0.354969,0.325038,0.682839,0.003139,0.001000,1.000000,1.000000,0.101865
baseline,c8_r15m,8,15.000000,414,0.000000,-0.016252,0.200344,0.289723,0.579142,0.005194,0.001000,1.000000,1.000000,0.260139
baseline,c8_r15m,8,15.000000,416,0.000000,0.000000,0.163876,0.555416,0.529179,0.003500,0.001000,1.000000,1.000000,0.369386
baseline,c8_r15m,8,15.000000,417,0.000000,-0.006667,0.304513,0.310043,0.693748,0.003417,0.001000,1.000000,1.000000,0.354146
baseline,c8_r15m,8,15.000000,418,0.000000,0.000000,0.281683,0.175005,0.722653,0.004889,0.001000,1.000000,1.000000,0.148984
baseline,c8_r15m,8,15.000000,419,0.000000,0.018333,0.242812,0.248220,0.630435,0.007278,0.001000,1.000000,1.000000,0.175397
baseline,c6_r600m,6,600.000000,449,0.211227,0.230877,0.763145,0.842942,0.513691,0.376889,3.455696,0.000000,0.000000,0.847502
baseline,c8_r15m,8,15.000000,420,0.000000,0.012500,0.373052,0.708604,0.370533,0.001472,0.001000,1.000000,1.000000,0.233333
baseline,c8_r15m,8,15.000000,421,0.000000,0.000000,0.326740,0.650793,0.497598,0.004750,0.001000,1.000000,1.000000,0.432156
baseline,c8_r15m,8,15.000000,422,0.000000,-0.036310,0.568733,0.455468,0.650676,0.003167,0.001000,1.000000,1.000000,0.154762
baseline,c8_r15m,8,15.000000,423,0.000000,-0.005882,0.161460,0.263212,0.492158,0.005111,0.001000,1.000000,1.000000,0.114355
baseline,c8_r15m,8,15.000000,424,0.000000,0.032692,0.324050,0.438544,0.681858,0.004417,0.001000,1.000000,1.000000,0.298455
baseline,c8_r15m,8,15.000000,425,0.000000,0.000758,0.366727,0.384398,0.467075,0.003250,0.001000,1.000000,1.000000,0.322112
baseline,c8_r15m,8,15.000000,426,0.000000,0.000000,0.460644,0.440477,0.518097,0.005889,0.001000,1.000000,1.000000,0.425032
baseline,c8_r15m,8,15.000000,427,0.000000,0.010000,0.457356,0.523557,0.749894,0.003194,0.001000,1.000000,1.000000,0.487772
baseline,c8_r15m,8,15.000000,428,0.000000,-0.036667,0.336542,0.479044,0.405101,0.005444,0.001000,1.000000,1.000000,0.170090
baseline,c8_r15m,8,15.000000,429,-0.153846,0.044495,0.450343,0.244077,0.822203,0.005028,0.001000,1.000000,1.000000,0.235722
baseline,c8_r15m,8,15.000000,430,0.000000,0.000000,0.192734,0.301507,0.684496,0.003694,0.001000,1.000000,1.000000,0.339946
baseline,c8_r15m,8,15.000000,432,0.000000,0.009091,0.555472,0.494034,0.518251,0.004611,0.001000,1.000000,1.000000,0.205006
baseline,c8_r15m,8,15.000000,433,0.000000,0.063889,0.446968,0.420355,0.496669,0.002944,0.001000,1.000000,1.000000,0.351039
baseline,c8_r15m,8,15.000000,431,0.000000,0.000000,0.484881,0.190790,0.385032,0.006333,0.001000,1.000000,1.000000,0.184652
baseline,c8_r15m,8,15.000000,434,0.000000,0.036340,0.169700,0.298081,0.545849,0.003611,0.001000,1.000000,1.000000,0.315022
baseline,c8_r15m,8,15.000000,435,0.166667,0.036667,0.411232,0.439549,0.815614,0.003000,0.001000,1.000000,1.000000,0.278167
baseline,c8_r15m,8,15.000000,436,0.000000,0.083333,0.332105,0.207197,0.502260,0.003667,0.001000,1.000000,1.000000,0.229361
baseline,c8_r15m,8,15.000000,438,0.000000,0.006835,0.213561,0.546368,0.743574,0.008222,0.001000,1.000000,1.000000,0.592014
baseline,c8_r15m,8,15.000000,439,0.000000,0.107669,0.379346,0.297550,0.765667,0.007861,0.001000,1.000000,1.000000,0.334904
baseline,c8_r15m,8,15.000000,437,0.000000,-0.033333,0.545178,0.261025,0.549996,0.002722,0.001000,1.000000,1.000000,0.176984
baseline,c8_r15m,8,15.000000,440,0.000000,0.000000,0.472877,0.341708,0.627461,0.002500,0.001000,1.000000,1.000000,0.349879
baseline,c8_r15m,8,15.000000,441,0.000000,0.000000,0.337430,0.279952,0.542275,0.002028,0.001000,1.000000,1.000000,0.279234
baseline,c8_r15m,8,15.000000,442,0.000000,0.011111,0.627872,0.286957,0.833705,0.003611,0.001000,1.000000,1.000000,0.145146
baseline,c8_r15m,8,15.000000,443,-0.142857,-0.028501,0.302512,0.502854,0.475112,0.003722,0.001000,1.000000,1.000000,0.230079
baseline,c8_r15m,8,15.000000,444,0.037037,0.026643,0.347475,0.446597,0.715463,0.006722,0.001000,1.000000,1.000000,0.333406
baseline,c8_r15m,8,15.000000,445,0.125000,0.000000,0.286520,0.141959,0.748122,0.004417,0.001000,1.000000,1.000000,0.064635
baseline,c8_r15m,8,15.000000,446,0.000000,-0.020000,0.515682,0.540289,0.520764,0.004250,0.001000,1.000000,1.000000,0.273142
baseline,c8_r15m,8,15.000000,449,-0.083333,0.004167,0.359928,0.227616,0.457682,0.003944,0.001000,1.000000,1.000000,0.117172
baseline,c8_r15m,8,15.000000,447,0.000000,-0.025000,0.687793,0.652459,0.801378,0.002194,0.001000,1.000000,1.000000,0.243056
baseline,c8_r37.5m,8,37.500000,400,0.044637,0.038454,0.350432,0.278386,0.726571,0.013861,0.001000,1.000000,1.000000,0.254533
baseline,c8_r15m,8,15.000000,448,-0.052632,-0.043549,0.274928,0.189114,0.496831,0.005083,0.001000,1.000000,1.000000,0.138222
baseline,c8_r37.5m,8,37.500000,401,0.025771,0.040274,0.377738,0.370103,0.746369,0.011028,0.001000,1.000000,1.000000,0.245239
baseline,c8_r37.5m,8,37.500000,403,0.061824,0.046500,0.367226,0.190697,0.624805,0.018667,0.001000,1.000000,1.000000,0.272118
baseline,c8_r37.5m,8,37.500000,402,0.032079,0.022735,0.224090,0.273613,0.801620,0.015222,0.001000,1.000000,1.000000,0.337001
baseline,c8_r37.5m,8,37.500000,404,0.003931,0.017038,0.299544,0.408339,0.695200,0.013194,0.001000,1.000000,1.000000,0.539924
baseline,c8_r37.5m,8,37.500000,405,0.019846,0.030076,0.360295,0.217711,0.653044,0.010611,0.001000,1.000000,1.000000,0.241844
baseline,c8_r37.5m,8,37.500000,406,0.080769,0.029651,0.369155,0.723204,0.720748,0.005778,0.001000,1.000000,1.000000,0.595203
baseline,c8_r37.5m,8,37.500000,407,0.038638,0.025635,0.502998,0.458831,0.743587,0.014778,0.001000,1.000000,1.000000,0.493170
baseline,c8_r37.5m,8,37.500000,408,0.037670,0.015553,0.318676,0.313140,0.670225,0.007722,0.001000,1.000000,1.000000,0.235534
baseline,c8_r37.5m,8,37.500000,409,0.033251,0.032744,0.285596,0.380379,0.856070,0.013667,0.001000,1.000000,1.000000,0.340956
baseline,c8_r37.5m,8,37.500000,410,0.033442,0.033449,0.542781,0.330020,0.722746,0.013528,0.001000,1.000000,1.000000,0.346600
baseline,c8_r37.5m,8,37.500000,412,0.053117,0.053858,0.456283,0.376597,0.816539,0.014944,0.001000,1.000000,1.000000,0.406907
baseline,c8_r37.5m,8,37.500000,411,-0.009172,0.023628,0.365325,0.468736,0.471479,0.009806,0.001000,1.000000,1.000000,0.256924
baseline,c8_r37.5m,8,37.500000,413,0.025344,0.049977,0.551015,0.545194,0.795945,0.005194,0.001000,1.000000,1.000000,0.480952
baseline,c8_r37.5m,8,37.500000,415,0.024587,0.059591,0.418453,0.567186,0.557006,0.006667,0.001000,1.000000,1.000000,0.363827
baseline,c8_r37.5m,8,37.500000,414,-0.000257,0.023514,0.215751,0.281414,0.780831,0.012833,0.001000,1.000000,1.000000,0.167941
baseline,c8_r37.5m,8,37.500000,416,0.071169,0.043238,0.474334,0.517544,0.723497,0.011556,0.001000,1.000000,1.000000,0.442773
baseline,c8_r37.5m,8,37.500000,417,0.033816,0.019853,0.304356,0.323839,0.583797,0.007028,0.001000,1.000000,1.000000,0.334136
baseline,c8_r37.5m,8,37.500000,418,-0.004415,0.036501,0.239869,0.364210,0.575018,0.005389,0.001000,1.000000,1.000000,0.560371
baseline,c8_r37.5m,8,37.500000,420,0.004096,0.026661,0.453188,0.189157,0.761757,0.006361,0.001000,1.000000,1.000000,0.203930
baseline,c8_r37.5m,8,37.500000,419,0.032568,0.019218,0.638619,0.464457,0.766428,0.007444,0.001000,1.000000,1.000000,0.481955
baseline,c8_r37.5m,8,37.500000,422,0.042776,0.030281,0.211922,0.379138,0.464065,0.011306,0.001000,1.000000,1.000000,0.415323
baseline,c8_r37.5m,8,37.500000,421,0.044203,0.030108,0.426554,0.324558,0.721233,0.016639,0.001000,1.000000,1.000000,0.239351
baseline,c8_r37.5m,8,37.500000,423,0.044103,0.038787,0.369747,0.327540,0.572776,0.016889,0.001000,1.000000,1.000000,0.365441
baseline,c8_r37.5m,8,37.500000,424,0.024797,0.028193,0.394932,0.359988,0.613200,0.019639,0.001000,1.000000,1.000000,0.284250
baseline,c8_r37.5m,8,37.500000,425,0.044335,0.042348,0.477349,0.580464,0.668488,0.011222,0.001000,1.000000,1.000000,0.521557
baseline,c8_r37.5m,8,37.500000,426,0.071464,0.059061,0.605291,0.403881,0.783468,0.008667,0.001000,1.000000,1.000000,0.352295
baseline,c8_r37.5m,8,37.500000,427,0.076594,0.039471,0.345272,0.223490,0.749377,0.006278,0.001000,1.000000,1.000000,0.311654
baseline,c8_r37.5m,8,37.500000,428,0.006269,0.032178,0.251813,0.318714,0.427590,0.005083,0.001000,1.000000,1.000000,0.256526
baseline,c8_r37.5m,8,37.500000,430,0.068564,0.045630,0.633317,0.822330,0.784047,0.018833,0.001000,1.000000,1.000000,0.849628
baseline,c8_r37.5m,8,37.500000,431,0.034324,0.033818,0.300864,0.347010,0.538315,0.012389,0.001000,1.000000,1.000000,0.414502
baseline,c8_r37.5m,8,37.500000,432,0.009642,0.028342,0.358781,0.392304,0.817230,0.010333,0.001000,1.000000,1.000000,0.528637
baseline,c8_r37.5m,8,37.500000,433,0.060263,0.049032,0.389750,0.292007,0.460644,0.004528,0.001000,1.000000,1.000000,0.288730
baseline,c8_r37.5m,8,37.500000,429,0.037229,0.032267,0.199467,0.404966,0.870465,0.010222,0.001000,1.000000,1.000000,0.463683
baseline,c8_r37.5m,8,37.500000,434,-0.018340,0.038611,0.411199,0.605965,0.549135,0.010750,0.001000,1.000000,1.000000,0.662719
baseline,c8_r37.5m,8,37.500000,435,0.026815,0.044071,0.455817,0.211540,0.671375,0.014528,0.001000,1.000000,1.000000,0.157200
baseline,c8_r37.5m,8,37.500000,436,0.035245,0.012780,0.464384,0.307223,0.596513,0.016111,0.001000,1.000000,1.000000,0.410666
baseline,c8_r37.5m,8,37.500000,437,-0.003045,0.031491,0.327181,0.260616,0.762844,0.008972,0.001000,1.000000,1.000000,0.254656
baseline,c8_r37.5m,8,37.500000,438,0.021952,0.039700,0.448455,0.549423,0.791173,0.011056,0.001000,1.000000,1.000000,0.660158
baseline,c8_r37.5m,8,37.500000,439,0.001175,0.023513,0.404813,0.444270,0.635401,0.007694,0.001000,1.000000,1.000000,0.436361
baseline,c8_r37.5m,8,37.500000,440,-0.012884,0.021350,0.226638,0.287600,0.649987,0.010472,0.001000,1.000000,1.000000,0.349245
baseline,c8_r37.5m,8,37.500000,441,0.034262,0.022741,0.268119,0.290080,0.762879,0.013000,0.001000,1.000000,1.000000,0.268682
baseline,c8_r37.5m,8,37.500000,442,0.022508,0.029847,0.240372,0.299016,0.690873,0.017861,0.001000,1.000000,1.000000,0.175006
baseline,c8_r37.5m,8,37.500000,443,0.062261,0.041255,0.550077,0.368902,0.741306,0.012083,0.001000,1.000000,1.000000,0.446723
baseline,c8_r37.5m,8,37.500000,445,0.022130,0.025514,0.294937,0.319904,0.699308,0.018472,0.001000,1.000000,1.000000,0.344824
baseline,c8_r37.5m,8,37.500000,444,0.020742,0.063113,0.532664,0.233073,0.572374,0.018889,0.001000,1.000000,1.000000,0.223582
baseline,c8_r37.5m,8,37.500000,446,0.020113,0.039545,0.282272,0.743270,0.880420,0.005972,0.001000,1.000000,1.000000,0.736806
baseline,c8_r37.5m,8,37.500000,447,0.026400,0.017314,0.193031,0.265373,0.592478,0.009111,0.001000,1.000000,1.000000,0.325639
baseline,c8_r37.5m,8,37.500000,448,0.025794,0.026790,0.268473,0.456565,0.570626,0.005778,0.001000,1.000000,1.000000,0.355844
baseline,c8_r37.5m,8,37.500000,449,0.083201,0.051757,0.486070,0.223056,0.605426,0.008444,0.001000,1.000000,1.000000,0.199697
baseline,c8_r75m,8,75.000000,400,0.021855,0.036090,0.333015,0.305400,0.695495,0.024139,0.001000,1.000000,1.000000,0.323928
baseline,c8_r75m,8,75.000000,403,0.038463,0.040548,0.372200,0.252231,0.428574,0.021389,0.001000,1.000000,1.000000,0.256001
baseline,c8_r75m,8,75.000000,404,0.070705,0.075342,0.445970,0.274949,0.546138,0.023333,0.001000,1.000000,1.000000,0.373382
baseline,c8_r75m,8,75.000000,402,0.052018,0.051447,0.470402,0.328977,0.565255,0.022556,0.001000,1.000000,1.000000,0.305327
baseline,c8_r75m,8,75.000000,401,0.051063,0.050463,0.663875,0.456577,0.671180,0.019778,0.001000,1.000000,1.000000,0.496621
baseline,c8_r75m,8,75.000000,407,0.093734,0.067098,0.498717,0.580287,0.574493,0.016861,0.001000,1.000000,1.000000,0.625721
baseline,c8_r75m,8,75.000000,406,0.041664,0.037306,0.253731,0.228805,0.564454,0.035972,0.001000,1.000000,1.000000,0.284673
baseline,c8_r75m,8,75.000000,409,0.013999,0.030253,0.283794,0.487570,0.784607,0.021889,0.001000,1.000000,1.000000,0.360280
baseline,c8_r75m,8,75.000000,408,0.022187,0.028709,0.348325,0.475695,0.729812,0.023972,0.001000,1.000000,1.000000,0.395922
baseline,c8_r75m,8,75.000000,405,0.020329,0.031521,0.255317,0.369762,0.674078,0.030389,0.001000,1.000000,1.000000,0.308952
baseline,c8_r75m,8,75.000000,410,0.068174,0.058559,0.431122,0.290841,0.512830,0.014306,0.001000,1.000000,1.000000,0.303237
baseline,c8_r75m,8,75.000000,411,0.051108,0.046170,0.322690,0.219897,0.503945,0.018500,0.001000,1.000000,1.000000,0.220056
baseline,c8_r75m,8,75.000000,412,0.040275,0.049096,0.458802,0.372578,0.765450,0.021694,0.001000,1.000000,1.000000,0.422300
baseline,c8_r75m,8,75.000000,413,0.012284,0.051068,0.395444,0.214901,0.455228,0.024000,0.001000,1.000000,1.000000,0.261801
baseline,c8_r75m,8,75.000000,414,0.053131,0.043412,0.390079,0.311921,0.323368,0.028806,0.001000,1.000000,1.000000,0.312741
baseline,c8_r75m,8,75.000000,415,0.039228,0.058464,0.487159,0.498554,0.290625,0.036944,0.001000,1.000000,1.000000,0.368567
baseline,c8_r75m,8,75.000000,418,0.051083,0.047527,0.457898,0.399074,0.456989,0.021583,0.001000,1.000000,1.000000,0.464381
baseline,c8_r75m,8,75.000000,416,0.038124,0.053522,0.381497,0.326285,0.251738,0.025306,0.001000,1.000000,1.000000,0.278701
baseline,c8_r75m,8,75.000000,419,0.017920,0.027823,0.182057,0.424513,0.646503,0.013389,0.001000,1.000000,1.000000,0.198154
baseline,c8_r75m,8,75.000000,417,0.040322,0.023770,0.203388,0.541971,0.644731,0.020167,0.001000,1.000000,1.000000,0.536703
baseline,c8_r75m,8,75.000000,420,0.024320,0.034673,0.311102,0.525418,0.824898,0.020722,0.001000,1.000000,1.000000,0.506134
baseline,c8_r75m,8,75.000000,421,0.051009,0.078809,0.396591,0.224910,0.219480,0.020222,0.001000,1.000000,1.000000,0.223518
baseline,c8_r75m,8,75.000000,424,0.063260,0.059737,0.360607,0.185688,0.540947,0.016389,0.001000,1.000000,1.000000,0.230225
baseline,c8_r75m,8,75.000000,422,0.038751,0.049670,0.553520,0.276762,0.705302,0.014056,0.001000,1.000000,1.000000,0.397612
baseline,c8_r75m,8,75.000000,423,0.056628,0.047434,0.396264,0.167689,0.517670,0.038528,0.001000,1.000000,1.000000,0.209977
baseline,c8_r75m,8,75.000000,425,0.019740,0.028297,0.157653,0.346322,0.796017,0.028917,0.001000,1.000000,1.000000,0.259316
baseline,c8_r75m,8,75.000000,426,0.052678,0.053124,0.496177,0.570153,0.774250,0.023528,0.001000,1.000000,1.000000,0.601267
baseline,c8_r75m,8,75.000000,427,0.025197,0.050057,0.380248,0.263881,0.446515,0.020722,0.001000,1.000000,1.000000,0.322428
baseline,c8_r75m,8,75.000000,429,0.101356,0.067279,0.527926,0.368029,0.663561,0.014750,0.001000,1.000000,1.000000,0.298714
baseline,c8_r75m,8,75.000000,428,0.055468,0.051384,0.331916,0.369044,0.656453,0.019472,0.001000,1.000000,1.000000,0.485734
baseline,c8_r75m,8,75.000000,430,0.046332,0.040905,0.487827,0.379682,0.832776,0.019833,0.001000,1.000000,1.000000,0.446477
baseline,c8_r75m,8,75.000000,431,0.043682,0.033674,0.291715,0.567180,0.634498,0.040306,0.001000,1.000000,1.000000,0.479714
baseline,c8_r75m,8,75.000000,433,0.018747,0.034580,0.326413,0.511460,0.666654,0.012056,0.001000,1.000000,1.000000,0.311327
baseline,c8_r75m,8,75.000000,432,0.031854,0.033373,0.302596,0.346883,0.576938,0.035028,0.001000,1.000000,1.000000,0.314913
baseline,c8_r75m,8,75.000000,434,0.009657,0.031622,0.269650,0.465234,0.615794,0.025139,0.001000,1.000000,1.000000,0.512215
baseline,c8_r75m,8,75.000000,436,0.047972,0.031934,0.631884,0.226380,0.631553,0.016056,0.001000,1.000000,1.000000,0.346692
baseline,c8_r75m,8,75.000000,435,0.063480,0.048058,0.279079,0.238802,0.732637,0.016556,0.001000,1.000000,1.000000,0.272858
baseline,c8_r75m,8,75.000000,438,0.038930,0.044657,0.298570,0.427441,0.694826,0.011139,0.001000,1.000000,1.000000,0.359517
baseline,c8_r75m,8,75.000000,440,0.030774,0.033329,0.225908,0.264649,0.490875,0.021750,0.001000,1.000000,1.000000,0.266826
baseline,c8_r75m,8,75.000000,439,0.045687,0.034657,0.257872,0.274481,0.554408,0.014333,0.001000,1.000000,0.998333,0.214121
baseline,c8_r75m,8,75.000000,437,0.028827,0.047472,0.458976,0.831593,0.608270,0.014361,0.001000,1.000000,1.000000,0.677511
baseline,c8_r75m,8,75.000000,441,0.045786,0.039926,0.274706,0.301049,0.530501,0.038000,0.001000,1.000000,1.000000,0.287087
baseline,c8_r75m,8,75.000000,443,0.035253,0.025150,0.234642,0.506821,0.453391,0.023611,0.001000,1.000000,1.000000,0.355121
baseline,c8_r75m,8,75.000000,444,0.030545,0.045086,0.306626,0.259303,0.594936,0.022389,0.001000,1.000000,1.000000,0.264909
baseline,c8_r75m,8,75.000000,442,0.050024,0.046347,0.442707,0.367985,0.491363,0.038722,0.001000,1.000000,1.000000,0.383812
baseline,c8_r75m,8,75.000000,445,0.057103,0.050455,0.567347,0.539829,0.837273,0.036472,0.001000,1.000000,1.000000,0.415825
baseline,c8_r75m,8,75.000000,446,0.038728,0.039348,0.292272,0.459219,0.729561,0.031861,0.001000,1.000000,1.000000,0.393893
baseline,c8_r75m,8,75.000000,447,0.028925,0.026976,0.179716,0.433455,0.441591,0.025694,0.001000,1.000000,1.000000,0.409054
baseline,c8_r75m,8,75.000000,448,0.027315,0.040408,0.430825,0.431367,0.635981,0.014194,0.001000,1.000000,1.000000,0.292040
baseline,c8_r75m,8,75.000000,449,0.024984,0.041925,0.324227,0.819678,0.583391,0.037667,0.001000,1.000000,1.000000,0.805829
baseline,c8_r150m,8,150.000000,402,0.117682,0.132010,0.928006,0.916365,0.381684,0.122472,0.223183,0.300000,0.328333,0.903963
baseline,c8_r150m,8,150.000000,400,0.135651,0.123794,0.881687,0.921815,0.786087,0.123278,0.248748,0.216667,0.296667,0.925431
baseline,c8_r150m,8,150.000000,401,0.123450,0.118958,0.910764,0.942021,0.727283,0.124167,0.227706,0.166667,0.300000,0.885959
baseline,c8_r150m,8,150.000000,403,0.122022,0.105825,0.810939,0.901429,0.650609,0.117417,0.145866,0.400000,0.365000,0.903384
baseline,c8_r150m,8,150.000000,405,0.119379,0.119340,0.861443,0.892185,0.363181,0.108528,0.159320,0.383333,0.365000,0.876886
baseline,c8_r150m,8,150.000000,404,0.134122,0.116843,0.883962,0.903434,0.870652,0.120028,0.206377,0.266667,0.331667,0.900092
baseline,c8_r150m,8,150.000000,407,0.104217,0.114292,0.866178,0.907366,0.664962,0.099361,0.115789,0.483333,0.380000,0.888889
baseline,c8_r150m,8,150.000000,406,0.111227,0.118322,0.892342,0.863944,0.431117,0.114667,0.153951,0.333333,0.338333,0.875098
baseline,c8_r150m,8,150.000000,409,0.120151,0.116743,0.880267,0.878501,0.736031,0.109889,0.141792,0.316667,0.325000,0.887505
baseline,c8_r150m,8,150.000000,408,0.112297,0.114768,0.909723,0.899529,0.887619,0.115000,0.193401,0.333333,0.330000,0.885897
baseline,c8_r150m,8,150.000000,411,0.102504,0.110276,0.857800,0.907105,0.863166,0.120000,0.214369,0.316667,0.345000,0.874052
baseline,c8_r150m,8,150.000000,412,0.135554,0.116107,0.895513,0.909193,0.696018,0.120333,0.222942,0.333333,0.343333,0.894252
baseline,c8_r150m,8,150.000000,410,0.110869,0.108089,0.863415,0.918426,0.845061,0.119944,0.213602,0.350000,0.321667,0.890164
baseline,c8_r150m,8,150.000000,414,0.131088,0.122291,0.891176,0.897246,0.518263,0.105222,0.151540,0.383333,0.386667,0.883481
baseline,c8_r150m,8,150.000000,413,0.095010,0.109119,0.832300,0.848165,0.704737,0.112694,0.155954,0.400000,0.363333,0.875768
baseline,c8_r150m,8,150.000000,415,0.101753,0.117321,0.892999,0.909763,0.776310,0.103889,0.138609,0.383333,0.295000,0.903013
baseline,c8_r150m,8,150.000000,417,0.109858,0.116694,0.849390,0.907394,0.476481,0.113667,0.210132,0.316667,0.411667,0.865828
baseline,c8_r150m,8,150.000000,416,0.122306,0.112717,0.901034,0.920794,0.810331,0.120722,0.207674,0.283333,0.356667,0.894646
baseline,c8_r150m,8,150.000000,419,0.119709,0.118545,0.903408,0.887491,0.579603,0.113778,0.151289,0.350000,0.303333,0.875069
baseline,c8_r150m,8,150.000000,418,0.112538,0.113515,0.910509,0.908671,0.818815,0.118778,0.169398,0.316667,0.338333,0.885265
baseline,c8_r150m,8,150.000000,420,0.126597,0.110943,0.921248,0.910157,0.774707,0.118917,0.209064,0.400000,0.331667,0.871302
baseline,c8_r150m,8,150.000000,421,0.092949,0.111937,0.816474,0.936052,0.603775,0.119194,0.174173,0.366667,0.350000,0.872358
baseline,c8_r150m,8,150.000000,422,0.092302,0.112635,0.915106,0.890390,0.511588,0.113750,0.164402,0.433333,0.338333,0.893388
baseline,c8_r150m,8,150.000000,425,0.127413,0.117957,0.872725,0.902222,0.719552,0.119778,0.223086,0.283333,0.353333,0.903927
baseline,c8_r150m,8,150.000000,423,0.095047,0.112873,0.885820,0.909981,0.764628,0.115056,0.181676,0.316667,0.318333,0.897420
baseline,c8_r150m,8,150.000000,424,0.110840,0.113360,0.906468,0.914860,0.579016,0.120389,0.198590,0.316667,0.316667,0.895567
baseline,c8_r150m,8,150.000000,426,0.116344,0.109580,0.853481,0.858769,0.760455,0.112889,0.175885,0.350000,0.375000,0.883662
baseline,c8_r150m,8,150.000000,427,0.112874,0.121233,0.867820,0.878430,0.636671,0.118361,0.168822,0.333333,0.375000,0.874413
baseline,c8_r150m,8,150.000000,428,0.119634,0.110181,0.851253,0.875172,0.492723,0.116611,0.169989,0.400000,0.380000,0.888695
baseline,c8_r150m,8,150.000000,429,0.140510,0.117730,0.909534,0.922958,0.771888,0.119806,0.220425,0.216667,0.321667,0.908288
baseline,c8_r150m,8,150.000000,431,0.120906,0.116642,0.862031,0.918818,0.787947,0.107528,0.147159,0.500000,0.353333,0.880993
baseline,c8_r150m,8,150.000000,430,0.107821,0.119063,0.900901,0.954178,0.558488,0.121389,0.207276,0.350000,0.346667,0.892522
baseline,c8_r150m,8,150.000000,432,0.108486,0.112766,0.842701,0.912407,0.745127,0.115528,0.197791,0.350000,0.360000,0.897373
baseline,c8_r150m,8,150.000000,433,0.105470,0.114289,0.899534,0.888276,0.801496,0.119417,0.161966,0.283333,0.325000,0.857836
baseline,c8_r150m,8,150.000000,435,0.119035,0.120260,0.843654,0.823784,0.493325,0.117750,0.179355,0.283333,0.361667,0.829657
baseline,c8_r150m,8,150.000000,436,0.150695,0.118049,0.902216,0.941452,0.484314,0.116444,0.191483,0.233333,0.315000,0.911416
baseline,c8_r150m,8,150.000000,440,0.110205,0.098398,0.856546,0.918381,0.879672,0.101028,0.164961,0.316667,0.478333,0.769576
baseline,c8_r150m,8,150.000000,434,0.126093,0.115292,0.911486,0.890982,0.744961,0.121389,0.223958,0.266667,0.345000,0.894257
baseline,c8_r150m,8,150.000000,437,0.134764,0.115397,0.872371,0.896142,0.737946,0.120639,0.203729,0.266667,0.333333,0.883598
baseline,c8_r150m,8,150.000000,439,0.113136,0.109155,0.906913,0.897804,0.811353,0.120222,0.200061,0.250000,0.356667,0.892334
baseline,c8_r150m,8,150.000000,438,0.113866,0.113927,0.920554,0.865655,0.578062,0.116472,0.169301,0.333333,0.301667,0.892129
baseline,c8_r150m,8,150.000000,441,0.111207,0.114156,0.924519,0.892376,0.881065,0.121306,0.200825,0.333333,0.375000,0.875129
baseline,c8_r150m,8,150.000000,442,0.105473,0.112102,0.927096,0.900623,0.680025,0.119139,0.199171,0.366667,0.313333,0.901057
baseline,c8_r150m,8,150.000000,443,0.115835,0.120438,0.890573,0.911744,0.600142,0.121639,0.237316,0.216667,0.315000,0.891271
baseline,c8_r150m,8,150.000000,444,0.119450,0.116349,0.822603,0.925180,0.792119,0.122000,0.223760,0.250000,0.303333,0.903106
baseline,c8_r150m,8,150.000000,445,0.099912,0.116872,0.844429,0.923205,0.739519,0.119778,0.205635,0.250000,0.296667,0.905508
baseline,c8_r150m,8,150.000000,446,0.118046,0.112102,0.901169,0.904256,0.804933,0.116861,0.171053,0.316667,0.370000,0.903116
baseline,c8_r150m,8,150.000000,447,0.106770,0.114303,0.837319,0.892792,0.870774,0.114667,0.179295,0.416667,0.370000,0.879936
baseline,c8_r150m,8,150.000000,449,0.113391,0.114557,0.902458,0.897137,0.501611,0.110250,0.166606,0.400000,0.341667,0.900848
baseline,c8_r150m,8,150.000000,448,0.103764,0.120161,0.954776,0.931287,0.559633,0.119667,0.249129,0.283333,0.311667,0.905531
baseline,c8_r300m,8,300.000000,401,0.144429,0.154849,0.712327,0.858572,0.646064,0.230250,1.522644,0.000000,0.000000,0.798538
baseline,c8_r300m,8,300.000000,400,0.192753,0.164991,0.804018,0.884566,0.752308,0.245583,1.736529,0.000000,0.000000,0.858474
baseline,c8_r300m,8,300.000000,402,0.168454,0.168938,0.796432,0.810873,0.464223,0.244444,1.686943,0.000000,0.000000,0.817549
baseline,c8_r300m,8,300.000000,404,0.155397,0.172220,0.730718,0.839455,0.617187,0.237972,1.611923,0.000000,0.000000,0.825089
baseline,c8_r300m,8,300.000000,403,0.185323,0.173420,0.853268,0.861273,0.773193,0.237111,1.688110,0.000000,0.000000,0.872613
baseline,c8_r300m,8,300.000000,405,0.173183,0.162368,0.783984,0.867086,0.585901,0.244917,1.715393,0.000000,0.000000,0.873361
baseline,c8_r300m,8,300.000000,406,0.192412,0.151942,0.823034,0.899429,0.577904,0.244222,1.730143,0.000000,0.000000,0.884966
baseline,c8_r300m,8,300.000000,408,0.157094,0.161285,0.706225,0.814225,0.616408,0.235306,1.584143,0.000000,0.000000,0.792585
baseline,c8_r300m,8,300.000000,407,0.163942,0.176599,0.790823,0.830265,0.502632,0.238944,1.649389,0.000000,0.000000,0.824891
baseline,c8_r300m,8,300.000000,410,0.172873,0.174675,0.884402,0.819909,0.829373,0.250833,1.789860,0.000000,0.000000,0.818143
baseline,c8_r300m,8,300.000000,409,0.164301,0.165076,0.815289,0.864891,0.842625,0.237444,1.629658,0.000000,0.000000,0.828472
baseline,c8_r300m,8,300.000000,411,0.176435,0.168003,0.812245,0.822113,0.533431,0.229278,1.587617,0.000000,0.000000,0.798415
baseline,c8_r300m,8,300.000000,412,0.165172,0.176803,0.853969,0.870361,0.511111,0.248250,1.734637,0.000000,0.000000,0.883555
baseline,c8_r300m,8,300.000000,413,0.173845,0.168741,0.788973,0.845956,0.560722,0.233389,1.614680,0.000000,0.000000,0.821190
baseline,c8_r300m,8,300.000000,415,0.172376,0.170215,0.816428,0.824757,0.535676,0.232083,1.607993,0.000000,0.000000,0.812952
baseline,c8_r300m,8,300.000000,414,0.184466,0.172690,0.790004,0.864058,0.413987,0.249639,1.767086,0.000000,0.000000,0.823969
baseline,c8_r300m,8,300.000000,417,0.187782,0.176982,0.874417,0.800779,0.418031,0.233028,1.586335,0.000000,0.000000,0.802031
baseline,c8_r300m,8,300.000000,418,0.142260,0.153242,0.732663,0.820759,0.307190,0.226222,1.531798,0.000000,0.000000,0.814059
baseline,c8_r300m,8,300.000000,416,0.174185,0.166105,0.795227,0.853756,0.701088,0.249639,1.760494,0.000000,0.000000,0.849743
baseline,c8_r300m,8,300.000000,420,0.181898,0.164227,0.717350,0.834073,0.517950,0.232472,1.587129,0.000000,0.000000,0.858499
baseline,c8_r300m,8,300.000000,423,0.173148,0.177927,0.852787,0.892109,0.854233,0.238556,1.675061,0.000000,0.000000,0.838203
baseline,c8_r300m,8,300.000000,419,0.152680,0.170301,0.799273,0.856307,0.719047,0.244306,1.699162,0.000000,0.000000,0.851035
baseline,c8_r300m,8,300.000000,421,0.150584,0.170684,0.791221,0.901851,0.484524,0.249944,1.775328,0.000000,0.000000,0.852343
baseline,c8_r300m,8,300.000000,422,0.161540,0.168130,0.836628,0.822742,0.628185,0.242361,1.689752,0.000000,0.000000,0.819945
baseline,c8_r300m,8,300.000000,424,0.156122,0.174016,0.844027,0.842261,0.660477,0.239250,1.656672,0.000000,0.000000,0.847876
baseline,c8_r300m,8,300.000000,425,0.156729,0.171530,0.783485,0.856120,0.739973,0.237778,1.665392,0.000000,0.000000,0.892083
baseline,c8_r300m,8,300.000000,426,0.179760,0.175127,0.828950,0.890809,0.677594,0.257778,1.866026,0.000000,0.000000,0.829529
baseline,c8_r300m,8,300.000000,427,0.165842,0.172675,0.861355,0.831731,0.747538,0.242833,1.671081,0.000000,0.000000,0.822778
baseline,c8_r300m,8,300.000000,429,0.184764,0.177007,0.766311,0.881228,0.219104,0.235694,1.621931,0.000000,0.000000,0.837573
baseline,c8_r300m,8,300.000000,431,0.164372,0.168923,0.840936,0.891612,0.746633,0.254500,1.786865,0.000000,0.000000,0.844954
baseline,c8_r300m,8,300.000000,430,0.158337,0.152108,0.651044,0.906972,0.419254,0.243833,1.676002,0.000000,0.000000,0.861673
baseline,c8_r300m,8,300.000000,428,0.174825,0.164858,0.841165,0.866306,0.511394,0.237056,1.656219,0.000000,0.000000,0.858407
baseline,c8_r300m,8,300.000000,432,0.150377,0.156544,0.745822,0.841297,0.701595,0.237889,1.637564,0.000000,0.000000,0.855868
baseline,c8_r300m,8,300.000000,434,0.173443,0.172161,0.758563,0.816029,0.180384,0.227667,1.497214,0.000000,0.000000,0.831116
baseline,c8_r300m,8,300.000000,433,0.145683,0.161686,0.781460,0.843206,0.700178,0.238667,1.633180,0.000000,0.000000,0.812539
baseline,c8_r300m,8,300.000000,435,0.165269,0.163690,0.837277,0.853256,0.731014,0.244278,1.690673,0.000000,0.000000,0.842422
baseline,c8_r300m,8,300.000000,439,0.173403,0.169912,0.825402,0.844172,0.529944,0.228861,1.575009,0.000000,0.000000,0.810026
baseline,c8_r300m,8,300.000000,436,0.161233,0.179112,0.813912,0.897059,0.652957,0.245333,1.727396,0.000000,0.000000,0.828414
baseline,c8_r300m,8,300.000000,437,0.172043,0.174731,0.814446,0.816427,0.795228,0.244944,1.708011,0.000000,0.000000,0.806464
baseline,c8_r300m,8,300.000000,441,0.173177,0.164190,0.749166,0.852244,0.314827,0.234944,1.603505,0.000000,0.000000,0.848246
baseline,c8_r300m,8,300.000000,442,0.175744,0.170720,0.782509,0.870087,0.846830,0.249167,1.748620,0.000000,0.000000,0.838871
baseline,c8_r300m,8,300.000000,438,0.182262,0.172074,0.837910,0.888971,0.690096,0.253167,1.825905,0.000000,0.000000,0.859885
baseline,c8_r300m,8,300.000000,440,0.159111,0.174161,0.768469,0.889988,0.507363,0.244472,1.717144,0.000000,0.000000,0.877019
baseline,c8_r300m,8,300.000000,443,0.154656,0.163850,0.789693,0.859039,0.650205,0.239167,1.650247,0.000000,0.000000,0.828476
baseline,c8_r300m,8,300.000000,444,0.152811,0.161267,0.723684,0.877308,0.480014,0.230333,1.566847,0.000000,0.000000,0.861285
baseline,c8_r300m,8,300.000000,445,0.163954,0.169333,0.785642,0.826980,0.671356,0.234556,1.626672,0.000000,0.000000,0.830206
baseline,c8_r300m,8,300.000000,446,0.183067,0.168843,0.858392,0.865759,0.660731,0.244361,1.705479,0.000000,0.000000,0.873055
baseline,c8_r300m,8,300.000000,447,0.173424,0.178081,0.831309,0.820028,0.579009,0.219167,1.460361,0.000000,0.000000,0.824297
baseline,c8_r300m,8,300.000000,448,0.172832,0.155995,0.727210,0.859096,0.679517,0.237306,1.631947,0.000000,0.000000,0.792531
baseline,c8_r300m,8,300.000000,449,0.162401,0.175188,0.819342,0.847675,0.643604,0.252250,1.783609,0.000000,0.000000,0.848146
baseline,c8_r600m,8,600.000000,400,0.173344,0.187957,0.548418,0.874143,0.767692,0.461889,4.426595,0.000000,0.000000,0.845002
baseline,c8_r600m,8,600.000000,401,0.173432,0.180905,0.590668,0.835752,0.765148,0.460639,4.410724,0.000000,0.000000,0.759462
baseline,c8_r600m,8,600.000000,402,0.180958,0.168364,0.606210,0.795793,0.779175,0.433667,4.165941,0.000000,0.000000,0.804672
baseline,c8_r600m,8,600.000000,404,0.190558,0.185134,0.581078,0.719896,0.489453,0.439528,4.184979,0.000000,0.000000,0.762825
baseline,c8_r600m,8,600.000000,403,0.194011,0.189252,0.801855,0.881647,0.467197,0.472222,4.547492,0.000000,0.000000,0.835078
baseline,c8_r600m,8,600.000000,407,0.161789,0.179941,0.712772,0.832627,0.757831,0.451722,4.289985,0.000000,0.000000,0.815900
baseline,c8_r600m,8,600.000000,408,0.201775,0.188450,0.735512,0.845433,0.778553,0.478444,4.592726,0.000000,0.000000,0.837427
baseline,c8_r600m,8,600.000000,405,0.190327,0.184768,0.685171,0.789476,0.629385,0.451750,4.348575,0.000000,0.000000,0.801311
baseline,c8_r600m,8,600.000000,406,0.209443,0.197339,0.736255,0.763023,0.531447,0.469472,4.502238,0.000000,0.000000,0.764210
baseline,c8_r600m,8,600.000000,409,0.201812,0.199737,0.787517,0.810576,0.696358,0.479083,4.572808,0.000000,0.000000,0.755503
baseline,c8_r600m,8,600.000000,410,0.190732,0.176674,0.648891,0.620010,0.597914,0.449444,4.252256,0.000000,0.000000,0.667490
baseline,c8_r600m,8,600.000000,413,0.193414,0.180394,0.692254,0.497429,0.602279,0.435528,4.077468,0.000000,0.000000,0.445279
baseline,c8_r600m,8,600.000000,411,0.197319,0.202370,0.773962,0.784470,0.830205,0.450611,4.320915,0.000000,0.000000,0.749456
baseline,c8_r600m,8,600.000000,412,0.167408,0.161990,0.590504,0.879550,0.711504,0.456000,4.348560,0.000000,0.000000,0.857983
baseline,c8_r600m,8,600.000000,414,0.142143,0.138087,0.581598,0.720518,0.884637,0.420806,3.967506,0.000000,0.000000,0.682782
baseline,c8_r600m,8,600.000000,415,0.223446,0.192681,0.844167,0.801076,0.593466,0.468972,4.500875,0.000000,0.000000,0.726226
baseline,c8_r600m,8,600.000000,416,0.196549,0.203121,0.749781,0.541544,0.605178,0.438194,4.090254,0.000000,0.000000,0.510878
baseline,c8_r600m,8,600.000000,419,0.129780,0.089729,0.265849,0.304384,0.199886,0.378417,3.464642,0.000000,0.000000,0.308719
baseline,c8_r600m,8,600.000000,417,0.223193,0.201331,0.854833,0.785712,0.790956,0.477778,4.597840,0.000000,0.000000,0.790543
baseline,c8_r600m,8,600.000000,421,0.176780,0.188692,0.661393,0.743436,0.432011,0.441556,4.176288,0.000000,0.000000,0.711782
baseline,c8_r600m,8,600.000000,420,0.201897,0.191386,0.744247,0.858296,0.618824,0.462778,4.426051,0.000000,0.000000,0.824905
baseline,c8_r600m,8,600.000000,422,0.199293,0.199670,0.781952,0.860652,0.698230,0.482917,4.683615,0.000000,0.000000,0.803421
baseline,c8_r600m,8,600.000000,418,0.210762,0.207347,0.780333,0.866202,0.805244,0.478889,4.602030,0.000000,0.000000,0.839587
baseline,c8_r600m,8,600.000000,424,0.212336,0.208475,0.783186,0.820774,0.818399,0.490056,4.743011,0.000000,0.000000,0.726476
baseline,c8_r600m,8,600.000000,423,0.168649,0.181205,0.627402,0.816628,0.744987,0.453278,4.329672,0.000000,0.000000,0.832085
baseline,c8_r600m,8,600.000000,425,0.209188,0.208204,0.794479,0.702540,0.733028,0.450278,4.263948,0.000000,0.000000,0.741083
baseline,c8_r600m,8,600.000000,426,0.190823,0.187223,0.801633,0.820017,0.475081,0.461722,4.448035,0.000000,0.000000,0.809213
baseline,c8_r600m,8,600.000000,428,0.189938,0.189412,0.799028,0.723076,0.523124,0.458528,4.378393,0.000000,0.000000,0.681667
baseline,c8_r600m,8,600.000000,427,0.201313,0.183048,0.702366,0.771751,0.848886,0.455639,4.328603,0.000000,0.000000,0.778739
baseline,c8_r600m,8,600.000000,429,0.178147,0.169609,0.627147,0.781340,0.761797,0.463194,4.460450,0.000000,0.000000,0.755033
baseline,c8_r600m,8,600.000000,430,0.223103,0.216297,0.861588,0.865118,0.273911,0.479361,4.613209,0.000000,0.000000,0.849001
baseline,c8_r600m,8,600.000000,431,0.210355,0.194176,0.832405,0.814206,0.350341,0.470333,4.474149,0.000000,0.000000,0.787598
baseline,c8_r600m,8,600.000000,432,0.169263,0.193515,0.701102,0.849439,0.687418,0.469444,4.476800,0.000000,0.000000,0.810431
baseline,c8_r600m,8,600.000000,433,0.191294,0.202752,0.757036,0.857814,0.468391,0.475361,4.591288,0.000000,0.000000,0.817881
baseline,c8_r600m,8,600.000000,434,0.207774,0.187514,0.874122,0.857106,0.723441,0.479972,4.592984,0.000000,0.000000,0.820520
baseline,c8_r600m,8,600.000000,437,0.202483,0.204535,0.744047,0.697340,0.681341,0.454222,4.321067,0.000000,0.000000,0.731804
baseline,c8_r600m,8,600.000000,436,0.231443,0.192611,0.837927,0.845097,0.715873,0.490278,4.737475,0.000000,0.000000,0.846238
baseline,c8_r600m,8,600.000000,435,0.198014,0.187605,0.799668,0.817208,0.322263,0.460611,4.396657,0.000000,0.000000,0.776136
baseline,c8_r600m,8,600.000000,439,0.197578,0.195908,0.773763,0.827150,0.468347,0.473028,4.524008,0.000000,0.000000,0.802887
baseline,c8_r600m,8,600.000000,440,0.204651,0.194259,0.805076,0.815465,0.610149,0.477667,4.575192,0.000000,0.000000,0.803841
baseline,c8_r600m,8,600.000000,438,0.174754,0.181724,0.669261,0.769313,0.726396,0.441889,4.222543,0.000000,0.000000,0.717422
baseline,c8_r600m,8,600.000000,442,0.191471,0.164835,0.555374,0.822896,0.541769,0.458417,4.368787,0.000000,0.000000,0.720400
baseline,c8_r600m,8,600.000000,441,0.191578,0.203109,0.790557,0.821645,0.576920,0.466000,4.486109,0.000000,0.000000,0.799322
baseline,c8_r600m,8,600.000000,443,0.179349,0.188969,0.751232,0.790356,0.701247,0.461389,4.398724,0.000000,0.000000,0.768391
baseline,c8_r600m,8,600.000000,444,0.173953,0.184473,0.729784,0.829301,0.812546,0.464250,4.448845,0.000000,0.000000,0.837201
baseline,c8_r600m,8,600.000000,445,0.167559,0.171496,0.607541,0.874186,0.589447,0.470389,4.500350,0.000000,0.000000,0.785969
baseline,c12_r15m,12,15.000000,400,-0.142857,-0.014286,0.552539,0.453857,0.658042,0.001944,0.001000,1.000000,1.000000,0.162924
baseline,c12_r15m,12,15.000000,401,0.000000,0.022493,0.311448,0.267884,0.495537,0.009861,0.001000,1.000000,1.000000,0.330414
baseline,c8_r600m,8,600.000000,446,0.171137,0.181417,0.547026,0.745759,0.626601,0.436250,4.145569,0.000000,0.000000,0.676739
baseline,c12_r15m,12,15.000000,402,0.000000,0.063876,0.442461,0.286415,0.581971,0.004444,0.001000,1.000000,1.000000,0.287490
baseline,c12_r15m,12,15.000000,403,0.000000,0.042361,0.421842,0.721576,0.698062,0.006528,0.001000,1.000000,1.000000,0.641909
baseline,c12_r15m,12,15.000000,404,0.000000,0.049286,0.567551,0.533462,0.727272,0.003306,0.001000,1.000000,1.000000,0.414035
baseline,c12_r15m,12,15.000000,405,0.000000,0.059832,0.542937,0.308001,0.529488,0.008528,0.001000,1.000000,1.000000,0.332175
baseline,c12_r15m,12,15.000000,406,0.000000,0.002863,0.790709,0.343850,0.730877,0.008861,0.001000,1.000000,1.000000,0.375445
baseline,c8_r600m,8,600.000000,447,0.236712,0.205199,0.802588,0.785178,0.826703,0.467222,4.501995,0.000000,0.000000,0.711415
baseline,c12_r15m,12,15.000000,407,0.002381,0.016149,0.375128,0.407801,0.705681,0.007778,0.001000,1.000000,1.000000,0.262317
baseline,c12_r15m,12,15.000000,408,-0.050000,0.042451,0.562632,0.333045,0.420867,0.008889,0.001000,1.000000,1.000000,0.436505
baseline,c12_r15m,12,15.000000,409,0.000000,0.000263,0.344868,0.495003,0.702083,0.005639,0.001000,1.000000,1.000000,0.520398
baseline,c12_r15m,12,15.000000,411,-0.071429,0.061307,0.555614,0.447943,0.613669,0.005778,0.001000,1.000000,1.000000,0.592807
baseline,c12_r15m,12,15.000000,410,0.000000,0.030000,0.346087,0.297935,0.451752,0.007639,0.001000,1.000000,1.000000,0.176055
baseline,c12_r15m,12,15.000000,412,0.164286,0.063492,0.264410,0.257562,0.789040,0.008222,0.001000,1.000000,1.000000,0.296321
baseline,c8_r600m,8,600.000000,448,0.226322,0.205149,0.866158,0.857143,0.524300,0.465028,4.489135,0.000000,0.000000,0.860904
baseline,c8_r600m,8,600.000000,449,0.176435,0.179371,0.683527,0.775758,0.750456,0.452944,4.287619,0.000000,0.000000,0.792386
baseline,c12_r15m,12,15.000000,413,0.000000,0.000000,0.276795,0.294877,0.774693,0.002806,0.001000,1.000000,1.000000,0.142371
baseline,c12_r15m,12,15.000000,414,0.000000,0.014286,0.339624,0.523897,0.659923,0.005139,0.001000,1.000000,1.000000,0.381601
baseline,c12_r15m,12,15.000000,415,0.000000,-0.010319,0.481764,0.248045,0.637850,0.008306,0.001000,1.000000,1.000000,0.249558
baseline,c12_r15m,12,15.000000,416,0.071429,0.058919,0.413895,0.416269,0.635114,0.010111,0.001000,1.000000,1.000000,0.263083
baseline,c12_r15m,12,15.000000,417,0.000000,-0.013839,0.384312,0.563853,0.654511,0.005500,0.001000,1.000000,1.000000,0.407152
baseline,c12_r15m,12,15.000000,418,-0.052632,0.136404,0.502371,0.355765,0.586200,0.004250,0.001000,1.000000,1.000000,0.123718
baseline,c12_r15m,12,15.000000,419,0.000000,0.050000,0.386944,0.272416,0.781049,0.003472,0.001000,1.000000,1.000000,0.121754
baseline,c12_r15m,12,15.000000,420,0.000000,0.016190,0.355640,0.356480,0.773405,0.003833,0.001000,1.000000,1.000000,0.231901
baseline,c12_r15m,12,15.000000,421,0.125000,0.020192,0.356951,0.497419,0.472176,0.007917,0.001000,1.000000,1.000000,0.538822
baseline,c12_r15m,12,15.000000,422,0.153846,0.015385,0.365056,0.675014,0.644028,0.004444,0.001000,1.000000,1.000000,0.775786
baseline,c12_r15m,12,15.000000,423,0.200000,0.027143,0.518521,0.261769,0.723469,0.008111,0.001000,1.000000,1.000000,0.278382
baseline,c12_r15m,12,15.000000,424,0.100000,0.035000,0.370782,0.520584,0.415771,0.008167,0.001000,1.000000,1.000000,0.510638
baseline,c12_r15m,12,15.000000,425,0.000000,-0.006250,0.588791,0.287114,0.643548,0.005722,0.001000,1.000000,1.000000,0.149498
baseline,c12_r15m,12,15.000000,426,-0.014354,0.037949,0.444560,0.317993,0.631718,0.010833,0.001000,1.000000,1.000000,0.291151
baseline,c12_r15m,12,15.000000,427,0.000000,0.009279,0.416880,0.421092,0.815426,0.011111,0.001000,1.000000,1.000000,0.494012
baseline,c12_r15m,12,15.000000,428,0.000000,0.036126,0.382497,0.576411,0.630588,0.004528,0.001000,1.000000,1.000000,0.495840
baseline,c12_r15m,12,15.000000,430,0.000000,0.095000,0.460868,0.372307,0.711171,0.003778,0.001000,1.000000,1.000000,0.490564
baseline,c12_r15m,12,15.000000,429,0.000000,0.074808,0.333204,0.399193,0.659743,0.005583,0.001000,1.000000,1.000000,0.336927
baseline,c12_r15m,12,15.000000,431,0.000000,-0.010840,0.301914,0.276713,0.642560,0.004472,0.001000,1.000000,1.000000,0.336063
baseline,c12_r15m,12,15.000000,432,0.074074,0.045523,0.310165,0.610787,0.812416,0.007500,0.001000,1.000000,1.000000,0.596868
baseline,c12_r15m,12,15.000000,433,0.000000,-0.006667,0.370757,0.221055,0.385708,0.005278,0.001000,1.000000,1.000000,0.283150
baseline,c12_r15m,12,15.000000,434,0.000000,0.050000,0.237096,0.382839,0.670593,0.006556,0.001000,1.000000,1.000000,0.299444
baseline,c12_r15m,12,15.000000,435,-0.038462,0.016571,0.360304,0.380334,0.667495,0.010694,0.001000,1.000000,1.000000,0.331347
baseline,c12_r15m,12,15.000000,436,0.000000,0.050000,0.293700,0.328144,0.302384,0.008500,0.001000,1.000000,1.000000,0.396793
baseline,c12_r15m,12,15.000000,437,0.000000,0.020202,0.253582,0.479047,0.604770,0.004194,0.001000,1.000000,1.000000,0.402217
baseline,c12_r15m,12,15.000000,438,0.000000,0.000000,0.288785,0.455605,0.726910,0.005778,0.001000,1.000000,1.000000,0.384026
baseline,c12_r15m,12,15.000000,439,0.250000,0.019444,0.533761,0.390114,0.715944,0.006667,0.001000,1.000000,1.000000,0.300556
baseline,c12_r15m,12,15.000000,440,0.000000,0.019562,0.321510,0.598763,0.497568,0.007472,0.001000,1.000000,1.000000,0.399419
baseline,c12_r15m,12,15.000000,441,0.000000,0.100818,0.405858,0.522842,0.605660,0.008917,0.001000,1.000000,1.000000,0.353371
baseline,c12_r15m,12,15.000000,442,0.000000,0.000000,0.376068,0.526259,0.558079,0.008083,0.001000,1.000000,1.000000,0.385452
baseline,c12_r15m,12,15.000000,443,-0.021739,-0.001156,0.209208,0.210830,0.822199,0.012000,0.001000,1.000000,1.000000,0.164724
baseline,c12_r15m,12,15.000000,444,0.000000,-0.010000,0.469697,0.612570,0.621408,0.001917,0.001000,1.000000,1.000000,0.177904
baseline,c12_r15m,12,15.000000,445,0.000000,0.020833,0.255600,0.234698,0.461717,0.003194,0.001000,1.000000,1.000000,0.227273
baseline,c12_r15m,12,15.000000,446,0.166667,0.073706,0.363071,0.483358,0.752558,0.004556,0.001000,1.000000,1.000000,0.558597
baseline,c12_r15m,12,15.000000,447,0.000000,-0.004545,0.398508,0.262001,0.724298,0.005722,0.001000,1.000000,1.000000,0.323425
baseline,c12_r15m,12,15.000000,448,0.000000,0.044444,0.382729,0.313952,0.752178,0.001861,0.001000,1.000000,1.000000,0.210694
baseline,c12_r15m,12,15.000000,449,0.000000,0.050000,0.432448,0.582842,0.598097,0.004139,0.001000,1.000000,1.000000,0.525000
baseline,c12_r37.5m,12,37.500000,400,0.031612,0.042769,0.337740,0.158697,0.608224,0.017333,0.001000,1.000000,1.000000,0.195643
baseline,c12_r37.5m,12,37.500000,402,0.000596,0.018540,0.266314,0.283109,0.795930,0.014000,0.001000,1.000000,1.000000,0.383050
baseline,c12_r37.5m,12,37.500000,401,0.032375,0.026735,0.161941,0.823211,0.422564,0.027250,0.001000,1.000000,1.000000,0.796458
baseline,c12_r37.5m,12,37.500000,403,0.012609,0.027553,0.439718,0.465020,0.696007,0.022472,0.001000,1.000000,1.000000,0.595162
baseline,c12_r37.5m,12,37.500000,404,0.043066,0.028608,0.355282,0.284944,0.439708,0.018250,0.001000,1.000000,1.000000,0.385957
baseline,c12_r37.5m,12,37.500000,405,0.047732,0.047642,0.331983,0.220190,0.712017,0.014694,0.001000,1.000000,1.000000,0.364010
baseline,c12_r37.5m,12,37.500000,406,0.033191,0.050071,0.490178,0.184249,0.720968,0.018222,0.001000,1.000000,1.000000,0.157109
baseline,c12_r37.5m,12,37.500000,408,0.075300,0.054838,0.581676,0.202808,0.510255,0.020694,0.001000,1.000000,1.000000,0.217573
baseline,c12_r37.5m,12,37.500000,409,0.044103,0.033719,0.348679,0.275377,0.598232,0.013028,0.001000,1.000000,1.000000,0.229939
baseline,c12_r37.5m,12,37.500000,407,0.025779,0.019480,0.461220,0.247060,0.746478,0.020028,0.001000,1.000000,1.000000,0.242135
baseline,c12_r37.5m,12,37.500000,410,-0.002087,0.022964,0.298359,0.369586,0.628613,0.013583,0.001000,1.000000,1.000000,0.301384
baseline,c12_r37.5m,12,37.500000,411,-0.007819,0.022372,0.219236,0.378980,0.586110,0.016028,0.001000,1.000000,1.000000,0.353726
baseline,c12_r37.5m,12,37.500000,412,0.070399,0.050702,0.519419,0.354745,0.395756,0.019194,0.001000,1.000000,1.000000,0.330345
baseline,c12_r37.5m,12,37.500000,413,0.040975,0.045129,0.621816,0.450307,0.678713,0.020333,0.001000,1.000000,1.000000,0.541949
baseline,c12_r37.5m,12,37.500000,414,0.027625,0.031054,0.303410,0.328894,0.625929,0.016611,0.001000,1.000000,1.000000,0.188020
baseline,c12_r37.5m,12,37.500000,415,0.056138,0.024755,0.286628,0.208619,0.629204,0.021806,0.001000,1.000000,1.000000,0.203330
baseline,c12_r37.5m,12,37.500000,416,0.027262,0.039454,0.273374,0.191841,0.671281,0.019639,0.001000,1.000000,1.000000,0.167506
baseline,c12_r37.5m,12,37.500000,417,0.039286,0.018249,0.230720,0.249615,0.682571,0.020611,0.001000,1.000000,1.000000,0.230272
baseline,c12_r37.5m,12,37.500000,418,0.021228,0.017198,0.460282,0.281066,0.716244,0.012889,0.001000,1.000000,1.000000,0.277712
baseline,c12_r37.5m,12,37.500000,419,0.030822,0.024281,0.341346,0.293411,0.437806,0.018500,0.001000,1.000000,1.000000,0.207449
baseline,c12_r37.5m,12,37.500000,420,0.018805,0.006562,0.204500,0.212824,0.554652,0.030972,0.001000,1.000000,1.000000,0.174966
baseline,c12_r37.5m,12,37.500000,421,0.020374,0.017921,0.198987,0.382940,0.532690,0.016917,0.001000,1.000000,1.000000,0.318012
baseline,c12_r37.5m,12,37.500000,422,0.064676,0.031840,0.372177,0.337047,0.694526,0.021111,0.001000,1.000000,1.000000,0.262463
baseline,c12_r37.5m,12,37.500000,423,0.044300,0.064830,0.468511,0.213762,0.294148,0.023389,0.001000,1.000000,1.000000,0.177969
baseline,c12_r37.5m,12,37.500000,424,0.005270,0.027182,0.341782,0.160831,0.614433,0.015472,0.001000,1.000000,1.000000,0.247461
baseline,c12_r37.5m,12,37.500000,426,0.176974,0.041934,0.646400,0.180243,0.522815,0.009528,0.001000,1.000000,1.000000,0.158731
baseline,c12_r37.5m,12,37.500000,425,0.054452,0.033204,0.433528,0.395191,0.374168,0.022722,0.001000,1.000000,1.000000,0.281931
baseline,c12_r37.5m,12,37.500000,429,-0.000667,0.027617,0.241943,0.486268,0.724403,0.009028,0.001000,1.000000,1.000000,0.592520
baseline,c12_r37.5m,12,37.500000,427,0.017386,0.026082,0.461936,0.330161,0.696992,0.015806,0.001000,1.000000,1.000000,0.384026
baseline,c12_r37.5m,12,37.500000,428,0.024884,0.026267,0.395935,0.409362,0.634226,0.022000,0.001000,1.000000,1.000000,0.411072
baseline,c12_r37.5m,12,37.500000,431,0.047222,0.047114,0.682203,0.192321,0.762786,0.021611,0.001000,1.000000,1.000000,0.205154
baseline,c12_r37.5m,12,37.500000,430,0.035318,0.049091,0.563079,0.182950,0.519400,0.021083,0.001000,1.000000,1.000000,0.212795
baseline,c12_r37.5m,12,37.500000,433,0.019498,0.016856,0.204602,0.389670,0.716304,0.014222,0.001000,1.000000,1.000000,0.419728
baseline,c12_r37.5m,12,37.500000,432,0.006433,0.025878,0.456556,0.222608,0.842591,0.028861,0.001000,1.000000,1.000000,0.235634
baseline,c12_r37.5m,12,37.500000,434,0.002065,0.021214,0.300842,0.284428,0.665868,0.009333,0.001000,1.000000,1.000000,0.421311
baseline,c12_r37.5m,12,37.500000,436,0.051073,0.034198,0.283187,0.465122,0.598040,0.023639,0.001000,1.000000,1.000000,0.395708
baseline,c12_r37.5m,12,37.500000,437,0.019132,0.035696,0.409656,0.346003,0.607914,0.009722,0.001000,1.000000,1.000000,0.247411
baseline,c12_r37.5m,12,37.500000,435,0.038174,0.037834,0.473159,0.598360,0.640301,0.014139,0.001000,1.000000,1.000000,0.708766
baseline,c12_r37.5m,12,37.500000,438,0.072353,0.026714,0.282160,0.612790,0.485468,0.013944,0.001000,1.000000,1.000000,0.492866
baseline,c12_r37.5m,12,37.500000,439,0.028283,0.011716,0.340624,0.450313,0.706980,0.019472,0.001000,1.000000,1.000000,0.468754
baseline,c12_r37.5m,12,37.500000,440,0.068543,0.051551,0.603814,0.425395,0.726320,0.024250,0.001000,1.000000,1.000000,0.466375
baseline,c12_r37.5m,12,37.500000,441,0.033611,0.009397,0.160716,0.547629,0.802996,0.017722,0.001000,1.000000,1.000000,0.479467
baseline,c12_r37.5m,12,37.500000,442,0.031330,0.054992,0.315884,0.141890,0.767447,0.015806,0.001000,1.000000,1.000000,0.204383
baseline,c12_r37.5m,12,37.500000,443,-0.009601,0.022666,0.199516,0.431068,0.737827,0.017611,0.001000,1.000000,1.000000,0.366999
baseline,c12_r37.5m,12,37.500000,444,0.051804,0.017355,0.268086,0.158354,0.804461,0.021444,0.001000,1.000000,1.000000,0.145998
baseline,c12_r37.5m,12,37.500000,445,0.011656,0.022531,0.403356,0.443212,0.539321,0.015250,0.001000,1.000000,1.000000,0.401216
baseline,c12_r37.5m,12,37.500000,446,0.016312,0.028547,0.366072,0.145967,0.433779,0.018139,0.001000,1.000000,1.000000,0.238335
baseline,c12_r37.5m,12,37.500000,447,0.023232,0.044563,0.595541,0.589880,0.425552,0.011833,0.001000,1.000000,1.000000,0.639044
baseline,c12_r37.5m,12,37.500000,448,0.001196,0.006075,0.252477,0.199541,0.789953,0.005333,0.001000,1.000000,1.000000,0.197471
baseline,c12_r37.5m,12,37.500000,449,0.019884,0.023488,0.374694,0.463351,0.690392,0.031944,0.001000,1.000000,1.000000,0.411605
baseline,c12_r75m,12,75.000000,400,0.061983,0.062137,0.529145,0.569391,0.544512,0.059528,0.001447,0.983333,0.995000,0.475562
baseline,c12_r75m,12,75.000000,401,0.030889,0.018230,0.249609,0.407935,0.708504,0.020000,0.001000,1.000000,1.000000,0.372889
baseline,c12_r75m,12,75.000000,402,0.046415,0.032022,0.255171,0.507304,0.504191,0.026056,0.001000,1.000000,1.000000,0.548550
baseline,c12_r75m,12,75.000000,403,0.054675,0.039769,0.291399,0.460059,0.643052,0.012944,0.001000,1.000000,1.000000,0.437757
baseline,c12_r75m,12,75.000000,404,0.061638,0.040835,0.744912,0.513502,0.919819,0.049722,0.001000,1.000000,0.996667,0.448767
baseline,c12_r75m,12,75.000000,405,0.045362,0.047477,0.317697,0.324947,0.669201,0.059500,0.001000,1.000000,0.996667,0.324461
baseline,c12_r75m,12,75.000000,407,0.051952,0.047906,0.422892,0.207939,0.731892,0.015333,0.001000,1.000000,0.998333,0.264208
baseline,c12_r75m,12,75.000000,406,0.064921,0.073917,0.799572,0.910358,0.232895,0.065833,0.002028,0.983333,0.973333,0.900533
baseline,c12_r75m,12,75.000000,408,0.047204,0.070198,0.641770,0.929298,0.655088,0.034417,0.002636,0.983333,0.986667,0.914029
baseline,c12_r75m,12,75.000000,411,0.077763,0.054249,0.310687,0.159535,0.342227,0.027639,0.001000,1.000000,1.000000,0.155659
baseline,c12_r75m,12,75.000000,410,0.072805,0.057578,0.468994,0.872701,0.255703,0.049139,0.001000,1.000000,0.996667,0.883564
baseline,c12_r75m,12,75.000000,409,0.062061,0.066991,0.559777,0.590168,0.907763,0.065361,0.005300,0.966667,0.990000,0.412832
baseline,c12_r75m,12,75.000000,412,0.062331,0.038414,0.320708,0.504192,0.842111,0.026389,0.001000,1.000000,1.000000,0.525853
baseline,c12_r75m,12,75.000000,413,0.015979,0.044515,0.274336,0.393886,0.292422,0.029278,0.001000,1.000000,1.000000,0.259742
baseline,c12_r75m,12,75.000000,414,0.051811,0.043963,0.378894,0.540502,0.893870,0.048833,0.001000,1.000000,0.996667,0.381248
baseline,c12_r75m,12,75.000000,415,0.082395,0.072651,0.886282,0.970376,0.767962,0.058278,0.002247,0.983333,0.975000,0.784085
baseline,c12_r75m,12,75.000000,416,0.062283,0.063860,0.648064,0.690006,0.716174,0.023778,0.002214,0.983333,0.996667,0.530077
baseline,c12_r75m,12,75.000000,417,0.034955,0.063166,0.696489,0.657421,0.878444,0.022917,0.001000,1.000000,0.993333,0.591339
baseline,c12_r75m,12,75.000000,419,0.076976,0.057388,0.551990,0.132654,0.688004,0.024528,0.001000,1.000000,1.000000,0.138536
baseline,c12_r75m,12,75.000000,420,0.031417,0.034951,0.275178,0.294561,0.757451,0.016167,0.001000,1.000000,0.996667,0.251049
baseline,c12_r75m,12,75.000000,418,0.086762,0.077155,0.920709,0.941703,0.600303,0.062028,0.001595,0.983333,0.973333,0.928395
baseline,c12_r75m,12,75.000000,421,0.052649,0.078639,0.930054,0.790263,0.439404,0.055306,0.001149,0.983333,0.981667,0.876375
baseline,c12_r75m,12,75.000000,424,-0.003399,0.042591,0.408541,0.332939,0.363285,0.015222,0.001000,1.000000,1.000000,0.211065
baseline,c12_r75m,12,75.000000,423,0.025076,0.046820,0.374052,0.822020,0.861267,0.062222,0.002184,0.966667,0.988333,0.793408
baseline,c12_r75m,12,75.000000,422,0.082115,0.075345,0.855740,0.930219,0.604010,0.078750,0.004133,0.966667,0.971667,0.913587
baseline,c12_r75m,12,75.000000,426,0.055946,0.039982,0.310008,0.245869,0.708894,0.021361,0.001000,1.000000,1.000000,0.252540
baseline,c12_r75m,12,75.000000,427,0.041012,0.051046,0.232997,0.518624,0.522396,0.051639,0.001000,1.000000,0.996667,0.477248
baseline,c12_r75m,12,75.000000,428,0.017454,0.027310,0.328799,0.628113,0.655307,0.045278,0.001000,1.000000,1.000000,0.613789
baseline,c12_r75m,12,75.000000,429,0.050884,0.042007,0.443073,0.795381,0.800998,0.036556,0.001000,1.000000,0.990000,0.799941
baseline,c12_r75m,12,75.000000,425,0.061144,0.068580,0.956846,0.909574,0.766138,0.069139,0.001196,0.983333,0.980000,0.839624
baseline,c12_r75m,12,75.000000,430,0.084624,0.050832,0.671980,0.939848,0.960119,0.047722,0.002805,0.983333,0.975000,0.896486
baseline,c12_r75m,12,75.000000,432,0.046049,0.032719,0.180874,0.391820,0.692717,0.045528,0.001000,1.000000,1.000000,0.438258
baseline,c12_r75m,12,75.000000,431,0.093852,0.067803,0.961379,0.958895,0.950771,0.079167,0.008405,0.950000,0.978333,0.913687
baseline,c12_r75m,12,75.000000,433,0.085617,0.061504,0.801123,0.944456,0.900474,0.040639,0.002290,0.966667,0.983333,0.869099
baseline,c12_r75m,12,75.000000,435,0.078059,0.067296,0.957609,0.744917,0.938203,0.024861,0.003424,0.983333,0.993333,0.449250
baseline,c12_r75m,12,75.000000,434,0.074226,0.070356,0.634358,0.407602,0.654140,0.044167,0.001000,1.000000,0.995000,0.377801
baseline,c12_r75m,12,75.000000,436,0.081664,0.081650,0.832154,0.815143,0.391712,0.054028,0.001357,0.983333,0.988333,0.825934
baseline,c12_r75m,12,75.000000,437,0.018106,0.022178,0.236995,0.389307,0.619297,0.036000,0.001000,1.000000,1.000000,0.434233
baseline,c12_r75m,12,75.000000,438,0.067279,0.056609,0.861422,0.934402,0.898788,0.072389,0.001000,1.000000,0.988333,0.856101
baseline,c12_r75m,12,75.000000,440,0.086756,0.092854,0.636762,0.216580,0.673710,0.017278,0.001000,1.000000,1.000000,0.233120
baseline,c12_r75m,12,75.000000,441,0.077119,0.041736,0.370284,0.880813,0.454847,0.014833,0.001060,0.983333,0.991667,0.868733
baseline,c12_r75m,12,75.000000,439,0.047898,0.070339,0.926471,0.922245,0.932028,0.074000,0.001000,1.000000,0.980000,0.929474
baseline,c12_r75m,12,75.000000,442,0.127421,0.110406,0.623268,0.517609,0.139420,0.013000,0.001000,1.000000,0.995000,0.493330
baseline,c12_r75m,12,75.000000,443,0.076558,0.070139,0.845757,0.889931,0.677307,0.039972,0.003511,0.966667,0.976667,0.758358
baseline,c12_r75m,12,75.000000,444,0.079673,0.090451,0.946407,0.968937,0.481059,0.045194,0.001000,1.000000,0.971667,0.909505
baseline,c12_r75m,12,75.000000,446,0.080814,0.052018,0.429893,0.563989,0.397321,0.024833,0.001000,1.000000,1.000000,0.380603
baseline,c12_r75m,12,75.000000,445,0.065938,0.072956,0.751695,0.903132,0.875565,0.057250,0.004282,0.966667,0.971667,0.894888
baseline,c12_r75m,12,75.000000,449,0.029989,0.033429,0.428637,0.241552,0.591904,0.013417,0.001000,1.000000,1.000000,0.370866
baseline,c12_r75m,12,75.000000,447,0.052964,0.066636,0.923410,0.847903,0.926549,0.051389,0.001185,0.983333,0.988333,0.828386
baseline,c12_r75m,12,75.000000,448,0.063176,0.046004,0.465604,0.424918,0.510582,0.033694,0.001000,1.000000,1.000000,0.341624
baseline,c12_r150m,12,150.000000,400,0.095839,0.109365,0.807313,0.834966,0.573038,0.153833,0.633876,0.000000,0.006667,0.837668
baseline,c12_r150m,12,150.000000,402,0.103562,0.089689,0.752215,0.856254,0.605893,0.158361,0.638609,0.016667,0.011667,0.823403
baseline,c12_r150m,12,150.000000,401,0.092274,0.099843,0.850648,0.841245,0.820503,0.157528,0.642771,0.000000,0.010000,0.807951
baseline,c12_r150m,12,150.000000,403,0.110650,0.109594,0.881108,0.852183,0.714233,0.151722,0.614217,0.000000,0.008333,0.841981
baseline,c12_r150m,12,150.000000,404,0.133435,0.111975,0.843370,0.852128,0.559813,0.161917,0.660449,0.000000,0.008333,0.854946
baseline,c12_r150m,12,150.000000,405,0.102641,0.102850,0.773732,0.876750,0.750436,0.169389,0.744775,0.000000,0.005000,0.848867
baseline,c12_r150m,12,150.000000,407,0.100834,0.108154,0.785716,0.896194,0.780421,0.152083,0.618159,0.000000,0.010000,0.874192
baseline,c12_r150m,12,150.000000,408,0.112470,0.101478,0.835515,0.916968,0.832178,0.171639,0.763126,0.000000,0.001667,0.880387
baseline,c12_r150m,12,150.000000,406,0.102709,0.101806,0.891395,0.866991,0.696090,0.168639,0.741670,0.016667,0.010000,0.870559
baseline,c12_r150m,12,150.000000,409,0.088606,0.099245,0.812506,0.708424,0.720371,0.151278,0.563584,0.033333,0.021667,0.727122
baseline,c12_r150m,12,150.000000,410,0.105114,0.108552,0.845119,0.863052,0.691444,0.157639,0.642528,0.000000,0.008333,0.854559
baseline,c12_r150m,12,150.000000,412,0.091388,0.098120,0.784096,0.916175,0.869345,0.160667,0.670983,0.016667,0.005000,0.876581
baseline,c12_r150m,12,150.000000,411,0.090070,0.095685,0.733191,0.909789,0.549365,0.161944,0.697234,0.000000,0.011667,0.869596
baseline,c12_r150m,12,150.000000,413,0.113188,0.116278,0.888534,0.886584,0.281055,0.161167,0.668264,0.000000,0.005000,0.864580
baseline,c12_r150m,12,150.000000,414,0.130881,0.113757,0.865118,0.868973,0.280823,0.160139,0.638692,0.016667,0.005000,0.859727
baseline,c12_r150m,12,150.000000,415,0.088232,0.109120,0.814930,0.889578,0.534794,0.154694,0.624350,0.000000,0.011667,0.872186
baseline,c12_r150m,12,150.000000,416,0.097354,0.103406,0.866049,0.827622,0.680933,0.158444,0.649549,0.000000,0.013333,0.821059
baseline,c12_r150m,12,150.000000,417,0.110153,0.099934,0.811539,0.819524,0.622100,0.157528,0.643181,0.033333,0.025000,0.811708
baseline,c12_r150m,12,150.000000,418,0.102001,0.106629,0.800321,0.860523,0.472840,0.158028,0.629942,0.000000,0.013333,0.868156
baseline,c12_r150m,12,150.000000,419,0.088462,0.097399,0.795568,0.859193,0.722260,0.152278,0.586904,0.066667,0.013333,0.873852
baseline,c12_r150m,12,150.000000,421,0.103920,0.108686,0.846936,0.883639,0.573499,0.158556,0.640563,0.000000,0.008333,0.882310
baseline,c12_r150m,12,150.000000,422,0.099937,0.108865,0.819989,0.864778,0.637892,0.168694,0.728692,0.000000,0.011667,0.830409
baseline,c12_r150m,12,150.000000,420,0.097477,0.099272,0.846707,0.835972,0.925031,0.159972,0.642315,0.033333,0.011667,0.853970
baseline,c12_r150m,12,150.000000,423,0.119855,0.110284,0.881688,0.861516,0.664678,0.168167,0.740892,0.000000,0.000000,0.837768
baseline,c12_r150m,12,150.000000,425,0.097291,0.113280,0.866427,0.851612,0.438902,0.161167,0.666803,0.016667,0.008333,0.875303
baseline,c12_r150m,12,150.000000,424,0.104811,0.099898,0.820570,0.861665,0.636224,0.159222,0.641244,0.016667,0.005000,0.881832
baseline,c12_r150m,12,150.000000,426,0.097683,0.104515,0.865132,0.890042,0.691831,0.159806,0.679969,0.000000,0.011667,0.857074
baseline,c12_r150m,12,150.000000,428,0.110106,0.106672,0.847589,0.873347,0.717076,0.167722,0.736292,0.000000,0.008333,0.852641
baseline,c12_r150m,12,150.000000,427,0.099930,0.101293,0.849582,0.883099,0.691408,0.161028,0.686968,0.016667,0.010000,0.890663
baseline,c12_r150m,12,150.000000,429,0.102061,0.100846,0.776599,0.870091,0.612107,0.157417,0.630301,0.016667,0.016667,0.845508
baseline,c12_r150m,12,150.000000,431,0.117332,0.108288,0.833144,0.856952,0.700449,0.160528,0.693176,0.000000,0.005000,0.854390
baseline,c12_r150m,12,150.000000,430,0.107878,0.105765,0.801751,0.893480,0.549581,0.158306,0.663411,0.000000,0.006667,0.861937
baseline,c12_r150m,12,150.000000,432,0.103913,0.099732,0.835017,0.912539,0.830560,0.170806,0.763045,0.000000,0.003333,0.905120
baseline,c12_r150m,12,150.000000,434,0.116361,0.109221,0.871989,0.882696,0.463529,0.160000,0.681641,0.033333,0.006667,0.811275
baseline,c12_r150m,12,150.000000,433,0.100943,0.102619,0.870137,0.800661,0.653527,0.161444,0.646894,0.016667,0.011667,0.815511
baseline,c12_r150m,12,150.000000,435,0.100626,0.111721,0.898926,0.915375,0.408636,0.163972,0.684070,0.016667,0.006667,0.875354
baseline,c12_r150m,12,150.000000,437,0.093023,0.098752,0.756983,0.873163,0.527111,0.155139,0.602040,0.016667,0.025000,0.854068
baseline,c12_r150m,12,150.000000,440,0.110370,0.110213,0.861964,0.809058,0.767316,0.158639,0.711507,0.016667,0.006667,0.853778
baseline,c12_r150m,12,150.000000,436,0.100557,0.111705,0.808918,0.828444,0.603167,0.157472,0.637491,0.016667,0.010000,0.821831
baseline,c12_r150m,12,150.000000,438,0.095020,0.107555,0.838085,0.929612,0.617200,0.161361,0.706319,0.016667,0.008333,0.886660
baseline,c12_r150m,12,150.000000,439,0.099823,0.110303,0.885436,0.891606,0.580339,0.162139,0.713681,0.000000,0.008333,0.874071
baseline,c12_r150m,12,150.000000,441,0.089473,0.101601,0.887741,0.910320,0.662621,0.159000,0.674127,0.000000,0.005000,0.887622
baseline,c12_r150m,12,150.000000,443,0.118370,0.105197,0.872175,0.876287,0.742233,0.163583,0.705932,0.000000,0.005000,0.853611
baseline,c12_r150m,12,150.000000,444,0.110119,0.109219,0.840786,0.769633,0.517751,0.157556,0.625508,0.000000,0.006667,0.831684
baseline,c12_r150m,12,150.000000,442,0.114917,0.102081,0.910470,0.823242,0.705308,0.160806,0.679944,0.016667,0.011667,0.836645
baseline,c12_r150m,12,150.000000,445,0.110638,0.106763,0.891869,0.867481,0.783490,0.154972,0.618983,0.000000,0.003333,0.859390
baseline,c12_r150m,12,150.000000,446,0.113345,0.107951,0.831172,0.916182,0.716568,0.163361,0.709215,0.033333,0.011667,0.865171
baseline,c12_r150m,12,150.000000,447,0.097539,0.095071,0.875792,0.891188,0.764570,0.165417,0.717070,0.000000,0.010000,0.850586
baseline,c12_r150m,12,150.000000,448,0.096770,0.107673,0.882323,0.859968,0.863440,0.167083,0.731301,0.016667,0.010000,0.848383
baseline,c12_r150m,12,150.000000,449,0.100747,0.094340,0.830332,0.806922,0.722071,0.163333,0.713677,0.016667,0.008333,0.829354
baseline,c12_r300m,12,300.000000,400,0.157542,0.158816,0.750083,0.815383,0.766273,0.316056,2.633065,0.000000,0.000000,0.813571
baseline,c12_r300m,12,300.000000,401,0.147648,0.144204,0.722743,0.861726,0.664778,0.314083,2.604718,0.000000,0.000000,0.866978
baseline,c12_r300m,12,300.000000,402,0.159331,0.162504,0.863319,0.813864,0.589978,0.303583,2.505268,0.000000,0.000000,0.735650
baseline,c12_r300m,12,300.000000,405,0.166081,0.165574,0.879627,0.739284,0.678117,0.323694,2.658113,0.000000,0.000000,0.690824
baseline,c12_r300m,12,300.000000,408,0.149858,0.145313,0.721256,0.826654,0.615872,0.300583,2.459351,0.000000,0.000000,0.782349
baseline,c12_r300m,12,300.000000,403,0.162230,0.160600,0.802338,0.726135,0.545975,0.326306,2.713521,0.000000,0.000000,0.785567
baseline,c12_r300m,12,300.000000,410,0.135772,0.127153,0.589396,0.677599,0.629225,0.299028,2.418088,0.000000,0.000000,0.717897
baseline,c12_r300m,12,300.000000,406,0.153748,0.153620,0.714074,0.810690,0.544211,0.323944,2.697074,0.000000,0.000000,0.772335
baseline,c12_r300m,12,300.000000,407,0.134402,0.148701,0.806699,0.869308,0.684705,0.324583,2.706678,0.000000,0.000000,0.870885
baseline,c12_r300m,12,300.000000,404,0.126035,0.136469,0.807905,0.899459,0.651194,0.314472,2.649391,0.000000,0.000000,0.850217
baseline,c12_r300m,12,300.000000,409,0.144778,0.149665,0.816996,0.844109,0.817573,0.320417,2.675580,0.000000,0.000000,0.833899
baseline,c12_r300m,12,300.000000,411,0.148447,0.153366,0.752257,0.779565,0.474319,0.321556,2.677434,0.000000,0.000000,0.758232
baseline,c12_r300m,12,300.000000,412,0.153778,0.157740,0.806535,0.853721,0.352585,0.311667,2.583899,0.000000,0.000000,0.819124
baseline,c12_r300m,12,300.000000,413,0.168532,0.161514,0.829598,0.826284,0.267442,0.313528,2.583286,0.000000,0.000000,0.818471
baseline,c12_r300m,12,300.000000,414,0.168054,0.159897,0.827378,0.856399,0.777119,0.326944,2.732919,0.000000,0.000000,0.793858
baseline,c12_r300m,12,300.000000,415,0.147801,0.156825,0.750154,0.899592,0.791865,0.320278,2.665603,0.000000,0.000000,0.846992
baseline,c12_r300m,12,300.000000,416,0.140032,0.113368,0.620025,0.816853,0.635785,0.304222,2.477345,0.000000,0.000000,0.743085
baseline,c12_r300m,12,300.000000,418,0.150002,0.153496,0.755124,0.865471,0.288609,0.313222,2.626066,0.000000,0.000000,0.854640
baseline,c12_r300m,12,300.000000,417,0.122834,0.122007,0.558802,0.833619,0.804948,0.290250,2.345263,0.000000,0.000000,0.787014
baseline,c12_r300m,12,300.000000,422,0.172773,0.155235,0.833463,0.741111,0.681152,0.316083,2.612056,0.000000,0.000000,0.692455
baseline,c12_r300m,12,300.000000,419,0.145469,0.158056,0.844276,0.817491,0.224223,0.301222,2.458764,0.000000,0.000000,0.803708
baseline,c12_r300m,12,300.000000,424,0.157325,0.166002,0.847205,0.874393,0.379903,0.324611,2.664180,0.000000,0.000000,0.859537
baseline,c12_r300m,12,300.000000,420,0.153656,0.152968,0.797985,0.841692,0.443897,0.327222,2.745981,0.000000,0.000000,0.838061
baseline,c12_r300m,12,300.000000,421,0.178221,0.156265,0.858271,0.838071,0.563447,0.330389,2.791162,0.000000,0.000000,0.837812
baseline,c12_r300m,12,300.000000,425,0.163093,0.145800,0.703150,0.766971,0.755286,0.300139,2.482276,0.000000,0.000000,0.807555
baseline,c12_r300m,12,300.000000,423,0.150047,0.138182,0.792704,0.885263,0.638201,0.320111,2.629672,0.000000,0.000000,0.867509
baseline,c12_r300m,12,300.000000,427,0.158012,0.151792,0.794331,0.745851,0.781972,0.319556,2.646714,0.000000,0.000000,0.754291
baseline,c12_r300m,12,300.000000,426,0.143651,0.153910,0.790497,0.858413,0.815727,0.310278,2.557459,0.000000,0.000000,0.820996
baseline,c12_r300m,12,300.000000,428,0.147063,0.142240,0.715705,0.741248,0.445669,0.287167,2.337722,0.000000,0.000000,0.736386
baseline,c12_r300m,12,300.000000,429,0.148522,0.152162,0.717315,0.719024,0.788567,0.302611,2.463858,0.000000,0.000000,0.733724
baseline,c12_r300m,12,300.000000,430,0.148025,0.150318,0.721165,0.783105,0.695667,0.299500,2.440922,0.000000,0.000000,0.699421
baseline,c12_r300m,12,300.000000,431,0.166138,0.158213,0.877438,0.803903,0.607926,0.317444,2.619876,0.000000,0.000000,0.837302
baseline,c12_r300m,12,300.000000,432,0.150704,0.146652,0.733407,0.796328,0.641220,0.323806,2.692626,0.000000,0.000000,0.808078
baseline,c12_r300m,12,300.000000,433,0.144708,0.152620,0.815751,0.884386,0.573086,0.324028,2.708878,0.000000,0.000000,0.866842
baseline,c12_r300m,12,300.000000,436,0.155985,0.147016,0.756148,0.780455,0.474301,0.309500,2.569587,0.000000,0.000000,0.734672
baseline,c12_r300m,12,300.000000,441,0.111087,0.126609,0.515296,0.817871,0.647089,0.302694,2.450941,0.000000,0.000000,0.751806
baseline,c12_r300m,12,300.000000,437,0.130466,0.140878,0.711645,0.757015,0.596981,0.304611,2.456438,0.000000,0.000000,0.737936
baseline,c12_r300m,12,300.000000,435,0.154722,0.153849,0.862092,0.749611,0.793988,0.322750,2.708466,0.000000,0.000000,0.706264
baseline,c12_r300m,12,300.000000,434,0.190523,0.165746,0.877239,0.838697,0.821423,0.333500,2.809220,0.000000,0.000000,0.843650
baseline,c12_r300m,12,300.000000,439,0.152003,0.150598,0.696120,0.753249,0.694353,0.296056,2.393253,0.000000,0.000000,0.708322
baseline,c12_r300m,12,300.000000,442,0.138604,0.122017,0.739805,0.602139,0.639737,0.286778,2.318409,0.000000,0.000000,0.557025
baseline,c12_r300m,12,300.000000,438,0.114523,0.134540,0.823418,0.849471,0.672256,0.306000,2.450377,0.000000,0.000000,0.814804
baseline,c12_r300m,12,300.000000,440,0.144054,0.141154,0.752035,0.885130,0.719261,0.314694,2.633621,0.000000,0.000000,0.862807
baseline,c12_r300m,12,300.000000,443,0.132190,0.147431,0.746841,0.820643,0.668991,0.320444,2.651215,0.000000,0.000000,0.820739
baseline,c12_r300m,12,300.000000,444,0.150869,0.157669,0.780340,0.824036,0.268780,0.314528,2.597493,0.000000,0.000000,0.797944
baseline,c12_r300m,12,300.000000,445,0.166402,0.166494,0.848789,0.830902,0.220583,0.329389,2.764091,0.000000,0.000000,0.799925
baseline,c12_r300m,12,300.000000,446,0.142307,0.135920,0.642795,0.682326,0.623304,0.310611,2.534016,0.000000,0.000000,0.611684
baseline,c12_r300m,12,300.000000,447,0.161804,0.153553,0.747065,0.813998,0.760164,0.315778,2.665668,0.000000,0.000000,0.825729
baseline,c12_r300m,12,300.000000,448,0.165233,0.141574,0.730216,0.863804,0.643310,0.337472,2.842524,0.000000,0.000000,0.858987
baseline,c12_r300m,12,300.000000,449,0.169373,0.149301,0.881175,0.851851,0.540919,0.314000,2.623696,0.000000,0.000000,0.826506
baseline,c12_r600m,12,600.000000,403,0.116598,0.115539,0.402603,0.372960,0.682329,0.511000,5.117502,0.000000,0.000000,0.325952
baseline,c12_r600m,12,600.000000,405,0.180873,0.147366,0.705870,0.700832,0.313685,0.557917,5.632309,0.000000,0.000000,0.665444
baseline,c12_r600m,12,600.000000,406,0.123576,0.140862,0.499312,0.797205,0.690226,0.575444,5.837539,0.000000,0.000000,0.765476
baseline,c12_r600m,12,600.000000,407,0.125006,0.144110,0.530329,0.592136,0.596547,0.547944,5.510408,0.000000,0.000000,0.525447
baseline,c12_r600m,12,600.000000,400,0.131393,0.144662,0.665711,0.829524,0.351157,0.571556,5.797906,0.000000,0.000000,0.796943
baseline,c12_r600m,12,600.000000,404,0.138017,0.133069,0.554576,0.851495,0.745594,0.544083,5.514165,0.000000,0.000000,0.821763
baseline,c12_r600m,12,600.000000,402,0.150522,0.161396,0.611326,0.859040,0.843316,0.551222,5.567424,0.000000,0.000000,0.840183
baseline,c12_r600m,12,600.000000,401,0.166076,0.154550,0.716805,0.878831,0.844757,0.584222,5.921488,0.000000,0.000000,0.843988
baseline,c12_r600m,12,600.000000,410,0.143462,0.157527,0.610432,0.671345,0.344685,0.542667,5.509309,0.000000,0.000000,0.526342
baseline,c12_r600m,12,600.000000,409,0.132331,0.126800,0.680314,0.800115,0.714658,0.564583,5.707332,0.000000,0.000000,0.768570
baseline,c12_r600m,12,600.000000,408,0.147764,0.147849,0.582658,0.776710,0.540008,0.583389,5.922268,0.000000,0.000000,0.816543
baseline,c12_r600m,12,600.000000,411,0.122173,0.138535,0.530451,0.802144,0.678919,0.532917,5.395095,0.000000,0.000000,0.765192
baseline,c12_r600m,12,600.000000,412,0.148915,0.145687,0.501805,0.478456,0.436910,0.505806,5.099459,0.000000,0.000000,0.484867
baseline,c12_r600m,12,600.000000,413,0.138822,0.123453,0.498268,0.768208,0.583555,0.559833,5.681694,0.000000,0.000000,0.798295
baseline,c12_r600m,12,600.000000,414,0.173150,0.168598,0.814646,0.776760,0.621372,0.561028,5.714821,0.000000,0.000000,0.727484
baseline,c12_r600m,12,600.000000,415,0.113026,0.124057,0.396885,0.435184,0.568977,0.510028,5.097765,0.000000,0.000000,0.371851
baseline,c12_r600m,12,600.000000,416,0.133286,0.118253,0.471350,0.679103,0.373626,0.545861,5.513541,0.000000,0.000000,0.641355
baseline,c12_r600m,12,600.000000,417,0.147682,0.147724,0.629965,0.825570,0.407326,0.576944,5.843333,0.000000,0.000000,0.746039
baseline,c12_r600m,12,600.000000,421,0.163046,0.166698,0.795875,0.628749,0.464365,0.557833,5.644382,0.000000,0.000000,0.582674
baseline,c12_r600m,12,600.000000,418,0.131512,0.137786,0.648225,0.692946,0.265122,0.551778,5.563994,0.000000,0.000000,0.662636
baseline,c12_r600m,12,600.000000,419,0.136085,0.124764,0.550030,0.663491,0.595574,0.535583,5.388661,0.000000,0.000000,0.677475
baseline,c12_r600m,12,600.000000,422,0.151128,0.153643,0.762940,0.536609,0.533306,0.522389,5.230821,0.000000,0.000000,0.479591
baseline,c12_r600m,12,600.000000,420,0.148196,0.134724,0.625810,0.827839,0.685085,0.565639,5.743114,0.000000,0.000000,0.782554
baseline,c12_r600m,12,600.000000,424,0.174318,0.156445,0.714510,0.791142,0.378425,0.554139,5.598684,0.000000,0.000000,0.804930
baseline,c12_r600m,12,600.000000,425,0.117680,0.110579,0.518015,0.569769,0.661433,0.536806,5.367194,0.000000,0.000000,0.489852
baseline,c12_r600m,12,600.000000,423,0.101333,0.123909,0.421103,0.741034,0.688129,0.536806,5.385225,0.000000,0.000000,0.753040
baseline,c12_r600m,12,600.000000,427,0.159732,0.166883,0.771985,0.576517,0.463124,0.558917,5.626707,0.000000,0.000000,0.579894
baseline,c12_r600m,12,600.000000,426,0.140219,0.142397,0.653661,0.733349,0.617429,0.560944,5.684432,0.000000,0.000000,0.776779
baseline,c12_r600m,12,600.000000,428,0.154095,0.135276,0.748877,0.710693,0.809372,0.508194,5.159146,0.000000,0.000000,0.660221
baseline,c12_r600m,12,600.000000,429,0.137355,0.144284,0.519334,0.773052,0.664883,0.552222,5.588343,0.000000,0.000000,0.776118
baseline,c12_r600m,12,600.000000,430,0.153343,0.174321,0.806135,0.800632,0.473284,0.569139,5.740638,0.000000,0.000000,0.708545
baseline,c12_r600m,12,600.000000,431,0.116636,0.121617,0.453735,0.327459,0.579543,0.482472,4.835157,0.000000,0.000000,0.263848
baseline,c12_r600m,12,600.000000,436,0.078742,0.079527,0.314827,0.189811,0.585302,0.466972,4.637185,0.000000,0.000000,0.174015
baseline,c12_r600m,12,600.000000,432,0.162339,0.153240,0.693358,0.762414,0.810641,0.566944,5.787127,0.000000,0.000000,0.748645
baseline,c12_r600m,12,600.000000,438,0.143325,0.132242,0.555370,0.398530,0.375653,0.525361,5.256250,0.000000,0.000000,0.418259
baseline,c12_r600m,12,600.000000,437,0.171907,0.149977,0.771376,0.509029,0.829230,0.547750,5.507184,0.000000,0.000000,0.404886
baseline,c12_r600m,12,600.000000,439,0.163505,0.163988,0.733256,0.683769,0.605436,0.567333,5.721158,0.000000,0.000000,0.683998
baseline,c12_r600m,12,600.000000,433,0.131693,0.146360,0.788004,0.804690,0.577999,0.579389,5.870959,0.000000,0.000000,0.811308
baseline,c12_r600m,12,600.000000,440,0.136025,0.130750,0.704225,0.634041,0.422991,0.556639,5.578460,0.000000,0.000000,0.666987
baseline,c12_r600m,12,600.000000,434,0.161489,0.157473,0.793964,0.830224,0.770436,0.584972,5.938057,0.000000,0.000000,0.847675
baseline,c12_r600m,12,600.000000,435,0.165975,0.158100,0.711832,0.762114,0.792326,0.565306,5.719839,0.000000,0.000000,0.734506
baseline,c12_r600m,12,600.000000,442,0.154392,0.130991,0.742994,0.731396,0.528725,0.551167,5.557271,0.000000,0.000000,0.708265
baseline,c12_r600m,12,600.000000,441,0.181021,0.171469,0.908457,0.860313,0.735836,0.588694,6.014469,0.000000,0.000000,0.758889
baseline,c12_r600m,12,600.000000,443,0.125484,0.145318,0.620722,0.673593,0.612367,0.574056,5.824719,0.000000,0.000000,0.665777
baseline,c12_r600m,12,600.000000,444,0.139193,0.119394,0.644743,0.465920,0.670563,0.527278,5.263261,0.000000,0.000000,0.397719
baseline,c16_r15m,16,15.000000,400,0.000000,0.025108,0.508022,0.215920,0.408344,0.011417,0.001000,1.000000,1.000000,0.228741
baseline,c16_r15m,16,15.000000,401,0.000000,-0.020192,0.374984,0.304613,0.794723,0.005778,0.001000,1.000000,1.000000,0.197500
baseline,c16_r15m,16,15.000000,402,0.000000,-0.003333,0.310929,0.265033,0.726608,0.003722,0.001000,1.000000,1.000000,0.181142
baseline,c12_r600m,12,600.000000,446,0.105202,0.103682,0.364625,0.489088,0.790883,0.512750,5.136446,0.000000,0.000000,0.484024
baseline,c16_r15m,16,15.000000,404,-0.058824,0.002451,0.400801,0.302782,0.719640,0.006194,0.001000,1.000000,1.000000,0.358859
baseline,c16_r15m,16,15.000000,405,0.000000,-0.076389,0.572853,0.376336,0.652715,0.004444,0.001000,1.000000,1.000000,0.613994
baseline,c12_r600m,12,600.000000,445,0.143811,0.138704,0.559960,0.823368,0.503481,0.562528,5.695697,0.000000,0.000000,0.855262
baseline,c16_r15m,16,15.000000,406,0.000000,-0.033333,0.430467,0.274029,0.756908,0.006806,0.001000,1.000000,1.000000,0.138690
baseline,c16_r15m,16,15.000000,403,0.000000,0.005000,0.267686,0.554509,0.528390,0.004861,0.001000,1.000000,1.000000,0.325137
baseline,c16_r15m,16,15.000000,407,0.031355,-0.000365,0.488331,0.267845,0.833127,0.012611,0.001000,1.000000,1.000000,0.339773
baseline,c12_r600m,12,600.000000,447,0.159325,0.141617,0.685253,0.688171,0.796374,0.562056,5.646207,0.000000,0.000000,0.658187
baseline,c16_r15m,16,15.000000,408,0.065934,0.067533,0.348426,0.584383,0.629136,0.008667,0.001000,1.000000,1.000000,0.671198
baseline,c16_r15m,16,15.000000,409,0.000000,-0.010833,0.288495,0.249097,0.553892,0.005722,0.001000,1.000000,1.000000,0.358723
baseline,c16_r15m,16,15.000000,410,0.000000,-0.014683,0.261470,0.610908,0.492425,0.010389,0.001000,1.000000,1.000000,0.465852
baseline,c12_r600m,12,600.000000,449,0.158335,0.164907,0.676047,0.609773,0.397072,0.553639,5.592134,0.000000,0.000000,0.465613
baseline,c16_r15m,16,15.000000,411,0.000000,0.073308,0.375003,0.305816,0.388674,0.008028,0.001000,1.000000,1.000000,0.108924
baseline,c12_r600m,12,600.000000,448,0.147886,0.151300,0.768839,0.818854,0.609710,0.578722,5.863825,0.000000,0.000000,0.771751
baseline,c16_r15m,16,15.000000,412,0.000000,-0.004969,0.267285,0.256489,0.501657,0.012417,0.001000,1.000000,1.000000,0.295934
baseline,c16_r15m,16,15.000000,413,0.000000,0.070652,0.156964,0.288857,0.668327,0.002250,0.001000,1.000000,1.000000,0.118556
baseline,c16_r15m,16,15.000000,414,0.000000,-0.022667,0.230361,0.338169,0.547540,0.010583,0.001000,1.000000,1.000000,0.395078
baseline,c16_r15m,16,15.000000,415,0.000000,-0.004892,0.467866,0.530336,0.859490,0.009444,0.001000,1.000000,1.000000,0.386826
baseline,c16_r15m,16,15.000000,417,0.000000,0.009477,0.644647,0.232186,0.537250,0.006778,0.001000,1.000000,1.000000,0.146614
baseline,c16_r15m,16,15.000000,416,0.035714,0.011045,0.195739,0.523516,0.625261,0.008750,0.001000,1.000000,1.000000,0.499777
baseline,c16_r15m,16,15.000000,418,0.000000,0.013528,0.299957,0.565104,0.428106,0.007861,0.001000,1.000000,1.000000,0.442304
baseline,c16_r15m,16,15.000000,419,0.000000,-0.005737,0.321545,0.327284,0.400505,0.011000,0.001000,1.000000,1.000000,0.354103
baseline,c16_r15m,16,15.000000,420,0.000000,0.033333,0.573735,0.294545,0.622397,0.006722,0.001000,1.000000,1.000000,0.148555
baseline,c16_r15m,16,15.000000,421,0.000000,0.034084,0.399650,0.243694,0.773446,0.002556,0.001000,1.000000,1.000000,0.210938
baseline,c16_r15m,16,15.000000,422,0.000000,-0.018061,0.349028,0.172472,0.828433,0.006028,0.001000,1.000000,1.000000,0.273158
baseline,c16_r15m,16,15.000000,423,0.000000,-0.002429,0.322296,0.402892,0.777068,0.005889,0.001000,1.000000,1.000000,0.314553
baseline,c16_r15m,16,15.000000,424,-0.076923,-0.008764,0.421582,0.384622,0.667199,0.009333,0.001000,1.000000,1.000000,0.486673
baseline,c16_r15m,16,15.000000,425,0.000000,-0.030238,0.521912,0.655258,0.703070,0.005139,0.001000,1.000000,1.000000,0.484626
baseline,c16_r15m,16,15.000000,426,0.125000,-0.011026,0.227494,0.271418,0.359183,0.010250,0.001000,1.000000,1.000000,0.145467
baseline,c16_r15m,16,15.000000,427,0.000000,-0.032553,0.749196,0.567282,0.599623,0.012167,0.001000,1.000000,1.000000,0.652391
baseline,c16_r15m,16,15.000000,429,0.000000,0.011765,0.684933,0.450682,0.707095,0.003861,0.001000,1.000000,1.000000,0.264403
baseline,c16_r15m,16,15.000000,428,0.000000,-0.036964,0.315175,0.667955,0.672317,0.009694,0.001000,1.000000,1.000000,0.588219
baseline,c16_r15m,16,15.000000,430,-0.083333,-0.015513,0.230649,0.173931,0.610353,0.013472,0.001000,1.000000,1.000000,0.299280
baseline,c16_r15m,16,15.000000,432,-0.037037,-0.027264,0.645039,0.315685,0.677307,0.012500,0.001000,1.000000,1.000000,0.370612
baseline,c16_r15m,16,15.000000,435,0.071429,0.002505,0.271365,0.281028,0.731203,0.008611,0.001000,1.000000,1.000000,0.332482
baseline,c16_r15m,16,15.000000,431,0.200000,0.064108,0.580568,0.295020,0.833094,0.003556,0.001000,1.000000,1.000000,0.352762
baseline,c16_r15m,16,15.000000,433,0.000000,0.044968,0.535705,0.343588,0.839866,0.007750,0.001000,1.000000,1.000000,0.321398
baseline,c16_r15m,16,15.000000,434,0.000000,0.158974,0.668791,0.312972,0.451580,0.005889,0.001000,1.000000,1.000000,0.161071
baseline,c16_r15m,16,15.000000,436,0.000000,0.003226,0.144731,0.571358,0.407155,0.005333,0.001000,1.000000,1.000000,0.598262
baseline,c16_r15m,16,15.000000,437,-0.066667,0.008295,0.252917,0.273814,0.853191,0.007500,0.001000,1.000000,1.000000,0.320275
baseline,c16_r15m,16,15.000000,438,0.000000,-0.050000,0.211425,0.516928,0.402904,0.009167,0.001000,1.000000,1.000000,0.482280
baseline,c16_r15m,16,15.000000,439,0.035714,-0.000386,0.298224,0.437956,0.750749,0.010583,0.001000,1.000000,1.000000,0.417260
baseline,c16_r15m,16,15.000000,440,0.274510,0.044594,0.161217,0.551690,0.654691,0.005889,0.001000,1.000000,1.000000,0.495136
baseline,c16_r15m,16,15.000000,441,0.000000,-0.009722,0.203034,0.495875,0.588707,0.004722,0.001000,1.000000,1.000000,0.339905
baseline,c16_r15m,16,15.000000,442,0.136364,0.081079,0.231253,0.460069,0.704358,0.010028,0.001000,1.000000,1.000000,0.654913
baseline,c16_r15m,16,15.000000,443,0.000000,0.040202,0.289722,0.543812,0.545806,0.003917,0.001000,1.000000,1.000000,0.584071
baseline,c16_r15m,16,15.000000,444,0.000000,-0.000417,0.395887,0.266784,0.547713,0.007194,0.001000,1.000000,1.000000,0.161468
baseline,c16_r15m,16,15.000000,445,0.000000,-0.009908,0.464928,0.256436,0.439311,0.012833,0.001000,1.000000,1.000000,0.148605
baseline,c16_r15m,16,15.000000,446,0.000000,0.007887,0.446287,0.654776,0.643845,0.010028,0.001000,1.000000,1.000000,0.512160
baseline,c16_r15m,16,15.000000,447,0.000000,-0.002046,0.281198,0.453106,0.733095,0.013917,0.001000,1.000000,1.000000,0.347610
baseline,c16_r15m,16,15.000000,448,0.000000,0.000000,0.345070,0.427099,0.761728,0.003861,0.001000,1.000000,1.000000,0.200595
baseline,c16_r15m,16,15.000000,449,0.000000,0.062398,0.234462,0.400280,0.773831,0.009306,0.001000,1.000000,1.000000,0.241901
baseline,c16_r37.5m,16,37.500000,401,0.032560,0.036138,0.275161,0.553632,0.456635,0.025167,0.001000,1.000000,1.000000,0.332368
baseline,c16_r37.5m,16,37.500000,400,0.054016,0.036353,0.354814,0.284950,0.646607,0.013361,0.001000,1.000000,1.000000,0.201701
baseline,c16_r37.5m,16,37.500000,402,0.027047,0.018210,0.312006,0.578788,0.640510,0.036972,0.001000,1.000000,1.000000,0.564205
baseline,c16_r37.5m,16,37.500000,403,0.056337,0.051137,0.560854,0.381712,0.624641,0.024806,0.001000,1.000000,1.000000,0.372479
baseline,c16_r37.5m,16,37.500000,404,0.044113,0.028223,0.458266,0.329392,0.782427,0.009417,0.001000,1.000000,1.000000,0.281115
baseline,c16_r37.5m,16,37.500000,405,0.059396,0.039812,0.513845,0.386327,0.637160,0.036028,0.001000,1.000000,1.000000,0.425163
baseline,c16_r37.5m,16,37.500000,406,0.026331,0.015554,0.220840,0.185711,0.670603,0.024111,0.001000,1.000000,1.000000,0.223381
baseline,c16_r37.5m,16,37.500000,407,0.026294,0.024521,0.269212,0.212720,0.431070,0.010528,0.001000,1.000000,1.000000,0.289351
baseline,c16_r37.5m,16,37.500000,408,-0.015284,0.021314,0.310162,0.387115,0.723313,0.010361,0.001000,1.000000,1.000000,0.343825
baseline,c16_r37.5m,16,37.500000,409,-0.000708,0.016647,0.482127,0.476787,0.685181,0.023444,0.001000,1.000000,1.000000,0.486696
baseline,c16_r37.5m,16,37.500000,410,0.003331,0.030361,0.443272,0.353652,0.672687,0.008139,0.001000,1.000000,1.000000,0.454180
baseline,c16_r37.5m,16,37.500000,411,0.036044,0.021129,0.287152,0.444615,0.732497,0.025972,0.001000,1.000000,1.000000,0.320716
baseline,c16_r37.5m,16,37.500000,412,0.033942,0.034998,0.401675,0.434189,0.561947,0.039611,0.001000,1.000000,1.000000,0.378252
baseline,c16_r37.5m,16,37.500000,413,-0.001882,0.015199,0.317706,0.468855,0.625402,0.018750,0.001000,1.000000,1.000000,0.507404
baseline,c16_r37.5m,16,37.500000,414,0.029789,0.041230,0.397636,0.366106,0.351272,0.027278,0.001000,1.000000,1.000000,0.392240
baseline,c16_r37.5m,16,37.500000,415,0.033360,0.045805,0.227796,0.194348,0.630025,0.021417,0.001000,1.000000,1.000000,0.173408
baseline,c16_r37.5m,16,37.500000,417,0.024734,0.025587,0.382701,0.464594,0.651922,0.021528,0.001000,1.000000,1.000000,0.486087
baseline,c16_r37.5m,16,37.500000,416,0.057330,0.042391,0.489760,0.641291,0.335197,0.027083,0.001000,1.000000,1.000000,0.559670
baseline,c16_r37.5m,16,37.500000,418,0.033504,0.032272,0.331050,0.303826,0.713653,0.028361,0.001000,1.000000,1.000000,0.215242
baseline,c16_r37.5m,16,37.500000,419,0.062670,0.034889,0.237914,0.508806,0.576135,0.012194,0.001000,1.000000,1.000000,0.604107
baseline,c16_r37.5m,16,37.500000,421,0.009272,0.019495,0.276136,0.522931,0.749478,0.007444,0.001000,1.000000,1.000000,0.445559
baseline,c16_r37.5m,16,37.500000,420,0.020867,0.024210,0.347503,0.234778,0.609345,0.031167,0.001000,1.000000,1.000000,0.164618
baseline,c16_r37.5m,16,37.500000,422,0.026598,0.028738,0.186079,0.615840,0.745636,0.016861,0.001000,1.000000,1.000000,0.626021
baseline,c16_r37.5m,16,37.500000,423,0.006406,0.029003,0.376676,0.514498,0.484840,0.025944,0.001000,1.000000,1.000000,0.501845
baseline,c16_r37.5m,16,37.500000,424,0.061932,0.050244,0.690234,0.646104,0.497456,0.031889,0.001000,1.000000,1.000000,0.559394
baseline,c16_r37.5m,16,37.500000,425,0.040962,0.032778,0.529432,0.356310,0.742615,0.029167,0.001000,1.000000,1.000000,0.335431
baseline,c16_r37.5m,16,37.500000,426,0.019974,0.031043,0.384369,0.493243,0.583635,0.037750,0.001000,1.000000,1.000000,0.455633
baseline,c16_r37.5m,16,37.500000,428,0.018387,0.032293,0.370603,0.244287,0.647478,0.028722,0.001000,1.000000,1.000000,0.259191
baseline,c16_r37.5m,16,37.500000,427,-0.009713,0.013035,0.448026,0.515631,0.507498,0.010889,0.001000,1.000000,1.000000,0.421874
baseline,c16_r37.5m,16,37.500000,430,0.058761,0.029411,0.401348,0.117998,0.647238,0.018861,0.001000,1.000000,1.000000,0.301488
baseline,c16_r37.5m,16,37.500000,429,0.038072,0.023702,0.289403,0.369106,0.772789,0.021778,0.001000,1.000000,1.000000,0.287183
baseline,c16_r37.5m,16,37.500000,431,0.038962,0.033032,0.653084,0.214499,0.833017,0.025194,0.001000,1.000000,1.000000,0.264267
baseline,c16_r37.5m,16,37.500000,433,0.017327,0.018496,0.368242,0.478585,0.616104,0.022056,0.001000,1.000000,1.000000,0.462316
baseline,c16_r37.5m,16,37.500000,432,0.021235,0.042207,0.460505,0.450550,0.628111,0.016528,0.001000,1.000000,1.000000,0.439319
baseline,c16_r37.5m,16,37.500000,434,-0.004143,0.009582,0.187356,0.330457,0.535751,0.024861,0.001000,1.000000,1.000000,0.373357
baseline,c16_r37.5m,16,37.500000,435,0.044162,0.027957,0.431677,0.283143,0.709265,0.019806,0.001000,1.000000,1.000000,0.443564
baseline,c16_r37.5m,16,37.500000,436,0.015647,0.030332,0.249830,0.299583,0.599142,0.008972,0.001000,1.000000,1.000000,0.296422
baseline,c16_r37.5m,16,37.500000,437,0.039811,0.029562,0.330351,0.671990,0.809841,0.030028,0.001000,1.000000,1.000000,0.645200
baseline,c16_r37.5m,16,37.500000,438,0.020909,0.005578,0.242790,0.439084,0.548432,0.014583,0.001000,1.000000,1.000000,0.422563
baseline,c16_r37.5m,16,37.500000,439,0.009117,0.037790,0.341345,0.551897,0.742105,0.014833,0.001000,1.000000,1.000000,0.597675
baseline,c16_r37.5m,16,37.500000,440,0.024552,0.019429,0.204147,0.206559,0.782195,0.034833,0.001000,1.000000,1.000000,0.238557
baseline,c16_r37.5m,16,37.500000,442,-0.010389,0.012984,0.461036,0.550265,0.812808,0.007778,0.001000,1.000000,1.000000,0.385329
baseline,c16_r37.5m,16,37.500000,441,0.012963,0.025635,0.419979,0.385848,0.515284,0.021667,0.001000,1.000000,1.000000,0.279672
baseline,c16_r37.5m,16,37.500000,443,0.010932,0.020106,0.371556,0.547627,0.761755,0.010500,0.001000,1.000000,1.000000,0.494330
baseline,c16_r37.5m,16,37.500000,444,0.048314,0.031017,0.313684,0.583621,0.630673,0.025000,0.001000,1.000000,1.000000,0.488830
baseline,c16_r37.5m,16,37.500000,445,0.024727,0.013767,0.308975,0.468123,0.304510,0.028111,0.001000,1.000000,1.000000,0.321919
baseline,c16_r37.5m,16,37.500000,446,0.035184,0.030359,0.448779,0.249794,0.746176,0.015778,0.001000,1.000000,1.000000,0.314276
baseline,c16_r37.5m,16,37.500000,447,-0.004088,0.029916,0.441635,0.399477,0.663369,0.017611,0.001000,1.000000,1.000000,0.294308
baseline,c16_r37.5m,16,37.500000,448,0.022268,0.051429,0.327115,0.383053,0.508562,0.014444,0.001000,1.000000,1.000000,0.464980
baseline,c16_r37.5m,16,37.500000,449,0.029240,0.034525,0.294626,0.162227,0.540082,0.010139,0.001000,1.000000,1.000000,0.307570
baseline,c16_r75m,16,75.000000,400,0.053673,0.064620,0.869901,0.840958,0.634206,0.095611,0.024262,0.816667,0.748333,0.848822
baseline,c16_r75m,16,75.000000,402,0.055189,0.060053,0.953948,0.908954,0.907280,0.098833,0.029932,0.783333,0.741667,0.900953
baseline,c16_r75m,16,75.000000,401,0.046703,0.072539,0.683033,0.862281,0.401922,0.086972,0.018945,0.800000,0.713333,0.905483
baseline,c16_r75m,16,75.000000,403,0.086769,0.064592,0.929700,0.937669,0.764621,0.097889,0.036544,0.733333,0.776667,0.859840
baseline,c16_r75m,16,75.000000,404,0.056672,0.075153,0.931125,0.906593,0.670921,0.097139,0.030251,0.750000,0.715000,0.863768
baseline,c16_r75m,16,75.000000,405,0.079295,0.060979,0.889366,0.962268,0.868228,0.089056,0.061534,0.666667,0.753333,0.919438
baseline,c16_r75m,16,75.000000,406,0.064899,0.065910,0.707153,0.825727,0.932353,0.079944,0.024659,0.766667,0.755000,0.871317
baseline,c16_r75m,16,75.000000,407,0.052068,0.053381,0.812252,0.922119,0.792889,0.095028,0.029390,0.783333,0.785000,0.897098
baseline,c16_r75m,16,75.000000,409,0.070509,0.080105,0.913635,0.892068,0.292822,0.091583,0.028730,0.733333,0.760000,0.859228
baseline,c16_r75m,16,75.000000,408,0.085749,0.067559,0.827996,0.888278,0.694162,0.096139,0.032130,0.783333,0.721667,0.870475
baseline,c16_r75m,16,75.000000,410,0.068955,0.066955,0.907357,0.823677,0.868464,0.100028,0.043490,0.733333,0.740000,0.790345
baseline,c16_r75m,16,75.000000,411,0.043243,0.066448,0.887957,0.958492,0.893480,0.094528,0.023187,0.800000,0.748333,0.864606
baseline,c16_r75m,16,75.000000,412,0.060546,0.065402,0.949709,0.893367,0.909280,0.096417,0.035906,0.783333,0.818333,0.678975
baseline,c16_r75m,16,75.000000,413,0.071946,0.069486,0.868371,0.821944,0.600824,0.101250,0.045352,0.766667,0.760000,0.809937
baseline,c16_r75m,16,75.000000,414,0.056765,0.062692,0.905707,0.923959,0.729013,0.098667,0.030886,0.766667,0.760000,0.922977
baseline,c16_r75m,16,75.000000,415,0.046851,0.072261,0.893086,0.951171,0.655284,0.093528,0.024785,0.816667,0.756667,0.926886
baseline,c16_r75m,16,75.000000,416,0.081444,0.061495,0.864266,0.855372,0.865879,0.099194,0.033346,0.700000,0.743333,0.870696
baseline,c16_r75m,16,75.000000,417,0.084197,0.070360,0.809202,0.957156,0.784579,0.103028,0.057864,0.633333,0.723333,0.925133
baseline,c16_r75m,16,75.000000,418,0.060880,0.054092,0.582859,0.905777,0.724242,0.096444,0.023408,0.733333,0.788333,0.892267
baseline,c16_r75m,16,75.000000,419,0.072087,0.071446,0.872855,0.901072,0.312971,0.099472,0.049444,0.683333,0.716667,0.864180
baseline,c16_r75m,16,75.000000,420,0.056774,0.066694,0.891324,0.911022,0.701840,0.086111,0.031425,0.800000,0.755000,0.884800
baseline,c16_r75m,16,75.000000,421,0.063742,0.061894,0.798170,0.938984,0.872820,0.101667,0.058649,0.666667,0.703333,0.907310
baseline,c16_r75m,16,75.000000,422,0.008756,0.012570,0.109491,0.578097,0.946375,0.076528,0.003130,0.966667,0.945000,0.366324
baseline,c16_r75m,16,75.000000,424,0.045283,0.050936,0.530919,0.919368,0.386065,0.089139,0.013514,0.833333,0.806667,0.863498
baseline,c16_r75m,16,75.000000,425,0.072450,0.067751,0.859300,0.945644,0.767800,0.098944,0.032489,0.716667,0.751667,0.862860
baseline,c16_r75m,16,75.000000,423,0.037639,0.062581,0.869522,0.921127,0.686897,0.101333,0.044384,0.683333,0.728333,0.910795
baseline,c16_r75m,16,75.000000,426,0.052977,0.060002,0.683269,0.828173,0.925204,0.092611,0.037857,0.766667,0.771667,0.784583
baseline,c16_r75m,16,75.000000,427,0.059147,0.071056,0.793978,0.811946,0.600347,0.087583,0.019646,0.800000,0.750000,0.844880
baseline,c16_r75m,16,75.000000,428,0.070513,0.067673,0.899369,0.918093,0.820226,0.101389,0.034212,0.683333,0.718333,0.865993
baseline,c16_r75m,16,75.000000,430,0.074136,0.079151,0.901085,0.887164,0.285414,0.087306,0.029211,0.783333,0.775000,0.871855
baseline,c16_r75m,16,75.000000,431,0.089316,0.091332,0.894519,0.916446,0.290407,0.094528,0.030865,0.733333,0.786667,0.920252
baseline,c16_r75m,16,75.000000,429,0.056285,0.056994,0.919894,0.799720,0.909376,0.093667,0.034375,0.733333,0.766667,0.881611
baseline,c16_r75m,16,75.000000,432,0.064135,0.050029,0.548583,0.790926,0.097331,0.093111,0.028942,0.850000,0.910000,0.599166
baseline,c16_r75m,16,75.000000,433,0.057539,0.058725,0.771269,0.913256,0.785180,0.092056,0.033301,0.800000,0.753333,0.905496
baseline,c16_r75m,16,75.000000,435,0.079126,0.056387,0.679053,0.485313,0.858839,0.087778,0.016992,0.883333,0.916667,0.367894
baseline,c16_r75m,16,75.000000,434,0.055744,0.067569,0.947445,0.929731,0.644589,0.098667,0.030137,0.750000,0.765000,0.844104
baseline,c16_r75m,16,75.000000,436,0.058762,0.060924,0.835001,0.910484,0.885025,0.088333,0.028566,0.766667,0.735000,0.896937
baseline,c16_r75m,16,75.000000,437,0.071819,0.067172,0.927960,0.783299,0.931113,0.088972,0.020836,0.783333,0.773333,0.725878
baseline,c16_r75m,16,75.000000,438,0.076092,0.071452,0.936482,0.938701,0.569188,0.094278,0.029497,0.800000,0.760000,0.920413
baseline,c16_r75m,16,75.000000,440,0.046833,0.057761,0.851256,0.849201,0.814744,0.096000,0.024379,0.783333,0.766667,0.859789
baseline,c16_r75m,16,75.000000,439,0.063662,0.060512,0.804290,0.914115,0.822657,0.095306,0.036657,0.683333,0.731667,0.854981
baseline,c16_r75m,16,75.000000,442,0.039121,0.047216,0.546855,0.890224,0.897405,0.083361,0.029440,0.833333,0.825000,0.805915
baseline,c16_r75m,16,75.000000,441,0.082150,0.068964,0.858096,0.957724,0.427056,0.100417,0.040332,0.700000,0.708333,0.921858
baseline,c16_r75m,16,75.000000,444,0.070102,0.062793,0.850432,0.912953,0.790090,0.097833,0.033884,0.750000,0.766667,0.893489
baseline,c16_r75m,16,75.000000,443,0.055349,0.059646,0.915632,0.873679,0.787470,0.091389,0.018063,0.816667,0.713333,0.900718
baseline,c16_r75m,16,75.000000,445,0.092530,0.087690,0.955502,0.578032,0.311004,0.083722,0.018118,0.800000,0.838333,0.476414
baseline,c16_r75m,16,75.000000,446,0.082732,0.073632,0.948501,0.933084,0.500354,0.095056,0.030281,0.766667,0.766667,0.891683
baseline,c16_r75m,16,75.000000,447,0.053887,0.066447,0.764053,0.909894,0.474709,0.093583,0.018725,0.833333,0.761667,0.877550
baseline,c16_r75m,16,75.000000,448,0.066866,0.060965,0.859422,0.927795,0.678119,0.103139,0.035509,0.766667,0.706667,0.925704
baseline,c16_r75m,16,75.000000,449,0.073022,0.062096,0.858031,0.917930,0.941535,0.100250,0.059607,0.666667,0.740000,0.897570
baseline,c16_r150m,16,150.000000,400,0.107467,0.097349,0.770617,0.731280,0.789864,0.195361,1.153061,0.000000,0.000000,0.741547
baseline,c16_r150m,16,150.000000,401,0.090305,0.102768,0.796330,0.824076,0.665699,0.202167,1.178578,0.000000,0.000000,0.769362
baseline,c16_r150m,16,150.000000,402,0.087310,0.094571,0.809660,0.822063,0.760686,0.200778,1.165859,0.000000,0.000000,0.800322
baseline,c16_r150m,16,150.000000,403,0.095056,0.100442,0.841899,0.774798,0.641194,0.195000,1.135368,0.000000,0.000000,0.754213
baseline,c16_r150m,16,150.000000,404,0.082833,0.093579,0.633229,0.764470,0.618351,0.192361,1.038559,0.000000,0.000000,0.749288
baseline,c16_r150m,16,150.000000,408,0.097147,0.108589,0.846356,0.711222,0.316879,0.198722,1.142919,0.000000,0.000000,0.624185
baseline,c16_r150m,16,150.000000,405,0.089296,0.085760,0.727842,0.829187,0.896008,0.200472,1.154856,0.000000,0.000000,0.793561
baseline,c16_r150m,16,150.000000,407,0.105279,0.091990,0.771622,0.768954,0.648301,0.197389,1.139927,0.000000,0.000000,0.730774
baseline,c16_r150m,16,150.000000,406,0.087231,0.098769,0.877888,0.818385,0.775402,0.196083,1.094694,0.000000,0.000000,0.834688
baseline,c16_r150m,16,150.000000,409,0.118593,0.099598,0.854427,0.763082,0.647105,0.196639,1.141673,0.000000,0.000000,0.737837
baseline,c16_r150m,16,150.000000,411,0.108185,0.098309,0.730348,0.725080,0.624818,0.182056,1.039740,0.000000,0.000000,0.773322
baseline,c16_r150m,16,150.000000,410,0.096116,0.098625,0.797530,0.816811,0.708093,0.190083,1.070184,0.000000,0.000000,0.839095
baseline,c16_r150m,16,150.000000,412,0.080075,0.098666,0.737849,0.873016,0.567093,0.192750,1.097101,0.000000,0.000000,0.811210
baseline,c16_r150m,16,150.000000,414,0.114600,0.102121,0.744105,0.759705,0.370269,0.195389,1.114083,0.000000,0.001667,0.787057
baseline,c16_r150m,16,150.000000,413,0.107054,0.101100,0.889365,0.764193,0.812183,0.206194,1.221854,0.000000,0.000000,0.778301
baseline,c16_r150m,16,150.000000,415,0.096621,0.092660,0.872126,0.799201,0.841397,0.200583,1.174763,0.000000,0.000000,0.825476
baseline,c16_r150m,16,150.000000,416,0.106398,0.101730,0.853977,0.846156,0.798300,0.195556,1.112421,0.000000,0.000000,0.861657
baseline,c16_r150m,16,150.000000,417,0.110233,0.102141,0.834602,0.754617,0.444054,0.185111,1.022173,0.000000,0.000000,0.792783
baseline,c16_r150m,16,150.000000,419,0.093155,0.097877,0.854970,0.869814,0.798719,0.202333,1.168667,0.000000,0.000000,0.841168
baseline,c16_r150m,16,150.000000,418,0.102742,0.099975,0.837842,0.725271,0.721022,0.201917,1.136853,0.000000,0.000000,0.793507
baseline,c16_r150m,16,150.000000,420,0.090930,0.093954,0.831819,0.867869,0.503136,0.201528,1.182784,0.000000,0.000000,0.834252
baseline,c16_r150m,16,150.000000,421,0.113089,0.096814,0.858561,0.911665,0.468452,0.206500,1.245285,0.000000,0.000000,0.881300
baseline,c16_r150m,16,150.000000,422,0.102454,0.104044,0.816320,0.879062,0.566394,0.206361,1.246995,0.000000,0.000000,0.848646
baseline,c16_r150m,16,150.000000,425,0.084498,0.078860,0.650357,0.793017,0.575155,0.187417,1.039091,0.000000,0.000000,0.797149
baseline,c16_r150m,16,150.000000,423,0.101917,0.095318,0.831611,0.745837,0.770580,0.198833,1.148346,0.000000,0.000000,0.760410
baseline,c16_r150m,16,150.000000,424,0.092740,0.095445,0.726209,0.709399,0.620250,0.191306,1.067766,0.000000,0.000000,0.620377
baseline,c16_r150m,16,150.000000,427,0.108750,0.099357,0.824034,0.833346,0.748213,0.206611,1.249042,0.000000,0.000000,0.777884
baseline,c16_r150m,16,150.000000,428,0.089281,0.081875,0.847352,0.919109,0.789732,0.207861,1.238282,0.000000,0.000000,0.861114
baseline,c16_r150m,16,150.000000,426,0.113247,0.103220,0.773229,0.779121,0.412804,0.197000,1.137944,0.000000,0.000000,0.804535
baseline,c16_r150m,16,150.000000,429,0.106697,0.099096,0.809170,0.736913,0.500098,0.200778,1.171681,0.000000,0.000000,0.766444
baseline,c16_r150m,16,150.000000,430,0.090749,0.093273,0.771388,0.777081,0.844173,0.201222,1.146413,0.000000,0.000000,0.754710
baseline,c16_r150m,16,150.000000,431,0.098350,0.106301,0.766472,0.793259,0.535332,0.190639,1.059539,0.000000,0.000000,0.819674
baseline,c16_r150m,16,150.000000,432,0.093461,0.080984,0.686287,0.642210,0.431195,0.186389,0.993003,0.000000,0.000000,0.668480
baseline,c16_r150m,16,150.000000,433,0.095059,0.097093,0.708581,0.639746,0.557766,0.193500,1.059811,0.000000,0.000000,0.685325
baseline,c16_r150m,16,150.000000,434,0.107396,0.107530,0.785319,0.845704,0.435447,0.204833,1.212090,0.000000,0.000000,0.836630
baseline,c16_r150m,16,150.000000,435,0.089355,0.093568,0.882103,0.863713,0.474924,0.203194,1.194888,0.000000,0.000000,0.844365
baseline,c16_r150m,16,150.000000,436,0.093237,0.106537,0.797264,0.849970,0.263962,0.204306,1.200391,0.000000,0.000000,0.676999
baseline,c16_r150m,16,150.000000,439,0.085624,0.091204,0.632634,0.678482,0.541912,0.186972,1.027587,0.000000,0.000000,0.611845
baseline,c16_r150m,16,150.000000,438,0.092946,0.093287,0.754393,0.818460,0.676788,0.201944,1.152575,0.000000,0.000000,0.818207
baseline,c16_r150m,16,150.000000,437,0.103375,0.094149,0.839823,0.877980,0.748611,0.190611,1.054112,0.000000,0.000000,0.837632
baseline,c16_r150m,16,150.000000,440,0.112272,0.109320,0.851960,0.774433,0.480924,0.197694,1.145597,0.000000,0.000000,0.808403
baseline,c16_r150m,16,150.000000,441,0.085540,0.090338,0.722192,0.825940,0.716740,0.202139,1.150230,0.000000,0.000000,0.789650
baseline,c16_r150m,16,150.000000,442,0.098577,0.097321,0.694130,0.607511,0.597726,0.189333,1.039318,0.000000,0.000000,0.621901
baseline,c16_r150m,16,150.000000,444,0.069274,0.094089,0.865964,0.908093,0.744754,0.203333,1.154523,0.000000,0.000000,0.840478
baseline,c16_r150m,16,150.000000,443,0.106903,0.101678,0.851845,0.849728,0.549736,0.192167,1.113547,0.000000,0.000000,0.825184
baseline,c16_r150m,16,150.000000,445,0.102036,0.100100,0.846390,0.763524,0.572840,0.205389,1.210063,0.000000,0.000000,0.751655
baseline,c16_r150m,16,150.000000,447,0.087240,0.102303,0.834477,0.859988,0.842328,0.198306,1.136552,0.000000,0.000000,0.861249
baseline,c16_r150m,16,150.000000,446,0.097865,0.100094,0.835870,0.823919,0.532751,0.190528,1.086906,0.000000,0.000000,0.823064
baseline,c16_r150m,16,150.000000,448,0.099698,0.095854,0.836065,0.844241,0.425260,0.196667,1.148350,0.000000,0.000000,0.781004
baseline,c16_r150m,16,150.000000,449,0.106004,0.100000,0.854364,0.881942,0.671215,0.199056,1.160581,0.000000,0.000000,0.890200
baseline,c16_r300m,16,300.000000,400,0.147190,0.136337,0.807165,0.681856,0.860810,0.366444,3.266925,0.000000,0.000000,0.654003
baseline,c16_r300m,16,300.000000,401,0.138939,0.127013,0.753683,0.822067,0.414743,0.394278,3.553596,0.000000,0.000000,0.804037
baseline,c16_r300m,16,300.000000,402,0.141684,0.140372,0.797770,0.651528,0.578054,0.363833,3.212493,0.000000,0.000000,0.605972
baseline,c16_r300m,16,300.000000,405,0.108160,0.107543,0.594158,0.552556,0.556627,0.341500,2.956820,0.000000,0.000000,0.600052
baseline,c16_r300m,16,300.000000,403,0.120868,0.124093,0.813115,0.810843,0.670280,0.374278,3.333946,0.000000,0.000000,0.759879
baseline,c16_r300m,16,300.000000,404,0.140423,0.131645,0.783127,0.728717,0.764366,0.366944,3.281625,0.000000,0.000000,0.729800
baseline,c16_r300m,16,300.000000,407,0.150848,0.157542,0.871475,0.865612,0.515297,0.378944,3.410848,0.000000,0.000000,0.809346
baseline,c16_r300m,16,300.000000,410,0.115249,0.112106,0.525514,0.567286,0.664199,0.339528,2.949586,0.000000,0.000000,0.459234
baseline,c16_r300m,16,300.000000,406,0.134847,0.119369,0.664098,0.844264,0.660946,0.367722,3.299425,0.000000,0.000000,0.813955
baseline,c16_r300m,16,300.000000,411,0.123008,0.104596,0.522131,0.565179,0.316308,0.352861,3.102494,0.000000,0.000000,0.479693
baseline,c16_r300m,16,300.000000,408,0.129812,0.136503,0.790957,0.836348,0.546600,0.386250,3.469026,0.000000,0.000000,0.821436
baseline,c16_r300m,16,300.000000,409,0.140842,0.127623,0.764608,0.726518,0.672594,0.369750,3.280592,0.000000,0.000000,0.721125
baseline,c16_r300m,16,300.000000,412,0.094415,0.096432,0.600632,0.824530,0.449147,0.357583,3.157219,0.000000,0.000000,0.784290
baseline,c16_r300m,16,300.000000,413,0.132357,0.117248,0.667540,0.859421,0.557402,0.363167,3.260295,0.000000,0.000000,0.828700
baseline,c16_r300m,16,300.000000,414,0.136538,0.137154,0.733424,0.796187,0.582174,0.372722,3.319159,0.000000,0.000000,0.774615
baseline,c16_r300m,16,300.000000,415,0.105713,0.096383,0.333749,0.387688,0.260210,0.333250,2.878965,0.000000,0.000000,0.357432
baseline,c16_r300m,16,300.000000,416,0.135585,0.136916,0.697216,0.749433,0.467181,0.369750,3.316047,0.000000,0.000000,0.762347
baseline,c16_r300m,16,300.000000,418,0.119449,0.139237,0.694162,0.721024,0.254389,0.369361,3.320594,0.000000,0.000000,0.664774
baseline,c16_r300m,16,300.000000,417,0.134520,0.142231,0.795292,0.826402,0.680233,0.380444,3.431605,0.000000,0.000000,0.787345
baseline,c16_r300m,16,300.000000,420,0.117598,0.102236,0.477711,0.536047,0.608364,0.356111,3.120304,0.000000,0.000000,0.626658
baseline,c16_r300m,16,300.000000,419,0.115565,0.120536,0.563920,0.800018,0.712966,0.369833,3.305797,0.000000,0.000000,0.714311
baseline,c16_r300m,16,300.000000,424,0.100503,0.100251,0.326662,0.253444,0.751288,0.322333,2.770584,0.000000,0.000000,0.218317
baseline,c16_r300m,16,300.000000,421,0.113463,0.122111,0.670620,0.823396,0.643231,0.383417,3.446645,0.000000,0.000000,0.797723
baseline,c16_r300m,16,300.000000,422,0.122114,0.117488,0.658060,0.801920,0.730008,0.370528,3.275304,0.000000,0.000000,0.760114
baseline,c16_r300m,16,300.000000,423,0.141490,0.121349,0.672222,0.774880,0.354310,0.377000,3.386412,0.000000,0.000000,0.737329
baseline,c16_r300m,16,300.000000,426,0.123915,0.100457,0.574068,0.805850,0.472102,0.355389,3.135967,0.000000,0.000000,0.821670
baseline,c16_r300m,16,300.000000,427,0.148712,0.140197,0.758869,0.796357,0.511550,0.385056,3.494333,0.000000,0.000000,0.740505
baseline,c16_r300m,16,300.000000,425,0.120164,0.130945,0.773295,0.794520,0.680029,0.379222,3.381467,0.000000,0.000000,0.743342
baseline,c16_r300m,16,300.000000,428,0.163240,0.141309,0.743822,0.785378,0.179146,0.375694,3.383277,0.000000,0.000000,0.635004
baseline,c16_r300m,16,300.000000,429,0.123207,0.104647,0.596231,0.590720,0.750705,0.357056,3.139969,0.000000,0.000000,0.550619
baseline,c16_r300m,16,300.000000,430,0.163180,0.151971,0.831569,0.911434,0.216012,0.399611,3.626524,0.000000,0.000000,0.850172
baseline,c16_r300m,16,300.000000,431,0.121338,0.128658,0.669164,0.751510,0.727144,0.358444,3.175850,0.000000,0.000000,0.717426
baseline,c16_r300m,16,300.000000,432,0.113510,0.112727,0.533197,0.702992,0.457450,0.351528,3.108300,0.000000,0.000000,0.660027
baseline,c16_r300m,16,300.000000,434,0.123009,0.126148,0.562414,0.580998,0.682904,0.343861,3.005387,0.000000,0.000000,0.537822
baseline,c16_r300m,16,300.000000,433,0.145706,0.147415,0.747201,0.651724,0.332734,0.359306,3.181497,0.000000,0.000000,0.721681
baseline,c16_r300m,16,300.000000,437,0.109167,0.113698,0.512901,0.645705,0.708692,0.362528,3.210489,0.000000,0.000000,0.618964
baseline,c16_r300m,16,300.000000,439,0.126286,0.132444,0.775110,0.805512,0.610285,0.385806,3.485507,0.000000,0.000000,0.744064
baseline,c16_r300m,16,300.000000,438,0.073784,0.082823,0.282401,0.303086,0.624195,0.330778,2.820296,0.000000,0.000000,0.275992
baseline,c16_r300m,16,300.000000,440,0.111109,0.126160,0.686447,0.714364,0.688650,0.369639,3.272478,0.000000,0.000000,0.613234
baseline,c16_r300m,16,300.000000,436,0.127952,0.111001,0.585637,0.798216,0.675999,0.382917,3.434054,0.000000,0.000000,0.764572
baseline,c16_r300m,16,300.000000,435,0.145980,0.134490,0.849665,0.706427,0.758982,0.377250,3.362546,0.000000,0.000000,0.720805
baseline,c16_r300m,16,300.000000,442,0.142958,0.130542,0.731637,0.687182,0.643112,0.363861,3.249061,0.000000,0.000000,0.705870
baseline,c16_r300m,16,300.000000,443,0.111662,0.113294,0.635303,0.753161,0.541889,0.375861,3.337437,0.000000,0.000000,0.733666
baseline,c16_r300m,16,300.000000,444,0.126727,0.116326,0.700029,0.797417,0.330502,0.374972,3.336695,0.000000,0.000000,0.723439
baseline,c16_r300m,16,300.000000,441,0.131362,0.140823,0.796082,0.780639,0.583245,0.367083,3.300682,0.000000,0.000000,0.789184
baseline,c16_r300m,16,300.000000,445,0.095778,0.102202,0.472586,0.540141,0.654612,0.340000,2.949123,0.000000,0.000000,0.554597
baseline,c16_r300m,16,300.000000,446,0.143328,0.152167,0.835538,0.790243,0.581815,0.385583,3.487009,0.000000,0.000000,0.788055
baseline,c16_r300m,16,300.000000,447,0.126110,0.106551,0.599667,0.889453,0.553939,0.377639,3.387240,0.000000,0.000000,0.851308
baseline,c16_r300m,16,300.000000,448,0.119293,0.088778,0.539011,0.337606,0.699126,0.332194,2.844894,0.000000,0.000000,0.308211
baseline,c16_r300m,16,300.000000,449,0.075689,0.072055,0.414478,0.487955,0.800581,0.333333,2.897708,0.000000,0.000000,0.592375
baseline,c16_r600m,16,600.000000,400,0.087134,0.075700,0.406252,0.626407,0.834095,0.612417,6.376194,0.000000,0.000000,0.542965
baseline,c16_r600m,16,600.000000,404,0.085052,0.075159,0.364332,0.497221,0.594602,0.603028,6.271770,0.000000,0.000000,0.507138
baseline,c16_r600m,16,600.000000,403,0.085750,0.092949,0.384130,0.367598,0.702789,0.605333,6.292300,0.000000,0.000000,0.379984
baseline,c16_r600m,16,600.000000,401,0.094721,0.102412,0.414274,0.709497,0.719033,0.631306,6.592623,0.000000,0.000000,0.592877
baseline,c16_r600m,16,600.000000,402,0.095358,0.057349,0.360455,0.570726,0.681015,0.629194,6.560226,0.000000,0.000000,0.487601
baseline,c16_r600m,16,600.000000,408,0.122717,0.129858,0.559427,0.313368,0.628314,0.620306,6.448568,0.000000,0.000000,0.247461
baseline,c16_r600m,16,600.000000,406,0.091126,0.108758,0.442662,0.776505,0.579827,0.627278,6.547034,0.000000,0.000000,0.731398
baseline,c16_r600m,16,600.000000,405,0.059956,0.066569,0.422133,0.622738,0.465664,0.613139,6.381379,0.000000,0.000000,0.643340
baseline,c16_r600m,16,600.000000,407,0.126628,0.127101,0.597576,0.742691,0.795275,0.603778,6.283615,0.000000,0.000000,0.624296
baseline,c16_r600m,16,600.000000,409,0.154394,0.097766,0.657537,0.788313,0.804081,0.639694,6.695612,0.000000,0.000000,0.675506
baseline,c16_r600m,16,600.000000,410,0.110017,0.103339,0.372308,0.678834,0.104989,0.626694,6.545318,0.000000,0.000000,0.678245
baseline,c16_r600m,16,600.000000,411,0.113947,0.115644,0.609198,0.504865,0.517292,0.635361,6.634084,0.000000,0.000000,0.389832
baseline,c16_r600m,16,600.000000,412,0.142811,0.134607,0.725423,0.478571,0.648304,0.630750,6.543173,0.000000,0.000000,0.403119
baseline,c16_r600m,16,600.000000,413,0.101755,0.104928,0.563881,0.554273,0.519684,0.625639,6.551032,0.000000,0.000000,0.552213
baseline,c16_r600m,16,600.000000,414,0.117437,0.109315,0.643244,0.652315,0.545892,0.634222,6.584147,0.000000,0.000000,0.589967
baseline,c16_r600m,16,600.000000,415,0.103852,0.080630,0.389608,0.313542,0.554692,0.610639,6.342783,0.000000,0.000000,0.268111
baseline,c16_r600m,16,600.000000,417,0.071738,0.090345,0.307340,0.289676,0.697734,0.581806,6.050649,0.000000,0.000000,0.323766
baseline,c16_r600m,16,600.000000,419,0.111211,0.100634,0.479290,0.543457,0.536963,0.623750,6.496993,0.000000,0.000000,0.478704
baseline,c16_r600m,16,600.000000,420,0.091534,0.104323,0.639992,0.646377,0.527732,0.646833,6.751342,0.000000,0.000000,0.619109
baseline,c16_r600m,16,600.000000,418,0.089011,0.094628,0.412484,0.493385,0.719807,0.612639,6.366021,0.000000,0.000000,0.511609
baseline,c16_r600m,16,600.000000,421,0.132465,0.136282,0.762238,0.744461,0.323281,0.645972,6.727326,0.000000,0.000000,0.717711
baseline,c16_r600m,16,600.000000,422,0.096773,0.089944,0.475883,0.349410,0.553978,0.603611,6.281729,0.000000,0.000000,0.357311
baseline,c16_r600m,16,600.000000,416,0.080216,0.062951,0.422979,0.799287,0.576415,0.637611,6.645783,0.000000,0.000000,0.685950
baseline,c16_r600m,16,600.000000,423,0.113098,0.082835,0.523663,0.519613,0.610494,0.626417,6.510847,0.000000,0.000000,0.541001
baseline,c16_r600m,16,600.000000,426,0.115950,0.128168,0.554095,0.458298,0.785653,0.584889,6.097342,0.000000,0.000000,0.392368
baseline,c16_r600m,16,600.000000,424,0.078141,0.088796,0.525361,0.564127,0.469178,0.619111,6.442475,0.000000,0.000000,0.521546
baseline,c16_r600m,16,600.000000,425,0.139170,0.120130,0.741148,0.753191,0.736152,0.657972,6.851819,0.000000,0.000000,0.748347
baseline,c16_r600m,16,600.000000,427,0.059647,0.072160,0.293661,0.415814,0.496758,0.588222,6.085689,0.000000,0.000000,0.391031
baseline,c16_r600m,16,600.000000,428,0.079956,0.090624,0.346606,0.677748,0.658586,0.620167,6.438677,0.000000,0.000000,0.721654
baseline,c16_r600m,16,600.000000,429,0.112199,0.109581,0.667023,0.409257,0.524351,0.630472,6.539949,0.000000,0.000000,0.388384
baseline,c16_r600m,16,600.000000,430,0.067226,0.076268,0.338557,0.406922,0.820864,0.593361,6.140205,0.000000,0.000000,0.365814
baseline,c16_r600m,16,600.000000,431,0.061721,0.068929,0.384225,0.496249,0.532527,0.602083,6.250546,0.000000,0.000000,0.579931
baseline,c16_r600m,16,600.000000,432,0.121527,0.120815,0.661822,0.769800,0.799496,0.653333,6.830793,0.000000,0.000000,0.701449
baseline,c16_r600m,16,600.000000,433,0.076711,0.098237,0.390120,0.680107,0.704000,0.618722,6.427244,0.000000,0.000000,0.680455
baseline,c16_r600m,16,600.000000,434,0.143801,0.135351,0.731199,0.797453,0.448552,0.657778,6.902854,0.000000,0.000000,0.777843
baseline,c16_r600m,16,600.000000,435,0.106822,0.104239,0.614293,0.645186,0.675825,0.634111,6.587968,0.000000,0.000000,0.584078
baseline,c16_r600m,16,600.000000,437,0.122013,0.102334,0.520559,0.571938,0.462167,0.617389,6.413597,0.000000,0.000000,0.557136
baseline,c16_r600m,16,600.000000,436,0.098713,0.072219,0.447088,0.594309,0.470820,0.620972,6.462779,0.000000,0.000000,0.645992
baseline,c16_r600m,16,600.000000,440,0.143257,0.138965,0.734805,0.700218,0.677039,0.647389,6.713987,0.000000,0.000000,0.645729
baseline,c16_r600m,16,600.000000,439,0.090034,0.086327,0.468043,0.740041,0.782134,0.631583,6.564974,0.000000,0.000000,0.760765
baseline,c16_r600m,16,600.000000,438,0.125655,0.118291,0.758867,0.708500,0.358850,0.622667,6.485136,0.000000,0.000000,0.737539
baseline,c16_r600m,16,600.000000,442,0.113358,0.092450,0.632858,0.721280,0.502691,0.642417,6.690871,0.000000,0.000000,0.699286
baseline,c16_r600m,16,600.000000,441,0.121489,0.097626,0.656602,0.737379,0.678628,0.655000,6.831509,0.000000,0.000000,0.651532
baseline,c16_r600m,16,600.000000,443,0.122408,0.105226,0.473794,0.641994,0.663531,0.613417,6.425832,0.000000,0.000000,0.607888
baseline,c16_r600m,16,600.000000,445,0.070768,0.071713,0.357006,0.559231,0.570189,0.613083,6.356506,0.000000,0.000000,0.569880
baseline,c16_r600m,16,600.000000,444,0.107748,0.099684,0.577137,0.876170,0.470435,0.665889,6.959495,0.000000,0.000000,0.792169
baseline,c16_r600m,16,600.000000,446,0.114665,0.088485,0.548332,0.660517,0.703730,0.630694,6.565580,0.000000,0.000000,0.605628
baseline,c24_r15m,24,15.000000,401,0.111111,0.038098,0.445274,0.227424,0.351341,0.006361,0.001000,1.000000,1.000000,0.076167
baseline,c24_r15m,24,15.000000,402,0.014170,0.048482,0.555590,0.316749,0.727881,0.019639,0.001000,1.000000,1.000000,0.408227
baseline,c24_r15m,24,15.000000,400,-0.035714,-0.014704,0.620857,0.223090,0.632910,0.014111,0.001000,1.000000,1.000000,0.207313
baseline,c24_r15m,24,15.000000,403,0.052533,0.051589,0.217169,0.222698,0.809397,0.017917,0.001000,1.000000,1.000000,0.336455
baseline,c16_r600m,16,600.000000,447,0.077023,0.093433,0.366539,0.699483,0.235861,0.607972,6.313037,0.000000,0.000000,0.708417
baseline,c24_r15m,24,15.000000,404,0.000000,0.019448,0.307726,0.434882,0.798905,0.004972,0.001000,1.000000,1.000000,0.282695
baseline,c24_r15m,24,15.000000,405,0.166667,-0.001782,0.532564,0.498595,0.702936,0.014306,0.001000,1.000000,1.000000,0.453207
baseline,c24_r15m,24,15.000000,406,0.044444,0.028825,0.625020,0.246416,0.699906,0.012167,0.001000,1.000000,1.000000,0.218368
baseline,c24_r15m,24,15.000000,407,0.000000,0.024101,0.291759,0.357656,0.793406,0.006167,0.001000,1.000000,1.000000,0.623765
baseline,c24_r15m,24,15.000000,408,-0.028571,0.021195,0.457202,0.232483,0.658384,0.020722,0.001000,1.000000,1.000000,0.351853
baseline,c24_r15m,24,15.000000,409,0.166667,0.065252,0.464833,0.293745,0.633567,0.015972,0.001000,1.000000,1.000000,0.192805
baseline,c16_r600m,16,600.000000,448,0.108070,0.096805,0.516246,0.685392,0.790256,0.613556,6.429294,0.000000,0.000000,0.689640
baseline,c16_r600m,16,600.000000,449,0.131532,0.121859,0.718880,0.758055,0.589888,0.648111,6.767558,0.000000,0.000000,0.727463
baseline,c24_r15m,24,15.000000,411,0.000000,0.001190,0.478535,0.250595,0.406301,0.005056,0.001000,1.000000,1.000000,0.248008
baseline,c24_r15m,24,15.000000,410,0.000000,0.058682,0.393781,0.456901,0.663497,0.011917,0.001000,1.000000,1.000000,0.428810
baseline,c24_r15m,24,15.000000,412,-0.200000,-0.073986,0.180722,0.405038,0.483712,0.005361,0.001000,1.000000,1.000000,0.460058
baseline,c24_r15m,24,15.000000,413,0.000000,-0.029918,0.479515,0.488699,0.622662,0.015583,0.001000,1.000000,1.000000,0.406340
baseline,c24_r15m,24,15.000000,414,0.000000,0.000000,0.268691,0.423478,0.708118,0.002750,0.001000,1.000000,1.000000,0.188037
baseline,c24_r15m,24,15.000000,415,-0.029412,0.057152,0.408830,0.209463,0.633179,0.018889,0.001000,1.000000,1.000000,0.240093
baseline,c24_r15m,24,15.000000,416,-0.111111,-0.001111,0.755583,0.569862,0.605630,0.005889,0.001000,1.000000,1.000000,0.493178
baseline,c24_r15m,24,15.000000,417,-0.071429,0.089391,0.331482,0.198718,0.732228,0.022694,0.001000,1.000000,1.000000,0.186132
baseline,c24_r15m,24,15.000000,418,0.049180,0.018053,0.295448,0.636441,0.861103,0.018833,0.001000,1.000000,1.000000,0.624754
baseline,c24_r15m,24,15.000000,420,0.000000,0.016437,0.462585,0.209687,0.774011,0.010278,0.001000,1.000000,1.000000,0.229615
baseline,c24_r15m,24,15.000000,419,0.023810,0.006760,0.331134,0.623388,0.793852,0.016000,0.001000,1.000000,1.000000,0.654082
baseline,c24_r15m,24,15.000000,421,0.000000,0.013102,0.534452,0.185920,0.853878,0.002694,0.001000,1.000000,1.000000,0.170697
baseline,c24_r15m,24,15.000000,422,0.111111,0.006996,0.185052,0.653269,0.774447,0.015722,0.001000,1.000000,1.000000,0.761342
baseline,c24_r15m,24,15.000000,423,0.025490,-0.013853,0.338244,0.423948,0.845569,0.016861,0.001000,1.000000,1.000000,0.427983
baseline,c24_r15m,24,15.000000,424,0.000000,0.044091,0.247917,0.442880,0.718903,0.009083,0.001000,1.000000,1.000000,0.394147
baseline,c24_r15m,24,15.000000,425,0.142857,0.006942,0.457375,0.538542,0.829238,0.007833,0.001000,1.000000,1.000000,0.272432
baseline,c24_r15m,24,15.000000,426,0.000000,0.029365,0.331336,0.333748,0.668803,0.004667,0.001000,1.000000,1.000000,0.559873
baseline,c24_r15m,24,15.000000,427,-0.050000,0.029717,0.287364,0.266790,0.530066,0.017444,0.001000,1.000000,1.000000,0.241498
baseline,c24_r15m,24,15.000000,428,0.000000,0.046954,0.330266,0.358874,0.326875,0.013722,0.001000,1.000000,1.000000,0.325886
baseline,c24_r15m,24,15.000000,429,-0.035714,0.023835,0.239576,0.186481,0.820883,0.011750,0.001000,1.000000,1.000000,0.384414
baseline,c24_r15m,24,15.000000,430,0.055556,0.086797,0.259327,0.495538,0.707253,0.015722,0.001000,1.000000,1.000000,0.506371
baseline,c24_r15m,24,15.000000,431,0.027027,0.039254,0.232509,0.363960,0.701554,0.013500,0.001000,1.000000,1.000000,0.439143
baseline,c24_r15m,24,15.000000,432,0.076923,0.067154,0.354910,0.539604,0.532094,0.012778,0.001000,1.000000,1.000000,0.519414
baseline,c24_r15m,24,15.000000,433,0.000000,0.025175,0.499694,0.411902,0.688431,0.008972,0.001000,1.000000,1.000000,0.300102
baseline,c24_r15m,24,15.000000,434,0.000000,0.060001,0.753714,0.413759,0.823207,0.012389,0.001000,1.000000,1.000000,0.541914
baseline,c24_r15m,24,15.000000,435,-0.081081,0.022597,0.341508,0.381299,0.768214,0.011222,0.001000,1.000000,1.000000,0.303476
baseline,c24_r15m,24,15.000000,436,0.037037,0.041218,0.280967,0.451858,0.821506,0.016611,0.001000,1.000000,1.000000,0.536381
baseline,c24_r15m,24,15.000000,437,-0.068966,0.007790,0.490543,0.429127,0.480351,0.010028,0.001000,1.000000,1.000000,0.452028
baseline,c24_r15m,24,15.000000,438,0.000000,-0.018687,0.309256,0.457257,0.609726,0.012194,0.001000,1.000000,1.000000,0.391281
baseline,c24_r15m,24,15.000000,439,0.000000,0.008333,0.478388,0.410142,0.790596,0.010194,0.001000,1.000000,1.000000,0.338475
baseline,c24_r15m,24,15.000000,440,0.071429,0.027303,0.292194,0.600225,0.688218,0.011000,0.001000,1.000000,1.000000,0.655677
baseline,c24_r15m,24,15.000000,441,0.000000,0.030108,0.404764,0.176667,0.477714,0.010167,0.001000,1.000000,1.000000,0.186888
baseline,c24_r15m,24,15.000000,442,0.000000,0.070703,0.286252,0.329164,0.686388,0.016333,0.001000,1.000000,1.000000,0.385940
baseline,c24_r15m,24,15.000000,443,0.025735,0.002520,0.401338,0.563651,0.672117,0.020861,0.001000,1.000000,1.000000,0.420639
baseline,c24_r15m,24,15.000000,444,0.000000,-0.009091,0.704177,0.254705,0.546300,0.005944,0.001000,1.000000,1.000000,0.143579
baseline,c24_r15m,24,15.000000,445,0.000000,-0.009091,0.170276,0.481909,0.813974,0.002750,0.001000,1.000000,1.000000,0.131918
baseline,c24_r15m,24,15.000000,446,0.000000,0.060152,0.583521,0.328934,0.530358,0.006167,0.001000,1.000000,1.000000,0.398455
baseline,c24_r15m,24,15.000000,447,0.100000,0.151891,0.463131,0.463881,0.150891,0.015750,0.001000,1.000000,1.000000,0.323320
baseline,c24_r15m,24,15.000000,448,-0.028571,0.026592,0.444647,0.243582,0.501737,0.013167,0.001000,1.000000,1.000000,0.177760
baseline,c24_r15m,24,15.000000,449,0.000000,0.000000,0.224701,0.742147,0.276152,0.005444,0.001000,1.000000,1.000000,0.283333
baseline,c24_r37.5m,24,37.500000,400,0.036109,0.019440,0.307344,0.318635,0.646251,0.026222,0.001000,1.000000,1.000000,0.287579
baseline,c24_r37.5m,24,37.500000,401,0.008015,0.022454,0.189397,0.549280,0.485454,0.037000,0.001000,1.000000,1.000000,0.500547
baseline,c24_r37.5m,24,37.500000,402,0.014877,0.028880,0.439270,0.427924,0.757901,0.027778,0.001000,1.000000,1.000000,0.388034
baseline,c24_r37.5m,24,37.500000,404,0.034786,0.026122,0.555859,0.374036,0.638714,0.010111,0.001000,1.000000,1.000000,0.470384
baseline,c24_r37.5m,24,37.500000,405,-0.006880,0.016320,0.650446,0.335614,0.262791,0.020722,0.001000,1.000000,1.000000,0.550360
baseline,c24_r37.5m,24,37.500000,403,0.057857,0.037375,0.604779,0.445951,0.688921,0.023861,0.001000,1.000000,0.998333,0.441214
baseline,c24_r37.5m,24,37.500000,406,0.015334,0.011906,0.270130,0.193515,0.503464,0.040389,0.001000,1.000000,1.000000,0.156004
baseline,c24_r37.5m,24,37.500000,408,0.050464,0.046167,0.531573,0.388141,0.570981,0.018083,0.001000,1.000000,1.000000,0.436814
baseline,c24_r37.5m,24,37.500000,407,0.024694,0.014067,0.168638,0.246091,0.593680,0.045417,0.001000,1.000000,1.000000,0.258993
baseline,c24_r37.5m,24,37.500000,409,0.044588,0.035358,0.284051,0.223579,0.774704,0.056694,0.001000,1.000000,1.000000,0.220675
baseline,c24_r37.5m,24,37.500000,410,0.021014,0.018727,0.221636,0.651912,0.696877,0.053833,0.001000,1.000000,1.000000,0.639424
baseline,c24_r37.5m,24,37.500000,411,-0.001236,0.025762,0.208674,0.279378,0.255122,0.046889,0.001000,1.000000,1.000000,0.278712
baseline,c24_r37.5m,24,37.500000,412,0.045726,0.035804,0.347515,0.233010,0.744553,0.019722,0.001000,1.000000,1.000000,0.284541
baseline,c24_r37.5m,24,37.500000,413,0.020378,0.026683,0.090490,0.386448,0.367924,0.030278,0.001000,1.000000,1.000000,0.654687
baseline,c24_r37.5m,24,37.500000,414,0.055982,0.025124,0.467967,0.402628,0.460239,0.040444,0.001000,1.000000,1.000000,0.341769
baseline,c24_r37.5m,24,37.500000,415,0.030912,0.023370,0.448884,0.259795,0.662514,0.031389,0.001000,1.000000,1.000000,0.338087
baseline,c24_r37.5m,24,37.500000,418,0.086965,0.050051,0.512126,0.273037,0.659389,0.026056,0.001000,1.000000,1.000000,0.281756
baseline,c24_r37.5m,24,37.500000,417,0.035660,0.031895,0.410571,0.323955,0.725965,0.038694,0.001000,1.000000,1.000000,0.435276
baseline,c24_r37.5m,24,37.500000,416,0.037310,0.026631,0.251226,0.303205,0.525967,0.018833,0.001000,1.000000,1.000000,0.280031
baseline,c24_r37.5m,24,37.500000,419,0.004936,0.020506,0.315990,0.637485,0.681680,0.019444,0.001000,1.000000,1.000000,0.725690
baseline,c24_r37.5m,24,37.500000,420,0.040705,0.030988,0.230135,0.134537,0.788867,0.034611,0.001000,1.000000,1.000000,0.132592
baseline,c24_r37.5m,24,37.500000,421,0.039941,0.043075,0.389354,0.263554,0.397298,0.032417,0.001000,1.000000,1.000000,0.349853
baseline,c24_r37.5m,24,37.500000,422,0.043133,0.034652,0.259222,0.349290,0.706684,0.038917,0.001000,1.000000,1.000000,0.304389
baseline,c24_r37.5m,24,37.500000,423,0.030303,0.045967,0.406314,0.181905,0.590745,0.021944,0.001000,1.000000,1.000000,0.237531
baseline,c24_r37.5m,24,37.500000,425,0.019149,0.023863,0.177552,0.722699,0.682256,0.018556,0.001000,1.000000,1.000000,0.596474
baseline,c24_r37.5m,24,37.500000,424,0.043740,0.051832,0.474089,0.587557,0.237854,0.052861,0.001000,1.000000,1.000000,0.649008
baseline,c24_r37.5m,24,37.500000,426,0.074533,0.019494,0.263653,0.321024,0.572182,0.030528,0.001000,1.000000,1.000000,0.371994
baseline,c24_r37.5m,24,37.500000,427,0.025069,0.015573,0.277942,0.172026,0.554512,0.019333,0.001000,1.000000,1.000000,0.187377
baseline,c24_r37.5m,24,37.500000,428,0.004329,0.025718,0.244542,0.201976,0.565544,0.027444,0.001000,1.000000,1.000000,0.202261
baseline,c24_r37.5m,24,37.500000,429,0.023376,0.031561,0.335978,0.622860,0.752600,0.023000,0.001000,1.000000,1.000000,0.654650
baseline,c24_r37.5m,24,37.500000,430,0.011592,0.002995,0.352687,0.554138,0.604417,0.027667,0.001000,1.000000,0.998333,0.346102
baseline,c24_r37.5m,24,37.500000,431,-0.010642,0.016097,0.365836,0.422194,0.501407,0.022472,0.001000,1.000000,1.000000,0.247352
baseline,c24_r37.5m,24,37.500000,432,0.017366,0.035711,0.492956,0.398919,0.696917,0.035111,0.001000,1.000000,1.000000,0.437760
baseline,c24_r37.5m,24,37.500000,433,0.029758,0.017682,0.288363,0.241206,0.426873,0.043833,0.001000,1.000000,1.000000,0.205512
baseline,c24_r37.5m,24,37.500000,434,0.044371,0.035222,0.554150,0.390534,0.632052,0.010889,0.001000,1.000000,1.000000,0.479400
baseline,c24_r37.5m,24,37.500000,435,0.034846,0.034659,0.328030,0.451644,0.482776,0.017000,0.001000,1.000000,1.000000,0.593033
baseline,c24_r37.5m,24,37.500000,436,0.095447,0.031016,0.383834,0.297209,0.365057,0.017056,0.001000,1.000000,1.000000,0.363762
baseline,c24_r37.5m,24,37.500000,437,0.024454,0.014270,0.212739,0.350771,0.598115,0.053250,0.001000,1.000000,1.000000,0.439709
baseline,c24_r37.5m,24,37.500000,439,0.015453,0.013420,0.252875,0.444716,0.551074,0.020111,0.001000,1.000000,1.000000,0.574631
baseline,c24_r37.5m,24,37.500000,438,0.048578,0.052799,0.602134,0.383016,0.481798,0.028944,0.001000,1.000000,1.000000,0.430175
baseline,c24_r37.5m,24,37.500000,440,-0.019391,0.011583,0.306453,0.556899,0.355886,0.027472,0.001000,1.000000,1.000000,0.424701
baseline,c24_r37.5m,24,37.500000,441,0.047118,0.007361,0.416673,0.418029,0.577417,0.033250,0.001000,1.000000,1.000000,0.304675
baseline,c24_r37.5m,24,37.500000,442,0.015006,0.008983,0.124926,0.215908,0.464890,0.046833,0.001000,1.000000,1.000000,0.292642
baseline,c24_r37.5m,24,37.500000,443,0.039782,0.052131,0.470897,0.462514,0.666646,0.039972,0.001000,1.000000,1.000000,0.576511
baseline,c24_r37.5m,24,37.500000,444,-0.006005,0.018610,0.318179,0.384526,0.801021,0.020250,0.001000,1.000000,1.000000,0.271935
baseline,c24_r37.5m,24,37.500000,445,0.018843,0.023680,0.278897,0.417189,0.697392,0.053889,0.001000,1.000000,1.000000,0.462951
baseline,c24_r37.5m,24,37.500000,446,0.012085,0.013115,0.370314,0.362686,0.433659,0.044222,0.001000,1.000000,1.000000,0.469482
baseline,c24_r37.5m,24,37.500000,448,0.067322,0.020109,0.331593,0.307989,0.723369,0.027889,0.001000,1.000000,1.000000,0.274270
baseline,c24_r37.5m,24,37.500000,447,-0.022690,0.007976,0.338152,0.578878,0.629898,0.032722,0.001000,1.000000,1.000000,0.465704
baseline,c24_r37.5m,24,37.500000,449,-0.009681,0.014838,0.218221,0.387266,0.826685,0.011917,0.001000,1.000000,1.000000,0.304162
baseline,c24_r75m,24,75.000000,400,0.056657,0.052425,0.724063,0.713286,0.581849,0.134667,0.350578,0.050000,0.068333,0.639970
baseline,c24_r75m,24,75.000000,402,0.046275,0.048436,0.872340,0.799248,0.825906,0.134667,0.349912,0.116667,0.060000,0.762083
baseline,c24_r75m,24,75.000000,401,0.047399,0.050952,0.806205,0.786908,0.740241,0.130500,0.312454,0.066667,0.055000,0.737441
baseline,c24_r75m,24,75.000000,403,0.049934,0.055959,0.725911,0.728263,0.739535,0.134917,0.358301,0.033333,0.041667,0.717312
baseline,c24_r75m,24,75.000000,404,0.062893,0.063894,0.808729,0.819756,0.475955,0.130972,0.339463,0.100000,0.043333,0.762008
baseline,c24_r75m,24,75.000000,407,0.075934,0.061592,0.798880,0.798625,0.549049,0.135333,0.362194,0.050000,0.045000,0.806420
baseline,c24_r75m,24,75.000000,405,0.059947,0.060482,0.876693,0.853084,0.769628,0.133333,0.353945,0.016667,0.033333,0.844305
baseline,c24_r75m,24,75.000000,406,0.070568,0.062713,0.844146,0.828366,0.497658,0.137278,0.372212,0.066667,0.030000,0.838414
baseline,c24_r75m,24,75.000000,408,0.062119,0.065019,0.772520,0.660423,0.562006,0.134083,0.334937,0.033333,0.060000,0.489715
baseline,c24_r75m,24,75.000000,409,0.066386,0.056515,0.815445,0.883278,0.752620,0.134194,0.366273,0.066667,0.043333,0.878558
baseline,c24_r75m,24,75.000000,412,0.063659,0.053241,0.709063,0.727033,0.279050,0.129694,0.302591,0.050000,0.060000,0.724672
baseline,c24_r75m,24,75.000000,410,0.056024,0.063975,0.897282,0.891332,0.751766,0.137389,0.369086,0.050000,0.041667,0.827306
baseline,c24_r75m,24,75.000000,411,0.065772,0.051942,0.915189,0.849917,0.846993,0.141722,0.407298,0.050000,0.030000,0.866583
baseline,c24_r75m,24,75.000000,413,0.056785,0.058150,0.869011,0.719841,0.661230,0.133472,0.355624,0.016667,0.053333,0.663647
baseline,c24_r75m,24,75.000000,414,0.052903,0.064176,0.685852,0.627379,0.436939,0.138389,0.388943,0.050000,0.068333,0.541827
baseline,c24_r75m,24,75.000000,415,0.059727,0.063938,0.721454,0.849131,0.348118,0.133083,0.395510,0.000000,0.041667,0.790052
baseline,c24_r75m,24,75.000000,416,0.051909,0.054800,0.681818,0.600358,0.676453,0.128167,0.277374,0.083333,0.066667,0.558814
baseline,c24_r75m,24,75.000000,417,0.058715,0.057214,0.698696,0.823726,0.782097,0.131694,0.334787,0.100000,0.053333,0.810139
baseline,c24_r75m,24,75.000000,418,0.076431,0.063651,0.846700,0.742860,0.666061,0.134500,0.368653,0.100000,0.038333,0.740260
baseline,c24_r75m,24,75.000000,419,0.064156,0.061601,0.873468,0.681152,0.787677,0.136083,0.380799,0.050000,0.043333,0.758945
baseline,c24_r75m,24,75.000000,420,0.075250,0.061477,0.745309,0.820234,0.563884,0.127139,0.309077,0.083333,0.066667,0.818343
baseline,c24_r75m,24,75.000000,422,0.076280,0.064423,0.795428,0.758237,0.278914,0.137833,0.389028,0.050000,0.043333,0.807783
baseline,c24_r75m,24,75.000000,421,0.061250,0.054168,0.810963,0.819019,0.774745,0.135194,0.361458,0.083333,0.053333,0.785158
baseline,c24_r75m,24,75.000000,423,0.060319,0.059516,0.798256,0.833750,0.699612,0.131806,0.351104,0.050000,0.046667,0.797333
baseline,c24_r75m,24,75.000000,424,0.041097,0.051008,0.623859,0.734240,0.434521,0.134667,0.340574,0.016667,0.040000,0.725830
baseline,c24_r75m,24,75.000000,425,0.060536,0.062249,0.876343,0.863328,0.581701,0.129000,0.338199,0.100000,0.053333,0.830957
baseline,c24_r75m,24,75.000000,426,0.071658,0.064296,0.747475,0.744665,0.723233,0.133250,0.355505,0.066667,0.033333,0.736902
baseline,c24_r75m,24,75.000000,427,0.071272,0.065288,0.859714,0.891568,0.524314,0.143333,0.422558,0.016667,0.035000,0.854978
baseline,c24_r75m,24,75.000000,429,0.043550,0.068354,0.749327,0.875650,0.367297,0.132333,0.348645,0.050000,0.063333,0.848746
baseline,c24_r75m,24,75.000000,430,0.055879,0.059184,0.859233,0.870425,0.800650,0.139944,0.384791,0.000000,0.040000,0.816555
baseline,c24_r75m,24,75.000000,428,0.072295,0.062179,0.896176,0.811086,0.615122,0.136861,0.366236,0.033333,0.038333,0.846638
baseline,c24_r75m,24,75.000000,431,0.063269,0.061471,0.858758,0.821018,0.546562,0.137889,0.384291,0.050000,0.041667,0.832596
baseline,c24_r75m,24,75.000000,432,0.058648,0.059520,0.835601,0.759664,0.380156,0.139667,0.417280,0.066667,0.041667,0.781161
baseline,c24_r75m,24,75.000000,433,0.046259,0.057843,0.802047,0.760946,0.563926,0.134222,0.375580,0.050000,0.046667,0.810432
baseline,c24_r75m,24,75.000000,434,0.038621,0.059130,0.814035,0.850242,0.626373,0.139028,0.370768,0.016667,0.053333,0.856192
baseline,c24_r75m,24,75.000000,435,0.050913,0.055306,0.837723,0.843566,0.807862,0.134583,0.345872,0.033333,0.053333,0.822431
baseline,c24_r75m,24,75.000000,436,0.057951,0.060219,0.843414,0.864285,0.697777,0.140472,0.404723,0.016667,0.048333,0.811435
baseline,c24_r75m,24,75.000000,438,0.071319,0.054353,0.602811,0.616688,0.567480,0.131278,0.328166,0.050000,0.061667,0.689786
baseline,c24_r75m,24,75.000000,437,0.059476,0.057118,0.764480,0.849767,0.802132,0.134250,0.335718,0.050000,0.051667,0.836962
baseline,c24_r75m,24,75.000000,439,0.043762,0.052484,0.870481,0.905097,0.625192,0.137389,0.393666,0.033333,0.056667,0.782888
baseline,c24_r75m,24,75.000000,440,0.058362,0.063394,0.864968,0.838843,0.759595,0.138417,0.413058,0.033333,0.051667,0.755386
baseline,c24_r75m,24,75.000000,441,0.034640,0.040758,0.548023,0.751502,0.799380,0.130778,0.342542,0.083333,0.063333,0.615686
baseline,c24_r75m,24,75.000000,442,0.058353,0.055960,0.725367,0.782406,0.644055,0.129972,0.314374,0.100000,0.058333,0.730174
baseline,c24_r75m,24,75.000000,444,0.061538,0.052466,0.764607,0.775518,0.720240,0.136583,0.345494,0.016667,0.031667,0.716169
baseline,c24_r75m,24,75.000000,445,0.075206,0.062525,0.889477,0.854468,0.443401,0.140056,0.411089,0.016667,0.045000,0.843054
baseline,c24_r75m,24,75.000000,443,0.044652,0.055699,0.714188,0.828871,0.570985,0.139694,0.408670,0.016667,0.040000,0.838757
baseline,c24_r75m,24,75.000000,446,0.054174,0.050783,0.714956,0.696052,0.642527,0.132139,0.335272,0.100000,0.045000,0.686264
baseline,c24_r75m,24,75.000000,447,0.075630,0.057624,0.782073,0.808603,0.392161,0.137000,0.381107,0.050000,0.050000,0.799595
baseline,c24_r75m,24,75.000000,448,0.065121,0.064879,0.853110,0.689550,0.602348,0.139056,0.403424,0.050000,0.053333,0.703018
baseline,c24_r75m,24,75.000000,449,0.057332,0.053955,0.727729,0.777702,0.726337,0.133944,0.380487,0.050000,0.043333,0.744658
baseline,c24_r150m,24,150.000000,401,0.072108,0.077533,0.699846,0.790867,0.446549,0.263444,1.956486,0.000000,0.000000,0.645768
baseline,c24_r150m,24,150.000000,400,0.046922,0.070171,0.804352,0.843463,0.608556,0.261778,1.934198,0.000000,0.000000,0.803115
baseline,c24_r150m,24,150.000000,402,0.067322,0.089099,0.796511,0.858387,0.432984,0.271556,2.024443,0.000000,0.000000,0.856359
baseline,c24_r150m,24,150.000000,403,0.084231,0.082749,0.704240,0.497577,0.703455,0.249361,1.787421,0.000000,0.000000,0.522055
baseline,c24_r150m,24,150.000000,406,0.080811,0.074914,0.628766,0.455889,0.665233,0.255389,1.872815,0.000000,0.000000,0.363987
baseline,c24_r150m,24,150.000000,404,0.078502,0.084696,0.678637,0.730789,0.658061,0.264750,1.971075,0.000000,0.000000,0.661148
baseline,c24_r150m,24,150.000000,405,0.071906,0.078355,0.796225,0.779740,0.498583,0.262500,1.946706,0.000000,0.000000,0.771164
baseline,c24_r150m,24,150.000000,407,0.104763,0.080381,0.802719,0.873564,0.704940,0.278389,2.117294,0.000000,0.000000,0.816046
baseline,c24_r150m,24,150.000000,408,0.073821,0.074622,0.769477,0.804971,0.596685,0.268306,1.997977,0.000000,0.000000,0.786045
baseline,c24_r150m,24,150.000000,409,0.075216,0.059680,0.615607,0.818945,0.873337,0.263222,1.947118,0.000000,0.000000,0.754068
baseline,c24_r150m,24,150.000000,411,0.060575,0.056227,0.450980,0.496513,0.512571,0.236528,1.668240,0.000000,0.000000,0.437157
baseline,c24_r150m,24,150.000000,410,0.077003,0.067475,0.585937,0.429865,0.747003,0.253111,1.817794,0.000000,0.000000,0.424441
baseline,c24_r150m,24,150.000000,412,0.080967,0.072849,0.810422,0.747931,0.560474,0.251250,1.842040,0.000000,0.000000,0.793297
baseline,c24_r150m,24,150.000000,413,0.080227,0.069935,0.682895,0.650056,0.753979,0.269583,2.001959,0.000000,0.000000,0.543895
baseline,c24_r150m,24,150.000000,414,0.062396,0.060959,0.346177,0.229948,0.749799,0.230611,1.620711,0.000000,0.000000,0.241707
baseline,c24_r150m,24,150.000000,415,0.092777,0.092016,0.858905,0.684124,0.406691,0.266111,1.975834,0.000000,0.000000,0.768635
baseline,c24_r150m,24,150.000000,416,0.090635,0.077648,0.663687,0.638171,0.527140,0.260944,1.935652,0.000000,0.000000,0.591038
baseline,c24_r150m,24,150.000000,417,0.076630,0.079404,0.711387,0.760155,0.756487,0.270722,2.044680,0.000000,0.000000,0.637251
baseline,c24_r150m,24,150.000000,420,0.082713,0.086780,0.639995,0.575242,0.401711,0.256389,1.859479,0.000000,0.000000,0.461963
baseline,c24_r150m,24,150.000000,419,0.094685,0.095437,0.838757,0.758614,0.597629,0.266472,1.989876,0.000000,0.000000,0.678791
baseline,c24_r150m,24,150.000000,418,0.098304,0.084779,0.841533,0.890237,0.816027,0.271306,2.040331,0.000000,0.000000,0.836685
baseline,c24_r150m,24,150.000000,421,0.089014,0.079695,0.731906,0.702416,0.746135,0.267028,1.994138,0.000000,0.000000,0.682478
baseline,c24_r150m,24,150.000000,422,0.089215,0.090630,0.792826,0.580697,0.623235,0.260778,1.928376,0.000000,0.000000,0.524264
baseline,c24_r150m,24,150.000000,423,0.084350,0.072013,0.629047,0.541855,0.818837,0.259778,1.889667,0.000000,0.000000,0.516970
baseline,c24_r150m,24,150.000000,424,0.080886,0.081157,0.762672,0.683424,0.779446,0.269361,1.988609,0.000000,0.000000,0.644701
baseline,c24_r150m,24,150.000000,425,0.082461,0.081859,0.645132,0.420665,0.644348,0.251833,1.851234,0.000000,0.000000,0.347733
baseline,c24_r150m,24,150.000000,426,0.088004,0.083817,0.850888,0.725054,0.563651,0.261750,1.935501,0.000000,0.000000,0.754874
baseline,c24_r150m,24,150.000000,427,0.087180,0.074744,0.813483,0.786036,0.796448,0.267111,1.990335,0.000000,0.000000,0.779234
baseline,c24_r150m,24,150.000000,428,0.104745,0.091498,0.724166,0.711977,0.412907,0.269444,2.018540,0.000000,0.000000,0.638090
baseline,c24_r150m,24,150.000000,429,0.061548,0.071096,0.727726,0.583075,0.729660,0.251722,1.835107,0.000000,0.000000,0.637902
baseline,c24_r150m,24,150.000000,430,0.080519,0.087686,0.724060,0.672091,0.611193,0.263278,1.945256,0.000000,0.000000,0.706454
baseline,c24_r150m,24,150.000000,431,0.099109,0.092801,0.814766,0.565836,0.536030,0.253000,1.855443,0.000000,0.000000,0.513180
baseline,c24_r150m,24,150.000000,432,0.063663,0.079820,0.785949,0.752567,0.445954,0.266528,1.977802,0.000000,0.000000,0.698782
baseline,c24_r150m,24,150.000000,433,0.087731,0.080916,0.756437,0.801068,0.602078,0.255611,1.868434,0.000000,0.000000,0.796835
baseline,c24_r150m,24,150.000000,434,0.082751,0.084291,0.841095,0.827425,0.783296,0.283083,2.152440,0.000000,0.000000,0.830096
baseline,c24_r150m,24,150.000000,435,0.081545,0.070981,0.631363,0.652411,0.786283,0.254639,1.868884,0.000000,0.000000,0.660609
baseline,c24_r150m,24,150.000000,436,0.083603,0.088670,0.798636,0.758192,0.315340,0.268667,2.011520,0.000000,0.000000,0.779426
baseline,c24_r150m,24,150.000000,438,0.082924,0.073445,0.544412,0.642231,0.232797,0.253056,1.870646,0.000000,0.000000,0.610888
baseline,c24_r150m,24,150.000000,437,0.090187,0.062774,0.826971,0.770738,0.830682,0.256750,1.884575,0.000000,0.000000,0.697188
baseline,c24_r150m,24,150.000000,439,0.072521,0.083170,0.621104,0.562505,0.809839,0.241722,1.777248,0.000000,0.000000,0.530547
baseline,c24_r150m,24,150.000000,440,0.085537,0.093340,0.879854,0.875260,0.413964,0.265361,2.014978,0.000000,0.000000,0.820583
baseline,c24_r150m,24,150.000000,442,0.068698,0.071264,0.693490,0.731370,0.467043,0.267806,2.000496,0.000000,0.000000,0.607757
baseline,c24_r150m,24,150.000000,441,0.094096,0.087232,0.764393,0.814440,0.642134,0.273472,2.061036,0.000000,0.000000,0.767214
baseline,c24_r150m,24,150.000000,443,0.092645,0.089043,0.731118,0.597545,0.457492,0.255694,1.879637,0.000000,0.000000,0.606621
baseline,c24_r150m,24,150.000000,444,0.099400,0.085163,0.768457,0.837068,0.534584,0.259528,1.933814,0.000000,0.000000,0.842453
baseline,c24_r150m,24,150.000000,445,0.077782,0.068850,0.547820,0.747028,0.530423,0.261778,1.927449,0.000000,0.000000,0.716277
baseline,c24_r150m,24,150.000000,446,0.079994,0.081063,0.715809,0.653417,0.579256,0.266250,2.005576,0.000000,0.000000,0.582601
baseline,c24_r150m,24,150.000000,447,0.055433,0.047646,0.422455,0.713758,0.548001,0.251889,1.829575,0.000000,0.000000,0.629963
baseline,c24_r150m,24,150.000000,449,0.071214,0.062422,0.474812,0.552027,0.379856,0.258611,1.913784,0.000000,0.000000,0.569074
baseline,c24_r150m,24,150.000000,448,0.084535,0.077109,0.778175,0.868414,0.706642,0.268833,2.029433,0.000000,0.000000,0.800505
baseline,c24_r300m,24,300.000000,402,0.107106,0.104050,0.660528,0.557370,0.663030,0.449083,4.315677,0.000000,0.000000,0.487781
baseline,c24_r300m,24,300.000000,401,0.086728,0.096521,0.721824,0.625448,0.887067,0.456694,4.372125,0.000000,0.000000,0.535608
baseline,c24_r300m,24,300.000000,400,0.117896,0.111699,0.723870,0.689526,0.729091,0.471750,4.596945,0.000000,0.000000,0.623293
baseline,c24_r300m,24,300.000000,404,0.014061,0.029348,0.178340,0.338648,0.519595,0.424028,4.047840,0.000000,0.000000,0.310065
baseline,c24_r300m,24,300.000000,405,0.088066,0.092855,0.586950,0.421314,0.654488,0.454806,4.353417,0.000000,0.000000,0.372158
baseline,c24_r300m,24,300.000000,403,0.119204,0.100725,0.722040,0.770753,0.775467,0.459250,4.459487,0.000000,0.000000,0.765579
baseline,c24_r300m,24,300.000000,406,0.074066,0.076481,0.508747,0.583555,0.250595,0.454083,4.384063,0.000000,0.000000,0.422492
baseline,c24_r300m,24,300.000000,408,0.112436,0.104561,0.741223,0.737208,0.512439,0.463972,4.508677,0.000000,0.000000,0.664298
baseline,c24_r300m,24,300.000000,407,0.087501,0.073094,0.552164,0.673658,0.796477,0.451333,4.353712,0.000000,0.000000,0.604746
baseline,c24_r300m,24,300.000000,409,0.095238,0.091200,0.617149,0.734756,0.853463,0.475111,4.615473,0.000000,0.000000,0.734085
baseline,c24_r300m,24,300.000000,411,0.100884,0.100030,0.677644,0.457330,0.826177,0.443778,4.270920,0.000000,0.000000,0.353155
baseline,c24_r300m,24,300.000000,412,0.099798,0.108364,0.735299,0.780861,0.651737,0.479972,4.652814,0.000000,0.000000,0.752176
baseline,c24_r300m,24,300.000000,410,0.118527,0.122257,0.740897,0.808813,0.619406,0.489278,4.775441,0.000000,0.000000,0.773950
baseline,c24_r300m,24,300.000000,413,0.109250,0.115421,0.756908,0.790699,0.568020,0.493222,4.802817,0.000000,0.000000,0.784920
baseline,c24_r300m,24,300.000000,414,0.114464,0.098840,0.596354,0.579187,0.681211,0.474611,4.590512,0.000000,0.000000,0.538514
baseline,c24_r300m,24,300.000000,415,0.022045,0.025641,0.218009,0.546539,0.519490,0.423806,4.039466,0.000000,0.000000,0.538147
baseline,c24_r300m,24,300.000000,416,0.061592,0.050208,0.317872,0.370274,0.416089,0.437944,4.205809,0.000000,0.000000,0.316258
baseline,c24_r300m,24,300.000000,417,0.098725,0.099782,0.604633,0.585929,0.712468,0.450778,4.348588,0.000000,0.000000,0.509823
baseline,c24_r300m,24,300.000000,418,0.116850,0.119080,0.701899,0.711090,0.467784,0.481139,4.685669,0.000000,0.000000,0.724035
baseline,c24_r300m,24,300.000000,419,0.092499,0.094207,0.622507,0.618165,0.552848,0.455500,4.407645,0.000000,0.000000,0.548201
baseline,c24_r300m,24,300.000000,420,0.102018,0.107338,0.714563,0.753143,0.574947,0.465778,4.518925,0.000000,0.000000,0.697216
baseline,c24_r300m,24,300.000000,421,0.098328,0.090679,0.588299,0.552909,0.488826,0.464944,4.502227,0.000000,0.000000,0.603138
baseline,c24_r300m,24,300.000000,424,0.093282,0.095293,0.679424,0.316734,0.733105,0.443306,4.224815,0.000000,0.000000,0.315727
baseline,c24_r300m,24,300.000000,422,0.060699,0.082265,0.242152,0.166568,0.649371,0.418889,4.005523,0.000000,0.000000,0.255190
baseline,c24_r300m,24,300.000000,423,0.102248,0.099489,0.694382,0.688207,0.804944,0.450361,4.370270,0.000000,0.000000,0.572331
baseline,c24_r300m,24,300.000000,425,0.029375,0.057562,0.260591,0.785739,0.634550,0.436361,4.162718,0.000000,0.000000,0.667429
baseline,c24_r300m,24,300.000000,426,0.061047,0.082735,0.427939,0.430046,0.783447,0.452333,4.347729,0.000000,0.000000,0.402707
baseline,c24_r300m,24,300.000000,427,0.095731,0.089700,0.579230,0.778510,0.626245,0.454306,4.410977,0.000000,0.000000,0.772458
baseline,c24_r300m,24,300.000000,428,0.092673,0.066415,0.442093,0.418827,0.610068,0.442528,4.240600,0.000000,0.000000,0.394082
baseline,c24_r300m,24,300.000000,429,0.102661,0.105329,0.764355,0.617208,0.716914,0.476472,4.608042,0.000000,0.000000,0.596749
baseline,c24_r300m,24,300.000000,430,0.129179,0.112700,0.719888,0.459935,0.329081,0.453083,4.385065,0.000000,0.000000,0.509560
baseline,c24_r300m,24,300.000000,431,0.087929,0.068572,0.477752,0.808186,0.725498,0.444833,4.294992,0.000000,0.000000,0.780572
baseline,c24_r300m,24,300.000000,432,0.095437,0.106488,0.610673,0.800526,0.770074,0.453444,4.406897,0.000000,0.000000,0.716528
baseline,c24_r300m,24,300.000000,435,0.099683,0.110927,0.522626,0.351886,0.378256,0.450806,4.356625,0.000000,0.000000,0.353296
baseline,c24_r300m,24,300.000000,434,0.100089,0.098226,0.555162,0.815313,0.683755,0.467694,4.506623,0.000000,0.000000,0.684518
baseline,c24_r300m,24,300.000000,433,0.079775,0.086956,0.539775,0.806050,0.677027,0.474472,4.592951,0.000000,0.000000,0.781114
baseline,c24_r300m,24,300.000000,436,0.106955,0.091637,0.514767,0.372279,0.521295,0.453528,4.364504,0.000000,0.000000,0.412626
baseline,c24_r300m,24,300.000000,437,0.119846,0.120057,0.772411,0.644730,0.456389,0.475806,4.624669,0.000000,0.000000,0.585334
baseline,c24_r300m,24,300.000000,439,0.085007,0.082768,0.369965,0.368061,0.536961,0.425667,4.079524,0.000000,0.000000,0.370830
baseline,c24_r300m,24,300.000000,438,0.099756,0.104049,0.737729,0.877370,0.639257,0.471667,4.572931,0.000000,0.000000,0.840496
baseline,c24_r300m,24,300.000000,440,0.074213,0.102932,0.631761,0.765565,0.518323,0.446611,4.325621,0.000000,0.000000,0.725020
baseline,c24_r300m,24,300.000000,441,0.113693,0.090279,0.577178,0.551348,0.267146,0.454222,4.397446,0.000000,0.000000,0.563774
baseline,c24_r300m,24,300.000000,442,0.092495,0.102408,0.643456,0.766761,0.761766,0.483361,4.714037,0.000000,0.000000,0.735118
baseline,c24_r300m,24,300.000000,443,0.093479,0.083737,0.501770,0.786442,0.451730,0.459917,4.479436,0.000000,0.000000,0.701675
baseline,c24_r300m,24,300.000000,444,0.105807,0.084848,0.823402,0.858632,0.745334,0.475861,4.625644,0.000000,0.000000,0.803861
baseline,c24_r300m,24,300.000000,445,0.114683,0.114146,0.794601,0.813124,0.723588,0.494167,4.797243,0.000000,0.000000,0.788640
baseline,c24_r300m,24,300.000000,446,0.118603,0.110687,0.775438,0.674882,0.716461,0.489611,4.748171,0.000000,0.000000,0.724874
baseline,c24_r300m,24,300.000000,447,0.069029,0.079615,0.435948,0.701903,0.756080,0.465167,4.462390,0.000000,0.000000,0.671108
baseline,c24_r300m,24,300.000000,449,0.097436,0.085956,0.471480,0.583866,0.785663,0.438222,4.210511,0.000000,0.000000,0.582705
baseline,c24_r300m,24,300.000000,448,0.095873,0.097463,0.692314,0.453457,0.807124,0.441778,4.232120,0.000000,0.000000,0.447131
baseline,c24_r600m,24,600.000000,400,0.058561,0.058063,0.450857,0.604794,0.721058,0.752583,8.108710,0.000000,0.000000,0.555472
baseline,c24_r600m,24,600.000000,403,0.071446,0.062311,0.437425,0.358946,0.604811,0.722917,7.812518,0.000000,0.000000,0.292763
baseline,c24_r600m,24,600.000000,401,0.039003,0.056075,0.352563,0.744470,0.720843,0.733861,7.897116,0.000000,0.000000,0.740429
baseline,c24_r600m,24,600.000000,402,0.082619,0.071056,0.484527,0.276716,0.709424,0.726361,7.837966,0.000000,0.000000,0.265484
baseline,c24_r600m,24,600.000000,405,0.031669,0.040909,0.194599,0.380368,0.812721,0.726472,7.857213,0.000000,0.000000,0.388491
baseline,c24_r600m,24,600.000000,404,0.054750,0.035054,0.393173,0.596244,0.604628,0.747722,8.066096,0.000000,0.000000,0.647182
baseline,c24_r600m,24,600.000000,406,0.051952,0.056601,0.328056,0.294492,0.683705,0.698417,7.554223,0.000000,0.000000,0.365822
baseline,c24_r600m,24,600.000000,407,0.060216,0.068815,0.426412,0.566511,0.446552,0.748083,8.073520,0.000000,0.000000,0.541440
baseline,c24_r600m,24,600.000000,409,0.056031,0.042785,0.566006,0.235419,0.549205,0.715167,7.693522,0.000000,0.000000,0.335240
baseline,c24_r600m,24,600.000000,408,0.045421,0.033696,0.230703,0.448385,0.581552,0.715278,7.753385,0.000000,0.000000,0.364429
baseline,c24_r600m,24,600.000000,410,0.043024,0.058879,0.361552,0.421664,0.609077,0.702167,7.588358,0.000000,0.000000,0.464077
baseline,c24_r600m,24,600.000000,411,0.072143,0.043817,0.345010,0.236209,0.242844,0.735444,7.968400,0.000000,0.000000,0.244491
baseline,c24_r600m,24,600.000000,412,0.052050,0.055460,0.537557,0.616513,0.596144,0.720722,7.761396,0.000000,0.000000,0.602572
baseline,c24_r600m,24,600.000000,413,0.038259,0.050966,0.398930,0.650303,0.587367,0.740417,7.977482,0.000000,0.000000,0.586473
baseline,c24_r600m,24,600.000000,415,0.100465,0.075360,0.654197,0.636087,0.746748,0.759833,8.195418,0.000000,0.000000,0.491427
baseline,c24_r600m,24,600.000000,414,0.065301,0.049789,0.350109,0.783633,0.725142,0.739583,8.009108,0.000000,0.000000,0.774967
baseline,c24_r600m,24,600.000000,417,0.062643,0.057659,0.468074,0.429129,0.700373,0.728722,7.862666,0.000000,0.000000,0.422502
baseline,c24_r600m,24,600.000000,419,0.057104,0.060469,0.373001,0.291038,0.627743,0.745028,8.056838,0.000000,0.000000,0.297281
baseline,c24_r600m,24,600.000000,418,0.058602,0.054406,0.306450,0.343167,0.863307,0.714944,7.726768,0.000000,0.000000,0.279195
baseline,c24_r600m,24,600.000000,416,0.110865,0.094242,0.718599,0.855546,0.498900,0.786167,8.468177,0.000000,0.000000,0.676652
baseline,c24_r600m,24,600.000000,420,0.072468,0.057017,0.354981,0.501460,0.724931,0.725667,7.838247,0.000000,0.000000,0.517447
baseline,c24_r600m,24,600.000000,421,0.084251,0.079279,0.615582,0.781925,0.822909,0.771278,8.296065,0.000000,0.000000,0.688743
baseline,c24_r600m,24,600.000000,423,0.048981,0.056260,0.235941,0.306888,0.392308,0.727333,7.878309,0.000000,0.000000,0.330473
baseline,c24_r600m,24,600.000000,422,0.088829,0.093465,0.591891,0.652866,0.701719,0.747139,8.052668,0.000000,0.000000,0.654810
baseline,c24_r600m,24,600.000000,424,0.071936,0.064495,0.549423,0.687633,0.316064,0.729111,7.858706,0.000000,0.000000,0.572910
baseline,c24_r600m,24,600.000000,425,0.074955,0.069436,0.400169,0.609800,0.707999,0.738167,7.960287,0.000000,0.000000,0.549632
baseline,c24_r600m,24,600.000000,426,0.038778,0.038890,0.279404,0.551494,0.674814,0.712222,7.693234,0.000000,0.000000,0.565181
baseline,c24_r600m,24,600.000000,427,0.061633,0.061586,0.447874,0.689911,0.408893,0.755278,8.144988,0.000000,0.000000,0.632192
baseline,c24_r600m,24,600.000000,428,0.055531,0.052418,0.300344,0.663234,0.613844,0.729611,7.896994,0.000000,0.000000,0.694942
baseline,c24_r600m,24,600.000000,429,0.100012,0.081288,0.573687,0.509075,0.531638,0.748917,8.059289,0.000000,0.000000,0.544474
baseline,c24_r600m,24,600.000000,431,0.070915,0.085122,0.510399,0.570845,0.384710,0.749083,8.063947,0.000000,0.000000,0.543597
baseline,c24_r600m,24,600.000000,430,0.075915,0.094366,0.812654,0.854619,0.577833,0.765639,8.213085,0.000000,0.000000,0.781349
baseline,c24_r600m,24,600.000000,434,0.083384,0.089644,0.641124,0.510888,0.273506,0.736250,7.930622,0.000000,0.000000,0.416162
baseline,c24_r600m,24,600.000000,432,0.082189,0.079632,0.596345,0.819859,0.766642,0.762306,8.206065,0.000000,0.000000,0.644792
baseline,c24_r600m,24,600.000000,433,0.076160,0.081852,0.505443,0.659649,0.626774,0.752972,8.115763,0.000000,0.000000,0.566328
baseline,c24_r600m,24,600.000000,435,0.070505,0.074646,0.643571,0.803916,0.781075,0.775222,8.333847,0.000000,0.000000,0.777910
baseline,c24_r600m,24,600.000000,436,0.063173,0.065747,0.464023,0.433998,0.647149,0.729667,7.883776,0.000000,0.000000,0.412380
baseline,c24_r600m,24,600.000000,438,0.077554,0.084830,0.511911,0.567885,0.839969,0.759222,8.198106,0.000000,0.000000,0.529681
baseline,c24_r600m,24,600.000000,437,0.052667,0.049392,0.362088,0.498909,0.752004,0.734111,7.921404,0.000000,0.000000,0.444743
baseline,c24_r600m,24,600.000000,439,0.073830,0.073150,0.627436,0.342599,0.689221,0.741972,7.985197,0.000000,0.000000,0.318330
baseline,c24_r600m,24,600.000000,440,0.047685,0.043796,0.308113,0.362506,0.564529,0.727389,7.865278,0.000000,0.000000,0.453961
baseline,c24_r600m,24,600.000000,441,0.053086,0.068232,0.293289,0.305714,0.780053,0.718111,7.770839,0.000000,0.000000,0.277817
baseline,c24_r600m,24,600.000000,443,0.069703,0.076645,0.499347,0.332779,0.431982,0.743639,8.034460,0.000000,0.000000,0.218282
baseline,c24_r600m,24,600.000000,442,0.068772,0.060303,0.551482,0.638948,0.681667,0.744333,8.021894,0.000000,0.000000,0.632099
baseline,c24_r600m,24,600.000000,444,0.073208,0.075504,0.471081,0.460917,0.534957,0.740944,8.016670,0.000000,0.000000,0.391311
baseline,c24_r600m,24,600.000000,446,0.037972,0.068756,0.424764,0.273518,0.430037,0.713861,7.679308,0.000000,0.000000,0.250676
baseline,c24_r600m,24,600.000000,447,0.064861,0.073494,0.480990,0.366403,0.689877,0.729556,7.874552,0.000000,0.000000,0.335056
baseline,c24_r600m,24,600.000000,445,0.080672,0.077407,0.613543,0.824681,0.729827,0.746750,8.057392,0.000000,0.000000,0.776737
baseline,c24_r600m,24,600.000000,448,0.016245,0.034130,0.226353,0.359351,0.445390,0.722611,7.830292,0.000000,0.000000,0.366385
baseline,c24_r600m,24,600.000000,449,0.018210,0.052207,0.305475,0.568604,0.600173,0.695139,7.503880,0.000000,0.000000,0.649340
