number,state,value,food_site_count,food_site_radius,food_site_radius_log_sd,food_site_capacity,food_value,vertical_comb_benefit,food_site_min_distance,food_site_max_distance,foray_shape,travel_cost_per_distance,mutation_sd,transposition_mutation_correlation,stable_count,seed_count,collapse_count,mean_progress,mean_final_success,mean_final_payoff,mean_final_comb_tilt,mean_final_min_transposition,mean_final_dance_propensity,elapsed_seconds
0,COMPLETE,-8.350,1,330.000,0.6,4,,0.480,750.0,7500.000,2.0,5.250000e-05,0.140,0.000,1,10,10,0.650,0.009,0.034,0.751,0.412,0.420,281.641
1,COMPLETE,0.165,2,270.000,0.6,5,,0.100,750.0,5250.000,2.0,2.250000e-05,0.080,0.800,0,10,0,0.165,0.116,0.531,0.132,0.191,0.628,593.050
2,COMPLETE,0.232,3,240.000,0.6,3,,0.400,750.0,6250.000,2.0,1.500000e-05,0.090,0.800,0,10,0,0.232,0.124,0.828,0.185,0.203,0.662,645.207
3,COMPLETE,1.319,6,345.000,0.6,7,,0.340,750.0,3750.000,2.0,2.000000e-05,0.040,0.300,1,10,0,0.319,0.397,4.629,0.345,0.206,0.772,1214.239
4,COMPLETE,0.212,6,135.000,0.6,5,,0.140,750.0,3500.000,2.0,4.500000e-05,0.110,0.200,0,10,0,0.212,0.148,0.619,0.169,0.202,0.681,849.403
5,COMPLETE,5.950,8,150.000,0.6,9,,0.480,750.0,5500.000,2.0,2.500000e-05,0.140,0.300,5,10,0,0.950,0.161,1.316,0.776,0.751,0.566,997.452
6,COMPLETE,-7.482,1,180.000,0.6,10,,0.400,750.0,5500.000,2.0,4.000000e-05,0.120,0.900,2,10,10,0.518,0.004,0.004,0.495,0.434,0.563,277.445
7,COMPLETE,0.279,5,285.000,0.6,3,,0.200,750.0,5250.000,2.0,1.250000e-05,0.080,0.400,0,10,0,0.279,0.245,2.531,0.243,0.234,0.580,961.863
8,COMPLETE,-9.697,5,60.000,0.6,5,,0.420,750.0,7250.000,2.0,5.750000e-05,0.040,0.500,0,10,10,0.303,0.019,0.001,0.266,0.225,0.627,429.924
9,COMPLETE,0.388,6,270.000,0.6,10,,0.120,750.0,4750.000,2.0,3.500000e-05,0.120,0.700,0,10,0,0.388,0.264,2.095,0.310,0.371,0.628,1098.132
10,COMPLETE,7.917,7,345.000,0.6,5,,0.320,750.0,4750.000,2.0,4.250000e-05,0.090,1.000,7,10,0,0.917,0.390,4.211,0.774,0.765,0.521,1248.902
11,COMPLETE,0.183,4,345.000,0.6,4,,0.180,750.0,5000.000,2.0,3.250000e-05,0.050,0.800,0,10,0,0.183,0.285,2.324,0.159,0.170,0.750,978.351
12,COMPLETE,-9.702,3,90.000,0.6,4,,0.260,750.0,3500.000,2.0,5.750000e-05,0.040,0.400,0,10,10,0.298,0.018,0.001,0.279,0.241,0.662,455.496
13,COMPLETE,8.871,5,330.000,0.6,4,,0.580,750.0,3750.000,2.0,3.000000e-05,0.070,0.800,8,10,0,0.871,0.337,4.654,0.801,0.683,0.632,1125.573
14,COMPLETE,-5.345,3,135.000,0.6,9,,0.320,750.0,4750.000,2.0,5.750000e-05,0.120,0.900,4,10,10,0.655,0.013,0.002,0.581,0.555,0.451,453.641
15,COMPLETE,0.256,8,300.000,0.6,7,,0.140,750.0,6750.000,2.0,1.500000e-05,0.060,0.900,0,10,0,0.256,0.332,3.330,0.217,0.247,0.558,1300.242
16,COMPLETE,-9.895,5,60.000,0.6,10,,0.300,750.0,3250.000,2.0,3.500000e-05,0.070,0.600,0,10,10,0.105,0.044,0.004,0.105,0.180,0.702,521.694
17,COMPLETE,9.999,3,345.000,0.6,9,,0.520,750.0,5000.000,2.0,3.000000e-05,0.140,0.800,9,10,0,0.999,0.186,1.766,0.837,0.804,0.554,810.455
18,COMPLETE,2.407,4,135.000,0.6,8,,0.340,750.0,4500.000,2.0,1.500000e-05,0.110,0.600,2,10,0,0.407,0.093,0.649,0.334,0.348,0.679,627.323
19,COMPLETE,-9.409,1,120.000,0.6,3,,0.280,750.0,5750.000,2.0,4.750000e-05,0.110,0.000,0,10,10,0.591,0.009,0.001,0.527,0.402,0.523,247.359
20,COMPLETE,-9.745,4,90.000,0.6,5,,0.600,750.0,6250.000,2.0,6.000000e-05,0.040,0.600,0,10,10,0.255,0.026,0.001,0.296,0.183,0.610,421.393
21,COMPLETE,-6.252,2,285.000,0.6,2,,0.580,750.0,7500.000,2.0,4.250000e-05,0.130,0.900,3,10,10,0.748,0.017,0.047,0.752,0.491,0.483,345.459
22,COMPLETE,4.698,8,75.000,0.6,6,,0.220,750.0,3750.000,2.0,1.000000e-05,0.060,1.000,4,10,0,0.698,0.095,0.923,0.588,0.514,0.668,747.280
23,COMPLETE,-9.687,1,165.000,0.6,12,,0.100,750.0,5750.000,2.0,2.500000e-05,0.080,0.500,0,10,10,0.313,0.006,0.003,0.305,0.258,0.697,322.462
24,COMPLETE,0.169,5,105.000,0.6,4,,0.260,750.0,3000.000,2.0,3.750000e-05,0.050,1.000,0,10,0,0.169,0.110,0.424,0.145,0.191,0.661,705.831
25,COMPLETE,1.323,7,180.000,0.6,4,,0.480,750.0,6000.000,2.0,3.000000e-05,0.080,0.400,1,10,0,0.323,0.183,1.037,0.277,0.250,0.689,958.600
26,COMPLETE,9.998,5,210.000,0.6,5,,0.560,750.0,4250.000,2.0,1.750000e-05,0.100,0.500,9,10,0,0.998,0.187,2.436,0.846,0.780,0.584,879.695
27,COMPLETE,8.856,6,210.000,0.6,10,,0.540,750.0,4000.000,2.0,2.750000e-05,0.090,0.400,8,10,0,0.856,0.227,2.662,0.761,0.694,0.547,1065.899
28,COMPLETE,0.132,3,240.000,0.6,5,,0.120,750.0,6250.000,2.0,1.750000e-05,0.040,0.500,0,10,0,0.132,0.135,0.809,0.105,0.177,0.709,719.987
29,COMPLETE,0.234,5,225.000,0.6,8,,0.180,750.0,5250.000,2.0,2.750000e-05,0.100,0.500,0,10,0,0.234,0.189,1.238,0.190,0.240,0.581,974.623
30,COMPLETE,-0.829,4,315.000,0.6,2,,0.600,750.0,6250.000,2.0,5.750000e-05,0.040,0.000,0,10,1,0.171,0.153,0.621,0.229,0.158,0.722,763.334
31,COMPLETE,0.135,4,150.000,0.6,6,,0.200,750.0,3500.000,2.0,4.000000e-05,0.060,0.500,0,10,0,0.135,0.133,0.521,0.108,0.215,0.674,770.463
32,COMPLETE,-9.858,1,180.000,0.6,5,,0.320,750.0,4750.000,2.0,2.000000e-05,0.090,0.200,0,10,10,0.142,0.023,0.019,0.199,0.213,0.572,323.751
33,COMPLETE,1.434,7,315.000,0.6,7,,0.380,750.0,3750.000,2.0,5.750000e-05,0.050,1.000,1,10,0,0.434,0.421,4.037,0.370,0.348,0.635,1266.680
34,COMPLETE,-9.700,5,105.000,0.6,11,,0.220,750.0,5750.000,2.0,4.500000e-05,0.060,0.700,0,10,10,0.300,0.020,0.001,0.281,0.400,0.545,457.744
35,COMPLETE,0.207,2,330.000,0.6,7,,0.120,750.0,4000.000,2.0,4.250000e-05,0.120,1.000,0,10,0,0.207,0.159,0.744,0.166,0.244,0.562,657.510
36,COMPLETE,0.153,5,135.000,0.6,5,,0.540,750.0,5750.000,2.0,2.750000e-05,0.050,0.000,0,10,0,0.153,0.090,0.218,0.127,0.171,0.750,601.926
37,COMPLETE,-9.833,1,345.000,0.6,9,,0.220,750.0,6250.000,2.0,1.750000e-05,0.070,0.500,0,10,10,0.167,0.062,0.209,0.134,0.166,0.589,420.743
38,COMPLETE,0.207,2,285.000,0.6,4,,0.100,750.0,4250.000,2.0,1.250000e-05,0.090,0.900,0,10,0,0.207,0.134,1.197,0.177,0.213,0.647,628.793
39,COMPLETE,1.604,8,210.000,0.6,10,,0.240,750.0,3250.000,2.0,4.500000e-05,0.140,0.100,1,10,0,0.604,0.272,2.475,0.506,0.419,0.541,1148.628
40,COMPLETE,0.348,8,345.000,0.6,4,,0.100,750.0,5750.000,2.0,1.750000e-05,0.070,0.200,0,10,0,0.348,0.391,4.088,0.290,0.251,0.464,1374.628
41,COMPLETE,1.353,6,330.000,0.6,5,,0.260,750.0,7500.000,2.0,1.750000e-05,0.080,0.800,1,10,0,0.353,0.273,2.544,0.298,0.298,0.558,1118.394
42,COMPLETE,4.919,8,225.000,0.6,8,,0.380,750.0,6000.000,2.0,2.000000e-05,0.120,0.900,4,10,0,0.919,0.232,2.499,0.740,0.685,0.545,1152.768
43,COMPLETE,8.993,7,360.000,0.6,11,,0.600,750.0,3250.000,2.0,3.500000e-05,0.140,0.200,8,10,0,0.993,0.424,6.435,0.822,0.691,0.548,1379.832
44,COMPLETE,0.165,4,240.000,0.6,11,,0.100,750.0,5500.000,2.0,4.000000e-05,0.090,0.300,0,10,0,0.165,0.168,0.611,0.132,0.162,0.652,878.827
45,COMPLETE,-9.441,3,90.000,0.6,10,,0.460,750.0,6250.000,2.0,5.500000e-05,0.100,0.500,0,10,10,0.559,0.023,0.001,0.457,0.419,0.500,444.003
46,COMPLETE,0.189,3,210.000,0.6,10,,0.260,750.0,3000.000,2.0,1.750000e-05,0.050,0.300,0,10,0,0.189,0.169,1.634,0.169,0.175,0.654,799.251
47,COMPLETE,0.234,5,360.000,0.6,4,,0.560,750.0,6750.000,2.0,5.250000e-05,0.100,0.700,0,10,0,0.234,0.247,1.234,0.188,0.214,0.542,1059.636
48,COMPLETE,3.553,7,165.000,0.6,7,,0.240,750.0,4000.000,2.0,2.500000e-05,0.080,0.800,3,10,0,0.553,0.200,1.803,0.490,0.453,0.574,1037.433
49,COMPLETE,0.166,7,105.000,0.6,8,,0.280,750.0,6250.000,2.0,2.500000e-05,0.130,0.000,0,10,0,0.166,0.083,0.143,0.133,0.203,0.652,772.082
50,COMPLETE,3.619,8,315.000,0.6,11,,0.480,750.0,4750.000,2.0,5.000000e-05,0.070,0.600,3,10,0,0.619,0.395,4.008,0.562,0.418,0.491,1380.240
51,COMPLETE,0.171,8,120.000,0.6,5,,0.340,750.0,5750.000,2.0,4.250000e-05,0.110,0.900,0,10,0,0.171,0.098,0.119,0.148,0.187,0.734,867.756
52,COMPLETE,1.409,6,315.000,0.6,12,,0.180,750.0,4000.000,2.0,3.500000e-05,0.130,0.100,1,10,0,0.409,0.322,3.057,0.340,0.357,0.493,1169.209
53,COMPLETE,-9.798,1,255.000,0.6,10,,0.580,750.0,3250.000,2.0,3.500000e-05,0.130,0.900,0,10,10,0.202,0.075,0.154,0.161,0.212,0.661,474.460
54,COMPLETE,-9.641,1,135.000,0.6,3,,0.180,750.0,4750.000,2.0,3.500000e-05,0.040,0.300,0,10,10,0.359,0.004,0.001,0.488,0.211,0.628,262.686
55,COMPLETE,2.518,8,315.000,0.6,9,,0.280,750.0,6000.000,2.0,2.500000e-05,0.080,0.200,2,10,0,0.518,0.352,3.589,0.436,0.385,0.513,1291.642
56,COMPLETE,0.283,6,240.000,0.6,4,,0.160,750.0,3250.000,2.0,5.250000e-05,0.090,0.300,0,10,0,0.283,0.298,2.395,0.226,0.223,0.582,1060.788
57,COMPLETE,0.185,3,300.000,0.6,3,,0.300,750.0,3500.000,2.0,5.750000e-05,0.060,0.800,0,10,0,0.185,0.232,1.383,0.151,0.175,0.666,806.798
58,COMPLETE,4.643,8,285.000,0.6,4,,0.420,750.0,6000.000,2.0,2.250000e-05,0.070,0.200,4,10,0,0.643,0.314,3.499,0.592,0.434,0.657,1118.288
59,COMPLETE,-2.836,2,195.000,0.6,11,,0.240,750.0,6250.000,2.0,1.500000e-05,0.050,1.000,0,10,3,0.164,0.066,0.223,0.137,0.226,0.610,486.600
60,COMPLETE,1.722,8,360.000,0.6,5,,0.180,750.0,3250.000,2.0,1.500000e-05,0.090,0.400,1,10,0,0.722,0.496,6.103,0.604,0.522,0.628,1374.785
61,COMPLETE,8.981,4,270.000,0.6,4,,0.400,750.0,6500.000,2.0,2.000000e-05,0.130,1.000,8,10,0,0.981,0.163,1.398,0.817,0.798,0.623,763.863
62,COMPLETE,0.152,4,315.000,0.6,10,,0.220,750.0,4750.000,2.0,5.250000e-05,0.050,1.000,0,10,0,0.152,0.269,1.547,0.125,0.170,0.682,1014.287
63,COMPLETE,0.189,8,225.000,0.6,12,,0.160,750.0,7000.000,2.0,4.250000e-05,0.100,0.500,0,10,0,0.189,0.220,0.940,0.151,0.225,0.562,1152.187
64,COMPLETE,0.163,8,225.000,0.6,4,,0.120,750.0,4500.000,2.0,4.500000e-05,0.050,0.600,0,10,0,0.163,0.316,2.403,0.131,0.199,0.621,1215.245
65,COMPLETE,2.464,7,105.000,0.6,6,,0.320,750.0,6000.000,2.0,1.500000e-05,0.110,0.600,2,10,0,0.464,0.094,0.507,0.379,0.372,0.627,801.899
66,COMPLETE,-9.668,8,135.000,0.6,2,,0.160,750.0,7250.000,2.0,5.750000e-05,0.070,0.000,0,10,10,0.332,0.023,0.005,0.367,0.409,0.592,601.668
67,COMPLETE,-3.476,1,345.000,0.6,10,,0.600,750.0,3500.000,2.0,4.500000e-05,0.140,0.400,3,10,7,0.524,0.089,0.230,0.447,0.461,0.644,527.617
68,COMPLETE,3.561,8,120.000,0.6,7,,0.460,750.0,4750.000,2.0,2.500000e-05,0.100,0.400,3,10,0,0.561,0.142,0.969,0.460,0.428,0.539,874.971
69,COMPLETE,-9.382,4,60.000,0.6,11,,0.420,750.0,5500.000,2.0,5.250000e-05,0.090,0.400,0,10,10,0.618,0.021,0.001,0.535,0.415,0.489,380.964
70,COMPLETE,4.973,6,300.000,0.6,2,,0.360,750.0,3250.000,2.0,1.250000e-05,0.120,0.700,4,10,0,0.973,0.327,4.601,0.797,0.691,0.548,1089.607
71,COMPLETE,-9.720,2,165.000,0.6,10,,0.560,750.0,6000.000,2.0,5.250000e-05,0.060,0.300,0,10,10,0.280,0.004,0.005,0.518,0.275,0.560,341.375
72,COMPLETE,0.194,3,315.000,0.6,4,,0.180,750.0,5500.000,2.0,5.500000e-05,0.100,0.700,0,10,0,0.194,0.146,0.400,0.159,0.197,0.711,710.639
73,COMPLETE,2.371,3,330.000,0.6,4,,0.340,750.0,4250.000,2.0,2.500000e-05,0.070,0.900,2,10,0,0.371,0.234,2.190,0.306,0.332,0.617,803.821
74,COMPLETE,5.664,6,210.000,0.6,10,,0.400,750.0,4000.000,2.0,2.250000e-05,0.080,0.600,5,10,0,0.664,0.231,2.545,0.607,0.498,0.585,948.326
75,COMPLETE,2.429,2,285.000,0.6,7,,0.300,750.0,3500.000,2.0,1.000000e-05,0.110,0.000,2,10,0,0.429,0.139,1.518,0.381,0.343,0.622,675.590
76,COMPLETE,-9.551,1,300.000,0.6,11,,0.140,750.0,7000.000,2.0,4.500000e-05,0.050,0.600,0,10,10,0.449,0.005,0.021,0.590,0.279,0.494,235.409
77,COMPLETE,0.161,7,180.000,0.6,5,,0.320,750.0,7000.000,2.0,3.000000e-05,0.040,0.100,0,10,0,0.161,0.166,0.755,0.129,0.174,0.634,868.725
78,COMPLETE,0.198,7,195.000,0.6,5,,0.420,750.0,5500.000,2.0,4.000000e-05,0.080,0.100,0,10,0,0.198,0.216,1.108,0.168,0.186,0.633,1073.161
79,COMPLETE,1.370,5,195.000,0.6,3,,0.580,750.0,3000.000,2.0,4.500000e-05,0.070,0.300,1,10,0,0.370,0.208,1.727,0.368,0.244,0.616,856.407
80,COMPLETE,-7.669,6,75.000,0.6,3,,0.440,750.0,6250.000,2.0,2.250000e-05,0.110,0.700,2,10,10,0.331,0.021,0.004,0.314,0.299,0.610,496.936
81,COMPLETE,-9.532,4,105.000,0.6,5,,0.460,750.0,6000.000,2.0,4.250000e-05,0.060,0.200,0,10,10,0.468,0.017,0.001,0.458,0.320,0.439,482.746
82,COMPLETE,5.881,7,360.000,0.6,6,,0.340,750.0,3500.000,2.0,4.250000e-05,0.090,0.200,5,10,0,0.881,0.434,5.245,0.734,0.610,0.576,1305.487
83,COMPLETE,4.791,5,360.000,0.6,2,,0.180,750.0,5500.000,2.0,3.000000e-05,0.140,0.800,4,10,0,0.791,0.276,2.490,0.643,0.649,0.550,993.963
84,COMPLETE,-9.799,2,180.000,0.6,7,,0.360,750.0,5750.000,2.0,3.750000e-05,0.080,0.600,0,10,10,0.201,0.009,0.009,0.233,0.336,0.592,328.547
85,COMPLETE,-1.822,4,135.000,0.6,11,,0.200,750.0,5750.000,2.0,2.750000e-05,0.090,0.600,0,10,2,0.178,0.068,0.091,0.147,0.187,0.635,651.228
86,COMPLETE,0.289,5,225.000,0.6,3,,0.160,750.0,4750.000,2.0,1.750000e-05,0.100,0.700,0,10,0,0.289,0.198,1.779,0.235,0.244,0.652,883.837
87,COMPLETE,-8.667,3,165.000,0.6,10,,0.600,750.0,7500.000,2.0,3.250000e-05,0.130,0.300,1,10,10,0.333,0.023,0.009,0.365,0.315,0.508,419.146
88,COMPLETE,-9.775,3,195.000,0.6,6,,0.340,750.0,5750.000,2.0,4.000000e-05,0.100,0.500,0,10,10,0.225,0.067,0.070,0.186,0.293,0.635,556.883
89,COMPLETE,0.483,8,270.000,0.6,4,,0.160,750.0,5000.000,2.0,5.500000e-05,0.140,0.800,0,10,0,0.483,0.316,2.137,0.386,0.380,0.547,1199.199
90,COMPLETE,0.168,4,195.000,0.6,4,,0.520,750.0,5750.000,2.0,3.250000e-05,0.110,0.400,0,10,0,0.168,0.119,0.335,0.134,0.181,0.643,696.562
91,COMPLETE,0.202,6,255.000,0.6,7,,0.300,750.0,7000.000,2.0,3.500000e-05,0.100,0.300,0,10,0,0.202,0.202,1.051,0.162,0.185,0.583,954.010
92,COMPLETE,7.993,6,285.000,0.6,9,,0.600,750.0,3250.000,2.0,5.750000e-05,0.110,0.700,7,10,0,0.993,0.340,4.153,0.836,0.811,0.518,1156.890
93,COMPLETE,4.568,7,255.000,0.6,7,,0.420,750.0,7250.000,2.0,2.750000e-05,0.140,0.400,4,10,0,0.568,0.222,1.608,0.478,0.452,0.566,976.681
94,COMPLETE,0.228,8,240.000,0.6,6,,0.160,750.0,4500.000,2.0,4.250000e-05,0.050,0.500,0,10,0,0.228,0.331,2.694,0.187,0.210,0.640,1158.985
95,COMPLETE,-3.851,5,135.000,0.6,12,,0.200,750.0,5500.000,2.0,3.750000e-05,0.140,0.700,0,10,4,0.149,0.078,0.068,0.124,0.188,0.690,692.524
96,COMPLETE,10.000,6,150.000,0.6,9,,0.540,750.0,3500.000,2.0,2.500000e-05,0.100,0.900,9,10,0,1.000,0.166,1.884,0.834,0.816,0.572,863.506
97,COMPLETE,0.296,4,240.000,0.6,6,,0.320,750.0,3750.000,2.0,3.500000e-05,0.130,0.000,0,10,0,0.296,0.189,1.386,0.237,0.256,0.534,821.515
98,COMPLETE,-7.554,1,345.000,0.6,10,,0.140,750.0,4500.000,2.0,4.250000e-05,0.070,1.000,2,10,10,0.446,0.033,0.091,0.427,0.379,0.606,269.135
99,COMPLETE,-7.319,1,330.000,0.6,12,,0.320,750.0,7000.000,2.0,4.000000e-05,0.120,0.300,2,10,10,0.681,0.010,0.039,0.618,0.525,0.514,250.413
100,COMPLETE,-8.631,2,135.000,0.6,11,,0.420,750.0,5000.000,2.0,3.750000e-05,0.130,0.400,1,10,10,0.369,0.011,0.002,0.372,0.410,0.650,318.787
101,COMPLETE,0.214,4,300.000,0.6,3,,0.200,750.0,4250.000,2.0,6.000000e-05,0.110,0.900,0,10,0,0.214,0.250,1.293,0.171,0.224,0.599,975.560
102,COMPLETE,2.477,3,240.000,0.6,9,,0.120,750.0,3250.000,2.0,2.500000e-05,0.140,0.400,2,10,0,0.477,0.157,1.305,0.386,0.422,0.547,750.789
103,COMPLETE,-5.551,2,360.000,0.6,3,,0.380,750.0,6500.000,2.0,4.750000e-05,0.100,0.600,2,10,8,0.449,0.077,0.185,0.387,0.384,0.576,473.157
104,COMPLETE,8.983,8,330.000,0.6,5,,0.460,750.0,5750.000,2.0,2.000000e-05,0.080,0.900,8,10,0,0.983,0.370,5.054,0.833,0.748,0.553,1218.717
105,COMPLETE,2.798,5,75.000,0.6,4,,0.500,750.0,3500.000,2.0,1.000000e-05,0.050,0.200,5,10,3,0.798,0.056,0.543,0.819,0.478,0.560,573.889
106,COMPLETE,-9.505,1,150.000,0.6,2,,0.480,750.0,5500.000,2.0,2.500000e-05,0.120,0.800,0,10,10,0.495,0.006,0.001,0.469,0.395,0.599,229.488
107,COMPLETE,0.173,5,270.000,0.6,3,,0.140,750.0,6250.000,2.0,5.500000e-05,0.070,0.900,0,10,0,0.173,0.177,0.621,0.143,0.199,0.612,879.069
108,COMPLETE,-9.772,1,210.000,0.6,9,,0.180,750.0,5000.000,2.0,4.750000e-05,0.050,0.000,0,10,10,0.228,0.002,0.008,0.384,0.120,0.693,313.260
109,COMPLETE,-9.358,3,75.000,0.6,2,,0.420,750.0,6000.000,2.0,4.750000e-05,0.130,0.100,0,10,10,0.642,0.016,0.001,0.513,0.472,0.489,316.870
110,COMPLETE,9.999,8,165.000,0.6,12,,0.600,750.0,4000.000,2.0,2.500000e-05,0.120,0.400,9,10,0,0.999,0.204,2.561,0.849,0.776,0.599,993.829
111,COMPLETE,-7.665,3,315.000,0.6,7,,0.180,750.0,7500.000,2.0,5.500000e-05,0.090,0.200,2,10,10,0.335,0.068,0.117,0.287,0.306,0.697,489.008
112,COMPLETE,0.172,2,315.000,0.6,9,,0.360,750.0,3250.000,2.0,5.750000e-05,0.060,0.300,0,10,0,0.172,0.192,0.947,0.144,0.186,0.606,728.507
113,COMPLETE,-2.824,4,255.000,0.6,6,,0.340,750.0,6000.000,2.0,5.250000e-05,0.100,0.300,0,10,3,0.176,0.132,0.310,0.141,0.167,0.646,724.038
114,COMPLETE,8.923,8,300.000,0.6,9,,0.560,750.0,4500.000,2.0,5.750000e-05,0.120,0.000,8,10,0,0.923,0.358,3.785,0.785,0.711,0.493,1268.395
115,COMPLETE,0.175,7,120.000,0.6,2,,0.220,750.0,7000.000,2.0,2.250000e-05,0.060,0.000,0,10,0,0.175,0.074,0.180,0.141,0.189,0.700,641.700
116,COMPLETE,-8.726,2,285.000,0.6,9,,0.200,750.0,7000.000,2.0,4.250000e-05,0.070,0.400,1,10,10,0.274,0.023,0.045,0.401,0.293,0.534,350.830
117,COMPLETE,-8.600,1,255.000,0.6,3,,0.180,750.0,5500.000,2.0,5.500000e-05,0.120,0.300,1,10,10,0.400,0.005,0.014,0.411,0.372,0.576,259.606
118,COMPLETE,-8.877,5,75.000,0.6,10,,0.160,750.0,5000.000,2.0,2.500000e-05,0.040,0.300,0,10,9,0.123,0.034,0.011,0.114,0.217,0.730,483.676
119,COMPLETE,4.982,7,330.000,0.6,10,,0.540,750.0,5500.000,2.0,1.500000e-05,0.130,0.200,4,10,0,0.982,0.309,4.452,0.798,0.680,0.515,1125.320
120,COMPLETE,-8.476,1,300.000,0.6,12,,0.280,750.0,6500.000,2.0,6.000000e-05,0.060,0.300,1,10,10,0.524,0.005,0.022,0.668,0.299,0.543,325.677
121,COMPLETE,0.270,4,225.000,0.6,3,,0.120,750.0,3250.000,2.0,1.000000e-05,0.070,0.900,0,10,0,0.270,0.211,2.272,0.216,0.276,0.593,887.857
122,COMPLETE,7.990,8,345.000,0.6,9,,0.540,750.0,4750.000,2.0,6.000000e-05,0.140,0.200,7,10,0,0.990,0.383,4.122,0.816,0.735,0.532,1303.965
123,COMPLETE,6.827,7,150.000,0.6,5,,0.540,750.0,3000.000,2.0,5.250000e-05,0.100,0.900,6,10,0,0.827,0.203,1.697,0.684,0.656,0.596,959.326
124,COMPLETE,2.383,2,165.000,0.6,10,,0.320,750.0,3250.000,2.0,1.000000e-05,0.060,0.900,2,10,0,0.383,0.083,0.780,0.347,0.315,0.640,520.904
125,COMPLETE,0.179,5,210.000,0.6,7,,0.360,750.0,4000.000,2.0,5.750000e-05,0.120,0.500,0,10,0,0.179,0.205,0.884,0.143,0.205,0.595,925.493
126,COMPLETE,0.203,5,300.000,0.6,9,,0.580,750.0,6500.000,2.0,5.000000e-05,0.100,0.000,0,10,0,0.203,0.207,0.846,0.163,0.203,0.611,880.790
127,COMPLETE,-9.630,1,105.000,0.6,11,,0.400,750.0,5750.000,2.0,1.750000e-05,0.060,0.100,0,10,10,0.370,0.005,0.001,0.321,0.306,0.517,318.049
128,COMPLETE,-9.869,6,225.000,0.6,8,,0.200,750.0,7250.000,2.0,5.750000e-05,0.070,0.600,0,10,10,0.131,0.119,0.233,0.105,0.221,0.570,708.419
129,COMPLETE,0.221,7,135.000,0.6,5,,0.560,750.0,7500.000,2.0,2.000000e-05,0.120,0.300,0,10,0,0.221,0.102,0.350,0.177,0.202,0.601,761.544
130,COMPLETE,5.635,6,180.000,0.6,6,,0.360,750.0,3750.000,2.0,4.750000e-05,0.120,0.900,5,10,0,0.635,0.200,1.302,0.534,0.546,0.587,947.553
131,COMPLETE,0.189,3,300.000,0.6,12,,0.600,750.0,4000.000,2.0,5.500000e-05,0.080,0.200,0,10,0,0.189,0.209,1.051,0.153,0.196,0.627,802.147
132,COMPLETE,-7.519,3,255.000,0.6,8,,0.460,750.0,6500.000,2.0,5.500000e-05,0.070,0.900,2,10,10,0.481,0.032,0.056,0.453,0.548,0.578,426.134
133,COMPLETE,5.694,3,300.000,0.6,8,,0.520,750.0,6750.000,2.0,3.000000e-05,0.140,1.000,5,10,0,0.694,0.128,0.548,0.583,0.584,0.589,689.473
134,COMPLETE,-9.822,1,285.000,0.6,10,,0.280,750.0,3750.000,2.0,4.000000e-05,0.120,0.600,0,10,10,0.178,0.060,0.087,0.143,0.223,0.712,470.253
135,COMPLETE,-6.410,2,180.000,0.6,6,,0.420,750.0,4000.000,2.0,5.250000e-05,0.090,0.100,3,10,10,0.590,0.018,0.011,0.596,0.361,0.690,291.848
136,COMPLETE,-9.857,3,105.000,0.6,10,,0.160,750.0,7000.000,2.0,1.750000e-05,0.070,0.700,0,10,10,0.143,0.020,0.010,0.142,0.136,0.568,459.333
137,COMPLETE,2.436,6,240.000,0.6,8,,0.120,750.0,7250.000,2.0,1.250000e-05,0.090,0.800,2,10,0,0.436,0.197,1.754,0.363,0.383,0.583,988.479
138,COMPLETE,2.491,8,270.000,0.6,6,,0.460,750.0,4500.000,2.0,4.750000e-05,0.090,0.100,2,10,0,0.491,0.341,3.150,0.422,0.353,0.643,1223.491
139,COMPLETE,0.183,7,75.000,0.6,11,,0.360,750.0,4000.000,2.0,2.250000e-05,0.050,0.700,0,10,0,0.183,0.090,0.363,0.156,0.168,0.670,794.409
140,COMPLETE,0.491,6,330.000,0.6,8,,0.120,750.0,5500.000,2.0,1.250000e-05,0.140,0.800,0,10,0,0.491,0.288,3.078,0.392,0.423,0.548,1049.606
141,COMPLETE,1.407,8,165.000,0.6,11,,0.320,750.0,3500.000,2.0,4.250000e-05,0.090,0.600,1,10,0,0.407,0.240,1.924,0.333,0.364,0.660,1067.279
142,COMPLETE,0.206,5,210.000,0.6,3,,0.100,750.0,5250.000,2.0,1.500000e-05,0.070,0.900,0,10,0,0.206,0.182,1.576,0.165,0.255,0.648,810.306
143,COMPLETE,-9.568,2,105.000,0.6,7,,0.420,750.0,6250.000,2.0,2.250000e-05,0.110,0.600,0,10,10,0.432,0.012,0.001,0.416,0.351,0.617,327.337
144,COMPLETE,0.185,4,285.000,0.6,11,,0.200,750.0,5250.000,2.0,4.000000e-05,0.080,0.500,0,10,0,0.185,0.215,1.175,0.148,0.187,0.619,876.147
145,COMPLETE,0.214,4,270.000,0.6,10,,0.500,750.0,5750.000,2.0,1.750000e-05,0.060,0.000,0,10,0,0.214,0.195,1.704,0.182,0.196,0.648,830.086
146,COMPLETE,0.201,4,285.000,0.6,8,,0.200,750.0,3500.000,2.0,6.000000e-05,0.070,0.600,0,10,0,0.201,0.279,1.872,0.167,0.199,0.592,972.037
147,COMPLETE,0.145,6,135.000,0.6,10,,0.140,750.0,6500.000,2.0,3.250000e-05,0.070,0.500,0,10,0,0.145,0.088,0.157,0.116,0.179,0.613,685.527
148,COMPLETE,-9.730,2,180.000,0.6,12,,0.140,750.0,5250.000,2.0,6.000000e-05,0.060,1.000,0,10,10,0.270,0.004,0.005,0.477,0.404,0.588,269.928
149,COMPLETE,4.626,5,330.000,0.6,3,,0.460,750.0,4250.000,2.0,2.250000e-05,0.070,0.700,4,10,0,0.626,0.311,3.918,0.678,0.457,0.612,1091.701
150,COMPLETE,0.242,7,195.000,0.6,4,,0.300,750.0,5250.000,2.0,3.000000e-05,0.100,0.100,0,10,0,0.242,0.208,1.462,0.198,0.214,0.522,994.040
151,COMPLETE,-9.585,3,105.000,0.6,3,,0.560,750.0,5750.000,2.0,2.500000e-05,0.140,0.000,0,10,10,0.415,0.017,0.002,0.334,0.356,0.547,387.783
152,COMPLETE,-7.593,2,225.000,0.6,5,,0.320,750.0,6250.000,2.0,3.500000e-05,0.070,0.800,2,10,10,0.407,0.026,0.035,0.377,0.258,0.688,347.457
153,COMPLETE,-4.854,2,300.000,0.6,6,,0.340,750.0,7250.000,2.0,2.500000e-05,0.050,0.300,0,10,5,0.146,0.080,0.279,0.117,0.163,0.691,483.622
154,COMPLETE,-8.746,2,180.000,0.6,8,,0.320,750.0,3000.000,2.0,6.000000e-05,0.080,0.800,0,10,9,0.254,0.045,0.036,0.284,0.260,0.619,349.809
155,COMPLETE,7.879,3,210.000,0.6,8,,0.300,750.0,3750.000,2.0,1.750000e-05,0.140,0.300,7,10,0,0.879,0.120,1.133,0.726,0.671,0.551,637.032
156,COMPLETE,0.387,8,330.000,0.6,10,,0.100,750.0,3750.000,2.0,3.750000e-05,0.060,0.800,0,10,0,0.387,0.461,4.686,0.316,0.251,0.553,1326.863
157,COMPLETE,1.419,8,330.000,0.6,9,,0.180,750.0,7500.000,2.0,1.000000e-05,0.080,0.400,1,10,0,0.419,0.334,3.653,0.346,0.348,0.524,1163.183
158,COMPLETE,3.558,8,285.000,0.6,9,,0.360,750.0,6500.000,2.0,1.250000e-05,0.040,1.000,3,10,0,0.558,0.299,3.538,0.557,0.331,0.699,1162.216
159,COMPLETE,5.978,7,330.000,0.6,9,,0.440,750.0,3500.000,2.0,2.250000e-05,0.140,0.500,5,10,0,0.978,0.388,5.490,0.798,0.675,0.497,1282.227
160,COMPLETE,0.177,3,345.000,0.6,10,,0.360,750.0,3500.000,2.0,4.250000e-05,0.060,0.100,0,10,0,0.177,0.276,2.283,0.146,0.196,0.568,959.678
161,COMPLETE,3.744,4,315.000,0.6,11,,0.340,750.0,5500.000,2.0,1.750000e-05,0.130,0.500,3,10,0,0.744,0.204,2.105,0.609,0.562,0.608,937.548
162,COMPLETE,-9.882,6,105.000,0.6,4,,0.400,750.0,6750.000,2.0,3.250000e-05,0.090,0.000,0,10,10,0.118,0.042,0.010,0.096,0.232,0.743,572.096
163,COMPLETE,4.738,6,270.000,0.6,11,,0.260,750.0,3750.000,2.0,4.750000e-05,0.130,0.400,4,10,0,0.738,0.282,2.498,0.601,0.582,0.636,1130.577
164,COMPLETE,-8.383,1,285.000,0.6,10,,0.140,750.0,3250.000,2.0,5.500000e-05,0.130,0.400,1,10,10,0.617,0.021,0.037,0.589,0.479,0.562,335.092
165,COMPLETE,0.136,2,300.000,0.6,10,,0.180,750.0,6000.000,2.0,2.750000e-05,0.060,0.900,0,10,0,0.136,0.111,0.402,0.114,0.169,0.637,576.192
166,COMPLETE,2.368,3,270.000,0.6,12,,0.460,750.0,7500.000,2.0,2.000000e-05,0.130,0.700,2,10,0,0.368,0.116,0.568,0.312,0.343,0.633,627.998
167,COMPLETE,0.166,3,315.000,0.6,4,,0.160,750.0,3000.000,2.0,4.500000e-05,0.040,0.100,0,10,0,0.166,0.279,2.325,0.151,0.174,0.703,922.153
168,COMPLETE,2.550,6,150.000,0.6,11,,0.460,750.0,3750.000,2.0,4.250000e-05,0.130,0.900,2,10,0,0.550,0.161,0.910,0.446,0.479,0.599,949.307
169,COMPLETE,-9.529,2,90.000,0.6,11,,0.300,750.0,3250.000,2.0,5.750000e-05,0.070,0.300,0,10,10,0.471,0.014,0.001,0.443,0.350,0.589,402.008
170,COMPLETE,10.000,3,345.000,0.6,2,,0.580,750.0,5000.000,2.0,1.000000e-05,0.090,1.000,9,10,0,1.000,0.207,3.087,0.842,0.837,0.619,843.956
171,COMPLETE,1.430,6,330.000,0.6,5,,0.380,750.0,4000.000,2.0,6.000000e-05,0.090,0.200,1,10,0,0.430,0.366,3.159,0.367,0.338,0.578,1192.964
172,COMPLETE,-8.328,3,135.000,0.6,7,,0.440,750.0,7250.000,2.0,4.250000e-05,0.120,0.800,1,10,10,0.672,0.017,0.001,0.557,0.494,0.374,389.695
173,COMPLETE,-8.336,1,165.000,0.6,11,,0.400,750.0,7250.000,2.0,4.750000e-05,0.140,0.900,1,10,10,0.664,0.009,0.001,0.543,0.559,0.538,295.481
174,COMPLETE,0.194,6,315.000,0.6,8,,0.540,750.0,6500.000,2.0,5.250000e-05,0.050,0.100,0,10,0,0.194,0.291,1.603,0.164,0.172,0.673,1043.215
175,COMPLETE,-9.855,2,165.000,0.6,3,,0.440,750.0,7250.000,2.0,4.250000e-05,0.040,0.400,0,10,10,0.145,0.002,0.004,0.327,0.155,0.701,265.505
176,COMPLETE,-9.735,4,60.000,0.6,4,,0.220,750.0,3250.000,2.0,2.750000e-05,0.120,0.100,0,10,10,0.265,0.033,0.002,0.278,0.250,0.609,384.020
177,COMPLETE,-8.484,4,120.000,0.6,3,,0.380,750.0,7000.000,2.0,4.500000e-05,0.100,0.900,1,10,10,0.516,0.019,0.001,0.478,0.504,0.436,407.618
178,COMPLETE,-9.768,3,180.000,0.6,12,,0.140,750.0,6250.000,2.0,4.250000e-05,0.090,0.300,0,10,10,0.232,0.032,0.020,0.213,0.236,0.718,416.129
179,COMPLETE,-8.535,1,330.000,0.6,3,,0.100,750.0,5750.000,2.0,5.500000e-05,0.070,0.600,1,10,10,0.465,0.008,0.036,0.523,0.484,0.425,276.455
180,COMPLETE,3.474,7,285.000,0.6,2,,0.560,750.0,7250.000,2.0,4.250000e-05,0.110,0.700,3,10,0,0.474,0.242,1.466,0.404,0.373,0.611,1040.519
181,COMPLETE,-8.638,1,165.000,0.6,11,,0.340,750.0,3500.000,2.0,5.500000e-05,0.050,0.800,1,10,10,0.362,0.001,0.005,0.378,0.375,0.632,291.650
182,COMPLETE,0.234,2,300.000,0.6,12,,0.340,750.0,4250.000,2.0,1.500000e-05,0.070,0.700,0,10,0,0.234,0.152,1.375,0.199,0.186,0.645,618.551
183,COMPLETE,3.522,7,210.000,0.6,2,,0.540,750.0,6000.000,2.0,1.000000e-05,0.040,0.900,3,10,0,0.522,0.198,2.551,0.679,0.310,0.664,877.063
184,COMPLETE,-7.675,8,75.000,0.6,12,,0.100,750.0,6000.000,2.0,4.750000e-05,0.050,0.100,0,10,8,0.325,0.034,0.001,0.354,0.208,0.580,630.389
185,COMPLETE,-9.708,3,120.000,0.6,2,,0.560,750.0,5750.000,2.0,3.250000e-05,0.050,0.800,0,10,10,0.292,0.009,0.002,0.437,0.340,0.632,396.641
186,COMPLETE,0.217,7,360.000,0.6,9,,0.260,750.0,7250.000,2.0,4.250000e-05,0.100,0.100,0,10,0,0.217,0.325,2.216,0.183,0.192,0.559,1210.101
187,COMPLETE,-9.671,5,75.000,0.6,8,,0.140,750.0,6250.000,2.0,3.500000e-05,0.050,0.500,0,10,10,0.329,0.024,0.001,0.288,0.346,0.550,513.345
188,COMPLETE,8.985,8,285.000,0.6,12,,0.580,750.0,3250.000,2.0,2.250000e-05,0.100,0.500,8,10,0,0.985,0.391,6.137,0.846,0.708,0.511,1358.865
189,COMPLETE,2.394,5,300.000,0.6,2,,0.560,750.0,5000.000,2.0,6.000000e-05,0.120,0.700,2,10,0,0.394,0.244,1.311,0.335,0.320,0.604,1025.816
190,COMPLETE,-7.688,6,75.000,0.6,5,,0.220,750.0,7500.000,2.0,4.000000e-05,0.040,0.000,0,10,8,0.312,0.020,0.001,0.354,0.184,0.653,531.656
191,COMPLETE,7.802,7,255.000,0.6,7,,0.360,750.0,7000.000,2.0,1.250000e-05,0.090,0.700,7,10,0,0.802,0.244,2.822,0.683,0.656,0.520,1043.628
192,COMPLETE,0.192,7,330.000,0.6,3,,0.120,750.0,3750.000,2.0,3.750000e-05,0.050,0.900,0,10,0,0.192,0.447,4.440,0.184,0.202,0.708,1255.460
193,COMPLETE,-9.542,1,210.000,0.6,8,,0.360,750.0,5750.000,2.0,4.750000e-05,0.110,1.000,0,10,10,0.458,0.005,0.004,0.521,0.391,0.413,235.572
194,COMPLETE,0.190,6,210.000,0.6,3,,0.160,750.0,5000.000,2.0,5.500000e-05,0.140,0.200,0,10,0,0.190,0.197,0.592,0.152,0.219,0.574,902.600
195,COMPLETE,0.222,6,195.000,0.6,10,,0.580,750.0,6000.000,2.0,3.000000e-05,0.110,0.200,0,10,0,0.222,0.170,0.906,0.180,0.194,0.641,912.090
196,COMPLETE,0.230,2,225.000,0.6,5,,0.580,750.0,3500.000,2.0,2.500000e-05,0.060,0.100,0,10,0,0.230,0.121,0.824,0.193,0.159,0.690,658.957
197,COMPLETE,-9.815,1,90.000,0.6,2,,0.580,750.0,3250.000,2.0,1.250000e-05,0.040,0.900,0,10,10,0.185,0.010,0.006,0.302,0.156,0.794,287.712
198,COMPLETE,-9.884,1,195.000,0.6,6,,0.100,750.0,3750.000,2.0,1.250000e-05,0.040,0.700,0,10,10,0.116,0.056,0.284,0.093,0.160,0.664,401.354
199,COMPLETE,0.188,2,300.000,0.6,9,,0.540,750.0,7250.000,2.0,2.000000e-05,0.070,0.000,0,10,0,0.188,0.088,0.378,0.150,0.184,0.625,522.930
200,COMPLETE,4.887,8,75.000,0.6,4,,0.520,750.0,3500.000,2.0,1.000000e-05,0.110,0.000,4,10,0,0.887,0.083,1.008,0.788,0.485,0.529,639.638
201,COMPLETE,0.194,5,240.000,0.6,9,,0.500,750.0,4750.000,2.0,5.500000e-05,0.090,0.900,0,10,0,0.194,0.224,0.991,0.155,0.211,0.608,939.898
202,COMPLETE,2.650,7,285.000,0.6,12,,0.160,750.0,4000.000,2.0,3.750000e-05,0.120,0.900,2,10,0,0.650,0.339,3.256,0.526,0.510,0.576,1197.190
203,COMPLETE,3.532,7,90.000,0.6,8,,0.380,750.0,4000.000,2.0,1.500000e-05,0.040,1.000,3,10,0,0.532,0.109,0.943,0.495,0.418,0.766,700.581
204,COMPLETE,5.746,4,330.000,0.6,7,,0.520,750.0,6750.000,2.0,1.750000e-05,0.110,0.600,5,10,0,0.746,0.201,2.086,0.626,0.594,0.678,877.051
205,COMPLETE,0.175,8,105.000,0.6,10,,0.120,750.0,3000.000,2.0,4.250000e-05,0.060,0.600,0,10,0,0.175,0.166,0.985,0.140,0.205,0.553,883.996
206,COMPLETE,-9.581,2,255.000,0.6,12,,0.240,750.0,7500.000,2.0,5.750000e-05,0.140,0.700,0,10,10,0.419,0.012,0.018,0.474,0.365,0.633,261.889
207,COMPLETE,-4.610,1,285.000,0.6,9,,0.420,750.0,5750.000,2.0,1.250000e-05,0.140,0.600,2,10,7,0.390,0.053,0.216,0.335,0.304,0.623,385.009
208,COMPLETE,-8.846,3,180.000,0.6,10,,0.160,750.0,6000.000,2.0,3.500000e-05,0.100,0.800,0,10,9,0.154,0.057,0.052,0.123,0.168,0.711,479.303
209,COMPLETE,-9.491,6,120.000,0.6,10,,0.420,750.0,6750.000,2.0,5.250000e-05,0.140,0.400,0,10,10,0.509,0.032,0.001,0.463,0.450,0.473,526.490
210,COMPLETE,0.215,3,360.000,0.6,11,,0.560,750.0,5750.000,2.0,3.750000e-05,0.070,0.900,0,10,0,0.215,0.206,1.212,0.174,0.198,0.515,827.923
211,COMPLETE,7.805,7,195.000,0.6,10,,0.580,750.0,5750.000,2.0,3.250000e-05,0.140,0.500,7,10,0,0.805,0.186,1.334,0.672,0.644,0.560,998.378
212,COMPLETE,0.140,7,165.000,0.6,12,,0.200,750.0,5500.000,2.0,5.500000e-05,0.060,0.900,0,10,0,0.140,0.151,0.308,0.114,0.199,0.698,865.072
213,COMPLETE,0.202,7,285.000,0.6,11,,0.340,750.0,6500.000,2.0,3.500000e-05,0.060,0.500,0,10,0,0.202,0.302,2.212,0.187,0.189,0.674,1094.386
214,COMPLETE,5.973,5,300.000,0.6,6,,0.560,750.0,3000.000,2.0,1.500000e-05,0.140,0.700,5,10,0,0.973,0.289,4.480,0.797,0.677,0.568,1050.177
215,COMPLETE,0.199,7,180.000,0.6,4,,0.400,750.0,6500.000,2.0,3.750000e-05,0.120,0.300,0,10,0,0.199,0.153,0.488,0.159,0.207,0.683,877.503
216,COMPLETE,0.189,2,315.000,0.6,7,,0.580,750.0,6000.000,2.0,2.000000e-05,0.070,0.700,0,10,0,0.189,0.129,0.731,0.151,0.177,0.657,575.870
217,COMPLETE,0.168,7,210.000,0.6,12,,0.160,750.0,6750.000,2.0,2.250000e-05,0.040,0.700,0,10,0,0.168,0.221,1.590,0.147,0.138,0.665,968.588
218,COMPLETE,3.541,6,270.000,0.6,9,,0.380,750.0,3750.000,2.0,3.000000e-05,0.060,0.600,3,10,0,0.541,0.319,3.509,0.524,0.394,0.592,1151.357
219,COMPLETE,-8.546,3,105.000,0.6,6,,0.580,750.0,6750.000,2.0,3.750000e-05,0.050,0.400,1,10,10,0.454,0.013,0.001,0.464,0.355,0.652,320.360
220,COMPLETE,-8.548,3,210.000,0.6,8,,0.320,750.0,6500.000,2.0,5.750000e-05,0.100,0.300,1,10,10,0.452,0.008,0.014,0.647,0.353,0.628,297.633
221,COMPLETE,-9.540,1,105.000,0.6,8,,0.420,750.0,6250.000,2.0,1.500000e-05,0.090,0.500,0,10,10,0.460,0.005,0.001,0.486,0.370,0.571,302.403
222,COMPLETE,-7.572,5,90.000,0.6,9,,0.600,750.0,7250.000,2.0,4.000000e-05,0.040,0.100,0,10,8,0.428,0.023,0.001,0.403,0.271,0.685,442.076
223,COMPLETE,-1.840,8,165.000,0.6,2,,0.560,750.0,6750.000,2.0,5.000000e-05,0.070,0.900,0,10,2,0.160,0.107,0.196,0.132,0.155,0.699,798.756
224,COMPLETE,0.395,8,330.000,0.6,10,,0.580,750.0,3000.000,2.0,5.000000e-05,0.050,0.000,0,10,0,0.395,0.444,6.215,0.806,0.197,0.553,1329.016
225,COMPLETE,-1.863,6,135.000,0.6,12,,0.460,750.0,5500.000,2.0,4.250000e-05,0.040,0.700,0,10,2,0.137,0.094,0.142,0.114,0.153,0.629,633.665
226,COMPLETE,1.494,5,360.000,0.6,6,,0.300,750.0,5000.000,2.0,3.250000e-05,0.100,0.300,1,10,0,0.494,0.304,2.844,0.415,0.388,0.539,1060.953
227,COMPLETE,1.354,6,135.000,0.6,2,,0.160,750.0,3250.000,2.0,4.000000e-05,0.130,0.100,1,10,0,0.354,0.141,0.740,0.290,0.319,0.692,701.869
228,COMPLETE,0.220,6,135.000,0.6,6,,0.500,750.0,3500.000,2.0,4.750000e-05,0.110,0.000,0,10,0,0.220,0.153,0.629,0.179,0.192,0.652,861.768
229,COMPLETE,9.989,8,225.000,0.6,4,,0.580,750.0,5000.000,2.0,3.000000e-05,0.140,0.500,9,10,0,0.989,0.243,2.791,0.818,0.726,0.510,1022.635
230,COMPLETE,1.343,7,195.000,0.6,7,,0.280,750.0,5250.000,2.0,2.250000e-05,0.090,0.400,1,10,0,0.343,0.209,1.755,0.279,0.280,0.571,1012.942
231,COMPLETE,1.348,8,285.000,0.6,12,,0.100,750.0,3250.000,2.0,2.250000e-05,0.050,0.900,1,10,0,0.348,0.434,4.742,0.337,0.255,0.599,1279.732
232,COMPLETE,-5.593,5,180.000,0.6,4,,0.480,750.0,6500.000,2.0,4.750000e-05,0.100,0.800,3,10,9,0.407,0.079,0.092,0.361,0.383,0.615,528.060
233,COMPLETE,7.930,6,240.000,0.6,7,,0.540,750.0,4250.000,2.0,4.750000e-05,0.140,0.100,7,10,0,0.930,0.235,2.017,0.767,0.700,0.571,983.176
234,COMPLETE,0.210,7,240.000,0.6,7,,0.120,750.0,3750.000,2.0,4.500000e-05,0.050,0.600,0,10,0,0.210,0.332,2.793,0.169,0.133,0.538,1149.880
235,COMPLETE,0.243,5,255.000,0.6,8,,0.300,750.0,3500.000,2.0,3.000000e-05,0.050,0.700,0,10,0,0.243,0.281,2.701,0.223,0.189,0.617,989.487
236,COMPLETE,-9.791,1,225.000,0.6,7,,0.280,750.0,6750.000,2.0,1.250000e-05,0.130,0.900,0,10,10,0.209,0.026,0.051,0.171,0.185,0.602,366.426
237,COMPLETE,-8.663,2,165.000,0.6,10,,0.540,750.0,6000.000,2.0,3.000000e-05,0.050,0.200,1,10,10,0.337,0.011,0.007,0.308,0.276,0.634,336.030
238,COMPLETE,-6.743,7,90.000,0.6,3,,0.440,750.0,4500.000,2.0,5.500000e-05,0.050,0.100,0,10,7,0.257,0.039,0.001,0.281,0.188,0.709,557.623
239,COMPLETE,0.166,4,300.000,0.6,8,,0.180,750.0,3500.000,2.0,5.500000e-05,0.050,0.100,0,10,0,0.166,0.302,2.239,0.133,0.165,0.662,982.797
240,COMPLETE,-7.311,1,210.000,0.6,6,,0.300,750.0,3500.000,2.0,5.250000e-05,0.140,0.200,2,10,10,0.689,0.004,0.012,0.657,0.513,0.662,236.653
241,COMPLETE,-6.840,3,120.000,0.6,5,,0.440,750.0,3000.000,2.0,4.500000e-05,0.060,0.600,0,10,7,0.160,0.079,0.070,0.136,0.159,0.731,522.190
242,COMPLETE,1.348,6,270.000,0.6,6,,0.300,750.0,3750.000,2.0,3.000000e-05,0.060,0.600,1,10,0,0.348,0.323,3.280,0.307,0.251,0.660,1086.428
243,COMPLETE,-9.518,1,105.000,0.6,9,,0.220,750.0,5750.000,2.0,2.750000e-05,0.080,0.600,0,10,10,0.482,0.008,0.001,0.403,0.411,0.566,255.169
244,COMPLETE,7.934,6,90.000,0.6,11,,0.320,750.0,3500.000,2.0,2.500000e-05,0.140,1.000,7,10,0,0.934,0.091,0.516,0.781,0.767,0.598,661.689
245,COMPLETE,0.171,4,345.000,0.6,8,,0.360,750.0,6000.000,2.0,4.750000e-05,0.050,0.300,0,10,0,0.171,0.240,1.193,0.145,0.163,0.663,892.520
246,COMPLETE,4.593,6,180.000,0.6,5,,0.420,750.0,7250.000,2.0,1.250000e-05,0.120,0.100,4,10,0,0.593,0.135,1.132,0.496,0.446,0.576,802.948
247,COMPLETE,4.679,7,315.000,0.6,3,,0.480,750.0,4750.000,2.0,4.000000e-05,0.090,0.100,4,10,0,0.679,0.338,3.560,0.597,0.463,0.505,1209.097
248,COMPLETE,-5.412,1,270.000,0.6,9,,0.400,750.0,4000.000,2.0,3.500000e-05,0.140,0.400,4,10,10,0.588,0.042,0.070,0.499,0.528,0.622,413.908
249,COMPLETE,1.324,6,210.000,0.6,5,,0.460,750.0,5500.000,2.0,2.750000e-05,0.080,0.400,1,10,0,0.324,0.200,1.452,0.263,0.266,0.582,991.785
250,COMPLETE,8.929,4,240.000,0.6,7,,0.560,750.0,3500.000,2.0,2.000000e-05,0.110,0.000,8,10,0,0.929,0.195,2.548,0.776,0.685,0.558,898.937
251,COMPLETE,-8.898,5,90.000,0.6,2,,0.200,750.0,4250.000,2.0,3.750000e-05,0.060,0.400,0,10,9,0.102,0.040,0.004,0.095,0.251,0.673,517.346
252,COMPLETE,-5.548,8,60.000,0.6,10,,0.580,750.0,6250.000,2.0,3.750000e-05,0.070,0.700,0,10,6,0.452,0.038,0.001,0.370,0.421,0.519,603.310
253,COMPLETE,0.221,4,300.000,0.6,10,,0.360,750.0,6250.000,2.0,4.500000e-05,0.110,0.500,0,10,0,0.221,0.177,0.657,0.181,0.181,0.606,849.127
254,COMPLETE,0.400,6,180.000,0.6,9,,0.160,750.0,5750.000,2.0,1.250000e-05,0.110,0.100,0,10,0,0.400,0.159,1.416,0.320,0.315,0.614,881.982
255,COMPLETE,-9.841,1,225.000,0.6,4,,0.160,750.0,3250.000,2.0,3.000000e-05,0.110,0.500,0,10,10,0.159,0.065,0.128,0.146,0.174,0.666,483.442
256,COMPLETE,-5.860,8,120.000,0.6,6,,0.120,750.0,6750.000,2.0,4.000000e-05,0.140,0.400,0,10,6,0.140,0.076,0.053,0.112,0.218,0.775,778.633
257,COMPLETE,-7.500,2,240.000,0.6,2,,0.160,750.0,6750.000,2.0,4.250000e-05,0.080,0.400,2,10,10,0.500,0.011,0.019,0.457,0.378,0.454,330.433
258,COMPLETE,0.212,4,210.000,0.6,2,,0.140,750.0,3000.000,2.0,2.250000e-05,0.040,0.200,0,10,0,0.212,0.206,1.945,0.193,0.198,0.719,781.562
259,COMPLETE,-5.350,2,270.000,0.6,6,,0.580,750.0,7500.000,2.0,4.500000e-05,0.080,1.000,4,10,10,0.650,0.011,0.046,0.693,0.514,0.312,353.833
260,COMPLETE,0.187,5,270.000,0.6,5,,0.320,750.0,5250.000,2.0,4.250000e-05,0.060,0.900,0,10,0,0.187,0.252,1.523,0.151,0.169,0.661,978.363
261,COMPLETE,-9.456,5,75.000,0.6,9,,0.160,750.0,7500.000,2.0,5.000000e-05,0.100,1.000,0,10,10,0.544,0.026,0.001,0.451,0.552,0.510,476.799
262,COMPLETE,-9.692,1,195.000,0.6,7,,0.180,750.0,3500.000,2.0,5.500000e-05,0.060,0.100,0,10,10,0.308,0.002,0.008,0.425,0.254,0.658,243.426
263,COMPLETE,4.587,3,300.000,0.6,11,,0.480,750.0,3000.000,2.0,4.500000e-05,0.080,0.700,4,10,0,0.587,0.238,2.273,0.514,0.453,0.639,836.387
264,COMPLETE,0.202,5,210.000,0.6,9,,0.360,750.0,4750.000,2.0,3.250000e-05,0.050,0.500,0,10,0,0.202,0.202,1.357,0.165,0.194,0.692,857.674
265,COMPLETE,0.180,5,150.000,0.6,5,,0.500,750.0,6250.000,2.0,3.250000e-05,0.140,0.800,0,10,0,0.180,0.084,0.118,0.147,0.175,0.682,632.756
266,COMPLETE,-9.643,1,90.000,0.6,8,,0.260,750.0,4500.000,2.0,3.000000e-05,0.060,0.000,0,10,10,0.357,0.006,0.001,0.320,0.364,0.528,309.361
267,COMPLETE,2.350,4,300.000,0.6,12,,0.600,750.0,5750.000,2.0,5.000000e-05,0.130,0.000,2,10,0,0.350,0.184,0.725,0.293,0.329,0.656,843.552
268,COMPLETE,0.230,5,120.000,0.6,4,,0.340,750.0,5500.000,2.0,1.500000e-05,0.090,1.000,0,10,0,0.230,0.089,0.459,0.184,0.248,0.605,644.790
269,COMPLETE,6.918,7,255.000,0.6,5,,0.240,750.0,5000.000,2.0,1.500000e-05,0.100,0.900,6,10,0,0.918,0.274,3.206,0.756,0.749,0.610,1089.602
270,COMPLETE,-0.827,4,135.000,0.6,10,,0.100,750.0,3500.000,2.0,4.500000e-05,0.140,0.200,0,10,1,0.173,0.111,0.203,0.138,0.235,0.648,706.753
271,COMPLETE,0.224,6,165.000,0.6,10,,0.360,750.0,3500.000,2.0,3.000000e-05,0.050,0.700,0,10,0,0.224,0.206,1.754,0.224,0.148,0.649,974.927
272,COMPLETE,0.216,3,285.000,0.6,11,,0.380,750.0,3000.000,2.0,6.000000e-05,0.070,0.500,0,10,0,0.216,0.235,1.566,0.185,0.160,0.604,853.201
273,COMPLETE,0.219,1,330.000,0.6,5,,0.460,750.0,3500.000,2.0,1.000000e-05,0.040,0.000,0,10,0,0.219,0.109,1.084,0.191,0.155,0.693,485.008
274,COMPLETE,3.569,8,300.000,0.6,10,,0.260,750.0,3250.000,2.0,2.500000e-05,0.070,0.400,3,10,0,0.569,0.434,5.156,0.519,0.393,0.578,1303.163
275,COMPLETE,1.775,7,360.000,0.6,2,,0.160,750.0,4250.000,2.0,1.250000e-05,0.120,0.300,1,10,0,0.775,0.388,4.649,0.630,0.574,0.480,1222.922
276,COMPLETE,-8.770,2,165.000,0.6,10,,0.100,750.0,4500.000,2.0,2.500000e-05,0.090,0.800,1,10,10,0.230,0.059,0.080,0.204,0.255,0.610,449.562
277,COMPLETE,0.202,5,270.000,0.6,6,,0.380,750.0,5750.000,2.0,3.000000e-05,0.090,0.400,0,10,0,0.202,0.225,1.565,0.161,0.237,0.603,948.084
278,COMPLETE,0.290,3,300.000,0.6,5,,0.420,750.0,5000.000,2.0,2.250000e-05,0.130,0.300,0,10,0,0.290,0.170,1.317,0.244,0.216,0.600,739.613
279,COMPLETE,-7.563,3,195.000,0.6,6,,0.240,750.0,7000.000,2.0,6.000000e-05,0.110,1.000,2,10,10,0.437,0.009,0.008,0.505,0.340,0.488,322.727
280,COMPLETE,0.260,2,345.000,0.6,5,,0.160,750.0,5750.000,2.0,1.500000e-05,0.120,0.500,0,10,0,0.260,0.132,0.994,0.213,0.226,0.580,620.966
281,COMPLETE,-7.789,4,150.000,0.6,2,,0.220,750.0,4250.000,2.0,5.000000e-05,0.100,0.800,1,10,9,0.211,0.087,0.057,0.181,0.323,0.734,499.501
282,COMPLETE,-8.788,4,210.000,0.6,5,,0.100,750.0,7000.000,2.0,4.250000e-05,0.080,1.000,1,10,10,0.212,0.082,0.124,0.185,0.316,0.791,533.045
283,COMPLETE,-6.338,1,210.000,0.6,7,,0.240,750.0,6500.000,2.0,6.000000e-05,0.070,0.900,3,10,10,0.662,0.002,0.004,0.641,0.433,0.569,235.629
284,COMPLETE,9.997,8,225.000,0.6,7,,0.600,750.0,7000.000,2.0,2.250000e-05,0.120,0.800,9,10,0,0.997,0.221,2.367,0.843,0.797,0.570,1040.971
285,COMPLETE,0.153,8,60.000,0.6,9,,0.420,750.0,4750.000,2.0,2.500000e-05,0.080,0.700,0,10,0,0.153,0.058,0.032,0.130,0.205,0.659,666.570
286,COMPLETE,-9.712,3,75.000,0.6,6,,0.280,750.0,3250.000,2.0,1.000000e-05,0.070,0.200,0,10,10,0.288,0.042,0.251,0.239,0.191,0.685,437.484
287,COMPLETE,0.179,5,135.000,0.6,7,,0.580,750.0,5000.000,2.0,3.000000e-05,0.090,0.100,0,10,0,0.179,0.112,0.310,0.147,0.156,0.713,709.626
288,COMPLETE,-9.448,2,90.000,0.6,8,,0.280,750.0,3750.000,2.0,5.750000e-05,0.120,0.800,0,10,10,0.552,0.019,0.001,0.442,0.467,0.533,358.302
289,COMPLETE,-3.631,1,330.000,0.6,4,,0.300,750.0,5000.000,2.0,2.250000e-05,0.130,0.300,2,10,6,0.369,0.062,0.192,0.304,0.365,0.632,467.784
290,COMPLETE,3.603,7,255.000,0.6,4,,0.320,750.0,3000.000,2.0,3.000000e-05,0.070,0.800,3,10,0,0.603,0.344,4.043,0.575,0.448,0.562,1209.009
291,COMPLETE,-9.517,1,210.000,0.6,12,,0.140,750.0,4000.000,2.0,4.000000e-05,0.130,0.700,0,10,10,0.483,0.003,0.007,0.532,0.349,0.433,309.912
292,COMPLETE,-5.428,1,330.000,0.6,4,,0.360,750.0,6500.000,2.0,2.250000e-05,0.070,0.500,4,10,10,0.572,0.038,0.100,0.473,0.517,0.622,336.223
293,COMPLETE,8.997,8,315.000,0.6,2,,0.540,750.0,4500.000,2.0,4.750000e-05,0.130,0.400,8,10,0,0.997,0.372,4.474,0.837,0.768,0.598,1241.171
294,COMPLETE,1.360,5,300.000,0.6,2,,0.460,750.0,5000.000,2.0,2.500000e-05,0.070,0.800,1,10,0,0.360,0.270,2.639,0.333,0.234,0.608,997.301
295,COMPLETE,6.721,7,240.000,0.6,5,,0.380,750.0,5750.000,2.0,2.250000e-05,0.090,1.000,6,10,0,0.721,0.252,2.592,0.617,0.607,0.538,1073.401
296,COMPLETE,-9.558,1,150.000,0.6,12,,0.120,750.0,4750.000,2.0,4.000000e-05,0.130,0.900,0,10,10,0.442,0.007,0.001,0.399,0.342,0.355,279.603
297,COMPLETE,2.566,7,360.000,0.6,6,,0.200,750.0,6500.000,2.0,2.250000e-05,0.100,0.300,2,10,0,0.566,0.333,3.314,0.473,0.406,0.574,1193.800
298,COMPLETE,0.290,5,330.000,0.6,4,,0.260,750.0,4750.000,2.0,5.000000e-05,0.090,0.900,0,10,0,0.290,0.294,2.111,0.232,0.255,0.584,1117.248
299,COMPLETE,-9.652,2,240.000,0.6,6,,0.220,750.0,6750.000,2.0,5.000000e-05,0.080,0.300,0,10,10,0.348,0.007,0.019,0.484,0.273,0.453,324.545
300,COMPLETE,2.364,8,345.000,0.6,3,,0.400,750.0,7500.000,2.0,4.250000e-05,0.080,0.100,2,10,0,0.364,0.345,2.571,0.309,0.369,0.558,1295.345
301,COMPLETE,11.000,7,105.000,0.6,2,,0.540,750.0,3000.000,2.0,2.500000e-05,0.110,0.100,10,10,0,1.000,0.117,1.191,0.856,0.719,0.599,649.974
302,COMPLETE,9.934,5,285.000,0.6,3,,0.560,750.0,5250.000,2.0,1.750000e-05,0.090,0.900,9,10,0,0.934,0.239,3.177,0.833,0.747,0.557,958.849
303,COMPLETE,-9.663,2,60.000,0.6,12,,0.480,750.0,3750.000,2.0,4.500000e-05,0.040,0.800,0,10,10,0.337,0.010,0.001,0.295,0.260,0.533,337.485
304,COMPLETE,-9.792,1,165.000,0.6,10,,0.440,750.0,4250.000,2.0,1.250000e-05,0.140,0.200,0,10,10,0.208,0.034,0.071,0.166,0.233,0.655,355.854
305,COMPLETE,-8.592,2,180.000,0.6,10,,0.440,750.0,5750.000,2.0,6.000000e-05,0.080,0.600,1,10,10,0.408,0.005,0.004,0.467,0.329,0.409,288.928
306,COMPLETE,-6.461,1,240.000,0.6,2,,0.400,750.0,5250.000,2.0,1.500000e-05,0.120,1.000,3,10,10,0.539,0.042,0.111,0.451,0.509,0.693,359.038
307,COMPLETE,0.676,7,270.000,0.6,2,,0.100,750.0,4000.000,2.0,2.750000e-05,0.140,0.900,0,10,0,0.676,0.300,2.971,0.547,0.493,0.613,1101.559
308,COMPLETE,0.193,1,315.000,0.6,4,,0.300,750.0,3500.000,2.0,2.000000e-05,0.040,1.000,0,10,0,0.193,0.103,0.685,0.164,0.153,0.626,487.041
309,COMPLETE,5.878,7,285.000,0.6,2,,0.320,750.0,5500.000,2.0,3.500000e-05,0.140,0.600,5,10,0,0.878,0.277,2.499,0.717,0.653,0.554,1060.230
310,COMPLETE,3.494,5,165.000,0.6,12,,0.280,750.0,3750.000,2.0,1.000000e-05,0.050,0.900,3,10,0,0.494,0.170,1.905,0.446,0.396,0.557,764.316
311,COMPLETE,1.324,3,255.000,0.6,6,,0.420,750.0,3000.000,2.0,3.750000e-05,0.070,0.700,1,10,0,0.324,0.208,1.754,0.275,0.254,0.621,810.082
312,COMPLETE,-9.388,2,120.000,0.6,8,,0.100,750.0,3500.000,2.0,5.750000e-05,0.140,0.300,0,10,10,0.612,0.013,0.001,0.539,0.431,0.493,344.121
313,COMPLETE,0.206,7,225.000,0.6,6,,0.160,750.0,6500.000,2.0,4.750000e-05,0.120,0.900,0,10,0,0.206,0.197,0.670,0.165,0.255,0.596,976.668
314,COMPLETE,1.494,8,180.000,0.6,3,,0.320,750.0,3500.000,2.0,5.000000e-05,0.120,0.000,1,10,0,0.494,0.236,1.771,0.398,0.352,0.553,1034.073
315,COMPLETE,0.194,1,315.000,0.6,8,,0.120,750.0,3250.000,2.0,2.250000e-05,0.070,0.700,0,10,0,0.194,0.100,0.636,0.155,0.213,0.585,525.362
316,COMPLETE,0.229,5,210.000,0.6,11,,0.460,750.0,3000.000,2.0,5.000000e-05,0.040,0.300,0,10,0,0.229,0.251,2.028,0.253,0.160,0.668,962.397
317,COMPLETE,0.218,8,195.000,0.6,12,,0.180,750.0,7500.000,2.0,4.000000e-05,0.110,1.000,0,10,0,0.218,0.168,0.510,0.174,0.310,0.587,964.983
318,COMPLETE,-7.669,2,195.000,0.6,12,,0.260,750.0,6500.000,2.0,2.750000e-05,0.110,0.800,2,10,10,0.331,0.032,0.027,0.296,0.297,0.638,390.041
319,COMPLETE,-4.829,3,120.000,0.6,10,,0.460,750.0,3000.000,2.0,4.750000e-05,0.140,0.500,0,10,5,0.171,0.079,0.056,0.141,0.151,0.667,612.308
320,COMPLETE,-8.508,8,120.000,0.6,4,,0.120,750.0,7000.000,2.0,5.750000e-05,0.120,0.100,1,10,10,0.492,0.035,0.002,0.414,0.354,0.504,598.572
321,COMPLETE,0.196,8,210.000,0.6,9,,0.600,750.0,5750.000,2.0,5.500000e-05,0.100,0.300,0,10,0,0.196,0.234,0.967,0.162,0.203,0.602,1131.118
322,COMPLETE,-8.713,6,120.000,0.6,9,,0.300,750.0,4750.000,2.0,6.000000e-05,0.090,0.600,1,10,10,0.287,0.047,0.010,0.322,0.319,0.333,575.904
323,COMPLETE,-7.615,1,180.000,0.6,5,,0.500,750.0,3250.000,2.0,3.250000e-05,0.080,0.000,2,10,10,0.385,0.034,0.022,0.369,0.328,0.713,297.672
324,COMPLETE,-7.739,3,135.000,0.6,7,,0.440,750.0,3750.000,2.0,5.000000e-05,0.080,0.600,1,10,9,0.261,0.041,0.012,0.252,0.329,0.694,420.762
325,COMPLETE,1.474,5,345.000,0.6,12,,0.300,750.0,4500.000,2.0,3.250000e-05,0.100,0.300,1,10,0,0.474,0.304,2.914,0.386,0.359,0.530,1086.090
326,COMPLETE,-2.811,2,195.000,0.6,5,,0.540,750.0,3000.000,2.0,4.750000e-05,0.070,0.600,0,10,3,0.189,0.107,0.254,0.194,0.139,0.653,538.637
327,COMPLETE,5.628,4,210.000,0.6,7,,0.480,750.0,6000.000,2.0,2.250000e-05,0.140,0.900,5,10,0,0.628,0.130,0.776,0.533,0.535,0.630,700.728
328,COMPLETE,-7.834,2,315.000,0.6,12,,0.180,750.0,6500.000,2.0,3.500000e-05,0.130,0.100,0,10,8,0.166,0.073,0.159,0.133,0.207,0.625,477.250
329,COMPLETE,5.703,7,210.000,0.6,12,,0.580,750.0,5500.000,2.0,1.500000e-05,0.070,0.000,5,10,0,0.703,0.217,2.731,0.694,0.524,0.556,972.810
330,COMPLETE,-9.361,1,75.000,0.6,12,,0.520,750.0,4500.000,2.0,2.500000e-05,0.110,1.000,0,10,10,0.639,0.007,0.001,0.511,0.504,0.528,284.256
331,COMPLETE,-1.817,5,120.000,0.6,5,,0.300,750.0,4750.000,2.0,3.750000e-05,0.120,0.400,0,10,2,0.183,0.082,0.069,0.146,0.186,0.782,674.563
332,COMPLETE,-7.308,4,60.000,0.6,2,,0.340,750.0,6250.000,2.0,1.000000e-05,0.130,0.200,2,10,10,0.692,0.013,0.004,0.612,0.592,0.444,426.378
333,COMPLETE,0.206,6,180.000,0.6,3,,0.140,750.0,4000.000,2.0,4.750000e-05,0.110,0.900,0,10,0,0.206,0.196,0.988,0.165,0.254,0.643,948.267
334,COMPLETE,5.967,5,165.000,0.6,6,,0.500,750.0,3000.000,2.0,1.000000e-05,0.130,0.200,5,10,0,0.967,0.153,2.203,0.789,0.726,0.563,820.509
335,COMPLETE,1.431,5,330.000,0.6,11,,0.360,750.0,6250.000,2.0,1.750000e-05,0.090,0.400,1,10,0,0.431,0.256,2.553,0.376,0.278,0.590,986.949
336,COMPLETE,0.246,5,345.000,0.6,5,,0.120,750.0,5000.000,2.0,3.750000e-05,0.090,0.600,0,10,0,0.246,0.310,2.494,0.197,0.220,0.606,1083.250
337,COMPLETE,-0.835,5,105.000,0.6,3,,0.200,750.0,5750.000,2.0,2.250000e-05,0.070,0.500,0,10,1,0.165,0.054,0.066,0.134,0.179,0.775,524.802
338,COMPLETE,0.238,4,360.000,0.6,10,,0.300,750.0,4250.000,2.0,3.500000e-05,0.090,0.200,0,10,0,0.238,0.298,2.657,0.193,0.221,0.544,957.240
339,COMPLETE,-8.299,1,75.000,0.6,9,,0.560,750.0,4000.000,2.0,2.000000e-05,0.130,0.400,1,10,10,0.701,0.006,0.001,0.607,0.486,0.477,257.466
340,COMPLETE,1.305,2,285.000,0.6,10,,0.380,750.0,3000.000,2.0,2.750000e-05,0.080,0.500,1,10,0,0.305,0.166,1.456,0.250,0.267,0.681,718.072
341,COMPLETE,0.169,6,195.000,0.6,4,,0.300,750.0,5500.000,2.0,5.500000e-05,0.070,0.200,0,10,0,0.169,0.154,0.403,0.136,0.150,0.638,868.447
342,COMPLETE,-2.649,3,270.000,0.6,10,,0.440,750.0,5500.000,2.0,5.000000e-05,0.120,0.400,2,10,5,0.351,0.120,0.264,0.298,0.316,0.623,650.579
343,COMPLETE,3.463,8,120.000,0.6,9,,0.300,750.0,5000.000,2.0,2.500000e-05,0.110,0.100,3,10,0,0.463,0.135,0.783,0.387,0.410,0.619,890.681
344,COMPLETE,-9.680,3,135.000,0.6,3,,0.380,750.0,7250.000,2.0,3.250000e-05,0.040,0.600,0,10,10,0.320,0.009,0.002,0.329,0.308,0.718,355.350
345,COMPLETE,-9.367,1,90.000,0.6,4,,0.380,750.0,4500.000,2.0,2.000000e-05,0.140,0.900,0,10,10,0.633,0.007,0.001,0.511,0.437,0.552,311.227
346,COMPLETE,4.669,6,285.000,0.6,11,,0.600,750.0,5000.000,2.0,1.500000e-05,0.050,0.700,4,10,0,0.669,0.266,3.879,0.832,0.451,0.689,981.016
347,COMPLETE,7.924,7,165.000,0.6,5,,0.600,750.0,6000.000,2.0,2.750000e-05,0.120,1.000,7,10,0,0.924,0.157,1.073,0.777,0.781,0.611,895.014
348,COMPLETE,0.328,8,300.000,0.6,8,,0.260,750.0,3750.000,2.0,5.000000e-05,0.080,0.200,0,10,0,0.328,0.414,3.958,0.312,0.218,0.604,1316.792
349,COMPLETE,6.927,7,135.000,0.6,3,,0.480,750.0,3750.000,2.0,2.500000e-05,0.120,0.000,6,10,0,0.927,0.148,1.450,0.787,0.683,0.640,799.656
350,COMPLETE,0.141,3,180.000,0.6,12,,0.340,750.0,5250.000,2.0,2.750000e-05,0.080,0.400,0,10,0,0.141,0.092,0.239,0.113,0.217,0.613,562.825
351,COMPLETE,3.504,5,240.000,0.6,3,,0.180,750.0,5500.000,2.0,2.750000e-05,0.140,0.900,3,10,0,0.504,0.184,1.241,0.417,0.436,0.577,855.360
352,COMPLETE,-8.639,1,120.000,0.6,6,,0.520,750.0,3500.000,2.0,2.250000e-05,0.080,0.900,1,10,10,0.361,0.014,0.002,0.327,0.426,0.579,290.807
353,COMPLETE,7.986,7,360.000,0.6,12,,0.520,750.0,4750.000,2.0,2.000000e-05,0.120,0.000,7,10,0,0.986,0.365,5.279,0.810,0.714,0.553,1255.099
354,COMPLETE,-7.281,1,255.000,0.6,10,,0.360,750.0,7000.000,2.0,4.750000e-05,0.110,0.200,2,10,10,0.719,0.004,0.013,0.696,0.471,0.491,273.339
355,COMPLETE,0.204,3,240.000,0.6,7,,0.280,750.0,4750.000,2.0,2.000000e-05,0.070,0.000,0,10,0,0.204,0.153,1.133,0.164,0.177,0.660,740.202
356,COMPLETE,0.209,8,300.000,0.6,10,,0.160,750.0,6500.000,2.0,1.500000e-05,0.050,0.100,0,10,0,0.209,0.340,3.449,0.184,0.214,0.622,1205.516
357,COMPLETE,3.687,8,105.000,0.6,2,,0.300,750.0,3500.000,2.0,3.500000e-05,0.130,0.000,3,10,0,0.687,0.120,0.611,0.566,0.545,0.573,735.288
358,COMPLETE,-9.668,1,75.000,0.6,3,,0.520,750.0,3750.000,2.0,1.250000e-05,0.120,0.300,0,10,10,0.332,0.006,0.002,0.310,0.355,0.489,305.319
359,COMPLETE,0.211,3,270.000,0.6,5,,0.340,750.0,5500.000,2.0,2.250000e-05,0.090,0.900,0,10,0,0.211,0.157,1.022,0.178,0.189,0.643,716.907
360,COMPLETE,5.961,7,345.000,0.6,11,,0.400,750.0,3750.000,2.0,1.000000e-05,0.110,0.400,5,10,0,0.961,0.404,5.947,0.801,0.687,0.455,1240.538
361,COMPLETE,-7.383,1,345.000,0.6,10,,0.320,750.0,7000.000,2.0,3.250000e-05,0.140,0.500,2,10,10,0.617,0.013,0.046,0.664,0.455,0.490,279.855
362,COMPLETE,0.252,7,135.000,0.6,10,,0.560,750.0,3750.000,2.0,3.500000e-05,0.040,0.100,0,10,0,0.252,0.184,1.281,0.225,0.150,0.608,902.984
363,COMPLETE,-9.717,1,285.000,0.6,10,,0.180,750.0,7500.000,2.0,4.000000e-05,0.130,0.600,0,10,10,0.283,0.006,0.013,0.524,0.273,0.478,280.317
364,COMPLETE,0.159,5,315.000,0.6,11,,0.100,750.0,6750.000,2.0,5.750000e-05,0.120,0.500,0,10,0,0.159,0.189,0.654,0.127,0.214,0.655,863.307
365,COMPLETE,0.200,3,210.000,0.6,2,,0.280,750.0,4500.000,2.0,2.750000e-05,0.100,0.200,0,10,0,0.200,0.126,0.599,0.163,0.210,0.656,626.824
366,COMPLETE,-9.738,3,75.000,0.6,2,,0.180,750.0,6750.000,2.0,6.000000e-05,0.040,1.000,0,10,10,0.262,0.010,0.001,0.239,0.301,0.637,361.287
367,COMPLETE,0.239,3,345.000,0.6,5,,0.600,750.0,3500.000,2.0,6.000000e-05,0.040,0.600,0,10,0,0.239,0.286,2.092,0.205,0.139,0.653,855.535
368,COMPLETE,-9.442,6,60.000,0.6,2,,0.320,750.0,3000.000,2.0,5.500000e-05,0.110,0.400,0,10,10,0.558,0.029,0.001,0.479,0.419,0.525,441.944
369,COMPLETE,-7.221,1,360.000,0.6,3,,0.320,750.0,7500.000,2.0,5.000000e-05,0.140,0.300,2,10,10,0.779,0.011,0.051,0.733,0.521,0.379,224.335
370,COMPLETE,-9.383,6,60.000,0.6,2,,0.480,750.0,3500.000,2.0,5.250000e-05,0.120,0.800,0,10,10,0.617,0.032,0.001,0.493,0.518,0.576,449.179
371,COMPLETE,1.654,8,150.000,0.6,4,,0.320,750.0,4750.000,2.0,1.000000e-05,0.070,0.300,1,10,0,0.654,0.177,2.019,0.556,0.464,0.533,884.005
372,COMPLETE,-9.481,2,150.000,0.6,6,,0.540,750.0,5500.000,2.0,3.750000e-05,0.140,0.900,0,10,10,0.519,0.010,0.003,0.601,0.307,0.554,305.836
373,COMPLETE,1.280,1,315.000,0.6,10,,0.300,750.0,3750.000,2.0,2.250000e-05,0.100,0.400,1,10,0,0.280,0.091,0.476,0.234,0.219,0.665,462.045
374,COMPLETE,0.194,3,360.000,0.6,11,,0.240,750.0,6500.000,2.0,5.000000e-05,0.120,0.200,0,10,0,0.194,0.151,0.472,0.163,0.172,0.586,658.515
375,COMPLETE,-4.908,8,105.000,0.6,10,,0.180,750.0,6750.000,2.0,4.000000e-05,0.050,0.000,0,10,5,0.092,0.068,0.030,0.088,0.130,0.599,689.833
376,COMPLETE,-8.412,6,75.000,0.6,10,,0.120,750.0,6000.000,2.0,5.750000e-05,0.080,0.200,0,10,9,0.588,0.035,0.001,0.527,0.427,0.550,527.756
377,COMPLETE,-9.358,5,60.000,0.6,3,,0.240,750.0,4250.000,2.0,4.750000e-05,0.080,0.800,0,10,10,0.642,0.025,0.001,0.574,0.433,0.432,416.909
378,COMPLETE,-0.820,1,315.000,0.6,11,,0.240,750.0,5750.000,2.0,1.000000e-05,0.070,0.700,0,10,1,0.180,0.072,0.430,0.144,0.177,0.626,413.765
379,COMPLETE,0.236,5,315.000,0.6,5,,0.520,750.0,4000.000,2.0,1.750000e-05,0.040,0.100,0,10,0,0.236,0.297,3.700,0.510,0.129,0.633,906.055
380,COMPLETE,0.198,7,330.000,0.6,4,,0.520,750.0,7500.000,2.0,5.250000e-05,0.060,0.800,0,10,0,0.198,0.285,1.665,0.198,0.151,0.615,1076.764
381,COMPLETE,-9.400,5,105.000,0.6,12,,0.340,750.0,5250.000,2.0,5.250000e-05,0.140,1.000,0,10,10,0.600,0.029,0.001,0.484,0.473,0.472,461.029
382,COMPLETE,0.284,8,330.000,0.6,6,,0.440,750.0,7250.000,2.0,2.750000e-05,0.070,0.500,0,10,0,0.284,0.342,3.077,0.258,0.197,0.565,1213.555
383,COMPLETE,-6.306,1,195.000,0.6,10,,0.360,750.0,7250.000,2.0,3.750000e-05,0.090,0.300,3,10,10,0.694,0.004,0.003,0.681,0.525,0.485,281.564
384,COMPLETE,-9.852,1,210.000,0.6,7,,0.460,750.0,3000.000,2.0,2.750000e-05,0.080,0.200,0,10,10,0.148,0.065,0.176,0.118,0.166,0.630,445.652
385,COMPLETE,-9.613,2,105.000,0.6,3,,0.140,750.0,5250.000,2.0,5.750000e-05,0.040,1.000,0,10,10,0.387,0.012,0.001,0.366,0.314,0.618,337.736
386,COMPLETE,3.915,8,240.000,0.6,9,,0.280,750.0,6500.000,2.0,3.000000e-05,0.140,1.000,3,10,0,0.915,0.241,1.956,0.745,0.707,0.517,1109.486
387,COMPLETE,0.815,7,120.000,0.6,3,,0.260,750.0,3750.000,2.0,1.000000e-05,0.140,0.200,0,10,0,0.815,0.118,1.301,0.656,0.544,0.469,674.758
388,COMPLETE,-9.858,2,105.000,0.6,3,,0.400,750.0,3750.000,2.0,1.500000e-05,0.060,0.300,0,10,10,0.142,0.041,0.090,0.117,0.187,0.729,380.959
389,COMPLETE,0.197,7,165.000,0.6,6,,0.400,750.0,5750.000,2.0,3.750000e-05,0.050,1.000,0,10,0,0.197,0.174,0.669,0.170,0.197,0.659,907.938
390,COMPLETE,4.549,7,285.000,0.6,7,,0.380,750.0,6500.000,2.0,3.750000e-05,0.080,1.000,4,10,0,0.549,0.288,2.189,0.473,0.486,0.513,1144.180
391,COMPLETE,-6.854,7,75.000,0.6,8,,0.520,750.0,7500.000,2.0,1.750000e-05,0.070,0.000,0,10,7,0.146,0.039,0.029,0.126,0.141,0.597,552.678
392,COMPLETE,0.362,2,360.000,0.6,11,,0.540,750.0,4500.000,2.0,2.000000e-05,0.090,0.100,0,10,0,0.362,0.166,1.498,0.307,0.278,0.559,671.927
393,COMPLETE,0.198,4,330.000,0.6,3,,0.220,750.0,6000.000,2.0,3.500000e-05,0.100,0.200,0,10,0,0.198,0.223,1.345,0.158,0.217,0.662,900.241
394,COMPLETE,0.204,4,240.000,0.6,5,,0.240,750.0,5750.000,2.0,3.500000e-05,0.120,1.000,0,10,0,0.204,0.158,0.644,0.163,0.258,0.653,773.882
395,COMPLETE,0.284,1,315.000,0.6,11,,0.260,750.0,3750.000,2.0,2.250000e-05,0.140,0.100,0,10,0,0.284,0.082,0.383,0.227,0.287,0.588,487.048
396,COMPLETE,0.160,7,135.000,0.6,7,,0.320,750.0,7250.000,2.0,3.000000e-05,0.060,0.800,0,10,0,0.160,0.092,0.187,0.128,0.163,0.714,741.180
397,COMPLETE,1.314,8,75.000,0.6,7,,0.520,750.0,3000.000,2.0,3.250000e-05,0.040,0.500,1,10,0,0.314,0.112,0.614,0.298,0.208,0.716,748.359
398,COMPLETE,2.631,5,240.000,0.6,10,,0.280,750.0,4750.000,2.0,1.000000e-05,0.100,0.800,2,10,0,0.631,0.206,2.365,0.509,0.502,0.599,913.910
399,COMPLETE,0.164,3,240.000,0.6,5,,0.540,750.0,4500.000,2.0,4.500000e-05,0.060,0.100,0,10,0,0.164,0.157,0.524,0.133,0.174,0.690,713.868
400,COMPLETE,-0.863,1,315.000,0.6,10,,0.140,750.0,3500.000,2.0,2.750000e-05,0.050,0.200,0,10,1,0.137,0.104,0.487,0.110,0.163,0.637,489.843
401,COMPLETE,-9.405,1,135.000,0.6,12,,0.140,750.0,5500.000,2.0,4.250000e-05,0.140,0.000,0,10,10,0.595,0.009,0.001,0.536,0.346,0.481,284.441
402,COMPLETE,-8.623,3,60.000,0.6,8,,0.460,750.0,4750.000,2.0,1.000000e-05,0.140,0.500,1,10,10,0.377,0.021,0.017,0.316,0.315,0.656,400.778
403,COMPLETE,0.236,2,345.000,0.6,10,,0.480,750.0,3750.000,2.0,3.250000e-05,0.080,0.700,0,10,0,0.236,0.185,1.402,0.210,0.164,0.599,712.068
404,COMPLETE,0.208,4,360.000,0.6,7,,0.260,750.0,3750.000,2.0,5.250000e-05,0.050,0.300,0,10,0,0.208,0.337,2.756,0.169,0.167,0.596,1025.929
405,COMPLETE,-9.572,4,135.000,0.6,7,,0.280,750.0,5750.000,2.0,5.000000e-05,0.140,0.100,0,10,10,0.428,0.019,0.002,0.418,0.421,0.598,410.681
406,COMPLETE,-9.516,4,105.000,0.6,10,,0.600,750.0,5750.000,2.0,3.750000e-05,0.100,0.000,0,10,10,0.484,0.025,0.001,0.407,0.394,0.486,408.741
407,COMPLETE,0.178,5,270.000,0.6,10,,0.540,750.0,6000.000,2.0,5.750000e-05,0.120,0.500,0,10,0,0.178,0.184,0.582,0.142,0.197,0.659,818.900
408,COMPLETE,-7.682,5,165.000,0.6,6,,0.140,750.0,6750.000,2.0,4.750000e-05,0.100,0.000,2,10,10,0.318,0.061,0.027,0.266,0.275,0.674,526.555
409,COMPLETE,1.384,5,135.000,0.6,5,,0.600,750.0,4000.000,2.0,1.750000e-05,0.060,0.300,1,10,0,0.384,0.125,1.087,0.337,0.269,0.657,702.920
410,COMPLETE,-9.496,2,165.000,0.6,11,,0.480,750.0,6000.000,2.0,5.750000e-05,0.070,0.300,0,10,10,0.504,0.004,0.004,0.550,0.324,0.334,305.023
411,COMPLETE,5.715,3,120.000,0.6,7,,0.300,750.0,3250.000,2.0,1.750000e-05,0.120,0.900,5,10,0,0.715,0.074,0.489,0.583,0.570,0.616,556.652
412,COMPLETE,1.650,7,225.000,0.6,3,,0.140,750.0,6750.000,2.0,1.000000e-05,0.130,0.700,1,10,0,0.650,0.192,1.930,0.542,0.506,0.610,907.417
413,COMPLETE,-8.763,4,75.000,0.6,3,,0.520,750.0,3750.000,2.0,2.250000e-05,0.130,0.400,1,10,10,0.237,0.042,0.023,0.199,0.277,0.755,415.334
414,COMPLETE,-7.500,4,105.000,0.6,10,,0.260,750.0,6750.000,2.0,4.000000e-05,0.090,0.600,2,10,10,0.500,0.017,0.001,0.486,0.462,0.419,408.767
415,COMPLETE,-6.581,7,60.000,0.6,6,,0.240,750.0,7250.000,2.0,1.250000e-05,0.100,0.400,3,10,10,0.419,0.028,0.026,0.355,0.385,0.732,506.281
416,COMPLETE,-2.155,3,270.000,0.6,3,,0.540,750.0,6750.000,2.0,5.250000e-05,0.120,0.800,7,10,10,0.845,0.055,0.092,0.743,0.701,0.583,432.333
417,COMPLETE,-9.371,4,90.000,0.6,9,,0.340,750.0,5250.000,2.0,4.500000e-05,0.100,0.700,0,10,10,0.629,0.026,0.001,0.511,0.495,0.414,430.943
418,COMPLETE,6.987,7,300.000,0.6,5,,0.600,750.0,4000.000,2.0,2.000000e-05,0.120,0.500,6,10,0,0.987,0.337,5.150,0.820,0.701,0.517,1173.640
419,COMPLETE,8.999,5,180.000,0.6,2,,0.560,750.0,5500.000,2.0,1.250000e-05,0.110,0.500,8,10,0,0.999,0.129,1.504,0.844,0.772,0.644,712.284
420,COMPLETE,-9.856,6,150.000,0.6,7,,0.500,750.0,6000.000,2.0,6.000000e-05,0.040,0.600,0,10,10,0.144,0.005,0.007,0.362,0.189,0.587,431.437
421,COMPLETE,-9.592,4,120.000,0.6,2,,0.280,750.0,7500.000,2.0,4.500000e-05,0.070,0.600,0,10,10,0.408,0.013,0.001,0.486,0.305,0.518,388.122
422,COMPLETE,-7.672,3,165.000,0.6,8,,0.480,750.0,5750.000,2.0,3.000000e-05,0.120,0.700,2,10,10,0.328,0.061,0.065,0.276,0.320,0.664,465.705
423,COMPLETE,3.592,5,285.000,0.6,5,,0.240,750.0,4750.000,2.0,2.750000e-05,0.100,1.000,3,10,0,0.592,0.257,2.376,0.493,0.475,0.597,951.960
424,COMPLETE,-9.443,7,60.000,0.6,3,,0.380,750.0,7250.000,2.0,4.250000e-05,0.110,0.900,0,10,10,0.557,0.028,0.001,0.451,0.471,0.498,495.048
425,COMPLETE,1.964,8,360.000,0.6,6,,0.380,750.0,6500.000,2.0,2.500000e-05,0.130,0.900,1,10,0,0.964,0.350,4.108,0.772,0.699,0.503,1223.500
426,COMPLETE,0.229,5,180.000,0.6,9,,0.560,750.0,6500.000,2.0,1.500000e-05,0.040,0.500,0,10,0,0.229,0.144,1.089,0.216,0.135,0.737,724.914
427,COMPLETE,-9.830,3,150.000,0.6,10,,0.440,750.0,7000.000,2.0,2.250000e-05,0.080,0.300,0,10,10,0.170,0.039,0.043,0.141,0.164,0.567,425.122
428,COMPLETE,9.961,8,210.000,0.6,3,,0.480,750.0,5500.000,2.0,2.000000e-05,0.080,0.300,9,10,0,0.961,0.238,2.850,0.818,0.757,0.514,1007.892
429,COMPLETE,1.510,8,240.000,0.6,12,,0.160,750.0,6500.000,2.0,1.000000e-05,0.120,0.200,1,10,0,0.510,0.242,2.549,0.409,0.415,0.450,1035.756
430,COMPLETE,-9.597,1,165.000,0.6,10,,0.520,750.0,6750.000,2.0,2.500000e-05,0.080,1.000,0,10,10,0.403,0.003,0.002,0.404,0.490,0.675,246.170
431,COMPLETE,-9.389,4,75.000,0.6,9,,0.120,750.0,7500.000,2.0,5.750000e-05,0.110,0.100,0,10,10,0.611,0.021,0.001,0.531,0.440,0.526,398.118
432,COMPLETE,0.235,4,360.000,0.6,5,,0.360,750.0,4750.000,2.0,4.000000e-05,0.060,0.200,0,10,0,0.235,0.299,2.392,0.208,0.174,0.638,978.608
433,COMPLETE,-9.356,2,60.000,0.6,8,,0.280,750.0,4000.000,2.0,4.750000e-05,0.100,0.900,0,10,10,0.644,0.009,0.001,0.515,0.463,0.448,307.651
434,COMPLETE,0.604,8,285.000,0.6,8,,0.180,750.0,5500.000,2.0,1.000000e-05,0.110,0.000,0,10,0,0.604,0.304,3.489,0.494,0.424,0.491,1169.478
435,COMPLETE,0.191,7,180.000,0.6,5,,0.180,750.0,6000.000,2.0,2.500000e-05,0.060,0.900,0,10,0,0.191,0.194,1.241,0.153,0.191,0.597,913.274
436,COMPLETE,-9.511,2,75.000,0.6,8,,0.580,750.0,6250.000,2.0,5.500000e-05,0.070,0.600,0,10,10,0.489,0.011,0.001,0.405,0.375,0.525,319.207
437,COMPLETE,-8.591,2,240.000,0.6,6,,0.300,750.0,7500.000,2.0,6.000000e-05,0.130,0.400,1,10,10,0.409,0.009,0.013,0.478,0.428,0.479,257.161
438,COMPLETE,0.205,2,345.000,0.6,8,,0.260,750.0,3250.000,2.0,6.000000e-05,0.100,0.700,0,10,0,0.205,0.200,1.030,0.169,0.177,0.642,750.227
439,COMPLETE,-1.834,6,195.000,0.6,8,,0.580,750.0,5750.000,2.0,5.750000e-05,0.060,0.400,0,10,2,0.166,0.146,0.338,0.145,0.167,0.715,774.233
440,COMPLETE,9.980,8,180.000,0.6,8,,0.520,750.0,3000.000,2.0,1.500000e-05,0.080,0.200,9,10,0,0.980,0.258,3.875,0.839,0.676,0.495,1033.787
441,COMPLETE,8.981,6,360.000,0.6,6,,0.520,750.0,5000.000,2.0,2.000000e-05,0.120,0.300,8,10,0,0.981,0.328,4.606,0.813,0.751,0.508,1091.430
442,COMPLETE,-9.442,4,105.000,0.6,9,,0.560,750.0,6750.000,2.0,3.500000e-05,0.140,0.600,0,10,10,0.558,0.022,0.001,0.507,0.418,0.488,425.266
443,COMPLETE,-8.715,4,90.000,0.6,10,,0.320,750.0,5750.000,2.0,3.000000e-05,0.090,0.300,1,10,10,0.285,0.024,0.002,0.250,0.281,0.583,425.168
444,COMPLETE,0.296,8,315.000,0.6,10,,0.160,750.0,3000.000,2.0,4.000000e-05,0.060,0.900,0,10,0,0.296,0.485,5.106,0.237,0.307,0.582,1382.052
445,COMPLETE,-8.434,3,225.000,0.6,5,,0.520,750.0,7500.000,2.0,6.000000e-05,0.130,0.900,1,10,10,0.566,0.013,0.019,0.512,0.583,0.600,337.378
446,COMPLETE,-9.736,2,195.000,0.6,6,,0.200,750.0,5250.000,2.0,4.250000e-05,0.090,0.400,0,10,10,0.264,0.011,0.015,0.452,0.270,0.504,319.356
447,COMPLETE,0.341,4,330.000,0.6,5,,0.460,750.0,5000.000,2.0,3.000000e-05,0.090,0.200,0,10,0,0.341,0.244,2.097,0.295,0.229,0.630,920.561
448,COMPLETE,2.621,4,225.000,0.6,7,,0.300,750.0,7500.000,2.0,1.000000e-05,0.130,0.800,2,10,0,0.621,0.123,1.027,0.506,0.489,0.628,672.288
449,COMPLETE,-4.824,1,300.000,0.6,6,,0.220,750.0,4250.000,2.0,2.250000e-05,0.080,0.900,0,10,5,0.176,0.080,0.293,0.141,0.207,0.674,448.270
450,COMPLETE,-2.842,2,360.000,0.6,3,,0.300,750.0,7000.000,2.0,3.250000e-05,0.050,0.500,0,10,3,0.158,0.097,0.364,0.126,0.190,0.742,496.787
451,COMPLETE,0.174,4,255.000,0.6,9,,0.300,750.0,5500.000,2.0,4.000000e-05,0.100,0.200,0,10,0,0.174,0.176,0.717,0.140,0.186,0.636,808.356
452,COMPLETE,0.166,8,90.000,0.6,12,,0.260,750.0,4500.000,2.0,3.500000e-05,0.070,0.200,0,10,0,0.166,0.114,0.229,0.133,0.182,0.681,817.533
453,COMPLETE,-9.371,2,60.000,0.6,2,,0.460,750.0,5500.000,2.0,2.250000e-05,0.120,0.700,0,10,10,0.629,0.009,0.001,0.579,0.444,0.471,268.329
454,COMPLETE,0.225,6,120.000,0.6,5,,0.580,750.0,4500.000,2.0,4.000000e-05,0.140,0.700,0,10,0,0.225,0.108,0.153,0.180,0.230,0.698,694.199
455,COMPLETE,-9.729,3,120.000,0.6,8,,0.380,750.0,5000.000,2.0,5.750000e-05,0.050,0.500,0,10,10,0.271,0.009,0.002,0.363,0.178,0.627,354.012
456,COMPLETE,2.809,7,315.000,0.6,3,,0.140,750.0,6250.000,2.0,1.750000e-05,0.120,1.000,2,10,0,0.809,0.297,3.052,0.661,0.634,0.535,1104.325
457,COMPLETE,8.998,6,180.000,0.6,11,,0.480,750.0,3750.000,2.0,1.000000e-05,0.090,0.600,8,10,0,0.998,0.196,2.825,0.841,0.786,0.586,898.222
458,COMPLETE,-8.791,3,270.000,0.6,8,,0.300,750.0,5000.000,2.0,5.750000e-05,0.040,0.400,0,10,9,0.209,0.088,0.217,0.197,0.174,0.695,461.898
459,COMPLETE,-8.796,1,120.000,0.6,4,,0.120,750.0,7500.000,2.0,1.000000e-05,0.060,0.700,1,10,10,0.204,0.004,0.004,0.169,0.398,0.513,246.917
460,COMPLETE,-7.463,1,300.000,0.6,11,,0.360,750.0,7000.000,2.0,6.000000e-05,0.060,0.400,2,10,10,0.537,0.006,0.025,0.621,0.412,0.531,239.239
461,COMPLETE,-8.716,3,135.000,0.6,6,,0.260,750.0,6250.000,2.0,4.000000e-05,0.040,0.000,1,10,10,0.284,0.002,0.002,0.298,0.203,0.859,335.842
462,COMPLETE,0.183,7,90.000,0.6,12,,0.460,750.0,6750.000,2.0,1.500000e-05,0.080,0.500,0,10,0,0.183,0.076,0.241,0.147,0.163,0.633,672.900
463,COMPLETE,0.172,5,240.000,0.6,12,,0.260,750.0,6750.000,2.0,3.500000e-05,0.080,0.200,0,10,0,0.172,0.162,0.666,0.137,0.209,0.621,814.985
464,COMPLETE,-9.676,1,360.000,0.6,12,,0.140,750.0,7000.000,2.0,3.000000e-05,0.120,0.500,0,10,10,0.324,0.018,0.056,0.287,0.255,0.581,275.735
465,COMPLETE,0.161,7,285.000,0.6,9,,0.120,750.0,6750.000,2.0,1.500000e-05,0.060,0.300,0,10,0,0.161,0.291,2.786,0.145,0.186,0.581,1048.036
466,COMPLETE,0.241,6,75.000,0.6,8,,0.400,750.0,3500.000,2.0,2.750000e-05,0.140,0.100,0,10,0,0.241,0.073,0.165,0.203,0.210,0.677,630.805
467,COMPLETE,0.175,3,315.000,0.6,6,,0.160,750.0,5000.000,2.0,4.500000e-05,0.080,0.900,0,10,0,0.175,0.193,0.841,0.140,0.212,0.577,768.953
468,COMPLETE,6.906,7,330.000,0.6,3,,0.460,750.0,3000.000,2.0,3.500000e-05,0.110,0.200,6,10,0,0.906,0.423,5.867,0.805,0.624,0.583,1248.693
469,COMPLETE,2.410,4,345.000,0.6,3,,0.420,750.0,7500.000,2.0,1.750000e-05,0.100,0.700,2,10,0,0.410,0.208,1.796,0.340,0.343,0.636,828.009
470,COMPLETE,0.166,3,330.000,0.6,11,,0.280,750.0,7000.000,2.0,4.000000e-05,0.040,0.500,0,10,0,0.166,0.136,0.533,0.133,0.151,0.753,581.725
471,COMPLETE,3.462,7,330.000,0.6,11,,0.120,750.0,5750.000,2.0,2.750000e-05,0.090,0.900,3,10,0,0.462,0.349,3.275,0.387,0.369,0.591,1184.708
472,COMPLETE,-9.581,6,120.000,0.6,3,,0.420,750.0,5250.000,2.0,6.000000e-05,0.100,0.700,0,10,10,0.419,0.020,0.001,0.445,0.426,0.497,452.579
473,COMPLETE,6.715,3,210.000,0.6,4,,0.400,750.0,3500.000,2.0,1.000000e-05,0.080,0.800,6,10,0,0.715,0.147,1.794,0.613,0.566,0.576,638.891
474,COMPLETE,1.401,3,180.000,0.6,9,,0.520,750.0,4500.000,2.0,1.250000e-05,0.100,0.100,1,10,0,0.401,0.099,0.865,0.339,0.311,0.610,603.491
475,COMPLETE,-1.845,8,150.000,0.6,4,,0.540,750.0,6250.000,2.0,5.000000e-05,0.090,0.700,0,10,2,0.155,0.116,0.166,0.140,0.156,0.676,807.990
476,COMPLETE,3.482,7,270.000,0.6,5,,0.240,750.0,3250.000,2.0,1.750000e-05,0.060,0.800,3,10,0,0.482,0.381,4.470,0.413,0.358,0.611,1186.132
477,COMPLETE,-9.658,4,75.000,0.6,5,,0.380,750.0,7000.000,2.0,3.250000e-05,0.050,0.000,0,10,10,0.342,0.018,0.001,0.297,0.299,0.522,384.694
478,COMPLETE,-9.396,3,60.000,0.6,3,,0.100,750.0,7000.000,2.0,3.250000e-05,0.080,0.700,0,10,10,0.604,0.013,0.001,0.560,0.383,0.456,300.591
479,COMPLETE,-9.419,7,60.000,0.6,2,,0.260,750.0,5250.000,2.0,2.500000e-05,0.140,0.200,0,10,10,0.581,0.026,0.002,0.496,0.392,0.522,439.457
480,COMPLETE,0.196,3,300.000,0.6,5,,0.520,750.0,6250.000,2.0,3.500000e-05,0.110,0.200,0,10,0,0.196,0.142,0.549,0.157,0.205,0.620,660.209
481,COMPLETE,0.151,4,150.000,0.6,9,,0.420,750.0,3500.000,2.0,5.000000e-05,0.130,0.000,0,10,0,0.151,0.123,0.247,0.121,0.261,0.655,668.948
482,COMPLETE,-8.501,1,105.000,0.6,3,,0.520,750.0,3250.000,2.0,5.000000e-05,0.080,0.700,1,10,10,0.499,0.008,0.001,0.434,0.431,0.477,247.516
483,COMPLETE,-9.472,1,75.000,0.6,3,,0.380,750.0,4750.000,2.0,3.750000e-05,0.130,0.500,0,10,10,0.528,0.006,0.001,0.434,0.405,0.508,240.568
484,COMPLETE,-1.856,1,300.000,0.6,9,,0.120,750.0,5500.000,2.0,1.250000e-05,0.050,0.700,0,10,2,0.144,0.072,0.352,0.120,0.154,0.706,395.867
485,COMPLETE,-8.671,2,150.000,0.6,2,,0.420,750.0,6750.000,2.0,2.000000e-05,0.140,0.300,1,10,10,0.329,0.015,0.006,0.389,0.251,0.581,305.897
486,COMPLETE,-9.482,1,75.000,0.6,12,,0.260,750.0,4250.000,2.0,3.750000e-05,0.070,0.800,0,10,10,0.518,0.006,0.001,0.448,0.472,0.545,246.385
487,COMPLETE,3.830,4,360.000,0.6,3,,0.280,750.0,4000.000,2.0,3.750000e-05,0.140,0.800,3,10,0,0.830,0.277,2.720,0.674,0.638,0.572,944.749
488,COMPLETE,1.424,4,210.000,0.6,7,,0.160,750.0,4500.000,2.0,1.500000e-05,0.120,0.300,1,10,0,0.424,0.150,1.339,0.345,0.339,0.629,739.588
489,COMPLETE,-9.356,4,90.000,0.6,7,,0.400,750.0,5000.000,2.0,5.500000e-05,0.120,0.200,0,10,10,0.644,0.025,0.001,0.532,0.464,0.510,397.353
490,COMPLETE,-1.833,6,150.000,0.6,7,,0.560,750.0,7250.000,2.0,3.250000e-05,0.100,0.800,0,10,2,0.167,0.085,0.140,0.134,0.159,0.708,653.799
491,COMPLETE,8.995,8,135.000,0.6,9,,0.520,750.0,5000.000,2.0,2.500000e-05,0.140,0.200,8,10,0,0.995,0.151,1.270,0.824,0.797,0.522,849.407
492,COMPLETE,-9.444,1,105.000,0.6,10,,0.520,750.0,7500.000,2.0,5.750000e-05,0.090,0.100,0,10,10,0.556,0.007,0.001,0.494,0.410,0.527,251.250
493,COMPLETE,2.410,5,315.000,0.6,7,,0.460,750.0,5750.000,2.0,2.500000e-05,0.080,0.100,2,10,0,0.410,0.267,2.514,0.349,0.316,0.647,954.702
494,COMPLETE,1.257,5,105.000,0.6,3,,0.580,750.0,5000.000,2.0,2.000000e-05,0.040,0.300,1,10,0,0.257,0.078,0.233,0.260,0.198,0.750,521.567
495,COMPLETE,-9.601,2,105.000,0.6,7,,0.220,750.0,6500.000,2.0,3.500000e-05,0.040,0.300,0,10,10,0.399,0.008,0.001,0.358,0.286,0.667,285.100
496,COMPLETE,6.858,5,285.000,0.6,6,,0.540,750.0,4500.000,2.0,4.500000e-05,0.140,0.100,6,10,0,0.858,0.239,2.057,0.703,0.698,0.591,944.499
497,COMPLETE,-9.754,2,150.000,0.6,3,,0.100,750.0,3000.000,2.0,6.000000e-05,0.060,0.400,0,10,10,0.246,0.008,0.006,0.293,0.229,0.487,260.460
498,COMPLETE,-0.860,6,180.000,0.6,9,,0.200,750.0,6750.000,2.0,4.250000e-05,0.050,0.200,0,10,1,0.140,0.114,0.279,0.112,0.178,0.647,700.058
499,COMPLETE,0.237,6,270.000,0.6,6,,0.260,750.0,3500.000,2.0,4.000000e-05,0.050,0.300,0,10,0,0.237,0.342,3.199,0.196,0.183,0.707,1048.957
500,COMPLETE,-6.834,3,315.000,0.6,12,,0.220,750.0,6750.000,2.0,5.500000e-05,0.100,0.800,0,10,7,0.166,0.094,0.184,0.137,0.161,0.634,495.631
501,COMPLETE,1.345,7,300.000,0.6,5,,0.360,750.0,4750.000,2.0,3.000000e-05,0.050,0.900,1,10,0,0.345,0.357,3.685,0.391,0.231,0.653,1099.196
502,COMPLETE,0.225,6,225.000,0.6,10,,0.100,750.0,5000.000,2.0,4.750000e-05,0.140,0.900,0,10,0,0.225,0.217,1.067,0.180,0.202,0.588,946.262
503,COMPLETE,-8.771,1,285.000,0.6,8,,0.420,750.0,6000.000,2.0,1.250000e-05,0.140,0.500,0,10,9,0.229,0.052,0.189,0.189,0.194,0.636,366.216
504,COMPLETE,-1.790,7,210.000,0.6,5,,0.580,750.0,7250.000,2.0,6.000000e-05,0.130,0.000,0,10,2,0.210,0.123,0.185,0.174,0.202,0.677,748.769
505,COMPLETE,-8.650,6,60.000,0.6,7,,0.580,750.0,5500.000,2.0,2.000000e-05,0.140,0.600,1,10,10,0.350,0.024,0.005,0.351,0.292,0.616,460.207
506,COMPLETE,-9.836,1,240.000,0.6,11,,0.200,750.0,4000.000,2.0,3.000000e-05,0.050,0.100,0,10,10,0.164,0.042,0.069,0.213,0.175,0.563,251.932
507,COMPLETE,-9.884,2,135.000,0.6,5,,0.140,750.0,4000.000,2.0,2.750000e-05,0.070,1.000,0,10,10,0.116,0.048,0.036,0.100,0.276,0.638,382.246
508,COMPLETE,8.875,5,345.000,0.6,5,,0.560,750.0,5500.000,2.0,1.500000e-05,0.070,0.600,8,10,0,0.875,0.291,4.125,0.785,0.723,0.604,949.166
509,COMPLETE,0.173,5,315.000,0.6,2,,0.200,750.0,6000.000,2.0,5.750000e-05,0.100,0.600,0,10,0,0.173,0.226,0.878,0.139,0.224,0.596,887.128
510,COMPLETE,2.460,6,255.000,0.6,2,,0.180,750.0,3500.000,2.0,3.000000e-05,0.100,0.700,2,10,0,0.460,0.291,2.893,0.383,0.359,0.546,984.077
511,COMPLETE,9.929,4,270.000,0.6,3,,0.540,750.0,5500.000,2.0,1.250000e-05,0.100,0.400,9,10,0,0.929,0.179,2.321,0.798,0.714,0.634,740.617
512,COMPLETE,2.437,2,360.000,0.6,12,,0.520,750.0,4250.000,2.0,2.250000e-05,0.090,0.600,2,10,0,0.437,0.176,1.648,0.396,0.298,0.586,642.893
513,COMPLETE,-9.585,2,60.000,0.6,12,,0.440,750.0,3750.000,2.0,5.500000e-05,0.060,0.600,0,10,10,0.415,0.010,0.001,0.393,0.303,0.608,263.605
514,COMPLETE,-9.676,1,180.000,0.6,8,,0.180,750.0,3000.000,2.0,5.500000e-05,0.040,0.800,0,10,10,0.324,0.002,0.006,0.336,0.349,0.605,193.747
515,COMPLETE,-7.698,4,165.000,0.6,11,,0.460,750.0,4750.000,2.0,5.250000e-05,0.140,0.100,1,10,9,0.302,0.081,0.043,0.249,0.286,0.594,502.191
516,COMPLETE,1.327,7,195.000,0.6,8,,0.260,750.0,3750.000,2.0,4.500000e-05,0.100,0.200,1,10,0,0.327,0.250,1.885,0.267,0.286,0.618,1002.138
517,COMPLETE,-9.664,1,105.000,0.6,3,,0.580,750.0,7250.000,2.0,3.750000e-05,0.050,0.100,0,10,10,0.336,0.005,0.001,0.350,0.256,0.603,217.607
518,COMPLETE,0.155,5,195.000,0.6,11,,0.500,750.0,7500.000,2.0,2.750000e-05,0.100,0.800,0,10,0,0.155,0.111,0.334,0.126,0.231,0.656,654.514
519,COMPLETE,-9.407,1,105.000,0.6,12,,0.220,750.0,7500.000,2.0,4.750000e-05,0.110,0.200,0,10,10,0.593,0.007,0.001,0.481,0.418,0.520,223.428
520,COMPLETE,-7.885,5,120.000,0.6,6,,0.320,750.0,6250.000,2.0,2.750000e-05,0.040,0.400,0,10,8,0.115,0.063,0.088,0.124,0.102,0.755,487.381
521,COMPLETE,-9.620,2,150.000,0.6,2,,0.520,750.0,5750.000,2.0,4.000000e-05,0.090,0.100,0,10,10,0.380,0.006,0.002,0.411,0.261,0.477,238.355
522,COMPLETE,0.158,6,225.000,0.6,5,,0.140,750.0,4250.000,2.0,5.500000e-05,0.050,0.800,0,10,0,0.158,0.264,1.529,0.136,0.153,0.630,955.061
523,COMPLETE,1.289,7,105.000,0.6,8,,0.240,750.0,7000.000,2.0,1.250000e-05,0.100,0.300,1,10,0,0.289,0.091,0.455,0.233,0.295,0.604,675.378
524,COMPLETE,0.186,8,120.000,0.6,11,,0.460,750.0,6250.000,2.0,3.750000e-05,0.120,0.500,0,10,0,0.186,0.096,0.131,0.151,0.198,0.606,740.651
525,COMPLETE,0.213,7,210.000,0.6,3,,0.120,750.0,3750.000,2.0,1.750000e-05,0.080,0.500,0,10,0,0.213,0.266,2.706,0.170,0.241,0.600,967.581
526,COMPLETE,-9.819,6,60.000,0.6,8,,0.440,750.0,3500.000,2.0,4.000000e-05,0.060,1.000,0,10,10,0.181,0.046,0.002,0.152,0.280,0.673,446.122
527,COMPLETE,0.226,4,225.000,0.6,6,,0.340,750.0,7000.000,2.0,2.250000e-05,0.130,1.000,0,10,0,0.226,0.129,0.542,0.181,0.249,0.628,654.595
528,COMPLETE,0.210,5,300.000,0.6,5,,0.300,750.0,4250.000,2.0,5.500000e-05,0.040,0.400,0,10,0,0.210,0.311,2.212,0.169,0.164,0.662,935.470
529,COMPLETE,9.998,7,315.000,0.6,12,,0.600,750.0,4750.000,2.0,1.000000e-05,0.090,0.400,9,10,0,0.998,0.346,5.642,0.841,0.746,0.544,1088.453
530,COMPLETE,2.580,8,345.000,0.6,5,,0.320,750.0,6250.000,2.0,1.250000e-05,0.060,0.300,2,10,0,0.580,0.368,4.517,0.582,0.409,0.617,1139.322
531,COMPLETE,0.216,6,120.000,0.6,10,,0.600,750.0,7250.000,2.0,1.750000e-05,0.100,0.400,0,10,0,0.216,0.079,0.260,0.173,0.168,0.689,631.673
532,COMPLETE,0.200,6,255.000,0.6,8,,0.140,750.0,5000.000,2.0,6.000000e-05,0.110,0.600,0,10,0,0.200,0.250,1.161,0.160,0.188,0.609,991.624
533,COMPLETE,-8.687,3,150.000,0.6,10,,0.460,750.0,4250.000,2.0,5.250000e-05,0.100,0.000,1,10,10,0.313,0.041,0.010,0.324,0.346,0.506,340.386
534,COMPLETE,1.354,5,210.000,0.6,5,,0.600,750.0,6250.000,2.0,1.500000e-05,0.070,0.100,1,10,0,0.354,0.165,1.475,0.304,0.258,0.667,762.467
535,COMPLETE,0.202,6,330.000,0.6,3,,0.520,750.0,7500.000,2.0,4.250000e-05,0.060,0.500,0,10,0,0.202,0.259,1.569,0.162,0.171,0.629,936.958
536,COMPLETE,0.261,7,135.000,0.6,12,,0.440,750.0,6250.000,2.0,2.000000e-05,0.100,0.400,0,10,0,0.261,0.130,0.693,0.216,0.191,0.656,774.524
537,COMPLETE,-9.683,1,270.000,0.6,5,,0.180,750.0,4500.000,2.0,4.750000e-05,0.140,0.000,0,10,10,0.317,0.010,0.025,0.433,0.271,0.599,197.510
538,COMPLETE,-9.395,2,75.000,0.6,2,,0.280,750.0,6500.000,2.0,4.750000e-05,0.120,0.200,0,10,10,0.605,0.010,0.001,0.499,0.440,0.495,246.528
539,COMPLETE,-3.691,3,240.000,0.6,12,,0.440,750.0,4750.000,2.0,5.250000e-05,0.060,0.100,2,10,6,0.309,0.117,0.254,0.268,0.264,0.675,531.441
540,COMPLETE,3.536,4,180.000,0.6,8,,0.540,750.0,5500.000,2.0,2.250000e-05,0.140,0.500,3,10,0,0.536,0.111,0.576,0.455,0.463,0.633,626.252
541,COMPLETE,-9.584,4,120.000,0.6,6,,0.120,750.0,6500.000,2.0,4.000000e-05,0.100,0.200,0,10,10,0.416,0.023,0.002,0.356,0.382,0.417,366.091
542,COMPLETE,0.231,3,315.000,0.6,9,,0.180,750.0,3750.000,2.0,3.500000e-05,0.090,0.400,0,10,0,0.231,0.224,1.764,0.185,0.231,0.604,802.544
543,COMPLETE,2.834,7,255.000,0.6,4,,0.240,750.0,5250.000,2.0,2.250000e-05,0.120,1.000,2,10,0,0.834,0.260,2.647,0.674,0.641,0.556,1009.727
544,COMPLETE,-6.862,6,120.000,0.6,9,,0.380,750.0,7250.000,2.0,3.000000e-05,0.050,0.500,0,10,7,0.138,0.060,0.065,0.127,0.137,0.646,533.567
545,COMPLETE,4.686,8,120.000,0.6,5,,0.600,750.0,4250.000,2.0,2.000000e-05,0.050,0.700,4,10,0,0.686,0.148,1.548,0.723,0.480,0.643,771.883
546,COMPLETE,0.357,4,285.000,0.6,4,,0.260,750.0,3750.000,2.0,3.000000e-05,0.090,0.600,0,10,0,0.357,0.247,2.250,0.295,0.243,0.669,863.608
547,COMPLETE,0.310,5,135.000,0.6,8,,0.360,750.0,4500.000,2.0,2.000000e-05,0.100,0.600,0,10,0,0.310,0.116,0.735,0.251,0.237,0.575,667.045
548,COMPLETE,-9.662,1,285.000,0.6,6,,0.340,750.0,4500.000,2.0,4.750000e-05,0.040,0.600,0,10,10,0.338,0.004,0.034,0.458,0.261,0.642,191.991
549,COMPLETE,0.173,3,315.000,0.6,9,,0.140,750.0,4500.000,2.0,2.500000e-05,0.040,0.900,0,10,0,0.173,0.225,1.856,0.152,0.168,0.578,719.658
550,COMPLETE,-9.833,4,60.000,0.6,9,,0.180,750.0,3250.000,2.0,3.000000e-05,0.050,0.200,0,10,10,0.167,0.031,0.004,0.186,0.187,0.738,368.024
551,COMPLETE,1.382,5,180.000,0.6,2,,0.580,750.0,4000.000,2.0,4.750000e-05,0.140,0.600,1,10,0,0.382,0.160,0.666,0.310,0.303,0.681,710.093
552,COMPLETE,-9.350,1,60.000,0.6,9,,0.120,750.0,6750.000,2.0,2.000000e-05,0.080,1.000,0,10,10,0.650,0.004,0.001,0.574,0.474,0.514,211.514
553,COMPLETE,0.162,3,225.000,0.6,6,,0.180,750.0,3750.000,2.0,4.000000e-05,0.050,0.600,0,10,0,0.162,0.172,0.911,0.132,0.154,0.677,666.110
554,COMPLETE,4.616,8,255.000,0.6,6,,0.560,750.0,3750.000,2.0,4.750000e-05,0.050,0.500,4,10,0,0.616,0.351,3.992,0.670,0.418,0.496,1097.368
555,COMPLETE,-3.819,6,75.000,0.6,10,,0.260,750.0,7250.000,2.0,1.250000e-05,0.090,0.600,0,10,4,0.181,0.040,0.066,0.148,0.225,0.716,509.607
556,COMPLETE,-5.463,7,60.000,0.6,6,,0.500,750.0,5500.000,2.0,4.250000e-05,0.070,0.000,0,10,6,0.537,0.029,0.001,0.509,0.346,0.509,458.638
557,COMPLETE,3.455,3,345.000,0.6,4,,0.460,750.0,6750.000,2.0,3.250000e-05,0.130,0.700,3,10,0,0.455,0.155,0.737,0.380,0.377,0.671,660.823
558,COMPLETE,0.180,4,270.000,0.6,8,,0.280,750.0,4500.000,2.0,3.750000e-05,0.040,0.200,0,10,0,0.180,0.237,1.641,0.144,0.146,0.663,780.954
559,COMPLETE,5.641,6,300.000,0.6,11,,0.540,750.0,7000.000,2.0,1.750000e-05,0.070,0.300,5,10,0,0.641,0.253,2.838,0.575,0.501,0.600,962.337
560,COMPLETE,-9.700,1,240.000,0.6,11,,0.260,750.0,3500.000,2.0,5.250000e-05,0.060,1.000,0,10,10,0.300,0.004,0.021,0.483,0.251,0.434,191.273
561,COMPLETE,1.278,7,60.000,0.6,3,,0.400,750.0,4000.000,2.0,2.250000e-05,0.060,0.900,1,10,0,0.278,0.058,0.069,0.288,0.211,0.796,488.121
562,COMPLETE,0.196,8,315.000,0.6,2,,0.260,750.0,6750.000,2.0,5.500000e-05,0.050,1.000,0,10,0,0.196,0.340,2.081,0.170,0.189,0.652,1108.921
563,COMPLETE,0.203,5,270.000,0.6,11,,0.480,750.0,5250.000,2.0,4.750000e-05,0.070,0.600,0,10,0,0.203,0.251,1.344,0.167,0.175,0.627,915.269
564,COMPLETE,0.222,3,330.000,0.6,11,,0.500,750.0,6250.000,2.0,5.500000e-05,0.140,0.200,0,10,0,0.222,0.109,0.268,0.178,0.188,0.612,545.985
565,COMPLETE,-9.377,2,60.000,0.6,12,,0.460,750.0,5750.000,2.0,5.750000e-05,0.120,0.700,0,10,10,0.623,0.008,0.001,0.560,0.477,0.507,262.500
566,COMPLETE,-9.446,1,75.000,0.6,3,,0.440,750.0,4500.000,2.0,2.500000e-05,0.140,0.600,0,10,10,0.554,0.007,0.001,0.457,0.485,0.461,210.971
567,COMPLETE,0.184,5,285.000,0.6,12,,0.120,750.0,7500.000,2.0,2.500000e-05,0.060,0.600,0,10,0,0.184,0.209,1.317,0.152,0.199,0.601,826.024
568,COMPLETE,8.915,6,210.000,0.6,2,,0.460,750.0,3000.000,2.0,1.500000e-05,0.100,0.400,8,10,0,0.915,0.240,3.387,0.780,0.681,0.587,865.547
569,COMPLETE,-7.386,5,90.000,0.6,3,,0.540,750.0,3750.000,2.0,5.750000e-05,0.100,0.900,1,10,9,0.614,0.023,0.001,0.599,0.425,0.459,385.693
570,COMPLETE,1.306,5,345.000,0.6,10,,0.300,750.0,5500.000,2.0,5.500000e-05,0.120,0.600,1,10,0,0.306,0.280,1.635,0.248,0.277,0.641,988.902
571,COMPLETE,0.186,8,135.000,0.6,2,,0.220,750.0,6000.000,2.0,3.250000e-05,0.100,0.700,0,10,0,0.186,0.126,0.348,0.150,0.169,0.683,732.875
572,COMPLETE,0.173,4,255.000,0.6,7,,0.340,750.0,6250.000,2.0,3.250000e-05,0.090,1.000,0,10,0,0.173,0.167,0.748,0.141,0.218,0.641,723.981
573,COMPLETE,0.153,7,90.000,0.6,2,,0.500,750.0,3750.000,2.0,4.500000e-05,0.040,0.700,0,10,0,0.153,0.083,0.053,0.162,0.099,0.735,539.165
574,COMPLETE,-6.743,7,60.000,0.6,6,,0.380,750.0,6250.000,2.0,1.500000e-05,0.050,0.800,0,10,7,0.257,0.033,0.031,0.220,0.243,0.716,480.329
575,COMPLETE,-8.755,4,225.000,0.6,5,,0.300,750.0,7250.000,2.0,5.000000e-05,0.090,0.200,1,10,10,0.245,0.063,0.064,0.271,0.236,0.582,437.733
576,COMPLETE,0.180,4,360.000,0.6,5,,0.300,750.0,7250.000,2.0,5.000000e-05,0.090,0.200,0,10,0,0.180,0.180,0.721,0.147,0.175,0.629,718.200
577,COMPLETE,0.189,4,360.000,0.6,7,,0.300,750.0,7250.000,2.0,4.500000e-05,0.100,0.200,0,10,0,0.189,0.198,0.831,0.152,0.212,0.629,753.411
578,COMPLETE,1.314,7,360.000,0.6,5,,0.300,750.0,7250.000,2.0,4.500000e-05,0.100,0.200,1,10,0,0.314,0.326,2.177,0.262,0.287,0.595,1111.722
579,COMPLETE,0.192,6,315.000,0.6,5,,0.300,750.0,7250.000,2.0,5.000000e-05,0.100,0.200,0,10,0,0.192,0.235,1.078,0.153,0.213,0.567,933.679
580,COMPLETE,0.226,8,315.000,0.6,5,,0.300,750.0,7250.000,2.0,4.500000e-05,0.100,0.200,0,10,0,0.226,0.312,1.974,0.181,0.203,0.581,1146.338
581,COMPLETE,-6.691,3,270.000,0.6,5,,0.300,750.0,7250.000,2.0,4.500000e-05,0.100,0.200,2,10,9,0.309,0.064,0.091,0.265,0.291,0.576,426.001
582,COMPLETE,0.195,3,360.000,0.6,5,,0.340,750.0,7250.000,2.0,5.000000e-05,0.100,0.200,0,10,0,0.195,0.120,0.340,0.170,0.167,0.726,534.972
583,COMPLETE,0.159,4,360.000,0.6,5,,0.340,750.0,7250.000,2.0,5.000000e-05,0.100,0.100,0,10,0,0.159,0.174,0.677,0.127,0.189,0.667,712.575
584,COMPLETE,0.197,6,270.000,0.6,5,,0.340,750.0,7250.000,2.0,5.250000e-05,0.100,0.200,0,10,0,0.197,0.180,0.597,0.157,0.170,0.670,817.767
585,COMPLETE,0.206,8,330.000,0.6,5,,0.300,750.0,7250.000,2.0,5.250000e-05,0.090,0.200,0,10,0,0.206,0.326,1.915,0.171,0.178,0.584,1172.231
586,COMPLETE,0.190,7,315.000,0.6,4,,0.300,750.0,7250.000,2.0,5.250000e-05,0.100,0.200,0,10,0,0.190,0.274,1.394,0.152,0.202,0.657,1027.929
587,COMPLETE,1.427,8,315.000,0.6,4,,0.600,750.0,7250.000,2.0,4.500000e-05,0.100,0.200,1,10,0,0.427,0.306,2.121,0.346,0.332,0.636,1143.902
588,COMPLETE,0.233,8,270.000,0.6,5,,0.600,750.0,7250.000,2.0,4.500000e-05,0.100,0.200,0,10,0,0.233,0.259,1.397,0.191,0.241,0.634,1064.218
589,COMPLETE,0.253,7,270.000,0.6,4,,0.600,750.0,7250.000,2.0,4.500000e-05,0.090,0.200,0,10,0,0.253,0.236,1.166,0.204,0.191,0.604,973.968
590,COMPLETE,0.253,7,270.000,0.6,4,,0.600,750.0,7250.000,2.0,4.500000e-05,0.090,0.200,0,10,0,0.253,0.236,1.166,0.204,0.191,0.604,976.404
591,COMPLETE,0.227,6,315.000,0.6,5,,0.600,750.0,7250.000,2.0,5.000000e-05,0.100,0.200,0,10,0,0.227,0.225,1.101,0.182,0.202,0.585,927.975
592,COMPLETE,0.184,7,270.000,0.6,4,,0.600,750.0,7250.000,2.0,5.000000e-05,0.100,0.200,0,10,0,0.184,0.228,0.946,0.147,0.202,0.671,928.951
593,COMPLETE,1.339,8,315.000,0.6,5,,0.600,750.0,7250.000,2.0,5.000000e-05,0.100,0.200,1,10,0,0.339,0.303,1.911,0.285,0.272,0.616,1139.504
594,COMPLETE,0.219,8,270.000,0.6,2,,0.340,750.0,7250.000,2.0,4.500000e-05,0.100,0.200,0,10,0,0.219,0.257,1.334,0.175,0.202,0.679,1046.809
595,COMPLETE,1.321,7,315.000,0.6,2,,0.600,750.0,7250.000,2.0,5.000000e-05,0.100,0.200,1,10,0,0.321,0.272,1.530,0.264,0.263,0.641,1014.793
596,COMPLETE,-8.706,3,270.000,0.6,2,,0.340,750.0,7250.000,2.0,5.000000e-05,0.090,1.000,1,10,10,0.294,0.050,0.072,0.280,0.317,0.553,362.393
597,COMPLETE,-4.438,3,270.000,0.6,2,,0.600,750.0,6500.000,2.0,5.000000e-05,0.100,0.200,5,10,10,0.562,0.075,0.128,0.491,0.498,0.686,407.788
598,COMPLETE,0.235,7,255.000,0.6,2,,0.600,750.0,7250.000,2.0,4.500000e-05,0.100,0.200,0,10,0,0.235,0.204,0.896,0.188,0.201,0.715,900.536
599,COMPLETE,0.233,8,270.000,0.6,5,,0.600,750.0,7250.000,2.0,4.500000e-05,0.100,0.200,0,10,0,0.233,0.259,1.397,0.191,0.241,0.634,1063.535
600,COMPLETE,11.000,5,315.000,0.6,5,,0.600,750.0,6500.000,2.0,1.750000e-05,0.090,1.000,10,10,0,1.000,0.246,3.250,0.873,0.833,0.499,885.522
601,COMPLETE,5.837,6,315.000,0.6,2,,0.340,750.0,7250.000,2.0,1.750000e-05,0.090,1.000,5,10,0,0.837,0.260,2.746,0.698,0.679,0.639,947.911
602,COMPLETE,1.380,8,315.000,0.6,2,,0.600,750.0,7250.000,2.0,4.500000e-05,0.100,0.200,1,10,0,0.380,0.298,2.046,0.312,0.270,0.639,1123.726
603,COMPLETE,0.190,6,270.000,0.6,2,,0.400,750.0,7250.000,2.0,4.500000e-05,0.090,0.200,0,10,0,0.190,0.196,0.802,0.152,0.166,0.672,830.270
604,COMPLETE,-6.550,3,270.000,0.6,2,,0.600,750.0,7250.000,2.0,4.500000e-05,0.100,0.200,3,10,10,0.450,0.069,0.127,0.385,0.370,0.674,385.000
605,COMPLETE,0.167,5,270.000,0.6,2,,0.340,750.0,7250.000,2.0,4.500000e-05,0.100,0.200,0,10,0,0.167,0.152,0.479,0.133,0.182,0.645,714.477
606,COMPLETE,-0.846,4,270.000,0.6,5,,0.400,750.0,7250.000,2.0,4.500000e-05,0.090,0.200,0,10,1,0.154,0.116,0.292,0.123,0.183,0.651,595.165
607,COMPLETE,0.220,8,270.000,0.6,5,,0.600,750.0,7250.000,2.0,5.250000e-05,0.100,0.200,0,10,0,0.220,0.250,1.136,0.177,0.177,0.638,1041.557
608,COMPLETE,0.223,7,270.000,0.6,5,,0.600,750.0,7250.000,2.0,4.500000e-05,0.100,0.200,0,10,0,0.223,0.238,1.102,0.178,0.181,0.587,975.316
609,COMPLETE,-7.833,4,270.000,0.6,5,,0.340,750.0,7250.000,2.0,5.000000e-05,0.100,0.200,0,10,8,0.167,0.105,0.228,0.133,0.169,0.733,559.135
610,COMPLETE,2.451,8,270.000,0.6,5,,0.340,750.0,7250.000,2.0,4.500000e-05,0.100,1.000,2,10,0,0.451,0.259,1.451,0.378,0.369,0.571,1078.118
611,COMPLETE,-0.806,4,270.000,0.6,4,,0.400,750.0,7250.000,2.0,4.500000e-05,0.100,1.000,0,10,1,0.194,0.114,0.259,0.155,0.243,0.662,594.034
612,COMPLETE,-0.837,5,270.000,0.6,5,,0.340,750.0,7250.000,2.0,5.000000e-05,0.100,0.200,0,10,1,0.163,0.140,0.393,0.130,0.175,0.574,710.231
613,COMPLETE,-5.370,1,270.000,0.6,4,,0.340,750.0,7250.000,2.0,5.000000e-05,0.100,0.200,4,10,10,0.630,0.004,0.012,0.649,0.481,0.403,191.019
614,COMPLETE,0.210,8,270.000,0.6,5,,0.340,750.0,7250.000,2.0,5.000000e-05,0.100,0.200,0,10,0,0.210,0.256,1.210,0.168,0.195,0.599,1047.329
615,COMPLETE,0.224,8,270.000,0.6,5,,0.340,750.0,7250.000,2.0,5.000000e-05,0.090,0.200,0,10,0,0.224,0.257,1.226,0.180,0.185,0.616,1063.919
616,COMPLETE,0.192,7,270.000,0.6,5,,0.400,750.0,7250.000,2.0,5.000000e-05,0.100,0.200,0,10,0,0.192,0.223,0.947,0.153,0.213,0.631,949.336
617,COMPLETE,0.198,7,270.000,0.6,4,,0.360,750.0,7250.000,2.0,5.000000e-05,0.100,0.200,0,10,0,0.198,0.224,0.896,0.160,0.228,0.583,955.301
618,COMPLETE,0.157,5,270.000,0.6,4,,0.340,750.0,7250.000,2.0,5.000000e-05,0.090,0.200,0,10,0,0.157,0.147,0.391,0.126,0.238,0.660,703.707
619,COMPLETE,-8.534,1,270.000,0.6,9,,0.340,750.0,7250.000,2.0,5.000000e-05,0.100,0.200,1,10,10,0.466,0.004,0.012,0.579,0.328,0.343,189.885
620,COMPLETE,-8.599,1,270.000,0.6,4,,0.360,750.0,7250.000,2.0,5.250000e-05,0.100,0.200,1,10,10,0.401,0.005,0.014,0.578,0.334,0.460,189.375
621,COMPLETE,0.196,7,270.000,0.6,9,,0.340,750.0,7250.000,2.0,5.000000e-05,0.100,0.200,0,10,0,0.196,0.229,1.002,0.157,0.193,0.672,966.735
622,COMPLETE,-6.452,1,270.000,0.6,9,,0.340,750.0,7250.000,2.0,5.000000e-05,0.090,0.100,3,10,10,0.548,0.005,0.017,0.548,0.526,0.454,190.877
623,COMPLETE,0.204,8,270.000,0.6,5,,0.340,750.0,7500.000,2.0,5.000000e-05,0.140,0.200,0,10,0,0.204,0.233,0.988,0.164,0.233,0.597,1031.666
624,COMPLETE,-7.446,1,270.000,0.6,9,,0.340,750.0,7500.000,2.0,5.000000e-05,0.100,0.200,2,10,10,0.554,0.005,0.013,0.646,0.332,0.499,190.215
625,COMPLETE,1.299,8,270.000,0.6,9,,0.340,750.0,7250.000,2.0,5.000000e-05,0.090,1.000,1,10,0,0.299,0.254,1.292,0.244,0.293,0.502,1073.345
626,COMPLETE,-7.850,4,270.000,0.6,9,,0.340,750.0,7250.000,2.0,5.000000e-05,0.100,0.200,0,10,8,0.150,0.103,0.200,0.124,0.181,0.581,557.227
627,COMPLETE,0.237,8,270.000,0.6,9,,0.340,750.0,7250.000,2.0,4.500000e-05,0.100,0.200,0,10,0,0.237,0.262,1.366,0.192,0.202,0.700,1079.118
628,COMPLETE,0.191,6,270.000,0.6,9,,0.340,750.0,7250.000,2.0,5.250000e-05,0.090,0.200,0,10,0,0.191,0.182,0.646,0.153,0.171,0.652,827.318
629,COMPLETE,0.175,4,285.000,0.6,9,,0.340,750.0,7250.000,2.0,4.500000e-05,0.090,0.200,0,10,0,0.175,0.127,0.373,0.140,0.182,0.612,621.837
630,COMPLETE,0.211,8,270.000,0.6,9,,0.340,750.0,7250.000,2.0,4.500000e-05,0.090,0.200,0,10,0,0.211,0.266,1.395,0.174,0.189,0.515,1083.238
631,COMPLETE,0.191,6,270.000,0.6,9,,0.340,750.0,7250.000,2.0,5.250000e-05,0.090,0.200,0,10,0,0.191,0.182,0.646,0.153,0.171,0.652,821.052
632,COMPLETE,0.211,8,270.000,0.6,9,,0.340,750.0,7250.000,2.0,4.500000e-05,0.090,0.200,0,10,0,0.211,0.266,1.395,0.174,0.189,0.515,1076.123
633,COMPLETE,2.397,4,270.000,0.6,9,,0.340,750.0,7250.000,2.0,1.500000e-05,0.100,0.200,2,10,0,0.397,0.162,1.289,0.330,0.329,0.587,713.706
634,COMPLETE,0.146,6,255.000,0.6,9,,0.340,750.0,7250.000,2.0,5.250000e-05,0.100,0.200,0,10,0,0.146,0.164,0.468,0.117,0.215,0.638,781.979
635,COMPLETE,1.326,7,315.000,0.6,9,,0.340,750.0,7250.000,2.0,5.250000e-05,0.100,1.000,1,10,0,0.326,0.276,1.424,0.264,0.274,0.681,1047.598
636,COMPLETE,-7.363,1,315.000,0.6,9,,0.400,750.0,7250.000,2.0,5.250000e-05,0.100,1.000,2,10,10,0.637,0.008,0.026,0.660,0.584,0.413,192.705
637,COMPLETE,-7.485,1,270.000,0.6,9,,0.340,750.0,7250.000,2.0,5.250000e-05,0.100,1.000,2,10,10,0.515,0.005,0.015,0.581,0.438,0.538,188.141
638,COMPLETE,4.787,7,315.000,0.6,9,,0.340,750.0,5250.000,2.0,5.000000e-05,0.100,1.000,4,10,0,0.787,0.323,2.716,0.663,0.616,0.491,1164.986
639,COMPLETE,-5.313,1,270.000,0.6,9,,0.400,750.0,5000.000,2.0,5.250000e-05,0.090,1.000,4,10,10,0.687,0.005,0.020,0.662,0.538,0.579,195.323
640,COMPLETE,-7.286,1,270.000,0.6,9,,0.360,750.0,6000.000,2.0,5.000000e-05,0.100,1.000,2,10,10,0.714,0.005,0.019,0.608,0.607,0.518,192.746
641,COMPLETE,-6.362,1,270.000,0.6,9,,0.360,750.0,7250.000,2.0,5.000000e-05,0.100,1.000,3,10,10,0.638,0.005,0.016,0.659,0.656,0.473,190.809
642,COMPLETE,-9.789,1,270.000,0.6,9,,0.340,750.0,7250.000,2.0,1.500000e-05,0.110,1.000,0,10,10,0.211,0.028,0.062,0.179,0.186,0.583,277.286
643,COMPLETE,-9.836,1,270.000,0.6,4,,0.340,750.0,7250.000,2.0,1.500000e-05,0.100,1.000,0,10,10,0.164,0.032,0.067,0.153,0.205,0.650,273.442
644,COMPLETE,-9.836,1,270.000,0.6,4,,0.340,750.0,7250.000,2.0,1.500000e-05,0.100,1.000,0,10,10,0.164,0.032,0.067,0.153,0.205,0.650,276.432
645,COMPLETE,-6.429,1,270.000,0.6,4,,0.340,750.0,7250.000,2.0,5.250000e-05,0.100,1.000,3,10,10,0.571,0.005,0.014,0.585,0.504,0.480,187.815
646,COMPLETE,7.852,7,270.000,0.6,4,,0.360,750.0,7250.000,2.0,1.500000e-05,0.100,1.000,7,10,0,0.852,0.245,2.738,0.737,0.717,0.596,962.549
647,COMPLETE,-6.378,1,270.000,0.6,4,,0.360,750.0,7250.000,2.0,4.500000e-05,0.100,1.000,3,10,10,0.622,0.005,0.017,0.660,0.485,0.580,190.329
648,COMPLETE,-9.780,1,270.000,0.6,4,,0.340,750.0,6500.000,2.0,1.500000e-05,0.100,1.000,0,10,10,0.220,0.034,0.085,0.190,0.180,0.652,304.171
649,COMPLETE,-9.836,1,270.000,0.6,4,,0.340,750.0,7250.000,2.0,1.500000e-05,0.100,1.000,0,10,10,0.164,0.032,0.067,0.153,0.205,0.650,276.421
650,COMPLETE,-9.853,1,270.000,0.6,9,,0.340,750.0,6500.000,2.0,1.500000e-05,0.100,1.000,0,10,10,0.147,0.041,0.100,0.131,0.199,0.637,297.690
651,COMPLETE,6.880,8,315.000,0.6,4,,0.340,750.0,7250.000,2.0,1.500000e-05,0.100,1.000,6,10,0,0.880,0.309,3.683,0.723,0.670,0.588,1104.393
652,COMPLETE,8.936,8,270.000,0.6,4,,0.400,750.0,7250.000,2.0,1.750000e-05,0.100,1.000,8,10,0,0.936,0.264,3.006,0.779,0.740,0.608,1051.922
653,COMPLETE,0.187,2,270.000,0.6,4,,0.360,750.0,7250.000,2.0,1.500000e-05,0.090,1.000,0,10,0,0.187,0.088,0.395,0.155,0.208,0.613,466.678
654,COMPLETE,1.319,2,270.000,0.6,4,,0.340,750.0,5250.000,2.0,1.500000e-05,0.100,1.000,1,10,0,0.319,0.106,0.740,0.267,0.273,0.618,520.318
655,COMPLETE,1.353,2,270.000,0.6,9,,0.340,750.0,5000.000,2.0,1.500000e-05,0.090,1.000,1,10,0,0.353,0.118,0.910,0.294,0.302,0.629,534.614
656,COMPLETE,1.270,2,315.000,0.6,4,,0.340,750.0,6500.000,2.0,1.500000e-05,0.090,1.000,1,10,0,0.270,0.119,0.784,0.233,0.287,0.538,536.947
657,COMPLETE,0.234,2,330.000,0.6,4,,0.340,750.0,6500.000,2.0,1.500000e-05,0.090,1.000,0,10,0,0.234,0.127,0.856,0.188,0.198,0.602,544.826
658,COMPLETE,4.666,7,270.000,0.6,9,,0.340,750.0,5250.000,2.0,1.500000e-05,0.050,1.000,4,10,0,0.666,0.307,3.637,0.569,0.513,0.593,1029.763
659,COMPLETE,-0.801,1,315.000,0.6,9,,0.340,750.0,5250.000,2.0,1.500000e-05,0.050,1.000,0,10,1,0.199,0.079,0.390,0.164,0.173,0.672,369.861
660,COMPLETE,-0.801,1,315.000,0.6,9,,0.340,750.0,5250.000,2.0,1.500000e-05,0.050,1.000,0,10,1,0.199,0.079,0.390,0.164,0.173,0.672,366.878
661,COMPLETE,-8.712,1,315.000,0.6,4,,0.340,750.0,6500.000,2.0,1.750000e-05,0.090,1.000,1,10,10,0.288,0.048,0.141,0.239,0.288,0.573,306.090
662,COMPLETE,-9.826,1,270.000,0.6,9,,0.340,750.0,6500.000,2.0,1.500000e-05,0.090,1.000,0,10,10,0.174,0.037,0.089,0.139,0.233,0.652,302.565
663,COMPLETE,-1.801,1,315.000,0.6,9,,0.340,750.0,5250.000,2.0,1.500000e-05,0.090,1.000,0,10,2,0.199,0.071,0.340,0.162,0.210,0.605,379.993
664,COMPLETE,0.235,1,315.000,0.6,9,,0.340,750.0,5250.000,2.0,1.500000e-05,0.100,1.000,0,10,0,0.235,0.071,0.329,0.191,0.215,0.639,377.929
665,COMPLETE,-7.729,1,270.000,0.6,9,,0.340,750.0,5500.000,2.0,1.500000e-05,0.100,1.000,1,10,9,0.271,0.052,0.170,0.235,0.313,0.619,342.884
666,COMPLETE,0.167,2,315.000,0.6,4,,0.340,750.0,6500.000,2.0,1.750000e-05,0.050,0.900,0,10,0,0.167,0.121,0.670,0.140,0.215,0.727,518.481
667,COMPLETE,-1.782,1,315.000,0.6,4,,0.340,750.0,5250.000,2.0,1.500000e-05,0.120,1.000,0,10,2,0.218,0.072,0.321,0.174,0.199,0.704,376.071
668,COMPLETE,7.981,8,315.000,0.6,4,,0.340,750.0,6500.000,2.0,1.500000e-05,0.120,1.000,7,10,0,0.981,0.323,4.095,0.816,0.770,0.657,1137.790
669,COMPLETE,-9.844,1,315.000,0.6,4,,0.340,750.0,6500.000,2.0,1.500000e-05,0.050,0.900,0,10,10,0.156,0.053,0.186,0.159,0.147,0.594,313.932
670,COMPLETE,-9.855,1,270.000,0.6,5,,0.340,750.0,6500.000,2.0,1.000000e-05,0.050,0.900,0,10,10,0.145,0.052,0.225,0.130,0.165,0.695,322.698
671,COMPLETE,-9.843,1,315.000,0.6,4,,0.340,750.0,7250.000,2.0,1.500000e-05,0.050,0.900,0,10,10,0.157,0.042,0.152,0.125,0.194,0.718,296.420
672,COMPLETE,-8.825,1,315.000,0.6,4,,0.360,750.0,6500.000,2.0,1.500000e-05,0.050,0.900,0,10,9,0.175,0.051,0.192,0.150,0.132,0.705,309.124
673,COMPLETE,-9.864,1,315.000,0.6,4,,0.360,750.0,6500.000,2.0,1.750000e-05,0.050,0.900,0,10,10,0.136,0.048,0.141,0.131,0.171,0.628,299.416
674,COMPLETE,2.491,8,315.000,0.6,4,,0.300,750.0,6500.000,2.0,1.500000e-05,0.050,0.900,2,10,0,0.491,0.355,3.985,0.421,0.368,0.610,1153.106
675,COMPLETE,-8.758,1,315.000,0.6,9,,0.360,750.0,7250.000,2.0,1.750000e-05,0.050,1.000,1,10,10,0.242,0.038,0.116,0.214,0.304,0.754,269.828
676,COMPLETE,-8.753,1,315.000,0.6,4,,0.360,750.0,7250.000,2.0,1.750000e-05,0.050,0.900,1,10,10,0.247,0.031,0.083,0.223,0.164,0.708,259.346
677,COMPLETE,-8.748,1,315.000,0.6,4,,0.300,750.0,7250.000,2.0,1.750000e-05,0.050,1.000,1,10,10,0.252,0.036,0.103,0.211,0.274,0.648,260.507
678,COMPLETE,-8.748,1,315.000,0.6,4,,0.300,750.0,7250.000,2.0,1.750000e-05,0.050,1.000,1,10,10,0.252,0.036,0.103,0.211,0.274,0.648,262.506
679,COMPLETE,5.811,8,330.000,0.6,4,,0.300,750.0,3500.000,2.0,1.000000e-05,0.060,1.000,5,10,0,0.811,0.452,6.225,0.758,0.596,0.620,1260.474
680,COMPLETE,0.196,1,330.000,0.6,4,,0.300,750.0,3500.000,2.0,1.750000e-05,0.050,1.000,0,10,0,0.196,0.108,0.827,0.168,0.184,0.694,432.748
681,COMPLETE,0.163,1,330.000,0.6,4,,0.300,750.0,3500.000,2.0,1.750000e-05,0.050,0.900,0,10,0,0.163,0.110,0.844,0.135,0.172,0.648,430.174
682,COMPLETE,3.561,8,315.000,0.6,4,,0.300,750.0,3500.000,2.0,1.750000e-05,0.050,1.000,3,10,0,0.561,0.443,5.692,0.634,0.416,0.599,1184.783
683,COMPLETE,0.221,1,330.000,0.6,4,,0.600,750.0,3500.000,2.0,1.750000e-05,0.050,0.900,0,10,0,0.221,0.107,0.856,0.195,0.159,0.669,424.427
684,COMPLETE,-8.755,1,315.000,0.6,4,,0.340,750.0,6500.000,2.0,1.750000e-05,0.050,0.900,1,10,10,0.245,0.044,0.140,0.215,0.273,0.692,296.672
685,COMPLETE,-7.667,1,315.000,0.6,4,,0.300,750.0,6500.000,2.0,2.000000e-05,0.050,0.900,2,10,10,0.333,0.039,0.124,0.304,0.274,0.650,277.453
686,COMPLETE,0.181,1,315.000,0.6,4,,0.300,750.0,3500.000,2.0,1.750000e-05,0.050,0.900,0,10,0,0.181,0.104,0.768,0.154,0.202,0.636,420.769
687,COMPLETE,0.181,1,315.000,0.6,4,,0.300,750.0,3500.000,2.0,1.750000e-05,0.050,0.900,0,10,0,0.181,0.104,0.768,0.154,0.202,0.636,424.516
688,COMPLETE,0.194,1,315.000,0.6,4,,0.300,750.0,3500.000,2.0,1.000000e-05,0.050,0.900,0,10,0,0.194,0.099,0.921,0.172,0.198,0.534,415.010
689,COMPLETE,0.194,1,315.000,0.6,4,,0.300,750.0,3500.000,2.0,1.000000e-05,0.050,0.900,0,10,0,0.194,0.099,0.921,0.172,0.198,0.534,417.413
690,COMPLETE,0.206,1,315.000,0.6,4,,0.600,750.0,3500.000,2.0,1.750000e-05,0.050,0.900,0,10,0,0.206,0.102,0.782,0.165,0.182,0.703,423.386
691,COMPLETE,0.163,1,330.000,0.6,4,,0.300,750.0,3500.000,2.0,1.750000e-05,0.050,0.900,0,10,0,0.163,0.110,0.844,0.135,0.172,0.648,430.186
692,COMPLETE,0.194,1,315.000,0.6,4,,0.300,750.0,3500.000,2.0,1.000000e-05,0.050,0.900,0,10,0,0.194,0.099,0.921,0.172,0.198,0.534,425.983
693,COMPLETE,1.307,1,330.000,0.6,4,,0.600,750.0,3500.000,2.0,1.000000e-05,0.050,0.900,1,10,0,0.307,0.106,1.107,0.267,0.268,0.659,428.969
694,COMPLETE,1.271,1,315.000,0.6,4,,0.320,750.0,3500.000,2.0,1.000000e-05,0.050,0.900,1,10,0,0.271,0.101,0.971,0.243,0.255,0.651,414.928
695,COMPLETE,0.188,1,315.000,0.6,9,,0.300,750.0,3250.000,2.0,1.750000e-05,0.050,0.900,0,10,0,0.188,0.108,0.850,0.176,0.155,0.665,431.445
696,COMPLETE,0.197,1,315.000,0.6,11,,0.600,750.0,3500.000,2.0,1.750000e-05,0.050,0.900,0,10,0,0.197,0.101,0.784,0.218,0.116,0.635,428.441
697,COMPLETE,0.248,1,315.000,0.6,4,,0.540,750.0,3500.000,2.0,1.750000e-05,0.050,0.900,0,10,0,0.248,0.100,0.767,0.225,0.143,0.611,425.343
698,COMPLETE,0.198,1,315.000,0.6,4,,0.240,750.0,3500.000,2.0,1.000000e-05,0.050,0.700,0,10,0,0.198,0.099,0.919,0.165,0.191,0.605,425.631
699,COMPLETE,0.198,1,315.000,0.6,4,,0.240,750.0,3500.000,2.0,1.000000e-05,0.050,0.700,0,10,0,0.198,0.099,0.919,0.165,0.191,0.605,427.238
700,COMPLETE,0.201,1,315.000,0.6,4,,0.540,750.0,3500.000,2.0,1.750000e-05,0.050,0.700,0,10,0,0.201,0.102,0.774,0.190,0.167,0.635,428.175
701,COMPLETE,0.248,1,315.000,0.6,4,,0.540,750.0,3500.000,2.0,1.750000e-05,0.050,0.900,0,10,0,0.248,0.100,0.767,0.225,0.143,0.611,419.844
702,COMPLETE,3.589,5,315.000,0.6,4,,0.300,750.0,3500.000,2.0,1.750000e-05,0.050,0.900,3,10,0,0.589,0.338,4.063,0.536,0.396,0.523,976.326
703,COMPLETE,2.403,1,315.000,0.6,4,,0.540,750.0,3500.000,2.0,1.000000e-05,0.050,0.900,2,10,0,0.403,0.099,1.043,0.361,0.305,0.726,415.401
704,COMPLETE,5.740,8,315.000,0.6,4,,0.540,750.0,3500.000,2.0,1.750000e-05,0.050,0.900,5,10,0,0.740,0.418,6.580,0.851,0.473,0.751,1157.350
705,COMPLETE,1.311,1,315.000,0.6,4,,0.540,750.0,3500.000,2.0,1.000000e-05,0.050,0.700,1,10,0,0.311,0.098,0.998,0.263,0.260,0.619,418.535
706,COMPLETE,6.816,8,315.000,0.6,4,,0.540,750.0,3500.000,2.0,1.000000e-05,0.050,0.700,6,10,0,0.816,0.409,6.720,0.869,0.527,0.555,1127.317
707,COMPLETE,5.772,8,315.000,0.6,4,,0.500,750.0,3500.000,2.0,1.750000e-05,0.050,0.700,5,10,0,0.772,0.406,6.296,0.869,0.526,0.569,1114.321
708,COMPLETE,1.343,2,315.000,0.6,4,,0.540,750.0,3500.000,2.0,1.000000e-05,0.050,0.700,1,10,0,0.343,0.178,2.131,0.345,0.235,0.610,601.725
709,COMPLETE,1.419,5,315.000,0.6,11,,0.540,750.0,3500.000,2.0,1.750000e-05,0.050,0.000,1,10,0,0.419,0.305,4.280,0.702,0.248,0.556,947.470
710,COMPLETE,3.584,5,315.000,0.6,11,,0.540,750.0,3500.000,2.0,1.000000e-05,0.050,0.700,3,10,0,0.584,0.315,4.770,0.733,0.380,0.642,958.528
711,COMPLETE,3.585,5,315.000,0.6,4,,0.540,750.0,3500.000,2.0,1.750000e-05,0.050,0.700,3,10,0,0.585,0.312,4.450,0.726,0.389,0.652,950.184
712,COMPLETE,1.419,5,315.000,0.6,11,,0.540,750.0,3500.000,2.0,1.750000e-05,0.050,0.000,1,10,0,0.419,0.305,4.280,0.702,0.248,0.556,931.117
713,COMPLETE,0.264,2,315.000,0.6,11,,0.540,750.0,3500.000,2.0,1.750000e-05,0.050,0.000,0,10,0,0.264,0.176,1.815,0.252,0.171,0.660,606.589
714,COMPLETE,5.690,5,315.000,0.6,11,,0.600,750.0,3500.000,2.0,1.750000e-05,0.050,0.000,5,10,0,0.690,0.324,4.822,0.736,0.463,0.539,966.142
715,COMPLETE,3.584,5,315.000,0.6,11,,0.540,750.0,3500.000,2.0,1.000000e-05,0.050,0.700,3,10,0,0.584,0.315,4.770,0.733,0.380,0.642,960.693
716,COMPLETE,3.678,5,315.000,0.6,11,,0.540,750.0,3500.000,2.0,1.750000e-05,0.050,0.700,3,10,0,0.678,0.306,4.519,0.809,0.411,0.657,954.329
717,COMPLETE,3.508,2,315.000,0.6,11,,0.540,750.0,3500.000,2.0,1.000000e-05,0.050,0.700,3,10,0,0.508,0.177,2.210,0.434,0.407,0.691,584.903
718,COMPLETE,3.742,5,315.000,0.6,11,,0.560,750.0,3250.000,2.0,1.000000e-05,0.050,0.700,3,10,0,0.742,0.318,4.971,0.759,0.419,0.508,936.811
719,COMPLETE,6.931,5,315.000,0.6,11,,0.540,750.0,3500.000,2.0,1.500000e-05,0.070,0.700,6,10,0,0.931,0.329,5.008,0.807,0.690,0.614,1011.306
720,COMPLETE,7.785,5,315.000,0.6,5,,0.560,750.0,5500.000,2.0,1.750000e-05,0.070,0.700,7,10,0,0.785,0.274,3.556,0.694,0.647,0.549,915.784
721,COMPLETE,7.951,5,315.000,0.6,4,,0.560,750.0,3500.000,2.0,1.750000e-05,0.070,0.700,7,10,0,0.951,0.336,5.111,0.813,0.758,0.577,985.846
722,COMPLETE,8.888,5,315.000,0.6,11,,0.560,750.0,3500.000,2.0,1.750000e-05,0.070,0.700,8,10,0,0.888,0.329,5.088,0.866,0.681,0.508,1011.515
723,COMPLETE,0.236,5,315.000,0.6,11,,0.100,750.0,3500.000,2.0,1.750000e-05,0.070,0.900,0,10,0,0.236,0.339,3.623,0.189,0.240,0.622,1026.554
724,COMPLETE,7.812,5,315.000,0.6,11,,0.500,750.0,3500.000,2.0,1.750000e-05,0.070,0.900,7,10,0,0.812,0.333,4.904,0.818,0.644,0.564,1002.995
725,COMPLETE,6.834,5,315.000,0.6,11,,0.500,750.0,3500.000,2.0,1.750000e-05,0.070,0.700,6,10,0,0.834,0.328,4.727,0.771,0.639,0.471,999.122
726,COMPLETE,1.379,5,315.000,0.6,11,,0.300,750.0,3500.000,2.0,1.750000e-05,0.070,0.900,1,10,0,0.379,0.336,3.828,0.313,0.301,0.600,1047.024
727,COMPLETE,2.490,5,315.000,0.6,4,,0.300,750.0,3250.000,2.0,1.750000e-05,0.070,0.900,2,10,0,0.490,0.341,4.021,0.409,0.410,0.562,1020.183
728,COMPLETE,9.994,5,315.000,0.6,5,,0.500,750.0,3250.000,2.0,1.750000e-05,0.070,0.900,9,10,0,0.994,0.340,5.145,0.858,0.801,0.613,1017.247
729,COMPLETE,9.998,5,315.000,0.6,4,,0.560,750.0,3250.000,2.0,1.750000e-05,0.070,0.900,9,10,0,0.998,0.344,5.400,0.860,0.790,0.625,1016.355
730,COMPLETE,5.736,5,315.000,0.6,4,,0.320,750.0,3250.000,2.0,1.750000e-05,0.070,0.900,5,10,0,0.736,0.346,4.370,0.620,0.553,0.616,1016.457
731,COMPLETE,7.897,5,315.000,0.6,4,,0.500,750.0,3500.000,2.0,1.750000e-05,0.070,0.900,7,10,0,0.897,0.336,4.981,0.837,0.724,0.609,1023.734
732,COMPLETE,4.740,8,315.000,0.6,4,,0.500,750.0,3250.000,2.0,1.750000e-05,0.060,0.000,4,10,0,0.740,0.423,6.482,0.821,0.453,0.686,1205.310
733,COMPLETE,3.553,5,345.000,0.6,4,,0.320,750.0,3250.000,2.0,1.750000e-05,0.070,0.000,3,10,0,0.553,0.360,4.521,0.581,0.392,0.605,1007.318
734,COMPLETE,7.811,8,345.000,0.6,4,,0.500,750.0,3500.000,2.0,1.750000e-05,0.070,0.000,7,10,0,0.811,0.470,7.331,0.861,0.577,0.401,1269.334
735,COMPLETE,7.822,5,345.000,0.6,4,,0.500,750.0,3250.000,2.0,1.750000e-05,0.070,0.000,7,10,0,0.822,0.357,5.318,0.795,0.607,0.490,1003.116
736,COMPLETE,6.916,5,330.000,0.6,5,,0.560,750.0,3250.000,2.0,1.750000e-05,0.060,0.000,6,10,0,0.916,0.350,5.360,0.799,0.683,0.523,978.185
737,COMPLETE,7.995,5,330.000,0.6,4,,0.500,750.0,3250.000,2.0,1.750000e-05,0.110,0.000,7,10,0,0.995,0.326,4.899,0.837,0.726,0.585,1003.729
738,COMPLETE,9.978,5,345.000,0.6,4,,0.500,750.0,3250.000,2.0,1.750000e-05,0.110,0.000,9,10,0,0.978,0.329,4.940,0.839,0.659,0.549,1041.041
739,COMPLETE,5.987,5,330.000,0.6,5,,0.500,750.0,3250.000,2.0,1.750000e-05,0.110,0.900,5,10,0,0.987,0.338,5.038,0.811,0.734,0.598,1048.155
740,COMPLETE,5.948,8,330.000,0.6,4,,0.300,750.0,3250.000,2.0,1.750000e-05,0.110,0.000,5,10,0,0.948,0.431,5.814,0.775,0.679,0.478,1223.470
741,COMPLETE,5.986,8,345.000,0.6,4,,0.300,750.0,3250.000,2.0,1.750000e-05,0.110,0.900,5,10,0,0.986,0.465,6.342,0.801,0.695,0.492,1308.067
742,COMPLETE,3.786,5,315.000,0.6,4,,0.300,750.0,3250.000,2.0,1.750000e-05,0.110,0.000,3,10,0,0.786,0.316,3.951,0.639,0.604,0.598,1004.698
743,COMPLETE,7.977,8,315.000,0.6,4,,0.300,750.0,3250.000,2.0,1.750000e-05,0.110,0.900,7,10,0,0.977,0.423,5.737,0.808,0.726,0.547,1290.411
744,COMPLETE,4.956,8,330.000,0.6,7,,0.300,750.0,3250.000,2.0,1.750000e-05,0.110,0.900,4,10,0,0.956,0.444,5.997,0.781,0.685,0.589,1328.166
745,COMPLETE,2.968,5,345.000,0.6,4,,0.300,750.0,3250.000,2.0,1.750000e-05,0.110,0.900,2,10,0,0.968,0.341,4.491,0.779,0.725,0.558,1066.454
746,COMPLETE,4.938,5,345.000,0.6,4,,0.300,750.0,3250.000,2.0,1.500000e-05,0.110,0.900,4,10,0,0.938,0.354,4.712,0.767,0.685,0.634,1050.244
747,COMPLETE,5.973,8,330.000,0.6,4,,0.300,750.0,3500.000,2.0,1.500000e-05,0.110,0.900,5,10,0,0.973,0.437,5.940,0.787,0.707,0.501,1277.772
748,COMPLETE,2.772,5,345.000,0.6,4,,0.320,750.0,3500.000,2.0,1.500000e-05,0.110,0.100,2,10,0,0.772,0.332,4.265,0.643,0.554,0.541,1010.771
749,COMPLETE,4.866,5,345.000,0.6,4,,0.500,750.0,3500.000,2.0,1.500000e-05,0.110,0.100,4,10,0,0.866,0.314,4.671,0.803,0.582,0.493,989.798
750,COMPLETE,3.881,8,345.000,0.6,4,,0.320,750.0,3500.000,2.0,1.500000e-05,0.110,0.100,3,10,0,0.881,0.428,5.813,0.732,0.599,0.526,1256.976
751,COMPLETE,6.949,8,345.000,0.6,4,,0.320,750.0,3500.000,2.0,1.500000e-05,0.090,0.100,6,10,0,0.949,0.452,6.229,0.790,0.626,0.572,1279.222
752,COMPLETE,8.959,7,345.000,0.6,4,,0.500,750.0,3500.000,2.0,1.500000e-05,0.110,0.100,8,10,0,0.959,0.408,6.324,0.830,0.644,0.444,1167.521
753,COMPLETE,7.984,7,330.000,0.6,4,,0.500,750.0,3500.000,2.0,1.500000e-05,0.110,0.100,7,10,0,0.984,0.393,6.017,0.810,0.702,0.545,1184.254
754,COMPLETE,4.866,5,345.000,0.6,4,,0.500,750.0,3500.000,2.0,1.500000e-05,0.110,0.100,4,10,0,0.866,0.314,4.671,0.803,0.582,0.493,994.707
755,COMPLETE,6.927,8,330.000,0.6,4,,0.500,750.0,3500.000,2.0,1.500000e-05,0.110,0.100,6,10,0,0.927,0.425,6.571,0.815,0.655,0.576,1252.957
756,COMPLETE,8.959,7,345.000,0.6,4,,0.500,750.0,3500.000,2.0,1.500000e-05,0.110,0.100,8,10,0,0.959,0.408,6.324,0.830,0.644,0.444,1151.083
757,COMPLETE,3.881,8,345.000,0.6,4,,0.320,750.0,3500.000,2.0,1.500000e-05,0.110,0.100,3,10,0,0.881,0.428,5.813,0.732,0.599,0.526,1267.446
758,COMPLETE,4.950,8,345.000,0.6,4,,0.500,750.0,3500.000,2.0,1.500000e-05,0.110,0.100,4,10,0,0.950,0.427,6.591,0.796,0.632,0.517,1252.915
759,COMPLETE,10.000,5,300.000,0.6,4,,0.500,750.0,3500.000,2.0,1.500000e-05,0.110,0.100,9,10,0,1.000,0.291,4.357,0.848,0.741,0.619,952.454
760,COMPLETE,8.959,7,345.000,0.6,4,,0.500,750.0,3500.000,2.0,1.500000e-05,0.110,0.100,8,10,0,0.959,0.408,6.324,0.830,0.644,0.444,1150.735
761,COMPLETE,4.950,8,345.000,0.6,4,,0.500,750.0,3500.000,2.0,1.500000e-05,0.110,0.100,4,10,0,0.950,0.427,6.591,0.796,0.632,0.517,1233.524
762,COMPLETE,5.975,8,225.000,0.6,4,,0.500,750.0,3500.000,2.0,1.500000e-05,0.110,0.100,5,10,0,0.975,0.287,4.213,0.800,0.699,0.589,1065.938
763,COMPLETE,8.985,7,300.000,0.6,4,,0.500,750.0,3500.000,2.0,1.500000e-05,0.110,0.100,8,10,0,0.985,0.359,5.461,0.819,0.734,0.515,1103.222
764,COMPLETE,5.895,7,300.000,0.6,4,,0.320,750.0,3500.000,2.0,1.500000e-05,0.110,0.100,5,10,0,0.895,0.361,4.821,0.740,0.625,0.591,1119.487
765,COMPLETE,5.905,7,300.000,0.6,11,,0.320,750.0,3250.000,2.0,1.750000e-05,0.110,0.100,5,10,0,0.905,0.364,4.847,0.755,0.626,0.526,1135.705
766,COMPLETE,6.858,8,345.000,0.6,11,,0.320,750.0,3750.000,2.0,1.750000e-05,0.110,0.100,6,10,0,0.858,0.440,5.857,0.725,0.602,0.536,1288.627
767,COMPLETE,6.978,8,90.000,0.6,11,,0.500,750.0,3750.000,2.0,1.750000e-05,0.110,0.100,6,10,0,0.978,0.112,1.147,0.800,0.755,0.579,726.105
768,COMPLETE,4.929,8,345.000,0.6,8,,0.500,750.0,3750.000,2.0,1.750000e-05,0.110,0.100,4,10,0,0.929,0.428,6.447,0.791,0.649,0.543,1260.633
769,COMPLETE,4.929,8,345.000,0.6,8,,0.500,750.0,3750.000,2.0,1.750000e-05,0.110,0.100,4,10,0,0.929,0.428,6.447,0.791,0.649,0.543,1270.701
770,COMPLETE,11.000,7,225.000,0.6,7,,0.500,750.0,3250.000,2.0,1.750000e-05,0.110,0.100,10,10,0,1.000,0.279,4.087,0.839,0.757,0.519,1004.897
771,COMPLETE,6.917,8,225.000,0.6,7,,0.500,750.0,3250.000,2.0,1.000000e-05,0.130,0.100,6,10,0,0.917,0.291,4.493,0.810,0.610,0.624,1063.413
772,COMPLETE,5.862,8,225.000,0.6,7,,0.300,750.0,3250.000,2.0,1.000000e-05,0.110,0.100,5,10,0,0.862,0.301,3.996,0.707,0.592,0.550,1090.345
773,COMPLETE,7.995,8,225.000,0.6,7,,0.500,750.0,3250.000,2.0,1.000000e-05,0.110,0.100,7,10,0,0.995,0.305,4.720,0.811,0.755,0.539,1098.291
774,COMPLETE,2.958,8,225.000,0.6,7,,0.500,750.0,3250.000,2.0,1.750000e-05,0.130,0.900,2,10,0,0.958,0.300,4.351,0.771,0.696,0.563,1101.919
775,COMPLETE,5.989,8,225.000,0.6,7,,0.500,750.0,3250.000,2.0,1.000000e-05,0.130,0.900,5,10,0,0.989,0.298,4.609,0.809,0.734,0.618,1082.268
776,COMPLETE,5.989,8,225.000,0.6,7,,0.500,750.0,3250.000,2.0,1.000000e-05,0.130,0.900,5,10,0,0.989,0.298,4.609,0.809,0.734,0.618,1086.005
777,COMPLETE,2.958,8,225.000,0.6,7,,0.500,750.0,3250.000,2.0,1.750000e-05,0.130,0.900,2,10,0,0.958,0.300,4.351,0.771,0.696,0.563,1115.869
778,COMPLETE,1.963,8,255.000,0.6,7,,0.300,750.0,3250.000,2.0,1.750000e-05,0.130,0.100,1,10,0,0.963,0.324,4.220,0.771,0.663,0.513,1108.893
779,COMPLETE,4.977,8,225.000,0.6,7,,0.500,750.0,3250.000,2.0,1.000000e-05,0.110,0.900,4,10,0,0.977,0.312,4.821,0.806,0.701,0.554,1118.523
780,COMPLETE,5.962,8,285.000,0.6,7,,0.500,750.0,3250.000,2.0,1.000000e-05,0.130,0.900,5,10,0,0.962,0.381,5.933,0.782,0.700,0.498,1195.067
781,COMPLETE,0.927,8,285.000,0.6,7,,0.320,750.0,3250.000,2.0,1.000000e-05,0.130,0.900,0,10,0,0.927,0.378,5.234,0.741,0.674,0.563,1198.825
782,COMPLETE,7.991,8,210.000,0.6,7,,0.500,750.0,3250.000,2.0,1.000000e-05,0.110,0.900,7,10,0,0.991,0.293,4.530,0.826,0.743,0.557,1098.459
783,COMPLETE,3.912,8,210.000,0.6,7,,0.300,750.0,3250.000,2.0,1.750000e-05,0.130,0.900,3,10,0,0.912,0.282,3.590,0.773,0.642,0.512,1052.046
784,COMPLETE,4.935,8,225.000,0.6,7,,0.300,750.0,3250.000,2.0,1.750000e-05,0.130,0.900,4,10,0,0.935,0.304,3.916,0.771,0.672,0.493,1090.586
785,COMPLETE,2.958,8,225.000,0.6,7,,0.500,750.0,3250.000,2.0,1.750000e-05,0.130,0.900,2,10,0,0.958,0.300,4.351,0.771,0.696,0.563,1111.066
786,COMPLETE,7.982,8,225.000,0.6,7,,0.600,750.0,3250.000,2.0,1.750000e-05,0.130,0.900,7,10,0,0.982,0.303,4.732,0.809,0.712,0.493,1088.996
787,COMPLETE,3.964,8,255.000,0.6,7,,0.300,750.0,3250.000,2.0,1.000000e-05,0.130,0.900,3,10,0,0.964,0.347,4.763,0.778,0.682,0.525,1154.757
788,COMPLETE,7.978,8,225.000,0.6,7,,0.320,750.0,3250.000,2.0,1.000000e-05,0.110,0.900,7,10,0,0.978,0.311,4.298,0.796,0.760,0.485,1121.951
789,COMPLETE,4.961,8,210.000,0.6,7,,0.500,750.0,3250.000,2.0,1.000000e-05,0.130,0.900,4,10,0,0.961,0.279,4.238,0.782,0.711,0.530,1065.628
790,COMPLETE,4.961,8,210.000,0.6,7,,0.500,750.0,3250.000,2.0,1.000000e-05,0.130,0.900,4,10,0,0.961,0.279,4.238,0.782,0.711,0.530,1057.935
791,COMPLETE,4.977,8,225.000,0.6,7,,0.500,750.0,3250.000,2.0,1.000000e-05,0.110,0.900,4,10,0,0.977,0.312,4.821,0.806,0.701,0.554,1124.536
792,COMPLETE,7.991,8,210.000,0.6,7,,0.500,750.0,3250.000,2.0,1.000000e-05,0.110,0.900,7,10,0,0.991,0.293,4.530,0.826,0.743,0.557,1094.389
793,COMPLETE,9.000,7,225.000,0.6,7,,0.500,750.0,3250.000,2.0,1.000000e-05,0.110,0.900,8,10,0,1.000,0.281,4.342,0.830,0.736,0.571,1029.980
794,COMPLETE,4.911,8,210.000,0.6,7,,0.320,750.0,3250.000,2.0,1.000000e-05,0.110,0.900,4,10,0,0.911,0.283,3.849,0.766,0.655,0.519,1087.176
795,COMPLETE,4.966,8,255.000,0.6,7,,0.320,750.0,3250.000,2.0,1.000000e-05,0.130,0.900,4,10,0,0.966,0.336,4.671,0.784,0.686,0.554,1153.295
796,COMPLETE,4.977,8,225.000,0.6,7,,0.500,750.0,3250.000,2.0,1.000000e-05,0.110,0.900,4,10,0,0.977,0.312,4.821,0.806,0.701,0.554,1118.479
797,COMPLETE,7.978,8,225.000,0.6,7,,0.320,750.0,3250.000,2.0,1.000000e-05,0.110,0.900,7,10,0,0.978,0.311,4.298,0.796,0.760,0.485,1118.332
798,COMPLETE,4.977,8,225.000,0.6,7,,0.500,750.0,3250.000,2.0,1.000000e-05,0.110,0.900,4,10,0,0.977,0.312,4.821,0.806,0.701,0.554,1110.120
799,COMPLETE,4.977,8,225.000,0.6,7,,0.500,750.0,3250.000,2.0,1.000000e-05,0.110,0.900,4,10,0,0.977,0.312,4.821,0.806,0.701,0.554,1118.401
800,COMPLETE,7.991,8,210.000,0.6,7,,0.500,750.0,3250.000,2.0,1.000000e-05,0.110,0.900,7,10,0,0.991,0.293,4.530,0.826,0.743,0.557,1098.469
801,COMPLETE,7.978,8,225.000,0.6,7,,0.320,750.0,3250.000,2.0,1.000000e-05,0.110,0.900,7,10,0,0.978,0.311,4.298,0.796,0.760,0.485,1121.286
802,COMPLETE,4.977,8,225.000,0.6,7,,0.500,750.0,3250.000,2.0,1.000000e-05,0.110,0.900,4,10,0,0.977,0.312,4.821,0.806,0.701,0.554,1117.438
803,COMPLETE,8.989,8,225.000,0.6,8,,0.500,750.0,3250.000,2.0,1.000000e-05,0.110,0.900,8,10,0,0.989,0.314,4.889,0.823,0.758,0.529,1113.342
804,COMPLETE,7.978,8,225.000,0.6,7,,0.320,750.0,3250.000,2.0,1.000000e-05,0.110,0.900,7,10,0,0.978,0.311,4.298,0.796,0.760,0.485,1111.088
805,COMPLETE,4.977,8,225.000,0.6,7,,0.500,750.0,3250.000,2.0,1.000000e-05,0.110,0.900,4,10,0,0.977,0.312,4.821,0.806,0.701,0.554,1114.160
806,COMPLETE,4.977,8,225.000,0.6,7,,0.500,750.0,3250.000,2.0,1.000000e-05,0.110,0.900,4,10,0,0.977,0.312,4.821,0.806,0.701,0.554,1125.436
807,COMPLETE,6.965,8,255.000,0.6,7,,0.500,750.0,3250.000,2.0,1.000000e-05,0.110,0.900,6,10,0,0.965,0.353,5.495,0.791,0.727,0.570,1178.787
808,COMPLETE,4.977,8,225.000,0.6,7,,0.500,750.0,3250.000,2.0,1.000000e-05,0.110,0.900,4,10,0,0.977,0.312,4.821,0.806,0.701,0.554,1129.109
809,COMPLETE,4.911,8,210.000,0.6,7,,0.320,750.0,3250.000,2.0,1.000000e-05,0.110,0.900,4,10,0,0.911,0.283,3.849,0.766,0.655,0.519,1070.085
810,COMPLETE,6.965,8,255.000,0.6,7,,0.500,750.0,3250.000,2.0,1.000000e-05,0.110,0.900,6,10,0,0.965,0.353,5.495,0.791,0.727,0.570,1173.195
811,COMPLETE,4.977,8,225.000,0.6,7,,0.500,750.0,3250.000,2.0,1.000000e-05,0.110,0.900,4,10,0,0.977,0.312,4.821,0.806,0.701,0.554,1117.328
812,COMPLETE,7.978,8,225.000,0.6,7,,0.320,750.0,3250.000,2.0,1.000000e-05,0.110,0.900,7,10,0,0.978,0.311,4.298,0.796,0.760,0.485,1117.444
813,COMPLETE,6.984,8,225.000,0.6,7,,0.500,750.0,3500.000,2.0,1.000000e-05,0.110,0.900,6,10,0,0.984,0.293,4.502,0.814,0.686,0.537,1082.164
814,COMPLETE,4.801,8,195.000,0.6,7,,0.320,750.0,3500.000,2.0,1.000000e-05,0.110,0.000,4,10,0,0.801,0.251,3.281,0.695,0.538,0.472,1014.737
815,COMPLETE,6.977,7,225.000,0.6,7,,0.500,750.0,3500.000,2.0,1.000000e-05,0.110,0.000,6,10,0,0.977,0.262,3.980,0.810,0.718,0.588,973.735
816,COMPLETE,3.877,8,225.000,0.6,7,,0.320,750.0,3250.000,2.0,1.000000e-05,0.110,0.000,3,10,0,0.877,0.297,4.011,0.726,0.630,0.560,1068.959
817,COMPLETE,8.993,8,225.000,0.6,7,,0.500,750.0,3250.000,2.0,1.000000e-05,0.110,0.000,8,10,0,0.993,0.303,4.696,0.824,0.733,0.493,1084.375
818,COMPLETE,8.994,8,225.000,0.6,7,,0.500,750.0,3500.000,2.0,1.000000e-05,0.110,0.000,8,10,0,0.994,0.295,4.542,0.827,0.713,0.624,1059.396
819,COMPLETE,4.926,8,225.000,0.6,7,,0.480,750.0,3250.000,2.0,1.000000e-05,0.110,0.000,4,10,0,0.926,0.301,4.530,0.773,0.619,0.439,1049.929
820,COMPLETE,6.977,7,225.000,0.6,7,,0.500,750.0,3500.000,2.0,1.000000e-05,0.110,0.000,6,10,0,0.977,0.262,3.980,0.810,0.718,0.588,971.720
821,COMPLETE,8.993,8,225.000,0.6,7,,0.500,750.0,3250.000,2.0,1.000000e-05,0.110,0.000,8,10,0,0.993,0.303,4.696,0.824,0.733,0.493,1078.768
822,COMPLETE,5.976,7,345.000,0.6,7,,0.500,750.0,3500.000,2.0,1.000000e-05,0.110,0.800,5,10,0,0.976,0.421,6.616,0.799,0.704,0.539,1226.781
823,COMPLETE,8.994,8,225.000,0.6,7,,0.500,750.0,3500.000,2.0,1.000000e-05,0.110,0.000,8,10,0,0.994,0.295,4.542,0.827,0.713,0.624,1053.939
824,COMPLETE,6.926,8,225.000,0.6,7,,0.480,750.0,3250.000,2.0,1.000000e-05,0.110,0.800,6,10,0,0.926,0.307,4.648,0.790,0.635,0.600,1076.298
825,COMPLETE,9.997,8,345.000,0.6,7,,0.500,750.0,3500.000,2.0,1.000000e-05,0.110,0.800,9,10,0,0.997,0.455,7.253,0.829,0.671,0.618,1286.843
826,COMPLETE,6.990,8,225.000,0.6,7,,0.500,750.0,3250.000,2.0,1.000000e-05,0.110,0.800,6,10,0,0.990,0.309,4.789,0.822,0.723,0.667,1088.542
827,COMPLETE,4.977,8,195.000,0.6,2,,0.500,750.0,3250.000,2.0,1.000000e-05,0.130,0.800,4,10,0,0.977,0.252,3.831,0.803,0.701,0.624,950.028
828,COMPLETE,7.993,8,225.000,0.6,7,,0.500,750.0,3500.000,2.0,1.000000e-05,0.130,0.800,7,10,0,0.993,0.288,4.424,0.818,0.703,0.529,1086.859
829,COMPLETE,7.993,8,225.000,0.6,7,,0.500,750.0,3500.000,2.0,1.000000e-05,0.130,0.800,7,10,0,0.993,0.288,4.424,0.818,0.703,0.529,1077.863
830,COMPLETE,7.993,8,225.000,0.6,7,,0.500,750.0,3500.000,2.0,1.000000e-05,0.130,0.800,7,10,0,0.993,0.288,4.424,0.818,0.703,0.529,1081.625
831,COMPLETE,7.986,8,195.000,0.6,7,,0.480,750.0,3500.000,2.0,1.000000e-05,0.130,0.800,7,10,0,0.986,0.253,3.782,0.812,0.698,0.529,1000.054
832,COMPLETE,6.961,8,195.000,0.6,7,,0.500,750.0,3750.000,2.0,1.000000e-05,0.130,0.800,6,10,0,0.961,0.242,3.603,0.787,0.676,0.450,984.109
833,COMPLETE,5.905,8,345.000,0.6,2,,0.500,750.0,3250.000,2.0,1.000000e-05,0.110,0.000,5,10,0,0.905,0.431,6.810,0.798,0.592,0.541,1249.771
834,COMPLETE,5.909,8,90.000,0.6,2,,0.500,750.0,3500.000,2.0,1.000000e-05,0.110,0.000,5,10,0,0.909,0.098,1.263,0.807,0.563,0.586,573.256
835,COMPLETE,4.987,8,345.000,0.6,2,,0.500,750.0,3500.000,2.0,1.000000e-05,0.110,0.000,4,10,0,0.987,0.440,6.955,0.805,0.697,0.515,1234.099
836,COMPLETE,5.905,8,345.000,0.6,2,,0.500,750.0,3250.000,2.0,1.000000e-05,0.110,0.000,5,10,0,0.905,0.431,6.810,0.798,0.592,0.541,1240.325
837,COMPLETE,4.987,8,345.000,0.6,2,,0.500,750.0,3500.000,2.0,1.000000e-05,0.110,0.000,4,10,0,0.987,0.440,6.955,0.805,0.697,0.515,1231.557
838,COMPLETE,5.976,8,195.000,0.6,2,,0.500,750.0,3250.000,2.0,1.000000e-05,0.110,0.000,5,10,0,0.976,0.254,3.861,0.808,0.676,0.588,914.324
839,COMPLETE,5.993,8,195.000,0.6,2,,0.540,750.0,3750.000,2.0,1.000000e-05,0.110,0.900,5,10,0,0.993,0.242,3.711,0.811,0.716,0.610,909.137
840,COMPLETE,4.948,8,345.000,0.6,2,,0.540,750.0,3250.000,2.0,1.000000e-05,0.110,0.000,4,10,0,0.948,0.439,7.093,0.789,0.646,0.566,1223.609
841,COMPLETE,5.905,8,345.000,0.6,2,,0.500,750.0,3250.000,2.0,1.000000e-05,0.110,0.000,5,10,0,0.905,0.431,6.810,0.798,0.592,0.541,1223.880
842,COMPLETE,6.987,8,210.000,0.6,2,,0.540,750.0,3250.000,2.0,1.000000e-05,0.110,0.000,6,10,0,0.987,0.273,4.295,0.811,0.714,0.564,977.550
843,COMPLETE,4.948,8,345.000,0.6,2,,0.540,750.0,3250.000,2.0,1.000000e-05,0.110,0.000,4,10,0,0.948,0.439,7.093,0.789,0.646,0.566,1217.254
844,COMPLETE,5.978,8,345.000,0.6,7,,0.540,750.0,3250.000,2.0,1.000000e-05,0.110,0.000,5,10,0,0.978,0.437,7.116,0.816,0.585,0.563,1263.666
845,COMPLETE,9.997,8,195.000,0.6,7,,0.540,750.0,3500.000,2.0,1.000000e-05,0.110,0.000,9,10,0,0.997,0.255,3.969,0.823,0.730,0.577,1006.739
846,COMPLETE,5.978,8,345.000,0.6,7,,0.540,750.0,3250.000,2.0,1.000000e-05,0.110,0.000,5,10,0,0.978,0.437,7.116,0.816,0.585,0.563,1263.617
847,COMPLETE,5.978,8,345.000,0.6,7,,0.540,750.0,3250.000,2.0,1.000000e-05,0.110,0.000,5,10,0,0.978,0.437,7.116,0.816,0.585,0.563,1246.957
848,COMPLETE,7.993,8,210.000,0.6,7,,0.480,750.0,3250.000,2.0,1.000000e-05,0.110,0.000,7,10,0,0.993,0.279,4.273,0.832,0.702,0.529,1036.934
849,COMPLETE,4.924,8,210.000,0.6,7,,0.540,750.0,3500.000,2.0,1.000000e-05,0.110,0.000,4,10,0,0.924,0.263,4.039,0.775,0.633,0.517,978.460
850,COMPLETE,6.916,8,345.000,0.6,7,,0.480,750.0,3250.000,2.0,1.000000e-05,0.110,0.000,6,10,0,0.916,0.442,6.939,0.808,0.601,0.491,1284.676
851,COMPLETE,7.993,8,210.000,0.6,7,,0.480,750.0,3250.000,2.0,1.000000e-05,0.110,0.000,7,10,0,0.993,0.279,4.273,0.832,0.702,0.529,1033.364
852,COMPLETE,6.916,8,345.000,0.6,7,,0.480,750.0,3250.000,2.0,1.000000e-05,0.110,0.000,6,10,0,0.916,0.442,6.939,0.808,0.601,0.491,1287.365
853,COMPLETE,5.978,8,345.000,0.6,7,,0.540,750.0,3250.000,2.0,1.000000e-05,0.110,0.000,5,10,0,0.978,0.437,7.116,0.816,0.585,0.563,1243.125
854,COMPLETE,5.978,8,345.000,0.6,7,,0.540,750.0,3250.000,2.0,1.000000e-05,0.110,0.000,5,10,0,0.978,0.437,7.116,0.816,0.585,0.563,1250.004
855,COMPLETE,7.901,8,210.000,0.6,7,,0.540,750.0,3250.000,2.0,1.000000e-05,0.110,0.000,7,10,0,0.901,0.271,4.266,0.823,0.588,0.509,1025.965
856,COMPLETE,7.969,7,345.000,0.6,7,,0.560,750.0,3250.000,2.0,1.000000e-05,0.110,0.000,7,10,0,0.969,0.412,6.752,0.818,0.642,0.498,1197.413
857,COMPLETE,5.940,8,225.000,0.6,7,,0.560,750.0,3250.000,2.0,1.000000e-05,0.110,0.000,5,10,0,0.940,0.295,4.703,0.814,0.636,0.581,1058.223
858,COMPLETE,8.998,8,225.000,0.6,7,,0.560,750.0,3500.000,2.0,2.500000e-05,0.110,0.000,8,10,0,0.998,0.301,4.315,0.830,0.761,0.616,1083.875
859,COMPLETE,7.955,8,330.000,0.6,7,,0.560,750.0,3500.000,2.0,1.000000e-05,0.110,0.000,7,10,0,0.955,0.415,6.805,0.825,0.634,0.517,1240.012
860,COMPLETE,6.992,8,345.000,0.6,7,,0.560,750.0,3250.000,2.0,1.000000e-05,0.110,0.000,6,10,0,0.992,0.460,7.575,0.811,0.722,0.521,1266.001
861,COMPLETE,5.978,8,345.000,0.6,7,,0.540,750.0,3250.000,2.0,1.000000e-05,0.110,0.000,5,10,0,0.978,0.437,7.116,0.816,0.585,0.563,1263.987
862,COMPLETE,6.992,8,345.000,0.6,7,,0.560,750.0,3250.000,2.0,1.000000e-05,0.110,0.000,6,10,0,0.992,0.460,7.575,0.811,0.722,0.521,1252.265
863,COMPLETE,6.957,8,330.000,0.6,7,,0.560,750.0,3250.000,2.0,1.000000e-05,0.110,0.000,6,10,0,0.957,0.430,7.069,0.819,0.610,0.536,1256.012
864,COMPLETE,6.957,8,330.000,0.6,7,,0.560,750.0,3250.000,2.0,1.000000e-05,0.110,0.000,6,10,0,0.957,0.430,7.069,0.819,0.610,0.536,1244.225
865,COMPLETE,6.957,8,330.000,0.6,7,,0.560,750.0,3250.000,2.0,1.000000e-05,0.110,0.000,6,10,0,0.957,0.430,7.069,0.819,0.610,0.536,1247.269
866,COMPLETE,8.972,8,210.000,0.6,7,,0.560,750.0,3250.000,2.0,1.000000e-05,0.110,0.000,8,10,0,0.972,0.275,4.363,0.809,0.678,0.535,1015.840
867,COMPLETE,7.995,8,195.000,0.6,7,,0.560,750.0,3500.000,2.0,1.000000e-05,0.110,0.000,7,10,0,0.995,0.246,3.857,0.820,0.728,0.523,977.475
868,COMPLETE,4.965,6,195.000,0.6,7,,0.560,750.0,3250.000,2.0,1.000000e-05,0.110,0.000,4,10,0,0.965,0.206,3.148,0.796,0.705,0.490,854.253
869,COMPLETE,8.997,8,345.000,0.6,7,,0.560,750.0,3250.000,2.0,1.000000e-05,0.110,0.900,8,10,0,0.997,0.465,7.686,0.823,0.683,0.537,1302.869
870,COMPLETE,7.968,6,210.000,0.6,7,,0.560,750.0,3250.000,2.0,1.000000e-05,0.110,0.000,7,10,0,0.968,0.233,3.676,0.852,0.677,0.519,893.980
871,COMPLETE,8.972,8,210.000,0.6,7,,0.560,750.0,3250.000,2.0,1.000000e-05,0.110,0.000,8,10,0,0.972,0.275,4.363,0.809,0.678,0.535,1018.458
872,COMPLETE,9.981,8,195.000,0.6,7,,0.560,750.0,3250.000,2.0,2.500000e-05,0.110,0.000,9,10,0,0.981,0.260,3.620,0.822,0.676,0.531,1007.712
873,COMPLETE,9.995,8,210.000,0.6,7,,0.560,750.0,3250.000,2.0,2.500000e-05,0.110,0.000,9,10,0,0.995,0.291,4.220,0.846,0.758,0.565,1045.194
874,COMPLETE,7.952,8,345.000,0.6,7,,0.560,750.0,3250.000,2.0,2.500000e-05,0.110,0.000,7,10,0,0.952,0.454,7.077,0.826,0.670,0.484,1295.482
875,COMPLETE,7.996,8,210.000,0.6,7,,0.560,750.0,3250.000,2.0,2.500000e-05,0.110,0.900,7,10,0,0.996,0.300,4.323,0.825,0.761,0.524,1086.769
876,COMPLETE,9.997,8,225.000,0.6,7,,0.560,750.0,3750.000,2.0,2.500000e-05,0.110,0.000,9,10,0,0.997,0.287,4.026,0.835,0.750,0.473,1048.342
877,COMPLETE,11.000,8,210.000,0.6,7,,0.560,750.0,3750.000,2.0,2.500000e-05,0.110,0.000,10,10,0,1.000,0.275,3.826,0.851,0.755,0.524,1025.810
878,COMPLETE,9.995,8,210.000,0.6,7,,0.560,750.0,3250.000,2.0,2.500000e-05,0.110,0.000,9,10,0,0.995,0.291,4.220,0.846,0.758,0.565,1054.047
879,COMPLETE,11.000,7,210.000,0.6,7,,0.560,750.0,3250.000,2.0,1.000000e-05,0.110,0.000,10,10,0,1.000,0.266,4.240,0.833,0.772,0.483,950.531
880,COMPLETE,9.995,8,210.000,0.6,7,,0.560,750.0,3250.000,2.0,2.500000e-05,0.110,0.000,9,10,0,0.995,0.291,4.220,0.846,0.758,0.565,1031.898
881,COMPLETE,9.995,8,210.000,0.6,7,,0.560,750.0,3250.000,2.0,2.500000e-05,0.110,0.000,9,10,0,0.995,0.291,4.220,0.846,0.758,0.565,1035.718
882,COMPLETE,7.991,8,195.000,0.6,7,,0.560,750.0,3250.000,2.0,2.500000e-05,0.110,0.900,7,10,0,0.991,0.274,3.889,0.836,0.744,0.525,1050.326
883,COMPLETE,8.993,8,210.000,0.6,2,,0.560,750.0,3250.000,2.0,2.500000e-05,0.110,0.000,8,10,0,0.993,0.281,4.024,0.835,0.720,0.575,968.732
884,COMPLETE,7.996,8,210.000,0.6,7,,0.560,750.0,3250.000,2.0,2.500000e-05,0.110,0.900,7,10,0,0.996,0.300,4.323,0.825,0.761,0.524,1095.722
885,COMPLETE,6.953,7,210.000,0.6,7,,0.560,750.0,3250.000,2.0,2.500000e-05,0.110,0.000,6,10,0,0.953,0.263,3.658,0.811,0.742,0.557,972.404
886,COMPLETE,8.999,8,195.000,0.6,7,,0.540,750.0,3250.000,2.0,2.500000e-05,0.110,0.000,8,10,0,0.999,0.263,3.670,0.835,0.741,0.462,1012.819
887,COMPLETE,9.995,8,210.000,0.6,7,,0.560,750.0,3250.000,2.0,2.500000e-05,0.110,0.000,9,10,0,0.995,0.291,4.220,0.846,0.758,0.565,1047.534
888,COMPLETE,9.995,8,210.000,0.6,7,,0.560,750.0,3250.000,2.0,2.500000e-05,0.110,0.000,9,10,0,0.995,0.291,4.220,0.846,0.758,0.565,1036.017
889,COMPLETE,9.981,8,195.000,0.6,7,,0.560,750.0,3250.000,2.0,2.500000e-05,0.110,0.000,9,10,0,0.981,0.260,3.620,0.822,0.676,0.531,1020.402
890,COMPLETE,7.990,8,165.000,0.6,7,,0.560,750.0,3750.000,2.0,2.500000e-05,0.110,0.900,7,10,0,0.990,0.218,2.774,0.829,0.781,0.575,958.203
891,COMPLETE,10.000,8,165.000,0.6,7,,0.560,750.0,3250.000,2.0,2.500000e-05,0.110,0.900,9,10,0,1.000,0.232,3.178,0.841,0.799,0.560,971.458
892,COMPLETE,5.995,8,165.000,0.6,7,,0.560,750.0,3250.000,2.0,2.500000e-05,0.110,0.600,5,10,0,0.995,0.227,3.047,0.816,0.794,0.576,987.521
893,COMPLETE,5.995,8,165.000,0.6,7,,0.560,750.0,3250.000,2.0,2.500000e-05,0.110,0.600,5,10,0,0.995,0.227,3.047,0.816,0.794,0.576,968.170
894,COMPLETE,5.995,8,165.000,0.6,7,,0.560,750.0,3250.000,2.0,2.500000e-05,0.110,0.600,5,10,0,0.995,0.227,3.047,0.816,0.794,0.576,974.793
895,COMPLETE,8.993,8,165.000,0.6,7,,0.560,750.0,3250.000,2.0,2.500000e-05,0.110,0.400,8,10,0,0.993,0.225,3.016,0.826,0.760,0.466,961.557
896,COMPLETE,8.993,8,165.000,0.6,7,,0.560,750.0,3250.000,2.0,2.500000e-05,0.110,0.400,8,10,0,0.993,0.225,3.016,0.826,0.760,0.466,966.204
897,COMPLETE,4.962,8,165.000,0.6,2,,0.560,750.0,3250.000,2.0,2.500000e-05,0.140,0.300,4,10,0,0.962,0.205,2.655,0.784,0.680,0.529,858.637
898,COMPLETE,8.993,8,165.000,0.6,7,,0.560,750.0,3250.000,2.0,2.500000e-05,0.110,0.400,8,10,0,0.993,0.225,3.016,0.826,0.760,0.466,976.014
899,COMPLETE,8.993,8,165.000,0.6,7,,0.560,750.0,3250.000,2.0,2.500000e-05,0.110,0.400,8,10,0,0.993,0.225,3.016,0.826,0.760,0.466,958.059
900,COMPLETE,8.993,8,165.000,0.6,7,,0.560,750.0,3250.000,2.0,2.500000e-05,0.110,0.400,8,10,0,0.993,0.225,3.016,0.826,0.760,0.466,958.617
901,COMPLETE,9.943,8,255.000,0.6,7,,0.560,750.0,3250.000,2.0,2.500000e-05,0.110,0.000,9,10,0,0.943,0.335,4.988,0.830,0.658,0.555,1100.940
902,COMPLETE,8.993,8,165.000,0.6,7,,0.560,750.0,3250.000,2.0,2.500000e-05,0.110,0.400,8,10,0,0.993,0.225,3.016,0.826,0.760,0.466,979.658
903,COMPLETE,8.994,8,165.000,0.6,7,,0.560,750.0,3250.000,2.0,2.500000e-05,0.110,0.000,8,10,0,0.994,0.214,2.853,0.833,0.696,0.522,939.992
904,COMPLETE,8.994,8,165.000,0.6,7,,0.560,750.0,3250.000,2.0,2.500000e-05,0.110,0.000,8,10,0,0.994,0.214,2.853,0.833,0.696,0.522,943.890
905,COMPLETE,8.994,8,165.000,0.6,7,,0.560,750.0,3250.000,2.0,2.500000e-05,0.110,0.000,8,10,0,0.994,0.214,2.853,0.833,0.696,0.522,937.128
906,COMPLETE,8.994,8,165.000,0.6,7,,0.560,750.0,3250.000,2.0,2.500000e-05,0.110,0.000,8,10,0,0.994,0.214,2.853,0.833,0.696,0.522,942.362
907,COMPLETE,8.994,8,165.000,0.6,7,,0.560,750.0,3250.000,2.0,2.500000e-05,0.110,0.000,8,10,0,0.994,0.214,2.853,0.833,0.696,0.522,939.080
908,COMPLETE,8.994,8,165.000,0.6,7,,0.560,750.0,3250.000,2.0,2.500000e-05,0.110,0.000,8,10,0,0.994,0.214,2.853,0.833,0.696,0.522,949.459
909,COMPLETE,11.000,8,165.000,0.6,7,,0.560,750.0,3250.000,2.0,2.500000e-05,0.110,0.500,10,10,0,1.000,0.227,3.081,0.845,0.777,0.598,961.394
910,COMPLETE,11.000,8,165.000,0.6,7,,0.560,750.0,3250.000,2.0,2.500000e-05,0.110,0.500,10,10,0,1.000,0.227,3.081,0.845,0.777,0.598,965.534
911,COMPLETE,11.000,8,165.000,0.6,7,,0.560,750.0,3250.000,2.0,2.500000e-05,0.110,0.500,10,10,0,1.000,0.227,3.081,0.845,0.777,0.598,966.745
912,COMPLETE,11.000,8,165.000,0.6,7,,0.560,750.0,3250.000,2.0,2.500000e-05,0.110,0.500,10,10,0,1.000,0.227,3.081,0.845,0.777,0.598,957.317
913,COMPLETE,11.000,8,165.000,0.6,7,,0.560,750.0,3250.000,2.0,2.500000e-05,0.110,0.500,10,10,0,1.000,0.227,3.081,0.845,0.777,0.598,953.458
914,COMPLETE,11.000,8,165.000,0.6,7,,0.560,750.0,3250.000,2.0,2.500000e-05,0.110,0.500,10,10,0,1.000,0.227,3.081,0.845,0.777,0.598,961.287
915,COMPLETE,11.000,7,165.000,0.6,7,,0.560,750.0,3250.000,2.0,2.500000e-05,0.110,0.500,10,10,0,1.000,0.204,2.643,0.843,0.745,0.603,896.243
916,COMPLETE,8.994,8,165.000,0.6,7,,0.560,750.0,3250.000,2.0,2.500000e-05,0.110,0.000,8,10,0,0.994,0.214,2.853,0.833,0.696,0.522,943.991
917,COMPLETE,11.000,8,165.000,0.6,7,,0.560,750.0,3250.000,2.0,2.500000e-05,0.110,0.500,10,10,0,1.000,0.227,3.081,0.845,0.777,0.598,964.805
918,COMPLETE,9.998,8,165.000,0.6,2,,0.560,750.0,3250.000,2.0,2.500000e-05,0.110,0.500,9,10,0,0.998,0.218,2.922,0.839,0.762,0.588,865.811
919,COMPLETE,5.984,8,165.000,0.6,2,,0.560,750.0,3250.000,2.0,2.500000e-05,0.110,0.400,5,10,0,0.984,0.218,2.870,0.801,0.736,0.570,854.755
920,COMPLETE,7.998,8,195.000,0.6,7,,0.560,750.0,3750.000,2.0,2.500000e-05,0.110,0.400,7,10,0,0.998,0.246,3.298,0.824,0.741,0.541,989.867
921,COMPLETE,8.995,8,165.000,0.6,7,,0.560,750.0,3750.000,2.0,2.500000e-05,0.110,0.500,8,10,0,0.995,0.218,2.777,0.830,0.761,0.518,960.324
922,COMPLETE,11.000,8,165.000,0.6,7,,0.560,750.0,3250.000,2.0,2.500000e-05,0.110,0.500,10,10,0,1.000,0.227,3.081,0.845,0.777,0.598,973.638
923,COMPLETE,3.966,8,255.000,0.6,2,,0.560,750.0,3250.000,2.0,2.500000e-05,0.140,0.500,3,10,0,0.966,0.329,4.815,0.780,0.707,0.582,1096.773
924,COMPLETE,5.987,8,165.000,0.6,7,,0.560,750.0,3750.000,2.0,2.500000e-05,0.140,0.500,5,10,0,0.987,0.201,2.483,0.799,0.715,0.546,917.253
925,COMPLETE,4.985,8,165.000,0.6,2,,0.560,750.0,3750.000,2.0,2.500000e-05,0.140,0.500,4,10,0,0.985,0.195,2.395,0.805,0.721,0.569,850.669
926,COMPLETE,8.998,8,165.000,0.6,7,,0.560,750.0,4250.000,2.0,2.500000e-05,0.140,0.500,8,10,0,0.998,0.193,2.232,0.822,0.721,0.543,928.196
927,COMPLETE,7.981,8,255.000,0.6,7,,0.560,750.0,3750.000,2.0,2.500000e-05,0.140,0.500,7,10,0,0.981,0.314,4.508,0.810,0.685,0.532,1128.213
928,COMPLETE,5.977,8,255.000,0.6,2,,0.560,750.0,4250.000,2.0,2.500000e-05,0.140,0.500,5,10,0,0.977,0.290,3.963,0.796,0.685,0.538,1049.974
929,COMPLETE,5.977,8,255.000,0.6,2,,0.560,750.0,4250.000,2.0,2.500000e-05,0.140,0.500,5,10,0,0.977,0.290,3.963,0.796,0.685,0.538,1039.552
930,COMPLETE,7.984,8,255.000,0.6,7,,0.560,750.0,4250.000,2.0,2.500000e-05,0.140,0.500,7,10,0,0.984,0.304,4.216,0.805,0.737,0.430,1089.238
931,COMPLETE,2.964,8,225.000,0.6,2,,0.560,750.0,4250.000,2.0,2.500000e-05,0.140,0.500,2,10,0,0.964,0.254,3.293,0.783,0.672,0.541,959.998
932,COMPLETE,5.977,8,255.000,0.6,2,,0.560,750.0,4250.000,2.0,2.500000e-05,0.140,0.500,5,10,0,0.977,0.290,3.963,0.796,0.685,0.538,1045.440
933,COMPLETE,3.970,8,225.000,0.6,7,,0.560,750.0,4250.000,2.0,2.500000e-05,0.140,0.500,3,10,0,0.970,0.266,3.485,0.783,0.705,0.561,1040.301
934,COMPLETE,7.998,8,195.000,0.6,7,,0.560,750.0,4250.000,2.0,2.750000e-05,0.140,0.500,7,10,0,0.998,0.236,2.895,0.831,0.753,0.544,985.981
935,COMPLETE,7.984,8,255.000,0.6,7,,0.560,750.0,4250.000,2.0,2.500000e-05,0.140,0.500,7,10,0,0.984,0.304,4.216,0.805,0.737,0.430,1080.456
936,COMPLETE,3.970,8,225.000,0.6,7,,0.560,750.0,4250.000,2.0,2.500000e-05,0.140,0.500,3,10,0,0.970,0.266,3.485,0.783,0.705,0.561,1045.755
937,COMPLETE,5.992,8,225.000,0.6,7,,0.560,750.0,4000.000,2.0,2.500000e-05,0.140,0.500,5,10,0,0.992,0.271,3.677,0.813,0.717,0.520,1050.518
938,COMPLETE,3.973,8,195.000,0.6,7,,0.560,750.0,4250.000,2.0,2.500000e-05,0.140,0.500,3,10,0,0.973,0.226,2.810,0.792,0.700,0.543,980.391
939,COMPLETE,6.988,7,255.000,0.6,7,,0.560,750.0,4250.000,2.0,2.750000e-05,0.140,0.500,6,10,0,0.988,0.272,3.572,0.817,0.731,0.459,1037.164
940,COMPLETE,3.972,8,255.000,0.6,7,,0.560,750.0,4000.000,2.0,2.750000e-05,0.140,0.500,3,10,0,0.972,0.314,4.284,0.783,0.691,0.557,1107.298
941,COMPLETE,8.991,8,255.000,0.6,7,,0.560,750.0,3750.000,2.0,2.500000e-05,0.110,0.500,8,10,0,0.991,0.334,4.833,0.820,0.751,0.404,1149.330
942,COMPLETE,8.991,8,255.000,0.6,7,,0.560,750.0,3750.000,2.0,2.500000e-05,0.110,0.500,8,10,0,0.991,0.334,4.833,0.820,0.751,0.404,1161.945
943,COMPLETE,8.991,8,255.000,0.6,7,,0.560,750.0,3750.000,2.0,2.500000e-05,0.110,0.500,8,10,0,0.991,0.334,4.833,0.820,0.751,0.404,1148.129
944,COMPLETE,7.981,8,255.000,0.6,7,,0.560,750.0,3750.000,2.0,2.500000e-05,0.140,0.500,7,10,0,0.981,0.314,4.508,0.810,0.685,0.532,1112.089
945,COMPLETE,7.991,8,255.000,0.6,7,,0.560,750.0,4000.000,2.0,2.500000e-05,0.110,0.500,7,10,0,0.991,0.315,4.474,0.820,0.750,0.569,1129.485
946,COMPLETE,7.991,8,255.000,0.6,7,,0.560,750.0,4000.000,2.0,2.500000e-05,0.110,0.500,7,10,0,0.991,0.315,4.474,0.820,0.750,0.569,1127.778
947,COMPLETE,7.991,8,255.000,0.6,7,,0.560,750.0,4000.000,2.0,2.500000e-05,0.110,0.500,7,10,0,0.991,0.315,4.474,0.820,0.750,0.569,1127.357
948,COMPLETE,9.997,8,255.000,0.6,2,,0.560,750.0,3750.000,2.0,2.500000e-05,0.110,0.500,9,10,0,0.997,0.325,4.734,0.843,0.741,0.530,1096.034
949,COMPLETE,5.991,8,225.000,0.6,2,,0.560,750.0,4000.000,2.0,2.500000e-05,0.110,0.500,5,10,0,0.991,0.269,3.659,0.812,0.756,0.570,983.220
950,COMPLETE,6.963,8,255.000,0.6,2,,0.560,750.0,4000.000,2.0,2.500000e-05,0.110,0.500,6,10,0,0.963,0.324,4.567,0.798,0.724,0.611,1097.599
951,COMPLETE,7.995,8,255.000,0.6,2,,0.560,750.0,4000.000,2.0,2.750000e-05,0.110,0.500,7,10,0,0.995,0.312,4.344,0.828,0.748,0.602,1083.301
952,COMPLETE,8.986,8,195.000,0.6,3,,0.560,750.0,4000.000,2.0,2.500000e-05,0.110,0.500,8,10,0,0.986,0.245,3.225,0.830,0.749,0.554,945.081
953,COMPLETE,8.998,8,195.000,0.6,2,,0.560,750.0,4000.000,2.0,2.500000e-05,0.110,0.500,8,10,0,0.998,0.228,2.934,0.825,0.706,0.469,911.496
954,COMPLETE,8.998,8,195.000,0.6,2,,0.560,750.0,4000.000,2.0,2.500000e-05,0.110,0.500,8,10,0,0.998,0.228,2.934,0.825,0.706,0.469,905.705
955,COMPLETE,8.949,8,195.000,0.6,2,,0.560,750.0,5500.000,2.0,2.500000e-05,0.110,0.500,8,10,0,0.949,0.207,2.219,0.827,0.732,0.523,897.998
956,COMPLETE,8.998,8,195.000,0.6,2,,0.560,750.0,4000.000,2.0,2.500000e-05,0.110,0.500,8,10,0,0.998,0.228,2.934,0.825,0.706,0.469,915.865
957,COMPLETE,8.998,8,195.000,0.6,2,,0.560,750.0,4000.000,2.0,2.500000e-05,0.110,0.500,8,10,0,0.998,0.228,2.934,0.825,0.706,0.469,911.268
958,COMPLETE,8.998,8,195.000,0.6,2,,0.560,750.0,4000.000,2.0,2.500000e-05,0.110,0.500,8,10,0,0.998,0.228,2.934,0.825,0.706,0.469,911.464
959,COMPLETE,9.974,8,195.000,0.6,7,,0.560,750.0,4000.000,2.0,2.500000e-05,0.110,0.500,9,10,0,0.974,0.247,3.209,0.810,0.754,0.621,1005.355
960,COMPLETE,5.991,8,225.000,0.6,2,,0.560,750.0,4000.000,2.0,2.500000e-05,0.110,0.500,5,10,0,0.991,0.269,3.659,0.812,0.756,0.570,993.889
961,COMPLETE,8.998,8,195.000,0.6,2,,0.560,750.0,4000.000,2.0,2.500000e-05,0.110,0.500,8,10,0,0.998,0.228,2.934,0.825,0.706,0.469,906.309
962,COMPLETE,9.974,8,195.000,0.6,7,,0.560,750.0,4000.000,2.0,2.500000e-05,0.110,0.500,9,10,0,0.974,0.247,3.209,0.810,0.754,0.621,1025.423
963,COMPLETE,6.954,8,195.000,0.6,2,,0.560,750.0,4000.000,2.0,2.750000e-05,0.110,0.500,6,10,0,0.954,0.236,2.947,0.807,0.737,0.581,939.649
964,COMPLETE,8.998,8,195.000,0.6,2,,0.560,750.0,4000.000,2.0,2.500000e-05,0.110,0.500,8,10,0,0.998,0.228,2.934,0.825,0.706,0.469,916.758
965,COMPLETE,8.998,8,195.000,0.6,2,,0.560,750.0,4000.000,2.0,2.500000e-05,0.110,0.500,8,10,0,0.998,0.228,2.934,0.825,0.706,0.469,924.333
966,COMPLETE,5.972,8,225.000,0.6,2,,0.560,750.0,3250.000,2.0,2.500000e-05,0.110,0.500,5,10,0,0.972,0.300,4.325,0.800,0.717,0.538,1017.135
967,COMPLETE,9.999,8,225.000,0.6,2,,0.560,750.0,3250.000,2.0,2.500000e-05,0.110,0.400,9,10,0,0.999,0.300,4.366,0.829,0.756,0.518,1022.726
968,COMPLETE,7.990,8,225.000,0.6,7,,0.560,750.0,3250.000,2.0,2.500000e-05,0.110,0.400,7,10,0,0.990,0.302,4.400,0.826,0.726,0.494,1104.539
969,COMPLETE,5.991,8,225.000,0.6,2,,0.560,750.0,4000.000,2.0,2.500000e-05,0.110,0.500,5,10,0,0.991,0.269,3.659,0.812,0.756,0.570,980.896
970,COMPLETE,9.999,8,225.000,0.6,2,,0.560,750.0,3250.000,2.0,2.500000e-05,0.110,0.400,9,10,0,0.999,0.300,4.366,0.829,0.756,0.518,1024.613
971,COMPLETE,9.999,8,225.000,0.6,2,,0.560,750.0,3250.000,2.0,2.500000e-05,0.110,0.400,9,10,0,0.999,0.300,4.366,0.829,0.756,0.518,1024.049
972,COMPLETE,6.981,8,195.000,0.6,2,,0.560,750.0,3250.000,2.0,2.500000e-05,0.110,0.500,6,10,0,0.981,0.257,3.598,0.818,0.743,0.560,959.316
973,COMPLETE,9.999,8,225.000,0.6,2,,0.560,750.0,3250.000,2.0,2.500000e-05,0.110,0.400,9,10,0,0.999,0.300,4.366,0.829,0.756,0.518,1026.012
974,COMPLETE,8.998,8,225.000,0.6,3,,0.560,750.0,3250.000,2.0,2.500000e-05,0.110,0.400,8,10,0,0.998,0.312,4.570,0.837,0.704,0.487,1070.454
975,COMPLETE,9.999,8,225.000,0.6,2,,0.560,750.0,3250.000,2.0,2.500000e-05,0.110,0.400,9,10,0,0.999,0.300,4.366,0.829,0.756,0.518,1028.867
976,COMPLETE,4.897,8,345.000,0.6,2,,0.560,750.0,3250.000,2.0,2.500000e-05,0.110,0.400,4,10,0,0.897,0.454,6.994,0.791,0.594,0.500,1221.118
977,COMPLETE,4.897,8,345.000,0.6,2,,0.560,750.0,3250.000,2.0,2.500000e-05,0.110,0.400,4,10,0,0.897,0.454,6.994,0.791,0.594,0.500,1257.331
978,COMPLETE,9.998,8,345.000,0.6,2,,0.560,750.0,3250.000,2.0,2.500000e-05,0.110,0.500,9,10,0,0.998,0.467,7.337,0.831,0.731,0.556,1299.550
979,COMPLETE,5.938,8,345.000,0.6,2,,0.560,750.0,3250.000,2.0,2.750000e-05,0.110,0.400,5,10,0,0.938,0.448,6.872,0.815,0.589,0.588,1275.127
980,COMPLETE,9.998,8,165.000,0.6,2,,0.560,750.0,3250.000,2.0,2.500000e-05,0.110,0.500,9,10,0,0.998,0.218,2.922,0.839,0.762,0.588,870.273
981,COMPLETE,4.897,8,345.000,0.6,2,,0.560,750.0,3250.000,2.0,2.500000e-05,0.110,0.400,4,10,0,0.897,0.454,6.994,0.791,0.594,0.500,1230.516
982,COMPLETE,9.998,8,345.000,0.6,2,,0.560,750.0,3250.000,2.0,2.500000e-05,0.110,0.500,9,10,0,0.998,0.467,7.337,0.831,0.731,0.556,1285.283
983,COMPLETE,9.993,8,345.000,0.6,2,,0.560,750.0,5000.000,2.0,2.500000e-05,0.110,0.500,9,10,0,0.993,0.385,5.572,0.845,0.720,0.509,1230.994
984,COMPLETE,9.998,8,345.000,0.6,2,,0.560,750.0,3250.000,2.0,2.500000e-05,0.110,0.500,9,10,0,0.998,0.467,7.337,0.831,0.731,0.556,1280.781
985,COMPLETE,4.897,8,345.000,0.6,2,,0.560,750.0,3250.000,2.0,2.500000e-05,0.110,0.400,4,10,0,0.897,0.454,6.994,0.791,0.594,0.500,1235.657
986,COMPLETE,6.984,8,225.000,0.6,2,,0.560,750.0,3000.000,2.0,2.000000e-05,0.110,0.400,6,10,0,0.984,0.307,4.642,0.805,0.683,0.505,997.724
987,COMPLETE,6.939,8,345.000,0.6,2,,0.560,750.0,3250.000,2.0,2.000000e-05,0.110,0.400,6,10,0,0.939,0.450,7.105,0.806,0.594,0.515,1237.260
988,COMPLETE,6.939,8,345.000,0.6,2,,0.560,750.0,3250.000,2.0,2.000000e-05,0.110,0.400,6,10,0,0.939,0.450,7.105,0.806,0.594,0.515,1236.263
989,COMPLETE,4.897,8,345.000,0.6,2,,0.560,750.0,3250.000,2.0,2.500000e-05,0.110,0.400,4,10,0,0.897,0.454,6.994,0.791,0.594,0.500,1253.875
990,COMPLETE,6.939,8,345.000,0.6,2,,0.560,750.0,3250.000,2.0,2.000000e-05,0.110,0.400,6,10,0,0.939,0.450,7.105,0.806,0.594,0.515,1220.211
991,COMPLETE,4.897,8,345.000,0.6,2,,0.560,750.0,3250.000,2.0,2.500000e-05,0.110,0.400,4,10,0,0.897,0.454,6.994,0.791,0.594,0.500,1234.272
992,COMPLETE,6.939,8,345.000,0.6,2,,0.560,750.0,3250.000,2.0,2.000000e-05,0.110,0.400,6,10,0,0.939,0.450,7.105,0.806,0.594,0.515,1240.420
993,COMPLETE,6.939,8,345.000,0.6,2,,0.560,750.0,3250.000,2.0,2.000000e-05,0.110,0.400,6,10,0,0.939,0.450,7.105,0.806,0.594,0.515,1248.506
994,COMPLETE,4.897,8,345.000,0.6,2,,0.560,750.0,3250.000,2.0,2.500000e-05,0.110,0.400,4,10,0,0.897,0.454,6.994,0.791,0.594,0.500,1238.533
995,COMPLETE,4.897,8,345.000,0.6,2,,0.560,750.0,3250.000,2.0,2.500000e-05,0.110,0.400,4,10,0,0.897,0.454,6.994,0.791,0.594,0.500,1238.559
996,COMPLETE,4.897,8,345.000,0.6,2,,0.560,750.0,3250.000,2.0,2.500000e-05,0.110,0.400,4,10,0,0.897,0.454,6.994,0.791,0.594,0.500,1242.361
997,COMPLETE,7.972,8,345.000,0.6,2,,0.560,750.0,3000.000,2.0,2.000000e-05,0.110,0.400,7,10,0,0.972,0.472,7.552,0.817,0.680,0.481,1257.977
998,COMPLETE,7.972,8,345.000,0.6,2,,0.560,750.0,3000.000,2.0,2.000000e-05,0.110,0.400,7,10,0,0.972,0.472,7.552,0.817,0.680,0.481,1268.570
999,COMPLETE,7.981,8,345.000,0.6,2,,0.560,750.0,5000.000,2.0,2.000000e-05,0.110,0.400,7,10,0,0.981,0.387,5.827,0.844,0.700,0.548,1211.216
1000,COMPLETE,7.981,8,345.000,0.6,2,,0.560,750.0,5000.000,2.0,2.000000e-05,0.110,0.400,7,10,0,0.981,0.387,5.827,0.844,0.700,0.548,1175.509
1001,COMPLETE,7.981,8,345.000,0.6,2,,0.560,750.0,5000.000,2.0,2.000000e-05,0.110,0.400,7,10,0,0.981,0.387,5.827,0.844,0.700,0.548,1204.622
1002,COMPLETE,7.981,8,345.000,0.6,2,,0.560,750.0,5000.000,2.0,2.000000e-05,0.110,0.400,7,10,0,0.981,0.387,5.827,0.844,0.700,0.548,1198.413
1003,COMPLETE,10.000,8,195.000,0.6,2,,0.560,750.0,5000.000,2.0,2.000000e-05,0.110,0.400,9,10,0,1.000,0.213,2.686,0.847,0.742,0.599,910.976
1004,COMPLETE,7.981,8,345.000,0.6,2,,0.560,750.0,5000.000,2.0,2.000000e-05,0.110,0.400,7,10,0,0.981,0.387,5.827,0.844,0.700,0.548,1176.334
1005,COMPLETE,7.981,8,345.000,0.6,2,,0.560,750.0,5000.000,2.0,2.000000e-05,0.110,0.400,7,10,0,0.981,0.387,5.827,0.844,0.700,0.548,1206.069
1006,COMPLETE,7.981,8,345.000,0.6,2,,0.560,750.0,5000.000,2.0,2.000000e-05,0.110,0.400,7,10,0,0.981,0.387,5.827,0.844,0.700,0.548,1204.389
1007,COMPLETE,7.981,8,345.000,0.6,2,,0.560,750.0,5000.000,2.0,2.000000e-05,0.110,0.400,7,10,0,0.981,0.387,5.827,0.844,0.700,0.548,1182.353
1008,COMPLETE,7.981,8,345.000,0.6,2,,0.560,750.0,5000.000,2.0,2.000000e-05,0.110,0.400,7,10,0,0.981,0.387,5.827,0.844,0.700,0.548,1193.025
1009,COMPLETE,7.981,8,345.000,0.6,2,,0.560,750.0,5000.000,2.0,2.000000e-05,0.110,0.400,7,10,0,0.981,0.387,5.827,0.844,0.700,0.548,1192.149
1010,COMPLETE,7.981,8,345.000,0.6,2,,0.560,750.0,5000.000,2.0,2.000000e-05,0.110,0.400,7,10,0,0.981,0.387,5.827,0.844,0.700,0.548,1200.493
1011,COMPLETE,7.981,8,345.000,0.6,2,,0.560,750.0,5000.000,2.0,2.000000e-05,0.110,0.400,7,10,0,0.981,0.387,5.827,0.844,0.700,0.548,1190.337
1012,COMPLETE,7.981,8,345.000,0.6,2,,0.560,750.0,5000.000,2.0,2.000000e-05,0.110,0.400,7,10,0,0.981,0.387,5.827,0.844,0.700,0.548,1203.431
1013,COMPLETE,7.981,8,345.000,0.6,2,,0.560,750.0,5000.000,2.0,2.000000e-05,0.110,0.400,7,10,0,0.981,0.387,5.827,0.844,0.700,0.548,1204.587
1014,COMPLETE,7.981,8,345.000,0.6,2,,0.560,750.0,5000.000,2.0,2.000000e-05,0.110,0.400,7,10,0,0.981,0.387,5.827,0.844,0.700,0.548,1199.399
1015,COMPLETE,9.999,8,225.000,0.6,2,,0.560,750.0,5250.000,2.0,2.000000e-05,0.110,0.400,9,10,0,0.999,0.250,3.270,0.833,0.751,0.593,963.874
1016,COMPLETE,8.992,8,345.000,0.6,2,,0.560,750.0,5250.000,2.0,2.000000e-05,0.110,0.400,8,10,0,0.992,0.372,5.522,0.837,0.717,0.456,1184.303
1017,COMPLETE,5.986,8,345.000,0.6,2,,0.560,750.0,5000.000,2.0,1.250000e-05,0.110,0.400,5,10,0,0.986,0.375,5.874,0.814,0.696,0.487,1193.693
1018,COMPLETE,7.944,8,225.000,0.6,2,,0.560,750.0,5000.000,2.0,2.000000e-05,0.110,0.400,7,10,0,0.944,0.250,3.349,0.836,0.694,0.568,971.404
1019,COMPLETE,7.981,8,345.000,0.6,2,,0.560,750.0,5000.000,2.0,2.000000e-05,0.110,0.400,7,10,0,0.981,0.387,5.827,0.844,0.700,0.548,1194.268
1020,COMPLETE,10.000,8,195.000,0.6,2,,0.560,750.0,5000.000,2.0,2.000000e-05,0.110,0.400,9,10,0,1.000,0.213,2.686,0.847,0.742,0.599,900.341
1021,COMPLETE,7.981,8,345.000,0.6,2,,0.560,750.0,5000.000,2.0,2.000000e-05,0.110,0.400,7,10,0,0.981,0.387,5.827,0.844,0.700,0.548,1209.905
1022,COMPLETE,7.981,8,345.000,0.6,2,,0.560,750.0,5000.000,2.0,2.000000e-05,0.110,0.400,7,10,0,0.981,0.387,5.827,0.844,0.700,0.548,1190.945
1023,COMPLETE,7.981,8,345.000,0.6,2,,0.560,750.0,5000.000,2.0,2.000000e-05,0.110,0.400,7,10,0,0.981,0.387,5.827,0.844,0.700,0.548,1189.761
