condition,sweep,food_site_count,food_site_radius,food_site_capacity,food_value,seed,generations,final_directional_bias,final_receiver_attention,final_search_limit,final_dance_propensity,final_comb_tilt,final_success,final_payoff,final_follower_success_rate,final_matched_searcher_success_rate,final_recruitment_advantage,final_dance_follow_share,tail_recruitment_advantage,tail_follower_success_rate,tail_matched_searcher_success_rate,tail_dance_follow_share
c1_r15m,grid,1,15.000000,6,1.000000,412,60,0.524860,0.322802,1761.277839,0.797880,0.000000,0.000361,0.001000,0.000000,0.000000,0.000000,0.000000,0.000000,0.000000,0.000000,0.150000
c1_r15m,grid,1,15.000000,6,1.000000,415,60,0.421993,0.526884,1604.532190,0.704759,0.000000,0.000250,0.001000,0.000000,0.000000,0.000000,0.000000,0.000000,0.000000,0.000000,0.000000
c1_r15m,grid,1,15.000000,6,1.000000,413,60,0.696107,0.510679,1054.444041,0.521207,0.000000,0.000167,0.001000,0.000000,0.000000,0.000000,0.000000,0.000000,0.000000,0.000000,0.000000
c1_r15m,grid,1,15.000000,6,1.000000,414,60,0.284674,0.615733,781.074636,0.725319,0.000000,0.000083,0.001000,0.000000,0.000000,0.000000,0.000000,0.000000,0.000000,0.000000,0.050000
c1_r37.5m,grid,1,37.500000,6,1.000000,413,60,0.136809,0.346917,1462.249149,0.266128,0.000000,0.000500,0.001000,0.111111,0.000000,0.111111,0.310345,0.019444,0.044444,0.025000,0.359319
c1_r37.5m,grid,1,37.500000,6,1.000000,411,60,0.274510,0.271034,1575.058842,0.664537,0.000000,0.000694,0.001000,0.000000,0.023256,-0.023256,0.140000,0.035342,0.043077,0.007735,0.223601
c1_r15m,grid,1,15.000000,6,1.000000,401,60,0.512498,0.767546,2674.660008,0.443468,0.000000,0.000389,0.001000,0.000000,0.000000,0.000000,0.000000,0.016667,0.016667,0.000000,0.275000
c1_r15m,grid,1,15.000000,6,1.000000,409,60,0.188873,0.676998,3886.071190,0.524384,0.000000,0.001083,0.001000,0.000000,0.000000,0.000000,0.000000,0.000000,0.000000,0.000000,0.200000
c1_r15m,grid,1,15.000000,6,1.000000,423,60,0.470535,0.213407,2297.095855,0.646834,0.000000,0.000389,0.001000,0.000000,0.142857,-0.142857,0.000000,-0.014286,0.000000,0.014286,0.020000
c1_r15m,grid,1,15.000000,6,1.000000,410,60,0.284286,0.393506,1966.379605,0.267007,0.000000,0.000389,0.001000,0.000000,0.000000,0.000000,0.000000,0.000000,0.000000,0.000000,0.103333
c1_r15m,grid,1,15.000000,6,1.000000,403,60,0.264875,0.313917,3856.991156,0.524292,0.000000,0.000944,0.001000,0.000000,0.000000,0.000000,0.000000,0.014286,0.014286,0.000000,0.262500
c1_r15m,grid,1,15.000000,6,1.000000,417,60,0.415651,0.272092,3063.774729,0.514211,0.000000,0.000389,0.001000,0.000000,0.000000,0.000000,0.000000,0.000000,0.000000,0.000000,0.020000
c1_r37.5m,grid,1,37.500000,6,1.000000,403,60,0.570930,0.436709,1854.037364,0.544249,0.000000,0.000972,0.001000,0.181818,0.000000,0.181818,0.478261,0.028797,0.036598,0.007801,0.396955
c1_r15m,grid,1,15.000000,6,1.000000,400,60,0.283915,0.184602,2884.230448,0.692990,0.000000,0.000417,0.001000,0.000000,0.000000,0.000000,0.000000,0.000000,0.000000,0.000000,0.050857
c1_r15m,grid,1,15.000000,6,1.000000,430,60,0.446154,0.495702,2564.015818,0.458997,0.000000,0.000722,0.001000,0.000000,0.000000,0.000000,0.000000,0.000000,0.000000,0.000000,0.066667
c1_r15m,grid,1,15.000000,6,1.000000,427,60,0.346193,0.390712,3321.125386,0.761599,0.000000,0.000667,0.001000,0.000000,0.000000,0.000000,0.000000,0.000000,0.000000,0.000000,0.025000
c1_r15m,grid,1,15.000000,6,1.000000,445,60,0.223058,0.582476,1902.039940,0.262124,0.000000,0.000444,0.001000,0.000000,0.000000,0.000000,0.000000,0.000000,0.000000,0.000000,0.014286
c1_r15m,grid,1,15.000000,6,1.000000,418,60,0.577800,0.318101,2055.445763,0.769215,0.000000,0.000361,0.001000,0.000000,0.000000,0.000000,0.000000,0.000000,0.000000,0.000000,0.020000
c1_r15m,grid,1,15.000000,6,1.000000,408,60,0.175580,0.455908,4664.036768,0.427984,0.000000,0.000722,0.001000,0.000000,0.000000,0.000000,1.000000,0.000000,0.000000,0.000000,0.100000
c1_r15m,grid,1,15.000000,6,1.000000,411,60,0.405971,0.233658,2902.918697,0.524356,0.000000,0.000750,0.001000,0.000000,0.000000,0.000000,0.000000,0.000000,0.000000,0.000000,0.100794
c1_r15m,grid,1,15.000000,6,1.000000,419,60,0.696128,0.571117,2446.871869,0.583631,0.000000,0.000528,0.001000,0.142857,0.000000,0.142857,0.777778,0.014286,0.014286,0.000000,0.102778
c1_r15m,grid,1,15.000000,6,1.000000,449,60,0.339120,0.403310,1245.707198,0.632805,0.000000,0.000333,0.001000,0.000000,0.000000,0.000000,0.000000,0.000000,0.000000,0.000000,0.053571
c1_r15m,grid,1,15.000000,6,1.000000,432,60,0.161668,0.133823,3238.276459,0.855118,0.000000,0.000556,0.001000,0.000000,0.000000,0.000000,0.000000,-0.014286,0.000000,0.014286,0.062500
c1_r15m,grid,1,15.000000,6,1.000000,426,60,0.502195,0.368337,3435.434767,0.586189,0.000000,0.000694,0.001000,0.000000,0.000000,0.000000,0.000000,0.000000,0.000000,0.000000,0.200000
c1_r15m,grid,1,15.000000,6,1.000000,433,60,0.399324,0.224428,1940.655941,0.331516,0.000000,0.000361,0.001000,0.000000,0.000000,0.000000,0.000000,0.000000,0.000000,0.000000,0.070000
c1_r37.5m,grid,1,37.500000,6,1.000000,412,60,0.485005,0.186592,2281.442626,0.790284,0.000000,0.001139,0.001000,0.000000,0.000000,0.000000,0.237288,0.027784,0.044946,0.017162,0.244477
c1_r15m,grid,1,15.000000,6,1.000000,402,60,0.342343,0.425406,3963.086531,0.159816,0.000000,0.000778,0.001000,0.000000,0.000000,0.000000,0.000000,0.000000,0.000000,0.000000,0.000000
c1_r15m,grid,1,15.000000,6,1.000000,436,60,0.214641,0.531845,1656.917795,0.800988,0.000000,0.000194,0.001000,0.000000,0.000000,0.000000,0.000000,0.000000,0.000000,0.000000,0.000000
c1_r15m,grid,1,15.000000,6,1.000000,437,60,0.489091,0.375467,2736.388044,0.384007,0.000000,0.000417,0.001000,0.000000,0.000000,0.000000,0.000000,0.000000,0.000000,0.000000,0.033333
c1_r37.5m,grid,1,37.500000,6,1.000000,406,60,0.335778,0.734321,1205.794315,0.733316,0.000000,0.000611,0.001000,0.083333,0.000000,0.083333,0.571429,0.024214,0.049214,0.025000,0.765560
c1_r15m,grid,1,15.000000,6,1.000000,440,60,0.273768,0.422686,2351.595219,0.757359,0.000000,0.000444,0.001000,0.000000,0.000000,0.000000,0.000000,0.000000,0.000000,0.000000,0.026316
c1_r15m,grid,1,15.000000,6,1.000000,406,60,0.456280,0.347930,2031.520423,0.701840,0.000000,0.000389,0.001000,0.000000,0.000000,0.000000,1.000000,0.000000,0.000000,0.000000,0.100000
c1_r15m,grid,1,15.000000,6,1.000000,442,60,0.240818,0.516258,3336.669187,0.686675,0.000000,0.000889,0.001000,0.000000,0.000000,0.000000,1.000000,0.033333,0.033333,0.000000,0.230357
c1_r15m,grid,1,15.000000,6,1.000000,405,60,0.560251,0.319736,2981.369197,0.609239,0.000000,0.000694,0.001000,0.000000,0.000000,0.000000,0.333333,0.000000,0.000000,0.000000,0.058333
c1_r15m,grid,1,15.000000,6,1.000000,416,60,0.368965,0.540703,2112.591662,0.672271,0.000000,0.000389,0.001000,0.000000,0.000000,0.000000,0.000000,-0.020000,0.000000,0.020000,0.044444
c1_r15m,grid,1,15.000000,6,1.000000,420,60,0.366806,0.174500,1918.407575,0.841269,0.000000,0.000528,0.001000,0.000000,0.000000,0.000000,0.777778,0.000000,0.000000,0.000000,0.191111
c1_r15m,grid,1,15.000000,6,1.000000,439,60,0.337735,0.267593,3466.862686,0.562073,0.000000,0.000861,0.001000,0.000000,0.000000,0.000000,0.000000,0.000000,0.000000,0.000000,0.033333
c1_r15m,grid,1,15.000000,6,1.000000,444,60,0.414410,0.359053,2366.267779,0.509237,0.000000,0.000583,0.001000,0.000000,0.000000,0.000000,0.000000,0.000000,0.000000,0.000000,0.011111
c1_r15m,grid,1,15.000000,6,1.000000,435,60,0.510082,0.517615,1551.782340,0.605434,0.000000,0.000278,0.001000,0.000000,0.000000,0.000000,0.000000,0.000000,0.000000,0.000000,0.023611
c1_r15m,grid,1,15.000000,6,1.000000,434,60,0.552007,0.142658,4674.676548,0.809408,0.000000,0.000778,0.001000,0.000000,0.000000,0.000000,0.000000,0.000000,0.000000,0.000000,0.062222
c1_r15m,grid,1,15.000000,6,1.000000,407,60,0.129356,0.244283,1720.727068,0.401061,0.000000,0.000250,0.001000,0.000000,0.000000,0.000000,0.000000,0.000000,0.000000,0.000000,0.000000
c1_r15m,grid,1,15.000000,6,1.000000,404,60,0.239273,0.278980,2618.811474,0.644368,0.000000,0.000806,0.001000,0.000000,0.000000,0.000000,0.137931,0.000000,0.000000,0.000000,0.080460
c1_r15m,grid,1,15.000000,6,1.000000,425,60,0.329035,0.129772,2756.904110,0.492369,0.000000,0.000667,0.001000,0.000000,0.000000,0.000000,0.000000,0.000000,0.000000,0.000000,0.000000
c1_r15m,grid,1,15.000000,6,1.000000,429,60,0.456049,0.231415,2804.306083,0.729029,0.000000,0.000500,0.001000,0.000000,0.000000,0.000000,0.000000,0.000000,0.000000,0.000000,0.100000
c1_r15m,grid,1,15.000000,6,1.000000,447,60,0.306337,0.405144,2432.248056,0.686246,0.000000,0.000472,0.001000,0.000000,0.000000,0.000000,0.000000,-0.016667,0.000000,0.016667,0.193333
c1_r37.5m,grid,1,37.500000,6,1.000000,404,60,0.209447,0.204649,2978.429069,0.729382,0.000000,0.001778,0.001000,0.000000,0.000000,0.000000,0.162500,0.038072,0.048803,0.010732,0.179375
c1_r15m,grid,1,15.000000,6,1.000000,441,60,0.224481,0.759378,2926.447337,0.714165,0.000000,0.000583,0.001000,0.000000,0.000000,0.000000,0.571429,0.036111,0.036111,0.000000,0.257143
c1_r37.5m,grid,1,37.500000,6,1.000000,407,60,0.486396,0.401407,1983.013311,0.643732,0.000000,0.001250,0.001000,0.038462,0.000000,0.038462,0.456140,0.035404,0.052424,0.017019,0.449925
c1_r37.5m,grid,1,37.500000,6,1.000000,405,60,0.259954,0.142168,3364.887482,0.417067,0.000000,0.002000,0.001000,0.200000,0.038462,0.161538,0.087719,0.047881,0.070285,0.022404,0.175613
c1_r15m,grid,1,15.000000,6,1.000000,428,60,0.543845,0.227412,2370.699032,0.871396,0.000000,0.000278,0.001000,0.000000,0.000000,0.000000,0.000000,0.000000,0.000000,0.000000,0.000000
c1_r15m,grid,1,15.000000,6,1.000000,446,60,0.511124,0.325398,2944.869421,0.659013,0.000000,0.000472,0.001000,0.000000,0.000000,0.000000,0.000000,0.000000,0.000000,0.000000,0.063333
c1_r15m,grid,1,15.000000,6,1.000000,448,60,0.410643,0.262080,4241.537539,0.539133,0.000000,0.000889,0.001000,0.000000,0.000000,0.000000,0.000000,0.012857,0.020000,0.007143,0.075556
c1_r15m,grid,1,15.000000,6,1.000000,424,60,0.432623,0.231754,3317.734115,0.853575,0.000000,0.000500,0.001000,0.000000,0.000000,0.000000,0.333333,0.050000,0.050000,0.000000,0.183333
c1_r37.5m,grid,1,37.500000,6,1.000000,400,60,0.435850,0.414988,2359.607954,0.629247,0.000000,0.001250,0.001000,0.028571,0.032258,-0.003687,0.530303,0.053760,0.067469,0.013709,0.452953
c1_r37.5m,grid,1,37.500000,6,1.000000,401,60,0.250022,0.337155,3927.369862,0.686898,0.000000,0.001722,0.001000,0.000000,0.010989,-0.010989,0.247934,0.022650,0.034184,0.011534,0.378538
c1_r15m,grid,1,15.000000,6,1.000000,431,60,0.372235,0.336523,4469.099168,0.599638,0.000000,0.000778,0.001000,0.000000,0.000000,0.000000,0.000000,0.000000,0.000000,0.000000,0.020000
c1_r37.5m,grid,1,37.500000,6,1.000000,410,60,0.214887,0.513142,2741.822749,0.797419,0.000000,0.001639,0.001000,0.014085,0.047619,-0.033535,0.628319,0.023573,0.036518,0.012945,0.399915
c1_r15m,grid,1,15.000000,6,1.000000,443,60,0.564181,0.410499,3495.293367,0.639349,0.000000,0.001167,0.001000,0.000000,0.000000,0.000000,0.555556,0.000000,0.000000,0.000000,0.105556
c1_r37.5m,grid,1,37.500000,6,1.000000,402,60,0.285997,0.348300,3170.802942,0.521562,0.000000,0.001639,0.001000,0.000000,0.000000,0.000000,0.604167,0.043449,0.058612,0.015163,0.322757
c1_r15m,grid,1,15.000000,6,1.000000,438,60,0.409990,0.255503,2853.513031,0.564939,0.000000,0.000583,0.001000,0.000000,0.000000,0.000000,0.000000,0.000000,0.000000,0.000000,0.000000
c1_r37.5m,grid,1,37.500000,6,1.000000,408,60,0.611289,0.456078,2739.067013,0.614992,0.000000,0.001444,0.001000,0.117647,0.074074,0.043573,0.386364,0.057757,0.076278,0.018521,0.485870
c1_r15m,grid,1,15.000000,6,1.000000,421,60,0.582991,0.488670,3466.158317,0.682979,0.000000,0.000750,0.001000,0.000000,0.000000,0.000000,0.000000,0.016667,0.016667,0.000000,0.066667
c1_r15m,grid,1,15.000000,6,1.000000,422,60,0.531530,0.315703,3046.812170,0.487944,0.000000,0.000611,0.001000,0.000000,0.000000,0.000000,0.000000,0.000000,0.000000,0.000000,0.157143
c1_r37.5m,grid,1,37.500000,6,1.000000,409,60,0.224664,0.393558,4445.863190,0.529039,0.000000,0.002083,0.001000,0.027027,0.032787,-0.005760,0.377551,0.029665,0.038424,0.008759,0.322319
c1_r37.5m,grid,1,37.500000,6,1.000000,414,60,0.403268,0.376903,1125.384207,0.661760,0.000000,0.000472,0.001000,0.000000,0.000000,0.000000,0.600000,0.042597,0.054286,0.011688,0.336637
c1_r37.5m,grid,1,37.500000,6,1.000000,417,60,0.392935,0.498010,869.642514,0.505759,0.000000,0.000556,0.001000,0.125000,0.000000,0.125000,0.888889,0.019844,0.028333,0.008489,0.493938
c1_r37.5m,grid,1,37.500000,6,1.000000,418,60,0.490713,0.232392,1357.641552,0.532187,0.000000,0.000417,0.001000,0.000000,0.000000,0.000000,0.076923,0.008838,0.011111,0.002273,0.134370
c1_r37.5m,grid,1,37.500000,6,1.000000,415,60,0.429686,0.199485,2110.397146,0.725672,0.000000,0.001167,0.001000,0.500000,0.041667,0.458333,0.200000,0.042837,0.058333,0.015496,0.140359
c1_r37.5m,grid,1,37.500000,6,1.000000,416,60,0.194837,0.342258,2932.690820,0.373248,0.000000,0.001528,0.001000,0.000000,0.000000,0.000000,0.292683,-0.010142,0.017763,0.027905,0.352014
c1_r37.5m,grid,1,37.500000,6,1.000000,424,60,0.202547,0.230525,3231.112464,0.450134,0.000000,0.002111,0.001000,0.000000,0.021739,-0.021739,0.303030,-0.007750,0.016667,0.024416,0.233663
c1_r37.5m,grid,1,37.500000,6,1.000000,427,60,0.332440,0.306703,3668.913649,0.333701,0.000000,0.002028,0.001000,0.000000,0.000000,0.000000,0.312500,0.052863,0.062500,0.009637,0.257459
c1_r37.5m,grid,1,37.500000,6,1.000000,432,60,0.331575,0.448504,1306.290228,0.693462,0.000000,0.000667,0.001000,0.000000,0.000000,0.000000,0.210526,0.046554,0.052268,0.005714,0.489066
c1_r37.5m,grid,1,37.500000,6,1.000000,421,60,0.346200,0.429822,2071.414228,0.733566,0.000000,0.001167,0.001000,0.027027,0.038462,-0.011435,0.587302,0.041622,0.057096,0.015474,0.437046
c1_r37.5m,grid,1,37.500000,6,1.000000,419,60,0.531030,0.277121,3903.122926,0.623079,0.000000,0.001861,0.001000,0.000000,0.000000,0.000000,0.265306,0.088193,0.108371,0.020179,0.295685
c1_r37.5m,grid,1,37.500000,6,1.000000,434,60,0.445971,0.302572,2565.990076,0.499137,0.000000,0.001444,0.001000,0.142857,0.000000,0.142857,0.304348,0.082919,0.100649,0.017731,0.253665
c1_r37.5m,grid,1,37.500000,6,1.000000,420,60,0.202622,0.447847,2777.751860,0.605320,0.000000,0.001333,0.001000,0.100000,0.038462,0.061538,0.434783,0.026575,0.042921,0.016346,0.363375
c1_r37.5m,grid,1,37.500000,6,1.000000,422,60,0.330030,0.328377,3128.812507,0.277965,0.000000,0.001833,0.001000,0.000000,0.038462,-0.038462,0.187500,0.038353,0.044472,0.006119,0.305739
c1_r37.5m,grid,1,37.500000,6,1.000000,423,60,0.193248,0.466254,1360.329412,0.725540,0.000000,0.000639,0.001000,0.000000,0.000000,0.000000,0.454545,-0.011680,0.010428,0.022108,0.306529
c1_r37.5m,grid,1,37.500000,6,1.000000,433,60,0.469541,0.256199,2927.542554,0.668349,0.000000,0.002139,0.001000,0.043478,0.046154,-0.002676,0.261364,-0.008041,0.020105,0.028147,0.252632
c1_r37.5m,grid,1,37.500000,6,1.000000,447,60,0.344322,0.228171,1641.816624,0.408124,0.000000,0.000694,0.001000,0.200000,0.000000,0.200000,0.238095,0.030109,0.048947,0.018838,0.456918
c1_r75m,grid,1,75.000000,6,1.000000,404,60,0.249972,0.572904,1286.880669,0.859764,0.000000,0.001444,0.001000,0.009259,0.000000,0.009259,0.511848,0.044155,0.060032,0.015878,0.396197
c1_r37.5m,grid,1,37.500000,6,1.000000,425,60,0.709274,0.210011,2999.427687,0.806267,0.000000,0.001444,0.001000,0.000000,0.000000,0.000000,0.290909,-0.010818,0.013853,0.024671,0.169208
c1_r37.5m,grid,1,37.500000,6,1.000000,441,60,0.538904,0.373508,2483.368422,0.491360,0.000000,0.001306,0.001000,0.000000,0.038462,-0.038462,0.518519,0.003766,0.033351,0.029585,0.489976
c1_r37.5m,grid,1,37.500000,6,1.000000,426,60,0.377611,0.547090,1955.209190,0.563361,0.000000,0.000972,0.001000,0.055556,0.000000,0.055556,0.750000,0.056236,0.058801,0.002564,0.663608
c1_r75m,grid,1,75.000000,6,1.000000,401,60,0.355255,0.246824,2005.887140,0.735822,0.000000,0.002556,0.001000,0.028571,0.028302,0.000270,0.248227,0.041805,0.066591,0.024786,0.246440
c1_r75m,grid,1,75.000000,6,1.000000,421,60,0.333468,0.537621,760.606452,0.857812,0.000000,0.000417,0.001000,0.000000,0.000000,0.000000,0.578313,0.016218,0.039562,0.023345,0.464529
c1_r37.5m,grid,1,37.500000,6,1.000000,443,60,0.401200,0.390131,2998.543666,0.668821,0.000000,0.001444,0.001000,0.027778,0.000000,0.027778,0.537313,0.085510,0.094716,0.009206,0.458941
c1_r37.5m,grid,1,37.500000,6,1.000000,445,60,0.383933,0.453180,3925.036167,0.794848,0.000000,0.001639,0.001000,0.064516,0.025641,0.038875,0.442857,0.033913,0.045596,0.011683,0.478807
c1_r37.5m,grid,1,37.500000,6,1.000000,438,60,0.470757,0.301634,3271.374172,0.785654,0.000000,0.001444,0.001000,0.000000,0.000000,0.000000,0.431818,0.027681,0.052555,0.024874,0.305186
c1_r37.5m,grid,1,37.500000,6,1.000000,437,60,0.317457,0.468640,2906.565155,0.747217,0.000000,0.001611,0.001000,0.038462,0.000000,0.038462,0.509804,0.044949,0.052727,0.007778,0.624522
c1_r37.5m,grid,1,37.500000,6,1.000000,435,60,0.450540,0.277665,2248.430176,0.293197,0.000000,0.001222,0.001000,0.250000,0.000000,0.250000,0.275862,0.095516,0.100278,0.004762,0.401820
c1_r37.5m,grid,1,37.500000,6,1.000000,442,60,0.289846,0.514412,2845.259815,0.413710,0.000000,0.001556,0.001000,0.000000,0.000000,0.000000,0.560000,0.064748,0.083366,0.018618,0.440818
c1_r75m,grid,1,75.000000,6,1.000000,408,60,0.302055,0.225743,3811.275593,0.588638,0.000000,0.004278,0.001000,0.019608,0.040373,-0.020765,0.240566,0.037091,0.063654,0.026563,0.189593
c1_r37.5m,grid,1,37.500000,6,1.000000,439,60,0.399066,0.514610,4499.409150,0.851004,0.000000,0.002750,0.001000,0.061856,0.013514,0.048342,0.567251,0.020705,0.032866,0.012161,0.398605
c1_r37.5m,grid,1,37.500000,6,1.000000,429,60,0.201456,0.688113,2619.388579,0.628109,0.000000,0.001278,0.001000,0.027778,0.000000,0.027778,0.750000,0.011625,0.025368,0.013743,0.747269
c1_r37.5m,grid,1,37.500000,6,1.000000,430,60,0.271692,0.517094,2957.622558,0.642297,0.000000,0.001389,0.001000,0.000000,0.000000,0.000000,0.549020,0.023224,0.031080,0.007855,0.323036
c1_r37.5m,grid,1,37.500000,6,1.000000,431,60,0.620223,0.596851,1736.447514,0.507913,0.000000,0.000639,0.001000,0.052632,0.000000,0.052632,0.678571,0.076019,0.095451,0.019432,0.594750
c1_r75m,grid,1,75.000000,6,1.000000,425,60,0.181398,0.378671,1179.264567,0.332881,0.000000,0.001389,0.001000,0.000000,0.029851,-0.029851,0.279570,0.008094,0.029782,0.021688,0.379777
c1_r75m,grid,1,75.000000,6,1.000000,402,60,0.338381,0.406662,2405.213143,0.338107,0.000000,0.003028,0.001000,0.109589,0.012821,0.096769,0.318777,0.072438,0.087057,0.014618,0.576151
c1_r75m,grid,1,75.000000,6,1.000000,407,60,0.505755,0.381909,2456.029445,0.243803,0.000000,0.002694,0.001000,0.044444,0.031646,0.012799,0.221675,0.066171,0.091679,0.025508,0.271704
c1_r37.5m,grid,1,37.500000,6,1.000000,436,60,0.418365,0.424792,3959.777861,0.542859,0.000000,0.002167,0.001000,0.000000,0.000000,0.000000,0.562500,0.040024,0.055186,0.015162,0.460632
c1_r75m,grid,1,75.000000,6,1.000000,415,60,0.596001,0.292808,1434.353658,0.714978,0.000000,0.001528,0.001000,0.080645,0.053435,0.027210,0.321244,0.049161,0.073124,0.023963,0.225754
c1_r37.5m,grid,1,37.500000,6,1.000000,428,60,0.271804,0.574020,3780.479989,0.516067,0.000000,0.002028,0.001000,0.032258,0.111111,-0.078853,0.873239,0.035314,0.056064,0.020750,0.633599
c1_r37.5m,grid,1,37.500000,6,1.000000,446,60,0.549411,0.423267,4005.021543,0.474120,0.000000,0.002500,0.001000,0.060606,0.017544,0.043062,0.366667,0.038940,0.064488,0.025548,0.313899
c1_r75m,grid,1,75.000000,6,1.000000,417,60,0.252130,0.202610,2506.363411,0.498480,0.000000,0.002611,0.001000,0.034483,0.015504,0.018979,0.183544,0.021834,0.043105,0.021271,0.224320
c1_r75m,grid,1,75.000000,6,1.000000,424,60,0.454655,0.497249,1570.414590,0.466793,0.000000,0.002250,0.001000,0.100917,0.021978,0.078939,0.545000,0.039236,0.060792,0.021556,0.576071
c1_r75m,grid,1,75.000000,6,1.000000,406,60,0.235225,0.391398,3471.521166,0.548193,0.000000,0.004667,0.001000,0.040230,0.027523,0.012707,0.347305,0.031756,0.051169,0.019414,0.361015
c1_r75m,grid,1,75.000000,6,1.000000,409,60,0.643363,0.320824,2688.513674,0.355053,0.000000,0.002861,0.001000,0.108108,0.023392,0.084716,0.302041,0.074914,0.104731,0.029817,0.321907
c1_r75m,grid,1,75.000000,6,1.000000,410,60,0.514040,0.499799,1797.679843,0.767846,0.000000,0.002000,0.001000,0.018072,0.027027,-0.008955,0.599278,0.035015,0.055553,0.020538,0.505007
c1_r37.5m,grid,1,37.500000,6,1.000000,449,60,0.299416,0.299898,3004.430475,0.654804,0.000000,0.001778,0.001000,0.189189,0.027397,0.161792,0.336364,0.072253,0.088040,0.015787,0.353480
c1_r37.5m,grid,1,37.500000,6,1.000000,440,60,0.200469,0.332742,3367.622618,0.441353,0.000000,0.002083,0.001000,0.000000,0.000000,0.000000,0.426829,0.053954,0.057525,0.003571,0.342033
c1_r75m,grid,1,75.000000,6,1.000000,419,60,0.256389,0.513689,2660.640333,0.681730,0.000000,0.002750,0.001000,0.052133,0.026316,0.025817,0.649231,0.051788,0.075555,0.023766,0.524465
c1_r37.5m,grid,1,37.500000,6,1.000000,448,60,0.239506,0.407595,3905.796955,0.741615,0.000000,0.002417,0.001000,0.026316,0.024691,0.001624,0.319328,0.028277,0.033972,0.005695,0.389430
c1_r37.5m,grid,1,37.500000,6,1.000000,444,60,0.311014,0.702286,4396.265341,0.452795,0.000000,0.002389,0.001000,0.049180,0.038462,0.010719,0.701149,0.017555,0.038082,0.020527,0.722398
c1_r75m,grid,1,75.000000,6,1.000000,422,60,0.597356,0.341898,1995.250568,0.828056,0.000000,0.002139,0.001000,0.087500,0.011765,0.075735,0.320000,0.062573,0.078950,0.016378,0.233190
c1_r75m,grid,1,75.000000,6,1.000000,420,60,0.300030,0.320960,1595.403310,0.758885,0.000000,0.001500,0.001000,0.050000,0.011628,0.038372,0.537634,0.055327,0.071100,0.015773,0.380761
c1_r75m,grid,1,75.000000,6,1.000000,400,60,0.328493,0.413733,2063.574507,0.803307,0.000000,0.002361,0.001000,0.062937,0.020979,0.041958,0.500000,0.043697,0.059888,0.016191,0.444722
c1_r75m,grid,1,75.000000,6,1.000000,403,60,0.191199,0.367757,2191.001068,0.644569,0.000000,0.002306,0.001000,0.074627,0.033708,0.040919,0.273469,0.045039,0.072096,0.027057,0.325296
c1_r75m,grid,1,75.000000,6,1.000000,423,60,0.602500,0.313952,2926.806546,0.558874,0.000000,0.003306,0.001000,0.076923,0.011673,0.065250,0.261494,0.070060,0.092569,0.022509,0.315828
c1_r75m,grid,1,75.000000,6,1.000000,416,60,0.409813,0.207461,2843.497822,0.781976,0.000000,0.004444,0.001000,0.083770,0.024169,0.059600,0.365900,0.083825,0.111167,0.027342,0.389020
c1_r75m,grid,1,75.000000,6,1.000000,414,60,0.227613,0.289895,1656.598951,0.413244,0.000000,0.001917,0.001000,0.094595,0.021583,0.073012,0.347418,0.047459,0.064259,0.016800,0.347284
c1_r75m,grid,1,75.000000,6,1.000000,418,60,0.301754,0.251881,3100.776084,0.451857,0.000000,0.003167,0.001000,0.086207,0.004808,0.081399,0.218045,0.048841,0.068104,0.019263,0.292011
c1_r75m,grid,1,75.000000,6,1.000000,413,60,0.497430,0.436328,4554.012570,0.449799,0.000000,0.005083,0.001000,0.075949,0.034130,0.041820,0.447170,0.062044,0.088564,0.026521,0.467096
c1_r75m,grid,1,75.000000,6,1.000000,405,60,0.241321,0.647954,3559.648118,0.492814,0.000000,0.005278,0.001000,0.092593,0.058824,0.033769,0.590810,0.019161,0.051295,0.032134,0.552912
c1_r75m,grid,1,75.000000,6,1.000000,426,60,0.461329,0.494681,1647.936213,0.484804,0.000000,0.001778,0.001000,0.077778,0.029412,0.048366,0.569620,0.030467,0.056469,0.026002,0.379321
c1_r75m,grid,1,75.000000,6,1.000000,411,60,0.527505,0.632104,2721.389182,0.681984,0.000000,0.003056,0.001000,0.088235,0.015748,0.072487,0.616314,0.048512,0.075645,0.027133,0.720649
c1_r75m,grid,1,75.000000,6,1.000000,412,60,0.422031,0.445064,2499.076131,0.693674,0.000000,0.003306,0.001000,0.093168,0.016598,0.076570,0.400498,0.049082,0.074956,0.025875,0.348088
c1_r75m,grid,1,75.000000,6,1.000000,427,60,0.221688,0.197192,3397.527109,0.404515,0.000000,0.003333,0.001000,0.072727,0.016949,0.055778,0.189003,0.051912,0.073536,0.021624,0.244168
c1_r75m,grid,1,75.000000,6,1.000000,435,60,0.494836,0.700312,1495.818638,0.585759,0.000000,0.001639,0.001000,0.126214,0.045455,0.080759,0.700680,0.045262,0.068954,0.023692,0.701873
c1_r75m,grid,1,75.000000,6,1.000000,432,60,0.250763,0.419214,1439.264642,0.762648,0.000000,0.001917,0.001000,0.129412,0.000000,0.129412,0.454545,0.039608,0.063186,0.023578,0.391213
c1_r75m,grid,1,75.000000,6,1.000000,429,60,0.254731,0.445267,1900.998503,0.684093,0.000000,0.001917,0.001000,0.034091,0.012270,0.021821,0.350598,0.022928,0.045170,0.022242,0.433357
c1_r75m,grid,1,75.000000,6,1.000000,431,60,0.404274,0.290786,1077.579674,0.534437,0.000000,0.000833,0.001000,0.090909,0.032258,0.058651,0.415094,0.057765,0.087480,0.029714,0.474562
c1_r75m,grid,1,75.000000,6,1.000000,433,60,0.335921,0.468793,2618.596123,0.640256,0.000000,0.002583,0.001000,0.027473,0.013072,0.014401,0.543284,0.059282,0.077881,0.018599,0.484213
c1_r75m,grid,1,75.000000,6,1.000000,430,60,0.291120,0.655535,1942.018370,0.570149,0.000000,0.002222,0.001000,0.083333,0.037037,0.046296,0.444444,0.068093,0.090398,0.022305,0.375228
c1_r75m,grid,1,75.000000,6,1.000000,448,60,0.374284,0.438141,1222.683576,0.621298,0.000000,0.000889,0.001000,0.015873,0.000000,0.015873,0.611650,0.059237,0.076360,0.017123,0.546907
c1_r75m,grid,1,75.000000,6,1.000000,442,60,0.427512,0.459157,2323.610234,0.561046,0.000000,0.002528,0.001000,0.105882,0.027273,0.078610,0.435897,0.054699,0.076752,0.022053,0.431901
c1_r75m,grid,1,75.000000,6,1.000000,428,60,0.436677,0.263543,3128.682463,0.634741,0.000000,0.002972,0.001000,0.038462,0.017937,0.020524,0.259136,0.061388,0.084009,0.022621,0.338830
c1_r75m,grid,1,75.000000,6,1.000000,438,60,0.387780,0.412271,1823.674985,0.616794,0.000000,0.002222,0.001000,0.105263,0.030303,0.074960,0.418502,0.068081,0.093324,0.025244,0.425888
c1_r75m,grid,1,75.000000,6,1.000000,445,60,0.668218,0.588920,1802.022416,0.387597,0.000000,0.001833,0.001000,0.100000,0.022727,0.077273,0.576923,0.065366,0.075001,0.009634,0.544098
c1_r75m,grid,1,75.000000,6,1.000000,443,60,0.663645,0.427999,3033.193973,0.646802,0.000000,0.003528,0.001000,0.108844,0.050251,0.058592,0.424855,0.064162,0.087529,0.023366,0.463290
c1_r150m,grid,1,150.000000,6,1.000000,419,60,0.598500,0.544947,506.305075,0.859263,0.000000,0.001167,0.001933,0.134328,0.039683,0.094646,0.347150,0.105154,0.147577,0.042423,0.151385
c1_r150m,grid,1,150.000000,6,1.000000,404,60,0.453679,0.129005,787.485092,0.512333,0.000000,0.001111,0.001000,0.108696,0.018182,0.090514,0.294872,0.082188,0.130911,0.048723,0.310333
c1_r75m,grid,1,75.000000,6,1.000000,436,60,0.601035,0.534392,1792.033018,0.814842,0.000000,0.002417,0.001000,0.105263,0.048951,0.056312,0.347032,0.062982,0.083325,0.020344,0.417314
c1_r75m,grid,1,75.000000,6,1.000000,444,60,0.322884,0.683798,2621.273044,0.839528,0.000000,0.003139,0.001000,0.068670,0.013986,0.054684,0.619681,0.024290,0.045163,0.020873,0.628286
c1_r75m,grid,1,75.000000,6,1.000000,441,60,0.207785,0.533623,3137.709958,0.591617,0.000000,0.003361,0.001000,0.077348,0.042169,0.035179,0.521614,0.026483,0.049135,0.022652,0.523269
c1_r75m,grid,1,75.000000,6,1.000000,437,60,0.281476,0.153851,2937.549974,0.529320,0.000000,0.003250,0.001000,0.078431,0.023346,0.055085,0.165584,0.029441,0.049841,0.020401,0.203694
c1_r75m,grid,1,75.000000,6,1.000000,439,60,0.565020,0.422509,1875.476950,0.701093,0.000000,0.002222,0.001000,0.072464,0.041667,0.030797,0.534884,0.034259,0.062214,0.027955,0.486816
c1_r150m,grid,1,150.000000,6,1.000000,405,60,0.714937,0.340573,1378.748886,0.641725,0.000000,0.003528,0.001000,0.160584,0.055728,0.104856,0.297826,0.135968,0.171542,0.035574,0.280485
c1_r75m,grid,1,75.000000,6,1.000000,434,60,0.366058,0.629528,3934.474472,0.785178,0.000000,0.004222,0.001000,0.085409,0.052023,0.033386,0.618943,0.034356,0.060850,0.026494,0.599364
c1_r75m,grid,1,75.000000,6,1.000000,449,60,0.320968,0.316753,2192.967378,0.573027,0.000000,0.002250,0.001000,0.066667,0.010050,0.056616,0.231660,0.039249,0.059991,0.020742,0.262020
c1_r75m,grid,1,75.000000,6,1.000000,447,60,0.398015,0.305531,1027.947741,0.758296,0.000000,0.001528,0.001000,0.066667,0.027972,0.038695,0.295567,0.059982,0.084598,0.024616,0.345098
c1_r75m,grid,1,75.000000,6,1.000000,446,60,0.300230,0.232261,3428.105084,0.683513,0.000000,0.004222,0.001000,0.070000,0.021951,0.048049,0.196078,0.076261,0.093391,0.017130,0.267553
c1_r150m,grid,1,150.000000,6,1.000000,414,60,0.173168,0.205039,1116.075009,0.192081,0.000000,0.002750,0.002818,0.105263,0.062222,0.043041,0.296875,0.087988,0.131207,0.043219,0.199008
c1_r75m,grid,1,75.000000,6,1.000000,440,60,0.381211,0.222937,4052.490645,0.795084,0.000000,0.005000,0.001000,0.083333,0.021505,0.061828,0.251208,0.072027,0.094389,0.022361,0.259897
c1_r150m,grid,1,150.000000,6,1.000000,407,60,0.138415,0.194135,779.384300,0.680813,0.000000,0.001639,0.001000,0.166667,0.025381,0.141286,0.175732,0.093777,0.147870,0.054094,0.300210
c1_r150m,grid,1,150.000000,6,1.000000,411,60,0.277676,0.319995,868.309902,0.751266,0.000000,0.001917,0.001000,0.148936,0.042553,0.106383,0.400000,0.050848,0.097598,0.046749,0.262784
c1_r150m,grid,1,150.000000,6,1.000000,422,60,0.437222,0.320687,2056.354627,0.659595,0.000000,0.005389,0.001000,0.109170,0.041145,0.068025,0.290609,0.110211,0.149042,0.038831,0.221891
c1_r150m,grid,1,150.000000,6,1.000000,413,60,0.823204,0.224894,609.854317,0.123209,0.000000,0.000972,0.001000,0.181818,0.000000,0.181818,0.363636,0.140746,0.171985,0.031239,0.280423
c1_r150m,grid,1,150.000000,6,1.000000,428,60,0.338352,0.706801,612.432189,0.742075,0.000000,0.000944,0.001000,0.061856,0.055556,0.006300,0.642384,0.068679,0.120367,0.051688,0.522368
c1_r150m,grid,1,150.000000,6,1.000000,403,60,0.350999,0.727965,2468.835401,0.719644,0.000000,0.007528,0.001000,0.130368,0.027119,0.103249,0.688490,0.070779,0.115275,0.044496,0.655588
c1_r150m,grid,1,150.000000,6,1.000000,425,60,0.664512,0.199697,1496.296021,0.234454,0.000000,0.003333,0.001000,0.150685,0.051195,0.099490,0.199454,0.114633,0.161465,0.046832,0.260563
c1_r150m,grid,1,150.000000,6,1.000000,408,60,0.378079,0.390419,826.866841,0.746510,0.000000,0.003083,0.001000,0.175532,0.045455,0.130077,0.487047,0.094436,0.135717,0.041281,0.514474
c1_r150m,grid,1,150.000000,6,1.000000,416,60,0.357007,0.243461,2957.834360,0.458299,0.000000,0.006806,0.001000,0.085185,0.042994,0.042192,0.300668,0.074447,0.115806,0.041359,0.341597
c1_r150m,grid,1,150.000000,6,1.000000,432,60,0.480637,0.315971,1021.876414,0.741827,0.000000,0.002306,0.001000,0.070175,0.040956,0.029220,0.280098,0.080750,0.121883,0.041133,0.280196
c1_r150m,grid,1,150.000000,6,1.000000,410,60,0.705577,0.358265,1959.476898,0.579145,0.000000,0.005139,0.001000,0.158537,0.047619,0.110918,0.394231,0.096549,0.141215,0.044666,0.397699
c1_r150m,grid,1,150.000000,6,1.000000,437,60,0.235864,0.218524,1459.290395,0.600622,0.000000,0.003583,0.001000,0.084158,0.044693,0.039466,0.360714,0.054196,0.095926,0.041730,0.211513
c1_r150m,grid,1,150.000000,6,1.000000,431,60,0.198216,0.267185,1593.477896,0.618254,0.000000,0.003889,0.001000,0.112676,0.026829,0.085847,0.257246,0.046853,0.093257,0.046403,0.205357
c1_r150m,grid,1,150.000000,6,1.000000,438,60,0.373144,0.658936,1187.290648,0.470563,0.000000,0.003417,0.001000,0.132653,0.010638,0.122015,0.757732,0.077138,0.119602,0.042463,0.764366
c1_r150m,grid,1,150.000000,6,1.000000,401,60,0.313731,0.367136,3410.828456,0.713381,0.000000,0.008361,0.001000,0.119534,0.035971,0.083562,0.291419,0.079541,0.121810,0.042269,0.341912
c1_r150m,grid,1,150.000000,6,1.000000,439,60,0.822768,0.661378,1309.469262,0.558421,0.000000,0.003139,0.001915,0.201031,0.036496,0.164535,0.586103,0.153567,0.197287,0.043720,0.550692
c1_r150m,grid,1,150.000000,6,1.000000,435,60,0.317784,0.418433,2265.209919,0.657741,0.000000,0.005750,0.001000,0.107639,0.051282,0.056357,0.380952,0.095830,0.129753,0.033924,0.399643
c1_r150m,grid,1,150.000000,6,1.000000,430,60,0.595907,0.941269,401.146335,0.686409,0.000000,0.001139,0.001106,0.264368,0.000000,0.264368,0.878788,0.072170,0.107368,0.035197,0.430875
c1_r150m,grid,1,150.000000,6,1.000000,417,60,0.367171,0.467577,1539.014723,0.640082,0.000000,0.003167,0.001000,0.078947,0.035714,0.043233,0.475000,0.075245,0.110401,0.035156,0.339658
c1_r150m,grid,1,150.000000,6,1.000000,406,60,0.182416,0.803964,866.168932,0.406798,0.000000,0.001861,0.001000,0.030675,0.017699,0.012976,0.590580,0.069414,0.113253,0.043840,0.567561
c1_r150m,grid,1,150.000000,6,1.000000,420,60,0.737289,0.657656,741.432988,0.814929,0.000000,0.001028,0.001000,0.052174,0.014925,0.037249,0.631868,0.052208,0.083899,0.031691,0.402804
c1_r150m,grid,1,150.000000,6,1.000000,409,60,0.531956,0.209932,2642.361425,0.271022,0.000000,0.006528,0.001000,0.114650,0.040785,0.073864,0.191697,0.112803,0.154651,0.041847,0.178666
c1_r150m,grid,1,150.000000,6,1.000000,440,60,0.217512,0.242261,1272.584915,0.487648,0.000000,0.002222,0.001000,0.120000,0.031250,0.088750,0.147929,0.062077,0.107855,0.045778,0.185623
c1_r150m,grid,1,150.000000,6,1.000000,436,60,0.567655,0.373324,309.142207,0.167065,0.000000,0.000389,0.001000,0.068966,0.000000,0.068966,0.491525,0.092228,0.138236,0.046008,0.327042
c1_r150m,grid,1,150.000000,6,1.000000,412,60,0.488937,0.757586,1226.985221,0.473672,0.000000,0.003611,0.004802,0.106383,0.065574,0.040809,0.755020,0.054351,0.112344,0.057992,0.786379
c1_r150m,grid,1,150.000000,6,1.000000,421,60,0.364488,0.507377,1891.055997,0.372995,0.000000,0.003861,0.001000,0.101266,0.036697,0.064569,0.325773,0.089091,0.124463,0.035372,0.285767
c1_r150m,grid,1,150.000000,6,1.000000,429,60,0.462923,0.463108,1283.118849,0.689111,0.000000,0.002944,0.001000,0.137931,0.049107,0.088824,0.392954,0.087314,0.123683,0.036369,0.406135
c1_r150m,grid,1,150.000000,6,1.000000,423,60,0.228864,0.830258,2224.392637,0.653642,0.000000,0.005833,0.001000,0.093023,0.015267,0.077756,0.831186,0.047083,0.088575,0.041492,0.827712
c1_r150m,grid,1,150.000000,6,1.000000,427,60,0.184414,0.221556,2203.948661,0.818325,0.000000,0.005306,0.001000,0.158140,0.040741,0.117399,0.284768,0.056371,0.095605,0.039233,0.284076
c1_r150m,grid,1,150.000000,6,1.000000,415,60,0.581748,0.347227,3581.446238,0.613981,0.000000,0.007444,0.001000,0.100775,0.041176,0.059599,0.232852,0.081519,0.118883,0.037364,0.252166
c1_r150m,grid,1,150.000000,6,1.000000,418,60,0.095779,0.315742,593.951656,0.642142,0.000000,0.001139,0.001000,0.140351,0.041237,0.099114,0.370130,0.079918,0.112252,0.032333,0.400917
c1_r150m,grid,1,150.000000,6,1.000000,441,60,0.309741,0.204248,1430.397985,0.661499,0.000000,0.003333,0.001000,0.081395,0.025641,0.055754,0.155235,0.092324,0.128391,0.036067,0.225606
c1_r150m,grid,1,150.000000,6,1.000000,426,60,0.333960,0.202784,2574.391625,0.703849,0.000000,0.007056,0.001000,0.171123,0.061791,0.109332,0.190816,0.079926,0.119915,0.039989,0.153604
c1_r150m,grid,1,150.000000,6,1.000000,402,60,0.346360,0.438987,4473.175496,0.669346,0.000000,0.012417,0.001000,0.136095,0.047712,0.088383,0.396947,0.063984,0.106833,0.042849,0.450343
c1_r150m,grid,1,150.000000,6,1.000000,400,60,0.344413,0.357888,4346.032948,0.403585,0.000000,0.012056,0.001000,0.130178,0.040455,0.089722,0.390601,0.093520,0.133542,0.040022,0.346331
c1_r150m,grid,1,150.000000,6,1.000000,424,60,0.211647,0.435926,3085.029636,0.432578,0.000000,0.007111,0.001000,0.086835,0.055769,0.031066,0.407070,0.072918,0.118576,0.045658,0.347163
c1_r150m,grid,1,150.000000,6,1.000000,433,60,0.346476,0.301504,3679.896212,0.404623,0.000000,0.009167,0.001000,0.148148,0.048447,0.099701,0.303633,0.067100,0.113712,0.046613,0.275779
c1_r150m,grid,1,150.000000,6,1.000000,434,60,0.498689,0.292441,757.650079,0.884687,0.000000,0.002778,0.001000,0.234940,0.059259,0.175680,0.551495,0.081632,0.119929,0.038296,0.422303
c1_r300m,grid,1,300.000000,6,1.000000,402,60,0.159485,0.140630,255.792160,0.950702,0.000000,0.002278,0.004373,0.291667,0.184834,0.106833,0.102128,0.041374,0.234369,0.192994,0.097295
c1_r300m,grid,1,300.000000,6,1.000000,403,60,0.305171,0.065028,243.287216,0.650410,0.000000,0.001556,0.006571,0.500000,0.211268,0.288732,0.040541,0.161490,0.400972,0.239482,0.081163
c1_r300m,grid,1,300.000000,6,1.000000,406,60,0.459453,0.205181,226.772125,0.665178,0.000000,0.003444,0.014810,0.536585,0.415730,0.120855,0.187215,0.137514,0.347512,0.209999,0.355774
c1_r300m,grid,1,300.000000,6,1.000000,400,60,0.313082,0.561131,632.599020,0.605378,0.000000,0.004417,0.005648,0.282609,0.109467,0.173141,0.352490,0.135758,0.303272,0.167513,0.452882
c1_r300m,grid,1,300.000000,6,1.000000,411,60,0.923898,0.335349,474.737827,0.531334,0.000000,0.004722,0.009512,0.449664,0.202765,0.246899,0.407104,0.233595,0.506559,0.272963,0.353538
c1_r300m,grid,1,300.000000,6,1.000000,401,60,0.178731,0.672383,200.843866,0.381362,0.000000,0.002194,0.009299,0.562500,0.285714,0.276786,0.588235,0.107609,0.393648,0.286038,0.759577
c1_r150m,grid,1,150.000000,6,1.000000,442,60,0.344863,0.304527,897.769931,0.709558,0.000000,0.002056,0.001000,0.162791,0.025907,0.136884,0.308244,0.121526,0.173381,0.051854,0.563692
c1_r300m,grid,1,300.000000,6,1.000000,407,60,0.058453,0.515360,137.747149,0.608216,0.000000,0.001167,0.012583,0.653846,0.566667,0.087179,0.464286,0.120708,0.375596,0.254888,0.528367
c1_r300m,grid,1,300.000000,6,1.000000,405,60,0.826329,0.127010,451.566242,0.075169,0.000000,0.003167,0.001428,0.406250,0.223350,0.182900,0.139738,0.235101,0.532352,0.297251,0.132294
c1_r300m,grid,1,300.000000,6,1.000000,410,60,0.769297,0.212221,588.826742,0.902654,0.000000,0.006194,0.016957,0.398438,0.246114,0.152324,0.249027,0.201373,0.422051,0.220679,0.373193
c1_r300m,grid,1,300.000000,6,1.000000,418,60,0.236060,0.094167,395.985171,0.465970,0.000000,0.003056,0.015790,0.200000,0.242063,-0.042063,0.090253,0.009364,0.270066,0.260702,0.426157
c1_r300m,grid,1,300.000000,6,1.000000,412,60,0.844574,0.773194,249.466458,0.249949,0.000000,0.003028,0.003480,0.521739,0.187500,0.334239,0.741935,0.242706,0.434938,0.192232,0.636865
c1_r300m,grid,1,300.000000,6,1.000000,409,60,0.277868,0.061096,276.992247,0.048931,0.000000,0.002611,0.017364,0.375000,0.381295,-0.006295,0.103226,0.147746,0.439186,0.291440,0.105648
c1_r300m,grid,1,300.000000,6,1.000000,420,60,0.101894,0.944016,620.682964,0.466224,0.000000,0.005028,0.007649,0.246544,0.147059,0.099485,0.927350,0.121611,0.358043,0.236432,0.903067
c1_r300m,grid,1,300.000000,6,1.000000,415,60,0.049671,0.680405,615.686759,0.868906,0.000000,0.003583,0.001000,0.200000,0.084967,0.115033,0.638298,0.063640,0.208805,0.145165,0.614675
c1_r300m,grid,1,300.000000,6,1.000000,417,60,0.810570,0.157689,258.892686,0.581924,0.000000,0.001389,0.004810,0.400000,0.217822,0.182178,0.165289,0.177679,0.414157,0.236478,0.219016
c1_r300m,grid,1,300.000000,6,1.000000,404,60,0.419582,0.081485,490.711807,0.799897,0.000000,0.002889,0.002509,0.370370,0.089744,0.280627,0.147541,0.200223,0.396603,0.196380,0.116792
c1_r300m,grid,1,300.000000,6,1.000000,424,60,0.436720,0.456395,251.597313,0.833491,0.000000,0.002306,0.014446,0.439394,0.376471,0.062923,0.437086,0.210182,0.425603,0.215422,0.446826
c1_r300m,grid,1,300.000000,6,1.000000,423,60,0.222055,0.307196,295.607457,0.451047,0.000000,0.003306,0.014350,0.321839,0.349315,-0.027476,0.373391,0.045864,0.264680,0.218817,0.336951
c1_r300m,grid,1,300.000000,6,1.000000,421,60,0.496407,0.113874,420.313434,0.441118,0.000000,0.003000,0.009202,0.388889,0.252212,0.136676,0.137405,0.162317,0.474574,0.312257,0.085614
c1_r300m,grid,1,300.000000,6,1.000000,426,60,0.337983,0.198627,193.547217,0.292753,0.000000,0.001917,0.011121,0.407407,0.448276,-0.040868,0.236842,0.018661,0.309392,0.290732,0.315623
c1_r300m,grid,1,300.000000,6,1.000000,413,60,0.892180,0.910279,373.964626,0.869389,0.000000,0.004222,0.013436,0.434263,0.093750,0.340513,0.886926,0.236467,0.425762,0.189296,0.875876
c1_r300m,grid,1,300.000000,6,1.000000,427,60,0.136077,0.182722,309.590783,0.932054,0.000000,0.002722,0.017713,0.348837,0.356250,-0.007413,0.211823,0.124364,0.438109,0.313745,0.198728
c1_r300m,grid,1,300.000000,6,1.000000,408,60,0.075121,0.149420,286.818726,0.825501,0.000000,0.003056,0.010541,0.432432,0.289340,0.143092,0.158120,0.119396,0.340667,0.221271,0.204318
c1_r300m,grid,1,300.000000,6,1.000000,416,60,0.624764,0.503918,378.380989,0.100698,0.000000,0.003194,0.015298,0.584416,0.400000,0.184416,0.475309,0.197653,0.512436,0.314783,0.538686
c1_r300m,grid,1,300.000000,6,1.000000,414,60,0.162497,0.614389,366.120751,0.896235,0.000000,0.002861,0.006569,0.280255,0.263736,0.016519,0.633065,0.042382,0.253510,0.211128,0.700220
c1_r150m,grid,1,150.000000,6,1.000000,443,60,0.103012,0.205306,714.675839,0.754708,0.000000,0.001861,0.001000,0.085106,0.067797,0.017310,0.166078,0.038845,0.073370,0.034525,0.183996
c1_r300m,grid,1,300.000000,6,1.000000,425,60,0.065722,0.862130,255.298472,0.836044,0.000000,0.000917,0.003785,0.230769,0.000000,0.230769,0.829787,0.069135,0.277432,0.208297,0.734945
c1_r300m,grid,1,300.000000,6,1.000000,432,60,0.088882,0.694869,444.049192,0.843811,0.000000,0.002306,0.004130,0.230769,0.069444,0.161325,0.684211,0.050250,0.253384,0.203134,0.643677
c1_r300m,grid,1,300.000000,6,1.000000,422,60,0.143212,0.216009,213.242360,0.447902,0.000000,0.001972,0.015566,0.500000,0.478723,0.021277,0.189655,0.034532,0.305148,0.270615,0.291379
c1_r300m,grid,1,300.000000,6,1.000000,419,60,0.310633,0.554333,443.750874,0.915454,0.000000,0.003306,0.007409,0.328571,0.190141,0.138431,0.496454,0.147579,0.413437,0.265857,0.622082
c1_r150m,grid,1,150.000000,6,1.000000,446,60,0.219441,0.566533,795.910953,0.296027,0.000000,0.001222,0.001000,0.074074,0.053763,0.020311,0.367347,0.065972,0.105613,0.039641,0.258680
c1_r300m,grid,1,300.000000,6,1.000000,428,60,0.301776,0.397071,252.919895,0.779613,0.000000,0.002583,0.011678,0.428571,0.377358,0.051213,0.397727,0.055369,0.329413,0.274044,0.497327
c1_r300m,grid,1,300.000000,6,1.000000,429,60,0.697469,0.335999,786.499536,0.405860,0.000000,0.005889,0.001241,0.401042,0.129944,0.271098,0.351648,0.151224,0.382271,0.231048,0.396555
c1_r150m,grid,1,150.000000,6,1.000000,448,60,0.304323,0.248407,1011.818223,0.873814,0.000000,0.001889,0.001000,0.118421,0.016393,0.102028,0.237500,0.056502,0.115769,0.059268,0.327751
c1_r300m,grid,1,300.000000,6,1.000000,430,60,0.082917,0.895147,312.675566,0.587760,0.000000,0.002167,0.008995,0.245902,0.181818,0.064083,0.892683,0.048967,0.308163,0.259196,0.813321
c1_r300m,grid,1,300.000000,6,1.000000,433,60,0.183894,0.578754,353.542699,0.923693,0.000000,0.003306,0.008973,0.252809,0.208633,0.044176,0.561514,0.089827,0.355290,0.265463,0.488885
c1_r300m,grid,1,300.000000,6,1.000000,431,60,0.881064,0.688642,412.857574,0.897512,0.000000,0.002861,0.010842,0.363095,0.081081,0.282014,0.694215,0.161419,0.435625,0.274206,0.772912
c1_r150m,grid,1,150.000000,6,1.000000,445,60,0.323430,0.483990,1710.576262,0.791564,0.000000,0.004472,0.001000,0.127517,0.017361,0.110156,0.508532,0.076847,0.104688,0.027841,0.428481
c1_r150m,grid,1,150.000000,6,1.000000,449,60,0.244595,0.330370,735.472664,0.492912,0.000000,0.001556,0.001000,0.118644,0.066176,0.052468,0.302564,0.094196,0.143769,0.049572,0.248600
c1_r300m,grid,1,300.000000,6,1.000000,437,60,0.218035,0.080556,186.605308,0.955011,0.000000,0.001944,0.016269,0.500000,0.328125,0.171875,0.123288,0.059545,0.351349,0.291804,0.081756
c1_r300m,grid,1,300.000000,6,1.000000,435,60,0.708277,0.430099,312.930059,0.644074,0.000000,0.002444,0.011377,0.376471,0.200000,0.176471,0.414634,0.103834,0.373269,0.269435,0.309447
c1_r300m,grid,1,300.000000,6,1.000000,438,60,0.186911,0.534105,285.788667,0.934068,0.000000,0.002361,0.010435,0.292683,0.305556,-0.012873,0.431579,0.052227,0.341573,0.289347,0.489295
c1_r300m,grid,1,300.000000,6,1.000000,436,60,0.076474,0.319655,453.145798,0.484151,0.000000,0.002917,0.005444,0.271028,0.185792,0.085236,0.368966,0.081439,0.275455,0.194016,0.329239
c1_r300m,grid,1,300.000000,6,1.000000,434,60,0.208999,0.203343,523.565372,0.070355,0.000000,0.001944,0.001000,0.200000,0.112000,0.088000,0.137931,0.155260,0.385734,0.230474,0.130930
c1_r300m,grid,1,300.000000,6,1.000000,441,60,0.047192,0.395392,553.149055,0.452509,0.000000,0.004194,0.007459,0.146552,0.173745,-0.027193,0.472505,-0.005748,0.260212,0.265961,0.510695
c1_r300m,grid,1,300.000000,6,1.000000,448,60,0.163761,0.437712,297.624349,0.486098,0.000000,0.002944,0.016404,0.361446,0.453704,-0.092258,0.434555,0.136440,0.466065,0.329625,0.243362
c1_r300m,grid,1,300.000000,6,1.000000,443,60,0.369561,0.324582,316.586322,0.633882,0.000000,0.002222,0.010868,0.379747,0.181102,0.198644,0.383495,0.167534,0.422216,0.254681,0.289563
c1_r300m,grid,1,300.000000,6,1.000000,442,60,0.445341,0.307109,163.296823,0.087882,0.000000,0.001667,0.007958,0.473684,0.426471,0.047214,0.218391,0.225708,0.520302,0.294594,0.265703
c1_r300m,grid,1,300.000000,6,1.000000,447,60,0.484744,0.022598,260.130394,0.713747,0.000000,0.002111,0.009603,0.500000,0.364964,0.135036,0.014388,0.089514,0.343534,0.254020,0.065875
c1_r300m,grid,1,300.000000,6,1.000000,445,60,0.374103,0.550164,258.456683,0.854876,0.000000,0.001361,0.004857,0.352113,0.085106,0.267006,0.601695,0.099985,0.386197,0.286211,0.740991
c1_r150m,grid,1,150.000000,6,1.000000,444,60,0.294326,0.384566,3267.481776,0.575222,0.000000,0.008000,0.001000,0.096317,0.046455,0.049863,0.301452,0.086326,0.128026,0.041699,0.270241
c1_r300m,grid,1,300.000000,6,1.000000,439,60,0.523727,0.560485,492.358869,0.872673,0.000000,0.004778,0.014853,0.351240,0.151042,0.200198,0.557604,0.161111,0.355072,0.193962,0.768221
c1_r300m,grid,1,300.000000,6,1.000000,444,60,0.613229,0.684403,668.502247,0.980755,0.000000,0.005972,0.010356,0.341954,0.098958,0.242996,0.644444,0.208588,0.435392,0.226805,0.688840
c1_r300m,grid,1,300.000000,6,1.000000,449,60,0.224728,0.261495,233.302389,0.774605,0.000000,0.001806,0.005232,0.377778,0.269231,0.108547,0.302013,0.181901,0.406038,0.224137,0.453603
c1_r300m,grid,1,300.000000,6,1.000000,440,60,0.514081,0.955588,264.205760,0.598325,0.000000,0.002889,0.004347,0.326923,0.055556,0.271368,0.920354,0.209373,0.415538,0.206165,0.870255
c1_r300m,grid,1,300.000000,6,1.000000,446,60,0.637919,0.591281,524.583244,0.583049,0.000000,0.004444,0.001931,0.266667,0.111111,0.155556,0.612245,0.157525,0.414961,0.257436,0.522117
c1_r150m,grid,1,150.000000,6,1.000000,447,60,0.412772,0.141162,3600.770906,0.479789,0.000000,0.009861,0.001000,0.150838,0.063741,0.087097,0.157570,0.108625,0.150382,0.041756,0.207106
c1_r600m,grid,1,600.000000,6,1.000000,401,60,0.398869,0.428422,451.462221,0.831385,0.000000,0.017444,0.104015,0.655257,0.443623,0.211634,0.430526,0.159894,0.594177,0.434283,0.482610
c1_r600m,grid,1,600.000000,6,1.000000,402,60,0.335663,0.150277,432.148560,0.848118,0.000000,0.018889,0.126178,0.786765,0.528926,0.257839,0.138352,0.125117,0.652077,0.526960,0.176608
c1_r600m,grid,1,600.000000,6,1.000000,403,60,0.363442,0.480305,767.359369,0.331240,0.000000,0.022222,0.092124,0.507123,0.363636,0.143486,0.495413,0.098080,0.569492,0.471412,0.517325
c1_r600m,grid,1,600.000000,6,1.000000,404,60,0.881932,0.886275,1703.190045,0.888222,0.000000,0.053000,0.163670,0.533183,0.230548,0.302636,0.884871,0.283842,0.518081,0.234240,0.887651
c1_r600m,grid,1,600.000000,6,1.000000,405,60,0.767161,0.933048,2237.573589,0.896803,0.000000,0.060583,0.126420,0.480386,0.204013,0.276373,0.917243,0.252203,0.450580,0.198377,0.891578
c1_r600m,grid,1,600.000000,6,1.000000,400,60,0.934618,0.885273,1790.079148,0.741491,0.000000,0.049861,0.118163,0.478018,0.239554,0.238464,0.882024,0.257282,0.536071,0.278789,0.876738
c1_r600m,grid,1,600.000000,6,1.000000,406,60,0.596681,0.519143,544.707679,0.696182,0.000000,0.020333,0.106180,0.642322,0.483019,0.159303,0.501880,0.157921,0.645151,0.487230,0.451432
c1_r600m,grid,1,600.000000,6,1.000000,408,60,0.147689,0.119409,266.135850,0.841382,0.000000,0.010806,0.074754,0.600000,0.469424,0.130576,0.118859,0.061941,0.604682,0.542741,0.109405
c1_r600m,grid,1,600.000000,6,1.000000,414,60,0.307307,0.134193,460.906029,0.111754,0.000000,0.017778,0.103999,0.644628,0.520104,0.124524,0.135650,0.067203,0.677580,0.610376,0.111286
c1_r600m,grid,1,600.000000,6,1.000000,407,60,0.288366,0.330010,479.422167,0.448412,0.000000,0.016583,0.099167,0.497525,0.491103,0.006422,0.418219,0.163189,0.655749,0.492559,0.361916
c1_r600m,grid,1,600.000000,6,1.000000,412,60,0.513350,0.352524,467.545080,0.768418,0.000000,0.017306,0.095298,0.524444,0.457143,0.067302,0.445545,0.169426,0.617829,0.448403,0.323859
c1_r600m,grid,1,600.000000,6,1.000000,411,60,0.439954,0.208426,443.227640,0.722958,0.000000,0.016028,0.088262,0.677596,0.369910,0.307686,0.171509,0.104906,0.570403,0.465497,0.264213
c1_r600m,grid,1,600.000000,6,1.000000,425,60,0.228329,0.429246,368.184284,0.278407,0.000000,0.013389,0.091005,0.511364,0.408898,0.102465,0.427184,0.124927,0.602165,0.477238,0.318325
c1_r600m,grid,1,600.000000,6,1.000000,419,60,0.404642,0.239476,383.973208,0.386871,0.000000,0.015306,0.103464,0.637755,0.431694,0.206061,0.211207,0.147420,0.709617,0.562197,0.229088
c1_r600m,grid,1,600.000000,6,1.000000,422,60,0.621979,0.761979,597.468003,0.606635,0.000000,0.024778,0.146950,0.616484,0.520588,0.095895,0.728000,0.183781,0.591942,0.408162,0.531320
c1_r600m,grid,1,600.000000,6,1.000000,440,60,0.397355,0.378370,417.961290,0.328023,0.000000,0.020667,0.137327,0.710997,0.617216,0.093781,0.417289,0.121929,0.683934,0.562005,0.265745
c1_r600m,grid,1,600.000000,6,1.000000,410,60,0.356831,0.867641,515.763978,0.723858,0.000000,0.023000,0.130095,0.589942,0.530769,0.059173,0.888316,0.072626,0.569415,0.496789,0.861957
c1_r600m,grid,1,600.000000,6,1.000000,416,60,0.586346,0.525907,634.590108,0.321652,0.000000,0.023139,0.110781,0.578947,0.412724,0.166223,0.534195,0.185761,0.631737,0.445975,0.477268
c1_r600m,grid,1,600.000000,6,1.000000,415,60,0.645616,0.874895,1115.142633,0.829721,0.000000,0.034778,0.131704,0.530491,0.235294,0.295197,0.846617,0.186591,0.539662,0.353072,0.730984
c1_r600m,grid,1,600.000000,6,1.000000,421,60,0.555846,0.328960,490.261275,0.787856,0.000000,0.018222,0.099719,0.573684,0.371943,0.201741,0.328436,0.181075,0.659967,0.478892,0.256550
c1_r600m,grid,1,600.000000,6,1.000000,435,60,0.348794,0.172092,171.680476,0.573674,0.000000,0.011000,0.091930,0.806122,0.611905,0.194218,0.189189,0.118992,0.656330,0.537338,0.177970
c1_r600m,grid,1,600.000000,6,1.000000,434,60,0.542156,0.456978,492.252202,0.460662,0.000000,0.016361,0.074311,0.628429,0.373541,0.254888,0.438251,0.168272,0.621286,0.453015,0.359979
c1_r600m,grid,1,600.000000,6,1.000000,420,60,0.366900,0.551356,395.386317,0.851814,0.000000,0.016778,0.110220,0.693111,0.471751,0.221359,0.575030,0.135126,0.565310,0.430184,0.462079
c1_r600m,grid,1,600.000000,6,1.000000,447,60,0.137262,0.439380,260.694839,0.868427,0.000000,0.015222,0.125616,0.591900,0.599099,-0.007199,0.419608,0.079888,0.581584,0.501696,0.266804
c1_r600m,grid,1,600.000000,6,1.000000,441,60,0.774384,0.705814,670.564189,0.809164,0.000000,0.023139,0.100747,0.591581,0.367188,0.224394,0.695962,0.159996,0.595082,0.435087,0.597399
c1_r600m,grid,1,600.000000,6,1.000000,426,60,0.461275,0.814494,552.257395,0.860980,0.000000,0.022972,0.121774,0.566802,0.457831,0.108970,0.798707,0.166504,0.633473,0.466968,0.701336
c1_r600m,grid,1,600.000000,6,1.000000,427,60,0.443075,0.720345,751.382400,0.919619,0.000000,0.028194,0.136329,0.489655,0.379902,0.109753,0.761821,0.114054,0.612221,0.498166,0.605319
c1_r600m,grid,1,600.000000,6,1.000000,428,60,0.633341,0.561152,280.073097,0.543212,0.000000,0.016611,0.125656,0.809019,0.612903,0.196115,0.525070,0.177033,0.582616,0.405583,0.688155
c1_r600m,grid,1,600.000000,6,1.000000,442,60,0.227519,0.483240,514.039768,0.612969,0.000000,0.023028,0.135373,0.528818,0.535714,-0.006896,0.553429,0.082353,0.550597,0.468244,0.517197
c1_r600m,grid,1,600.000000,6,1.000000,449,60,0.496877,0.506811,623.935510,0.263578,0.000000,0.023361,0.110540,0.613666,0.351711,0.261955,0.591298,0.145497,0.616539,0.471042,0.444622
c1_r600m,grid,1,600.000000,6,1.000000,443,60,0.437612,0.482930,556.394846,0.338553,0.000000,0.021528,0.119320,0.561892,0.560794,0.001097,0.640820,0.082122,0.625034,0.542912,0.597795
c1_r600m,grid,1,600.000000,6,1.000000,423,60,0.352676,0.882604,718.489048,0.498617,0.000000,0.022833,0.101028,0.451349,0.400000,0.051349,0.881124,0.084685,0.484975,0.400290,0.875014
c1_r600m,grid,1,600.000000,6,1.000000,437,60,0.364625,0.643574,442.764039,0.414316,0.000000,0.017667,0.115048,0.557751,0.535714,0.022036,0.701493,0.076445,0.553163,0.476718,0.687280
c1_r600m,grid,1,600.000000,6,1.000000,438,60,0.747868,0.946633,1276.703484,0.818345,0.000000,0.038722,0.121923,0.490987,0.254658,0.236328,0.929044,0.127086,0.553719,0.426632,0.861300
c1_r600m,grid,1,600.000000,6,1.000000,409,60,0.473058,0.775958,819.242748,0.150192,0.000000,0.026167,0.105067,0.507909,0.472789,0.035119,0.794693,0.094249,0.522589,0.428341,0.840274
c1_r600m,grid,1,600.000000,6,1.000000,444,60,0.374133,0.634015,1062.639491,0.782338,0.000000,0.028806,0.094282,0.460691,0.259696,0.200994,0.696520,0.134302,0.509323,0.375021,0.689139
c1_r600m,grid,1,600.000000,6,1.000000,430,60,0.753803,0.795774,581.547138,0.650033,0.000000,0.028583,0.175245,0.624155,0.547085,0.077070,0.841507,0.181311,0.564138,0.382826,0.751729
c1_r600m,grid,1,600.000000,6,1.000000,445,60,0.860770,0.484348,749.207829,0.328495,0.000000,0.022417,0.096884,0.633600,0.344392,0.289208,0.496820,0.176336,0.640274,0.463938,0.463488
c1_r600m,grid,1,600.000000,6,1.000000,418,60,0.542245,0.924686,1087.439443,0.668897,0.000000,0.028944,0.107907,0.419222,0.352564,0.066658,0.915767,0.167166,0.510251,0.343084,0.908739
c1_r600m,grid,1,600.000000,6,1.000000,439,60,0.667973,0.834938,1821.451232,0.505456,0.000000,0.053750,0.158950,0.498384,0.255875,0.242510,0.879104,0.183769,0.516843,0.333073,0.812792
c1_r600m,grid,1,600.000000,6,1.000000,431,60,0.770402,0.922706,1328.561566,0.340155,0.000000,0.042500,0.137781,0.550689,0.235808,0.314881,0.898717,0.251019,0.545374,0.294355,0.855531
c1_r600m,grid,1,600.000000,6,1.000000,446,60,0.668528,0.703398,644.879350,0.900416,0.000000,0.023778,0.108363,0.503250,0.405316,0.097934,0.781567,0.129447,0.562812,0.433365,0.769167
c1_r600m,grid,1,600.000000,6,1.000000,432,60,0.622732,0.717620,1305.020009,0.445725,0.000000,0.031222,0.082434,0.462101,0.294393,0.167709,0.778468,0.244565,0.480698,0.236132,0.754951
c1_r600m,grid,1,600.000000,6,1.000000,448,60,0.700421,0.900579,1293.719707,0.880763,0.000000,0.034167,0.089516,0.476630,0.220779,0.255851,0.888460,0.237970,0.514016,0.276046,0.902552
c1_r600m,grid,1,600.000000,6,1.000000,413,60,0.884043,0.932478,2817.736937,0.634730,0.000000,0.066083,0.098129,0.444152,0.190083,0.254069,0.912719,0.245804,0.453253,0.207449,0.908730
c2_r15m,grid,2,15.000000,6,1.000000,401,60,0.721757,0.480336,2188.767483,0.549754,0.000000,0.000722,0.001000,0.000000,0.000000,0.000000,0.000000,0.000000,0.000000,0.000000,0.350000
c2_r15m,grid,2,15.000000,6,1.000000,400,60,0.411639,0.156896,4408.821543,0.409807,0.000000,0.001528,0.001000,0.000000,0.000000,0.000000,0.000000,0.100000,0.100000,0.000000,0.181786
c1_r600m,grid,1,600.000000,6,1.000000,433,60,0.670042,0.944931,1782.073521,0.486686,0.000000,0.054806,0.167183,0.504233,0.168367,0.335866,0.937758,0.262775,0.494218,0.231443,0.893845
c2_r15m,grid,2,15.000000,6,1.000000,408,60,0.547916,0.466567,2502.070347,0.655014,0.000000,0.001083,0.001000,0.000000,0.000000,0.000000,0.000000,0.000000,0.000000,0.000000,0.100000
c2_r15m,grid,2,15.000000,6,1.000000,403,60,0.510855,0.446184,2574.740182,0.718080,0.000000,0.000806,0.001000,0.000000,0.000000,0.000000,0.000000,0.005714,0.020000,0.014286,0.096416
c2_r15m,grid,2,15.000000,6,1.000000,404,60,0.240726,0.452562,1220.785371,0.594025,0.000000,0.000250,0.001000,0.000000,0.000000,0.000000,0.000000,0.000000,0.000000,0.000000,0.100000
c2_r15m,grid,2,15.000000,6,1.000000,406,60,0.370317,0.468491,2260.525247,0.752570,0.000000,0.001167,0.001000,0.000000,0.000000,0.000000,0.333333,0.000000,0.000000,0.000000,0.048718
c2_r15m,grid,2,15.000000,6,1.000000,402,60,0.546808,0.340684,2721.064545,0.781932,0.000000,0.001139,0.001000,0.000000,0.000000,0.000000,0.200000,0.011111,0.011111,0.000000,0.164318
c2_r15m,grid,2,15.000000,6,1.000000,410,60,0.229989,0.363480,2016.252521,0.532782,0.000000,0.000750,0.001000,0.000000,0.000000,0.000000,0.000000,0.000000,0.000000,0.000000,0.033333
c2_r15m,grid,2,15.000000,6,1.000000,407,60,0.308484,0.365981,1817.559807,0.698785,0.000000,0.000889,0.001000,0.000000,0.000000,0.000000,0.000000,0.000000,0.000000,0.000000,0.009091
c1_r600m,grid,1,600.000000,6,1.000000,424,60,0.762618,0.944338,2202.176549,0.527823,0.000000,0.062444,0.185319,0.486431,0.209402,0.277029,0.935430,0.264014,0.485791,0.221777,0.907781
c2_r15m,grid,2,15.000000,6,1.000000,405,60,0.442527,0.284691,2837.451146,0.728343,0.000000,0.001306,0.001000,0.000000,0.000000,0.000000,0.000000,-0.008333,0.000000,0.008333,0.051145
c2_r15m,grid,2,15.000000,6,1.000000,409,60,0.381930,0.355053,2691.542093,0.485291,0.000000,0.001139,0.001000,0.000000,0.000000,0.000000,0.000000,0.033333,0.033333,0.000000,0.076667
c1_r600m,grid,1,600.000000,6,1.000000,417,60,0.811131,0.916931,3447.876962,0.869580,0.000000,0.077278,0.122668,0.487578,0.162162,0.325415,0.904104,0.279480,0.473387,0.193908,0.890517
c1_r600m,grid,1,600.000000,6,1.000000,429,60,0.783828,0.920865,2214.850521,0.813234,0.000000,0.052778,0.100571,0.440945,0.164634,0.276311,0.902844,0.288288,0.481544,0.193256,0.887370
c2_r15m,grid,2,15.000000,6,1.000000,412,60,0.390116,0.597266,2172.786786,0.720942,0.000000,0.000611,0.001000,0.000000,0.000000,0.000000,0.200000,0.000000,0.000000,0.000000,0.214722
c2_r15m,grid,2,15.000000,6,1.000000,411,60,0.346723,0.429268,2693.316187,0.417684,0.000000,0.001111,0.001000,0.000000,0.000000,0.000000,0.000000,0.000000,0.000000,0.000000,0.082222
c2_r15m,grid,2,15.000000,6,1.000000,413,60,0.209721,0.165081,1776.510169,0.713391,0.000000,0.000833,0.001000,0.000000,0.000000,0.000000,0.000000,0.000000,0.000000,0.000000,0.105952
c2_r15m,grid,2,15.000000,6,1.000000,414,60,0.261482,0.306015,2359.443981,0.701224,0.000000,0.000750,0.001000,0.000000,0.000000,0.000000,0.166667,-0.016667,0.000000,0.016667,0.045238
c2_r15m,grid,2,15.000000,6,1.000000,415,60,0.637283,0.600489,1924.997321,0.659800,0.000000,0.000806,0.001000,0.000000,0.000000,0.000000,0.000000,0.000000,0.000000,0.000000,0.000000
c2_r15m,grid,2,15.000000,6,1.000000,416,60,0.425590,0.768940,4249.242004,0.887592,0.000000,0.001500,0.001000,0.166667,0.000000,0.166667,0.600000,0.040278,0.040278,0.000000,0.465051
c1_r600m,grid,1,600.000000,6,1.000000,436,60,0.869566,0.931730,5019.311121,0.857734,0.000000,0.103500,0.149165,0.458756,0.169625,0.289131,0.921065,0.292407,0.475004,0.182597,0.895031
c2_r15m,grid,2,15.000000,6,1.000000,417,60,0.571523,0.293890,3569.575536,0.561777,0.000000,0.001472,0.001000,0.000000,0.000000,0.000000,0.000000,0.000000,0.000000,0.000000,0.050980
c2_r15m,grid,2,15.000000,6,1.000000,418,60,0.471692,0.329985,3782.092121,0.853101,0.000000,0.001417,0.001000,0.000000,0.000000,0.000000,0.000000,-0.012500,0.000000,0.012500,0.118519
c2_r15m,grid,2,15.000000,6,1.000000,419,60,0.386389,0.275025,1866.395077,0.446752,0.000000,0.000694,0.001000,0.000000,0.000000,0.000000,0.000000,0.000000,0.000000,0.000000,0.025000
c2_r15m,grid,2,15.000000,6,1.000000,422,60,0.379394,0.384233,2107.046975,0.685207,0.000000,0.001139,0.001000,0.000000,0.000000,0.000000,0.000000,0.000000,0.000000,0.000000,0.286310
c2_r15m,grid,2,15.000000,6,1.000000,420,60,0.445897,0.313621,3610.390442,0.675206,0.000000,0.001028,0.001000,0.000000,0.000000,0.000000,0.000000,0.000000,0.000000,0.000000,0.095874
c2_r15m,grid,2,15.000000,6,1.000000,423,60,0.354420,0.207859,2233.282999,0.407831,0.000000,0.001000,0.001000,0.000000,0.000000,0.000000,0.000000,0.000000,0.000000,0.000000,0.020000
c2_r15m,grid,2,15.000000,6,1.000000,421,60,0.633700,0.200662,2820.840437,0.618659,0.000000,0.001278,0.001000,0.000000,0.000000,0.000000,0.000000,0.025000,0.025000,0.000000,0.036364
c2_r15m,grid,2,15.000000,6,1.000000,424,60,0.562905,0.292709,1630.602551,0.835799,0.000000,0.000722,0.001000,0.000000,0.000000,0.000000,0.666667,0.000000,0.000000,0.000000,0.166667
c2_r15m,grid,2,15.000000,6,1.000000,425,60,0.250831,0.525149,2687.285286,0.252522,0.000000,0.000972,0.001000,0.000000,0.000000,0.000000,0.000000,0.000000,0.000000,0.000000,0.100000
c2_r15m,grid,2,15.000000,6,1.000000,429,60,0.227273,0.628773,1574.309777,0.583637,0.000000,0.000694,0.001000,0.000000,0.000000,0.000000,0.000000,0.000000,0.000000,0.000000,0.075000
c2_r15m,grid,2,15.000000,6,1.000000,428,60,0.238431,0.508316,2875.042592,0.532735,0.000000,0.000750,0.001000,0.000000,0.000000,0.000000,0.000000,0.000000,0.000000,0.000000,0.050000
c2_r15m,grid,2,15.000000,6,1.000000,435,60,0.637580,0.236652,1725.943034,0.679803,0.000000,0.000583,0.001000,0.000000,0.000000,0.000000,0.000000,0.000000,0.000000,0.000000,0.000000
c2_r15m,grid,2,15.000000,6,1.000000,426,60,0.705709,0.332990,3205.837119,0.414433,0.000000,0.001083,0.001000,0.000000,0.000000,0.000000,0.000000,0.000000,0.000000,0.000000,0.000000
c2_r15m,grid,2,15.000000,6,1.000000,427,60,0.275193,0.491741,3320.834318,0.883514,0.000000,0.001361,0.001000,0.000000,0.000000,0.000000,0.000000,0.010526,0.010526,0.000000,0.150303
c2_r15m,grid,2,15.000000,6,1.000000,430,60,0.376676,0.309138,3423.259812,0.627439,0.000000,0.001583,0.001000,0.000000,0.000000,0.000000,0.857143,-0.010000,0.000000,0.010000,0.191169
c2_r15m,grid,2,15.000000,6,1.000000,434,60,0.315486,0.473839,2132.876709,0.513515,0.000000,0.001083,0.001000,0.000000,0.000000,0.000000,0.000000,0.011111,0.011111,0.000000,0.197222
c2_r15m,grid,2,15.000000,6,1.000000,432,60,0.606824,0.279940,2582.798506,0.477260,0.000000,0.001000,0.001000,0.000000,0.000000,0.000000,0.000000,0.000000,0.000000,0.000000,0.000000
c2_r15m,grid,2,15.000000,6,1.000000,433,60,0.344651,0.567898,2847.141081,0.615959,0.000000,0.001194,0.001000,0.000000,0.000000,0.000000,0.000000,0.000000,0.000000,0.000000,0.112500
c2_r15m,grid,2,15.000000,6,1.000000,436,60,0.275972,0.529787,2312.555603,0.688882,0.000000,0.000917,0.001000,0.000000,0.000000,0.000000,0.000000,0.016667,0.016667,0.000000,0.200000
c2_r15m,grid,2,15.000000,6,1.000000,431,60,0.231874,0.306282,3821.183159,0.700070,0.000000,0.001694,0.001000,0.000000,0.000000,0.000000,0.000000,0.000000,0.000000,0.000000,0.156494
c2_r15m,grid,2,15.000000,6,1.000000,439,60,0.173937,0.489851,1774.093857,0.797609,0.000000,0.000528,0.001000,0.000000,0.000000,0.000000,0.000000,0.000000,0.000000,0.000000,0.157143
c2_r15m,grid,2,15.000000,6,1.000000,445,60,0.211896,0.353044,1687.545859,0.475320,0.000000,0.000583,0.001000,0.000000,0.000000,0.000000,0.000000,0.000000,0.000000,0.000000,0.062500
c2_r15m,grid,2,15.000000,6,1.000000,437,60,0.400162,0.477976,4458.194101,0.674958,0.000000,0.002167,0.001000,0.000000,0.000000,0.000000,0.000000,-0.015909,0.009091,0.025000,0.186154
c2_r15m,grid,2,15.000000,6,1.000000,441,60,0.221239,0.267639,1771.988308,0.556014,0.000000,0.000556,0.001000,0.000000,0.000000,0.000000,0.000000,-0.005556,0.000000,0.005556,0.067485
c2_r15m,grid,2,15.000000,6,1.000000,442,60,0.316738,0.222382,1464.719321,0.380136,0.000000,0.000611,0.001000,0.000000,0.000000,0.000000,0.000000,0.000000,0.000000,0.000000,0.073611
c2_r15m,grid,2,15.000000,6,1.000000,438,60,0.390928,0.247219,3192.500164,0.698309,0.000000,0.001333,0.001000,0.000000,0.000000,0.000000,0.000000,-0.006250,0.000000,0.006250,0.015789
c2_r15m,grid,2,15.000000,6,1.000000,443,60,0.228468,0.391804,2337.879121,0.711153,0.000000,0.001056,0.001000,0.000000,0.000000,0.000000,0.000000,-0.014286,0.000000,0.014286,0.158824
c2_r15m,grid,2,15.000000,6,1.000000,440,60,0.288294,0.517068,2148.088844,0.704314,0.000000,0.000722,0.001000,0.000000,0.000000,0.000000,1.000000,0.000000,0.000000,0.000000,0.282857
c2_r15m,grid,2,15.000000,6,1.000000,446,60,0.514719,0.235342,2000.201502,0.752272,0.000000,0.001028,0.001000,0.000000,0.000000,0.000000,0.272727,0.000000,0.000000,0.000000,0.047273
c2_r15m,grid,2,15.000000,6,1.000000,449,60,0.247663,0.310810,3536.580589,0.401249,0.000000,0.001167,0.001000,0.400000,0.000000,0.400000,0.454545,0.040000,0.040000,0.000000,0.045455
c2_r15m,grid,2,15.000000,6,1.000000,444,60,0.366787,0.255388,4107.906098,0.526884,0.000000,0.001361,0.001000,0.000000,0.000000,0.000000,0.000000,0.000000,0.000000,0.000000,0.010000
c2_r15m,grid,2,15.000000,6,1.000000,447,60,0.296007,0.346316,2562.238338,0.697494,0.000000,0.001194,0.001000,0.000000,0.000000,0.000000,0.000000,0.000000,0.000000,0.000000,0.090476
c2_r15m,grid,2,15.000000,6,1.000000,448,60,0.310290,0.350691,3978.775525,0.707289,0.000000,0.001806,0.001000,0.000000,0.000000,0.000000,0.076923,0.001111,0.011111,0.010000,0.303675
c2_r37.5m,grid,2,37.500000,6,1.000000,400,60,0.341359,0.296172,1916.538291,0.650906,0.000000,0.002167,0.001000,0.064516,0.000000,0.064516,0.424658,0.022985,0.027955,0.004970,0.366422
c2_r37.5m,grid,2,37.500000,6,1.000000,401,60,0.524847,0.310058,3568.594272,0.619019,0.000000,0.004083,0.001000,0.086957,0.014925,0.072031,0.255556,0.031475,0.045623,0.014148,0.273857
c2_r37.5m,grid,2,37.500000,6,1.000000,404,60,0.406163,0.383976,2483.547093,0.566520,0.000000,0.002528,0.001000,0.012658,0.015625,-0.002967,0.552448,0.013980,0.022768,0.008787,0.435795
c2_r37.5m,grid,2,37.500000,6,1.000000,403,60,0.299501,0.204843,1817.792241,0.637018,0.000000,0.001917,0.001000,0.000000,0.016949,-0.016949,0.157143,0.024049,0.039783,0.015734,0.148919
c2_r37.5m,grid,2,37.500000,6,1.000000,402,60,0.385977,0.323119,1140.993664,0.640281,0.000000,0.000944,0.001000,0.000000,0.000000,0.000000,0.137931,-0.019950,0.018109,0.038059,0.306339
c2_r37.5m,grid,2,37.500000,6,1.000000,406,60,0.474203,0.700900,3432.994017,0.620248,0.000000,0.003444,0.001000,0.078431,0.045455,0.032977,0.698630,0.007798,0.034338,0.026540,0.494602
c2_r37.5m,grid,2,37.500000,6,1.000000,405,60,0.636059,0.394683,4239.292554,0.510118,0.000000,0.004250,0.001000,0.039216,0.042105,-0.002890,0.349315,0.019261,0.041670,0.022408,0.384290
c2_r37.5m,grid,2,37.500000,6,1.000000,407,60,0.370131,0.357079,2018.402621,0.728416,0.000000,0.002333,0.001000,0.027778,0.000000,0.027778,0.433735,0.025369,0.048764,0.023395,0.515025
c2_r37.5m,grid,2,37.500000,6,1.000000,408,60,0.363383,0.331889,1311.432052,0.685456,0.000000,0.000972,0.001000,0.047619,0.000000,0.047619,0.355932,0.061539,0.074603,0.013064,0.307639
c2_r37.5m,grid,2,37.500000,6,1.000000,409,60,0.406903,0.289207,2194.439224,0.780263,0.000000,0.001972,0.001000,0.000000,0.000000,0.000000,0.267442,0.013716,0.021907,0.008191,0.174972
c2_r37.5m,grid,2,37.500000,6,1.000000,415,60,0.357805,0.181791,903.047563,0.838310,0.000000,0.000778,0.001000,0.000000,0.093023,-0.093023,0.140000,0.031036,0.045000,0.013964,0.146764
c2_r37.5m,grid,2,37.500000,6,1.000000,410,60,0.255252,0.558679,1876.925434,0.838330,0.000000,0.002056,0.001000,0.060606,0.000000,0.060606,0.600000,0.052848,0.068826,0.015979,0.404497
c2_r37.5m,grid,2,37.500000,6,1.000000,411,60,0.309044,0.369858,4079.265107,0.696337,0.000000,0.004639,0.001000,0.054945,0.027778,0.027167,0.387234,0.032898,0.045829,0.012931,0.342498
c2_r37.5m,grid,2,37.500000,6,1.000000,416,60,0.504391,0.558351,1924.971948,0.547882,0.000000,0.002194,0.001000,0.000000,0.060606,-0.060606,0.720339,0.022173,0.053601,0.031428,0.667268
c2_r37.5m,grid,2,37.500000,6,1.000000,420,60,0.345953,0.424940,1969.632437,0.696727,0.000000,0.001806,0.001000,0.111111,0.000000,0.111111,0.400000,0.043839,0.058393,0.014554,0.306488
c2_r37.5m,grid,2,37.500000,6,1.000000,418,60,0.596963,0.594954,2771.654887,0.690715,0.000000,0.003250,0.001000,0.055046,0.000000,0.055046,0.619318,0.052928,0.060484,0.007556,0.620093
c2_r37.5m,grid,2,37.500000,6,1.000000,419,60,0.655094,0.556819,2046.634868,0.571138,0.000000,0.001944,0.001000,0.113208,0.000000,0.113208,0.473214,0.059565,0.076784,0.017219,0.543775
c2_r37.5m,grid,2,37.500000,6,1.000000,412,60,0.243750,0.537268,3952.307856,0.492535,0.000000,0.004222,0.001000,0.049505,0.030303,0.019202,0.604790,0.028929,0.045162,0.016233,0.509588
c2_r37.5m,grid,2,37.500000,6,1.000000,417,60,0.281686,0.327788,4111.475831,0.700801,0.000000,0.004611,0.001000,0.037975,0.014085,0.023890,0.357466,0.019407,0.039321,0.019914,0.286988
c2_r37.5m,grid,2,37.500000,6,1.000000,421,60,0.270833,0.465789,1340.906570,0.747250,0.000000,0.001194,0.001000,0.000000,0.000000,0.000000,0.511111,0.054736,0.059709,0.004973,0.374501
c2_r37.5m,grid,2,37.500000,6,1.000000,413,60,0.561170,0.180957,1779.726966,0.532921,0.000000,0.001417,0.001000,0.142857,0.000000,0.142857,0.129630,0.041793,0.057036,0.015244,0.333163
c2_r37.5m,grid,2,37.500000,6,1.000000,414,60,0.349592,0.401434,2289.510975,0.816554,0.000000,0.002306,0.001000,0.081081,0.008475,0.072607,0.385417,0.033597,0.038999,0.005402,0.408141
c2_r37.5m,grid,2,37.500000,6,1.000000,423,60,0.665931,0.364897,2253.867345,0.747841,0.000000,0.002750,0.001000,0.095238,0.017241,0.077997,0.520661,0.054665,0.068324,0.013659,0.415435
c2_r37.5m,grid,2,37.500000,6,1.000000,424,60,0.403292,0.323999,1433.859750,0.703371,0.000000,0.001028,0.001000,0.000000,0.000000,0.000000,0.333333,0.009801,0.023583,0.013782,0.473179
c2_r37.5m,grid,2,37.500000,6,1.000000,425,60,0.331113,0.345174,2614.357955,0.734874,0.000000,0.002972,0.001000,0.043478,0.008850,0.034629,0.169118,0.048231,0.066617,0.018385,0.333421
c2_r37.5m,grid,2,37.500000,6,1.000000,422,60,0.187427,0.213334,2668.292171,0.532885,0.000000,0.002556,0.001000,0.000000,0.000000,0.000000,0.225225,0.007208,0.027265,0.020058,0.254995
c2_r37.5m,grid,2,37.500000,6,1.000000,426,60,0.559043,0.308130,4080.273401,0.454721,0.000000,0.003889,0.001000,0.105263,0.039216,0.066047,0.271429,0.059031,0.079290,0.020259,0.244804
c2_r37.5m,grid,2,37.500000,6,1.000000,427,60,0.486682,0.494485,1435.268444,0.541431,0.000000,0.001583,0.001000,0.045455,0.023810,0.021645,0.343750,0.020991,0.030416,0.009425,0.425237
c2_r37.5m,grid,2,37.500000,6,1.000000,428,60,0.454864,0.468945,4477.848036,0.455854,0.000000,0.004472,0.001000,0.034483,0.022727,0.011755,0.568627,0.033876,0.044219,0.010343,0.470650
c2_r37.5m,grid,2,37.500000,6,1.000000,429,60,0.191611,0.344968,2530.166388,0.579328,0.000000,0.002111,0.001000,0.000000,0.014925,-0.014925,0.238636,0.026802,0.051695,0.024893,0.271300
c2_r37.5m,grid,2,37.500000,6,1.000000,430,60,0.220106,0.476940,2066.781567,0.829188,0.000000,0.001889,0.001000,0.000000,0.030612,-0.030612,0.109091,0.017474,0.044491,0.027016,0.335535
c2_r37.5m,grid,2,37.500000,6,1.000000,431,60,0.564149,0.627312,1547.449387,0.535750,0.000000,0.001861,0.001000,0.039216,0.022727,0.016488,0.536842,0.032773,0.050390,0.017616,0.520917
c2_r37.5m,grid,2,37.500000,6,1.000000,433,60,0.438978,0.777624,2354.416511,0.812482,0.000000,0.002722,0.001000,0.060606,0.000000,0.060606,0.860870,0.039712,0.039712,0.000000,0.843958
c2_r37.5m,grid,2,37.500000,6,1.000000,432,60,0.299321,0.640342,3588.001777,0.566083,0.000000,0.004028,0.001000,0.043478,0.000000,0.043478,0.779661,0.015471,0.035597,0.020125,0.635223
c2_r37.5m,grid,2,37.500000,6,1.000000,435,60,0.492246,0.273001,2396.349775,0.559605,0.000000,0.002222,0.001000,0.000000,0.023810,-0.023810,0.363636,0.056510,0.067919,0.011409,0.444790
c2_r37.5m,grid,2,37.500000,6,1.000000,434,60,0.281516,0.385560,2595.518982,0.340129,0.000000,0.002833,0.001000,0.061224,0.000000,0.061224,0.475728,0.025473,0.046340,0.020867,0.462710
c2_r37.5m,grid,2,37.500000,6,1.000000,437,60,0.586581,0.637331,3230.383951,0.576165,0.000000,0.003306,0.001000,0.054945,0.000000,0.054945,0.645390,0.050932,0.065120,0.014188,0.543917
c2_r37.5m,grid,2,37.500000,6,1.000000,436,60,0.415757,0.224249,4322.222218,0.571031,0.000000,0.004444,0.001000,0.035088,0.013793,0.021295,0.282178,0.027599,0.044558,0.016958,0.175344
c2_r37.5m,grid,2,37.500000,6,1.000000,438,60,0.302856,0.524137,2069.009193,0.767548,0.000000,0.002306,0.001000,0.063830,0.000000,0.063830,0.618421,0.023216,0.030731,0.007515,0.706833
c2_r37.5m,grid,2,37.500000,6,1.000000,440,60,0.294487,0.260454,3222.539099,0.713829,0.000000,0.003417,0.001000,0.051948,0.016807,0.035141,0.392857,0.010702,0.023172,0.012470,0.239425
c2_r37.5m,grid,2,37.500000,6,1.000000,439,60,0.491332,0.346331,3146.827234,0.528626,0.000000,0.003472,0.001000,0.062500,0.011494,0.051006,0.355556,0.039346,0.066311,0.026966,0.363370
c2_r37.5m,grid,2,37.500000,6,1.000000,445,60,0.098704,0.535371,2197.364787,0.768166,0.000000,0.002139,0.001000,0.000000,0.000000,0.000000,0.809859,0.018336,0.031711,0.013375,0.601191
c2_r37.5m,grid,2,37.500000,6,1.000000,448,60,0.434154,0.351145,1370.331403,0.656317,0.000000,0.001306,0.001000,0.000000,0.076923,-0.076923,0.480000,0.008397,0.028518,0.020121,0.351963
c2_r37.5m,grid,2,37.500000,6,1.000000,444,60,0.325979,0.453989,2078.542056,0.731365,0.000000,0.002139,0.001000,0.035714,0.038462,-0.002747,0.518519,0.031312,0.052793,0.021481,0.629815
c2_r37.5m,grid,2,37.500000,6,1.000000,442,60,0.353970,0.429549,2329.359578,0.499132,0.000000,0.002222,0.001000,0.027778,0.022472,0.005306,0.288000,0.050745,0.067497,0.016752,0.307970
c2_r37.5m,grid,2,37.500000,6,1.000000,449,60,0.453299,0.229894,2497.427723,0.517380,0.000000,0.002083,0.001000,0.000000,0.018182,-0.018182,0.214286,-0.001701,0.034732,0.036433,0.215373
c2_r37.5m,grid,2,37.500000,6,1.000000,441,60,0.437742,0.316026,3468.404111,0.633039,0.000000,0.003722,0.001000,0.024390,0.036697,-0.012307,0.273333,0.051444,0.068480,0.017036,0.295612
c2_r37.5m,grid,2,37.500000,6,1.000000,447,60,0.398326,0.482782,1990.592910,0.555944,0.000000,0.001917,0.001000,0.020833,0.000000,0.020833,0.393443,0.010463,0.035817,0.025354,0.403649
c2_r37.5m,grid,2,37.500000,6,1.000000,443,60,0.252899,0.499523,3822.639873,0.296691,0.000000,0.004056,0.001000,0.019231,0.012987,0.006244,0.403101,0.042369,0.053363,0.010993,0.448505
c2_r37.5m,grid,2,37.500000,6,1.000000,446,60,0.379135,0.412475,2751.081097,0.745728,0.000000,0.002972,0.001000,0.012048,0.000000,0.012048,0.564626,0.029258,0.038966,0.009709,0.412658
c2_r75m,grid,2,75.000000,6,1.000000,401,60,0.669326,0.426077,2417.990968,0.513992,0.000000,0.006028,0.001000,0.101695,0.017361,0.084334,0.506003,0.070615,0.098470,0.027856,0.422650
c2_r75m,grid,2,75.000000,6,1.000000,407,60,0.263320,0.242771,1516.613832,0.733997,0.000000,0.003306,0.001000,0.041667,0.028090,0.013577,0.288000,0.017086,0.037069,0.019983,0.354451
c2_r75m,grid,2,75.000000,6,1.000000,400,60,0.296718,0.510777,4555.367483,0.735653,0.000000,0.009278,0.001000,0.067327,0.033203,0.034124,0.496559,0.043534,0.070296,0.026762,0.507570
c2_r75m,grid,2,75.000000,6,1.000000,402,60,0.327701,0.222167,3939.086353,0.542605,0.000000,0.008417,0.001000,0.073034,0.034202,0.038832,0.224747,0.067933,0.097389,0.029456,0.213818
c2_r75m,grid,2,75.000000,6,1.000000,409,60,0.229653,0.424916,2750.052919,0.457918,0.000000,0.006778,0.001000,0.070866,0.047297,0.023569,0.562777,0.029173,0.055633,0.026460,0.496728
c2_r75m,grid,2,75.000000,6,1.000000,405,60,0.531106,0.302470,2581.634313,0.695926,0.000000,0.005778,0.001000,0.086124,0.016598,0.069527,0.302460,0.056950,0.082398,0.025448,0.278121
c2_r75m,grid,2,75.000000,6,1.000000,406,60,0.534622,0.133847,1808.330353,0.393242,0.000000,0.003278,0.001000,0.054545,0.025397,0.029149,0.148649,0.095782,0.124159,0.028378,0.187524
c2_r75m,grid,2,75.000000,6,1.000000,410,60,0.165075,0.243594,1479.646802,0.731054,0.000000,0.002583,0.001000,0.016129,0.033816,-0.017687,0.230483,0.043702,0.071530,0.027828,0.289672
c2_r75m,grid,2,75.000000,6,1.000000,404,60,0.249387,0.227705,3546.381524,0.570733,0.000000,0.007111,0.001000,0.095477,0.025445,0.070032,0.336149,0.062403,0.087650,0.025247,0.353790
c2_r75m,grid,2,75.000000,6,1.000000,403,60,0.364608,0.509819,2768.292871,0.539954,0.000000,0.005861,0.001000,0.074194,0.038095,0.036098,0.496000,0.047153,0.078234,0.031081,0.419454
c2_r75m,grid,2,75.000000,6,1.000000,408,60,0.403193,0.278586,4543.860998,0.723658,0.000000,0.008472,0.001000,0.083893,0.025862,0.058031,0.299799,0.051575,0.080851,0.029275,0.354736
c2_r75m,grid,2,75.000000,6,1.000000,413,60,0.161240,0.249813,2219.236688,0.743886,0.000000,0.004389,0.001000,0.075188,0.030501,0.044687,0.224662,0.025013,0.050823,0.025809,0.278086
c2_r75m,grid,2,75.000000,6,1.000000,411,60,0.312124,0.499800,2660.269551,0.762187,0.000000,0.005944,0.001000,0.078035,0.034375,0.043660,0.519520,0.037348,0.059474,0.022126,0.512896
c2_r75m,grid,2,75.000000,6,1.000000,415,60,0.400498,0.647602,1262.037344,0.204390,0.000000,0.002861,0.001000,0.099415,0.012500,0.086915,0.681275,0.054921,0.072833,0.017913,0.696965
c2_r75m,grid,2,75.000000,6,1.000000,412,60,0.271640,0.441671,3115.051821,0.670478,0.000000,0.006639,0.001000,0.093960,0.025692,0.068268,0.227481,0.043529,0.072181,0.028652,0.181818
c2_r75m,grid,2,75.000000,6,1.000000,414,60,0.297127,0.665542,2051.398445,0.337909,0.000000,0.004639,0.001000,0.058104,0.016129,0.041975,0.725055,0.050962,0.075299,0.024337,0.728297
c2_r75m,grid,2,75.000000,6,1.000000,418,60,0.332583,0.260154,1668.321149,0.569271,0.000000,0.003444,0.001000,0.037037,0.022364,0.014673,0.256532,0.045227,0.067401,0.022173,0.222426
c2_r75m,grid,2,75.000000,6,1.000000,416,60,0.525659,0.310199,2203.108624,0.712814,0.000000,0.005500,0.001000,0.080851,0.039474,0.041377,0.382114,0.073979,0.102011,0.028032,0.255938
c2_r75m,grid,2,75.000000,6,1.000000,417,60,0.378795,0.263589,3489.896852,0.619079,0.000000,0.007639,0.001000,0.069307,0.022358,0.046949,0.291066,0.052565,0.077268,0.024703,0.389998
c2_r75m,grid,2,75.000000,6,1.000000,420,60,0.480953,0.406648,2823.442117,0.820680,0.000000,0.007194,0.001000,0.087413,0.051040,0.036373,0.350920,0.047201,0.077620,0.030419,0.328932
c2_r75m,grid,2,75.000000,6,1.000000,419,60,0.375842,0.653783,3680.538455,0.674621,0.000000,0.008806,0.001000,0.078374,0.029508,0.048866,0.693159,0.044408,0.076024,0.031617,0.623653
c2_r75m,grid,2,75.000000,6,1.000000,421,60,0.156280,0.678014,3606.894722,0.521273,0.000000,0.008750,0.001000,0.047120,0.018692,0.028429,0.728081,0.023284,0.047938,0.024654,0.651672
c2_r75m,grid,2,75.000000,6,1.000000,424,60,0.757788,0.687892,1339.114871,0.631470,0.000000,0.002472,0.001000,0.088235,0.028037,0.060198,0.559671,0.071108,0.098333,0.027225,0.653709
c2_r75m,grid,2,75.000000,6,1.000000,430,60,0.352019,0.389491,2269.829274,0.226948,0.000000,0.004361,0.001000,0.030303,0.030534,-0.000231,0.430435,0.046099,0.070058,0.023959,0.324881
c2_r75m,grid,2,75.000000,6,1.000000,422,60,0.254297,0.404698,3917.919748,0.677370,0.000000,0.008194,0.001000,0.062663,0.015949,0.046714,0.379208,0.041454,0.068082,0.026628,0.366028
c2_r75m,grid,2,75.000000,6,1.000000,428,60,0.593557,0.500952,2110.120468,0.461682,0.000000,0.004972,0.001000,0.073944,0.013333,0.060610,0.654378,0.070991,0.092129,0.021138,0.642510
c2_r75m,grid,2,75.000000,6,1.000000,426,60,0.305188,0.475193,2611.429426,0.561086,0.000000,0.005778,0.001000,0.045455,0.041199,0.004256,0.535652,0.043902,0.068101,0.024199,0.499811
c2_r75m,grid,2,75.000000,6,1.000000,423,60,0.248630,0.385648,4831.366471,0.786369,0.000000,0.010917,0.001000,0.060538,0.046135,0.014403,0.357372,0.033427,0.061289,0.027862,0.369574
c2_r75m,grid,2,75.000000,6,1.000000,425,60,0.213013,0.326755,3865.227545,0.817523,0.000000,0.008222,0.001000,0.047138,0.020000,0.027138,0.283668,0.032447,0.061140,0.028693,0.284605
c2_r75m,grid,2,75.000000,6,1.000000,431,60,0.407612,0.330981,3253.155539,0.612331,0.000000,0.007056,0.001000,0.095618,0.018828,0.076789,0.344307,0.064412,0.093383,0.028970,0.393419
c2_r75m,grid,2,75.000000,6,1.000000,436,60,0.446281,0.190289,2817.591314,0.595091,0.000000,0.007500,0.001000,0.092593,0.028765,0.063828,0.215139,0.055164,0.083631,0.028467,0.176049
c2_r75m,grid,2,75.000000,6,1.000000,429,60,0.237964,0.403856,3164.347751,0.632101,0.000000,0.007167,0.001000,0.050265,0.022965,0.027300,0.441074,0.043660,0.074139,0.030480,0.351687
c2_r75m,grid,2,75.000000,6,1.000000,433,60,0.523168,0.319453,3686.349746,0.530684,0.000000,0.008139,0.001000,0.088542,0.029668,0.058873,0.250980,0.054002,0.084209,0.030207,0.265322
c2_r75m,grid,2,75.000000,6,1.000000,432,60,0.326352,0.259940,2865.245382,0.634792,0.000000,0.005944,0.001000,0.058824,0.029630,0.029194,0.220779,0.039924,0.074035,0.034111,0.270627
c2_r75m,grid,2,75.000000,6,1.000000,435,60,0.319669,0.577968,3101.443084,0.475569,0.000000,0.006833,0.001000,0.052124,0.018018,0.034106,0.700000,0.024662,0.047265,0.022603,0.694402
c2_r75m,grid,2,75.000000,6,1.000000,434,60,0.355088,0.438694,2977.776854,0.681520,0.000000,0.007500,0.001000,0.074742,0.034483,0.040260,0.440409,0.034226,0.061388,0.027162,0.420903
c2_r75m,grid,2,75.000000,6,1.000000,427,60,0.650553,0.416653,2465.624020,0.733711,0.000000,0.006611,0.001000,0.136508,0.031603,0.104905,0.415567,0.073703,0.096910,0.023207,0.502965
c2_r75m,grid,2,75.000000,6,1.000000,438,60,0.539726,0.254699,2408.440762,0.552429,0.000000,0.005500,0.001000,0.112426,0.004255,0.108171,0.264476,0.043940,0.066232,0.022291,0.235701
c2_r75m,grid,2,75.000000,6,1.000000,439,60,0.520959,0.476490,4631.995000,0.832363,0.000000,0.010722,0.001000,0.082192,0.026611,0.055581,0.479212,0.058155,0.085535,0.027380,0.474084
c2_r75m,grid,2,75.000000,6,1.000000,437,60,0.448418,0.373674,4527.956394,0.655375,0.000000,0.010750,0.001000,0.067511,0.029754,0.037756,0.380112,0.044350,0.072768,0.028418,0.379464
c2_r75m,grid,2,75.000000,6,1.000000,440,60,0.295788,0.353773,3316.486359,0.817350,0.000000,0.008056,0.001000,0.088235,0.038000,0.050235,0.427918,0.039412,0.063388,0.023976,0.346048
c2_r75m,grid,2,75.000000,6,1.000000,441,60,0.377297,0.182514,2075.268096,0.530034,0.000000,0.004917,0.001000,0.060976,0.026432,0.034544,0.152985,0.053869,0.081457,0.027588,0.147090
c2_r75m,grid,2,75.000000,6,1.000000,442,60,0.514608,0.281545,2128.002042,0.529977,0.000000,0.004667,0.001000,0.140127,0.025180,0.114948,0.360920,0.062055,0.089045,0.026990,0.300361
c2_r75m,grid,2,75.000000,6,1.000000,443,60,0.265570,0.232704,1903.902803,0.712754,0.000000,0.004833,0.001000,0.058140,0.033033,0.025107,0.340594,0.031420,0.057095,0.025675,0.201682
c2_r75m,grid,2,75.000000,6,1.000000,444,60,0.486073,0.431337,2956.990291,0.396253,0.000000,0.006528,0.001000,0.108247,0.023715,0.084532,0.434004,0.088202,0.114349,0.026147,0.398243
c2_r75m,grid,2,75.000000,6,1.000000,445,60,0.592069,0.438455,2252.031833,0.794547,0.000000,0.004472,0.001000,0.100000,0.020161,0.079839,0.446429,0.056808,0.077120,0.020313,0.466837
c2_r75m,grid,2,75.000000,6,1.000000,446,60,0.125426,0.254118,2487.215568,0.700257,0.000000,0.005778,0.001000,0.047619,0.014989,0.032630,0.288110,0.024693,0.048220,0.023528,0.247407
c2_r75m,grid,2,75.000000,6,1.000000,447,60,0.421998,0.268740,3491.642365,0.474249,0.000000,0.006750,0.001000,0.156250,0.024336,0.131914,0.220690,0.060683,0.089331,0.028648,0.213389
c2_r150m,grid,2,150.000000,6,1.000000,410,60,0.298094,0.159991,1146.782477,0.140274,0.000000,0.004083,0.001000,0.081081,0.028391,0.052690,0.189258,0.079752,0.127565,0.047813,0.169798
c2_r150m,grid,2,150.000000,6,1.000000,407,60,0.192060,0.753678,417.686157,0.358616,0.000000,0.001528,0.001000,0.084507,0.051724,0.032783,0.710000,0.036679,0.078225,0.041546,0.779092
c2_r150m,grid,2,150.000000,6,1.000000,402,60,0.194844,0.316144,930.766637,0.416672,0.000000,0.005417,0.004154,0.147157,0.067935,0.079222,0.448276,0.061333,0.097817,0.036485,0.482311
c2_r150m,grid,2,150.000000,6,1.000000,400,60,0.211456,0.238058,2650.422151,0.460358,0.000000,0.013361,0.001000,0.115942,0.041065,0.074877,0.239445,0.049771,0.101149,0.051378,0.212345
c2_r75m,grid,2,75.000000,6,1.000000,448,60,0.251881,0.577989,2725.772068,0.683055,0.000000,0.007167,0.001000,0.097458,0.025723,0.071734,0.602810,0.034709,0.057925,0.023216,0.641698
c2_r150m,grid,2,150.000000,6,1.000000,405,60,0.505591,0.709271,233.723075,0.856905,0.000000,0.000889,0.001000,0.123457,0.096774,0.026683,0.723214,0.071859,0.144734,0.072875,0.435369
c2_r150m,grid,2,150.000000,6,1.000000,401,60,0.603734,0.564071,1159.720491,0.440881,0.000000,0.005111,0.001000,0.135338,0.041463,0.093875,0.393491,0.107496,0.155546,0.048049,0.317883
c2_r150m,grid,2,150.000000,6,1.000000,411,60,0.499754,0.084678,367.428624,0.050526,0.000000,0.001472,0.001000,0.333333,0.046512,0.286822,0.122449,0.164182,0.227701,0.063519,0.213071
c2_r75m,grid,2,75.000000,6,1.000000,449,60,0.386823,0.243228,1885.985023,0.692547,0.000000,0.003639,0.001000,0.031250,0.032407,-0.001157,0.425532,0.037742,0.065609,0.027866,0.421781
c2_r150m,grid,2,150.000000,6,1.000000,406,60,0.284493,0.273099,787.018250,0.925452,0.000000,0.002500,0.001000,0.086538,0.028571,0.057967,0.248210,0.021896,0.070478,0.048581,0.161768
c2_r150m,grid,2,150.000000,6,1.000000,412,60,0.580535,0.103140,659.567003,0.142183,0.000000,0.002111,0.001000,0.428571,0.045455,0.383117,0.106599,0.180582,0.241613,0.061031,0.160738
c2_r150m,grid,2,150.000000,6,1.000000,416,60,0.200991,0.508865,230.708684,0.724619,0.000000,0.000667,0.001000,0.181818,0.055556,0.126263,0.478261,0.087467,0.176388,0.088922,0.354699
c2_r150m,grid,2,150.000000,6,1.000000,404,60,0.409773,0.452717,1232.706718,0.747246,0.000000,0.006917,0.001000,0.186761,0.040000,0.146761,0.498821,0.079200,0.120971,0.041771,0.406254
c2_r150m,grid,2,150.000000,6,1.000000,408,60,0.441044,0.598188,987.843893,0.843389,0.000000,0.004889,0.004088,0.140777,0.070175,0.070601,0.706690,0.064762,0.108029,0.043267,0.741555
c2_r150m,grid,2,150.000000,6,1.000000,417,60,0.271143,0.903824,266.240390,0.329522,0.000000,0.001028,0.001000,0.094828,0.111111,-0.016284,0.928000,0.071174,0.126121,0.054947,0.851003
c2_r150m,grid,2,150.000000,6,1.000000,414,60,0.191313,0.819339,1059.086212,0.815019,0.000000,0.005833,0.001000,0.072323,0.061069,0.011254,0.845882,0.032002,0.077294,0.045291,0.851152
c2_r150m,grid,2,150.000000,6,1.000000,403,60,0.172217,0.205910,709.908574,0.899922,0.000000,0.003167,0.001000,0.085366,0.060914,0.024452,0.172269,0.055726,0.105111,0.049385,0.311576
c2_r150m,grid,2,150.000000,6,1.000000,413,60,0.654613,0.299611,1366.322654,0.575923,0.000000,0.007111,0.001000,0.271186,0.062937,0.208249,0.292079,0.139677,0.183450,0.043773,0.260431
c2_r150m,grid,2,150.000000,6,1.000000,420,60,0.321976,0.414061,886.945896,0.809948,0.000000,0.004556,0.001000,0.168498,0.060060,0.108438,0.450495,0.091048,0.132730,0.041682,0.464274
c2_r150m,grid,2,150.000000,6,1.000000,422,60,0.157851,0.205500,1296.613408,0.663379,0.000000,0.005250,0.001000,0.106061,0.026549,0.079512,0.162963,0.044701,0.085319,0.040618,0.272584
c2_r150m,grid,2,150.000000,6,1.000000,418,60,0.169758,0.202790,422.100810,0.487405,0.000000,0.001611,0.004815,0.129630,0.044444,0.085185,0.230769,0.072908,0.119417,0.046510,0.176846
c2_r150m,grid,2,150.000000,6,1.000000,423,60,0.472748,0.269641,239.730676,0.965454,0.000000,0.001056,0.001000,0.216867,0.052632,0.164236,0.813725,0.129450,0.173387,0.043937,0.394398
c2_r150m,grid,2,150.000000,6,1.000000,415,60,0.157874,0.299269,955.640171,0.718431,0.000000,0.004556,0.001000,0.084337,0.038997,0.045340,0.480463,0.041735,0.083352,0.041618,0.456845
c2_r150m,grid,2,150.000000,6,1.000000,426,60,0.548818,0.355719,1115.807771,0.366064,0.000000,0.005167,0.001000,0.140794,0.031250,0.109544,0.399711,0.148239,0.197436,0.049197,0.270097
c2_r150m,grid,2,150.000000,6,1.000000,409,60,0.279712,0.190564,3342.350565,0.683179,0.000000,0.017917,0.001000,0.122642,0.051806,0.070835,0.201215,0.065325,0.109155,0.043829,0.215904
c2_r150m,grid,2,150.000000,6,1.000000,427,60,0.291148,0.646047,2317.813282,0.685022,0.000000,0.011056,0.001000,0.067249,0.029703,0.037546,0.653912,0.056448,0.100413,0.043965,0.513232
c2_r150m,grid,2,150.000000,6,1.000000,428,60,0.244902,0.072519,687.570777,0.635265,0.000000,0.002417,0.001000,0.176471,0.045714,0.130756,0.088542,0.057238,0.105760,0.048522,0.138766
c2_r150m,grid,2,150.000000,6,1.000000,425,60,0.194922,0.329503,526.756675,0.914591,0.000000,0.001444,0.001000,0.106667,0.048387,0.058280,0.376884,0.039360,0.095943,0.056583,0.378346
c2_r150m,grid,2,150.000000,6,1.000000,429,60,0.494746,0.713566,633.634980,0.289227,0.000000,0.003389,0.003993,0.163569,0.254902,-0.091333,0.840625,0.028428,0.106771,0.078343,0.824139
c2_r150m,grid,2,150.000000,6,1.000000,421,60,0.167527,0.417807,404.604448,0.669853,0.000000,0.001278,0.001000,0.178571,0.042373,0.136199,0.191781,0.063038,0.110304,0.047266,0.235997
c2_r150m,grid,2,150.000000,6,1.000000,424,60,0.195234,0.610292,1090.035546,0.467224,0.000000,0.005917,0.001000,0.167076,0.054795,0.112282,0.582260,0.079078,0.121753,0.042675,0.505368
c2_r150m,grid,2,150.000000,6,1.000000,434,60,0.258293,0.166107,719.274117,0.471044,0.000000,0.003194,0.001000,0.151261,0.031161,0.120099,0.252119,0.137757,0.182308,0.044551,0.246791
c2_r150m,grid,2,150.000000,6,1.000000,432,60,0.338855,0.474491,1499.292085,0.349182,0.000000,0.008167,0.001000,0.132325,0.023857,0.108468,0.512597,0.077363,0.117201,0.039838,0.397394
c2_r150m,grid,2,150.000000,6,1.000000,419,60,0.705058,0.606126,668.181044,0.524365,0.000000,0.002667,0.001000,0.145631,0.056034,0.089597,0.307463,0.103489,0.153930,0.050442,0.388190
c2_r150m,grid,2,150.000000,6,1.000000,433,60,0.208352,0.389548,1804.659611,0.551643,0.000000,0.007028,0.001000,0.087533,0.030928,0.056605,0.357008,0.071620,0.111278,0.039658,0.373386
c2_r150m,grid,2,150.000000,6,1.000000,430,60,0.593953,0.951823,320.423082,0.537386,0.000000,0.001389,0.001000,0.288660,0.000000,0.288660,0.873874,0.137934,0.178281,0.040347,0.865844
c2_r150m,grid,2,150.000000,6,1.000000,439,60,0.449304,0.130521,854.004922,0.124451,0.000000,0.002972,0.001000,0.115385,0.021661,0.093724,0.219718,0.152063,0.199175,0.047111,0.172857
c2_r150m,grid,2,150.000000,6,1.000000,438,60,0.416194,0.855062,400.489555,0.392273,0.000000,0.001306,0.001000,0.106870,0.025641,0.081229,0.770588,0.083503,0.142499,0.058996,0.757002
c2_r150m,grid,2,150.000000,6,1.000000,435,60,0.765941,0.413645,800.010134,0.618934,0.000000,0.003250,0.001000,0.123457,0.042105,0.081352,0.362416,0.092436,0.137551,0.045115,0.554014
c2_r150m,grid,2,150.000000,6,1.000000,440,60,0.172873,0.613433,641.861273,0.095937,0.000000,0.002528,0.001005,0.111111,0.018692,0.092420,0.573705,0.029286,0.114982,0.085696,0.686876
c2_r150m,grid,2,150.000000,6,1.000000,443,60,0.598545,0.176752,1287.699817,0.649773,0.000000,0.006083,0.001000,0.197605,0.032653,0.164952,0.185144,0.167310,0.205507,0.038197,0.171621
c2_r150m,grid,2,150.000000,6,1.000000,431,60,0.195918,0.228221,1395.156089,0.780691,0.000000,0.006389,0.001000,0.104072,0.034483,0.069590,0.220120,0.030651,0.076697,0.046046,0.231448
c2_r300m,grid,2,300.000000,6,1.000000,402,60,0.095124,0.092524,396.332906,0.872051,0.000000,0.006028,0.022728,0.310345,0.271930,0.038415,0.112840,0.085483,0.313052,0.227570,0.249216
c2_r150m,grid,2,150.000000,6,1.000000,436,60,0.444870,0.644787,936.937511,0.509366,0.000000,0.005389,0.001000,0.126904,0.088106,0.038798,0.634461,0.090747,0.131315,0.040568,0.612893
c2_r300m,grid,2,300.000000,6,1.000000,400,60,0.120964,0.335705,308.382933,0.086078,0.000000,0.003278,0.011640,0.352113,0.224490,0.127623,0.325688,0.089570,0.382247,0.292677,0.241378
c2_r150m,grid,2,150.000000,6,1.000000,442,60,0.758576,0.304853,433.482803,0.577671,0.000000,0.001611,0.001000,0.113924,0.051471,0.062453,0.367442,0.128475,0.170036,0.041561,0.326812
c2_r150m,grid,2,150.000000,6,1.000000,448,60,0.306948,0.658216,384.533004,0.448089,0.000000,0.001444,0.001000,0.109244,0.045455,0.063789,0.643243,0.093004,0.149971,0.056967,0.715123
c2_r150m,grid,2,150.000000,6,1.000000,437,60,0.486683,0.204733,1242.004852,0.677899,0.000000,0.006833,0.001000,0.114583,0.046814,0.067769,0.199792,0.097832,0.141707,0.043875,0.322924
c2_r300m,grid,2,300.000000,6,1.000000,401,60,0.233692,0.435123,397.222754,0.340804,0.000000,0.005694,0.021542,0.384236,0.300926,0.083311,0.484487,0.137870,0.385460,0.247590,0.443469
c2_r150m,grid,2,150.000000,6,1.000000,447,60,0.387225,0.165442,1402.585857,0.489832,0.000000,0.006278,0.001000,0.149351,0.042194,0.107157,0.178035,0.089566,0.135569,0.046003,0.137564
c2_r150m,grid,2,150.000000,6,1.000000,446,60,0.664651,0.556965,1121.494882,0.693827,0.000000,0.006694,0.001000,0.173653,0.041176,0.132476,0.595719,0.125466,0.167185,0.041719,0.518979
c2_r150m,grid,2,150.000000,6,1.000000,441,60,0.326474,0.708279,612.085541,0.093342,0.000000,0.003194,0.001000,0.152838,0.040816,0.112022,0.823741,0.080987,0.127261,0.046274,0.565138
c2_r150m,grid,2,150.000000,6,1.000000,449,60,0.286064,0.131914,503.111910,0.766364,0.000000,0.001583,0.001000,0.023256,0.017857,0.005399,0.161049,0.088340,0.144088,0.055747,0.161876
c2_r150m,grid,2,150.000000,6,1.000000,445,60,0.231546,0.331537,665.553456,0.800519,0.000000,0.003389,0.001000,0.113514,0.054152,0.059362,0.400433,0.103020,0.156430,0.053410,0.281586
c2_r300m,grid,2,300.000000,6,1.000000,406,60,0.370673,0.158675,271.902891,0.217306,0.000000,0.003806,0.026523,0.534884,0.321267,0.213617,0.162879,0.224675,0.507339,0.282665,0.081407
c2_r300m,grid,2,300.000000,6,1.000000,405,60,0.873332,0.451437,265.453854,0.477302,0.000000,0.005472,0.021481,0.478261,0.279188,0.199073,0.482940,0.191446,0.370126,0.178680,0.542807
c2_r300m,grid,2,300.000000,6,1.000000,407,60,0.080991,0.607785,311.851059,0.687920,0.000000,0.005000,0.026040,0.311741,0.218085,0.093656,0.567816,0.057230,0.263830,0.206600,0.487497
c2_r300m,grid,2,300.000000,6,1.000000,404,60,0.299027,0.743129,961.600943,0.894780,0.000000,0.015639,0.019974,0.281609,0.127371,0.154238,0.738854,0.100570,0.293875,0.193304,0.815417
c2_r150m,grid,2,150.000000,6,1.000000,444,60,0.484539,0.293900,3690.767399,0.766750,0.000000,0.017472,0.001000,0.111409,0.044900,0.066509,0.292271,0.065842,0.112352,0.046510,0.289421
c2_r300m,grid,2,300.000000,6,1.000000,408,60,0.347264,0.142179,361.725053,0.570855,0.000000,0.003833,0.007167,0.301887,0.149864,0.152023,0.126190,0.143254,0.318919,0.175665,0.102549
c2_r300m,grid,2,300.000000,6,1.000000,403,60,0.858013,0.921298,1346.570485,0.538394,0.000000,0.029806,0.039772,0.356053,0.172973,0.183080,0.913993,0.195741,0.332926,0.137184,0.903430
c2_r300m,grid,2,300.000000,6,1.000000,409,60,0.632455,0.754062,863.100394,0.800155,0.000000,0.015306,0.018055,0.352081,0.104046,0.248035,0.719838,0.193619,0.372494,0.178875,0.505966
c2_r300m,grid,2,300.000000,6,1.000000,411,60,0.193814,0.286512,268.630069,0.936040,0.000000,0.004056,0.014522,0.275862,0.173285,0.102577,0.343602,0.075655,0.315148,0.239493,0.414432
c2_r300m,grid,2,300.000000,6,1.000000,410,60,0.194611,0.912154,286.173434,0.474136,0.000000,0.004944,0.014405,0.305177,0.360000,-0.054823,0.936224,0.026367,0.307988,0.281621,0.899492
c2_r300m,grid,2,300.000000,6,1.000000,414,60,0.881596,0.189819,304.011310,0.959880,0.000000,0.004000,0.020304,0.500000,0.311966,0.188034,0.193103,0.147296,0.370115,0.222819,0.162190
c2_r300m,grid,2,300.000000,6,1.000000,415,60,0.525678,0.567694,473.139671,0.706228,0.000000,0.008667,0.026802,0.383085,0.185304,0.197781,0.562238,0.213303,0.427511,0.214208,0.396544
c2_r300m,grid,2,300.000000,6,1.000000,412,60,0.043217,0.100205,350.309975,0.827110,0.000000,0.007028,0.043972,0.320755,0.370044,-0.049289,0.104536,-0.002048,0.255686,0.257734,0.134201
c2_r300m,grid,2,300.000000,6,1.000000,423,60,0.460656,0.058218,288.899287,0.627293,0.000000,0.003417,0.012702,0.250000,0.198052,0.051948,0.060976,0.122408,0.376579,0.254170,0.166796
c2_r300m,grid,2,300.000000,6,1.000000,421,60,0.793502,0.767275,983.713651,0.643830,0.000000,0.017472,0.025215,0.318024,0.157191,0.160834,0.794219,0.191923,0.398345,0.206422,0.499089
c2_r300m,grid,2,300.000000,6,1.000000,427,60,0.198400,0.220038,366.000866,0.789950,0.000000,0.006806,0.032624,0.375940,0.278450,0.097489,0.243590,0.037628,0.316717,0.279089,0.187653
c2_r300m,grid,2,300.000000,6,1.000000,422,60,0.125665,0.666535,441.450685,0.161348,0.000000,0.005972,0.015680,0.276657,0.262712,0.013945,0.746237,0.128672,0.333090,0.204418,0.686404
c2_r300m,grid,2,300.000000,6,1.000000,417,60,0.432437,0.647837,365.348219,0.687226,0.000000,0.004444,0.005235,0.308511,0.138889,0.169622,0.723077,0.181533,0.323067,0.141534,0.724239
c2_r300m,grid,2,300.000000,6,1.000000,429,60,0.175763,0.227473,232.715500,0.866931,0.000000,0.003056,0.014458,0.296296,0.262136,0.034160,0.207692,0.092292,0.342727,0.250435,0.199119
c2_r300m,grid,2,300.000000,6,1.000000,416,60,0.630672,0.709948,246.101054,0.485203,0.000000,0.004972,0.024019,0.430380,0.318681,0.111698,0.722561,0.170840,0.338375,0.167535,0.737106
c2_r300m,grid,2,300.000000,6,1.000000,431,60,0.258852,0.161308,384.438410,0.370458,0.000000,0.005389,0.014792,0.305556,0.178138,0.127418,0.127208,0.100521,0.350623,0.250102,0.163436
c2_r300m,grid,2,300.000000,6,1.000000,426,60,0.221657,0.639739,285.078976,0.166150,0.000000,0.005972,0.033543,0.488584,0.398374,0.090210,0.640351,0.125761,0.413411,0.287649,0.499486
c2_r300m,grid,2,300.000000,6,1.000000,430,60,0.135865,0.168827,652.171293,0.667785,0.000000,0.009278,0.015277,0.256250,0.198175,0.058075,0.172600,0.042891,0.262699,0.219808,0.164482
c2_r300m,grid,2,300.000000,6,1.000000,432,60,0.297472,0.212823,311.558255,0.433738,0.000000,0.003611,0.017771,0.358491,0.234432,0.124058,0.162577,0.112299,0.338607,0.226308,0.139960
c2_r300m,grid,2,300.000000,6,1.000000,434,60,0.068313,0.040941,482.752675,0.846699,0.000000,0.005556,0.016841,0.176471,0.157143,0.019328,0.074890,0.070793,0.353425,0.282632,0.101116
c2_r300m,grid,2,300.000000,6,1.000000,436,60,0.451369,0.085544,482.498751,0.120086,0.000000,0.005750,0.010999,0.339623,0.141717,0.197906,0.095668,0.199483,0.404858,0.205375,0.178054
c2_r300m,grid,2,300.000000,6,1.000000,420,60,0.498181,0.819785,378.544966,0.378735,0.000000,0.007389,0.027677,0.353846,0.188235,0.165611,0.842593,0.176347,0.333284,0.156937,0.871333
c2_r300m,grid,2,300.000000,6,1.000000,413,60,0.603441,0.857107,934.314190,0.768093,0.000000,0.014694,0.024298,0.315843,0.096070,0.219773,0.812295,0.166512,0.289682,0.123170,0.806649
c2_r300m,grid,2,300.000000,6,1.000000,424,60,0.229916,0.822107,502.042899,0.893674,0.000000,0.008583,0.028169,0.387914,0.230769,0.157145,0.831442,0.111383,0.251538,0.140155,0.847665
c2_r300m,grid,2,300.000000,6,1.000000,433,60,0.149228,0.850201,473.241649,0.504688,0.000000,0.007472,0.017661,0.186903,0.187500,-0.000597,0.901599,0.072388,0.339871,0.267483,0.721319
c2_r300m,grid,2,300.000000,6,1.000000,435,60,0.108966,0.688757,381.024586,0.852019,0.000000,0.005750,0.022869,0.285714,0.278571,0.007143,0.710145,0.061799,0.339975,0.278176,0.686046
c2_r300m,grid,2,300.000000,6,1.000000,438,60,0.453162,0.292923,426.117278,0.749325,0.000000,0.006556,0.022207,0.423077,0.268657,0.154420,0.317719,0.165939,0.343243,0.177304,0.387202
c2_r300m,grid,2,300.000000,6,1.000000,446,60,0.166178,0.354298,324.381798,0.958093,0.000000,0.004917,0.019141,0.252632,0.233577,0.019055,0.409483,0.065898,0.346490,0.280593,0.305502
c2_r300m,grid,2,300.000000,6,1.000000,443,60,0.159821,0.217221,278.522292,0.742838,0.000000,0.003389,0.012803,0.409091,0.294737,0.114354,0.257812,0.101047,0.368732,0.267686,0.200049
c2_r300m,grid,2,300.000000,6,1.000000,441,60,0.190410,0.349650,484.648250,0.578632,0.000000,0.006944,0.014490,0.261830,0.203647,0.058182,0.490712,0.126841,0.303520,0.176679,0.575221
c2_r300m,grid,2,300.000000,6,1.000000,440,60,0.431317,0.585127,368.036078,0.718508,0.000000,0.005667,0.019858,0.364017,0.255319,0.108698,0.559719,0.150356,0.357962,0.207607,0.360746
c2_r300m,grid,2,300.000000,6,1.000000,445,60,0.619649,0.278302,470.005247,0.950479,0.000000,0.007972,0.016814,0.370079,0.161034,0.209045,0.335535,0.162018,0.405051,0.243033,0.318645
c2_r300m,grid,2,300.000000,6,1.000000,428,60,0.801156,0.930422,2166.433676,0.484241,0.000000,0.041083,0.027724,0.285579,0.097403,0.188177,0.911596,0.225251,0.327893,0.102641,0.901034
c2_r300m,grid,2,300.000000,6,1.000000,447,60,0.397597,0.757496,244.802280,0.792729,0.000000,0.006694,0.035032,0.546125,0.319672,0.226453,0.689567,0.137154,0.404350,0.267196,0.461175
c2_r300m,grid,2,300.000000,6,1.000000,448,60,0.280113,0.256540,275.456525,0.630466,0.000000,0.005222,0.026894,0.348624,0.456897,-0.108273,0.319648,0.087911,0.306555,0.218644,0.465114
c2_r300m,grid,2,300.000000,6,1.000000,419,60,0.629767,0.845501,838.040659,0.878524,0.000000,0.015861,0.026398,0.350191,0.204724,0.145466,0.891915,0.138166,0.293398,0.155232,0.894872
c2_r300m,grid,2,300.000000,6,1.000000,444,60,0.311136,0.781010,418.448951,0.199953,0.000000,0.006944,0.021026,0.307350,0.112150,0.195200,0.807554,0.161210,0.361684,0.200474,0.835528
c2_r300m,grid,2,300.000000,6,1.000000,425,60,0.956000,0.944503,3275.873227,0.601958,0.000000,0.064139,0.045196,0.326978,0.096591,0.230387,0.928383,0.227117,0.315868,0.088751,0.918169
c2_r300m,grid,2,300.000000,6,1.000000,439,60,0.890470,0.922705,1700.966241,0.890325,0.000000,0.030306,0.020647,0.280185,0.072115,0.208070,0.919536,0.221428,0.322834,0.101406,0.872132
c2_r300m,grid,2,300.000000,6,1.000000,449,60,0.466922,0.896348,1101.554796,0.601514,0.000000,0.020750,0.041482,0.333576,0.163265,0.170311,0.875080,0.174591,0.311546,0.136954,0.840442
c2_r300m,grid,2,300.000000,6,1.000000,418,60,0.893547,0.935414,4220.640180,0.906757,0.000000,0.075333,0.032774,0.309831,0.109504,0.200327,0.920106,0.198468,0.303391,0.104923,0.921972
c2_r300m,grid,2,300.000000,6,1.000000,437,60,0.808555,0.954250,2200.282083,0.842259,0.000000,0.041083,0.033340,0.299419,0.093168,0.206251,0.950568,0.227058,0.313135,0.086078,0.924559
c2_r300m,grid,2,300.000000,6,1.000000,442,60,0.935251,0.783933,1706.003113,0.559978,0.000000,0.028778,0.042604,0.358820,0.138418,0.220402,0.837986,0.213016,0.313890,0.100874,0.887897
c3_r15m,grid,3,15.000000,6,1.000000,400,60,0.419938,0.409083,2174.198238,0.649623,0.000000,0.001028,0.001000,0.000000,0.000000,0.000000,0.000000,0.000000,0.000000,0.000000,0.146797
c3_r15m,grid,3,15.000000,6,1.000000,402,60,0.392117,0.307808,2228.940063,0.679036,0.000000,0.001722,0.001000,0.000000,0.000000,0.000000,0.000000,0.000000,0.000000,0.000000,0.225357
c3_r15m,grid,3,15.000000,6,1.000000,401,60,0.363204,0.566419,1894.570300,0.422895,0.000000,0.001167,0.001000,0.000000,0.000000,0.000000,0.000000,0.000000,0.000000,0.000000,0.085000
c3_r15m,grid,3,15.000000,6,1.000000,403,60,0.403341,0.493828,3077.487154,0.850034,0.000000,0.001806,0.001000,0.000000,0.000000,0.000000,0.000000,-0.013810,0.000000,0.013810,0.221262
c3_r15m,grid,3,15.000000,6,1.000000,405,60,0.550520,0.470066,2624.841350,0.454997,0.000000,0.001722,0.001000,0.000000,0.000000,0.000000,0.000000,0.000000,0.000000,0.000000,0.140850
c3_r15m,grid,3,15.000000,6,1.000000,407,60,0.454396,0.403387,1588.503877,0.784300,0.000000,0.000833,0.001000,0.000000,0.000000,0.000000,0.000000,0.000000,0.000000,0.000000,0.000000
c3_r15m,grid,3,15.000000,6,1.000000,406,60,0.157297,0.338363,1632.424466,0.841533,0.000000,0.000889,0.001000,0.000000,0.000000,0.000000,0.000000,0.000000,0.000000,0.000000,0.103977
c3_r15m,grid,3,15.000000,6,1.000000,404,60,0.414491,0.353792,2213.120508,0.801349,0.000000,0.001333,0.001000,0.000000,0.000000,0.000000,0.000000,0.000000,0.000000,0.000000,0.203167
c3_r15m,grid,3,15.000000,6,1.000000,408,60,0.383035,0.339508,2965.490458,0.543640,0.000000,0.001917,0.001000,0.000000,0.000000,0.000000,0.000000,0.040000,0.040000,0.000000,0.098214
c2_r600m,grid,2,600.000000,6,1.000000,402,60,0.865557,0.919712,5304.603963,0.670850,0.000000,0.184944,0.952988,0.483576,0.222638,0.260938,0.904091,0.276555,0.485392,0.208837,0.890801
c2_r600m,grid,2,600.000000,6,1.000000,416,60,0.884129,0.881788,4776.055167,0.650747,0.000000,0.176472,0.926302,0.494383,0.210603,0.283780,0.870522,0.275098,0.489849,0.214751,0.895361
c3_r15m,grid,3,15.000000,6,1.000000,409,60,0.344017,0.277571,1202.007631,0.803182,0.000000,0.000611,0.001000,0.000000,0.000000,0.000000,0.000000,0.000000,0.000000,0.000000,0.000000
c3_r15m,grid,3,15.000000,6,1.000000,410,60,0.222036,0.464984,1193.410760,0.425484,0.000000,0.000528,0.001000,0.000000,0.000000,0.000000,0.000000,0.000000,0.000000,0.000000,0.108571
c2_r600m,grid,2,600.000000,6,1.000000,411,60,0.888463,0.888937,4635.453767,0.842498,0.000000,0.174972,0.935015,0.498919,0.188915,0.310004,0.878336,0.284291,0.491313,0.207022,0.893489
c2_r600m,grid,2,600.000000,6,1.000000,400,60,0.733685,0.915016,5202.870680,0.646224,0.000000,0.179556,0.900889,0.467042,0.185833,0.281210,0.902998,0.256365,0.465173,0.208809,0.888019
c2_r600m,grid,2,600.000000,6,1.000000,410,60,0.812529,0.876798,4423.545331,0.552612,0.000000,0.173167,0.932052,0.498877,0.224287,0.274591,0.855305,0.264894,0.471005,0.206112,0.868652
c2_r600m,grid,2,600.000000,6,1.000000,404,60,0.861423,0.897314,5249.926333,0.353633,0.000000,0.181889,0.935728,0.497958,0.217608,0.280350,0.888052,0.267980,0.485895,0.217915,0.875288
c3_r15m,grid,3,15.000000,6,1.000000,411,60,0.320170,0.467241,1359.246528,0.493469,0.000000,0.000667,0.001000,0.000000,0.000000,0.000000,0.000000,0.000000,0.000000,0.000000,0.055556
c3_r15m,grid,3,15.000000,6,1.000000,412,60,0.364621,0.110871,5028.615689,0.380267,0.000000,0.002778,0.001000,0.000000,0.000000,0.000000,0.000000,0.033333,0.033333,0.000000,0.047222
c2_r600m,grid,2,600.000000,6,1.000000,401,60,0.861001,0.903671,5500.307010,0.581164,0.000000,0.188944,0.983069,0.501109,0.230833,0.270276,0.892086,0.277647,0.491899,0.214252,0.872901
c3_r15m,grid,3,15.000000,6,1.000000,413,60,0.383882,0.198936,2752.802547,0.477823,0.000000,0.001861,0.001000,0.000000,0.000000,0.000000,0.000000,-0.016667,0.000000,0.016667,0.038384
c2_r600m,grid,2,600.000000,6,1.000000,422,60,0.825669,0.910310,5192.094406,0.462645,0.000000,0.179722,0.915057,0.480106,0.204724,0.275381,0.895807,0.272303,0.473034,0.200732,0.875382
c2_r600m,grid,2,600.000000,6,1.000000,418,60,0.872745,0.890797,5152.297002,0.662475,0.000000,0.177333,0.886648,0.471213,0.188906,0.282307,0.880144,0.271158,0.477150,0.205992,0.849015
c2_r600m,grid,2,600.000000,6,1.000000,407,60,0.835748,0.906483,5018.661354,0.613168,0.000000,0.185583,1.003594,0.509243,0.212095,0.297148,0.891867,0.281098,0.493389,0.212292,0.890463
c2_r600m,grid,2,600.000000,6,1.000000,417,60,0.842979,0.887520,4781.929987,0.755721,0.000000,0.180083,0.963019,0.501066,0.229150,0.271916,0.879655,0.272170,0.479706,0.207536,0.880198
c2_r600m,grid,2,600.000000,6,1.000000,409,60,0.765925,0.897645,5118.160718,0.695259,0.000000,0.183806,0.968633,0.481682,0.192365,0.289317,0.881759,0.269398,0.469705,0.200307,0.863308
c2_r600m,grid,2,600.000000,6,1.000000,419,60,0.776760,0.838772,5051.092760,0.723727,0.000000,0.171278,0.833262,0.467955,0.196262,0.271693,0.834305,0.278814,0.483157,0.204343,0.881740
c2_r600m,grid,2,600.000000,6,1.000000,405,60,0.890651,0.902138,5005.768622,0.678894,0.000000,0.190000,1.064992,0.501393,0.204248,0.297145,0.891412,0.282268,0.497396,0.215127,0.886053
c2_r600m,grid,2,600.000000,6,1.000000,408,60,0.904930,0.894075,4733.465130,0.428733,0.000000,0.179194,0.960828,0.499730,0.219101,0.280629,0.881412,0.276174,0.488925,0.212750,0.887612
c2_r600m,grid,2,600.000000,6,1.000000,415,60,0.796348,0.920804,4704.501242,0.626632,0.000000,0.168083,0.829669,0.458102,0.219342,0.238760,0.905037,0.275940,0.486964,0.211024,0.878321
c2_r600m,grid,2,600.000000,6,1.000000,412,60,0.845940,0.879084,5258.627502,0.830071,0.000000,0.182167,0.930755,0.483175,0.191321,0.291853,0.865374,0.279056,0.486200,0.207143,0.868356
c2_r600m,grid,2,600.000000,6,1.000000,420,60,0.842576,0.921823,5300.880042,0.799333,0.000000,0.190583,1.023300,0.480816,0.169378,0.311438,0.910123,0.292736,0.490588,0.197852,0.888547
c2_r600m,grid,2,600.000000,6,1.000000,403,60,0.860903,0.883556,5407.897722,0.382522,0.000000,0.186083,0.955134,0.482578,0.208251,0.274327,0.866719,0.275729,0.483654,0.207925,0.866414
c2_r600m,grid,2,600.000000,6,1.000000,413,60,0.858054,0.888721,5015.614064,0.820251,0.000000,0.178389,0.912799,0.499570,0.207698,0.291873,0.871176,0.283164,0.497748,0.214584,0.878198
c2_r600m,grid,2,600.000000,6,1.000000,406,60,0.893643,0.861422,4689.989239,0.655939,0.000000,0.175750,0.938359,0.487542,0.205195,0.282347,0.857552,0.280371,0.489442,0.209071,0.868292
c2_r600m,grid,2,600.000000,6,1.000000,414,60,0.817586,0.899864,4948.021007,0.514003,0.000000,0.176861,0.920147,0.481714,0.188455,0.293259,0.890122,0.287855,0.490505,0.202649,0.883440
c2_r600m,grid,2,600.000000,6,1.000000,421,60,0.833089,0.898083,5335.406016,0.482067,0.000000,0.180806,0.901496,0.482465,0.215126,0.267339,0.888930,0.276676,0.489765,0.213089,0.867298
c2_r600m,grid,2,600.000000,6,1.000000,423,60,0.799888,0.889624,4714.931796,0.773226,0.000000,0.168750,0.833042,0.475269,0.217647,0.257622,0.885456,0.276442,0.486923,0.210481,0.891763
c2_r600m,grid,2,600.000000,6,1.000000,424,60,0.881999,0.883477,5336.332201,0.699810,0.000000,0.181750,0.909338,0.495370,0.207533,0.287837,0.876516,0.281846,0.493030,0.211184,0.858322
c2_r600m,grid,2,600.000000,6,1.000000,425,60,0.882304,0.899335,4871.667511,0.651623,0.000000,0.174472,0.894685,0.478922,0.213981,0.264941,0.889735,0.280892,0.493815,0.212923,0.892957
c2_r600m,grid,2,600.000000,6,1.000000,426,60,0.806598,0.893255,5166.108189,0.687049,0.000000,0.178389,0.907201,0.468475,0.201885,0.266590,0.885871,0.276029,0.490255,0.214227,0.876391
c2_r600m,grid,2,600.000000,6,1.000000,442,60,0.843817,0.869505,5105.101709,0.723578,0.000000,0.171861,0.837605,0.488996,0.190572,0.298424,0.859548,0.273399,0.486508,0.213110,0.886974
c2_r600m,grid,2,600.000000,6,1.000000,429,60,0.862161,0.896228,5309.091843,0.762528,0.000000,0.190806,1.029470,0.499158,0.208138,0.291020,0.887629,0.276057,0.482214,0.206157,0.889411
c2_r600m,grid,2,600.000000,6,1.000000,438,60,0.863008,0.896519,5377.015472,0.752114,0.000000,0.193361,1.053032,0.501669,0.222639,0.279031,0.884181,0.273596,0.486504,0.212908,0.868656
c2_r600m,grid,2,600.000000,6,1.000000,430,60,0.774057,0.930817,5086.233371,0.600572,0.000000,0.181000,0.938939,0.471814,0.235471,0.236343,0.910308,0.271552,0.484323,0.212771,0.889138
c2_r600m,grid,2,600.000000,6,1.000000,440,60,0.871582,0.891778,4514.392510,0.682164,0.000000,0.172778,0.917126,0.483104,0.204334,0.278769,0.877929,0.277199,0.486364,0.209165,0.858693
c2_r600m,grid,2,600.000000,6,1.000000,439,60,0.856079,0.888747,5181.394881,0.668568,0.000000,0.177750,0.881000,0.488372,0.221898,0.266474,0.873500,0.271626,0.483771,0.212145,0.868510
c2_r600m,grid,2,600.000000,6,1.000000,434,60,0.857340,0.894870,5073.165771,0.639092,0.000000,0.173694,0.846107,0.483799,0.209825,0.273973,0.886183,0.272984,0.480536,0.207553,0.865972
c2_r600m,grid,2,600.000000,6,1.000000,431,60,0.880352,0.872033,4867.431798,0.665422,0.000000,0.179389,0.937553,0.487141,0.222795,0.264347,0.857836,0.292143,0.492314,0.200172,0.854482
c2_r600m,grid,2,600.000000,6,1.000000,427,60,0.882398,0.930243,4732.136016,0.394053,0.000000,0.176500,0.923556,0.495801,0.193961,0.301841,0.914158,0.294745,0.496850,0.202105,0.901382
c2_r600m,grid,2,600.000000,6,1.000000,428,60,0.812770,0.890569,5152.926841,0.578263,0.000000,0.183806,0.954112,0.482182,0.195799,0.286383,0.881690,0.274839,0.490096,0.215258,0.882207
c2_r600m,grid,2,600.000000,6,1.000000,441,60,0.841915,0.907644,4981.028140,0.349898,0.000000,0.179778,0.936622,0.498734,0.218721,0.280013,0.897774,0.273180,0.483852,0.210672,0.882224
c2_r600m,grid,2,600.000000,6,1.000000,443,60,0.891870,0.884991,4850.760112,0.466231,0.000000,0.181917,0.980582,0.492795,0.221053,0.271742,0.869649,0.293194,0.501379,0.208185,0.873172
c2_r600m,grid,2,600.000000,6,1.000000,436,60,0.800149,0.905506,5366.975446,0.704803,0.000000,0.188806,0.997727,0.467866,0.201108,0.266757,0.893219,0.276477,0.483385,0.206908,0.864825
c2_r600m,grid,2,600.000000,6,1.000000,445,60,0.863561,0.923444,5006.019256,0.731744,0.000000,0.180861,0.940446,0.482234,0.191045,0.291189,0.908603,0.276442,0.488645,0.212203,0.865075
c2_r600m,grid,2,600.000000,6,1.000000,433,60,0.784281,0.896712,5228.359860,0.735480,0.000000,0.176583,0.867723,0.479689,0.224586,0.255103,0.882456,0.268694,0.477795,0.209101,0.900586
c2_r600m,grid,2,600.000000,6,1.000000,448,60,0.850286,0.941113,5033.910341,0.661218,0.000000,0.177833,0.906577,0.467605,0.224787,0.242817,0.924613,0.271044,0.479068,0.208023,0.877345
c2_r600m,grid,2,600.000000,6,1.000000,449,60,0.853535,0.925078,4215.068029,0.590300,0.000000,0.160944,0.821738,0.463004,0.208466,0.254538,0.905754,0.264011,0.474037,0.210026,0.865201
c2_r600m,grid,2,600.000000,6,1.000000,444,60,0.829295,0.889891,5170.025736,0.728363,0.000000,0.178278,0.891001,0.479090,0.178947,0.300142,0.880029,0.283209,0.488616,0.205407,0.879538
c2_r600m,grid,2,600.000000,6,1.000000,435,60,0.825803,0.829826,4774.609364,0.448132,0.000000,0.169556,0.841950,0.498688,0.226139,0.272549,0.819675,0.270745,0.490666,0.219921,0.843930
c2_r600m,grid,2,600.000000,6,1.000000,432,60,0.724633,0.895868,5225.858463,0.646541,0.000000,0.175611,0.860528,0.459286,0.231069,0.228217,0.882971,0.257606,0.470967,0.213361,0.896954
c2_r600m,grid,2,600.000000,6,1.000000,446,60,0.805843,0.893708,4628.104318,0.598578,0.000000,0.171917,0.907837,0.492123,0.219025,0.273098,0.879607,0.272021,0.479607,0.207586,0.846151
c2_r600m,grid,2,600.000000,6,1.000000,447,60,0.875152,0.932295,5146.374245,0.785323,0.000000,0.180444,0.922886,0.484011,0.191575,0.292437,0.908356,0.281206,0.484098,0.202892,0.893027
c3_r15m,grid,3,15.000000,6,1.000000,414,60,0.553894,0.316814,1472.036606,0.772131,0.000000,0.000611,0.001000,0.000000,0.000000,0.000000,0.000000,0.000000,0.000000,0.000000,0.028571
c3_r15m,grid,3,15.000000,6,1.000000,416,60,0.234906,0.622606,2031.244251,0.697766,0.000000,0.001500,0.001000,0.000000,0.000000,0.000000,0.625000,0.025000,0.025000,0.000000,0.292500
c3_r15m,grid,3,15.000000,6,1.000000,415,60,0.491957,0.324340,2169.154588,0.614666,0.000000,0.001361,0.001000,0.000000,0.000000,0.000000,0.181818,0.012500,0.012500,0.000000,0.362033
c2_r600m,grid,2,600.000000,6,1.000000,437,60,0.892037,0.884219,4969.413279,0.802840,0.000000,0.182722,0.966717,0.503396,0.225205,0.278191,0.877108,0.279995,0.494925,0.214930,0.883312
c3_r15m,grid,3,15.000000,6,1.000000,417,60,0.270729,0.274221,1199.925354,0.844497,0.000000,0.000556,0.001000,0.000000,0.000000,0.000000,0.090909,0.000000,0.000000,0.000000,0.125758
c3_r15m,grid,3,15.000000,6,1.000000,418,60,0.810245,0.253339,2911.281089,0.704398,0.000000,0.001833,0.001000,0.000000,0.000000,0.000000,0.000000,0.140000,0.150000,0.010000,0.119470
c3_r15m,grid,3,15.000000,6,1.000000,419,60,0.310327,0.347847,1465.726469,0.580000,0.000000,0.000500,0.001000,0.000000,0.000000,0.000000,0.000000,0.000000,0.000000,0.000000,0.000000
c3_r15m,grid,3,15.000000,6,1.000000,421,60,0.184582,0.297607,1659.332887,0.609168,0.000000,0.001000,0.001000,0.000000,0.000000,0.000000,0.000000,0.000000,0.000000,0.000000,0.020000
c3_r15m,grid,3,15.000000,6,1.000000,422,60,0.384037,0.557465,2126.404658,0.672367,0.000000,0.001083,0.001000,0.000000,0.000000,0.000000,0.000000,-0.007143,0.020000,0.027143,0.252690
c3_r15m,grid,3,15.000000,6,1.000000,420,60,0.179354,0.458425,4687.275168,0.626554,0.000000,0.002833,0.001000,0.000000,0.000000,0.000000,0.000000,0.000000,0.000000,0.000000,0.384524
c3_r15m,grid,3,15.000000,6,1.000000,424,60,0.646797,0.263500,2577.615592,0.692673,0.000000,0.001389,0.001000,0.500000,0.000000,0.500000,0.200000,0.035714,0.050000,0.014286,0.130000
c3_r15m,grid,3,15.000000,6,1.000000,423,60,0.713383,0.508377,3896.576117,0.683876,0.000000,0.002306,0.001000,0.000000,0.000000,0.000000,0.500000,0.135000,0.135000,0.000000,0.233333
c3_r15m,grid,3,15.000000,6,1.000000,426,60,0.424441,0.390261,1467.987821,0.488659,0.000000,0.000778,0.001000,0.000000,0.000000,0.000000,0.000000,0.000000,0.000000,0.000000,0.025000
c3_r15m,grid,3,15.000000,6,1.000000,425,60,0.315633,0.308596,3455.277709,0.707490,0.000000,0.002222,0.001000,0.000000,0.000000,0.000000,0.000000,0.114286,0.114286,0.000000,0.178510
c3_r15m,grid,3,15.000000,6,1.000000,428,60,0.341091,0.242757,3175.224623,0.737164,0.000000,0.002278,0.001000,0.000000,0.000000,0.000000,0.161290,-0.008333,0.025000,0.033333,0.267240
c3_r15m,grid,3,15.000000,6,1.000000,427,60,0.679847,0.295533,3836.619790,0.678318,0.000000,0.002389,0.001000,0.000000,0.000000,0.000000,0.500000,0.000000,0.000000,0.000000,0.282500
c3_r15m,grid,3,15.000000,6,1.000000,429,60,0.472363,0.633129,2758.796640,0.745088,0.000000,0.001583,0.001000,0.333333,0.000000,0.333333,1.000000,0.033333,0.033333,0.000000,0.200000
c3_r15m,grid,3,15.000000,6,1.000000,430,60,0.625318,0.226761,1665.158106,0.780940,0.000000,0.000833,0.001000,0.000000,0.000000,0.000000,0.000000,0.033333,0.033333,0.000000,0.099221
c3_r15m,grid,3,15.000000,6,1.000000,431,60,0.424625,0.419377,1913.748500,0.760494,0.000000,0.001361,0.001000,0.000000,0.000000,0.000000,0.000000,-0.022222,0.000000,0.022222,0.176667
c3_r15m,grid,3,15.000000,6,1.000000,433,60,0.185884,0.609996,2339.357340,0.448616,0.000000,0.001306,0.001000,0.000000,0.000000,0.000000,0.000000,0.025000,0.050000,0.025000,0.333810
c3_r15m,grid,3,15.000000,6,1.000000,432,60,0.328629,0.410700,3920.399817,0.385863,0.000000,0.001972,0.001000,0.142857,0.000000,0.142857,0.583333,0.009740,0.014286,0.004545,0.125000
c3_r15m,grid,3,15.000000,6,1.000000,434,60,0.286821,0.364847,1127.279822,0.669367,0.000000,0.000556,0.001000,0.000000,0.000000,0.000000,0.000000,0.000000,0.000000,0.000000,0.000000
c3_r15m,grid,3,15.000000,6,1.000000,435,60,0.434037,0.328945,1776.711141,0.556354,0.000000,0.000917,0.001000,0.000000,0.000000,0.000000,0.125000,-0.016667,0.000000,0.016667,0.112500
c3_r15m,grid,3,15.000000,6,1.000000,437,60,0.270373,0.371869,1478.375651,0.631714,0.000000,0.000667,0.001000,0.000000,0.000000,0.000000,0.000000,0.000000,0.000000,0.000000,0.238095
c3_r15m,grid,3,15.000000,6,1.000000,438,60,0.259403,0.409298,2000.881174,0.494168,0.000000,0.000944,0.001000,0.000000,0.000000,0.000000,0.000000,0.011111,0.011111,0.000000,0.121429
c3_r15m,grid,3,15.000000,6,1.000000,436,60,0.461493,0.306692,4466.774164,0.638303,0.000000,0.002472,0.001000,0.000000,0.000000,0.000000,0.545455,0.020000,0.020000,0.000000,0.211185
c3_r15m,grid,3,15.000000,6,1.000000,439,60,0.281414,0.611757,1734.355032,0.376107,0.000000,0.001111,0.001000,0.000000,0.000000,0.000000,1.000000,0.000000,0.000000,0.000000,0.172727
c3_r15m,grid,3,15.000000,6,1.000000,440,60,0.485841,0.243170,3543.267609,0.597425,0.000000,0.001806,0.001000,0.000000,0.000000,0.000000,0.142857,0.000000,0.000000,0.000000,0.039286
c3_r15m,grid,3,15.000000,6,1.000000,441,60,0.234775,0.515480,3822.515256,0.581754,0.000000,0.002083,0.001000,0.000000,0.000000,0.000000,0.000000,0.000000,0.000000,0.000000,0.150000
c3_r15m,grid,3,15.000000,6,1.000000,442,60,0.497778,0.442568,1853.357563,0.364052,0.000000,0.001417,0.001000,0.000000,0.000000,0.000000,0.600000,0.000000,0.000000,0.000000,0.060000
c3_r15m,grid,3,15.000000,6,1.000000,443,60,0.379713,0.751413,2100.632981,0.820686,0.000000,0.001056,0.001000,0.000000,0.000000,0.000000,0.000000,-0.083333,0.016667,0.100000,0.190000
c3_r15m,grid,3,15.000000,6,1.000000,444,60,0.372012,0.381618,3468.732867,0.772651,0.000000,0.002194,0.001000,0.000000,0.000000,0.000000,0.454545,0.027778,0.033333,0.005556,0.268597
c3_r15m,grid,3,15.000000,6,1.000000,445,60,0.584084,0.208040,3014.610406,0.233933,0.000000,0.001556,0.001000,0.000000,0.000000,0.000000,0.000000,0.050000,0.050000,0.000000,0.141111
c3_r15m,grid,3,15.000000,6,1.000000,446,60,0.237953,0.600475,2396.066965,0.541968,0.000000,0.001278,0.001000,0.000000,0.000000,0.000000,0.000000,0.000000,0.000000,0.000000,0.075000
c3_r15m,grid,3,15.000000,6,1.000000,448,60,0.203141,0.554192,1438.709698,0.647177,0.000000,0.000694,0.001000,0.000000,0.000000,0.000000,0.000000,0.000000,0.000000,0.000000,0.016667
c3_r15m,grid,3,15.000000,6,1.000000,449,60,0.291653,0.240970,4362.048565,0.545517,0.000000,0.002500,0.001000,0.000000,0.000000,0.000000,0.666667,0.000000,0.000000,0.000000,0.105238
c3_r15m,grid,3,15.000000,6,1.000000,447,60,0.634626,0.306566,3940.591919,0.797368,0.000000,0.002083,0.001000,0.000000,0.000000,0.000000,0.428571,0.036190,0.071190,0.035000,0.383473
c3_r37.5m,grid,3,37.500000,6,1.000000,400,60,0.640276,0.293536,1304.431852,0.612701,0.000000,0.001611,0.001000,0.055556,0.000000,0.055556,0.246575,0.007851,0.030252,0.022401,0.334248
c3_r37.5m,grid,3,37.500000,6,1.000000,401,60,0.363449,0.482816,2363.584190,0.520098,0.000000,0.003500,0.001000,0.043956,0.000000,0.043956,0.590909,0.022041,0.035385,0.013344,0.569383
c3_r37.5m,grid,3,37.500000,6,1.000000,402,60,0.158675,0.308596,3434.078452,0.588543,0.000000,0.005722,0.001000,0.053763,0.023697,0.030067,0.305921,0.034341,0.056611,0.022270,0.295017
c3_r37.5m,grid,3,37.500000,6,1.000000,403,60,0.184145,0.352020,2428.208299,0.440670,0.000000,0.003861,0.001000,0.043478,0.032787,0.010691,0.273810,0.004217,0.029468,0.025251,0.268914
c3_r37.5m,grid,3,37.500000,6,1.000000,404,60,0.183310,0.267802,2237.344633,0.842493,0.000000,0.003111,0.001000,0.024390,0.000000,0.024390,0.297101,0.030469,0.044884,0.014415,0.192308
c3_r37.5m,grid,3,37.500000,6,1.000000,406,60,0.187724,0.382673,3425.130527,0.688876,0.000000,0.004833,0.001000,0.008850,0.026667,-0.017817,0.429658,0.019967,0.040203,0.020236,0.393312
c3_r37.5m,grid,3,37.500000,6,1.000000,405,60,0.379917,0.323932,1810.455797,0.476326,0.000000,0.002722,0.001000,0.024390,0.010753,0.013638,0.305970,0.077159,0.098673,0.021514,0.279428
c3_r37.5m,grid,3,37.500000,6,1.000000,407,60,0.258034,0.312770,2940.004422,0.781093,0.000000,0.004806,0.001000,0.047619,0.024540,0.023079,0.340081,0.029407,0.050156,0.020749,0.238195
c3_r37.5m,grid,3,37.500000,6,1.000000,408,60,0.249367,0.298690,3228.325863,0.274699,0.000000,0.005000,0.001000,0.000000,0.000000,0.000000,0.265823,0.031138,0.052950,0.021812,0.380019
c3_r37.5m,grid,3,37.500000,6,1.000000,409,60,0.480724,0.300224,1566.739424,0.351924,0.000000,0.002444,0.001000,0.075472,0.013889,0.061583,0.424000,0.026737,0.042156,0.015419,0.304632
c3_r37.5m,grid,3,37.500000,6,1.000000,410,60,0.172969,0.410381,1149.502557,0.590057,0.000000,0.001667,0.001000,0.000000,0.000000,0.000000,0.194444,0.009266,0.030290,0.021025,0.337961
c3_r37.5m,grid,3,37.500000,6,1.000000,412,60,0.345628,0.307878,2809.095820,0.628334,0.000000,0.004639,0.001000,0.037975,0.016807,0.021168,0.398990,0.042132,0.056587,0.014455,0.328173
c3_r37.5m,grid,3,37.500000,6,1.000000,415,60,0.688171,0.182583,2531.542265,0.766907,0.000000,0.004083,0.001000,0.113636,0.005587,0.108050,0.197309,0.058776,0.075996,0.017221,0.178944
c3_r37.5m,grid,3,37.500000,6,1.000000,413,60,0.471477,0.341682,2703.129259,0.489329,0.000000,0.004111,0.001000,0.045455,0.013072,0.032383,0.223350,0.017240,0.038408,0.021168,0.197564
c3_r37.5m,grid,3,37.500000,6,1.000000,411,60,0.354730,0.758870,2298.798182,0.688556,0.000000,0.003361,0.001000,0.063830,0.000000,0.063830,0.810345,0.014756,0.035046,0.020290,0.701265
c3_r37.5m,grid,3,37.500000,6,1.000000,414,60,0.224516,0.453974,1815.680316,0.473616,0.000000,0.002667,0.001000,0.052632,0.000000,0.052632,0.481013,0.011107,0.027486,0.016379,0.422883
c3_r37.5m,grid,3,37.500000,6,1.000000,416,60,0.266575,0.463779,4041.428643,0.426628,0.000000,0.006944,0.001000,0.140351,0.024845,0.115506,0.261468,0.048682,0.067252,0.018570,0.298012
c3_r37.5m,grid,3,37.500000,6,1.000000,418,60,0.228619,0.202006,2000.899197,0.624734,0.000000,0.002722,0.001000,0.111111,0.017045,0.094066,0.169811,0.050769,0.066111,0.015342,0.267779
c3_r37.5m,grid,3,37.500000,6,1.000000,420,60,0.447615,0.571544,1424.627559,0.781352,0.000000,0.001667,0.001000,0.030769,0.000000,0.030769,0.677083,0.059195,0.072208,0.013012,0.682080
c3_r37.5m,grid,3,37.500000,6,1.000000,417,60,0.562453,0.295397,3902.829621,0.599876,0.000000,0.006194,0.001000,0.114754,0.028736,0.086018,0.259574,0.061424,0.081685,0.020261,0.339447
c3_r37.5m,grid,3,37.500000,6,1.000000,419,60,0.324288,0.230760,3122.139992,0.545661,0.000000,0.004833,0.001000,0.066667,0.023077,0.043590,0.187500,0.033629,0.052108,0.018479,0.253217
c3_r37.5m,grid,3,37.500000,6,1.000000,422,60,0.641805,0.654802,1078.156523,0.523189,0.000000,0.001667,0.001000,0.000000,0.000000,0.000000,0.761905,0.024211,0.052124,0.027913,0.536293
c3_r37.5m,grid,3,37.500000,6,1.000000,421,60,0.229463,0.497523,2299.447889,0.639490,0.000000,0.003778,0.001000,0.048077,0.032609,0.015468,0.530612,0.029286,0.041962,0.012676,0.444915
c3_r37.5m,grid,3,37.500000,6,1.000000,423,60,0.205645,0.314353,2133.820782,0.631042,0.000000,0.003194,0.001000,0.000000,0.021277,-0.021277,0.356164,0.033816,0.053282,0.019466,0.325879
c3_r37.5m,grid,3,37.500000,6,1.000000,424,60,0.151808,0.414129,2283.731151,0.749960,0.000000,0.003417,0.001000,0.023256,0.012048,0.011208,0.341270,0.029770,0.053900,0.024130,0.417196
c3_r37.5m,grid,3,37.500000,6,1.000000,425,60,0.408304,0.283104,3618.774503,0.721144,0.000000,0.004889,0.001000,0.098361,0.021505,0.076855,0.246964,0.033449,0.048447,0.014998,0.248999
c3_r37.5m,grid,3,37.500000,6,1.000000,426,60,0.491593,0.413178,3777.427407,0.500403,0.000000,0.006222,0.001000,0.052632,0.006757,0.045875,0.473310,0.042291,0.062421,0.020130,0.458230
c3_r37.5m,grid,3,37.500000,6,1.000000,427,60,0.346683,0.351429,4224.162615,0.441866,0.000000,0.006944,0.001000,0.090909,0.014925,0.075984,0.214844,0.023736,0.045539,0.021803,0.370192
c3_r37.5m,grid,3,37.500000,6,1.000000,428,60,0.470845,0.539158,1754.147036,0.667760,0.000000,0.002778,0.001000,0.098361,0.037037,0.061324,0.693182,0.049371,0.056163,0.006791,0.682476
c3_r37.5m,grid,3,37.500000,6,1.000000,432,60,0.277212,0.199083,1227.260502,0.652838,0.000000,0.001583,0.001000,0.000000,0.000000,0.000000,0.318841,0.030858,0.051212,0.020355,0.178026
c3_r37.5m,grid,3,37.500000,6,1.000000,429,60,0.328580,0.451657,1980.991747,0.730699,0.000000,0.003361,0.001000,0.040000,0.037975,0.002025,0.558659,0.038256,0.062988,0.024732,0.517563
c3_r37.5m,grid,3,37.500000,6,1.000000,430,60,0.237284,0.384201,3797.822202,0.765859,0.000000,0.005861,0.001000,0.016949,0.021277,-0.004327,0.334278,0.047395,0.064899,0.017504,0.487772
c3_r37.5m,grid,3,37.500000,6,1.000000,431,60,0.268641,0.193589,2762.559216,0.486476,0.000000,0.004611,0.001000,0.046154,0.016393,0.029760,0.262097,0.039293,0.063559,0.024267,0.226309
c3_r37.5m,grid,3,37.500000,6,1.000000,435,60,0.239008,0.437979,2278.169309,0.608345,0.000000,0.003722,0.001000,0.040816,0.022472,0.018344,0.524064,0.020463,0.040030,0.019567,0.475010
c3_r37.5m,grid,3,37.500000,6,1.000000,433,60,0.530084,0.195408,2286.138159,0.812272,0.000000,0.003722,0.001000,0.034483,0.020548,0.013935,0.165714,0.056740,0.078292,0.021552,0.180625
c3_r37.5m,grid,3,37.500000,6,1.000000,436,60,0.401933,0.373376,2101.208968,0.588094,0.000000,0.003389,0.001000,0.023256,0.010870,0.012386,0.318519,0.020308,0.034507,0.014199,0.299714
c3_r37.5m,grid,3,37.500000,6,1.000000,434,60,0.545525,0.476618,1731.445765,0.625469,0.000000,0.002278,0.001000,0.039474,0.027027,0.012447,0.506667,0.028628,0.044124,0.015496,0.455195
c3_r37.5m,grid,3,37.500000,6,1.000000,438,60,0.245734,0.447202,2668.312598,0.619995,0.000000,0.003444,0.001000,0.051948,0.017241,0.034707,0.570370,0.047978,0.056382,0.008403,0.660316
c3_r37.5m,grid,3,37.500000,6,1.000000,439,60,0.441722,0.583829,3672.904508,0.648488,0.000000,0.005194,0.001000,0.027211,0.012821,0.014390,0.653333,0.024192,0.048700,0.024508,0.663924
c3_r37.5m,grid,3,37.500000,6,1.000000,437,60,0.380715,0.388911,3196.805471,0.573817,0.000000,0.004639,0.001000,0.049383,0.019108,0.030274,0.340336,0.048953,0.062016,0.013063,0.363069
c3_r37.5m,grid,3,37.500000,6,1.000000,440,60,0.249264,0.331623,2908.920033,0.730826,0.000000,0.004694,0.001000,0.074766,0.009901,0.064865,0.514423,0.043449,0.055592,0.012142,0.495078
c3_r37.5m,grid,3,37.500000,6,1.000000,441,60,0.246706,0.417562,2397.182559,0.533462,0.000000,0.004056,0.001000,0.000000,0.020619,-0.020619,0.236220,0.005578,0.027772,0.022194,0.273881
c3_r37.5m,grid,3,37.500000,6,1.000000,442,60,0.294554,0.342067,1220.794615,0.836845,0.000000,0.001861,0.001000,0.058824,0.000000,0.058824,0.421488,0.048209,0.053872,0.005662,0.418603
c3_r37.5m,grid,3,37.500000,6,1.000000,445,60,0.445939,0.437540,3039.256186,0.494430,0.000000,0.004778,0.001000,0.087500,0.013333,0.074167,0.516129,0.045217,0.064783,0.019565,0.517582
c3_r37.5m,grid,3,37.500000,6,1.000000,444,60,0.243025,0.179922,2988.828372,0.810639,0.000000,0.004278,0.001000,0.000000,0.030675,-0.030675,0.168367,0.021110,0.041571,0.020461,0.215928
c3_r37.5m,grid,3,37.500000,6,1.000000,447,60,0.305624,0.431849,1825.238456,0.641933,0.000000,0.003000,0.001000,0.058824,0.025000,0.033824,0.298246,0.041872,0.057600,0.015728,0.349664
c3_r37.5m,grid,3,37.500000,6,1.000000,443,60,0.334518,0.218576,1948.871134,0.734566,0.000000,0.002611,0.001000,0.045455,0.017699,0.027755,0.162963,0.031404,0.049243,0.017839,0.217706
c3_r37.5m,grid,3,37.500000,6,1.000000,448,60,0.371585,0.252978,1913.454816,0.626075,0.000000,0.002889,0.001000,0.041667,0.000000,0.041667,0.282353,0.040959,0.048973,0.008014,0.356737
c3_r37.5m,grid,3,37.500000,6,1.000000,446,60,0.650617,0.471383,3037.663677,0.733706,0.000000,0.004250,0.001000,0.060976,0.019231,0.041745,0.440860,0.026439,0.050375,0.023936,0.455350
c3_r37.5m,grid,3,37.500000,6,1.000000,449,60,0.436933,0.423734,1977.773421,0.628963,0.000000,0.002889,0.001000,0.000000,0.000000,0.000000,0.443548,0.019459,0.029991,0.010531,0.411720
c3_r75m,grid,3,75.000000,6,1.000000,401,60,0.684505,0.350709,2533.048345,0.463133,0.000000,0.008028,0.001000,0.115578,0.021930,0.093648,0.303817,0.091260,0.116938,0.025678,0.435313
c3_r75m,grid,3,75.000000,6,1.000000,402,60,0.298543,0.307417,909.304115,0.687732,0.000000,0.002778,0.001000,0.043478,0.032086,0.011393,0.329749,0.031723,0.071035,0.039311,0.221333
c3_r75m,grid,3,75.000000,6,1.000000,403,60,0.359346,0.371172,4260.549555,0.595635,0.000000,0.013250,0.001000,0.061611,0.021345,0.040267,0.403185,0.030444,0.063741,0.033297,0.284619
c3_r75m,grid,3,75.000000,6,1.000000,406,60,0.416138,0.494426,1290.794367,0.846767,0.000000,0.003917,0.001000,0.024510,0.021563,0.002946,0.354783,0.030023,0.053371,0.023347,0.394577
c3_r75m,grid,3,75.000000,6,1.000000,407,60,0.659404,0.284370,2231.038180,0.638909,0.000000,0.007222,0.001000,0.140625,0.032872,0.107753,0.181303,0.107496,0.131473,0.023977,0.204834
c3_r75m,grid,3,75.000000,6,1.000000,400,60,0.255972,0.270210,3995.985564,0.331214,0.000000,0.012194,0.001000,0.069672,0.028007,0.041666,0.286722,0.036451,0.068216,0.031765,0.334637
c3_r75m,grid,3,75.000000,6,1.000000,404,60,0.272330,0.228624,2930.704774,0.578719,0.000000,0.010389,0.001000,0.102041,0.038557,0.063484,0.267760,0.054909,0.088556,0.033647,0.323114
c3_r75m,grid,3,75.000000,6,1.000000,409,60,0.467477,0.451037,3459.257262,0.822281,0.000000,0.012806,0.001000,0.082090,0.026185,0.055905,0.455163,0.066070,0.097185,0.031115,0.502749
c3_r75m,grid,3,75.000000,6,1.000000,408,60,0.564564,0.453667,2115.522980,0.818542,0.000000,0.006389,0.001000,0.050388,0.028463,0.021925,0.328662,0.054630,0.082677,0.028047,0.310454
c3_r75m,grid,3,75.000000,6,1.000000,410,60,0.215102,0.320864,2583.832459,0.713348,0.000000,0.008556,0.001000,0.079602,0.032061,0.047541,0.234813,0.027155,0.062916,0.035761,0.338374
c3_r75m,grid,3,75.000000,6,1.000000,405,60,0.425638,0.246392,2629.364985,0.634247,0.000000,0.009111,0.001000,0.118421,0.030227,0.088194,0.223092,0.056179,0.081479,0.025300,0.233879
c3_r75m,grid,3,75.000000,6,1.000000,411,60,0.243727,0.301414,1545.804101,0.387238,0.000000,0.004611,0.001000,0.041475,0.029412,0.012063,0.443763,0.038836,0.067060,0.028224,0.467174
c3_r75m,grid,3,75.000000,6,1.000000,412,60,0.326638,0.629466,2586.480491,0.698463,0.000000,0.009444,0.001000,0.077901,0.035242,0.042659,0.580794,0.036402,0.065409,0.029007,0.598833
c3_r75m,grid,3,75.000000,6,1.000000,414,60,0.324979,0.410016,3019.456956,0.749490,0.000000,0.009306,0.001000,0.106936,0.027231,0.079705,0.343595,0.045071,0.076537,0.031466,0.378296
c3_r75m,grid,3,75.000000,6,1.000000,413,60,0.413290,0.187926,3510.446622,0.532288,0.000000,0.010778,0.001000,0.101523,0.022461,0.079062,0.161343,0.063417,0.097736,0.034319,0.213252
c3_r75m,grid,3,75.000000,6,1.000000,415,60,0.183018,0.277055,2257.608024,0.876567,0.000000,0.007278,0.001000,0.056657,0.040519,0.016139,0.363918,0.023336,0.049609,0.026273,0.405801
c3_r75m,grid,3,75.000000,6,1.000000,416,60,0.678248,0.193293,2420.879142,0.573225,0.000000,0.007722,0.001000,0.105263,0.025559,0.079704,0.214555,0.067318,0.098269,0.030950,0.219873
c3_r75m,grid,3,75.000000,6,1.000000,417,60,0.277644,0.448481,2804.178873,0.686685,0.000000,0.009222,0.001000,0.063830,0.031818,0.032012,0.516484,0.045641,0.074136,0.028495,0.459728
c3_r75m,grid,3,75.000000,6,1.000000,418,60,0.532448,0.308520,3740.256236,0.752258,0.000000,0.014222,0.001000,0.101996,0.033275,0.068721,0.283114,0.063750,0.091370,0.027620,0.333620
c3_r75m,grid,3,75.000000,6,1.000000,419,60,0.367998,0.377146,2914.998295,0.415756,0.000000,0.008861,0.001000,0.051282,0.035524,0.015758,0.257256,0.049849,0.082977,0.033128,0.373592
c3_r75m,grid,3,75.000000,6,1.000000,421,60,0.505371,0.721090,2558.754290,0.599933,0.000000,0.009778,0.001000,0.069740,0.039062,0.030677,0.767695,0.055197,0.086146,0.030949,0.674440
c3_r75m,grid,3,75.000000,6,1.000000,422,60,0.353077,0.254754,2737.866517,0.674473,0.000000,0.009194,0.001000,0.086777,0.027228,0.059549,0.230476,0.040159,0.071086,0.030928,0.277280
c3_r75m,grid,3,75.000000,6,1.000000,420,60,0.492119,0.240849,4609.491303,0.676666,0.000000,0.015250,0.001000,0.085193,0.026786,0.058407,0.285797,0.057111,0.090234,0.033123,0.284024
c3_r75m,grid,3,75.000000,6,1.000000,424,60,0.348409,0.434713,1961.347120,0.677665,0.000000,0.006750,0.001000,0.094595,0.031161,0.063433,0.456086,0.044940,0.072710,0.027770,0.405169
c3_r75m,grid,3,75.000000,6,1.000000,429,60,0.315272,0.289622,1823.265385,0.418248,0.000000,0.006028,0.001000,0.078212,0.034301,0.043911,0.320789,0.037453,0.065452,0.027999,0.248677
c3_r75m,grid,3,75.000000,6,1.000000,425,60,0.285083,0.258720,2159.573680,0.559313,0.000000,0.007000,0.001000,0.061538,0.025437,0.036101,0.171278,0.028473,0.056307,0.027834,0.252413
c3_r75m,grid,3,75.000000,6,1.000000,423,60,0.469563,0.389721,3499.071343,0.383687,0.000000,0.011222,0.001000,0.087500,0.024390,0.063110,0.314651,0.058907,0.090621,0.031714,0.311568
c3_r75m,grid,3,75.000000,6,1.000000,426,60,0.285275,0.458168,1100.035257,0.531410,0.000000,0.003444,0.001000,0.073394,0.044534,0.028860,0.306180,0.028150,0.056107,0.027956,0.477367
c3_r75m,grid,3,75.000000,6,1.000000,430,60,0.474671,0.362738,3028.179626,0.583893,0.000000,0.009500,0.001000,0.113300,0.031532,0.081769,0.186068,0.064083,0.088188,0.024105,0.225307
c3_r75m,grid,3,75.000000,6,1.000000,427,60,0.281583,0.195946,4526.018686,0.665969,0.000000,0.013833,0.001000,0.037037,0.028594,0.008443,0.218012,0.029557,0.062265,0.032708,0.221633
c3_r75m,grid,3,75.000000,6,1.000000,432,60,0.751663,0.294178,2393.893875,0.661309,0.000000,0.008028,0.001000,0.093385,0.045827,0.047559,0.296083,0.096277,0.125191,0.028914,0.338076
c3_r75m,grid,3,75.000000,6,1.000000,433,60,0.637612,0.373908,1648.459557,0.702338,0.000000,0.004889,0.001000,0.087121,0.012500,0.074621,0.523810,0.044279,0.068749,0.024469,0.483665
c3_r75m,grid,3,75.000000,6,1.000000,434,60,0.189021,0.434653,1171.083117,0.622321,0.000000,0.003806,0.001000,0.043103,0.020067,0.023037,0.279518,0.022416,0.045435,0.023019,0.331324
c3_r75m,grid,3,75.000000,6,1.000000,436,60,0.357706,0.781453,1721.715226,0.761947,0.000000,0.005806,0.001000,0.069767,0.016260,0.053507,0.636095,0.054035,0.076232,0.022196,0.693751
c3_r75m,grid,3,75.000000,6,1.000000,437,60,0.497318,0.652297,3725.777742,0.599525,0.000000,0.012306,0.001000,0.054255,0.035714,0.018541,0.705706,0.031150,0.059884,0.028733,0.718613
c3_r75m,grid,3,75.000000,6,1.000000,435,60,0.311759,0.371292,3545.315895,0.741072,0.000000,0.011361,0.001000,0.033865,0.030177,0.003688,0.343131,0.021247,0.051355,0.030109,0.343517
c3_r75m,grid,3,75.000000,6,1.000000,428,60,0.345893,0.368062,4573.526965,0.747275,0.000000,0.015778,0.001000,0.075851,0.034389,0.041462,0.368932,0.042145,0.076647,0.034502,0.355562
c3_r75m,grid,3,75.000000,6,1.000000,431,60,0.372256,0.412993,1940.998092,0.639141,0.000000,0.006222,0.001000,0.055728,0.023310,0.032418,0.429521,0.042069,0.072577,0.030507,0.410888
c3_r75m,grid,3,75.000000,6,1.000000,438,60,0.216874,0.389970,3066.625395,0.523335,0.000000,0.009722,0.001000,0.071770,0.025263,0.046507,0.468085,0.033904,0.063349,0.029445,0.450128
c3_r75m,grid,3,75.000000,6,1.000000,439,60,0.247966,0.263961,3149.196251,0.688815,0.000000,0.010139,0.001000,0.038339,0.033769,0.004570,0.254265,0.029730,0.060980,0.031250,0.277629
c3_r75m,grid,3,75.000000,6,1.000000,442,60,0.339204,0.203653,2145.892831,0.568179,0.000000,0.007861,0.001000,0.135294,0.022764,0.112530,0.216561,0.059403,0.087690,0.028287,0.276415
c3_r75m,grid,3,75.000000,6,1.000000,440,60,0.375846,0.151914,4138.935922,0.796198,0.000000,0.014028,0.001000,0.084211,0.022035,0.062176,0.155908,0.068961,0.099443,0.030481,0.167545
c3_r75m,grid,3,75.000000,6,1.000000,441,60,0.509349,0.582699,3238.439233,0.576407,0.000000,0.012944,0.001000,0.106024,0.029345,0.076679,0.652003,0.070496,0.104568,0.034072,0.555535
c3_r75m,grid,3,75.000000,6,1.000000,443,60,0.302667,0.273486,3318.926595,0.696924,0.000000,0.009694,0.001000,0.045455,0.020576,0.024878,0.281773,0.031479,0.058819,0.027339,0.277459
c3_r75m,grid,3,75.000000,6,1.000000,446,60,0.470971,0.466713,3150.210914,0.498869,0.000000,0.010167,0.001000,0.080189,0.043771,0.036418,0.416503,0.047738,0.076637,0.028900,0.347497
c3_r75m,grid,3,75.000000,6,1.000000,445,60,0.282038,0.324161,2198.888877,0.600673,0.000000,0.006194,0.001000,0.055000,0.031250,0.023750,0.280899,0.038131,0.068510,0.030379,0.220418
c3_r75m,grid,3,75.000000,6,1.000000,444,60,0.464536,0.184160,2225.664242,0.598461,0.000000,0.007750,0.001000,0.090909,0.025135,0.065774,0.178466,0.068134,0.098076,0.029942,0.311721
c3_r75m,grid,3,75.000000,6,1.000000,447,60,0.667429,0.531924,1899.845423,0.705622,0.000000,0.006583,0.001000,0.058201,0.033233,0.024968,0.533145,0.057479,0.083237,0.025759,0.551492
c3_r150m,grid,3,150.000000,6,1.000000,403,60,0.477036,0.170375,1032.490866,0.818902,0.000000,0.006833,0.001000,0.196532,0.050066,0.146466,0.185622,0.109439,0.151658,0.042219,0.155284
c3_r150m,grid,3,150.000000,6,1.000000,402,60,0.186752,0.452075,386.739796,0.745695,0.000000,0.001861,0.001000,0.101852,0.027778,0.074074,0.375000,0.030448,0.075093,0.044645,0.460224
c3_r150m,grid,3,150.000000,6,1.000000,405,60,0.473729,0.191536,660.724159,0.143619,0.000000,0.004111,0.004886,0.126984,0.057065,0.069919,0.146172,0.095963,0.152588,0.056626,0.143884
c3_r75m,grid,3,75.000000,6,1.000000,449,60,0.266944,0.329049,2600.733704,0.457341,0.000000,0.009167,0.001000,0.108871,0.039604,0.069267,0.329349,0.041960,0.071669,0.029709,0.380008
c3_r75m,grid,3,75.000000,6,1.000000,448,60,0.408424,0.249413,2757.976816,0.551686,0.000000,0.009000,0.001000,0.050505,0.026622,0.023883,0.247810,0.068038,0.095639,0.027601,0.317207
c3_r150m,grid,3,150.000000,6,1.000000,404,60,0.310499,0.091432,877.217933,0.867340,0.000000,0.004944,0.001000,0.259740,0.043601,0.216140,0.097716,0.099011,0.175616,0.076605,0.113092
c3_r150m,grid,3,150.000000,6,1.000000,407,60,0.378318,0.167078,736.773013,0.565461,0.000000,0.004833,0.002756,0.158879,0.049587,0.109292,0.150281,0.082639,0.133064,0.050425,0.122804
c3_r150m,grid,3,150.000000,6,1.000000,401,60,0.828921,0.924306,849.816185,0.918239,0.000000,0.006889,0.001486,0.164365,0.016667,0.147698,0.923469,0.112759,0.157262,0.044503,0.861041
c3_r150m,grid,3,150.000000,6,1.000000,411,60,0.050097,0.931271,411.884636,0.749585,0.000000,0.001722,0.001000,0.035461,0.000000,0.035461,0.895238,0.046829,0.094589,0.047760,0.768959
c3_r150m,grid,3,150.000000,6,1.000000,409,60,0.309392,0.605014,904.438692,0.896210,0.000000,0.006889,0.001000,0.139286,0.049505,0.089781,0.648899,0.048029,0.102795,0.054765,0.615650
c3_r150m,grid,3,150.000000,6,1.000000,400,60,0.715113,0.648793,1183.953316,0.812352,0.000000,0.010111,0.001036,0.226510,0.039894,0.186616,0.613169,0.132896,0.181809,0.048913,0.516981
c3_r150m,grid,3,150.000000,6,1.000000,410,60,0.427468,0.735955,475.500234,0.646396,0.000000,0.002556,0.001000,0.120755,0.024096,0.096658,0.761494,0.103439,0.159583,0.056145,0.772008
c3_r150m,grid,3,150.000000,6,1.000000,408,60,0.421440,0.260450,455.098673,0.611323,0.000000,0.002583,0.005209,0.317460,0.081967,0.235493,0.205212,0.145426,0.192267,0.046841,0.271687
c3_r150m,grid,3,150.000000,6,1.000000,412,60,0.284246,0.852122,943.930454,0.696091,0.000000,0.006111,0.001000,0.095161,0.049383,0.045779,0.792839,0.070597,0.109523,0.038926,0.753810
c3_r150m,grid,3,150.000000,6,1.000000,406,60,0.323145,0.762560,763.112466,0.663572,0.000000,0.005611,0.001000,0.127701,0.116438,0.011263,0.777099,0.061312,0.125433,0.064121,0.812178
c3_r150m,grid,3,150.000000,6,1.000000,416,60,0.288512,0.512874,1008.785543,0.854927,0.000000,0.007222,0.001000,0.117988,0.041985,0.076004,0.496638,0.088803,0.134410,0.045607,0.478635
c3_r150m,grid,3,150.000000,6,1.000000,414,60,0.642675,0.758695,1296.486759,0.732333,0.000000,0.009778,0.001000,0.128689,0.038123,0.090566,0.712963,0.101826,0.150364,0.048537,0.767332
c3_r150m,grid,3,150.000000,6,1.000000,415,60,0.663164,0.541169,459.563588,0.898233,0.000000,0.002528,0.001000,0.207143,0.050847,0.156295,0.441640,0.127841,0.190049,0.062208,0.213004
c3_r150m,grid,3,150.000000,6,1.000000,413,60,0.895763,0.507705,648.010830,0.610032,0.000000,0.004250,0.001000,0.170213,0.039216,0.130997,0.525140,0.101767,0.159671,0.057904,0.368464
c3_r150m,grid,3,150.000000,6,1.000000,420,60,0.292358,0.338985,815.544146,0.187472,0.000000,0.005111,0.001000,0.108434,0.063380,0.045053,0.467167,0.023771,0.082619,0.058848,0.578540
c3_r150m,grid,3,150.000000,6,1.000000,417,60,0.574365,0.926648,428.444880,0.849592,0.000000,0.002750,0.001000,0.133333,0.035714,0.097619,0.918367,0.118493,0.152761,0.034268,0.845750
c3_r150m,grid,3,150.000000,6,1.000000,419,60,0.368536,0.924047,399.709358,0.728851,0.000000,0.002056,0.001379,0.100457,0.086957,0.013500,0.904959,0.075730,0.134965,0.059236,0.783911
c3_r150m,grid,3,150.000000,6,1.000000,424,60,0.543606,0.138750,382.053292,0.624309,0.000000,0.001694,0.001000,0.125000,0.036697,0.088303,0.155039,0.087491,0.135721,0.048230,0.279851
c3_r150m,grid,3,150.000000,6,1.000000,421,60,0.189005,0.787416,1591.638636,0.655492,0.000000,0.010917,0.003390,0.067847,0.048110,0.019737,0.823315,0.024712,0.068262,0.043551,0.754760
c3_r150m,grid,3,150.000000,6,1.000000,425,60,0.421607,0.806978,736.426781,0.824862,0.000000,0.005306,0.001000,0.145349,0.032787,0.112562,0.808777,0.070672,0.118892,0.048219,0.771662
c3_r150m,grid,3,150.000000,6,1.000000,418,60,0.172516,0.428628,2245.198612,0.704470,0.000000,0.015389,0.001000,0.130503,0.056463,0.074041,0.301994,0.036718,0.092129,0.055411,0.364131
c3_r150m,grid,3,150.000000,6,1.000000,422,60,0.164815,0.223346,793.808291,0.780898,0.000000,0.005194,0.001000,0.125000,0.049828,0.075172,0.224000,0.041412,0.087331,0.045920,0.240293
c3_r150m,grid,3,150.000000,6,1.000000,426,60,0.613993,0.595154,743.504115,0.294827,0.000000,0.003806,0.001000,0.120805,0.034483,0.086323,0.672686,0.108080,0.148444,0.040364,0.666768
c3_r150m,grid,3,150.000000,6,1.000000,428,60,0.644007,0.298914,615.112827,0.897243,0.000000,0.003194,0.001000,0.175325,0.067925,0.107400,0.367542,0.135020,0.194700,0.059680,0.412396
c3_r150m,grid,3,150.000000,6,1.000000,423,60,0.379624,0.764220,816.359420,0.474900,0.000000,0.004417,0.001000,0.085165,0.044554,0.040610,0.643110,0.064264,0.119017,0.054753,0.709589
c3_r150m,grid,3,150.000000,6,1.000000,429,60,0.138512,0.301040,341.697181,0.440965,0.000000,0.002694,0.001000,0.183673,0.070485,0.113189,0.301538,0.125111,0.169681,0.044570,0.300541
c3_r150m,grid,3,150.000000,6,1.000000,427,60,0.487655,0.260343,2611.059397,0.541978,0.000000,0.019111,0.001000,0.175041,0.057099,0.117942,0.240922,0.112462,0.168955,0.056493,0.203534
c3_r150m,grid,3,150.000000,6,1.000000,430,60,0.247017,0.642861,1067.759680,0.781360,0.000000,0.007583,0.001000,0.091640,0.042889,0.048750,0.584038,0.044857,0.088359,0.043502,0.626188
c3_r150m,grid,3,150.000000,6,1.000000,431,60,0.082418,0.209626,533.646185,0.352154,0.000000,0.003111,0.001000,0.089286,0.087912,0.001374,0.170213,0.027962,0.089349,0.061387,0.199644
c3_r150m,grid,3,150.000000,6,1.000000,433,60,0.843152,0.168664,869.924001,0.759503,0.000000,0.005389,0.001000,0.248366,0.036082,0.212284,0.208163,0.127970,0.171923,0.043953,0.226962
c3_r150m,grid,3,150.000000,6,1.000000,435,60,0.395242,0.473641,956.257780,0.877780,0.000000,0.005028,0.001000,0.083551,0.032070,0.051481,0.527548,0.051689,0.091292,0.039604,0.510545
c3_r150m,grid,3,150.000000,6,1.000000,432,60,0.355969,0.420684,354.084985,0.945194,0.000000,0.002472,0.003375,0.190000,0.079545,0.110455,0.362319,0.056765,0.115152,0.058387,0.287582
c3_r150m,grid,3,150.000000,6,1.000000,434,60,0.251056,0.563676,601.448612,0.928365,0.000000,0.002944,0.001000,0.075472,0.026667,0.048805,0.485126,0.040309,0.087953,0.047644,0.669592
c3_r150m,grid,3,150.000000,6,1.000000,442,60,0.497926,0.247331,383.755214,0.519293,0.000000,0.001528,0.001000,0.083333,0.034146,0.049187,0.189723,0.086391,0.146674,0.060283,0.256820
c3_r150m,grid,3,150.000000,6,1.000000,437,60,0.155914,0.617972,1026.128713,0.748495,0.000000,0.006917,0.003223,0.099656,0.045326,0.054331,0.622460,0.033851,0.080355,0.046504,0.607484
c3_r150m,grid,3,150.000000,6,1.000000,441,60,0.223649,0.166455,322.770369,0.680568,0.000000,0.001722,0.001000,0.054795,0.038278,0.016517,0.258865,0.015914,0.062153,0.046239,0.247034
c3_r150m,grid,3,150.000000,6,1.000000,446,60,0.441482,0.263895,828.185173,0.728625,0.000000,0.005500,0.001417,0.136150,0.046774,0.089376,0.255702,0.096157,0.138562,0.042404,0.315213
c3_r150m,grid,3,150.000000,6,1.000000,443,60,0.712620,0.558979,631.928797,0.804069,0.000000,0.004472,0.001000,0.133523,0.031034,0.102488,0.548287,0.120447,0.163901,0.043454,0.650840
c3_r150m,grid,3,150.000000,6,1.000000,436,60,0.391086,0.376737,1227.663483,0.374639,0.000000,0.008000,0.001000,0.129268,0.042735,0.086533,0.412060,0.079654,0.130311,0.050657,0.341692
c3_r150m,grid,3,150.000000,6,1.000000,438,60,0.361923,0.266923,2980.593575,0.486757,0.000000,0.023889,0.001000,0.169987,0.056776,0.113211,0.287405,0.086097,0.139416,0.053319,0.261769
c3_r150m,grid,3,150.000000,6,1.000000,440,60,0.520333,0.212979,2346.102098,0.823423,0.000000,0.018028,0.001000,0.142857,0.043021,0.099836,0.223460,0.103427,0.154038,0.050611,0.289317
c3_r150m,grid,3,150.000000,6,1.000000,439,60,0.138656,0.415484,1915.955088,0.711507,0.000000,0.013528,0.001000,0.090782,0.047836,0.042946,0.352189,0.043570,0.087192,0.043621,0.447173
c3_r150m,grid,3,150.000000,6,1.000000,445,60,0.669517,0.115966,559.860176,0.487794,0.000000,0.002833,0.001000,0.164557,0.040404,0.124153,0.210106,0.146040,0.198382,0.052342,0.193645
c3_r150m,grid,3,150.000000,6,1.000000,447,60,0.668612,0.302597,1890.822187,0.840313,0.000000,0.013194,0.001000,0.142857,0.049013,0.093844,0.196830,0.095763,0.146986,0.051223,0.247542
c3_r150m,grid,3,150.000000,6,1.000000,449,60,0.808347,0.885893,1049.182764,0.171758,0.000000,0.008306,0.001000,0.207012,0.052980,0.154032,0.798667,0.110188,0.161566,0.051377,0.790651
c3_r150m,grid,3,150.000000,6,1.000000,448,60,0.295345,0.184934,1027.957418,0.613816,0.000000,0.006417,0.001000,0.112903,0.046070,0.066833,0.201299,0.068820,0.115271,0.046451,0.159197
c3_r300m,grid,3,300.000000,6,1.000000,402,60,0.620453,0.883149,2869.175179,0.644173,0.000000,0.068000,0.078958,0.276994,0.111931,0.165063,0.864274,0.166462,0.286083,0.119621,0.694616
c3_r150m,grid,3,150.000000,6,1.000000,444,60,0.267209,0.338413,3131.152929,0.605204,0.000000,0.024361,0.001000,0.121934,0.054192,0.067741,0.414722,0.058565,0.118330,0.059765,0.432528
c3_r300m,grid,3,300.000000,6,1.000000,407,60,0.489482,0.680970,2367.384559,0.338133,0.000000,0.057472,0.087579,0.264407,0.119016,0.145391,0.718299,0.158803,0.288237,0.129434,0.629940
c3_r300m,grid,3,300.000000,6,1.000000,406,60,0.656899,0.785015,2778.446654,0.583232,0.000000,0.061667,0.077870,0.262281,0.121237,0.141044,0.785440,0.133473,0.262743,0.129269,0.706228
c3_r300m,grid,3,300.000000,6,1.000000,400,60,0.649721,0.942337,4749.968994,0.390505,0.000000,0.109000,0.190502,0.299416,0.127479,0.171937,0.920870,0.183635,0.292580,0.108945,0.907556
c3_r300m,grid,3,300.000000,6,1.000000,425,60,0.419138,0.228105,544.862101,0.821237,0.000000,0.008833,0.013270,0.278970,0.136364,0.142606,0.237513,0.124420,0.331316,0.206896,0.233961
c3_r300m,grid,3,300.000000,6,1.000000,403,60,0.764457,0.931664,3327.189211,0.540982,0.000000,0.083667,0.150878,0.306014,0.124615,0.181398,0.902300,0.187264,0.297103,0.109839,0.907508
c3_r300m,grid,3,300.000000,6,1.000000,423,60,0.139929,0.102087,376.363672,0.843031,0.000000,0.009333,0.035931,0.347222,0.259060,0.088162,0.088127,0.115559,0.316995,0.201436,0.072753
c3_r300m,grid,3,300.000000,6,1.000000,419,60,0.856630,0.930124,2436.211726,0.666878,0.000000,0.068611,0.162804,0.315288,0.121413,0.193875,0.915877,0.193821,0.299387,0.105566,0.865836
c3_r300m,grid,3,300.000000,6,1.000000,418,60,0.788974,0.904311,2640.751625,0.585414,0.000000,0.066417,0.102240,0.309687,0.089147,0.220540,0.903316,0.201959,0.304504,0.102545,0.883566
c3_r300m,grid,3,300.000000,6,1.000000,432,60,0.595099,0.165292,395.638755,0.818065,0.000000,0.008306,0.028367,0.327957,0.193093,0.134864,0.226002,0.134243,0.341073,0.206830,0.205973
c3_r300m,grid,3,300.000000,6,1.000000,422,60,0.729084,0.874933,3129.687054,0.493531,0.000000,0.074750,0.109425,0.283533,0.130238,0.153295,0.860241,0.169319,0.280977,0.111658,0.908715
c3_r300m,grid,3,300.000000,6,1.000000,435,60,0.184118,0.171511,242.059040,0.963678,0.000000,0.004944,0.028600,0.313253,0.269006,0.044247,0.195294,0.094162,0.321385,0.227223,0.137052
c3_r300m,grid,3,300.000000,6,1.000000,424,60,0.567949,0.888613,3206.000319,0.297968,0.000000,0.074333,0.080932,0.278105,0.107843,0.170262,0.886828,0.168307,0.279563,0.111256,0.825399
c3_r300m,grid,3,300.000000,6,1.000000,417,60,0.776762,0.892708,4043.718544,0.745740,0.000000,0.099444,0.186118,0.296751,0.106711,0.190040,0.890824,0.196040,0.303719,0.107678,0.902036
c3_r300m,grid,3,300.000000,6,1.000000,430,60,0.711592,0.892338,2284.121963,0.685446,0.000000,0.060556,0.106168,0.288132,0.095915,0.192217,0.889889,0.169055,0.274902,0.105847,0.762506
c3_r300m,grid,3,300.000000,6,1.000000,434,60,0.397433,0.859969,1812.475416,0.357626,0.000000,0.041444,0.059899,0.260966,0.080491,0.180475,0.811034,0.175734,0.280327,0.104592,0.633085
c3_r300m,grid,3,300.000000,6,1.000000,431,60,0.439969,0.857811,2253.809347,0.415495,0.000000,0.056083,0.083229,0.260736,0.086093,0.174643,0.848788,0.161141,0.269397,0.108256,0.890745
c3_r300m,grid,3,300.000000,6,1.000000,414,60,0.890731,0.928437,4703.315138,0.497837,0.000000,0.111750,0.236700,0.329111,0.111695,0.217416,0.912074,0.199435,0.318511,0.119076,0.891838
c3_r300m,grid,3,300.000000,6,1.000000,404,60,0.907287,0.904468,4218.632682,0.855350,0.000000,0.103361,0.207265,0.316709,0.093154,0.223555,0.893802,0.195740,0.311624,0.115884,0.891953
c3_r300m,grid,3,300.000000,6,1.000000,439,60,0.837564,0.906642,4623.095607,0.864492,0.000000,0.110028,0.213496,0.315425,0.114198,0.201228,0.891031,0.191690,0.298231,0.106541,0.843099
c3_r300m,grid,3,300.000000,6,1.000000,408,60,0.937930,0.947576,5088.514208,0.700856,0.000000,0.116028,0.199598,0.317786,0.105426,0.212360,0.930376,0.199558,0.312724,0.113166,0.905566
c3_r300m,grid,3,300.000000,6,1.000000,401,60,0.906861,0.860902,4981.063122,0.877364,0.000000,0.106972,0.139934,0.298972,0.108571,0.190400,0.845866,0.194372,0.310931,0.116559,0.881367
c3_r300m,grid,3,300.000000,6,1.000000,444,60,0.516791,0.659955,1382.535400,0.248267,0.000000,0.033778,0.062373,0.303864,0.136519,0.167346,0.682442,0.156549,0.287498,0.130949,0.582292
c3_r300m,grid,3,300.000000,6,1.000000,412,60,0.906998,0.928713,5212.631965,0.810051,0.000000,0.115806,0.194525,0.321642,0.087563,0.234078,0.914068,0.211108,0.313089,0.101981,0.903030
c3_r300m,grid,3,300.000000,6,1.000000,415,60,0.918815,0.900062,4894.311890,0.669507,0.000000,0.110917,0.210164,0.328737,0.111708,0.217030,0.893770,0.200389,0.318198,0.117809,0.900961
c3_r300m,grid,3,300.000000,6,1.000000,405,60,0.903636,0.913215,5188.266099,0.811647,0.000000,0.117306,0.218396,0.317299,0.115310,0.201989,0.891047,0.193509,0.312582,0.119073,0.861115
c3_r300m,grid,3,300.000000,6,1.000000,409,60,0.851912,0.916668,4418.758649,0.553944,0.000000,0.103083,0.175556,0.322198,0.122191,0.200007,0.911509,0.203670,0.322324,0.118654,0.907916
c3_r300m,grid,3,300.000000,6,1.000000,410,60,0.893332,0.910996,5048.173800,0.793143,0.000000,0.112778,0.198201,0.325019,0.106127,0.218892,0.897671,0.200683,0.317158,0.116475,0.891529
c3_r300m,grid,3,300.000000,6,1.000000,427,60,0.842074,0.910245,5215.149641,0.535756,0.000000,0.109056,0.170834,0.317067,0.110142,0.206925,0.895140,0.200156,0.313032,0.112876,0.914276
c3_r300m,grid,3,300.000000,6,1.000000,416,60,0.893224,0.907961,4709.977129,0.753477,0.000000,0.115972,0.255585,0.326960,0.101695,0.225265,0.898056,0.202892,0.315285,0.112393,0.897809
c3_r300m,grid,3,300.000000,6,1.000000,440,60,0.841582,0.905124,4541.731460,0.482730,0.000000,0.108528,0.220867,0.324192,0.110262,0.213930,0.891777,0.198980,0.304717,0.105737,0.880147
c3_r300m,grid,3,300.000000,6,1.000000,420,60,0.897369,0.930139,4816.949057,0.838515,0.000000,0.109722,0.162343,0.319011,0.128700,0.190311,0.910350,0.199467,0.315636,0.116169,0.901220
c3_r300m,grid,3,300.000000,6,1.000000,442,60,0.873200,0.930615,3816.670718,0.592189,0.000000,0.102917,0.244657,0.335107,0.141745,0.193363,0.917513,0.198644,0.304921,0.106278,0.885485
c3_r300m,grid,3,300.000000,6,1.000000,433,60,0.862143,0.936016,5112.826459,0.663085,0.000000,0.121806,0.249853,0.331558,0.114899,0.216659,0.916013,0.211259,0.321300,0.110041,0.925465
c3_r300m,grid,3,300.000000,6,1.000000,411,60,0.766991,0.912558,4870.993758,0.605376,0.000000,0.110167,0.193684,0.313472,0.124260,0.189212,0.904162,0.196282,0.311204,0.114921,0.919498
c3_r300m,grid,3,300.000000,6,1.000000,438,60,0.748946,0.880548,5390.678670,0.755783,0.000000,0.115083,0.207842,0.300573,0.098333,0.202239,0.877011,0.195827,0.308525,0.112698,0.909544
c3_r300m,grid,3,300.000000,6,1.000000,437,60,0.896553,0.857126,5114.302122,0.658897,0.000000,0.115222,0.225363,0.338791,0.130988,0.207803,0.853074,0.204198,0.320875,0.116677,0.878877
c3_r300m,grid,3,300.000000,6,1.000000,426,60,0.894594,0.917407,5070.580370,0.691732,0.000000,0.118806,0.258106,0.324194,0.117580,0.206614,0.906550,0.197310,0.313111,0.115801,0.899155
c3_r300m,grid,3,300.000000,6,1.000000,413,60,0.870678,0.945591,4888.072723,0.707582,0.000000,0.106250,0.147838,0.303482,0.101777,0.201705,0.928048,0.206519,0.311597,0.105078,0.928133
c3_r300m,grid,3,300.000000,6,1.000000,428,60,0.880511,0.887178,5499.508398,0.519783,0.000000,0.121361,0.231450,0.321084,0.124265,0.196819,0.878345,0.191239,0.318260,0.127021,0.903250
c3_r300m,grid,3,300.000000,6,1.000000,421,60,0.910134,0.929385,5444.675472,0.658978,0.000000,0.119194,0.235572,0.316934,0.115778,0.201156,0.908429,0.201775,0.319609,0.117833,0.904371
c3_r300m,grid,3,300.000000,6,1.000000,436,60,0.819900,0.928594,4859.300393,0.823530,0.000000,0.103417,0.141654,0.294563,0.106322,0.188241,0.919286,0.204036,0.314841,0.110805,0.911325
c3_r300m,grid,3,300.000000,6,1.000000,429,60,0.892947,0.952738,4925.611616,0.615601,0.000000,0.117194,0.252503,0.324672,0.116904,0.207769,0.931023,0.201054,0.320805,0.119751,0.920598
c3_r300m,grid,3,300.000000,6,1.000000,449,60,0.710416,0.893813,2966.710820,0.615006,0.000000,0.079806,0.163674,0.313673,0.121005,0.192669,0.865685,0.182136,0.297049,0.114913,0.815803
c3_r300m,grid,3,300.000000,6,1.000000,445,60,0.905486,0.914393,4376.445617,0.781290,0.000000,0.107139,0.201033,0.318744,0.109966,0.208779,0.897895,0.202653,0.319913,0.117260,0.895717
c3_r300m,grid,3,300.000000,6,1.000000,441,60,0.893655,0.879277,4296.317294,0.830644,0.000000,0.097194,0.133577,0.286359,0.113142,0.173217,0.864265,0.191947,0.307340,0.115392,0.886553
c3_r300m,grid,3,300.000000,6,1.000000,443,60,0.845322,0.917682,5063.399956,0.409216,0.000000,0.112083,0.182837,0.321388,0.111745,0.209644,0.900680,0.210922,0.325290,0.114368,0.921277
c3_r300m,grid,3,300.000000,6,1.000000,447,60,0.877857,0.917290,5528.272561,0.688031,0.000000,0.117389,0.168227,0.304997,0.124378,0.180618,0.895866,0.208449,0.319907,0.111458,0.908899
c3_r300m,grid,3,300.000000,6,1.000000,448,60,0.880031,0.892275,4811.383801,0.535589,0.000000,0.107361,0.180583,0.313137,0.097059,0.216078,0.882461,0.209589,0.316900,0.107311,0.901134
c3_r300m,grid,3,300.000000,6,1.000000,446,60,0.735338,0.917895,4988.651971,0.839043,0.000000,0.116861,0.241862,0.309223,0.135428,0.173796,0.903492,0.184522,0.302153,0.117631,0.910253
c4_r15m,grid,4,15.000000,6,1.000000,400,60,0.362109,0.260629,4286.090336,0.693326,0.000000,0.003583,0.001000,0.000000,0.045455,-0.045455,0.083333,0.028788,0.050000,0.021212,0.195119
c4_r15m,grid,4,15.000000,6,1.000000,401,60,0.521013,0.177012,1704.642196,0.604243,0.000000,0.001389,0.001000,0.000000,0.000000,0.000000,0.000000,-0.022500,0.000000,0.022500,0.009091
c4_r15m,grid,4,15.000000,6,1.000000,402,60,0.382926,0.254889,2151.558473,0.557441,0.000000,0.001833,0.001000,0.000000,0.000000,0.000000,0.142857,0.079798,0.100000,0.020202,0.250900
c4_r15m,grid,4,15.000000,6,1.000000,403,60,0.398234,0.349096,3574.573658,0.727403,0.000000,0.002833,0.001000,0.000000,0.000000,0.000000,0.000000,0.029167,0.029167,0.000000,0.241212
c4_r15m,grid,4,15.000000,6,1.000000,404,60,0.281181,0.166663,1866.899888,0.561216,0.000000,0.001139,0.001000,0.000000,0.000000,0.000000,0.000000,0.016667,0.016667,0.000000,0.031579
c4_r15m,grid,4,15.000000,6,1.000000,405,60,0.272258,0.343949,1493.956184,0.397630,0.000000,0.001139,0.001000,0.000000,0.000000,0.000000,0.000000,0.000000,0.000000,0.000000,0.117133
c4_r15m,grid,4,15.000000,6,1.000000,406,60,0.530597,0.521695,1209.821420,0.722035,0.000000,0.000667,0.001000,0.000000,0.000000,0.000000,0.000000,0.000000,0.000000,0.000000,0.200000
c3_r600m,grid,3,600.000000,6,1.000000,408,60,0.780980,0.800403,4866.789534,0.617825,0.000000,0.234389,1.635639,0.505970,0.251712,0.254258,0.786629,0.248581,0.492799,0.244218,0.777906
c4_r15m,grid,4,15.000000,6,1.000000,407,60,0.327077,0.271177,1792.345262,0.668325,0.000000,0.001722,0.001000,0.000000,0.000000,0.000000,0.000000,0.000000,0.000000,0.000000,0.108874
c3_r600m,grid,3,600.000000,6,1.000000,401,60,0.845978,0.817183,4974.471129,0.610976,0.000000,0.235167,1.612278,0.511717,0.234195,0.277521,0.805396,0.265134,0.513914,0.248781,0.822957
c4_r15m,grid,4,15.000000,6,1.000000,408,60,0.414596,0.460949,1743.872094,0.418894,0.000000,0.001306,0.001000,0.000000,0.000000,0.000000,0.750000,0.000000,0.000000,0.000000,0.248214
c4_r15m,grid,4,15.000000,6,1.000000,409,60,0.307073,0.319709,1671.805546,0.763625,0.000000,0.001417,0.001000,0.000000,0.076923,-0.076923,0.277778,0.014530,0.050000,0.035470,0.076641
c3_r600m,grid,3,600.000000,6,1.000000,409,60,0.842587,0.912649,5237.462136,0.699069,0.000000,0.257667,1.851255,0.503355,0.225033,0.278321,0.901275,0.260159,0.499370,0.239210,0.894906
c4_r15m,grid,4,15.000000,6,1.000000,410,60,0.308961,0.285955,1837.752706,0.707305,0.000000,0.001278,0.001000,0.000000,0.000000,0.000000,0.000000,0.000000,0.000000,0.000000,0.102828
c3_r600m,grid,3,600.000000,6,1.000000,407,60,0.900723,0.912657,5264.453557,0.808651,0.000000,0.255583,1.824228,0.508021,0.239256,0.268765,0.896226,0.271081,0.506598,0.235518,0.870109
c3_r600m,grid,3,600.000000,6,1.000000,400,60,0.873683,0.905038,5010.624706,0.569822,0.000000,0.245528,1.728177,0.498701,0.229032,0.269668,0.894068,0.262148,0.506118,0.243970,0.888393
c3_r600m,grid,3,600.000000,6,1.000000,406,60,0.741158,0.864872,4939.491550,0.781330,0.000000,0.237667,1.650076,0.491082,0.229811,0.261271,0.852284,0.250035,0.498006,0.247971,0.838797
c4_r15m,grid,4,15.000000,6,1.000000,411,60,0.425074,0.464538,2480.091876,0.551491,0.000000,0.001917,0.001000,0.000000,0.000000,0.000000,0.000000,0.025000,0.025000,0.000000,0.423000
c3_r600m,grid,3,600.000000,6,1.000000,412,60,0.732888,0.794231,5535.771554,0.451211,0.000000,0.240750,1.614457,0.489854,0.237003,0.252851,0.784116,0.255402,0.497935,0.242533,0.837937
c4_r15m,grid,4,15.000000,6,1.000000,412,60,0.405372,0.196717,3027.213639,0.626460,0.000000,0.002806,0.001000,0.000000,0.000000,0.000000,0.000000,-0.025000,0.000000,0.025000,0.110162
c3_r600m,grid,3,600.000000,6,1.000000,404,60,0.873117,0.822462,4283.620938,0.695468,0.000000,0.218444,1.519486,0.497175,0.228604,0.268571,0.808815,0.269588,0.511628,0.242040,0.834866
c3_r600m,grid,3,600.000000,6,1.000000,402,60,0.875359,0.880015,4679.621842,0.603384,0.000000,0.242389,1.748010,0.517332,0.231688,0.285644,0.863465,0.262694,0.506996,0.244302,0.858958
c3_r600m,grid,3,600.000000,6,1.000000,411,60,0.805266,0.815924,5047.734723,0.687151,0.000000,0.238000,1.659574,0.505609,0.249109,0.256500,0.806256,0.263549,0.505947,0.242398,0.813924
c3_r600m,grid,3,600.000000,6,1.000000,403,60,0.753539,0.860264,5323.243635,0.670326,0.000000,0.243472,1.676643,0.495403,0.254927,0.240476,0.842754,0.255051,0.502230,0.247179,0.858235
c3_r600m,grid,3,600.000000,6,1.000000,415,60,0.790897,0.839756,4841.586069,0.651363,0.000000,0.239583,1.696459,0.494828,0.254870,0.239957,0.831740,0.259771,0.506468,0.246697,0.840107
c3_r600m,grid,3,600.000000,6,1.000000,405,60,0.831425,0.857026,5548.169979,0.326508,0.000000,0.248389,1.701450,0.492775,0.248080,0.244695,0.853298,0.243847,0.496129,0.252281,0.846640
c3_r600m,grid,3,600.000000,6,1.000000,413,60,0.896864,0.855285,5293.280141,0.749634,0.000000,0.257917,1.848702,0.519634,0.237517,0.282117,0.854096,0.272894,0.508523,0.235629,0.838139
c3_r600m,grid,3,600.000000,6,1.000000,410,60,0.816385,0.847818,5291.982753,0.544781,0.000000,0.239806,1.631780,0.486184,0.229655,0.256529,0.842155,0.257532,0.501315,0.243783,0.822543
c3_r600m,grid,3,600.000000,6,1.000000,418,60,0.779238,0.931546,5285.782778,0.657278,0.000000,0.258611,1.866272,0.501681,0.231698,0.269983,0.918353,0.268700,0.503795,0.235095,0.846380
c3_r600m,grid,3,600.000000,6,1.000000,420,60,0.785399,0.861351,4978.372168,0.734550,0.000000,0.243056,1.714239,0.508315,0.243913,0.264402,0.847508,0.265508,0.506211,0.240703,0.847782
c3_r600m,grid,3,600.000000,6,1.000000,416,60,0.766987,0.801265,5400.015196,0.560350,0.000000,0.246917,1.712719,0.496763,0.244423,0.252339,0.793097,0.262825,0.505990,0.243164,0.841649
c3_r600m,grid,3,600.000000,6,1.000000,417,60,0.730897,0.882653,4763.613107,0.559461,0.000000,0.234583,1.642079,0.484232,0.253739,0.230493,0.869692,0.250527,0.500636,0.250109,0.854125
c3_r600m,grid,3,600.000000,6,1.000000,425,60,0.789323,0.863436,5102.455988,0.629163,0.000000,0.245917,1.732308,0.495939,0.243837,0.252102,0.851613,0.246169,0.495848,0.249679,0.858783
c3_r600m,grid,3,600.000000,6,1.000000,414,60,0.761050,0.847115,5258.597312,0.632272,0.000000,0.243139,1.676422,0.495048,0.240671,0.254377,0.839987,0.265980,0.509017,0.243038,0.864992
c4_r15m,grid,4,15.000000,6,1.000000,413,60,0.323138,0.503626,1826.018198,0.564365,0.000000,0.001556,0.001000,0.000000,0.000000,0.000000,0.000000,0.000000,0.000000,0.000000,0.095000
c3_r600m,grid,3,600.000000,6,1.000000,421,60,0.817351,0.863941,4845.818019,0.533422,0.000000,0.243556,1.743613,0.519858,0.246384,0.273474,0.857711,0.259906,0.506911,0.247006,0.886849
c3_r600m,grid,3,600.000000,6,1.000000,422,60,0.833032,0.866348,4687.689367,0.539152,0.000000,0.233694,1.640843,0.498814,0.255435,0.243379,0.853651,0.256009,0.505774,0.249765,0.850899
c3_r600m,grid,3,600.000000,6,1.000000,419,60,0.891086,0.872614,5198.135243,0.579651,0.000000,0.250806,1.767918,0.493766,0.268782,0.224984,0.859161,0.257941,0.508908,0.250967,0.844956
c3_r600m,grid,3,600.000000,6,1.000000,424,60,0.746585,0.853951,5327.588714,0.408575,0.000000,0.247389,1.734782,0.500717,0.252906,0.247811,0.853743,0.244775,0.498983,0.254208,0.874053
c3_r600m,grid,3,600.000000,6,1.000000,423,60,0.813863,0.855411,5403.951189,0.681516,0.000000,0.250917,1.752855,0.499146,0.265990,0.233156,0.850373,0.268859,0.509146,0.240287,0.870196
c3_r600m,grid,3,600.000000,6,1.000000,430,60,0.837536,0.742475,4822.866892,0.621697,0.000000,0.235139,1.638386,0.507289,0.252523,0.254766,0.738356,0.266414,0.515100,0.248687,0.788587
c3_r600m,grid,3,600.000000,6,1.000000,427,60,0.790975,0.934669,5206.030586,0.343885,0.000000,0.247444,1.740497,0.505744,0.253390,0.252355,0.914499,0.243834,0.494966,0.251133,0.894901
c3_r600m,grid,3,600.000000,6,1.000000,429,60,0.717425,0.816540,5072.787483,0.660395,0.000000,0.241139,1.680482,0.497800,0.257882,0.239918,0.810129,0.253411,0.498399,0.244988,0.856985
c3_r600m,grid,3,600.000000,6,1.000000,432,60,0.775275,0.890927,5297.013395,0.599836,0.000000,0.256250,1.838708,0.518567,0.249284,0.269283,0.881927,0.246743,0.497163,0.250420,0.876487
c3_r600m,grid,3,600.000000,6,1.000000,426,60,0.816423,0.870804,5182.731341,0.555362,0.000000,0.253806,1.818581,0.504491,0.252595,0.251896,0.866566,0.246839,0.497695,0.250855,0.842333
c3_r600m,grid,3,600.000000,6,1.000000,431,60,0.830552,0.889973,5264.316136,0.726546,0.000000,0.250500,1.761925,0.494109,0.213981,0.280128,0.877388,0.268616,0.514129,0.245513,0.874106
c3_r600m,grid,3,600.000000,6,1.000000,439,60,0.825755,0.822065,5154.244965,0.475674,0.000000,0.238583,1.642588,0.514952,0.237565,0.277387,0.823240,0.255860,0.504171,0.248311,0.825615
c3_r600m,grid,3,600.000000,6,1.000000,428,60,0.726082,0.910308,5181.237541,0.595808,0.000000,0.244222,1.702147,0.488765,0.245211,0.243554,0.894389,0.251229,0.498813,0.247584,0.878921
c3_r600m,grid,3,600.000000,6,1.000000,433,60,0.820105,0.875130,5157.493429,0.865016,0.000000,0.262750,1.928561,0.524668,0.236675,0.287993,0.866879,0.264531,0.507700,0.243169,0.890962
c3_r600m,grid,3,600.000000,6,1.000000,434,60,0.836191,0.846045,4854.122651,0.809169,0.000000,0.230806,1.600318,0.494378,0.236507,0.257871,0.839473,0.255468,0.503468,0.248000,0.852891
c4_r15m,grid,4,15.000000,6,1.000000,414,60,0.350402,0.438840,2853.384417,0.558162,0.000000,0.002500,0.001000,0.000000,0.000000,0.000000,0.000000,0.000000,0.000000,0.000000,0.349773
c3_r600m,grid,3,600.000000,6,1.000000,435,60,0.824782,0.863273,5512.972274,0.572884,0.000000,0.254750,1.790517,0.512555,0.263661,0.248893,0.853795,0.251183,0.504824,0.253641,0.870295
c3_r600m,grid,3,600.000000,6,1.000000,445,60,0.709534,0.868506,4794.975823,0.851023,0.000000,0.232611,1.622234,0.496509,0.240389,0.256119,0.854100,0.246223,0.489315,0.243092,0.844407
c4_r15m,grid,4,15.000000,6,1.000000,415,60,0.385751,0.257210,4191.830618,0.456068,0.000000,0.003556,0.001000,0.000000,0.000000,0.000000,0.000000,-0.022222,0.000000,0.022222,0.076667
c3_r600m,grid,3,600.000000,6,1.000000,442,60,0.876812,0.912152,5142.195148,0.677691,0.000000,0.256139,1.844391,0.515514,0.242813,0.272701,0.890364,0.257940,0.504821,0.246881,0.880934
c3_r600m,grid,3,600.000000,6,1.000000,441,60,0.742496,0.884575,5460.464799,0.622621,0.000000,0.256861,1.820981,0.508302,0.252119,0.256183,0.875281,0.248627,0.497699,0.249071,0.850291
c4_r15m,grid,4,15.000000,6,1.000000,417,60,0.363365,0.517502,2216.655721,0.624681,0.000000,0.001694,0.001000,0.000000,0.000000,0.000000,0.600000,0.050000,0.050000,0.000000,0.155455
c4_r15m,grid,4,15.000000,6,1.000000,416,60,0.182449,0.322296,1651.139830,0.378190,0.000000,0.001278,0.001000,0.000000,0.000000,0.000000,0.000000,0.000000,0.000000,0.000000,0.046667
c3_r600m,grid,3,600.000000,6,1.000000,437,60,0.751551,0.858817,5216.694547,0.536794,0.000000,0.245000,1.709792,0.491073,0.249249,0.241824,0.845639,0.249092,0.488522,0.239430,0.851997
c3_r600m,grid,3,600.000000,6,1.000000,444,60,0.785067,0.850158,5220.245955,0.427109,0.000000,0.250806,1.776515,0.510657,0.264184,0.246474,0.842368,0.261823,0.512578,0.250754,0.860941
c3_r600m,grid,3,600.000000,6,1.000000,448,60,0.849356,0.837195,5121.326172,0.465088,0.000000,0.233139,1.589294,0.502882,0.231603,0.271278,0.818259,0.257138,0.497780,0.240642,0.837582
c3_r600m,grid,3,600.000000,6,1.000000,443,60,0.847260,0.890815,5112.328580,0.747165,0.000000,0.255583,1.843316,0.502234,0.241564,0.260670,0.877918,0.265164,0.507973,0.242809,0.858942
c3_r600m,grid,3,600.000000,6,1.000000,440,60,0.889703,0.851547,5250.031806,0.395767,0.000000,0.250667,1.768240,0.511652,0.239644,0.272008,0.848495,0.272435,0.515976,0.243540,0.867495
c3_r600m,grid,3,600.000000,6,1.000000,447,60,0.869033,0.900014,4794.006758,0.664078,0.000000,0.243722,1.744862,0.519405,0.231297,0.288108,0.886867,0.265998,0.515241,0.249243,0.876757
c3_r600m,grid,3,600.000000,6,1.000000,446,60,0.808790,0.891926,5350.724736,0.860587,0.000000,0.255028,1.807242,0.504058,0.260513,0.243544,0.879054,0.258192,0.504262,0.246070,0.853446
c3_r600m,grid,3,600.000000,6,1.000000,438,60,0.872626,0.871123,5199.311099,0.523178,0.000000,0.255722,1.831753,0.517241,0.232830,0.284411,0.863015,0.271481,0.514105,0.242624,0.873883
c3_r600m,grid,3,600.000000,6,1.000000,449,60,0.856347,0.814334,5184.922683,0.665342,0.000000,0.253694,1.812384,0.522526,0.245081,0.277445,0.809608,0.257221,0.502659,0.245438,0.849237
c3_r600m,grid,3,600.000000,6,1.000000,436,60,0.880658,0.869472,5113.585065,0.476063,0.000000,0.247750,1.757729,0.519148,0.244053,0.275095,0.854038,0.272230,0.519188,0.246959,0.853910
c4_r15m,grid,4,15.000000,6,1.000000,418,60,0.449854,0.330667,3323.938661,0.658485,0.000000,0.003250,0.001000,0.000000,0.000000,0.000000,0.000000,0.045192,0.045192,0.000000,0.273188
c4_r15m,grid,4,15.000000,6,1.000000,419,60,0.282176,0.253297,2016.364543,0.609324,0.000000,0.001444,0.001000,0.000000,0.000000,0.000000,0.000000,0.075000,0.100000,0.025000,0.086667
c4_r15m,grid,4,15.000000,6,1.000000,420,60,0.302611,0.535085,3148.113956,0.631604,0.000000,0.003111,0.001000,0.000000,0.000000,0.000000,0.800000,0.003968,0.018254,0.014286,0.424228
c4_r15m,grid,4,15.000000,6,1.000000,421,60,0.597142,0.360517,2404.936640,0.653803,0.000000,0.001861,0.001000,0.000000,0.000000,0.000000,0.000000,0.016667,0.016667,0.000000,0.178039
c4_r15m,grid,4,15.000000,6,1.000000,422,60,0.232311,0.505035,3835.736138,0.727075,0.000000,0.003000,0.001000,0.000000,0.000000,0.000000,0.000000,0.038889,0.050000,0.011111,0.282273
c4_r15m,grid,4,15.000000,6,1.000000,423,60,0.297612,0.280655,4801.789826,0.225768,0.000000,0.003278,0.001000,0.000000,0.000000,0.000000,0.000000,-0.005263,0.000000,0.005263,0.080303
c4_r15m,grid,4,15.000000,6,1.000000,426,60,0.303876,0.265237,2988.717334,0.698930,0.000000,0.002444,0.001000,0.000000,0.000000,0.000000,0.333333,0.118077,0.123077,0.005000,0.174639
c4_r15m,grid,4,15.000000,6,1.000000,427,60,0.393587,0.311340,1176.566420,0.363326,0.000000,0.000583,0.001000,0.000000,0.000000,0.000000,0.000000,-0.011111,0.000000,0.011111,0.078571
c4_r15m,grid,4,15.000000,6,1.000000,424,60,0.231187,0.314801,3027.432822,0.652723,0.000000,0.002361,0.001000,0.000000,0.000000,0.000000,0.000000,0.015909,0.025000,0.009091,0.342386
c4_r15m,grid,4,15.000000,6,1.000000,425,60,0.256776,0.198915,3557.721058,0.786122,0.000000,0.002972,0.001000,0.000000,0.000000,0.000000,0.142857,-0.005000,0.000000,0.005000,0.133671
c4_r15m,grid,4,15.000000,6,1.000000,429,60,0.292418,0.384344,2393.882763,0.451304,0.000000,0.001694,0.001000,0.000000,0.500000,-0.500000,0.800000,-0.007143,0.042857,0.050000,0.277273
c4_r15m,grid,4,15.000000,6,1.000000,428,60,0.386521,0.554240,2308.018789,0.460776,0.000000,0.001833,0.001000,0.000000,0.000000,0.000000,0.833333,0.009091,0.009091,0.000000,0.253333
c4_r15m,grid,4,15.000000,6,1.000000,430,60,0.248904,0.217234,2479.735214,0.351456,0.000000,0.001972,0.001000,0.000000,0.000000,0.000000,0.000000,0.020000,0.020000,0.000000,0.054444
c4_r15m,grid,4,15.000000,6,1.000000,433,60,0.276352,0.265153,2643.914683,0.554124,0.000000,0.002250,0.001000,0.000000,0.000000,0.000000,0.000000,-0.011111,0.000000,0.011111,0.090000
c4_r15m,grid,4,15.000000,6,1.000000,434,60,0.497904,0.253938,3126.109061,0.685224,0.000000,0.002472,0.001000,0.000000,0.000000,0.000000,0.000000,0.035714,0.050000,0.014286,0.177758
c4_r15m,grid,4,15.000000,6,1.000000,431,60,0.457778,0.341308,2423.602820,0.693813,0.000000,0.001833,0.001000,0.000000,0.000000,0.000000,0.000000,0.000000,0.000000,0.000000,0.143419
c4_r15m,grid,4,15.000000,6,1.000000,432,60,0.483303,0.344889,3290.136413,0.663268,0.000000,0.002778,0.001000,0.000000,0.000000,0.000000,0.500000,0.043333,0.043333,0.000000,0.360596
c4_r15m,grid,4,15.000000,6,1.000000,435,60,0.627041,0.315832,3229.735081,0.551548,0.000000,0.002750,0.001000,0.000000,0.000000,0.000000,0.000000,0.010000,0.010000,0.000000,0.129481
c4_r15m,grid,4,15.000000,6,1.000000,436,60,0.351704,0.329022,3138.204348,0.494167,0.000000,0.002583,0.001000,0.000000,0.000000,0.000000,0.529412,-0.010000,0.000000,0.010000,0.258289
c4_r15m,grid,4,15.000000,6,1.000000,437,60,0.356332,0.430237,2593.590377,0.504472,0.000000,0.002083,0.001000,0.000000,0.000000,0.000000,0.200000,0.000000,0.000000,0.000000,0.309286
c4_r15m,grid,4,15.000000,6,1.000000,438,60,0.360735,0.291979,3131.086095,0.806162,0.000000,0.002556,0.001000,0.000000,0.000000,0.000000,0.000000,0.000000,0.000000,0.000000,0.215000
c4_r15m,grid,4,15.000000,6,1.000000,440,60,0.391502,0.208291,1849.870720,0.763845,0.000000,0.001639,0.001000,0.000000,0.000000,0.000000,0.166667,0.000000,0.000000,0.000000,0.171581
c4_r15m,grid,4,15.000000,6,1.000000,439,60,0.586340,0.340970,2075.537043,0.458620,0.000000,0.001528,0.001000,0.000000,0.000000,0.000000,0.000000,0.014286,0.014286,0.000000,0.120996
c4_r15m,grid,4,15.000000,6,1.000000,442,60,0.496697,0.364883,3106.912843,0.451017,0.000000,0.002417,0.001000,0.000000,0.000000,0.000000,0.357143,0.000000,0.011111,0.011111,0.248379
c4_r15m,grid,4,15.000000,6,1.000000,441,60,0.336870,0.463373,3581.488508,0.450657,0.000000,0.003278,0.001000,0.000000,0.000000,0.000000,0.000000,0.000000,0.000000,0.000000,0.455159
c4_r15m,grid,4,15.000000,6,1.000000,443,60,0.339774,0.194814,2562.050607,0.605786,0.000000,0.002139,0.001000,0.000000,0.000000,0.000000,0.272727,0.047619,0.047619,0.000000,0.293173
c4_r15m,grid,4,15.000000,6,1.000000,446,60,0.411209,0.589260,2274.989297,0.619765,0.000000,0.001889,0.001000,0.000000,0.000000,0.000000,0.000000,0.014286,0.014286,0.000000,0.248319
c4_r15m,grid,4,15.000000,6,1.000000,444,60,0.209621,0.476612,2775.310930,0.677084,0.000000,0.002528,0.001000,0.000000,0.000000,0.000000,0.250000,-0.012500,0.000000,0.012500,0.482703
c4_r15m,grid,4,15.000000,6,1.000000,445,60,0.331703,0.506320,1970.491889,0.599699,0.000000,0.001611,0.001000,0.000000,0.000000,0.000000,0.000000,0.000000,0.000000,0.000000,0.211364
c4_r15m,grid,4,15.000000,6,1.000000,447,60,0.311447,0.719103,2666.141679,0.715706,0.000000,0.002278,0.001000,0.000000,0.000000,0.000000,0.000000,0.000000,0.000000,0.000000,0.459602
c4_r15m,grid,4,15.000000,6,1.000000,448,60,0.433979,0.393941,2527.980235,0.306761,0.000000,0.002056,0.001000,0.000000,0.000000,0.000000,0.500000,0.000000,0.000000,0.000000,0.085000
c4_r15m,grid,4,15.000000,6,1.000000,449,60,0.402863,0.683591,714.862527,0.374747,0.000000,0.000361,0.001000,0.000000,0.000000,0.000000,0.000000,0.000000,0.000000,0.000000,0.022222
c4_r37.5m,grid,4,37.500000,6,1.000000,401,60,0.328384,0.417701,2110.871602,0.375510,0.000000,0.004361,0.001000,0.043478,0.000000,0.043478,0.380165,0.053161,0.065570,0.012409,0.498846
c4_r37.5m,grid,4,37.500000,6,1.000000,400,60,0.301154,0.348772,2750.249755,0.701397,0.000000,0.005917,0.001000,0.097345,0.024194,0.073152,0.476793,0.025768,0.050331,0.024562,0.301797
c4_r37.5m,grid,4,37.500000,6,1.000000,402,60,0.545618,0.474680,2743.024925,0.556813,0.000000,0.005722,0.001000,0.078014,0.000000,0.078014,0.661972,0.037649,0.058889,0.021240,0.510511
c4_r37.5m,grid,4,37.500000,6,1.000000,405,60,0.189125,0.516333,2880.534029,0.870670,0.000000,0.006306,0.001000,0.037838,0.062500,-0.024662,0.591054,0.021889,0.046551,0.024662,0.479494
c4_r37.5m,grid,4,37.500000,6,1.000000,403,60,0.484629,0.355638,3468.702483,0.780695,0.000000,0.006889,0.001000,0.090909,0.026738,0.064171,0.227273,0.041218,0.063120,0.021902,0.257106
c4_r37.5m,grid,4,37.500000,6,1.000000,404,60,0.374411,0.665087,1676.728166,0.664336,0.000000,0.003500,0.001000,0.028571,0.000000,0.028571,0.673077,0.042864,0.059004,0.016140,0.552620
c4_r37.5m,grid,4,37.500000,6,1.000000,406,60,0.412657,0.362418,2949.076594,0.728074,0.000000,0.007111,0.001000,0.112903,0.032558,0.080345,0.365782,0.045883,0.069890,0.024007,0.425230
c4_r37.5m,grid,4,37.500000,6,1.000000,407,60,0.384125,0.281693,1606.280735,0.759617,0.000000,0.002972,0.001000,0.000000,0.072289,-0.072289,0.252252,0.026438,0.050477,0.024039,0.219209
c4_r37.5m,grid,4,37.500000,6,1.000000,408,60,0.350593,0.415538,3059.985391,0.650436,0.000000,0.006167,0.001000,0.052632,0.016304,0.036327,0.292308,0.029699,0.054208,0.024509,0.345340
c4_r37.5m,grid,4,37.500000,6,1.000000,410,60,0.333388,0.465087,917.217398,0.642714,0.000000,0.001778,0.001000,0.111111,0.000000,0.111111,0.514286,0.026692,0.054472,0.027780,0.407394
c4_r37.5m,grid,4,37.500000,6,1.000000,409,60,0.467713,0.465131,3397.841109,0.629831,0.000000,0.006583,0.001000,0.052632,0.050360,0.002272,0.450593,0.035314,0.060612,0.025298,0.501039
c4_r37.5m,grid,4,37.500000,6,1.000000,412,60,0.426376,0.636541,1602.695498,0.715173,0.000000,0.003056,0.001000,0.043956,0.000000,0.043956,0.674074,0.017870,0.038634,0.020765,0.604946
c4_r37.5m,grid,4,37.500000,6,1.000000,411,60,0.208814,0.179120,2467.894479,0.681128,0.000000,0.004972,0.001000,0.000000,0.014019,-0.014019,0.081545,0.006947,0.029247,0.022300,0.178684
c4_r37.5m,grid,4,37.500000,6,1.000000,415,60,0.424810,0.399989,3117.234936,0.537035,0.000000,0.006528,0.001000,0.103448,0.011976,0.091472,0.257778,0.034108,0.059114,0.025006,0.277908
c4_r37.5m,grid,4,37.500000,6,1.000000,413,60,0.251675,0.371605,3207.275001,0.555046,0.000000,0.006722,0.001000,0.081967,0.023256,0.058711,0.414966,0.023613,0.052722,0.029109,0.449823
c4_r37.5m,grid,4,37.500000,6,1.000000,414,60,0.354185,0.393275,5070.178008,0.498259,0.000000,0.010500,0.001000,0.060241,0.031447,0.028794,0.510769,0.049994,0.067267,0.017273,0.460643
c4_r37.5m,grid,4,37.500000,6,1.000000,416,60,0.270508,0.390273,1889.808014,0.846025,0.000000,0.003778,0.001000,0.000000,0.031447,-0.031447,0.121547,0.018507,0.038616,0.020109,0.318621
c4_r37.5m,grid,4,37.500000,6,1.000000,417,60,0.661027,0.432477,2759.436384,0.348112,0.000000,0.005111,0.001000,0.073171,0.000000,0.073171,0.455556,0.050053,0.074193,0.024141,0.445233
c4_r37.5m,grid,4,37.500000,6,1.000000,418,60,0.511860,0.677518,1879.826610,0.663452,0.000000,0.004056,0.001000,0.070064,0.000000,0.070064,0.801020,0.063486,0.074179,0.010693,0.610941
c4_r37.5m,grid,4,37.500000,6,1.000000,423,60,0.318677,0.720581,3140.874141,0.756257,0.000000,0.006667,0.001000,0.052885,0.014493,0.038392,0.750903,0.030737,0.050055,0.019318,0.712858
c4_r37.5m,grid,4,37.500000,6,1.000000,419,60,0.748270,0.534320,3327.102977,0.641505,0.000000,0.007472,0.001000,0.113208,0.017857,0.095350,0.586716,0.068253,0.090016,0.021763,0.475213
c4_r37.5m,grid,4,37.500000,6,1.000000,422,60,0.545593,0.309357,3137.585019,0.287905,0.000000,0.006611,0.001000,0.105263,0.016304,0.088959,0.236515,0.065744,0.090585,0.024841,0.200107
c4_r37.5m,grid,4,37.500000,6,1.000000,420,60,0.318262,0.330706,3518.544406,0.619536,0.000000,0.006472,0.001000,0.075949,0.018405,0.057544,0.326446,0.055468,0.074761,0.019293,0.270720
c4_r37.5m,grid,4,37.500000,6,1.000000,421,60,0.394574,0.371575,2374.917231,0.646828,0.000000,0.004222,0.001000,0.000000,0.000000,0.000000,0.342857,0.033304,0.057563,0.024259,0.354251
c4_r37.5m,grid,4,37.500000,6,1.000000,424,60,0.223828,0.614981,1553.463108,0.435681,0.000000,0.002972,0.001000,0.176471,0.027778,0.148693,0.320755,0.027145,0.047613,0.020468,0.427356
c4_r37.5m,grid,4,37.500000,6,1.000000,426,60,0.627367,0.378665,2375.255619,0.780100,0.000000,0.005167,0.001000,0.112903,0.043796,0.069108,0.311558,0.061663,0.087731,0.026069,0.295508
c4_r37.5m,grid,4,37.500000,6,1.000000,427,60,0.317381,0.399606,2083.384938,0.522294,0.000000,0.004389,0.001000,0.027027,0.023810,0.003218,0.468354,0.023601,0.050664,0.027063,0.466259
c4_r37.5m,grid,4,37.500000,6,1.000000,431,60,0.257130,0.198641,2238.561212,0.580827,0.000000,0.004694,0.001000,0.125000,0.021164,0.103836,0.112676,0.050238,0.073823,0.023585,0.146714
c4_r37.5m,grid,4,37.500000,6,1.000000,429,60,0.442858,0.418751,1560.148478,0.519332,0.000000,0.002667,0.001000,0.000000,0.016393,-0.016393,0.322222,0.024375,0.043249,0.018873,0.310003
c4_r37.5m,grid,4,37.500000,6,1.000000,425,60,0.315096,0.343669,3903.727504,0.336383,0.000000,0.007861,0.001000,0.101449,0.013699,0.087751,0.239583,0.033719,0.057282,0.023563,0.238412
c4_r37.5m,grid,4,37.500000,6,1.000000,428,60,0.516485,0.306810,2689.739411,0.427875,0.000000,0.005639,0.001000,0.037975,0.010204,0.027771,0.446328,0.047026,0.063064,0.016038,0.419988
c4_r37.5m,grid,4,37.500000,6,1.000000,430,60,0.289116,0.393737,2407.776991,0.643408,0.000000,0.004889,0.001000,0.095588,0.066176,0.029412,0.500000,0.031153,0.058010,0.026857,0.501116
c4_r37.5m,grid,4,37.500000,6,1.000000,432,60,0.232131,0.418973,3354.720208,0.802657,0.000000,0.007889,0.001000,0.036082,0.025000,0.011082,0.447005,0.022731,0.044879,0.022147,0.515320
c4_r37.5m,grid,4,37.500000,6,1.000000,433,60,0.371735,0.262555,3835.771398,0.589242,0.000000,0.007944,0.001000,0.067568,0.031128,0.036439,0.365432,0.045642,0.066840,0.021198,0.265819
c4_r37.5m,grid,4,37.500000,6,1.000000,434,60,0.319374,0.692738,1578.259630,0.719984,0.000000,0.002806,0.001000,0.078947,0.000000,0.078947,0.633333,0.027922,0.043250,0.015328,0.631306
c4_r37.5m,grid,4,37.500000,6,1.000000,435,60,0.536764,0.667642,3199.556548,0.713628,0.000000,0.006861,0.001000,0.023622,0.017391,0.006231,0.524793,0.056088,0.070583,0.014495,0.647553
c4_r37.5m,grid,4,37.500000,6,1.000000,436,60,0.397960,0.123168,2448.991696,0.781822,0.000000,0.005861,0.001000,0.000000,0.037975,-0.037975,0.098859,0.022450,0.044877,0.022427,0.138363
c4_r37.5m,grid,4,37.500000,6,1.000000,437,60,0.283582,0.289019,2406.449482,0.590413,0.000000,0.004639,0.001000,0.033898,0.021429,0.012470,0.296482,0.031948,0.051115,0.019167,0.274007
c4_r37.5m,grid,4,37.500000,6,1.000000,438,60,0.290331,0.582931,2293.880518,0.500111,0.000000,0.005083,0.001000,0.030612,0.057143,-0.026531,0.583333,0.018435,0.039420,0.020984,0.596175
c4_r37.5m,grid,4,37.500000,6,1.000000,439,60,0.230441,0.344156,3450.175437,0.575338,0.000000,0.006500,0.001000,0.040404,0.024390,0.016014,0.376426,0.009515,0.034569,0.025054,0.393771
c4_r37.5m,grid,4,37.500000,6,1.000000,440,60,0.649219,0.273800,3106.097962,0.682462,0.000000,0.006583,0.001000,0.050633,0.025641,0.024992,0.336170,0.034099,0.062747,0.028648,0.299163
c4_r37.5m,grid,4,37.500000,6,1.000000,442,60,0.175182,0.466899,1945.063395,0.645014,0.000000,0.004222,0.001000,0.019231,0.020833,-0.001603,0.265306,0.019370,0.037557,0.018187,0.283902
c4_r37.5m,grid,4,37.500000,6,1.000000,443,60,0.254450,0.572767,1540.366510,0.842203,0.000000,0.003583,0.001000,0.070588,0.000000,0.070588,0.590278,0.027538,0.043770,0.016231,0.388522
c4_r37.5m,grid,4,37.500000,6,1.000000,441,60,0.222702,0.254717,2725.709929,0.682478,0.000000,0.005444,0.001000,0.049180,0.026786,0.022395,0.352601,0.026350,0.048628,0.022278,0.378978
c4_r37.5m,grid,4,37.500000,6,1.000000,445,60,0.359314,0.311683,2664.556750,0.628912,0.000000,0.005222,0.001000,0.000000,0.030075,-0.030075,0.235632,0.018721,0.038652,0.019931,0.307318
c4_r37.5m,grid,4,37.500000,6,1.000000,444,60,0.511646,0.248602,4640.720322,0.774784,0.000000,0.009000,0.001000,0.019417,0.059322,-0.039905,0.303835,0.032529,0.057902,0.025373,0.195487
c4_r37.5m,grid,4,37.500000,6,1.000000,446,60,0.610029,0.519914,2122.108155,0.844294,0.000000,0.004806,0.001000,0.089286,0.043956,0.045330,0.648649,0.022198,0.053487,0.031289,0.582810
c4_r37.5m,grid,4,37.500000,6,1.000000,447,60,0.537885,0.287917,2437.061504,0.691150,0.000000,0.004917,0.001000,0.057971,0.014085,0.043887,0.327014,0.036230,0.058282,0.022052,0.226589
c4_r37.5m,grid,4,37.500000,6,1.000000,448,60,0.529359,0.389205,3190.887215,0.422321,0.000000,0.006833,0.001000,0.060976,0.010989,0.049987,0.310606,0.043281,0.061870,0.018589,0.466660
c4_r37.5m,grid,4,37.500000,6,1.000000,449,60,0.388145,0.237938,2679.888765,0.622778,0.000000,0.005556,0.001000,0.073529,0.011494,0.062035,0.280992,0.046727,0.067547,0.020820,0.238883
c4_r75m,grid,4,75.000000,6,1.000000,401,60,0.351877,0.182102,1726.264145,0.709969,0.000000,0.007167,0.001000,0.113333,0.034321,0.079012,0.189633,0.052242,0.080948,0.028705,0.204587
c4_r75m,grid,4,75.000000,6,1.000000,400,60,0.390904,0.210500,2168.671285,0.212916,0.000000,0.009639,0.001000,0.082051,0.028446,0.053605,0.299080,0.082052,0.121261,0.039209,0.305229
c4_r75m,grid,4,75.000000,6,1.000000,402,60,0.209840,0.437507,2887.989199,0.686102,0.000000,0.013194,0.001000,0.070352,0.032569,0.037782,0.418654,0.030611,0.065496,0.034885,0.540897
c4_r75m,grid,4,75.000000,6,1.000000,404,60,0.381552,0.313677,2139.038953,0.378291,0.000000,0.009833,0.001000,0.067669,0.041667,0.026003,0.276507,0.035232,0.068224,0.032992,0.385726
c4_r75m,grid,4,75.000000,6,1.000000,403,60,0.296278,0.318944,3516.036120,0.746988,0.000000,0.016972,0.001000,0.083072,0.025881,0.057191,0.314441,0.041291,0.076280,0.034989,0.254486
c4_r75m,grid,4,75.000000,6,1.000000,408,60,0.420907,0.398150,1551.610081,0.402940,0.000000,0.006361,0.001000,0.088123,0.021164,0.066959,0.408451,0.033677,0.067812,0.034135,0.342722
c4_r75m,grid,4,75.000000,6,1.000000,407,60,0.313128,0.272686,2963.926167,0.757471,0.000000,0.013000,0.001000,0.074656,0.030978,0.043678,0.330091,0.039230,0.070869,0.031639,0.297295
c4_r75m,grid,4,75.000000,6,1.000000,406,60,0.646186,0.438503,2618.632010,0.700457,0.000000,0.013556,0.001000,0.139896,0.042796,0.097100,0.452344,0.065513,0.104626,0.039114,0.457646
c4_r75m,grid,4,75.000000,6,1.000000,405,60,0.570627,0.273617,2920.828885,0.502363,0.000000,0.012667,0.001000,0.099217,0.024438,0.074779,0.272404,0.040860,0.080148,0.039287,0.340887
c4_r75m,grid,4,75.000000,6,1.000000,411,60,0.421091,0.405046,1602.724171,0.693747,0.000000,0.007167,0.001000,0.066482,0.032184,0.034298,0.453518,0.050309,0.079305,0.028996,0.413845
c4_r75m,grid,4,75.000000,6,1.000000,409,60,0.259540,0.318978,3025.813279,0.564495,0.000000,0.013278,0.001000,0.085106,0.033449,0.051658,0.373555,0.030623,0.065927,0.035304,0.417706
c4_r75m,grid,4,75.000000,6,1.000000,412,60,0.400757,0.273365,1616.649340,0.452145,0.000000,0.006444,0.001000,0.050562,0.028139,0.022423,0.278125,0.037955,0.062697,0.024742,0.244504
c4_r75m,grid,4,75.000000,6,1.000000,410,60,0.310615,0.285989,4142.712843,0.600985,0.000000,0.017833,0.001000,0.084404,0.037279,0.047124,0.262777,0.046753,0.083125,0.036372,0.259909
c4_r75m,grid,4,75.000000,6,1.000000,414,60,0.793473,0.432491,1967.993184,0.417581,0.000000,0.008806,0.001000,0.129730,0.037634,0.092095,0.498652,0.085737,0.109622,0.023884,0.500482
c4_r75m,grid,4,75.000000,6,1.000000,413,60,0.280939,0.555975,1637.288141,0.625207,0.000000,0.006917,0.001000,0.026316,0.029680,-0.003365,0.438462,0.036711,0.067059,0.030348,0.467553
c4_r75m,grid,4,75.000000,6,1.000000,415,60,0.665525,0.444620,2904.182887,0.573851,0.000000,0.013278,0.001000,0.084375,0.037415,0.046960,0.521173,0.071570,0.107966,0.036396,0.497971
c4_r75m,grid,4,75.000000,6,1.000000,416,60,0.339519,0.553209,1634.110112,0.525333,0.000000,0.006611,0.001000,0.066667,0.033803,0.032864,0.523490,0.040825,0.070836,0.030011,0.472378
c4_r75m,grid,4,75.000000,6,1.000000,419,60,0.392997,0.314037,2243.758476,0.635062,0.000000,0.009361,0.001000,0.071970,0.019190,0.052780,0.360164,0.068514,0.097570,0.029056,0.302201
c4_r75m,grid,4,75.000000,6,1.000000,418,60,0.258404,0.389151,3033.761355,0.359551,0.000000,0.013139,0.001000,0.066536,0.040996,0.025541,0.427973,0.043782,0.082720,0.038937,0.457586
c4_r75m,grid,4,75.000000,6,1.000000,417,60,0.175877,0.265621,5301.105906,0.824392,0.000000,0.022472,0.001000,0.074303,0.040695,0.033609,0.259542,0.033394,0.070394,0.036999,0.370110
c4_r75m,grid,4,75.000000,6,1.000000,422,60,0.573779,0.323163,2018.190987,0.637514,0.000000,0.009667,0.001000,0.118132,0.053712,0.064419,0.365095,0.068576,0.100112,0.031536,0.355506
c4_r75m,grid,4,75.000000,6,1.000000,421,60,0.408015,0.453136,2723.987652,0.620760,0.000000,0.011667,0.001000,0.075789,0.038564,0.037226,0.387123,0.046991,0.081796,0.034805,0.375453
c4_r75m,grid,4,75.000000,6,1.000000,420,60,0.654291,0.503399,3076.026961,0.834158,0.000000,0.013389,0.001000,0.097264,0.038502,0.058763,0.406424,0.066947,0.101819,0.034873,0.502627
c4_r75m,grid,4,75.000000,6,1.000000,424,60,0.364235,0.308404,1773.466201,0.556701,0.000000,0.007083,0.001000,0.058140,0.027923,0.030216,0.310469,0.048950,0.079623,0.030672,0.248571
c4_r75m,grid,4,75.000000,6,1.000000,425,60,0.479319,0.486174,2876.300805,0.608836,0.000000,0.013389,0.001000,0.056980,0.030026,0.026954,0.478202,0.033289,0.071517,0.038228,0.472566
c4_r75m,grid,4,75.000000,6,1.000000,426,60,0.184447,0.396424,3600.838277,0.707129,0.000000,0.015833,0.001000,0.059880,0.041561,0.018320,0.361668,0.036117,0.073160,0.037043,0.387022
c4_r75m,grid,4,75.000000,6,1.000000,427,60,0.459454,0.149519,1987.988637,0.605229,0.000000,0.009944,0.001000,0.151316,0.040323,0.110993,0.169643,0.054498,0.087774,0.033276,0.148987
c4_r75m,grid,4,75.000000,6,1.000000,423,60,0.303303,0.449722,3889.631222,0.666258,0.000000,0.018306,0.001000,0.077090,0.051919,0.025171,0.509685,0.032304,0.066898,0.034594,0.599756
c4_r75m,grid,4,75.000000,6,1.000000,428,60,0.319096,0.457576,1362.695380,0.600278,0.000000,0.006528,0.001000,0.095238,0.026471,0.068768,0.480916,0.064955,0.096811,0.031856,0.471060
c4_r75m,grid,4,75.000000,6,1.000000,429,60,0.183274,0.596543,2867.438819,0.694876,0.000000,0.012806,0.001000,0.062745,0.042818,0.019927,0.513768,0.031110,0.064448,0.033338,0.570157
c4_r75m,grid,4,75.000000,6,1.000000,431,60,0.661272,0.400465,2044.232960,0.386592,0.000000,0.009222,0.001000,0.084175,0.020619,0.063557,0.433577,0.074361,0.113705,0.039344,0.358057
c4_r75m,grid,4,75.000000,6,1.000000,430,60,0.298694,0.627340,1737.329752,0.535377,0.000000,0.007528,0.001000,0.059524,0.010101,0.049423,0.717949,0.035544,0.060394,0.024851,0.612326
c4_r75m,grid,4,75.000000,6,1.000000,432,60,0.477862,0.439614,3917.913384,0.801254,0.000000,0.016944,0.001000,0.098901,0.038895,0.060007,0.456013,0.060212,0.096343,0.036131,0.489401
c4_r75m,grid,4,75.000000,6,1.000000,434,60,0.339144,0.439077,1507.204070,0.562304,0.000000,0.006917,0.001000,0.039683,0.028351,0.011332,0.493473,0.049149,0.079663,0.030514,0.428371
c4_r75m,grid,4,75.000000,6,1.000000,439,60,0.526812,0.298427,1300.612296,0.682348,0.000000,0.005444,0.001000,0.106667,0.034853,0.071814,0.376254,0.057655,0.091547,0.033892,0.235151
c4_r75m,grid,4,75.000000,6,1.000000,433,60,0.388921,0.188353,2603.441532,0.662864,0.000000,0.010778,0.001000,0.080586,0.031153,0.049433,0.220874,0.039243,0.073609,0.034365,0.267354
c4_r75m,grid,4,75.000000,6,1.000000,435,60,0.323438,0.287548,2078.524301,0.340100,0.000000,0.008306,0.001000,0.070064,0.032328,0.037736,0.252818,0.061245,0.097018,0.035773,0.248602
c4_r75m,grid,4,75.000000,6,1.000000,440,60,0.171466,0.508843,873.296013,0.762053,0.000000,0.003417,0.001000,0.029268,0.030043,-0.000775,0.468037,0.033643,0.063318,0.029675,0.576466
c4_r75m,grid,4,75.000000,6,1.000000,438,60,0.421284,0.258515,2462.699661,0.717479,0.000000,0.011583,0.001000,0.070218,0.030693,0.039525,0.290232,0.050071,0.078695,0.028624,0.275667
c4_r75m,grid,4,75.000000,6,1.000000,445,60,0.359238,0.139316,1771.466163,0.594618,0.000000,0.006722,0.001000,0.096774,0.031250,0.065524,0.126876,0.033169,0.064046,0.030877,0.151779
c4_r75m,grid,4,75.000000,6,1.000000,444,60,0.385188,0.318273,2397.683837,0.377965,0.000000,0.010250,0.001000,0.064639,0.035398,0.029241,0.317633,0.058982,0.088435,0.029453,0.276986
c4_r75m,grid,4,75.000000,6,1.000000,436,60,0.267239,0.494969,3475.521761,0.736828,0.000000,0.015083,0.001000,0.072555,0.030340,0.042215,0.535775,0.031795,0.067303,0.035508,0.469510
c4_r75m,grid,4,75.000000,6,1.000000,437,60,0.300447,0.391289,2875.303904,0.830608,0.000000,0.012583,0.001000,0.060802,0.034571,0.026231,0.497426,0.041099,0.075339,0.034240,0.410012
c4_r75m,grid,4,75.000000,6,1.000000,443,60,0.256118,0.277043,3449.635683,0.320759,0.000000,0.016361,0.001000,0.091603,0.047980,0.043623,0.398176,0.031732,0.072628,0.040895,0.392638
c4_r75m,grid,4,75.000000,6,1.000000,441,60,0.401456,0.383333,2661.632915,0.623707,0.000000,0.011778,0.001000,0.069632,0.021092,0.048541,0.390779,0.048770,0.081073,0.032303,0.357842
c4_r75m,grid,4,75.000000,6,1.000000,446,60,0.174435,0.558803,4234.567349,0.638084,0.000000,0.019667,0.001000,0.062724,0.041874,0.020850,0.526664,0.020058,0.057807,0.037749,0.509031
c4_r75m,grid,4,75.000000,6,1.000000,442,60,0.233348,0.300733,4010.230640,0.769989,0.000000,0.019194,0.001000,0.085260,0.042254,0.043007,0.316995,0.039622,0.074283,0.034661,0.375807
c4_r150m,grid,4,150.000000,6,1.000000,401,60,0.091971,0.887850,541.071446,0.103520,0.000000,0.003667,0.001000,0.081761,0.072727,0.009034,0.852547,0.031232,0.094649,0.063418,0.845043
c4_r75m,grid,4,75.000000,6,1.000000,447,60,0.211627,0.405526,2664.100649,0.322585,0.000000,0.012667,0.001000,0.087819,0.052811,0.035008,0.375532,0.044063,0.080721,0.036658,0.383371
c4_r75m,grid,4,75.000000,6,1.000000,448,60,0.423185,0.344212,3574.356894,0.386927,0.000000,0.016444,0.001000,0.075269,0.039460,0.035809,0.366864,0.047604,0.085064,0.037461,0.338603
c4_r150m,grid,4,150.000000,6,1.000000,400,60,0.911147,0.865374,1020.652586,0.781408,0.000000,0.013472,0.002574,0.177344,0.049020,0.128324,0.862534,0.132215,0.179254,0.047040,0.867910
c4_r150m,grid,4,150.000000,6,1.000000,402,60,0.908086,0.076512,315.939205,0.422497,0.000000,0.001861,0.003623,0.125000,0.074236,0.050764,0.065306,0.080902,0.143339,0.062437,0.152797
c4_r75m,grid,4,75.000000,6,1.000000,449,60,0.486018,0.585823,2997.942027,0.722950,0.000000,0.013500,0.001000,0.097959,0.038348,0.059611,0.520170,0.049287,0.087047,0.037760,0.395612
c4_r150m,grid,4,150.000000,6,1.000000,407,60,0.710479,0.652484,1308.491646,0.197962,0.000000,0.014222,0.003027,0.210396,0.063452,0.146944,0.672213,0.143167,0.194782,0.051615,0.574973
c4_r150m,grid,4,150.000000,6,1.000000,403,60,0.617030,0.797156,1477.093255,0.136590,0.000000,0.016583,0.001000,0.154696,0.042857,0.111839,0.795022,0.120975,0.173876,0.052901,0.845113
c4_r150m,grid,4,150.000000,6,1.000000,410,60,0.146315,0.229753,522.139312,0.427494,0.000000,0.004333,0.001000,0.116279,0.053465,0.062814,0.203470,0.081836,0.131411,0.049575,0.213697
c4_r150m,grid,4,150.000000,6,1.000000,411,60,0.165954,0.334412,1064.272997,0.640744,0.000000,0.008722,0.001608,0.108932,0.039903,0.069029,0.356921,0.061367,0.100300,0.038933,0.349827
c4_r150m,grid,4,150.000000,6,1.000000,408,60,0.559713,0.677063,1919.437873,0.234298,0.000000,0.023611,0.003697,0.182954,0.054902,0.128052,0.640169,0.118473,0.170689,0.052216,0.695242
c4_r150m,grid,4,150.000000,6,1.000000,412,60,0.497210,0.754606,458.966246,0.936754,0.000000,0.004000,0.001870,0.171717,0.033333,0.138384,0.664430,0.129153,0.174404,0.045251,0.692864
c4_r150m,grid,4,150.000000,6,1.000000,405,60,0.848078,0.923401,1858.045189,0.444218,0.000000,0.023750,0.001000,0.165696,0.053659,0.112038,0.915915,0.141341,0.187613,0.046272,0.910103
c4_r150m,grid,4,150.000000,6,1.000000,406,60,0.218467,0.600384,762.583322,0.680586,0.000000,0.005750,0.003089,0.113852,0.054299,0.059553,0.704545,0.057523,0.113913,0.056390,0.736554
c4_r150m,grid,4,150.000000,6,1.000000,404,60,0.791879,0.788310,5000.684355,0.520680,0.000000,0.058667,0.001000,0.197881,0.077196,0.120685,0.807252,0.132198,0.199419,0.067222,0.862494
c4_r150m,grid,4,150.000000,6,1.000000,415,60,0.728618,0.860777,1166.112379,0.397236,0.000000,0.013250,0.001000,0.198140,0.017316,0.180824,0.823124,0.148338,0.180727,0.032389,0.865609
c4_r150m,grid,4,150.000000,6,1.000000,414,60,0.239537,0.645478,1614.902751,0.685195,0.000000,0.015944,0.001621,0.113620,0.037360,0.076260,0.638288,0.055632,0.106125,0.050493,0.691000
c4_r150m,grid,4,150.000000,6,1.000000,416,60,0.374656,0.452373,225.426483,0.075988,0.000000,0.001056,0.001000,0.117647,0.060606,0.057041,0.507463,0.057300,0.126896,0.069596,0.311270
c4_r150m,grid,4,150.000000,6,1.000000,421,60,0.560328,0.440559,631.699643,0.498439,0.000000,0.004694,0.001021,0.142857,0.038147,0.104710,0.420221,0.093076,0.139105,0.046029,0.493227
c4_r150m,grid,4,150.000000,6,1.000000,409,60,0.695410,0.908509,1848.099275,0.652347,0.000000,0.022611,0.001337,0.161491,0.045455,0.116036,0.895155,0.119947,0.173967,0.054020,0.926552
c4_r150m,grid,4,150.000000,6,1.000000,417,60,0.580140,0.347158,1095.469903,0.746832,0.000000,0.010694,0.002033,0.182039,0.056985,0.125054,0.274667,0.113279,0.163406,0.050127,0.304304
c4_r150m,grid,4,150.000000,6,1.000000,419,60,0.654951,0.637397,234.919609,0.571047,0.000000,0.001556,0.001000,0.161017,0.016667,0.144350,0.662921,0.155627,0.207998,0.052371,0.831132
c4_r150m,grid,4,150.000000,6,1.000000,413,60,0.681976,0.923740,3225.017402,0.656219,0.000000,0.042222,0.002413,0.162175,0.042607,0.119569,0.912404,0.082622,0.134319,0.051697,0.925903
c4_r150m,grid,4,150.000000,6,1.000000,424,60,0.211214,0.325215,408.388570,0.710928,0.000000,0.002472,0.001000,0.160000,0.043825,0.116175,0.284900,0.066675,0.114482,0.047807,0.331981
c4_r150m,grid,4,150.000000,6,1.000000,418,60,0.828059,0.789053,1760.830663,0.623095,0.000000,0.025139,0.001227,0.185760,0.041588,0.144172,0.805515,0.149500,0.198979,0.049479,0.731175
c4_r150m,grid,4,150.000000,6,1.000000,422,60,0.966584,0.957291,833.490019,0.890568,0.000000,0.009139,0.003435,0.207229,0.048780,0.158448,0.952928,0.139296,0.192306,0.053010,0.860878
c4_r150m,grid,4,150.000000,6,1.000000,426,60,0.716892,0.325276,208.755933,0.531864,0.000000,0.001139,0.001000,0.171875,0.008475,0.163400,0.351648,0.126925,0.181101,0.054176,0.390209
c4_r150m,grid,4,150.000000,6,1.000000,423,60,0.173416,0.260319,801.516926,0.634528,0.000000,0.005417,0.001000,0.082031,0.024390,0.057641,0.280702,0.081036,0.133351,0.052315,0.229698
c4_r150m,grid,4,150.000000,6,1.000000,420,60,0.476253,0.965152,2105.817550,0.533812,0.000000,0.028750,0.005134,0.158020,0.062500,0.095520,0.953155,0.106267,0.151646,0.045379,0.840761
c4_r150m,grid,4,150.000000,6,1.000000,428,60,0.818109,0.913875,413.407060,0.950123,0.000000,0.004889,0.005847,0.238693,0.104478,0.134216,0.855914,0.127198,0.176246,0.049048,0.871181
c4_r150m,grid,4,150.000000,6,1.000000,425,60,0.660211,0.864306,651.758401,0.844472,0.000000,0.006000,0.002103,0.142140,0.026667,0.115474,0.888559,0.118784,0.175251,0.056467,0.830628
c4_r150m,grid,4,150.000000,6,1.000000,429,60,0.310944,0.478724,635.609926,0.597653,0.000000,0.005333,0.004488,0.130769,0.072261,0.058508,0.377358,0.062624,0.115780,0.053156,0.299152
c4_r150m,grid,4,150.000000,6,1.000000,427,60,0.361890,0.616688,1173.461898,0.161959,0.000000,0.010778,0.001000,0.138386,0.035354,0.103032,0.605184,0.118680,0.170021,0.051341,0.590148
c4_r150m,grid,4,150.000000,6,1.000000,430,60,0.844306,0.898986,1037.034544,0.551328,0.000000,0.013528,0.001601,0.203578,0.073034,0.130544,0.868343,0.122313,0.180088,0.057775,0.874128
c4_r150m,grid,4,150.000000,6,1.000000,432,60,0.668054,0.846928,704.826066,0.474277,0.000000,0.006500,0.003710,0.150502,0.062937,0.087565,0.807018,0.103213,0.165108,0.061896,0.904292
c4_r150m,grid,4,150.000000,6,1.000000,435,60,0.742737,0.296621,1111.147070,0.813646,0.000000,0.010139,0.001000,0.182448,0.041183,0.141265,0.313768,0.152123,0.208233,0.056110,0.235086
c4_r150m,grid,4,150.000000,6,1.000000,433,60,0.238455,0.220696,2891.880326,0.613161,0.000000,0.023194,0.001000,0.096681,0.063969,0.032712,0.210766,0.041215,0.109328,0.068113,0.164887
c4_r150m,grid,4,150.000000,6,1.000000,434,60,0.793958,0.756275,1658.076100,0.345586,0.000000,0.019028,0.001000,0.162473,0.046174,0.116299,0.647278,0.122451,0.175562,0.053110,0.553806
c4_r150m,grid,4,150.000000,6,1.000000,437,60,0.560751,0.846564,537.261023,0.813144,0.000000,0.005833,0.005527,0.218029,0.065421,0.152609,0.816781,0.110315,0.172387,0.062072,0.801132
c4_r150m,grid,4,150.000000,6,1.000000,431,60,0.887133,0.757082,1633.228556,0.834357,0.000000,0.018639,0.001000,0.162228,0.063877,0.098351,0.784425,0.118816,0.168768,0.049951,0.693751
c4_r150m,grid,4,150.000000,6,1.000000,436,60,0.299757,0.062512,343.774818,0.801169,0.000000,0.002333,0.002170,0.037037,0.074675,-0.037638,0.080597,0.072712,0.145547,0.072835,0.078940
c4_r150m,grid,4,150.000000,6,1.000000,438,60,0.931214,0.074670,400.183287,0.780537,0.000000,0.002000,0.001000,0.114286,0.035948,0.078338,0.102639,0.153841,0.197065,0.043224,0.102161
c4_r150m,grid,4,150.000000,6,1.000000,440,60,0.747673,0.294092,1173.389298,0.446674,0.000000,0.011889,0.001000,0.212314,0.051411,0.160903,0.321941,0.150004,0.200889,0.050885,0.322680
c4_r150m,grid,4,150.000000,6,1.000000,441,60,0.297054,0.415183,515.725132,0.472764,0.000000,0.003639,0.001000,0.152632,0.039568,0.113063,0.405983,0.094509,0.148090,0.053581,0.437891
c4_r150m,grid,4,150.000000,6,1.000000,439,60,0.707638,0.938142,906.616961,0.889464,0.000000,0.011028,0.003175,0.171220,0.047619,0.123601,0.928934,0.130771,0.180046,0.049275,0.841846
c4_r150m,grid,4,150.000000,6,1.000000,443,60,0.370191,0.575760,736.041227,0.712456,0.000000,0.004944,0.001000,0.099762,0.027950,0.071812,0.566622,0.062365,0.132892,0.070526,0.653975
c4_r150m,grid,4,150.000000,6,1.000000,445,60,0.125342,0.198732,635.846493,0.707893,0.000000,0.005222,0.001224,0.101695,0.045936,0.055759,0.294264,0.052737,0.100536,0.047799,0.235905
c4_r150m,grid,4,150.000000,6,1.000000,442,60,0.519738,0.894601,1015.008246,0.573879,0.000000,0.010556,0.010857,0.153918,0.056452,0.097466,0.896321,0.114487,0.158188,0.043701,0.879243
c4_r150m,grid,4,150.000000,6,1.000000,444,60,0.402727,0.769367,1280.778706,0.736722,0.000000,0.014389,0.002287,0.131711,0.035533,0.096178,0.780011,0.075916,0.124224,0.048308,0.864402
c4_r150m,grid,4,150.000000,6,1.000000,448,60,0.302641,0.619130,440.218349,0.929953,0.000000,0.002556,0.001000,0.083333,0.025806,0.057527,0.595300,0.096216,0.163603,0.067387,0.645472
c4_r150m,grid,4,150.000000,6,1.000000,447,60,0.120629,0.454938,642.620252,0.586457,0.000000,0.004278,0.001000,0.051793,0.045045,0.006748,0.361151,0.021846,0.070282,0.048436,0.471206
c4_r150m,grid,4,150.000000,6,1.000000,446,60,0.941324,0.889068,2230.964696,0.325264,0.000000,0.029250,0.004245,0.174622,0.052778,0.121844,0.877426,0.134840,0.188701,0.053861,0.864703
c4_r150m,grid,4,150.000000,6,1.000000,449,60,0.812920,0.885489,3229.929250,0.566577,0.000000,0.041917,0.001880,0.162089,0.064830,0.097259,0.868584,0.119911,0.177827,0.057915,0.857364
c4_r300m,grid,4,300.000000,6,1.000000,423,60,0.872834,0.916445,4412.804889,0.616033,0.000000,0.136250,0.492781,0.320475,0.134342,0.186133,0.897585,0.204497,0.326817,0.122319,0.890020
c4_r300m,grid,4,300.000000,6,1.000000,401,60,0.820115,0.925681,5305.338895,0.614751,0.000000,0.149194,0.534889,0.329039,0.119850,0.209189,0.909346,0.188417,0.329858,0.141441,0.899133
c4_r300m,grid,4,300.000000,6,1.000000,405,60,0.847058,0.916250,5417.311271,0.427794,0.000000,0.143111,0.462240,0.337535,0.154832,0.182703,0.903731,0.193318,0.329720,0.136403,0.874973
c4_r300m,grid,4,300.000000,6,1.000000,403,60,0.880963,0.914389,5194.946519,0.766378,0.000000,0.143417,0.474889,0.321722,0.130045,0.191677,0.902620,0.192144,0.322731,0.130587,0.857251
c4_r300m,grid,4,300.000000,6,1.000000,406,60,0.875550,0.879331,5385.151158,0.811645,0.000000,0.154389,0.578494,0.342725,0.133464,0.209261,0.873194,0.192417,0.325809,0.133392,0.838945
c4_r300m,grid,4,300.000000,6,1.000000,410,60,0.823615,0.832888,5016.980346,0.774646,0.000000,0.141028,0.485585,0.330022,0.143865,0.186158,0.814883,0.192526,0.325306,0.132781,0.861649
c4_r300m,grid,4,300.000000,6,1.000000,409,60,0.876467,0.916664,5073.241073,0.815276,0.000000,0.142944,0.477627,0.317240,0.137838,0.179402,0.903369,0.192995,0.329436,0.136440,0.885372
c4_r300m,grid,4,300.000000,6,1.000000,402,60,0.899203,0.871496,5390.724506,0.779122,0.000000,0.149639,0.520417,0.333849,0.122123,0.211726,0.868616,0.184694,0.325241,0.140548,0.856794
c4_r300m,grid,4,300.000000,6,1.000000,411,60,0.817422,0.867041,4891.236287,0.676576,0.000000,0.142472,0.512100,0.337986,0.128451,0.209535,0.853061,0.195672,0.323176,0.127504,0.885368
c4_r300m,grid,4,300.000000,6,1.000000,400,60,0.885205,0.889468,5441.248511,0.624322,0.000000,0.159556,0.639352,0.358125,0.141622,0.216502,0.875969,0.196827,0.334593,0.137766,0.894539
c4_r300m,grid,4,300.000000,6,1.000000,415,60,0.862641,0.896905,5190.222443,0.654808,0.000000,0.141083,0.443622,0.315339,0.165244,0.150094,0.886221,0.187743,0.325763,0.138020,0.894425
c4_r300m,grid,4,300.000000,6,1.000000,404,60,0.841417,0.903850,5543.528049,0.522638,0.000000,0.144500,0.453562,0.326470,0.146992,0.179478,0.884976,0.187393,0.325661,0.138268,0.887102
c4_r300m,grid,4,300.000000,6,1.000000,413,60,0.900729,0.877044,4930.422815,0.550564,0.000000,0.142944,0.511111,0.336818,0.125566,0.211252,0.860949,0.196509,0.332865,0.136356,0.875777
c4_r300m,grid,4,300.000000,6,1.000000,408,60,0.875029,0.898682,5037.360134,0.757938,0.000000,0.140028,0.458787,0.313689,0.137958,0.175731,0.887752,0.194260,0.327384,0.133124,0.882920
c4_r300m,grid,4,300.000000,6,1.000000,422,60,0.737881,0.886035,5125.076836,0.732770,0.000000,0.137306,0.413775,0.320329,0.134986,0.185343,0.869974,0.186508,0.322327,0.135819,0.834822
c4_r300m,grid,4,300.000000,6,1.000000,407,60,0.899136,0.902267,4916.453880,0.680132,0.000000,0.143778,0.520828,0.333667,0.138591,0.195076,0.884404,0.196192,0.326881,0.130690,0.911929
c4_r300m,grid,4,300.000000,6,1.000000,421,60,0.869836,0.890621,5165.727341,0.537223,0.000000,0.147111,0.511977,0.330261,0.144105,0.186156,0.882373,0.191460,0.329879,0.138419,0.894212
c4_r300m,grid,4,300.000000,6,1.000000,414,60,0.842185,0.858850,5284.961637,0.552377,0.000000,0.142500,0.450290,0.322710,0.130579,0.192131,0.842748,0.183790,0.324676,0.140885,0.886945
c4_r300m,grid,4,300.000000,6,1.000000,416,60,0.875760,0.936199,4600.721105,0.645088,0.000000,0.138944,0.502048,0.321840,0.125683,0.196157,0.916659,0.188860,0.324957,0.136097,0.877573
c4_r300m,grid,4,300.000000,6,1.000000,412,60,0.915452,0.877496,5217.264465,0.648740,0.000000,0.142306,0.444851,0.316023,0.133206,0.182817,0.866092,0.190068,0.333715,0.143647,0.885940
c4_r300m,grid,4,300.000000,6,1.000000,418,60,0.866813,0.920836,5264.193088,0.584476,0.000000,0.144500,0.503743,0.323799,0.135814,0.187985,0.905027,0.192608,0.326186,0.133578,0.897150
c4_r300m,grid,4,300.000000,6,1.000000,432,60,0.777114,0.931241,5044.698325,0.569076,0.000000,0.144361,0.515365,0.321459,0.125389,0.196070,0.916436,0.181893,0.324535,0.142642,0.894449
c4_r300m,grid,4,300.000000,6,1.000000,420,60,0.883676,0.876170,5212.772776,0.701128,0.000000,0.146111,0.507858,0.332676,0.125883,0.206793,0.866946,0.199082,0.334071,0.134989,0.888222
c4_r300m,grid,4,300.000000,6,1.000000,426,60,0.828737,0.924842,5241.420132,0.880632,0.000000,0.152278,0.577819,0.331751,0.130233,0.201519,0.910655,0.189239,0.324377,0.135137,0.905160
c4_r300m,grid,4,300.000000,6,1.000000,419,60,0.923846,0.886476,5377.817808,0.727652,0.000000,0.158667,0.632189,0.347931,0.145718,0.202213,0.881564,0.195211,0.333706,0.138495,0.881111
c4_r300m,grid,4,300.000000,6,1.000000,424,60,0.799150,0.892258,4806.933985,0.709798,0.000000,0.140500,0.524229,0.334840,0.122766,0.212074,0.883244,0.184911,0.317254,0.132342,0.878470
c4_r300m,grid,4,300.000000,6,1.000000,417,60,0.885924,0.942128,5299.511327,0.567226,0.000000,0.159528,0.660381,0.348952,0.123735,0.225217,0.926230,0.193399,0.327241,0.133842,0.891677
c4_r300m,grid,4,300.000000,6,1.000000,427,60,0.916960,0.887531,5299.373731,0.640770,0.000000,0.150778,0.556362,0.348826,0.145128,0.203698,0.874588,0.195684,0.331943,0.136259,0.898090
c4_r300m,grid,4,300.000000,6,1.000000,434,60,0.833546,0.910147,4662.327490,0.674473,0.000000,0.138111,0.484158,0.329302,0.157516,0.171787,0.896996,0.187719,0.330722,0.143003,0.893759
c4_r300m,grid,4,300.000000,6,1.000000,429,60,0.884003,0.917430,4687.670044,0.636549,0.000000,0.140861,0.515685,0.329035,0.143339,0.185696,0.893269,0.193114,0.330175,0.137061,0.871301
c4_r300m,grid,4,300.000000,6,1.000000,430,60,0.834411,0.886246,5162.094802,0.799095,0.000000,0.143917,0.491098,0.326764,0.151617,0.175147,0.871303,0.193110,0.331923,0.138813,0.879573
c4_r300m,grid,4,300.000000,6,1.000000,425,60,0.833933,0.870105,5112.007619,0.594073,0.000000,0.136222,0.402890,0.314036,0.154412,0.159624,0.865225,0.187845,0.326959,0.139114,0.889353
c4_r300m,grid,4,300.000000,6,1.000000,428,60,0.887226,0.900787,4727.543746,0.835428,0.000000,0.136972,0.458229,0.326695,0.140323,0.186372,0.886561,0.195672,0.332106,0.136433,0.871757
c4_r300m,grid,4,300.000000,6,1.000000,433,60,0.887124,0.885928,4861.290530,0.538789,0.000000,0.142417,0.509421,0.335249,0.152875,0.182374,0.872314,0.192654,0.328595,0.135941,0.897777
c4_r300m,grid,4,300.000000,6,1.000000,436,60,0.904588,0.916584,4819.715133,0.643851,0.000000,0.144306,0.544201,0.331988,0.132616,0.199372,0.901029,0.192131,0.329546,0.137415,0.872035
c4_r300m,grid,4,300.000000,6,1.000000,431,60,0.888305,0.928154,4981.849609,0.538842,0.000000,0.142722,0.495492,0.333333,0.125527,0.207806,0.914410,0.204897,0.338361,0.133464,0.884175
c4_r300m,grid,4,300.000000,6,1.000000,435,60,0.891731,0.916255,5030.789359,0.572445,0.000000,0.144667,0.515545,0.334880,0.137293,0.197587,0.907942,0.201585,0.333568,0.131983,0.880570
c4_r300m,grid,4,300.000000,6,1.000000,439,60,0.918139,0.886094,5060.445103,0.526526,0.000000,0.141611,0.482177,0.327210,0.131503,0.195707,0.877435,0.198095,0.337890,0.139795,0.894856
c4_r300m,grid,4,300.000000,6,1.000000,438,60,0.863934,0.932016,5078.640373,0.675670,0.000000,0.146139,0.521725,0.329884,0.127326,0.202558,0.911640,0.196191,0.328496,0.132305,0.896177
c4_r300m,grid,4,300.000000,6,1.000000,441,60,0.877513,0.900529,5415.237528,0.575504,0.000000,0.152250,0.559260,0.330481,0.164894,0.165587,0.889865,0.190971,0.326943,0.135972,0.877191
c4_r300m,grid,4,300.000000,6,1.000000,440,60,0.764370,0.892492,5274.096741,0.793382,0.000000,0.140028,0.433453,0.314568,0.147806,0.166762,0.886292,0.177112,0.315174,0.138062,0.880225
c4_r300m,grid,4,300.000000,6,1.000000,448,60,0.877518,0.870605,5259.056779,0.803010,0.000000,0.146556,0.502285,0.333797,0.150376,0.183421,0.863040,0.194073,0.332347,0.138274,0.860323
c4_r300m,grid,4,300.000000,6,1.000000,437,60,0.936643,0.884305,5084.638019,0.814894,0.000000,0.153389,0.607221,0.346277,0.128667,0.217610,0.873172,0.195351,0.328606,0.133255,0.877658
c4_r300m,grid,4,300.000000,6,1.000000,443,60,0.896000,0.886797,5304.072394,0.776884,0.000000,0.154056,0.580956,0.341592,0.132323,0.209270,0.879745,0.189946,0.327270,0.137323,0.878302
c4_r300m,grid,4,300.000000,6,1.000000,442,60,0.861373,0.871683,5342.868610,0.785829,0.000000,0.154139,0.584205,0.343001,0.149008,0.193993,0.853818,0.198800,0.334446,0.135646,0.868832
c4_r300m,grid,4,300.000000,6,1.000000,444,60,0.892043,0.897178,5248.175077,0.435224,0.000000,0.143583,0.470952,0.335603,0.117046,0.218556,0.885470,0.195080,0.328081,0.133001,0.890103
c4_r300m,grid,4,300.000000,6,1.000000,446,60,0.887266,0.931016,5200.694589,0.748930,0.000000,0.143222,0.506637,0.324471,0.132716,0.191755,0.914096,0.193137,0.325600,0.132463,0.899596
c4_r300m,grid,4,300.000000,6,1.000000,445,60,0.842412,0.940847,5320.013194,0.603014,0.000000,0.156861,0.620910,0.332328,0.120783,0.211545,0.924635,0.202283,0.329298,0.127015,0.900407
c4_r300m,grid,4,300.000000,6,1.000000,449,60,0.837629,0.912686,5077.817104,0.662712,0.000000,0.146750,0.531438,0.336325,0.128292,0.208033,0.896989,0.192550,0.328614,0.136064,0.850770
c4_r300m,grid,4,300.000000,6,1.000000,447,60,0.849716,0.872830,5277.156818,0.437370,0.000000,0.141750,0.456406,0.335281,0.140067,0.195214,0.863736,0.198379,0.337640,0.139261,0.882777
c4_r600m,grid,4,600.000000,6,1.000000,400,60,0.778104,0.824611,4722.420251,0.600597,0.000000,0.291444,2.352275,0.518605,0.286266,0.232339,0.807474,0.230753,0.509282,0.278529,0.843469
c4_r600m,grid,4,600.000000,6,1.000000,405,60,0.842190,0.887348,5422.317201,0.479908,0.000000,0.319139,2.599674,0.543969,0.272270,0.271699,0.875285,0.251700,0.534095,0.282396,0.844383
c4_r600m,grid,4,600.000000,6,1.000000,411,60,0.753254,0.801989,5219.497290,0.825646,0.000000,0.294472,2.319826,0.516618,0.256390,0.260228,0.791542,0.228558,0.506751,0.278193,0.802207
c4_r600m,grid,4,600.000000,6,1.000000,402,60,0.709661,0.870211,5142.663392,0.724942,0.000000,0.304167,2.448265,0.510723,0.285657,0.225066,0.862205,0.246263,0.526938,0.280675,0.844423
c4_r600m,grid,4,600.000000,6,1.000000,404,60,0.817167,0.871157,5215.310611,0.603035,0.000000,0.318167,2.608515,0.529119,0.289231,0.239888,0.859330,0.235437,0.516178,0.280741,0.848797
c4_r600m,grid,4,600.000000,6,1.000000,401,60,0.818142,0.855467,5098.636756,0.876184,0.000000,0.296444,2.353104,0.517105,0.275335,0.241770,0.847431,0.251115,0.529283,0.278168,0.842827
c4_r600m,grid,4,600.000000,6,1.000000,409,60,0.825461,0.815906,4487.233844,0.838141,0.000000,0.285833,2.306048,0.526063,0.278870,0.247193,0.808166,0.233540,0.509990,0.276450,0.798676
c4_r600m,grid,4,600.000000,6,1.000000,406,60,0.824031,0.835619,5149.156040,0.613158,0.000000,0.305222,2.464174,0.532699,0.293744,0.238955,0.822612,0.231911,0.519754,0.287843,0.817923
c4_r600m,grid,4,600.000000,6,1.000000,403,60,0.797601,0.890754,5240.317929,0.373581,0.000000,0.311667,2.530599,0.531835,0.285190,0.246645,0.876220,0.229717,0.517989,0.288272,0.857392
c4_r600m,grid,4,600.000000,6,1.000000,407,60,0.810280,0.882497,5191.774164,0.469352,0.000000,0.317083,2.595158,0.530253,0.280822,0.249431,0.871195,0.247233,0.527139,0.279906,0.858204
c4_r600m,grid,4,600.000000,6,1.000000,408,60,0.797538,0.895526,5315.121209,0.618550,0.000000,0.315278,2.559039,0.533434,0.272350,0.261084,0.879892,0.249866,0.527161,0.277295,0.886247
c4_r600m,grid,4,600.000000,6,1.000000,412,60,0.754268,0.834921,5094.396075,0.374076,0.000000,0.298417,2.385516,0.518627,0.264169,0.254458,0.824875,0.238677,0.517590,0.278913,0.851081
c6_r15m,grid,6,15.000000,6,1.000000,400,60,0.197554,0.150120,2896.820296,0.852359,0.000000,0.003556,0.001000,0.000000,0.000000,0.000000,0.100000,-0.006250,0.000000,0.006250,0.051111
c6_r15m,grid,6,15.000000,6,1.000000,401,60,0.279808,0.487689,2769.821605,0.562032,0.000000,0.003056,0.001000,0.000000,0.000000,0.000000,0.461538,0.000000,0.000000,0.000000,0.550101
c6_r15m,grid,6,15.000000,6,1.000000,402,60,0.264188,0.174772,2048.138164,0.344224,0.000000,0.002444,0.001000,0.250000,0.000000,0.250000,0.400000,0.025000,0.025000,0.000000,0.148449
c6_r15m,grid,6,15.000000,6,1.000000,403,60,0.245235,0.242699,3109.650602,0.717042,0.000000,0.003500,0.001000,0.000000,0.000000,0.000000,0.000000,-0.058095,0.000000,0.058095,0.076396
c6_r15m,grid,6,15.000000,6,1.000000,404,60,0.440486,0.548007,2070.312160,0.443935,0.000000,0.002722,0.001000,0.000000,0.000000,0.000000,0.000000,0.000000,0.000000,0.000000,0.073377
c6_r15m,grid,6,15.000000,6,1.000000,405,60,0.560757,0.332065,2951.218807,0.749780,0.000000,0.003944,0.001000,0.000000,0.000000,0.000000,0.222222,-0.002262,0.022500,0.024762,0.245158
c4_r600m,grid,4,600.000000,6,1.000000,410,60,0.858052,0.896980,5292.067881,0.689213,0.000000,0.313139,2.529428,0.527764,0.290354,0.237410,0.885281,0.256690,0.536327,0.279637,0.877781
c6_r15m,grid,6,15.000000,6,1.000000,406,60,0.258326,0.149485,4406.787209,0.707107,0.000000,0.006167,0.001000,0.000000,0.000000,0.000000,0.200000,0.095159,0.133333,0.038174,0.180302
c4_r600m,grid,4,600.000000,6,1.000000,413,60,0.771556,0.853395,4706.057945,0.424500,0.000000,0.283556,2.270118,0.521551,0.277200,0.244351,0.849243,0.250264,0.530377,0.280113,0.845758
c6_r15m,grid,6,15.000000,6,1.000000,408,60,0.439486,0.512086,3231.067452,0.218283,0.000000,0.004528,0.001000,0.000000,0.000000,0.000000,0.428571,0.000000,0.000000,0.000000,0.224351
c6_r15m,grid,6,15.000000,6,1.000000,407,60,0.234032,0.512812,2071.662273,0.615765,0.000000,0.002472,0.001000,0.000000,0.000000,0.000000,0.000000,0.000000,0.000000,0.000000,0.353333
c6_r15m,grid,6,15.000000,6,1.000000,409,60,0.217406,0.490264,2207.752781,0.685697,0.000000,0.002417,0.001000,0.000000,0.000000,0.000000,0.000000,0.000000,0.000000,0.000000,0.126667
c6_r15m,grid,6,15.000000,6,1.000000,410,60,0.468080,0.693674,1421.918678,0.749058,0.000000,0.001389,0.001000,0.000000,0.000000,0.000000,0.000000,0.010714,0.025000,0.014286,0.129340
c6_r15m,grid,6,15.000000,6,1.000000,411,60,0.559000,0.338547,2767.209150,0.578858,0.000000,0.003528,0.001000,0.000000,0.000000,0.000000,0.000000,-0.025298,0.014286,0.039583,0.144956
c6_r15m,grid,6,15.000000,6,1.000000,413,60,0.561392,0.337312,2092.065844,0.659292,0.000000,0.002889,0.001000,0.000000,0.000000,0.000000,0.600000,0.014286,0.014286,0.000000,0.198333
c6_r15m,grid,6,15.000000,6,1.000000,412,60,0.232712,0.538428,3523.468261,0.683934,0.000000,0.004444,0.001000,0.000000,0.000000,0.000000,0.666667,-0.021667,0.000000,0.021667,0.536498
c4_r600m,grid,4,600.000000,6,1.000000,414,60,0.807906,0.867036,5123.316773,0.566171,0.000000,0.313889,2.567874,0.530412,0.288155,0.242257,0.858213,0.253331,0.531927,0.278596,0.870712
c6_r15m,grid,6,15.000000,6,1.000000,414,60,0.541318,0.345529,3038.407093,0.616505,0.000000,0.004278,0.001000,0.000000,0.000000,0.000000,0.285714,0.013333,0.013333,0.000000,0.274003
c4_r600m,grid,4,600.000000,6,1.000000,415,60,0.879142,0.839576,4514.181822,0.642463,0.000000,0.289972,2.360374,0.533468,0.281563,0.251904,0.827763,0.247071,0.523955,0.276883,0.833254
c4_r600m,grid,4,600.000000,6,1.000000,419,60,0.857551,0.854353,5007.832090,0.857901,0.000000,0.304472,2.461922,0.534347,0.274764,0.259583,0.838240,0.245719,0.528386,0.282667,0.849399
c4_r600m,grid,4,600.000000,6,1.000000,417,60,0.833377,0.869711,5184.413791,0.784982,0.000000,0.308278,2.484778,0.531297,0.273117,0.258179,0.856944,0.245979,0.520038,0.274058,0.858946
c4_r600m,grid,4,600.000000,6,1.000000,425,60,0.679671,0.888379,5237.340832,0.792904,0.000000,0.303333,2.422766,0.509561,0.279167,0.230394,0.879693,0.233640,0.507713,0.274073,0.875524
c4_r600m,grid,4,600.000000,6,1.000000,426,60,0.770801,0.827079,4927.764271,0.759573,0.000000,0.306639,2.505594,0.524154,0.309958,0.214195,0.825764,0.241688,0.525645,0.283957,0.811646
c4_r600m,grid,4,600.000000,6,1.000000,430,60,0.792054,0.853584,4973.908198,0.686137,0.000000,0.303972,2.486738,0.537870,0.286581,0.251288,0.839739,0.244354,0.523623,0.279269,0.867667
c4_r600m,grid,4,600.000000,6,1.000000,416,60,0.783727,0.755727,5211.361985,0.532225,0.000000,0.295361,2.344362,0.529159,0.268341,0.260817,0.749777,0.239411,0.522447,0.283036,0.829466
c4_r600m,grid,4,600.000000,6,1.000000,427,60,0.873168,0.719708,5060.003373,0.782861,0.000000,0.288194,2.262125,0.534891,0.275967,0.258924,0.719487,0.254003,0.533017,0.279014,0.734788
c4_r600m,grid,4,600.000000,6,1.000000,418,60,0.791054,0.893279,5489.381930,0.489094,0.000000,0.310583,2.478064,0.529475,0.271379,0.258096,0.885906,0.256057,0.537513,0.281455,0.869967
c4_r600m,grid,4,600.000000,6,1.000000,422,60,0.726632,0.788444,5225.124902,0.506639,0.000000,0.296444,2.344088,0.514185,0.282272,0.231912,0.781890,0.230416,0.509343,0.278927,0.816540
c4_r600m,grid,4,600.000000,6,1.000000,423,60,0.810644,0.878636,4955.425515,0.770298,0.000000,0.302167,2.436448,0.524508,0.272147,0.252362,0.866188,0.242790,0.516271,0.273481,0.845657
c6_r15m,grid,6,15.000000,6,1.000000,417,60,0.421295,0.228712,1634.322004,0.429950,0.000000,0.001778,0.001000,0.000000,0.000000,0.000000,0.500000,0.000000,0.050000,0.050000,0.157222
c6_r15m,grid,6,15.000000,6,1.000000,418,60,0.824131,0.225855,2258.408620,0.590019,0.000000,0.002472,0.001000,0.000000,0.000000,0.000000,0.000000,-0.010000,0.000000,0.010000,0.152071
c6_r15m,grid,6,15.000000,6,1.000000,416,60,0.435841,0.274218,2285.652802,0.332191,0.000000,0.003083,0.001000,0.333333,0.000000,0.333333,0.428571,0.033333,0.033333,0.000000,0.177143
c6_r15m,grid,6,15.000000,6,1.000000,415,60,0.304437,0.402191,2138.771250,0.651419,0.000000,0.002722,0.001000,0.000000,0.000000,0.000000,0.000000,-0.004762,0.000000,0.004762,0.090105
c4_r600m,grid,4,600.000000,6,1.000000,433,60,0.828250,0.838148,5165.481947,0.697475,0.000000,0.307250,2.471835,0.537627,0.274367,0.263260,0.823562,0.256025,0.532391,0.276366,0.781448
c4_r600m,grid,4,600.000000,6,1.000000,421,60,0.764307,0.835577,4711.530024,0.644469,0.000000,0.281250,2.239473,0.506470,0.291218,0.215252,0.818714,0.238554,0.522397,0.283843,0.806017
c4_r600m,grid,4,600.000000,6,1.000000,436,60,0.877430,0.871368,5323.792806,0.660101,0.000000,0.315778,2.564910,0.537657,0.280702,0.256955,0.864030,0.252167,0.536038,0.283871,0.885614
c4_r600m,grid,4,600.000000,6,1.000000,420,60,0.840400,0.888287,5328.108214,0.515384,0.000000,0.316583,2.577575,0.529482,0.294092,0.235391,0.875807,0.246600,0.524735,0.278135,0.879276
c4_r600m,grid,4,600.000000,6,1.000000,438,60,0.658362,0.766634,5291.091147,0.741847,0.000000,0.297333,2.354779,0.514086,0.281457,0.232629,0.753925,0.237490,0.515156,0.277667,0.766699
c4_r600m,grid,4,600.000000,6,1.000000,437,60,0.640066,0.793588,5434.888122,0.358166,0.000000,0.302444,2.400528,0.518202,0.290812,0.227389,0.791528,0.230524,0.509110,0.278585,0.753979
c4_r600m,grid,4,600.000000,6,1.000000,429,60,0.717226,0.798787,5069.097451,0.582719,0.000000,0.294667,2.346020,0.514224,0.263979,0.250244,0.787358,0.227107,0.502376,0.275269,0.795991
c6_r15m,grid,6,15.000000,6,1.000000,420,60,0.326231,0.242990,2555.699056,0.630791,0.000000,0.002500,0.001000,0.000000,0.000000,0.000000,0.166667,0.000000,0.000000,0.000000,0.082927
c6_r15m,grid,6,15.000000,6,1.000000,419,60,0.439367,0.512913,2349.607018,0.533124,0.000000,0.002972,0.001000,0.000000,0.000000,0.000000,0.272727,0.056250,0.056250,0.000000,0.425628
c4_r600m,grid,4,600.000000,6,1.000000,432,60,0.752271,0.911303,4981.095492,0.785846,0.000000,0.307500,2.502462,0.512612,0.278602,0.234011,0.895245,0.244610,0.523172,0.278562,0.855723
c6_r15m,grid,6,15.000000,6,1.000000,421,60,0.330806,0.356186,1777.825188,0.643384,0.000000,0.001778,0.001000,0.000000,0.000000,0.000000,0.000000,0.000000,0.000000,0.000000,0.233333
c4_r600m,grid,4,600.000000,6,1.000000,428,60,0.803981,0.924921,4863.652042,0.531302,0.000000,0.304722,2.486471,0.520784,0.261598,0.259186,0.911446,0.256949,0.530338,0.273389,0.887177
c6_r15m,grid,6,15.000000,6,1.000000,422,60,0.359309,0.487341,2058.346449,0.685431,0.000000,0.002500,0.001000,0.000000,0.000000,0.000000,0.600000,0.000000,0.000000,0.000000,0.260000
c6_r15m,grid,6,15.000000,6,1.000000,423,60,0.288903,0.289942,2745.294350,0.702506,0.000000,0.002972,0.001000,0.000000,0.000000,0.000000,0.000000,0.040000,0.050000,0.010000,0.137561
c6_r15m,grid,6,15.000000,6,1.000000,424,60,0.310230,0.537808,1501.766880,0.642065,0.000000,0.002167,0.001000,0.000000,0.000000,0.000000,0.000000,0.000000,0.000000,0.000000,0.148961
c4_r600m,grid,4,600.000000,6,1.000000,424,60,0.692151,0.906521,5126.924400,0.736798,0.000000,0.303083,2.429783,0.490773,0.273055,0.217718,0.894597,0.221006,0.504456,0.283450,0.878555
c4_r600m,grid,4,600.000000,6,1.000000,435,60,0.804209,0.812862,5312.920626,0.365746,0.000000,0.295889,2.329897,0.529339,0.269855,0.259485,0.797335,0.255128,0.530802,0.275674,0.806091
c6_r15m,grid,6,15.000000,6,1.000000,425,60,0.309151,0.202861,1983.467593,0.823002,0.000000,0.002444,0.001000,0.000000,0.000000,0.000000,0.076923,0.033333,0.040000,0.006667,0.057666
c4_r600m,grid,4,600.000000,6,1.000000,434,60,0.768141,0.864065,5060.116752,0.617753,0.000000,0.292611,2.312366,0.503858,0.285882,0.217976,0.854965,0.240377,0.521490,0.281112,0.857755
c4_r600m,grid,4,600.000000,6,1.000000,431,60,0.758379,0.880499,5073.183683,0.570142,0.000000,0.295528,2.342098,0.511204,0.245426,0.265778,0.872293,0.241041,0.520396,0.279355,0.886241
c6_r15m,grid,6,15.000000,6,1.000000,426,60,0.304756,0.547123,1801.768590,0.701180,0.000000,0.002361,0.001000,0.000000,0.000000,0.000000,0.923077,0.040000,0.040000,0.000000,0.499173
c4_r600m,grid,4,600.000000,6,1.000000,443,60,0.747679,0.850173,4921.397851,0.770229,0.000000,0.307250,2.528007,0.547405,0.276378,0.271027,0.843629,0.241858,0.521869,0.280010,0.834474
c6_r15m,grid,6,15.000000,6,1.000000,427,60,0.428743,0.434288,2578.959097,0.811762,0.000000,0.003194,0.001000,0.000000,0.000000,0.000000,0.000000,0.058056,0.063611,0.005556,0.274978
c6_r15m,grid,6,15.000000,6,1.000000,428,60,0.409160,0.461048,2832.152398,0.415593,0.000000,0.003472,0.001000,0.000000,0.000000,0.000000,0.000000,-0.005556,0.000000,0.005556,0.206374
c4_r600m,grid,4,600.000000,6,1.000000,442,60,0.720598,0.876082,5291.562919,0.270136,0.000000,0.302444,2.410970,0.509492,0.286555,0.222938,0.864796,0.239269,0.526380,0.287111,0.843291
c6_r15m,grid,6,15.000000,6,1.000000,429,60,0.181841,0.729710,3340.562076,0.862608,0.000000,0.003889,0.001000,0.000000,0.000000,0.000000,0.500000,0.055000,0.075000,0.020000,0.490760
c6_r15m,grid,6,15.000000,6,1.000000,430,60,0.390898,0.400281,3328.487654,0.394337,0.000000,0.004556,0.001000,0.000000,0.000000,0.000000,0.000000,-0.012500,0.000000,0.012500,0.309295
c4_r600m,grid,4,600.000000,6,1.000000,440,60,0.872696,0.854159,5120.166638,0.471844,0.000000,0.303111,2.434947,0.538148,0.266589,0.271559,0.849462,0.265655,0.535363,0.269707,0.857754
c6_r15m,grid,6,15.000000,6,1.000000,431,60,0.369941,0.422095,3970.540445,0.406651,0.000000,0.005083,0.001000,0.000000,0.100000,-0.100000,0.285714,-0.010000,0.000000,0.010000,0.175238
c4_r600m,grid,4,600.000000,6,1.000000,439,60,0.734375,0.820530,5453.409865,0.557131,0.000000,0.310500,2.484935,0.521471,0.285543,0.235929,0.819352,0.247579,0.525805,0.278225,0.825285
c4_r600m,grid,4,600.000000,6,1.000000,441,60,0.784444,0.843517,5453.710233,0.561819,0.000000,0.314139,2.527921,0.527388,0.269394,0.257994,0.834534,0.245665,0.519716,0.274051,0.856845
c6_r15m,grid,6,15.000000,6,1.000000,432,60,0.406914,0.288586,3039.607457,0.608032,0.000000,0.003944,0.001000,0.000000,0.000000,0.000000,0.000000,0.000000,0.000000,0.000000,0.139740
c4_r600m,grid,4,600.000000,6,1.000000,447,60,0.848588,0.912560,4826.727448,0.506255,0.000000,0.289528,2.323458,0.517956,0.282903,0.235054,0.899561,0.255115,0.533727,0.278612,0.869733
c6_r15m,grid,6,15.000000,6,1.000000,433,60,0.289500,0.303741,1967.091929,0.532929,0.000000,0.002306,0.001000,0.500000,0.000000,0.500000,0.444444,0.050000,0.050000,0.000000,0.077778
c6_r15m,grid,6,15.000000,6,1.000000,434,60,0.699599,0.566161,3163.285940,0.539188,0.000000,0.004333,0.001000,0.000000,0.000000,0.000000,0.800000,0.009905,0.028708,0.018803,0.521332
c6_r15m,grid,6,15.000000,6,1.000000,435,60,0.319976,0.323649,2250.397441,0.595304,0.000000,0.002083,0.001000,0.000000,0.000000,0.000000,0.000000,0.041591,0.041591,0.000000,0.304561
c4_r600m,grid,4,600.000000,6,1.000000,444,60,0.768009,0.920163,4965.252417,0.572220,0.000000,0.306333,2.504711,0.522092,0.295042,0.227050,0.905712,0.246241,0.524210,0.277969,0.866903
c4_r600m,grid,4,600.000000,6,1.000000,449,60,0.892088,0.838238,5090.993364,0.791044,0.000000,0.311083,2.523923,0.530291,0.277518,0.252773,0.835726,0.257145,0.532659,0.275514,0.861350
c4_r600m,grid,4,600.000000,6,1.000000,445,60,0.874387,0.895328,5288.954402,0.482859,0.000000,0.321889,2.638540,0.544782,0.271713,0.273069,0.885602,0.259799,0.541470,0.281671,0.839629
c6_r15m,grid,6,15.000000,6,1.000000,436,60,0.268422,0.395436,1629.680561,0.607055,0.000000,0.001778,0.001000,0.000000,0.000000,0.000000,0.600000,-0.017424,0.000000,0.017424,0.176667
c4_r600m,grid,4,600.000000,6,1.000000,446,60,0.839786,0.837573,4832.949062,0.645690,0.000000,0.290194,2.320807,0.516017,0.260954,0.255063,0.822263,0.252576,0.526669,0.274093,0.831919
c6_r15m,grid,6,15.000000,6,1.000000,437,60,0.309444,0.314333,1484.102229,0.275539,0.000000,0.001778,0.001000,0.000000,0.000000,0.000000,0.000000,0.000000,0.000000,0.000000,0.057143
c6_r15m,grid,6,15.000000,6,1.000000,438,60,0.696026,0.414429,1937.254082,0.746615,0.000000,0.002722,0.001000,0.000000,0.000000,0.000000,0.000000,0.020000,0.020000,0.000000,0.236255
c4_r600m,grid,4,600.000000,6,1.000000,448,60,0.903748,0.865685,5285.809254,0.494470,0.000000,0.314278,2.550529,0.540222,0.279537,0.260685,0.854845,0.264332,0.543669,0.279337,0.840932
c6_r15m,grid,6,15.000000,6,1.000000,439,60,0.572678,0.167855,2865.575719,0.706152,0.000000,0.003694,0.001000,0.000000,0.000000,0.000000,0.000000,0.000000,0.000000,0.000000,0.075952
c6_r15m,grid,6,15.000000,6,1.000000,441,60,0.247896,0.584396,2250.585188,0.597116,0.000000,0.002583,0.001000,0.000000,0.000000,0.000000,0.333333,0.116667,0.116667,0.000000,0.262424
c6_r15m,grid,6,15.000000,6,1.000000,440,60,0.278016,0.224064,3725.096055,0.505506,0.000000,0.004167,0.001000,0.000000,0.000000,0.000000,0.166667,0.009091,0.009091,0.000000,0.273968
c6_r15m,grid,6,15.000000,6,1.000000,442,60,0.242776,0.272828,1855.996090,0.605217,0.000000,0.002306,0.001000,0.000000,0.000000,0.000000,0.125000,0.050000,0.050000,0.000000,0.058654
c6_r15m,grid,6,15.000000,6,1.000000,443,60,0.525320,0.181379,1891.338830,0.441119,0.000000,0.001889,0.001000,0.000000,0.000000,0.000000,0.000000,0.050000,0.050000,0.000000,0.025556
c6_r15m,grid,6,15.000000,6,1.000000,444,60,0.421779,0.673232,1110.216477,0.504267,0.000000,0.001472,0.001000,0.000000,0.000000,0.000000,0.000000,0.010000,0.010000,0.000000,0.243217
c6_r15m,grid,6,15.000000,6,1.000000,445,60,0.635572,0.458780,3623.121194,0.347047,0.000000,0.004667,0.001000,0.000000,0.000000,0.000000,0.100000,0.010000,0.010000,0.000000,0.474922
c6_r15m,grid,6,15.000000,6,1.000000,446,60,0.294751,0.304699,2984.698906,0.576606,0.000000,0.003583,0.001000,0.000000,0.000000,0.000000,0.714286,-0.012500,0.000000,0.012500,0.161984
c6_r15m,grid,6,15.000000,6,1.000000,447,60,0.306608,0.648015,1495.850151,0.641186,0.000000,0.001833,0.001000,0.000000,0.000000,0.000000,0.600000,-0.050000,0.000000,0.050000,0.292778
c6_r15m,grid,6,15.000000,6,1.000000,449,60,0.285694,0.393686,1226.127863,0.540387,0.000000,0.001278,0.001000,0.000000,0.000000,0.000000,0.000000,0.000000,0.000000,0.000000,0.153846
c6_r15m,grid,6,15.000000,6,1.000000,448,60,0.236467,0.286737,1619.190853,0.798769,0.000000,0.001639,0.001000,0.000000,0.000000,0.000000,0.000000,0.066667,0.066667,0.000000,0.386021
c6_r37.5m,grid,6,37.500000,6,1.000000,402,60,0.304279,0.312255,1102.173024,0.765230,0.000000,0.002944,0.001000,0.034483,0.034783,-0.000300,0.201389,0.039618,0.058978,0.019360,0.272408
c6_r37.5m,grid,6,37.500000,6,1.000000,400,60,0.748526,0.421167,2756.472403,0.556852,0.000000,0.009167,0.001000,0.041096,0.021622,0.019474,0.441088,0.022654,0.052906,0.030251,0.487641
c6_r37.5m,grid,6,37.500000,6,1.000000,403,60,0.797422,0.405230,3710.175123,0.239914,0.000000,0.012194,0.001000,0.086957,0.021429,0.065528,0.396552,0.081200,0.106769,0.025569,0.412458
c6_r37.5m,grid,6,37.500000,6,1.000000,401,60,0.235756,0.534102,2254.713584,0.289234,0.000000,0.007806,0.001000,0.063158,0.053571,0.009586,0.361217,0.026827,0.053607,0.026780,0.362530
c6_r37.5m,grid,6,37.500000,6,1.000000,406,60,0.507051,0.289763,1288.642751,0.813724,0.000000,0.003889,0.001000,0.069767,0.007194,0.062573,0.236264,0.023677,0.039527,0.015850,0.367639
c6_r37.5m,grid,6,37.500000,6,1.000000,404,60,0.183874,0.649327,4118.765022,0.715427,0.000000,0.011500,0.001000,0.031646,0.034335,-0.002689,0.575592,0.009867,0.039704,0.029838,0.506852
c6_r37.5m,grid,6,37.500000,6,1.000000,405,60,0.322684,0.198645,3722.334690,0.696641,0.000000,0.011000,0.001000,0.102564,0.019802,0.082762,0.161826,0.036785,0.062614,0.025829,0.165139
c6_r37.5m,grid,6,37.500000,6,1.000000,410,60,0.284535,0.162392,2592.676741,0.597638,0.000000,0.008167,0.001000,0.083333,0.019380,0.063953,0.188679,0.029224,0.051169,0.021945,0.178496
c6_r37.5m,grid,6,37.500000,6,1.000000,411,60,0.449159,0.274694,2803.009719,0.643414,0.000000,0.007806,0.001000,0.029412,0.034091,-0.004679,0.278689,0.026092,0.051048,0.024956,0.244796
c6_r37.5m,grid,6,37.500000,6,1.000000,407,60,0.280577,0.262667,3767.805009,0.589654,0.000000,0.011111,0.001000,0.021277,0.028409,-0.007132,0.348148,0.031383,0.050801,0.019418,0.268032
c6_r37.5m,grid,6,37.500000,6,1.000000,409,60,0.691964,0.492837,3417.777061,0.430801,0.000000,0.010222,0.001000,0.123457,0.020979,0.102478,0.361607,0.076307,0.093447,0.017141,0.426012
c6_r37.5m,grid,6,37.500000,6,1.000000,408,60,0.233718,0.180123,4053.583513,0.457792,0.000000,0.013583,0.001000,0.060241,0.020067,0.040174,0.217277,0.030982,0.058151,0.027169,0.189343
c6_r37.5m,grid,6,37.500000,6,1.000000,412,60,0.412767,0.384926,2150.509461,0.798392,0.000000,0.006611,0.001000,0.023529,0.029536,-0.006006,0.263975,0.026073,0.052558,0.026485,0.389380
c6_r37.5m,grid,6,37.500000,6,1.000000,413,60,0.395289,0.292823,1863.128614,0.739367,0.000000,0.006139,0.001000,0.029851,0.019048,0.010803,0.241877,0.012887,0.036940,0.024053,0.180482
c6_r37.5m,grid,6,37.500000,6,1.000000,414,60,0.616407,0.314376,3246.889469,0.600326,0.000000,0.010861,0.001000,0.061611,0.051205,0.010407,0.388582,0.030562,0.062028,0.031466,0.429546
c6_r37.5m,grid,6,37.500000,6,1.000000,416,60,0.363406,0.320275,3690.235273,0.672047,0.000000,0.011083,0.001000,0.058824,0.039877,0.018946,0.384906,0.018790,0.050767,0.031977,0.365572
c6_r37.5m,grid,6,37.500000,6,1.000000,418,60,0.336619,0.485218,1861.031556,0.557916,0.000000,0.005111,0.001000,0.020548,0.021277,-0.000729,0.608333,0.038764,0.054763,0.015998,0.553038
c6_r37.5m,grid,6,37.500000,6,1.000000,419,60,0.438063,0.634583,1571.487055,0.437763,0.000000,0.004361,0.001000,0.047619,0.030769,0.016850,0.563758,0.040811,0.069861,0.029051,0.577102
c6_r37.5m,grid,6,37.500000,6,1.000000,417,60,0.447775,0.474703,2308.777071,0.641413,0.000000,0.007778,0.001000,0.099174,0.044554,0.054619,0.374613,0.047710,0.075491,0.027781,0.219748
c6_r37.5m,grid,6,37.500000,6,1.000000,415,60,0.258481,0.373233,3605.806107,0.423038,0.000000,0.010667,0.001000,0.050847,0.026087,0.024761,0.339080,0.042866,0.068941,0.026075,0.304058
c6_r37.5m,grid,6,37.500000,6,1.000000,420,60,0.269390,0.295111,3393.350062,0.543923,0.000000,0.009361,0.001000,0.091837,0.025455,0.066382,0.262735,0.031847,0.061524,0.029677,0.358116
c6_r37.5m,grid,6,37.500000,6,1.000000,422,60,0.368067,0.510479,4471.709200,0.704625,0.000000,0.015028,0.001000,0.045161,0.025926,0.019235,0.534483,0.036468,0.058775,0.022306,0.448529
c6_r37.5m,grid,6,37.500000,6,1.000000,423,60,0.352359,0.189274,1347.801723,0.399627,0.000000,0.003611,0.001000,0.000000,0.028846,-0.028846,0.161290,0.027710,0.050566,0.022856,0.234987
c6_r37.5m,grid,6,37.500000,6,1.000000,421,60,0.273990,0.700001,1607.238129,0.667685,0.000000,0.005000,0.001000,0.031056,0.039216,-0.008160,0.759434,0.021561,0.044376,0.022814,0.588817
c6_r37.5m,grid,6,37.500000,6,1.000000,424,60,0.388157,0.272973,3464.229243,0.679297,0.000000,0.010139,0.001000,0.066667,0.042169,0.024498,0.213270,0.042855,0.068652,0.025797,0.237300
c6_r37.5m,grid,6,37.500000,6,1.000000,425,60,0.309478,0.197746,2926.754803,0.590988,0.000000,0.009333,0.001000,0.046296,0.010526,0.035770,0.274809,0.029016,0.050166,0.021150,0.243981
c6_r37.5m,grid,6,37.500000,6,1.000000,426,60,0.369698,0.398654,2045.450900,0.679126,0.000000,0.005750,0.001000,0.010309,0.036232,-0.025923,0.412766,0.046079,0.079504,0.033425,0.337991
c6_r37.5m,grid,6,37.500000,6,1.000000,428,60,0.540533,0.379492,2457.778001,0.507495,0.000000,0.007389,0.001000,0.043478,0.037037,0.006441,0.505495,0.039283,0.066463,0.027180,0.327715
c6_r37.5m,grid,6,37.500000,6,1.000000,427,60,0.323450,0.485706,2861.396048,0.787388,0.000000,0.008722,0.001000,0.100000,0.033175,0.066825,0.446194,0.032585,0.054024,0.021439,0.367782
c6_r37.5m,grid,6,37.500000,6,1.000000,429,60,0.534873,0.287838,3753.814869,0.500484,0.000000,0.011167,0.001000,0.065693,0.021505,0.044188,0.269155,0.049535,0.069937,0.020402,0.497478
c6_r37.5m,grid,6,37.500000,6,1.000000,430,60,0.408177,0.400957,1555.719203,0.710935,0.000000,0.004889,0.001000,0.055556,0.022901,0.032655,0.291892,0.042744,0.063947,0.021203,0.343317
c6_r37.5m,grid,6,37.500000,6,1.000000,433,60,0.241339,0.443984,1886.044622,0.700860,0.000000,0.005500,0.001000,0.044944,0.000000,0.044944,0.511494,0.046606,0.073556,0.026951,0.334171
c6_r37.5m,grid,6,37.500000,6,1.000000,435,60,0.184511,0.359195,916.209601,0.334777,0.000000,0.002444,0.001000,0.060000,0.022727,0.037273,0.531915,-0.007906,0.024776,0.032682,0.396099
c6_r37.5m,grid,6,37.500000,6,1.000000,434,60,0.310064,0.272419,1280.088493,0.374419,0.000000,0.003639,0.001000,0.100000,0.017857,0.082143,0.151515,0.058636,0.075607,0.016971,0.248321
c6_r37.5m,grid,6,37.500000,6,1.000000,431,60,0.675868,0.422936,2566.144227,0.655663,0.000000,0.008667,0.001000,0.063584,0.033654,0.029930,0.454068,0.050584,0.077791,0.027207,0.547724
c6_r37.5m,grid,6,37.500000,6,1.000000,432,60,0.473767,0.385002,1248.865827,0.609292,0.000000,0.003500,0.001000,0.076923,0.033613,0.043310,0.304094,0.030804,0.053199,0.022395,0.321499
c6_r37.5m,grid,6,37.500000,6,1.000000,437,60,0.562579,0.346338,1796.264887,0.543172,0.000000,0.006000,0.001000,0.063830,0.015625,0.048205,0.328671,0.036725,0.055982,0.019257,0.307389
c6_r37.5m,grid,6,37.500000,6,1.000000,438,60,0.423035,0.244834,2076.409900,0.751997,0.000000,0.007111,0.001000,0.087719,0.051163,0.036557,0.346505,0.052822,0.075322,0.022500,0.223950
c6_r37.5m,grid,6,37.500000,6,1.000000,440,60,0.207730,0.348288,2364.335905,0.577677,0.000000,0.007889,0.001000,0.030675,0.032389,-0.001714,0.397561,0.024239,0.056708,0.032469,0.329288
c6_r37.5m,grid,6,37.500000,6,1.000000,436,60,0.253195,0.248398,4446.658380,0.796599,0.000000,0.013417,0.001000,0.064516,0.031776,0.032740,0.288564,0.037128,0.063312,0.026184,0.213512
c6_r37.5m,grid,6,37.500000,6,1.000000,439,60,0.246725,0.244262,4102.080623,0.253319,0.000000,0.012639,0.001000,0.063636,0.009479,0.054158,0.342679,0.031034,0.061858,0.030824,0.313756
c6_r37.5m,grid,6,37.500000,6,1.000000,441,60,0.501803,0.769799,3042.619372,0.829728,0.000000,0.010361,0.001000,0.057692,0.000000,0.057692,0.725100,0.037776,0.055527,0.017751,0.711284
c6_r37.5m,grid,6,37.500000,6,1.000000,444,60,0.394989,0.396995,1648.423493,0.751023,0.000000,0.004639,0.001000,0.119403,0.018519,0.100884,0.382857,0.019450,0.045639,0.026189,0.283161
c6_r37.5m,grid,6,37.500000,6,1.000000,442,60,0.269735,0.299157,2457.447714,0.793551,0.000000,0.007917,0.001000,0.029940,0.030612,-0.000672,0.362256,0.029555,0.052119,0.022563,0.340029
c6_r37.5m,grid,6,37.500000,6,1.000000,443,60,0.230509,0.275849,2867.319467,0.615234,0.000000,0.009167,0.001000,0.060811,0.015625,0.045186,0.366337,0.032149,0.053729,0.021580,0.293697
c6_r37.5m,grid,6,37.500000,6,1.000000,445,60,0.261345,0.301315,3582.288553,0.531300,0.000000,0.011278,0.001000,0.032258,0.035256,-0.002998,0.331906,0.020543,0.050811,0.030268,0.273179
c6_r37.5m,grid,6,37.500000,6,1.000000,446,60,0.231204,0.340983,1420.774936,0.761917,0.000000,0.004250,0.001000,0.010638,0.017341,-0.006703,0.352060,0.016652,0.032046,0.015394,0.380356
c6_r37.5m,grid,6,37.500000,6,1.000000,447,60,0.367936,0.488939,2125.185077,0.385511,0.000000,0.006167,0.001000,0.100000,0.018692,0.081308,0.483092,0.064973,0.078994,0.014021,0.572922
c6_r37.5m,grid,6,37.500000,6,1.000000,448,60,0.219401,0.326420,1555.758353,0.731569,0.000000,0.004306,0.001000,0.041096,0.040816,0.000280,0.426901,0.016190,0.045400,0.029210,0.332339
c6_r37.5m,grid,6,37.500000,6,1.000000,449,60,0.436875,0.374136,2674.216993,0.720646,0.000000,0.007889,0.001000,0.060000,0.067039,-0.007039,0.358423,0.031451,0.064599,0.033148,0.332925
c6_r75m,grid,6,75.000000,6,1.000000,405,60,0.224513,0.288559,1560.638258,0.647727,0.000000,0.010167,0.001000,0.080645,0.042341,0.038304,0.278527,0.039717,0.076812,0.037094,0.348409
c6_r75m,grid,6,75.000000,6,1.000000,400,60,0.291316,0.555385,3465.343087,0.849966,0.000000,0.023750,0.001000,0.086723,0.054379,0.032344,0.479220,0.032513,0.081494,0.048981,0.357652
c6_r75m,grid,6,75.000000,6,1.000000,402,60,0.210098,0.339690,3511.034759,0.433365,0.000000,0.022583,0.001000,0.060883,0.044518,0.016365,0.351337,0.035703,0.080534,0.044831,0.307582
c6_r75m,grid,6,75.000000,6,1.000000,401,60,0.427449,0.461149,3892.587203,0.699761,0.000000,0.027917,0.001000,0.088889,0.053870,0.035019,0.446918,0.036283,0.080301,0.044018,0.370370
c6_r75m,grid,6,75.000000,6,1.000000,403,60,0.327495,0.538305,1608.182474,0.804572,0.000000,0.010111,0.001000,0.090090,0.047131,0.042959,0.476395,0.050031,0.086898,0.036868,0.450049
c6_r75m,grid,6,75.000000,6,1.000000,404,60,0.739225,0.435776,3178.302100,0.366356,0.000000,0.022000,0.001000,0.157895,0.048806,0.109089,0.355853,0.080234,0.128112,0.047878,0.295191
c6_r75m,grid,6,75.000000,6,1.000000,406,60,0.424811,0.639657,4340.032564,0.582515,0.000000,0.031139,0.001000,0.110923,0.052373,0.058550,0.592395,0.046630,0.090600,0.043970,0.659803
c6_r75m,grid,6,75.000000,6,1.000000,408,60,0.489021,0.417492,1584.756967,0.466320,0.000000,0.010944,0.001000,0.118421,0.045455,0.072967,0.390144,0.063088,0.098150,0.035062,0.390967
c6_r75m,grid,6,75.000000,6,1.000000,407,60,0.517608,0.253482,1436.256835,0.623029,0.000000,0.009389,0.001000,0.076412,0.035632,0.040780,0.257045,0.069478,0.108260,0.038782,0.274108
c6_r75m,grid,6,75.000000,6,1.000000,409,60,0.459442,0.394310,2389.204409,0.618826,0.000000,0.016056,0.001000,0.107330,0.034640,0.072690,0.258283,0.056944,0.094861,0.037917,0.317823
c6_r75m,grid,6,75.000000,6,1.000000,410,60,0.216941,0.644390,1531.434300,0.717954,0.000000,0.009306,0.001000,0.060729,0.045977,0.014752,0.447869,0.031284,0.069554,0.038270,0.536623
c6_r75m,grid,6,75.000000,6,1.000000,411,60,0.493514,0.437476,1854.366785,0.480584,0.000000,0.012056,0.001000,0.116071,0.048144,0.067927,0.252063,0.075152,0.117401,0.042249,0.306578
c6_r75m,grid,6,75.000000,6,1.000000,413,60,0.364193,0.275927,3471.363538,0.534472,0.000000,0.021528,0.001000,0.098274,0.050613,0.047660,0.366067,0.031944,0.077962,0.046018,0.306820
c6_r75m,grid,6,75.000000,6,1.000000,414,60,0.446657,0.232594,2431.204226,0.751900,0.000000,0.014806,0.001000,0.107266,0.030060,0.077206,0.161814,0.049290,0.087789,0.038499,0.183073
c6_r75m,grid,6,75.000000,6,1.000000,412,60,0.123873,0.331912,3741.619628,0.519362,0.000000,0.024361,0.001000,0.074419,0.042654,0.031765,0.276468,0.029606,0.073715,0.044109,0.329548
c6_r75m,grid,6,75.000000,6,1.000000,415,60,0.290456,0.362148,2792.379791,0.754820,0.000000,0.019333,0.001000,0.093509,0.043513,0.049997,0.418316,0.043057,0.088654,0.045597,0.396144
c6_r75m,grid,6,75.000000,6,1.000000,416,60,0.621233,0.169532,1662.519921,0.462081,0.000000,0.010056,0.001000,0.127273,0.034910,0.092363,0.156695,0.089823,0.126733,0.036910,0.231960
c6_r75m,grid,6,75.000000,6,1.000000,417,60,0.433149,0.477442,3577.603244,0.706883,0.000000,0.025083,0.001000,0.092482,0.038333,0.054148,0.556049,0.064973,0.108744,0.043770,0.529896
c6_r75m,grid,6,75.000000,6,1.000000,419,60,0.300470,0.332648,2462.891371,0.584328,0.000000,0.015000,0.001000,0.075949,0.050193,0.025756,0.196151,0.041193,0.085008,0.043815,0.242797
c6_r75m,grid,6,75.000000,6,1.000000,418,60,0.298522,0.181517,2449.001582,0.763828,0.000000,0.016528,0.001000,0.059829,0.040754,0.019075,0.221591,0.028989,0.069596,0.040607,0.232184
c6_r75m,grid,6,75.000000,6,1.000000,422,60,0.321163,0.284079,2097.887790,0.660854,0.000000,0.014194,0.001000,0.083969,0.029823,0.054147,0.328115,0.034571,0.069057,0.034486,0.216656
c6_r75m,grid,6,75.000000,6,1.000000,427,60,0.244361,0.387916,1264.581754,0.371650,0.000000,0.006889,0.001000,0.049587,0.030445,0.019142,0.361734,0.060312,0.096330,0.036017,0.280200
c6_r75m,grid,6,75.000000,6,1.000000,424,60,0.218750,0.332274,2218.140929,0.570114,0.000000,0.015000,0.001000,0.100402,0.030769,0.069632,0.323797,0.036150,0.075593,0.039443,0.347263
c6_r75m,grid,6,75.000000,6,1.000000,420,60,0.491913,0.160085,3482.233839,0.651562,0.000000,0.022944,0.001000,0.142857,0.049763,0.093094,0.119733,0.062685,0.108612,0.045926,0.258322
c6_r75m,grid,6,75.000000,6,1.000000,426,60,0.518946,0.355342,1912.703717,0.753099,0.000000,0.012333,0.001000,0.081146,0.038769,0.042377,0.323302,0.051272,0.095214,0.043941,0.357769
c6_r75m,grid,6,75.000000,6,1.000000,423,60,0.182713,0.194185,1273.821899,0.758704,0.000000,0.008000,0.001000,0.050000,0.039882,0.010118,0.307062,0.023346,0.059096,0.035750,0.458470
c6_r75m,grid,6,75.000000,6,1.000000,421,60,0.263129,0.241622,3981.719446,0.249094,0.000000,0.024028,0.001000,0.069277,0.043478,0.025799,0.242868,0.038191,0.084122,0.045931,0.370729
c6_r75m,grid,6,75.000000,6,1.000000,429,60,0.298495,0.182631,2094.071590,0.787195,0.000000,0.013111,0.001000,0.124464,0.049311,0.075152,0.144541,0.041631,0.085331,0.043699,0.179461
c6_r75m,grid,6,75.000000,6,1.000000,425,60,0.221206,0.758956,2715.627014,0.588185,0.000000,0.017861,0.001000,0.066667,0.047493,0.019173,0.807517,0.023343,0.065664,0.042321,0.647428
c6_r75m,grid,6,75.000000,6,1.000000,428,60,0.187806,0.567728,2899.427406,0.768936,0.000000,0.017333,0.001000,0.054504,0.037147,0.017357,0.662487,0.024906,0.061351,0.036445,0.562096
c6_r75m,grid,6,75.000000,6,1.000000,431,60,0.290200,0.356320,1814.869629,0.612403,0.000000,0.012250,0.001000,0.111732,0.033219,0.078513,0.290820,0.070808,0.104448,0.033639,0.389801
c6_r75m,grid,6,75.000000,6,1.000000,433,60,0.233334,0.252994,3578.514953,0.388908,0.000000,0.021861,0.001000,0.069444,0.039519,0.029926,0.236220,0.034272,0.081243,0.046971,0.157167
c6_r75m,grid,6,75.000000,6,1.000000,430,60,0.394894,0.485332,3211.952658,0.620229,0.000000,0.021750,0.001000,0.086531,0.047414,0.039117,0.513627,0.045429,0.091793,0.046365,0.501557
c6_r75m,grid,6,75.000000,6,1.000000,432,60,0.474819,0.313429,3305.282066,0.730774,0.000000,0.023556,0.001000,0.164766,0.046408,0.118357,0.334039,0.078164,0.119500,0.041336,0.284972
c6_r75m,grid,6,75.000000,6,1.000000,435,60,0.382694,0.230406,1866.243617,0.578739,0.000000,0.011056,0.001000,0.102703,0.034134,0.068569,0.189549,0.035591,0.074236,0.038645,0.309677
c6_r75m,grid,6,75.000000,6,1.000000,437,60,0.319935,0.373510,2653.963246,0.615035,0.000000,0.017083,0.001000,0.057839,0.036052,0.021787,0.360593,0.044960,0.086155,0.041195,0.324596
c6_r75m,grid,6,75.000000,6,1.000000,436,60,0.312040,0.247239,2533.648238,0.536698,0.000000,0.017278,0.001000,0.123116,0.038991,0.084125,0.233294,0.060866,0.094549,0.033683,0.217803
c6_r75m,grid,6,75.000000,6,1.000000,438,60,0.281514,0.157659,2744.144710,0.354977,0.000000,0.017083,0.001000,0.099237,0.042813,0.056423,0.166879,0.047183,0.087908,0.040724,0.173511
c6_r75m,grid,6,75.000000,6,1.000000,434,60,0.261788,0.293077,3652.869582,0.628619,0.000000,0.023444,0.001000,0.078540,0.043727,0.034813,0.320000,0.031696,0.077574,0.045878,0.355795
c6_r75m,grid,6,75.000000,6,1.000000,440,60,0.163764,0.512534,1577.989479,0.794607,0.000000,0.010472,0.001000,0.046875,0.022928,0.023947,0.575281,0.013750,0.045310,0.031560,0.448837
c6_r75m,grid,6,75.000000,6,1.000000,439,60,0.736989,0.654414,1732.130972,0.768142,0.000000,0.011472,0.001000,0.115523,0.040945,0.074579,0.465938,0.059623,0.102998,0.043375,0.538635
c6_r75m,grid,6,75.000000,6,1.000000,443,60,0.273100,0.576506,1449.414561,0.773084,0.000000,0.009194,0.001000,0.083821,0.051587,0.032233,0.504425,0.028175,0.069814,0.041639,0.390878
c6_r75m,grid,6,75.000000,6,1.000000,442,60,0.421602,0.215319,3962.074161,0.607001,0.000000,0.024444,0.001000,0.076241,0.036279,0.039962,0.207811,0.034507,0.079447,0.044939,0.208372
c6_r75m,grid,6,75.000000,6,1.000000,441,60,0.255263,0.130254,4130.055059,0.565177,0.000000,0.026472,0.001000,0.062857,0.047868,0.014989,0.123413,0.038506,0.083644,0.045137,0.328532
c6_r75m,grid,6,75.000000,6,1.000000,449,60,0.381701,0.492492,1688.620823,0.767297,0.000000,0.009750,0.001000,0.089485,0.025719,0.063767,0.403430,0.057092,0.091476,0.034384,0.360421
c6_r75m,grid,6,75.000000,6,1.000000,448,60,0.342501,0.226840,1932.262949,0.679251,0.000000,0.011917,0.001000,0.068273,0.043103,0.025170,0.192575,0.056461,0.091622,0.035161,0.188994
c6_r75m,grid,6,75.000000,6,1.000000,445,60,0.409569,0.660173,2777.696543,0.534034,0.000000,0.020500,0.001000,0.107860,0.029781,0.078079,0.652126,0.069055,0.103047,0.033992,0.624821
c6_r75m,grid,6,75.000000,6,1.000000,446,60,0.349711,0.539035,1742.975918,0.496373,0.000000,0.011611,0.001000,0.067460,0.027368,0.040092,0.614135,0.060208,0.095664,0.035455,0.609498
c6_r75m,grid,6,75.000000,6,1.000000,444,60,0.529207,0.581313,2259.077070,0.762695,0.000000,0.015417,0.001000,0.074459,0.026432,0.048027,0.629085,0.053034,0.090711,0.037677,0.531003
c6_r75m,grid,6,75.000000,6,1.000000,447,60,0.555695,0.303673,3369.929867,0.573319,0.000000,0.021167,0.001000,0.092308,0.040279,0.052029,0.376630,0.041807,0.085028,0.043221,0.358780
c6_r150m,grid,6,150.000000,6,1.000000,407,60,0.226634,0.221975,296.017012,0.783515,0.000000,0.002167,0.001910,0.158416,0.036585,0.121830,0.291066,0.033402,0.085497,0.052095,0.303324
c6_r150m,grid,6,150.000000,6,1.000000,402,60,0.824145,0.931307,4317.001514,0.446831,0.000000,0.083750,0.070324,0.221832,0.088235,0.133597,0.916892,0.120443,0.196872,0.076429,0.905991
c6_r150m,grid,6,150.000000,6,1.000000,406,60,0.728948,0.913227,3489.557141,0.764038,0.000000,0.068444,0.037054,0.188640,0.091655,0.096985,0.896076,0.097489,0.176255,0.078766,0.902502
c6_r150m,grid,6,150.000000,6,1.000000,409,60,0.887409,0.950688,2769.348087,0.560748,0.000000,0.055611,0.025201,0.206171,0.068241,0.137929,0.927773,0.130439,0.201331,0.070892,0.918920
c6_r150m,grid,6,150.000000,6,1.000000,400,60,0.885027,0.948399,3859.481193,0.827834,0.000000,0.075944,0.045735,0.198759,0.086172,0.112586,0.934238,0.113900,0.192291,0.078392,0.923326
c6_r150m,grid,6,150.000000,6,1.000000,401,60,0.912263,0.925846,4102.501505,0.770477,0.000000,0.076722,0.027695,0.200197,0.066165,0.134032,0.914337,0.117059,0.196054,0.078995,0.896916
c6_r150m,grid,6,150.000000,6,1.000000,405,60,0.851256,0.950739,5264.640503,0.902202,0.000000,0.091056,0.030203,0.201033,0.081890,0.119143,0.932086,0.117175,0.203591,0.086416,0.915410
c6_r150m,grid,6,150.000000,6,1.000000,410,60,0.896792,0.868325,4213.161180,0.911599,0.000000,0.078139,0.036679,0.204757,0.083257,0.121500,0.860977,0.120046,0.201609,0.081563,0.911884
c6_r150m,grid,6,150.000000,6,1.000000,411,60,0.910024,0.919198,4475.170614,0.874178,0.000000,0.084444,0.034321,0.202228,0.075494,0.126735,0.899650,0.121086,0.197561,0.076475,0.886674
c6_r150m,grid,6,150.000000,6,1.000000,404,60,0.812382,0.878782,3693.850907,0.902094,0.000000,0.069389,0.042084,0.184280,0.083144,0.101136,0.880398,0.115935,0.196105,0.080171,0.874909
c6_r150m,grid,6,150.000000,6,1.000000,403,60,0.871839,0.920196,3792.744915,0.196259,0.000000,0.071278,0.025262,0.220488,0.075125,0.145363,0.895353,0.131579,0.215452,0.083873,0.906769
c6_r150m,grid,6,150.000000,6,1.000000,408,60,0.867994,0.879924,3334.007965,0.571641,0.000000,0.065000,0.041113,0.209968,0.074911,0.135057,0.862537,0.125008,0.203518,0.078510,0.902439
c6_r150m,grid,6,150.000000,6,1.000000,412,60,0.936990,0.885590,4012.978136,0.708909,0.000000,0.075250,0.035362,0.204989,0.067738,0.137250,0.883649,0.127497,0.206568,0.079071,0.920994
c6_r150m,grid,6,150.000000,6,1.000000,415,60,0.878802,0.966054,5177.036152,0.913038,0.000000,0.089278,0.022220,0.191680,0.064639,0.127041,0.943000,0.121589,0.193842,0.072253,0.924205
c6_r150m,grid,6,150.000000,6,1.000000,418,60,0.864275,0.932019,4231.269394,0.514281,0.000000,0.078028,0.034465,0.194632,0.081731,0.112901,0.919380,0.119287,0.198407,0.079119,0.892315
c6_r150m,grid,6,150.000000,6,1.000000,416,60,0.927125,0.922072,4841.297455,0.692188,0.000000,0.089750,0.043213,0.204855,0.097772,0.107083,0.909029,0.118627,0.203363,0.084736,0.926923
c6_r150m,grid,6,150.000000,6,1.000000,413,60,0.970063,0.926433,5147.850808,0.840093,0.000000,0.092611,0.045192,0.209660,0.088028,0.121632,0.905867,0.123968,0.213869,0.089901,0.906374
c6_r150m,grid,6,150.000000,6,1.000000,417,60,0.857759,0.921529,3492.024907,0.656078,0.000000,0.071111,0.044397,0.197088,0.071104,0.125984,0.908016,0.122583,0.193088,0.070505,0.880942
c6_r150m,grid,6,150.000000,6,1.000000,419,60,0.862424,0.871947,4552.326737,0.494872,0.000000,0.087250,0.055552,0.215729,0.080076,0.135653,0.874716,0.124261,0.206385,0.082125,0.895332
c6_r150m,grid,6,150.000000,6,1.000000,414,60,0.829620,0.913090,4265.704850,0.246876,0.000000,0.073917,0.016413,0.221399,0.078534,0.142865,0.906158,0.130791,0.217375,0.086583,0.846692
c6_r150m,grid,6,150.000000,6,1.000000,421,60,0.729476,0.866293,2763.889729,0.698685,0.000000,0.054750,0.020031,0.177895,0.078205,0.099690,0.867819,0.104936,0.170481,0.065545,0.858315
c6_r150m,grid,6,150.000000,6,1.000000,429,60,0.484109,0.503848,1345.082410,0.785250,0.000000,0.019750,0.002762,0.161616,0.051628,0.109988,0.505499,0.086111,0.147050,0.060940,0.386698
c6_r150m,grid,6,150.000000,6,1.000000,424,60,0.743633,0.914456,3119.952047,0.827230,0.000000,0.061639,0.020946,0.179491,0.052632,0.126860,0.901898,0.115277,0.178991,0.063715,0.907679
c6_r150m,grid,6,150.000000,6,1.000000,430,60,0.898201,0.829837,3039.607349,0.423989,0.000000,0.062056,0.030427,0.197796,0.076023,0.121772,0.831996,0.126841,0.198387,0.071546,0.828995
c6_r150m,grid,6,150.000000,6,1.000000,441,60,0.362838,0.662178,1292.257471,0.719191,0.000000,0.021389,0.004852,0.160230,0.049236,0.110994,0.764870,0.083593,0.141002,0.057409,0.459078
c6_r150m,grid,6,150.000000,6,1.000000,440,60,0.093047,0.437135,684.866614,0.794939,0.000000,0.006389,0.001000,0.058704,0.036090,0.022614,0.426230,0.039056,0.091425,0.052370,0.356407
c6_r150m,grid,6,150.000000,6,1.000000,432,60,0.721848,0.897878,2955.206217,0.172782,0.000000,0.056250,0.033135,0.228794,0.092971,0.135823,0.897346,0.133103,0.197836,0.064732,0.899414
c6_r150m,grid,6,150.000000,6,1.000000,449,60,0.354535,0.619575,706.412722,0.927015,0.000000,0.007222,0.001328,0.117175,0.036620,0.080555,0.637014,0.058167,0.116635,0.058468,0.571109
c6_r150m,grid,6,150.000000,6,1.000000,442,60,0.920120,0.888562,2676.898799,0.826757,0.000000,0.054083,0.029337,0.194323,0.074627,0.119696,0.856300,0.120362,0.193441,0.073079,0.869098
c6_r150m,grid,6,150.000000,6,1.000000,434,60,0.791345,0.895142,1729.367064,0.936549,0.000000,0.032639,0.012240,0.187313,0.049065,0.138248,0.875545,0.119708,0.186212,0.066504,0.854421
c6_r150m,grid,6,150.000000,6,1.000000,420,60,0.710024,0.921776,3413.826425,0.651253,0.000000,0.068250,0.039966,0.180113,0.087149,0.092964,0.906414,0.111249,0.190558,0.079309,0.903194
c6_r150m,grid,6,150.000000,6,1.000000,425,60,0.930455,0.936938,3928.616666,0.776380,0.000000,0.077500,0.027866,0.203516,0.070878,0.132638,0.915119,0.115264,0.192131,0.076867,0.910093
c6_r150m,grid,6,150.000000,6,1.000000,427,60,0.953588,0.880288,2866.231047,0.251623,0.000000,0.060639,0.042073,0.219124,0.065109,0.154016,0.884586,0.139722,0.211053,0.071330,0.912657
c6_r150m,grid,6,150.000000,6,1.000000,436,60,0.871425,0.906746,4534.458663,0.395270,0.000000,0.079972,0.020653,0.207194,0.076129,0.131065,0.896708,0.127425,0.208909,0.081485,0.842523
c6_r150m,grid,6,150.000000,6,1.000000,438,60,0.803568,0.925137,3786.883070,0.617569,0.000000,0.071667,0.020998,0.187594,0.082019,0.105575,0.912864,0.108510,0.188086,0.079576,0.921810
c6_r150m,grid,6,150.000000,6,1.000000,422,60,0.833464,0.913884,5536.662540,0.375414,0.000000,0.093000,0.018542,0.213937,0.097561,0.116376,0.904784,0.116093,0.209871,0.093779,0.918563
c6_r150m,grid,6,150.000000,6,1.000000,433,60,0.895494,0.895244,4013.842217,0.855233,0.000000,0.074833,0.031669,0.200237,0.076923,0.123314,0.876769,0.121720,0.207759,0.086038,0.908972
c6_r150m,grid,6,150.000000,6,1.000000,423,60,0.890727,0.927486,4763.224292,0.460045,0.000000,0.088917,0.043139,0.217327,0.089552,0.127775,0.909924,0.125316,0.215051,0.089735,0.895970
c6_r150m,grid,6,150.000000,6,1.000000,428,60,0.895666,0.877350,3298.508540,0.762138,0.000000,0.065750,0.019772,0.189329,0.075138,0.114191,0.868536,0.113967,0.185899,0.071932,0.891411
c6_r150m,grid,6,150.000000,6,1.000000,444,60,0.944016,0.908268,3016.520615,0.923294,0.000000,0.061639,0.029599,0.198687,0.065811,0.132877,0.900479,0.122865,0.193476,0.070611,0.884882
c6_r150m,grid,6,150.000000,6,1.000000,448,60,0.846717,0.903605,4319.160551,0.690197,0.000000,0.083611,0.054769,0.200448,0.076923,0.123525,0.896972,0.117351,0.193459,0.076108,0.880227
c6_r150m,grid,6,150.000000,6,1.000000,446,60,0.904974,0.895532,4819.485124,0.837317,0.000000,0.085333,0.033176,0.198232,0.085914,0.112318,0.886315,0.120517,0.205946,0.085429,0.891876
c6_r150m,grid,6,150.000000,6,1.000000,431,60,0.899899,0.937786,4716.333763,0.526654,0.000000,0.089333,0.033202,0.216024,0.072961,0.143062,0.917033,0.122582,0.205090,0.082508,0.909699
c6_r150m,grid,6,150.000000,6,1.000000,439,60,0.928874,0.953884,4472.378746,0.858521,0.000000,0.081861,0.031343,0.185794,0.082353,0.103441,0.930974,0.118131,0.197712,0.079581,0.907862
c6_r150m,grid,6,150.000000,6,1.000000,435,60,0.799946,0.881828,4032.066227,0.851572,0.000000,0.075278,0.037991,0.203611,0.089374,0.114237,0.867465,0.114329,0.200350,0.086021,0.855701
c6_r150m,grid,6,150.000000,6,1.000000,426,60,0.919462,0.939040,5382.433350,0.757900,0.000000,0.101528,0.073927,0.229406,0.079046,0.150360,0.917486,0.134221,0.216550,0.082329,0.912076
c6_r150m,grid,6,150.000000,6,1.000000,447,60,0.851855,0.878373,4880.625790,0.847188,0.000000,0.085250,0.018143,0.193724,0.087902,0.105822,0.881933,0.112308,0.201401,0.089092,0.858732
c6_r150m,grid,6,150.000000,6,1.000000,437,60,0.904811,0.886091,5465.126679,0.754586,0.000000,0.098167,0.051560,0.218400,0.098361,0.120040,0.872050,0.123609,0.210193,0.086584,0.926345
c6_r150m,grid,6,150.000000,6,1.000000,443,60,0.896130,0.889301,4695.631285,0.600832,0.000000,0.086111,0.042153,0.201411,0.065789,0.135621,0.877982,0.115155,0.206132,0.090977,0.901955
c6_r150m,grid,6,150.000000,6,1.000000,445,60,0.875303,0.943310,5246.160870,0.766698,0.000000,0.093556,0.039281,0.217486,0.094368,0.123117,0.926682,0.104236,0.195881,0.091645,0.909487
c6_r300m,grid,6,300.000000,6,1.000000,406,60,0.751811,0.832428,5168.901213,0.665237,0.000000,0.198333,1.153173,0.361611,0.181099,0.180511,0.825516,0.171942,0.343565,0.171623,0.805861
c6_r300m,grid,6,300.000000,6,1.000000,403,60,0.838190,0.845721,4815.967404,0.699098,0.000000,0.189528,1.083650,0.356419,0.166867,0.189551,0.830673,0.181385,0.350514,0.169129,0.837187
c6_r300m,grid,6,300.000000,6,1.000000,401,60,0.864673,0.883148,4700.315446,0.781694,0.000000,0.195361,1.184013,0.356306,0.162177,0.194129,0.877739,0.186175,0.349043,0.162868,0.877669
c6_r300m,grid,6,300.000000,6,1.000000,400,60,0.854186,0.848659,5269.662890,0.837794,0.000000,0.193111,1.061158,0.344691,0.160504,0.184187,0.839318,0.181427,0.348839,0.167412,0.837455
c6_r300m,grid,6,300.000000,6,1.000000,404,60,0.848693,0.819173,5037.346787,0.821955,0.000000,0.192861,1.096938,0.358312,0.175972,0.182340,0.811170,0.182633,0.352526,0.169893,0.839546
c6_r300m,grid,6,300.000000,6,1.000000,407,60,0.842973,0.906660,5114.129917,0.751938,0.000000,0.201333,1.185670,0.347924,0.173333,0.174590,0.893356,0.185107,0.351810,0.166703,0.865516
c6_r300m,grid,6,300.000000,6,1.000000,402,60,0.915749,0.907996,5306.471602,0.755245,0.000000,0.209000,1.257926,0.353848,0.180588,0.173260,0.893088,0.187656,0.354660,0.167004,0.854743
c6_r300m,grid,6,300.000000,6,1.000000,412,60,0.859821,0.876962,5114.801106,0.482185,0.000000,0.203278,1.212788,0.364485,0.180840,0.183644,0.868233,0.183185,0.352667,0.169482,0.865332
c6_r300m,grid,6,300.000000,6,1.000000,405,60,0.722188,0.870036,4983.293673,0.434996,0.000000,0.188694,1.051370,0.341825,0.165935,0.175891,0.860127,0.168619,0.343215,0.174596,0.854374
c6_r300m,grid,6,300.000000,6,1.000000,408,60,0.866641,0.884716,4837.262404,0.657786,0.000000,0.188417,1.069026,0.337679,0.164278,0.173402,0.877233,0.185976,0.355332,0.169355,0.855699
c6_r300m,grid,6,300.000000,6,1.000000,413,60,0.871536,0.864685,5381.688411,0.724330,0.000000,0.205222,1.199178,0.361034,0.191117,0.169917,0.856545,0.179635,0.357600,0.177965,0.868589
c6_r300m,grid,6,300.000000,6,1.000000,411,60,0.832686,0.916145,5271.780174,0.689905,0.000000,0.207139,1.236692,0.349164,0.179114,0.170050,0.900878,0.169394,0.342604,0.173210,0.869817
c6_r300m,grid,6,300.000000,6,1.000000,409,60,0.844609,0.862981,5326.777343,0.650027,0.000000,0.197139,1.112681,0.346501,0.168040,0.178461,0.857933,0.182054,0.352340,0.170287,0.869718
c6_r300m,grid,6,300.000000,6,1.000000,414,60,0.810047,0.908973,5192.320943,0.432555,0.000000,0.207389,1.254307,0.358876,0.166359,0.192518,0.895080,0.175146,0.342598,0.167452,0.877401
c6_r300m,grid,6,300.000000,6,1.000000,410,60,0.826447,0.893036,5402.822587,0.718108,0.000000,0.204028,1.183966,0.360883,0.165341,0.195542,0.885685,0.181892,0.354574,0.172682,0.873111
c6_r300m,grid,6,300.000000,6,1.000000,415,60,0.872503,0.911402,4963.769368,0.803878,0.000000,0.187056,1.044446,0.346763,0.165718,0.181045,0.902442,0.188808,0.351139,0.162331,0.846409
c6_r300m,grid,6,300.000000,6,1.000000,420,60,0.793583,0.830965,5109.825296,0.759279,0.000000,0.196194,1.128978,0.357444,0.173159,0.184286,0.828958,0.175693,0.349355,0.173661,0.810797
c6_r300m,grid,6,300.000000,6,1.000000,417,60,0.878802,0.868166,5305.328400,0.698005,0.000000,0.199361,1.136904,0.352783,0.201287,0.151496,0.856852,0.174634,0.352243,0.177609,0.861098
c6_r300m,grid,6,300.000000,6,1.000000,422,60,0.796374,0.855094,5104.414293,0.772970,0.000000,0.195889,1.125257,0.353497,0.164087,0.189410,0.850975,0.180738,0.351881,0.171143,0.825585
c6_r300m,grid,6,300.000000,6,1.000000,418,60,0.836635,0.906718,4726.705075,0.602887,0.000000,0.190750,1.108958,0.344228,0.176692,0.167537,0.891132,0.183062,0.347880,0.164818,0.891021
c6_r300m,grid,6,300.000000,6,1.000000,416,60,0.840024,0.900496,4776.929900,0.725376,0.000000,0.186389,1.051273,0.337461,0.183044,0.154416,0.893063,0.180537,0.348577,0.168041,0.884707
c6_r300m,grid,6,300.000000,6,1.000000,419,60,0.900777,0.874125,4846.651404,0.811591,0.000000,0.195917,1.155422,0.353856,0.154321,0.199535,0.861720,0.186497,0.351615,0.165118,0.830365
c6_r300m,grid,6,300.000000,6,1.000000,421,60,0.830489,0.887786,4697.800130,0.582516,0.000000,0.187083,1.073605,0.359010,0.152841,0.206169,0.873245,0.187846,0.352032,0.164185,0.856003
c6_r300m,grid,6,300.000000,6,1.000000,425,60,0.802048,0.881113,4913.526454,0.739819,0.000000,0.190361,1.078103,0.345749,0.165743,0.180006,0.866041,0.176940,0.346794,0.169854,0.824693
c6_r300m,grid,6,300.000000,6,1.000000,423,60,0.878096,0.837933,5318.210034,0.882887,0.000000,0.200861,1.146413,0.361339,0.167117,0.194222,0.832763,0.192181,0.361040,0.168859,0.790411
c6_r300m,grid,6,300.000000,6,1.000000,426,60,0.858779,0.864549,4995.073036,0.691955,0.000000,0.196167,1.151925,0.361685,0.177606,0.184079,0.859487,0.177692,0.347275,0.169583,0.874002
c6_r300m,grid,6,300.000000,6,1.000000,429,60,0.761817,0.884660,5325.712050,0.435043,0.000000,0.197306,1.116099,0.351120,0.179927,0.171192,0.870705,0.188651,0.359960,0.171309,0.832919
c6_r300m,grid,6,300.000000,6,1.000000,427,60,0.848556,0.912863,5201.103227,0.716161,0.000000,0.205361,1.223632,0.354772,0.167105,0.187667,0.902314,0.171447,0.344300,0.172854,0.909018
c6_r300m,grid,6,300.000000,6,1.000000,428,60,0.843461,0.874646,5130.994436,0.663342,0.000000,0.192639,1.081110,0.345722,0.171505,0.174217,0.850394,0.182569,0.351727,0.169158,0.790628
c6_r300m,grid,6,300.000000,6,1.000000,431,60,0.833503,0.767184,5032.317823,0.833474,0.000000,0.181222,0.964758,0.336299,0.165675,0.170624,0.764506,0.178344,0.347065,0.168721,0.763155
c6_r300m,grid,6,300.000000,6,1.000000,424,60,0.808612,0.898118,5148.681664,0.542968,0.000000,0.194444,1.101128,0.349142,0.158998,0.190144,0.883743,0.182106,0.350117,0.168011,0.892577
c6_r300m,grid,6,300.000000,6,1.000000,430,60,0.847644,0.912310,5450.769290,0.812244,0.000000,0.205167,1.184948,0.347261,0.187159,0.160102,0.895632,0.179926,0.345929,0.166003,0.874905
c6_r300m,grid,6,300.000000,6,1.000000,433,60,0.808070,0.826086,5559.566906,0.385939,0.000000,0.189083,0.990026,0.356642,0.184565,0.172077,0.823317,0.167515,0.346025,0.178511,0.863479
c6_r300m,grid,6,300.000000,6,1.000000,432,60,0.821414,0.813213,5253.624715,0.466399,0.000000,0.202639,1.193153,0.357511,0.160315,0.197196,0.807974,0.184952,0.353682,0.168729,0.839840
c6_r300m,grid,6,300.000000,6,1.000000,434,60,0.846626,0.894320,5155.041126,0.358962,0.000000,0.197833,1.143651,0.351794,0.164196,0.187597,0.881270,0.185617,0.354352,0.168735,0.879683
c6_r300m,grid,6,300.000000,6,1.000000,435,60,0.784319,0.786636,4711.787916,0.645096,0.000000,0.176083,0.943056,0.340384,0.167475,0.172909,0.783676,0.178976,0.339968,0.160993,0.822374
c6_r300m,grid,6,300.000000,6,1.000000,437,60,0.818827,0.799732,4971.757371,0.693760,0.000000,0.192139,1.098266,0.354340,0.164265,0.190075,0.793875,0.187311,0.354876,0.167565,0.854801
c6_r300m,grid,6,300.000000,6,1.000000,438,60,0.800371,0.855048,5095.316627,0.576798,0.000000,0.191583,1.075989,0.352136,0.161485,0.190651,0.842908,0.177413,0.349365,0.171951,0.848631
c6_r300m,grid,6,300.000000,6,1.000000,439,60,0.803281,0.907109,5359.368435,0.843490,0.000000,0.202139,1.164694,0.344032,0.173445,0.170587,0.893659,0.187217,0.353699,0.166482,0.826971
c6_r300m,grid,6,300.000000,6,1.000000,440,60,0.854159,0.891889,5019.168247,0.526761,0.000000,0.196889,1.146271,0.350511,0.175837,0.174674,0.883051,0.182816,0.356398,0.173582,0.871223
c6_r300m,grid,6,300.000000,6,1.000000,436,60,0.816802,0.887071,5306.307475,0.634110,0.000000,0.197833,1.125062,0.349796,0.161551,0.188246,0.877174,0.175649,0.348874,0.173226,0.873365
c6_r300m,grid,6,300.000000,6,1.000000,442,60,0.819240,0.908035,5303.807783,0.643721,0.000000,0.192222,1.053218,0.336175,0.164727,0.171448,0.891162,0.172865,0.345516,0.172651,0.905559
c6_r300m,grid,6,300.000000,6,1.000000,447,60,0.708983,0.855486,5167.066769,0.801878,0.000000,0.184611,0.983192,0.316074,0.158407,0.157667,0.853361,0.167314,0.340458,0.173145,0.841725
c6_r300m,grid,6,300.000000,6,1.000000,443,60,0.777446,0.872511,5239.908606,0.769532,0.000000,0.192306,1.060053,0.335214,0.177404,0.157810,0.859596,0.180355,0.347930,0.167575,0.866835
c6_r300m,grid,6,300.000000,6,1.000000,441,60,0.862012,0.877077,5285.562236,0.738600,0.000000,0.200722,1.155161,0.349569,0.185688,0.163882,0.863001,0.184341,0.352791,0.168451,0.861391
c6_r300m,grid,6,300.000000,6,1.000000,444,60,0.895927,0.887746,4767.219147,0.654019,0.000000,0.188472,1.080681,0.345596,0.159506,0.186090,0.873264,0.189275,0.351735,0.162461,0.838549
c6_r300m,grid,6,300.000000,6,1.000000,448,60,0.852192,0.871131,5069.653842,0.568607,0.000000,0.200028,1.176120,0.356365,0.176110,0.180255,0.860272,0.182101,0.352481,0.170381,0.852415
c6_r300m,grid,6,300.000000,6,1.000000,446,60,0.767970,0.869343,5250.155487,0.666878,0.000000,0.188417,1.024802,0.333255,0.191895,0.141360,0.861322,0.173611,0.346844,0.173232,0.878320
c6_r300m,grid,6,300.000000,6,1.000000,445,60,0.840076,0.915637,5283.411957,0.853027,0.000000,0.200556,1.156864,0.350807,0.152369,0.198439,0.898393,0.173359,0.345991,0.172632,0.871513
c6_r300m,grid,6,300.000000,6,1.000000,449,60,0.851574,0.876663,5165.519912,0.784653,0.000000,0.199028,1.159279,0.362208,0.172742,0.189467,0.873859,0.178896,0.350647,0.171752,0.872260
c6_r600m,grid,6,600.000000,6,1.000000,401,60,0.640142,0.805486,5130.437659,0.839952,0.000000,0.374778,3.338888,0.534272,0.338894,0.195378,0.800292,0.218733,0.562269,0.343536,0.693549
c6_r600m,grid,6,600.000000,6,1.000000,406,60,0.591244,0.717252,5101.333912,0.476385,0.000000,0.368278,3.270522,0.547254,0.355297,0.191957,0.707137,0.194651,0.539765,0.345115,0.670427
c6_r600m,grid,6,600.000000,6,1.000000,407,60,0.705929,0.758716,4979.950299,0.758603,0.000000,0.375806,3.365757,0.556853,0.352010,0.204842,0.746542,0.191581,0.533003,0.341421,0.769350
c6_r600m,grid,6,600.000000,6,1.000000,403,60,0.756298,0.835805,5300.288217,0.532060,0.000000,0.403083,3.646691,0.573708,0.343450,0.230258,0.830191,0.220455,0.566149,0.345694,0.784477
c6_r600m,grid,6,600.000000,6,1.000000,405,60,0.822332,0.807689,5309.600733,0.655421,0.000000,0.398444,3.589408,0.572716,0.333112,0.239604,0.796930,0.227550,0.568295,0.340745,0.716745
c6_r600m,grid,6,600.000000,6,1.000000,409,60,0.688056,0.786413,5012.579066,0.717589,0.000000,0.384222,3.463549,0.549519,0.351702,0.197817,0.777477,0.198643,0.545513,0.346870,0.747158
c6_r600m,grid,6,600.000000,6,1.000000,404,60,0.758053,0.810098,5169.299801,0.573307,0.000000,0.377111,3.361978,0.550237,0.346295,0.203942,0.803224,0.186279,0.527975,0.341695,0.805013
c6_r600m,grid,6,600.000000,6,1.000000,400,60,0.743010,0.865587,4730.722285,0.850311,0.000000,0.385917,3.505903,0.560925,0.345037,0.215888,0.853495,0.201493,0.542194,0.340700,0.831997
c6_r600m,grid,6,600.000000,6,1.000000,411,60,0.774157,0.763905,5265.765796,0.683757,0.000000,0.393528,3.545139,0.564774,0.349186,0.215588,0.759328,0.221501,0.569703,0.348202,0.778956
c6_r600m,grid,6,600.000000,6,1.000000,412,60,0.635609,0.860127,5156.632142,0.469465,0.000000,0.392194,3.545522,0.551098,0.360626,0.190473,0.850973,0.185446,0.527783,0.342336,0.761160
c6_r600m,grid,6,600.000000,6,1.000000,410,60,0.815266,0.865251,4762.678078,0.651118,0.000000,0.404639,3.726964,0.581525,0.348311,0.233214,0.856062,0.216467,0.555731,0.339264,0.846150
c6_r600m,grid,6,600.000000,6,1.000000,402,60,0.774607,0.875309,4982.738112,0.568418,0.000000,0.390028,3.527139,0.557360,0.333561,0.223798,0.864970,0.207684,0.548757,0.341072,0.843771
c6_r600m,grid,6,600.000000,6,1.000000,408,60,0.704233,0.841794,5053.547529,0.861139,0.000000,0.383167,3.426222,0.540381,0.317498,0.222883,0.829524,0.207125,0.546143,0.339018,0.835512
c6_r600m,grid,6,600.000000,6,1.000000,413,60,0.721625,0.758348,4445.036431,0.684840,0.000000,0.366167,3.315100,0.545488,0.322417,0.223071,0.753811,0.211050,0.545829,0.334779,0.802884
c8_r15m,grid,8,15.000000,6,1.000000,400,60,0.480915,0.385111,4030.664931,0.463623,0.000000,0.006361,0.001000,0.000000,0.111111,-0.111111,0.181818,0.088889,0.100000,0.011111,0.342045
c8_r15m,grid,8,15.000000,6,1.000000,401,60,0.245135,0.641742,1730.247951,0.421089,0.000000,0.002944,0.001000,0.000000,0.000000,0.000000,0.000000,0.012879,0.012879,0.000000,0.369144
c8_r15m,grid,8,15.000000,6,1.000000,403,60,0.310089,0.265611,2033.763197,0.696722,0.000000,0.003000,0.001000,0.250000,0.000000,0.250000,0.235294,0.005000,0.025000,0.020000,0.026863
c8_r15m,grid,8,15.000000,6,1.000000,404,60,0.416460,0.369544,1675.021538,0.797178,0.000000,0.002778,0.001000,0.000000,0.000000,0.000000,0.000000,0.000000,0.000000,0.000000,0.232121
c8_r15m,grid,8,15.000000,6,1.000000,402,60,0.285597,0.594716,2591.261834,0.679565,0.000000,0.004361,0.001000,0.000000,0.000000,0.000000,0.375000,0.016667,0.016667,0.000000,0.345082
c8_r15m,grid,8,15.000000,6,1.000000,406,60,0.510069,0.397969,4381.209722,0.721064,0.000000,0.007528,0.001000,0.000000,0.000000,0.000000,0.000000,0.013794,0.051294,0.037500,0.485755
c8_r15m,grid,8,15.000000,6,1.000000,405,60,0.404925,0.184360,3642.053508,0.653454,0.000000,0.006194,0.001000,0.000000,0.000000,0.000000,0.200000,0.100641,0.108333,0.007692,0.162626
c8_r15m,grid,8,15.000000,6,1.000000,407,60,0.302233,0.359645,4300.550540,0.449056,0.000000,0.006972,0.001000,0.333333,0.000000,0.333333,0.428571,0.066667,0.066667,0.000000,0.135980
c8_r15m,grid,8,15.000000,6,1.000000,409,60,0.390904,0.263814,2830.060109,0.450782,0.000000,0.004833,0.001000,0.000000,0.000000,0.000000,0.000000,0.040000,0.040000,0.000000,0.247619
c8_r15m,grid,8,15.000000,6,1.000000,408,60,0.297374,0.546382,3320.559832,0.683551,0.000000,0.005500,0.001000,0.000000,0.200000,-0.200000,0.642857,-0.007962,0.040609,0.048571,0.606710
c8_r15m,grid,8,15.000000,6,1.000000,410,60,0.338538,0.359233,2020.133145,0.701900,0.000000,0.003056,0.001000,0.000000,0.000000,0.000000,0.000000,0.008929,0.021429,0.012500,0.235597
c8_r15m,grid,8,15.000000,6,1.000000,411,60,0.468644,0.282633,3773.036896,0.592914,0.000000,0.005917,0.001000,0.000000,0.000000,0.000000,0.000000,0.019167,0.045833,0.026667,0.342825
c8_r15m,grid,8,15.000000,6,1.000000,413,60,0.675656,0.157042,2082.745657,0.719954,0.000000,0.003361,0.001000,0.000000,0.000000,0.000000,0.000000,-0.022549,0.000000,0.022549,0.125311
c8_r15m,grid,8,15.000000,6,1.000000,412,60,0.493309,0.311886,3475.730407,0.653590,0.000000,0.005333,0.001000,0.000000,0.000000,0.000000,0.625000,0.033333,0.033333,0.000000,0.409315
c6_r600m,grid,6,600.000000,6,1.000000,415,60,0.689395,0.757915,5185.416983,0.823221,0.000000,0.382333,3.414085,0.553353,0.331244,0.222109,0.756453,0.214914,0.557470,0.342556,0.688868
c6_r600m,grid,6,600.000000,6,1.000000,417,60,0.809241,0.844667,5113.176866,0.855307,0.000000,0.401944,3.656108,0.567912,0.347604,0.220308,0.841219,0.233955,0.577546,0.343591,0.793914
c6_r600m,grid,6,600.000000,6,1.000000,426,60,0.683330,0.754140,5434.269198,0.625683,0.000000,0.387667,3.466360,0.562286,0.356013,0.206273,0.750528,0.219824,0.566857,0.347032,0.699020
c6_r600m,grid,6,600.000000,6,1.000000,414,60,0.741869,0.888481,5176.617733,0.779806,0.000000,0.405278,3.693068,0.565353,0.373822,0.191531,0.874722,0.207726,0.559445,0.351719,0.829897
c6_r600m,grid,6,600.000000,6,1.000000,418,60,0.777854,0.808538,4963.631754,0.790472,0.000000,0.387528,3.490748,0.556727,0.340181,0.216546,0.799330,0.207350,0.552352,0.345003,0.811955
c6_r600m,grid,6,600.000000,6,1.000000,421,60,0.778311,0.752098,5179.128103,0.757769,0.000000,0.388583,3.493475,0.564257,0.359345,0.204912,0.738972,0.218912,0.559148,0.340236,0.739072
c6_r600m,grid,6,600.000000,6,1.000000,419,60,0.857960,0.799657,5116.580212,0.812093,0.000000,0.391750,3.519585,0.558377,0.330375,0.228003,0.793951,0.220858,0.558727,0.337870,0.850921
c6_r600m,grid,6,600.000000,6,1.000000,420,60,0.825008,0.850958,4886.995715,0.526755,0.000000,0.388639,3.526669,0.572738,0.347566,0.225171,0.840744,0.221611,0.561308,0.339697,0.833218
c6_r600m,grid,6,600.000000,6,1.000000,422,60,0.737347,0.705022,4870.290066,0.834013,0.000000,0.372000,3.332275,0.564345,0.336792,0.227553,0.698851,0.222326,0.559683,0.337356,0.795150
c6_r600m,grid,6,600.000000,6,1.000000,416,60,0.870954,0.823580,5265.329342,0.496256,0.000000,0.403944,3.664094,0.581800,0.353132,0.228667,0.802827,0.223663,0.569592,0.345929,0.881214
c6_r600m,grid,6,600.000000,6,1.000000,428,60,0.697682,0.859998,4888.230824,0.651909,0.000000,0.378944,3.405493,0.543052,0.328042,0.215010,0.851552,0.192484,0.537550,0.345066,0.872454
c6_r600m,grid,6,600.000000,6,1.000000,425,60,0.867194,0.900192,5269.684286,0.799113,0.000000,0.426861,3.938474,0.589250,0.347661,0.241589,0.883822,0.216040,0.559842,0.343803,0.846210
c8_r15m,grid,8,15.000000,6,1.000000,414,60,0.200344,0.289723,3173.149834,0.579142,0.000000,0.005194,0.001000,0.000000,0.000000,0.000000,0.166667,-0.016252,0.000000,0.016252,0.260139
c6_r600m,grid,6,600.000000,6,1.000000,424,60,0.780293,0.855796,5482.241391,0.758235,0.000000,0.403111,3.624171,0.559371,0.337533,0.221838,0.848627,0.213412,0.555479,0.342067,0.818768
c6_r600m,grid,6,600.000000,6,1.000000,427,60,0.642433,0.806517,5243.985745,0.686895,0.000000,0.390889,3.521161,0.552164,0.336281,0.215883,0.802799,0.199761,0.544411,0.344651,0.818224
c6_r600m,grid,6,600.000000,6,1.000000,423,60,0.798544,0.876953,5245.887736,0.574284,0.000000,0.410417,3.752333,0.572610,0.335031,0.237579,0.867172,0.228207,0.573769,0.345562,0.850168
c6_r600m,grid,6,600.000000,6,1.000000,430,60,0.604012,0.827823,4766.303652,0.695791,0.000000,0.378972,3.428958,0.540647,0.348060,0.192587,0.812999,0.190766,0.537895,0.347129,0.792336
c8_r15m,grid,8,15.000000,6,1.000000,415,60,0.354969,0.325038,1671.690972,0.682839,0.000000,0.003139,0.001000,0.000000,0.000000,0.000000,0.333333,0.000000,0.000000,0.000000,0.101865
c8_r15m,grid,8,15.000000,6,1.000000,416,60,0.163876,0.555416,2088.393733,0.529179,0.000000,0.003500,0.001000,0.000000,0.000000,0.000000,0.454545,0.000000,0.000000,0.000000,0.369386
c6_r600m,grid,6,600.000000,6,1.000000,431,60,0.608765,0.852494,4885.553434,0.687657,0.000000,0.375472,3.367003,0.531156,0.340278,0.190879,0.841461,0.212438,0.556057,0.343619,0.839211
c8_r15m,grid,8,15.000000,6,1.000000,418,60,0.281683,0.175005,3237.646021,0.722653,0.000000,0.004889,0.001000,0.000000,0.000000,0.000000,0.571429,0.000000,0.000000,0.000000,0.148984
c8_r15m,grid,8,15.000000,6,1.000000,417,60,0.304513,0.310043,1952.342342,0.693748,0.000000,0.003417,0.001000,0.000000,0.000000,0.000000,0.666667,-0.006667,0.000000,0.006667,0.354146
c6_r600m,grid,6,600.000000,6,1.000000,429,60,0.744321,0.830159,5403.692324,0.794044,0.000000,0.386194,3.440559,0.553127,0.334816,0.218311,0.825752,0.217284,0.562605,0.345321,0.857721
c8_r15m,grid,8,15.000000,6,1.000000,419,60,0.242812,0.248220,4266.174473,0.630435,0.000000,0.007278,0.001000,0.000000,0.000000,0.000000,0.000000,0.018333,0.025000,0.006667,0.175397
c8_r15m,grid,8,15.000000,6,1.000000,420,60,0.373052,0.708604,1091.070590,0.370533,0.000000,0.001472,0.001000,0.000000,0.000000,0.000000,0.000000,0.012500,0.012500,0.000000,0.233333
c8_r15m,grid,8,15.000000,6,1.000000,422,60,0.568733,0.455468,1969.627632,0.650676,0.000000,0.003167,0.001000,0.000000,0.000000,0.000000,0.666667,-0.036310,0.000000,0.036310,0.154762
c6_r600m,grid,6,600.000000,6,1.000000,442,60,0.791280,0.871685,4746.896178,0.554427,0.000000,0.395917,3.623387,0.562457,0.358904,0.203553,0.865494,0.206012,0.548813,0.342801,0.818947
c8_r15m,grid,8,15.000000,6,1.000000,421,60,0.326740,0.650793,2848.562347,0.497598,0.000000,0.004750,0.001000,0.000000,0.000000,0.000000,0.888889,0.000000,0.000000,0.000000,0.432156
c8_r15m,grid,8,15.000000,6,1.000000,423,60,0.161460,0.263212,2754.686897,0.492158,0.000000,0.005111,0.001000,0.000000,0.000000,0.000000,0.000000,-0.005882,0.000000,0.005882,0.114355
c6_r600m,grid,6,600.000000,6,1.000000,432,60,0.622163,0.905488,4991.589805,0.398028,0.000000,0.374306,3.342564,0.526452,0.327617,0.198834,0.895536,0.167057,0.511142,0.344085,0.853446
c6_r600m,grid,6,600.000000,6,1.000000,436,60,0.882041,0.789273,5539.790213,0.701758,0.000000,0.404611,3.637643,0.585138,0.330621,0.254518,0.781594,0.234314,0.581765,0.347451,0.780390
c6_r600m,grid,6,600.000000,6,1.000000,447,60,0.836517,0.745967,4822.294359,0.466084,0.000000,0.377722,3.394403,0.561608,0.343568,0.218039,0.743714,0.228846,0.569291,0.340445,0.680495
c8_r15m,grid,8,15.000000,6,1.000000,424,60,0.324050,0.438544,3082.320316,0.681858,0.000000,0.004417,0.001000,0.000000,0.000000,0.000000,0.687500,0.032692,0.032692,0.000000,0.298455
c6_r600m,grid,6,600.000000,6,1.000000,433,60,0.797886,0.820166,5464.848632,0.769753,0.000000,0.399778,3.597729,0.565301,0.339286,0.226015,0.808134,0.235826,0.577500,0.341674,0.801236
c8_r15m,grid,8,15.000000,6,1.000000,425,60,0.366727,0.384398,2191.175731,0.467075,0.000000,0.003250,0.001000,0.000000,0.000000,0.000000,0.307692,0.000758,0.009091,0.008333,0.322112
c6_r600m,grid,6,600.000000,6,1.000000,439,60,0.560218,0.868373,4825.965505,0.572666,0.000000,0.368222,3.288580,0.519111,0.360862,0.158249,0.856531,0.160518,0.498729,0.338211,0.840334
c6_r600m,grid,6,600.000000,6,1.000000,434,60,0.792822,0.824430,4807.455222,0.613290,0.000000,0.386917,3.515821,0.559916,0.339097,0.220819,0.809183,0.213107,0.557992,0.344885,0.796643
c6_r600m,grid,6,600.000000,6,1.000000,440,60,0.587684,0.779299,5029.717429,0.530841,0.000000,0.362472,3.209429,0.532850,0.345366,0.187484,0.767592,0.186244,0.527516,0.341272,0.777804
c8_r15m,grid,8,15.000000,6,1.000000,426,60,0.460644,0.440477,3609.174739,0.518097,0.000000,0.005889,0.001000,0.000000,0.000000,0.000000,0.687500,0.000000,0.000000,0.000000,0.425032
c8_r15m,grid,8,15.000000,6,1.000000,427,60,0.457356,0.523557,1840.223716,0.749894,0.000000,0.003194,0.001000,0.000000,0.000000,0.000000,0.666667,0.010000,0.010000,0.000000,0.487772
c6_r600m,grid,6,600.000000,6,1.000000,448,60,0.729625,0.788044,4661.113919,0.593851,0.000000,0.380194,3.459357,0.565266,0.330058,0.235209,0.782401,0.220953,0.556559,0.335606,0.788577
c6_r600m,grid,6,600.000000,6,1.000000,435,60,0.804616,0.865384,5086.070768,0.846798,0.000000,0.407278,3.723277,0.575004,0.330781,0.244223,0.848261,0.235413,0.568952,0.333539,0.856776
c6_r600m,grid,6,600.000000,6,1.000000,438,60,0.798236,0.849384,4819.040668,0.777331,0.000000,0.395583,3.619610,0.560629,0.351667,0.208962,0.837148,0.205417,0.552334,0.346917,0.807327
c8_r15m,grid,8,15.000000,6,1.000000,428,60,0.336542,0.479044,3000.823354,0.405101,0.000000,0.005444,0.001000,0.000000,0.000000,0.000000,0.000000,-0.036667,0.000000,0.036667,0.170090
c6_r600m,grid,6,600.000000,6,1.000000,437,60,0.754982,0.821778,5163.518395,0.734627,0.000000,0.402556,3.661674,0.568126,0.343511,0.224615,0.813962,0.216004,0.559646,0.343642,0.846501
c6_r600m,grid,6,600.000000,6,1.000000,441,60,0.832220,0.822287,4455.668365,0.722836,0.000000,0.364389,3.288230,0.554245,0.335328,0.218917,0.812908,0.215906,0.559895,0.343989,0.827992
c8_r15m,grid,8,15.000000,6,1.000000,429,60,0.450343,0.244077,3178.728224,0.822203,0.000000,0.005028,0.001000,0.000000,0.153846,-0.153846,0.350000,0.044495,0.066667,0.022171,0.235722
c6_r600m,grid,6,600.000000,6,1.000000,444,60,0.751359,0.815062,5254.458096,0.839464,0.000000,0.394056,3.542647,0.555519,0.335291,0.220228,0.810330,0.230260,0.570359,0.340099,0.812642
c8_r15m,grid,8,15.000000,6,1.000000,430,60,0.192734,0.301507,2531.914436,0.684496,0.000000,0.003694,0.001000,0.000000,0.000000,0.000000,0.000000,0.000000,0.000000,0.000000,0.339946
c8_r15m,grid,8,15.000000,6,1.000000,431,60,0.484881,0.190790,4141.988451,0.385032,0.000000,0.006333,0.001000,0.000000,0.000000,0.000000,0.000000,0.000000,0.000000,0.000000,0.184652
c6_r600m,grid,6,600.000000,6,1.000000,443,60,0.589811,0.814682,4445.686519,0.609800,0.000000,0.363722,3.301124,0.535161,0.340702,0.194459,0.803001,0.196454,0.537621,0.341167,0.794329
c6_r600m,grid,6,600.000000,6,1.000000,446,60,0.738389,0.815158,4228.742739,0.796699,0.000000,0.374861,3.447772,0.560991,0.346389,0.214603,0.813127,0.220428,0.556354,0.335926,0.844657
c8_r15m,grid,8,15.000000,6,1.000000,432,60,0.555472,0.494034,2792.739327,0.518251,0.000000,0.004611,0.001000,0.000000,0.000000,0.000000,0.764706,0.009091,0.009091,0.000000,0.205006
c6_r600m,grid,6,600.000000,6,1.000000,445,60,0.830894,0.856127,5024.081428,0.805471,0.000000,0.395583,3.578541,0.558440,0.335267,0.223173,0.843918,0.226433,0.569794,0.343360,0.826215
c8_r15m,grid,8,15.000000,6,1.000000,433,60,0.446968,0.420355,2041.299836,0.496669,0.000000,0.002944,0.001000,0.000000,0.000000,0.000000,0.571429,0.063889,0.075000,0.011111,0.351039
c8_r15m,grid,8,15.000000,6,1.000000,435,60,0.411232,0.439549,1956.831411,0.815614,0.000000,0.003000,0.001000,0.166667,0.000000,0.166667,0.333333,0.036667,0.036667,0.000000,0.278167
c8_r15m,grid,8,15.000000,6,1.000000,436,60,0.332105,0.207197,2174.636069,0.502260,0.000000,0.003667,0.001000,0.000000,0.000000,0.000000,0.000000,0.083333,0.100000,0.016667,0.229361
c8_r15m,grid,8,15.000000,6,1.000000,437,60,0.545178,0.261025,1658.276783,0.549996,0.000000,0.002722,0.001000,0.000000,0.000000,0.000000,0.000000,-0.033333,0.016667,0.050000,0.176984
c8_r15m,grid,8,15.000000,6,1.000000,434,60,0.169700,0.298081,2359.798591,0.545849,0.000000,0.003611,0.001000,0.000000,0.000000,0.000000,0.142857,0.036340,0.042222,0.005882,0.315022
c8_r15m,grid,8,15.000000,6,1.000000,439,60,0.379346,0.297550,4546.768582,0.765667,0.000000,0.007861,0.001000,0.000000,0.000000,0.000000,0.111111,0.107669,0.110526,0.002857,0.334904
c8_r15m,grid,8,15.000000,6,1.000000,438,60,0.213561,0.546368,4931.093219,0.743574,0.000000,0.008222,0.001000,0.000000,0.000000,0.000000,0.625000,0.006835,0.020168,0.013333,0.592014
c8_r15m,grid,8,15.000000,6,1.000000,441,60,0.337430,0.279952,1274.324148,0.542275,0.000000,0.002028,0.001000,0.000000,0.000000,0.000000,0.000000,0.000000,0.000000,0.000000,0.279234
c8_r15m,grid,8,15.000000,6,1.000000,440,60,0.472877,0.341708,1694.424731,0.627461,0.000000,0.002500,0.001000,0.000000,0.000000,0.000000,1.000000,0.000000,0.000000,0.000000,0.349879
c6_r600m,grid,6,600.000000,6,1.000000,449,60,0.763145,0.842942,4330.400491,0.513691,0.000000,0.376889,3.455696,0.557149,0.345923,0.211227,0.834069,0.230877,0.563571,0.332694,0.847502
c8_r15m,grid,8,15.000000,6,1.000000,442,60,0.627872,0.286957,2213.663028,0.833705,0.000000,0.003611,0.001000,0.000000,0.000000,0.000000,0.000000,0.011111,0.011111,0.000000,0.145146
c8_r15m,grid,8,15.000000,6,1.000000,443,60,0.302512,0.502854,2933.101977,0.475112,0.000000,0.003722,0.001000,0.000000,0.142857,-0.142857,0.222222,-0.028501,0.000000,0.028501,0.230079
c8_r15m,grid,8,15.000000,6,1.000000,444,60,0.347475,0.446597,3972.096725,0.715463,0.000000,0.006722,0.001000,0.037037,0.000000,0.037037,0.931034,0.026643,0.030489,0.003846,0.333406
c8_r15m,grid,8,15.000000,6,1.000000,445,60,0.286520,0.141959,2415.856029,0.748122,0.000000,0.004417,0.001000,0.125000,0.000000,0.125000,0.421053,0.000000,0.012500,0.012500,0.064635
c8_r15m,grid,8,15.000000,6,1.000000,446,60,0.515682,0.540289,2770.963150,0.520764,0.000000,0.004250,0.001000,0.000000,0.000000,0.000000,0.500000,-0.020000,0.000000,0.020000,0.273142
c8_r15m,grid,8,15.000000,6,1.000000,447,60,0.687793,0.652459,1654.438775,0.801378,0.000000,0.002194,0.001000,0.000000,0.000000,0.000000,0.000000,-0.025000,0.000000,0.025000,0.243056
c8_r15m,grid,8,15.000000,6,1.000000,448,60,0.274928,0.189114,3144.422774,0.496831,0.000000,0.005083,0.001000,0.000000,0.052632,-0.052632,0.095238,-0.043549,0.000000,0.043549,0.138222
c8_r15m,grid,8,15.000000,6,1.000000,449,60,0.359928,0.227616,2611.328407,0.457682,0.000000,0.003944,0.001000,0.000000,0.083333,-0.083333,0.000000,0.004167,0.032500,0.028333,0.117172
c8_r37.5m,grid,8,37.500000,6,1.000000,400,60,0.350432,0.278386,3343.802834,0.726571,0.000000,0.013861,0.001000,0.077519,0.032882,0.044637,0.199690,0.038454,0.068876,0.030422,0.254533
c8_r37.5m,grid,8,37.500000,6,1.000000,401,60,0.377738,0.370103,2837.364981,0.746369,0.000000,0.011028,0.001000,0.049261,0.023490,0.025771,0.405190,0.040274,0.065070,0.024796,0.245239
c8_r37.5m,grid,8,37.500000,6,1.000000,402,60,0.224090,0.273613,3621.832669,0.801620,0.000000,0.015222,0.001000,0.060498,0.028419,0.032079,0.332938,0.022735,0.049009,0.026274,0.337001
c8_r37.5m,grid,8,37.500000,6,1.000000,403,60,0.367226,0.190697,4282.703210,0.624805,0.000000,0.018667,0.001000,0.085714,0.023891,0.061824,0.229961,0.046500,0.073299,0.026799,0.272118
c8_r37.5m,grid,8,37.500000,6,1.000000,405,60,0.360295,0.217711,2560.492152,0.653044,0.000000,0.010611,0.001000,0.051546,0.031700,0.019846,0.218468,0.030076,0.058488,0.028413,0.241844
c8_r37.5m,grid,8,37.500000,6,1.000000,404,60,0.299544,0.408339,3198.121169,0.695200,0.000000,0.013194,0.001000,0.041667,0.037736,0.003931,0.453608,0.017038,0.048900,0.031861,0.539924
c8_r37.5m,grid,8,37.500000,6,1.000000,406,60,0.369155,0.723204,1369.783779,0.720748,0.000000,0.005778,0.001000,0.100000,0.019231,0.080769,0.657895,0.029651,0.057711,0.028060,0.595203
c8_r37.5m,grid,8,37.500000,6,1.000000,407,60,0.502998,0.458831,3514.338322,0.743587,0.000000,0.014778,0.001000,0.061728,0.023091,0.038638,0.301489,0.025635,0.057670,0.032035,0.493170
c8_r37.5m,grid,8,37.500000,6,1.000000,408,60,0.318676,0.313140,1877.899815,0.670225,0.000000,0.007722,0.001000,0.064516,0.026846,0.037670,0.293839,0.015553,0.044488,0.028935,0.235534
c8_r37.5m,grid,8,37.500000,6,1.000000,409,60,0.285596,0.380379,3398.947346,0.856070,0.000000,0.013667,0.001000,0.060345,0.027094,0.033251,0.363636,0.032744,0.065293,0.032549,0.340956
c8_r37.5m,grid,8,37.500000,6,1.000000,410,60,0.542781,0.330020,3019.612962,0.722746,0.000000,0.013528,0.001000,0.075000,0.041558,0.033442,0.384000,0.033449,0.066972,0.033523,0.346600
c8_r37.5m,grid,8,37.500000,6,1.000000,413,60,0.551015,0.545194,1356.440503,0.795945,0.000000,0.005194,0.001000,0.049587,0.024242,0.025344,0.423077,0.049977,0.073235,0.023258,0.480952
c8_r37.5m,grid,8,37.500000,6,1.000000,411,60,0.365325,0.468736,2514.287430,0.471479,0.000000,0.009806,0.001000,0.011236,0.020408,-0.009172,0.266467,0.023628,0.060876,0.037248,0.256924
c8_r37.5m,grid,8,37.500000,6,1.000000,412,60,0.456283,0.376597,3689.035198,0.816539,0.000000,0.014944,0.001000,0.078231,0.025114,0.053117,0.401639,0.053858,0.084581,0.030722,0.406907
c8_r37.5m,grid,8,37.500000,6,1.000000,414,60,0.215751,0.281414,2954.423189,0.780831,0.000000,0.012833,0.001000,0.042254,0.042510,-0.000257,0.223270,0.023514,0.051711,0.028197,0.167941
c8_r37.5m,grid,8,37.500000,6,1.000000,416,60,0.474334,0.517544,2724.522241,0.723497,0.000000,0.011556,0.001000,0.103053,0.031884,0.071169,0.431631,0.043238,0.072082,0.028844,0.442773
c8_r37.5m,grid,8,37.500000,6,1.000000,415,60,0.418453,0.567186,1519.567401,0.557006,0.000000,0.006667,0.001000,0.045977,0.021390,0.024587,0.317518,0.059591,0.089819,0.030227,0.363827
c8_r37.5m,grid,8,37.500000,6,1.000000,417,60,0.304356,0.323839,1842.207139,0.583797,0.000000,0.007028,0.001000,0.043478,0.009662,0.033816,0.250000,0.019853,0.041023,0.021170,0.334136
c8_r37.5m,grid,8,37.500000,6,1.000000,418,60,0.239869,0.364210,1462.038220,0.575018,0.000000,0.005389,0.001000,0.023622,0.028037,-0.004415,0.542735,0.036501,0.060112,0.023611,0.560371
c8_r37.5m,grid,8,37.500000,6,1.000000,420,60,0.453188,0.189157,1616.592342,0.761757,0.000000,0.006361,0.001000,0.024096,0.020000,0.004096,0.249249,0.026661,0.051223,0.024562,0.203930
c8_r37.5m,grid,8,37.500000,6,1.000000,419,60,0.638619,0.464457,1801.621021,0.766428,0.000000,0.007444,0.001000,0.050505,0.017937,0.032568,0.470309,0.019218,0.044111,0.024892,0.481955
c8_r37.5m,grid,8,37.500000,6,1.000000,421,60,0.426554,0.324558,4024.504706,0.721233,0.000000,0.016639,0.001000,0.072398,0.028195,0.044203,0.293493,0.030108,0.060936,0.030829,0.239351
c8_r37.5m,grid,8,37.500000,6,1.000000,424,60,0.394932,0.359988,4315.614765,0.613200,0.000000,0.019639,0.001000,0.074689,0.049892,0.024797,0.343305,0.028193,0.061587,0.033394,0.284250
c8_r37.5m,grid,8,37.500000,6,1.000000,422,60,0.211922,0.379138,2808.679733,0.464065,0.000000,0.011306,0.001000,0.069231,0.026455,0.042776,0.407524,0.030281,0.059919,0.029638,0.415323
c8_r37.5m,grid,8,37.500000,6,1.000000,423,60,0.369747,0.327540,4279.049112,0.572776,0.000000,0.016889,0.001000,0.068493,0.024390,0.044103,0.348172,0.038787,0.072783,0.033996,0.365441
c8_r37.5m,grid,8,37.500000,6,1.000000,425,60,0.477349,0.580464,3111.429118,0.668488,0.000000,0.011222,0.001000,0.073746,0.029412,0.044335,0.624309,0.042348,0.072555,0.030207,0.521557
c8_r37.5m,grid,8,37.500000,6,1.000000,426,60,0.605291,0.403881,2036.807814,0.783468,0.000000,0.008667,0.001000,0.114943,0.043478,0.071464,0.486034,0.059061,0.087949,0.028888,0.352295
c8_r37.5m,grid,8,37.500000,6,1.000000,428,60,0.251813,0.318714,1458.752905,0.427590,0.000000,0.005083,0.001000,0.025316,0.019048,0.006269,0.429348,0.032178,0.050073,0.017895,0.256526
c8_r37.5m,grid,8,37.500000,6,1.000000,427,60,0.345272,0.223490,1505.496972,0.749377,0.000000,0.006278,0.001000,0.085366,0.008772,0.076594,0.418367,0.039471,0.061775,0.022304,0.311654
c8_r37.5m,grid,8,37.500000,6,1.000000,429,60,0.199467,0.404966,2506.808461,0.870465,0.000000,0.010222,0.001000,0.064815,0.027586,0.037229,0.426877,0.032267,0.060682,0.028414,0.463683
c8_r37.5m,grid,8,37.500000,6,1.000000,430,60,0.633317,0.822330,4406.049244,0.784047,0.000000,0.018833,0.001000,0.095302,0.026738,0.068564,0.799356,0.045630,0.077240,0.031610,0.849628
c8_r37.5m,grid,8,37.500000,6,1.000000,431,60,0.300864,0.347010,3059.784768,0.538315,0.000000,0.012389,0.001000,0.065574,0.031250,0.034324,0.416856,0.033818,0.064970,0.031151,0.414502
c8_r37.5m,grid,8,37.500000,6,1.000000,432,60,0.358781,0.392304,2402.867970,0.817230,0.000000,0.010333,0.001000,0.040892,0.031250,0.009642,0.512381,0.028342,0.051350,0.023008,0.528637
c8_r37.5m,grid,8,37.500000,6,1.000000,433,60,0.389750,0.292007,1241.643998,0.460644,0.000000,0.004528,0.001000,0.088235,0.027972,0.060263,0.192090,0.049032,0.078368,0.029336,0.288730
c8_r37.5m,grid,8,37.500000,6,1.000000,437,60,0.327181,0.260616,2235.206765,0.762844,0.000000,0.008972,0.001000,0.023622,0.026667,-0.003045,0.297424,0.031491,0.059481,0.027990,0.254656
c8_r37.5m,grid,8,37.500000,6,1.000000,435,60,0.455817,0.211540,3578.121888,0.671375,0.000000,0.014528,0.001000,0.052239,0.025424,0.026815,0.221122,0.044071,0.073320,0.029250,0.157200
c8_r37.5m,grid,8,37.500000,6,1.000000,434,60,0.411199,0.605965,2611.620243,0.549135,0.000000,0.010750,0.001000,0.035714,0.054054,-0.018340,0.694215,0.038611,0.067924,0.029313,0.662719
c8_r37.5m,grid,8,37.500000,6,1.000000,436,60,0.464384,0.307223,3871.275316,0.596513,0.000000,0.016111,0.001000,0.053763,0.018519,0.035245,0.329787,0.012780,0.046884,0.034103,0.410666
c8_r37.5m,grid,8,37.500000,6,1.000000,438,60,0.448455,0.549423,2639.225388,0.791173,0.000000,0.011056,0.001000,0.058989,0.037037,0.021952,0.687259,0.039700,0.070273,0.030573,0.660158
c8_r37.5m,grid,8,37.500000,6,1.000000,439,60,0.404813,0.444270,2012.126845,0.635401,0.000000,0.007694,0.001000,0.021583,0.020408,0.001175,0.414925,0.023513,0.049677,0.026164,0.436361
c8_r37.5m,grid,8,37.500000,6,1.000000,440,60,0.226638,0.287600,2349.529462,0.649987,0.000000,0.010472,0.001000,0.025806,0.038690,-0.012884,0.315682,0.021350,0.050082,0.028733,0.349245
c8_r37.5m,grid,8,37.500000,6,1.000000,441,60,0.268119,0.290080,3049.524352,0.762879,0.000000,0.013000,0.001000,0.061350,0.027088,0.034262,0.268977,0.022741,0.052741,0.030000,0.268682
c8_r37.5m,grid,8,37.500000,6,1.000000,443,60,0.550077,0.368902,3179.380962,0.741306,0.000000,0.012083,0.001000,0.084000,0.021739,0.062261,0.437063,0.041255,0.068589,0.027333,0.446723
c8_r37.5m,grid,8,37.500000,6,1.000000,442,60,0.240372,0.299016,4641.082722,0.690873,0.000000,0.017861,0.001000,0.058480,0.035971,0.022508,0.235213,0.029847,0.063496,0.033649,0.175006
c8_r37.5m,grid,8,37.500000,6,1.000000,444,60,0.532664,0.233073,4505.468086,0.572374,0.000000,0.018889,0.001000,0.056962,0.036220,0.020742,0.199243,0.063113,0.097685,0.034572,0.223582
c8_r37.5m,grid,8,37.500000,6,1.000000,446,60,0.282272,0.743270,1392.058021,0.880420,0.000000,0.005972,0.001000,0.073446,0.053333,0.020113,0.702381,0.039545,0.057420,0.017875,0.736806
c8_r37.5m,grid,8,37.500000,6,1.000000,448,60,0.268473,0.456565,1393.976234,0.570626,0.000000,0.005778,0.001000,0.053191,0.027397,0.025794,0.562874,0.026790,0.060210,0.033419,0.355844
c8_r37.5m,grid,8,37.500000,6,1.000000,447,60,0.193031,0.265373,2125.904854,0.592478,0.000000,0.009111,0.001000,0.044693,0.018293,0.026400,0.353057,0.017314,0.048508,0.031194,0.325639
c8_r37.5m,grid,8,37.500000,6,1.000000,445,60,0.294937,0.319904,4684.786145,0.699308,0.000000,0.018472,0.001000,0.042373,0.020243,0.022130,0.323288,0.025514,0.054304,0.028790,0.344824
c8_r37.5m,grid,8,37.500000,6,1.000000,449,60,0.486070,0.223056,2071.680941,0.605426,0.000000,0.008444,0.001000,0.104478,0.021277,0.083201,0.169192,0.051757,0.078205,0.026448,0.199697
c8_r75m,grid,8,75.000000,6,1.000000,400,60,0.333015,0.305400,2790.287688,0.695495,0.000000,0.024139,0.001000,0.063291,0.041436,0.021855,0.303846,0.036090,0.082586,0.046496,0.323928
c8_r75m,grid,8,75.000000,6,1.000000,403,60,0.372200,0.252231,2418.352492,0.428574,0.000000,0.021389,0.001000,0.090226,0.051763,0.038463,0.285255,0.040548,0.088232,0.047683,0.256001
c8_r75m,grid,8,75.000000,6,1.000000,401,60,0.663875,0.456577,2103.478676,0.671180,0.000000,0.019778,0.001000,0.099256,0.048193,0.051063,0.569746,0.050463,0.097484,0.047021,0.496621
c8_r75m,grid,8,75.000000,6,1.000000,402,60,0.470402,0.328977,2678.383451,0.565255,0.000000,0.022556,0.001000,0.104452,0.052434,0.052018,0.304325,0.051447,0.104145,0.052698,0.305327
c8_r75m,grid,8,75.000000,6,1.000000,404,60,0.445970,0.274949,2513.829689,0.546138,0.000000,0.023333,0.001000,0.117284,0.046578,0.070705,0.271470,0.075342,0.125008,0.049665,0.373382
c8_r75m,grid,8,75.000000,6,1.000000,405,60,0.255317,0.369762,3516.938672,0.674078,0.000000,0.030389,0.001000,0.071664,0.051335,0.020329,0.383934,0.031521,0.083038,0.051517,0.308952
c8_r75m,grid,8,75.000000,6,1.000000,406,60,0.253731,0.228805,4310.340577,0.564454,0.000000,0.035972,0.001000,0.095905,0.054241,0.041664,0.274556,0.037306,0.091179,0.053873,0.284673
c8_r75m,grid,8,75.000000,6,1.000000,407,60,0.498717,0.580287,1732.501975,0.574493,0.000000,0.016861,0.001000,0.138655,0.044922,0.093734,0.650273,0.067098,0.104956,0.037858,0.625721
c8_r75m,grid,8,75.000000,6,1.000000,410,60,0.431122,0.290841,1695.247497,0.512830,0.000000,0.014306,0.001000,0.108911,0.040737,0.068174,0.281533,0.058559,0.099587,0.041028,0.303237
c8_r75m,grid,8,75.000000,6,1.000000,408,60,0.348325,0.475695,2828.625121,0.729812,0.000000,0.023972,0.001000,0.074565,0.052378,0.022187,0.454101,0.028709,0.082223,0.053514,0.395922
c8_r75m,grid,8,75.000000,6,1.000000,411,60,0.322690,0.219897,2267.636932,0.503945,0.000000,0.018500,0.001000,0.089385,0.038278,0.051108,0.196595,0.046170,0.092888,0.046718,0.220056
c8_r75m,grid,8,75.000000,6,1.000000,409,60,0.283794,0.487570,2508.994128,0.784607,0.000000,0.021889,0.001000,0.064681,0.050682,0.013999,0.432940,0.030253,0.076636,0.046383,0.360280
c8_r75m,grid,8,75.000000,6,1.000000,412,60,0.458802,0.372578,2554.861309,0.765450,0.000000,0.021694,0.001000,0.087010,0.046735,0.040275,0.343146,0.049096,0.096275,0.047179,0.422300
c8_r75m,grid,8,75.000000,6,1.000000,413,60,0.395444,0.214901,2730.401548,0.455228,0.000000,0.024000,0.001000,0.068106,0.055822,0.012284,0.265432,0.051068,0.098886,0.047818,0.261801
c8_r75m,grid,8,75.000000,6,1.000000,414,60,0.390079,0.311921,3194.313867,0.323368,0.000000,0.028806,0.001000,0.122807,0.069676,0.053131,0.401644,0.043412,0.097229,0.053817,0.312741
c8_r75m,grid,8,75.000000,6,1.000000,415,60,0.487159,0.498554,4351.066793,0.290625,0.000000,0.036944,0.001000,0.100291,0.061063,0.039228,0.521805,0.058464,0.116075,0.057611,0.368567
c8_r75m,grid,8,75.000000,6,1.000000,416,60,0.381497,0.326285,2804.743683,0.251738,0.000000,0.025306,0.001000,0.095745,0.057621,0.038124,0.343902,0.053522,0.111680,0.058157,0.278701
c8_r75m,grid,8,75.000000,6,1.000000,418,60,0.457898,0.399074,2460.717078,0.456989,0.000000,0.021583,0.001000,0.096154,0.045070,0.051083,0.453566,0.047527,0.090641,0.043115,0.464381
c8_r75m,grid,8,75.000000,6,1.000000,419,60,0.182057,0.424513,1567.834878,0.646503,0.000000,0.013389,0.001000,0.058491,0.040570,0.017920,0.367545,0.027823,0.069450,0.041627,0.198154
c8_r75m,grid,8,75.000000,6,1.000000,417,60,0.203388,0.541971,2122.531150,0.644731,0.000000,0.020167,0.001000,0.092010,0.051688,0.040322,0.566529,0.023770,0.068249,0.044479,0.536703
c8_r75m,grid,8,75.000000,6,1.000000,420,60,0.311102,0.525418,2385.991597,0.824898,0.000000,0.020722,0.001000,0.073899,0.049579,0.024320,0.543358,0.034673,0.083347,0.048674,0.506134
c8_r75m,grid,8,75.000000,6,1.000000,421,60,0.396591,0.224910,2484.338104,0.219480,0.000000,0.020222,0.001000,0.109375,0.058366,0.051009,0.199377,0.078809,0.129677,0.050867,0.223518
c8_r75m,grid,8,75.000000,6,1.000000,422,60,0.553520,0.276762,1841.939747,0.705302,0.000000,0.014056,0.001000,0.083488,0.044737,0.038751,0.321024,0.049670,0.095998,0.046328,0.397612
c8_r75m,grid,8,75.000000,6,1.000000,424,60,0.360607,0.185688,2100.925009,0.540947,0.000000,0.016389,0.001000,0.102459,0.039199,0.063260,0.175287,0.059737,0.106405,0.046668,0.230225
c8_r75m,grid,8,75.000000,6,1.000000,427,60,0.380248,0.263881,2609.660605,0.446515,0.000000,0.020722,0.001000,0.074899,0.049702,0.025197,0.329333,0.050057,0.097394,0.047337,0.322428
c8_r75m,grid,8,75.000000,6,1.000000,423,60,0.396264,0.167689,4418.718486,0.517670,0.000000,0.038528,0.001000,0.107200,0.050572,0.056628,0.177961,0.047434,0.103273,0.055840,0.209977
c8_r75m,grid,8,75.000000,6,1.000000,425,60,0.157653,0.346322,3374.275547,0.796017,0.000000,0.028917,0.001000,0.072862,0.053122,0.019740,0.306175,0.028297,0.082234,0.053938,0.259316
c8_r75m,grid,8,75.000000,6,1.000000,429,60,0.527926,0.368029,1704.956558,0.663561,0.000000,0.014750,0.001000,0.132110,0.030754,0.101356,0.350934,0.067279,0.101968,0.034689,0.298714
c8_r75m,grid,8,75.000000,6,1.000000,426,60,0.496177,0.570153,2558.162466,0.774250,0.000000,0.023528,0.001000,0.095355,0.042677,0.052678,0.613423,0.053124,0.097606,0.044482,0.601267
c8_r75m,grid,8,75.000000,6,1.000000,430,60,0.487827,0.379682,2375.945203,0.832776,0.000000,0.019833,0.001000,0.092864,0.046532,0.046332,0.473173,0.040905,0.091387,0.050482,0.446477
c8_r75m,grid,8,75.000000,6,1.000000,433,60,0.326413,0.511460,1447.293825,0.666654,0.000000,0.012056,0.001000,0.068223,0.049475,0.018747,0.455065,0.034580,0.078643,0.044063,0.311327
c8_r75m,grid,8,75.000000,6,1.000000,428,60,0.331916,0.369044,2235.482039,0.656453,0.000000,0.019472,0.001000,0.096206,0.040738,0.055468,0.361942,0.051384,0.094659,0.043275,0.485734
c8_r75m,grid,8,75.000000,6,1.000000,432,60,0.302596,0.346883,4174.278602,0.576938,0.000000,0.035028,0.001000,0.084891,0.053037,0.031854,0.354500,0.033373,0.087796,0.054422,0.314913
c8_r75m,grid,8,75.000000,6,1.000000,438,60,0.298570,0.427441,1337.567875,0.694826,0.000000,0.011139,0.001000,0.083900,0.044970,0.038930,0.342924,0.044657,0.088912,0.044255,0.359517
c8_r75m,grid,8,75.000000,6,1.000000,431,60,0.291715,0.567180,4271.825693,0.634498,0.000000,0.040306,0.001000,0.089437,0.045755,0.043682,0.576663,0.033674,0.090074,0.056400,0.479714
c8_r75m,grid,8,75.000000,6,1.000000,434,60,0.269650,0.465234,2760.187297,0.615794,0.000000,0.025139,0.001000,0.065300,0.055643,0.009657,0.507906,0.031622,0.082895,0.051273,0.512215
c8_r75m,grid,8,75.000000,6,1.000000,436,60,0.631884,0.226380,1994.371959,0.631553,0.000000,0.016056,0.001000,0.081818,0.033846,0.047972,0.297297,0.031934,0.068909,0.036974,0.346692
c8_r75m,grid,8,75.000000,6,1.000000,435,60,0.279079,0.238802,1918.096302,0.732637,0.000000,0.016556,0.001000,0.106599,0.043119,0.063480,0.351576,0.048058,0.095558,0.047500,0.272858
c8_r75m,grid,8,75.000000,6,1.000000,437,60,0.458976,0.831593,1476.282495,0.608270,0.000000,0.014361,0.001000,0.084042,0.055215,0.028827,0.764621,0.047472,0.090985,0.043513,0.677511
c8_r75m,grid,8,75.000000,6,1.000000,440,60,0.225908,0.264649,2675.251965,0.490875,0.000000,0.021750,0.001000,0.077586,0.046812,0.030774,0.272460,0.033329,0.084075,0.050745,0.266826
c8_r75m,grid,8,75.000000,6,1.000000,439,60,0.257872,0.274481,1656.651904,0.554408,0.000000,0.014333,0.001000,0.090909,0.045222,0.045687,0.196159,0.034657,0.080434,0.045778,0.214121
c8_r75m,grid,8,75.000000,6,1.000000,443,60,0.234642,0.506821,2925.447017,0.453391,0.000000,0.023611,0.001000,0.081134,0.045881,0.035253,0.516145,0.025150,0.076427,0.051276,0.355121
c8_r75m,grid,8,75.000000,6,1.000000,441,60,0.274706,0.301049,4357.446749,0.530501,0.000000,0.038000,0.001000,0.100592,0.054806,0.045786,0.332771,0.039926,0.094084,0.054159,0.287087
c8_r75m,grid,8,75.000000,6,1.000000,442,60,0.442707,0.367985,4302.845399,0.491363,0.000000,0.038722,0.001000,0.112311,0.062287,0.050024,0.403310,0.046347,0.101768,0.055421,0.383812
c8_r75m,grid,8,75.000000,6,1.000000,444,60,0.306626,0.259303,2493.695249,0.594936,0.000000,0.022389,0.001000,0.071135,0.040590,0.030545,0.310140,0.045086,0.090728,0.045642,0.264909
c8_r75m,grid,8,75.000000,6,1.000000,448,60,0.430825,0.431367,1626.795324,0.635981,0.000000,0.014194,0.001000,0.069643,0.042328,0.027315,0.372093,0.040408,0.078687,0.038279,0.292040
c8_r75m,grid,8,75.000000,6,1.000000,447,60,0.179716,0.433455,2730.224745,0.441591,0.000000,0.025694,0.001000,0.086116,0.057191,0.028925,0.489042,0.026976,0.078850,0.051874,0.409054
c8_r75m,grid,8,75.000000,6,1.000000,446,60,0.292272,0.459219,3546.585392,0.729561,0.000000,0.031861,0.001000,0.091650,0.052922,0.038728,0.448129,0.039348,0.089820,0.050472,0.393893
c8_r75m,grid,8,75.000000,6,1.000000,445,60,0.567347,0.539829,3905.083490,0.837273,0.000000,0.036472,0.001000,0.099518,0.042415,0.057103,0.532322,0.050455,0.100577,0.050122,0.415825
c8_r75m,grid,8,75.000000,6,1.000000,449,60,0.324227,0.819678,4440.815237,0.583391,0.000000,0.037667,0.001000,0.088142,0.063158,0.024984,0.809456,0.041925,0.098772,0.056846,0.805829
c8_r150m,grid,8,150.000000,6,1.000000,400,60,0.881687,0.921815,5117.328608,0.786087,0.000000,0.123278,0.248748,0.230606,0.094955,0.135651,0.914791,0.123794,0.228076,0.104282,0.925431
c8_r150m,grid,8,150.000000,6,1.000000,402,60,0.928006,0.916365,5414.721284,0.381684,0.000000,0.122472,0.223183,0.234833,0.117151,0.117682,0.902029,0.132010,0.232153,0.100144,0.903963
c8_r150m,grid,8,150.000000,6,1.000000,403,60,0.810939,0.901429,5584.654173,0.650609,0.000000,0.117417,0.145866,0.216287,0.094266,0.122022,0.889439,0.105825,0.216145,0.110320,0.903384
c8_r150m,grid,8,150.000000,6,1.000000,405,60,0.861443,0.892185,4814.104020,0.363181,0.000000,0.108528,0.159320,0.224211,0.104832,0.119379,0.874292,0.119340,0.227604,0.108264,0.876886
c8_r150m,grid,8,150.000000,6,1.000000,401,60,0.910764,0.942021,5315.985648,0.727283,0.000000,0.124167,0.227706,0.239104,0.115654,0.123450,0.925129,0.118958,0.224163,0.105206,0.885959
c8_r150m,grid,8,150.000000,6,1.000000,409,60,0.880267,0.878501,4910.173763,0.736031,0.000000,0.109889,0.141792,0.219800,0.099649,0.120151,0.866159,0.116743,0.222888,0.106145,0.887505
c8_r150m,grid,8,150.000000,6,1.000000,407,60,0.866178,0.907366,4400.049486,0.664962,0.000000,0.099361,0.115789,0.207798,0.103582,0.104217,0.890630,0.114292,0.219139,0.104847,0.888889
c8_r150m,grid,8,150.000000,6,1.000000,411,60,0.857800,0.907105,5403.066670,0.863166,0.000000,0.120000,0.214369,0.216699,0.114195,0.102504,0.894424,0.110276,0.216075,0.105799,0.874052
c8_r150m,grid,8,150.000000,6,1.000000,404,60,0.883962,0.903434,5316.373141,0.870652,0.000000,0.120028,0.206377,0.229841,0.095720,0.134122,0.888898,0.116843,0.220004,0.103161,0.900092
c8_r150m,grid,8,150.000000,6,1.000000,408,60,0.909723,0.899529,5051.738308,0.887619,0.000000,0.115000,0.193401,0.222533,0.110236,0.112297,0.887341,0.114768,0.220962,0.106194,0.885897
c8_r150m,grid,8,150.000000,6,1.000000,406,60,0.892342,0.863944,5184.024585,0.431117,0.000000,0.114667,0.153951,0.230213,0.118986,0.111227,0.853816,0.118322,0.223826,0.105504,0.875098
c8_r150m,grid,8,150.000000,6,1.000000,413,60,0.832300,0.848165,5095.585265,0.704737,0.000000,0.112694,0.155954,0.212981,0.117971,0.095010,0.836871,0.109119,0.220092,0.110972,0.875768
c8_r150m,grid,8,150.000000,6,1.000000,410,60,0.863415,0.918426,5169.678752,0.845061,0.000000,0.119944,0.213602,0.234679,0.123810,0.110869,0.906923,0.108089,0.223499,0.115410,0.890164
c8_r150m,grid,8,150.000000,6,1.000000,417,60,0.849390,0.907394,4894.974188,0.476481,0.000000,0.113667,0.210132,0.225658,0.115800,0.109858,0.903504,0.116694,0.212048,0.095355,0.865828
c8_r150m,grid,8,150.000000,6,1.000000,412,60,0.895513,0.909193,5350.996283,0.696018,0.000000,0.120333,0.222942,0.223314,0.087760,0.135554,0.889747,0.116107,0.221485,0.105379,0.894252
c8_r150m,grid,8,150.000000,6,1.000000,414,60,0.891176,0.897246,4720.254678,0.518263,0.000000,0.105222,0.151540,0.221400,0.090312,0.131088,0.871261,0.122291,0.223146,0.100855,0.883481
c8_r150m,grid,8,150.000000,6,1.000000,415,60,0.892999,0.909763,4552.341329,0.776310,0.000000,0.103889,0.138609,0.206416,0.104662,0.101753,0.898669,0.117321,0.220901,0.103580,0.903013
c8_r150m,grid,8,150.000000,6,1.000000,418,60,0.910509,0.908671,5403.952833,0.818815,0.000000,0.118778,0.169398,0.228255,0.115717,0.112538,0.898741,0.113515,0.224166,0.110651,0.885265
c8_r150m,grid,8,150.000000,6,1.000000,419,60,0.903408,0.887491,5306.175661,0.579603,0.000000,0.113778,0.151289,0.222035,0.102326,0.119709,0.880278,0.118545,0.227251,0.108706,0.875069
c8_r150m,grid,8,150.000000,6,1.000000,416,60,0.901034,0.920794,5272.728658,0.810331,0.000000,0.120722,0.207674,0.224509,0.102203,0.122306,0.903215,0.112717,0.219020,0.106303,0.894646
c8_r150m,grid,8,150.000000,6,1.000000,420,60,0.921248,0.910157,5267.694844,0.774707,0.000000,0.118917,0.209064,0.226758,0.100162,0.126597,0.891432,0.110943,0.220116,0.109173,0.871302
c8_r150m,grid,8,150.000000,6,1.000000,425,60,0.872725,0.902222,5216.830339,0.719552,0.000000,0.119778,0.223086,0.226323,0.098910,0.127413,0.888600,0.117957,0.221423,0.103466,0.903927
c8_r150m,grid,8,150.000000,6,1.000000,421,60,0.816474,0.936052,5474.157840,0.603775,0.000000,0.119194,0.174173,0.212453,0.119504,0.092949,0.923316,0.111937,0.218901,0.106964,0.872358
c8_r150m,grid,8,150.000000,6,1.000000,422,60,0.915106,0.890390,5360.391124,0.511588,0.000000,0.113750,0.164402,0.222054,0.129752,0.092302,0.884122,0.112635,0.231970,0.119335,0.893388
c8_r150m,grid,8,150.000000,6,1.000000,427,60,0.867820,0.878430,5400.442509,0.636671,0.000000,0.118361,0.168822,0.220506,0.107632,0.112874,0.866707,0.121233,0.231314,0.110081,0.874413
c8_r150m,grid,8,150.000000,6,1.000000,426,60,0.853481,0.858769,5050.274249,0.760455,0.000000,0.112889,0.175885,0.218081,0.101737,0.116344,0.855956,0.109580,0.218394,0.108814,0.883662
c8_r150m,grid,8,150.000000,6,1.000000,424,60,0.906468,0.914860,5424.971120,0.579016,0.000000,0.120389,0.198590,0.223602,0.112762,0.110840,0.897957,0.113360,0.228311,0.114951,0.895567
c8_r150m,grid,8,150.000000,6,1.000000,428,60,0.851253,0.875172,5389.633436,0.492723,0.000000,0.116611,0.169989,0.232696,0.113062,0.119634,0.866729,0.110181,0.224382,0.114202,0.888695
c8_r150m,grid,8,150.000000,6,1.000000,440,60,0.856546,0.918381,4011.308555,0.879672,0.000000,0.101028,0.164961,0.206380,0.096175,0.110205,0.910241,0.098398,0.194963,0.096565,0.769576
c8_r150m,grid,8,150.000000,6,1.000000,423,60,0.885820,0.909981,5087.475571,0.764628,0.000000,0.115056,0.181676,0.213803,0.118755,0.095047,0.893101,0.112873,0.218900,0.106027,0.897420
c8_r150m,grid,8,150.000000,6,1.000000,431,60,0.862031,0.918818,4922.046453,0.787947,0.000000,0.107528,0.147159,0.212074,0.091168,0.120906,0.901983,0.116642,0.218402,0.101761,0.880993
c8_r150m,grid,8,150.000000,6,1.000000,435,60,0.843654,0.823784,5375.341394,0.493325,0.000000,0.117750,0.179355,0.228038,0.109002,0.119035,0.817560,0.120260,0.225434,0.105174,0.829657
c8_r150m,grid,8,150.000000,6,1.000000,430,60,0.900901,0.954178,5607.098322,0.558488,0.000000,0.121389,0.207276,0.225626,0.117805,0.107821,0.932678,0.119063,0.226274,0.107211,0.892522
c8_r150m,grid,8,150.000000,6,1.000000,436,60,0.902216,0.941452,4925.857156,0.484314,0.000000,0.116444,0.191483,0.237600,0.086905,0.150695,0.919671,0.118049,0.222946,0.104897,0.911416
c8_r150m,grid,8,150.000000,6,1.000000,429,60,0.909534,0.922958,5089.569252,0.771888,0.000000,0.119806,0.220425,0.232184,0.091674,0.140510,0.906203,0.117730,0.220814,0.103083,0.908288
c8_r150m,grid,8,150.000000,6,1.000000,432,60,0.842701,0.912407,5146.164915,0.745127,0.000000,0.115528,0.197791,0.223357,0.114871,0.108486,0.898893,0.112766,0.220290,0.107524,0.897373
c8_r150m,grid,8,150.000000,6,1.000000,434,60,0.911486,0.890982,5248.270110,0.744961,0.000000,0.121389,0.223958,0.233732,0.107639,0.126093,0.875508,0.115292,0.222566,0.107274,0.894257
c8_r150m,grid,8,150.000000,6,1.000000,433,60,0.899534,0.888276,5519.417061,0.801496,0.000000,0.119417,0.161966,0.213217,0.107746,0.105470,0.880128,0.114289,0.223478,0.109189,0.857836
c8_r150m,grid,8,150.000000,6,1.000000,437,60,0.872371,0.896142,5384.407254,0.737946,0.000000,0.120639,0.203729,0.238057,0.103293,0.134764,0.881989,0.115397,0.224920,0.109522,0.883598
c8_r150m,grid,8,150.000000,6,1.000000,438,60,0.920554,0.865655,5365.168210,0.578062,0.000000,0.116472,0.169301,0.228904,0.115039,0.113866,0.857483,0.113927,0.224646,0.110719,0.892129
c8_r150m,grid,8,150.000000,6,1.000000,439,60,0.906913,0.897804,5209.308924,0.811353,0.000000,0.120222,0.200061,0.223501,0.110365,0.113136,0.886028,0.109155,0.218992,0.109837,0.892334
c8_r150m,grid,8,150.000000,6,1.000000,442,60,0.927096,0.900623,5472.528656,0.680025,0.000000,0.119139,0.199171,0.221370,0.115897,0.105473,0.888384,0.112102,0.222982,0.110880,0.901057
c8_r150m,grid,8,150.000000,6,1.000000,445,60,0.844429,0.923205,5288.767012,0.739519,0.000000,0.119778,0.205635,0.222573,0.122661,0.099912,0.915673,0.116872,0.226777,0.109904,0.905508
c8_r150m,grid,8,150.000000,6,1.000000,449,60,0.902458,0.897137,4923.538971,0.501611,0.000000,0.110250,0.166606,0.221433,0.108042,0.113391,0.878179,0.114557,0.221668,0.107111,0.900848
c8_r150m,grid,8,150.000000,6,1.000000,441,60,0.924519,0.892376,5549.752401,0.881065,0.000000,0.121306,0.200825,0.227225,0.116018,0.111207,0.885900,0.114156,0.220027,0.105870,0.875129
c8_r150m,grid,8,150.000000,6,1.000000,444,60,0.822603,0.925180,5245.107323,0.792119,0.000000,0.122000,0.223760,0.228766,0.109316,0.119450,0.908482,0.116349,0.224007,0.107658,0.903106
c8_r150m,grid,8,150.000000,6,1.000000,446,60,0.901169,0.904256,5295.115660,0.804933,0.000000,0.116861,0.171053,0.221298,0.103252,0.118046,0.892548,0.112102,0.214298,0.102195,0.903116
c8_r150m,grid,8,150.000000,6,1.000000,448,60,0.954776,0.931287,4965.068920,0.559633,0.000000,0.119667,0.249129,0.231799,0.128035,0.103764,0.917546,0.120161,0.226059,0.105899,0.905531
c8_r150m,grid,8,150.000000,6,1.000000,443,60,0.890573,0.911744,5190.214629,0.600142,0.000000,0.121639,0.237316,0.232630,0.116795,0.115835,0.895445,0.120438,0.224836,0.104398,0.891271
c8_r150m,grid,8,150.000000,6,1.000000,447,60,0.837319,0.892792,5259.479825,0.870774,0.000000,0.114667,0.179295,0.216308,0.109538,0.106770,0.882012,0.114303,0.216668,0.102365,0.879936
c8_r300m,grid,8,300.000000,6,1.000000,401,60,0.712327,0.858572,5267.816909,0.646064,0.000000,0.230250,1.522644,0.341960,0.197531,0.144429,0.853494,0.154849,0.357386,0.202537,0.798538
c8_r300m,grid,8,300.000000,6,1.000000,408,60,0.706225,0.814225,5310.807171,0.616408,0.000000,0.235306,1.584143,0.362860,0.205766,0.157094,0.804054,0.161285,0.365333,0.204048,0.792585
c8_r300m,grid,8,300.000000,6,1.000000,400,60,0.804018,0.884566,5097.706172,0.752308,0.000000,0.245583,1.736529,0.378053,0.185301,0.192753,0.876165,0.164991,0.367834,0.202843,0.858474
c8_r300m,grid,8,300.000000,6,1.000000,407,60,0.790823,0.830265,5172.998955,0.502632,0.000000,0.238944,1.649389,0.378799,0.214857,0.163942,0.824301,0.176599,0.382465,0.205866,0.824891
c8_r300m,grid,8,300.000000,6,1.000000,404,60,0.730718,0.839455,5375.319560,0.617187,0.000000,0.237972,1.611923,0.361954,0.206557,0.155397,0.832758,0.172220,0.374622,0.202402,0.825089
c8_r300m,grid,8,300.000000,6,1.000000,402,60,0.796432,0.810873,5395.541124,0.464223,0.000000,0.244444,1.686943,0.375452,0.206998,0.168454,0.811662,0.168938,0.371736,0.202798,0.817549
c8_r300m,grid,8,300.000000,6,1.000000,406,60,0.823034,0.899429,4983.436383,0.577904,0.000000,0.244222,1.730143,0.379790,0.187378,0.192412,0.885541,0.151942,0.357616,0.205674,0.884966
c8_r300m,grid,8,300.000000,6,1.000000,405,60,0.783984,0.867086,5190.033247,0.585901,0.000000,0.244917,1.715393,0.374359,0.201176,0.173183,0.859504,0.162368,0.363184,0.200816,0.873361
c8_r300m,grid,8,300.000000,6,1.000000,409,60,0.815289,0.864891,5134.726197,0.842625,0.000000,0.237444,1.629658,0.359481,0.195180,0.164301,0.860727,0.165076,0.367535,0.202460,0.828472
c8_r300m,grid,8,300.000000,6,1.000000,410,60,0.884402,0.819909,5201.347604,0.829373,0.000000,0.250833,1.789860,0.380393,0.207520,0.172873,0.815632,0.174675,0.379760,0.205085,0.818143
c8_r300m,grid,8,300.000000,6,1.000000,403,60,0.853268,0.861273,4761.932137,0.773193,0.000000,0.237111,1.688110,0.382231,0.196908,0.185323,0.858963,0.173420,0.375561,0.202141,0.872613
c8_r300m,grid,8,300.000000,6,1.000000,413,60,0.788973,0.845956,4911.907469,0.560722,0.000000,0.233389,1.614680,0.379588,0.205743,0.173845,0.834725,0.168741,0.371552,0.202811,0.821190
c8_r300m,grid,8,300.000000,6,1.000000,411,60,0.812245,0.822113,4748.672471,0.533431,0.000000,0.229278,1.587617,0.366836,0.190402,0.176435,0.818192,0.168003,0.369338,0.201335,0.798415
c8_r300m,grid,8,300.000000,6,1.000000,412,60,0.853969,0.870361,5358.649106,0.511111,0.000000,0.248250,1.734637,0.382364,0.217193,0.165172,0.854550,0.176803,0.380091,0.203287,0.883555
c8_r300m,grid,8,300.000000,6,1.000000,418,60,0.732663,0.820759,4978.698966,0.307190,0.000000,0.226222,1.531798,0.360117,0.217857,0.142260,0.812298,0.153242,0.360701,0.207459,0.814059
c8_r300m,grid,8,300.000000,6,1.000000,417,60,0.874417,0.800779,5058.436037,0.418031,0.000000,0.233028,1.586335,0.377846,0.190065,0.187782,0.786118,0.176982,0.371399,0.194417,0.802031
c8_r300m,grid,8,300.000000,6,1.000000,415,60,0.816428,0.824757,4862.550995,0.535676,0.000000,0.232083,1.607993,0.365653,0.193277,0.172376,0.823844,0.170215,0.373241,0.203026,0.812952
c8_r300m,grid,8,300.000000,6,1.000000,414,60,0.790004,0.864058,5265.712209,0.413987,0.000000,0.249639,1.767086,0.384901,0.200436,0.184466,0.847786,0.172690,0.380867,0.208177,0.823969
c8_r300m,grid,8,300.000000,6,1.000000,423,60,0.852787,0.892109,4954.588955,0.854233,0.000000,0.238556,1.675061,0.370311,0.197163,0.173148,0.881120,0.177927,0.376503,0.198575,0.838203
c8_r300m,grid,8,300.000000,6,1.000000,420,60,0.717350,0.834073,5036.980190,0.517950,0.000000,0.232472,1.587129,0.367968,0.186071,0.181898,0.833208,0.164227,0.367360,0.203133,0.858499
c8_r300m,grid,8,300.000000,6,1.000000,416,60,0.795227,0.853756,5324.171247,0.701088,0.000000,0.249639,1.760494,0.379000,0.204815,0.174185,0.840689,0.166105,0.373388,0.207283,0.849743
c8_r300m,grid,8,300.000000,6,1.000000,419,60,0.799273,0.856307,5308.212002,0.719047,0.000000,0.244306,1.699162,0.369651,0.216971,0.152680,0.847260,0.170301,0.377302,0.207001,0.851035
c8_r300m,grid,8,300.000000,6,1.000000,421,60,0.791221,0.901851,5220.042733,0.484524,0.000000,0.249944,1.775328,0.370132,0.219548,0.150584,0.888992,0.170684,0.378123,0.207438,0.852343
c8_r300m,grid,8,300.000000,6,1.000000,424,60,0.844027,0.842261,5092.101452,0.660477,0.000000,0.239250,1.656672,0.360243,0.204120,0.156122,0.829256,0.174016,0.372661,0.198645,0.847876
c8_r300m,grid,8,300.000000,6,1.000000,422,60,0.836628,0.822742,5199.060841,0.628185,0.000000,0.242361,1.689752,0.374196,0.212655,0.161540,0.810106,0.168130,0.372159,0.204029,0.819945
c8_r300m,grid,8,300.000000,6,1.000000,431,60,0.840936,0.891612,5558.577543,0.746633,0.000000,0.254500,1.786865,0.376641,0.212268,0.164372,0.878966,0.168923,0.374586,0.205663,0.844954
c8_r300m,grid,8,300.000000,6,1.000000,425,60,0.783485,0.856120,4973.361647,0.739973,0.000000,0.237778,1.665392,0.364732,0.208003,0.156729,0.846952,0.171530,0.368023,0.196493,0.892083
c8_r300m,grid,8,300.000000,6,1.000000,427,60,0.861355,0.831731,5306.621759,0.747538,0.000000,0.242833,1.671081,0.372474,0.206632,0.165842,0.823469,0.172675,0.380610,0.207935,0.822778
c8_r300m,grid,8,300.000000,6,1.000000,429,60,0.766311,0.881228,5192.896198,0.219104,0.000000,0.235694,1.621931,0.385849,0.201085,0.184764,0.861132,0.177007,0.382548,0.205541,0.837573
c8_r300m,grid,8,300.000000,6,1.000000,434,60,0.758563,0.816029,5402.030655,0.180384,0.000000,0.227667,1.497214,0.388291,0.214848,0.173443,0.815688,0.172161,0.382356,0.210195,0.831116
c8_r300m,grid,8,300.000000,6,1.000000,426,60,0.828950,0.890809,5264.331034,0.677594,0.000000,0.257778,1.866026,0.387429,0.207669,0.179760,0.875510,0.175127,0.373401,0.198273,0.829529
c8_r300m,grid,8,300.000000,6,1.000000,432,60,0.745822,0.841297,5173.812563,0.701595,0.000000,0.237889,1.637564,0.369783,0.219406,0.150377,0.829989,0.156544,0.362762,0.206218,0.855868
c8_r300m,grid,8,300.000000,6,1.000000,430,60,0.651044,0.906972,5462.308339,0.419254,0.000000,0.243833,1.676002,0.359746,0.201410,0.158337,0.892018,0.152108,0.361553,0.209445,0.861673
c8_r300m,grid,8,300.000000,6,1.000000,433,60,0.781460,0.843206,5228.740397,0.700178,0.000000,0.238667,1.633180,0.354864,0.209180,0.145683,0.835144,0.161686,0.367361,0.205675,0.812539
c8_r300m,grid,8,300.000000,6,1.000000,428,60,0.841165,0.866306,4923.926662,0.511394,0.000000,0.237056,1.656219,0.377098,0.202273,0.174825,0.849470,0.164858,0.370105,0.205247,0.858407
c8_r300m,grid,8,300.000000,6,1.000000,439,60,0.825402,0.844172,4820.426421,0.529944,0.000000,0.228861,1.575009,0.369851,0.196448,0.173403,0.835736,0.169912,0.374304,0.204391,0.810026
c8_r300m,grid,8,300.000000,6,1.000000,438,60,0.837910,0.888971,5127.318148,0.690096,0.000000,0.253167,1.825905,0.381393,0.199130,0.182262,0.875081,0.172074,0.376970,0.204896,0.859885
c8_r300m,grid,8,300.000000,6,1.000000,436,60,0.813912,0.897059,5124.554569,0.652957,0.000000,0.245333,1.727396,0.376088,0.214855,0.161233,0.885457,0.179112,0.383160,0.204049,0.828414
c8_r300m,grid,8,300.000000,6,1.000000,435,60,0.837277,0.853256,5336.094796,0.731014,0.000000,0.244278,1.690673,0.377442,0.212173,0.165269,0.840316,0.163690,0.371277,0.207586,0.842422
c8_r300m,grid,8,300.000000,6,1.000000,442,60,0.782509,0.870087,5372.900772,0.846830,0.000000,0.249167,1.748620,0.366768,0.191024,0.175744,0.862623,0.170720,0.375733,0.205013,0.838871
c8_r300m,grid,8,300.000000,6,1.000000,437,60,0.814446,0.816427,5285.645264,0.795228,0.000000,0.244944,1.708011,0.380586,0.208543,0.172043,0.815983,0.174731,0.380995,0.206264,0.806464
c8_r300m,grid,8,300.000000,6,1.000000,441,60,0.749166,0.852244,5223.009349,0.314827,0.000000,0.234944,1.603505,0.378124,0.204947,0.173177,0.843097,0.164190,0.373355,0.209165,0.848246
c8_r300m,grid,8,300.000000,6,1.000000,440,60,0.768469,0.889988,5175.764711,0.507363,0.000000,0.244472,1.717144,0.368616,0.209505,0.159111,0.883424,0.174161,0.374143,0.199982,0.877019
c8_r300m,grid,8,300.000000,6,1.000000,443,60,0.789693,0.859039,5119.708430,0.650205,0.000000,0.239167,1.650247,0.368452,0.213796,0.154656,0.846516,0.163850,0.373169,0.209319,0.828476
c8_r300m,grid,8,300.000000,6,1.000000,444,60,0.723684,0.877308,5040.669451,0.480014,0.000000,0.230333,1.566847,0.356048,0.203237,0.152811,0.870419,0.161267,0.368517,0.207250,0.861285
c8_r300m,grid,8,300.000000,6,1.000000,445,60,0.785642,0.826980,4920.786844,0.671356,0.000000,0.234556,1.626672,0.359768,0.195814,0.163954,0.809835,0.169333,0.370367,0.201034,0.830206
c8_r300m,grid,8,300.000000,6,1.000000,446,60,0.858392,0.865759,5118.907382,0.660731,0.000000,0.244361,1.705479,0.380640,0.197573,0.183067,0.853654,0.168843,0.371007,0.202164,0.873055
c8_r300m,grid,8,300.000000,6,1.000000,448,60,0.727210,0.859096,5165.434168,0.679517,0.000000,0.237306,1.631947,0.362257,0.189426,0.172832,0.855446,0.155995,0.356559,0.200564,0.792531
c8_r300m,grid,8,300.000000,6,1.000000,447,60,0.831309,0.820028,4810.820834,0.579009,0.000000,0.219167,1.460361,0.358049,0.184625,0.173424,0.803740,0.178081,0.374653,0.196572,0.824297
c8_r300m,grid,8,300.000000,6,1.000000,449,60,0.819342,0.847675,5419.394884,0.643604,0.000000,0.252250,1.783609,0.382735,0.220334,0.162401,0.830316,0.175188,0.381448,0.206260,0.848146
c8_r600m,grid,8,600.000000,6,1.000000,401,60,0.590668,0.835752,5053.762204,0.765148,0.000000,0.460639,4.410724,0.578599,0.405167,0.173432,0.824274,0.180905,0.582071,0.401166,0.759462
c8_r600m,grid,8,600.000000,6,1.000000,413,60,0.692254,0.497429,5356.315299,0.602279,0.000000,0.435528,4.077468,0.606284,0.412871,0.193414,0.493201,0.180394,0.588005,0.407611,0.445279
c8_r600m,grid,8,600.000000,6,1.000000,402,60,0.606210,0.795793,4425.738591,0.779175,0.000000,0.433667,4.165941,0.573406,0.392448,0.180958,0.779211,0.168364,0.563821,0.395458,0.804672
c8_r600m,grid,8,600.000000,6,1.000000,400,60,0.548418,0.874143,5076.792472,0.767692,0.000000,0.461889,4.426595,0.576200,0.402856,0.173344,0.865603,0.187957,0.585363,0.397405,0.845002
c8_r600m,grid,8,600.000000,6,1.000000,407,60,0.712772,0.832627,5033.186156,0.757831,0.000000,0.451722,4.289985,0.569011,0.407221,0.161789,0.831778,0.179941,0.580493,0.400553,0.815900
c8_r600m,grid,8,600.000000,6,1.000000,405,60,0.685171,0.789476,4693.837116,0.629385,0.000000,0.451750,4.348575,0.595807,0.405480,0.190327,0.791183,0.184768,0.588211,0.403443,0.801311
c8_r600m,grid,8,600.000000,6,1.000000,408,60,0.735512,0.845433,5222.661161,0.778553,0.000000,0.478444,4.592726,0.602492,0.400718,0.201775,0.834678,0.188450,0.597990,0.409540,0.837427
c8_r600m,grid,8,600.000000,6,1.000000,406,60,0.736255,0.763023,5196.858321,0.531447,0.000000,0.469472,4.502238,0.609541,0.400098,0.209443,0.755196,0.197339,0.604262,0.406923,0.764210
c8_r600m,grid,8,600.000000,6,1.000000,404,60,0.581078,0.719896,4801.740590,0.489453,0.000000,0.439528,4.184979,0.581617,0.391059,0.190558,0.719424,0.185134,0.589364,0.404230,0.762825
c8_r600m,grid,8,600.000000,6,1.000000,409,60,0.787517,0.810576,5524.244672,0.696358,0.000000,0.479083,4.572808,0.603705,0.401894,0.201812,0.804320,0.199737,0.602944,0.403207,0.755503
c8_r600m,grid,8,600.000000,6,1.000000,410,60,0.648891,0.620010,5350.316504,0.597914,0.000000,0.449444,4.252256,0.603236,0.412504,0.190732,0.614192,0.176674,0.589476,0.412802,0.667490
c8_r600m,grid,8,600.000000,6,1.000000,403,60,0.801855,0.881647,4960.575091,0.467197,0.000000,0.472222,4.547492,0.607324,0.413313,0.194011,0.864316,0.189252,0.599750,0.410498,0.835078
c8_r600m,grid,8,600.000000,6,1.000000,412,60,0.590504,0.879550,5084.261816,0.711504,0.000000,0.456000,4.348560,0.565103,0.397695,0.167408,0.861781,0.161990,0.569232,0.407242,0.857983
c8_r600m,grid,8,600.000000,6,1.000000,411,60,0.773962,0.784470,4700.433640,0.830205,0.000000,0.450611,4.320915,0.593091,0.395773,0.197319,0.776064,0.202370,0.596533,0.394163,0.749456
c8_r600m,grid,8,600.000000,6,1.000000,419,60,0.265849,0.304384,5007.550218,0.199886,0.000000,0.378417,3.464642,0.534015,0.404235,0.129780,0.313725,0.089729,0.501404,0.411676,0.308719
c8_r600m,grid,8,600.000000,6,1.000000,416,60,0.749781,0.541544,5465.992033,0.605178,0.000000,0.438194,4.090254,0.601063,0.404514,0.196549,0.541925,0.203121,0.611194,0.408073,0.510878
c8_r600m,grid,8,600.000000,6,1.000000,415,60,0.844167,0.801076,5033.072976,0.593466,0.000000,0.468972,4.500875,0.613505,0.390060,0.223446,0.797177,0.192681,0.593155,0.400473,0.726226
c12_r15m,grid,12,15.000000,6,1.000000,400,60,0.552539,0.453857,964.351322,0.658042,0.000000,0.001944,0.001000,0.000000,0.142857,-0.142857,0.000000,-0.014286,0.000000,0.014286,0.162924
c12_r15m,grid,12,15.000000,6,1.000000,404,60,0.567551,0.533462,1459.167318,0.727272,0.000000,0.003306,0.001000,0.000000,0.000000,0.000000,0.473684,0.049286,0.049286,0.000000,0.414035
c12_r15m,grid,12,15.000000,6,1.000000,403,60,0.421842,0.721576,2758.030471,0.698062,0.000000,0.006528,0.001000,0.000000,0.000000,0.000000,1.000000,0.042361,0.042361,0.000000,0.641909
c12_r15m,grid,12,15.000000,6,1.000000,402,60,0.442461,0.286415,1773.759543,0.581971,0.000000,0.004444,0.001000,0.000000,0.000000,0.000000,0.400000,0.063876,0.116667,0.052790,0.287490
c12_r15m,grid,12,15.000000,6,1.000000,401,60,0.311448,0.267884,4148.361202,0.495537,0.000000,0.009861,0.001000,0.000000,0.000000,0.000000,0.181818,0.022493,0.047500,0.025007,0.330414
c8_r600m,grid,8,600.000000,6,1.000000,414,60,0.581598,0.720518,4667.426943,0.884637,0.000000,0.420806,3.967506,0.539143,0.397001,0.142143,0.714828,0.138087,0.543752,0.405666,0.682782
c12_r15m,grid,12,15.000000,6,1.000000,405,60,0.542937,0.308001,3559.119468,0.529488,0.000000,0.008528,0.001000,0.000000,0.000000,0.000000,0.062500,0.059832,0.070476,0.010644,0.332175
c12_r15m,grid,12,15.000000,6,1.000000,406,60,0.790709,0.343850,3348.327627,0.730877,0.000000,0.008861,0.001000,0.000000,0.000000,0.000000,0.375000,0.002863,0.033036,0.030173,0.375445
c12_r15m,grid,12,15.000000,6,1.000000,407,60,0.375128,0.407801,3416.924437,0.705681,0.000000,0.007778,0.001000,0.050000,0.047619,0.002381,0.487805,0.016149,0.034091,0.017942,0.262317
c8_r600m,grid,8,600.000000,6,1.000000,421,60,0.661393,0.743436,5217.587091,0.432011,0.000000,0.441556,4.176288,0.586017,0.409237,0.176780,0.736399,0.188692,0.597011,0.408319,0.711782
c8_r600m,grid,8,600.000000,6,1.000000,418,60,0.780333,0.866202,5205.140887,0.805244,0.000000,0.478889,4.602030,0.610928,0.400166,0.210762,0.855018,0.207347,0.605895,0.398548,0.839587
c12_r15m,grid,12,15.000000,6,1.000000,408,60,0.562632,0.333045,3662.014053,0.420867,0.000000,0.008889,0.001000,0.200000,0.250000,-0.050000,0.555556,0.042451,0.087037,0.044586,0.436505
c12_r15m,grid,12,15.000000,6,1.000000,410,60,0.346087,0.297935,2753.591429,0.451752,0.000000,0.007639,0.001000,0.000000,0.000000,0.000000,0.000000,0.030000,0.050000,0.020000,0.176055
c12_r15m,grid,12,15.000000,6,1.000000,409,60,0.344868,0.495003,2102.874549,0.702083,0.000000,0.005639,0.001000,0.000000,0.000000,0.000000,0.500000,0.000263,0.005263,0.005000,0.520398
c12_r15m,grid,12,15.000000,6,1.000000,411,60,0.555614,0.447943,2530.006684,0.613669,0.000000,0.005778,0.001000,0.000000,0.071429,-0.071429,0.461538,0.061307,0.076783,0.015476,0.592807
c8_r600m,grid,8,600.000000,6,1.000000,422,60,0.781952,0.860652,4930.727440,0.698230,0.000000,0.482917,4.683615,0.613243,0.413950,0.199293,0.850356,0.199670,0.602192,0.402522,0.803421
c8_r600m,grid,8,600.000000,6,1.000000,417,60,0.854833,0.785712,5181.443802,0.790956,0.000000,0.477778,4.597840,0.626225,0.403031,0.223193,0.780688,0.201331,0.601677,0.400346,0.790543
c8_r600m,grid,8,600.000000,6,1.000000,424,60,0.783186,0.820774,5190.814896,0.818399,0.000000,0.490056,4.743011,0.628211,0.415876,0.212336,0.804068,0.208475,0.614985,0.406510,0.726476
c12_r15m,grid,12,15.000000,6,1.000000,412,60,0.264410,0.257562,3278.369213,0.789040,0.000000,0.008222,0.001000,0.200000,0.035714,0.164286,0.151515,0.063492,0.095397,0.031905,0.296321
c8_r600m,grid,8,600.000000,6,1.000000,420,60,0.744247,0.858296,4995.127917,0.618824,0.000000,0.462778,4.426051,0.595082,0.393185,0.201897,0.844900,0.191386,0.586525,0.395139,0.824905
c8_r600m,grid,8,600.000000,6,1.000000,425,60,0.794479,0.702540,5116.038707,0.733028,0.000000,0.450278,4.263948,0.598343,0.389155,0.209188,0.699892,0.208204,0.613565,0.405361,0.741083
c8_r600m,grid,8,600.000000,6,1.000000,426,60,0.801633,0.820017,4795.113820,0.475081,0.000000,0.461722,4.448035,0.598048,0.407225,0.190823,0.817575,0.187223,0.583697,0.396474,0.809213
c12_r15m,grid,12,15.000000,6,1.000000,413,60,0.276795,0.294877,1377.604201,0.774693,0.000000,0.002806,0.001000,0.000000,0.000000,0.000000,0.000000,0.000000,0.000000,0.000000,0.142371
c8_r600m,grid,8,600.000000,6,1.000000,423,60,0.627402,0.816628,4976.475069,0.744987,0.000000,0.453278,4.329672,0.575696,0.407047,0.168649,0.806061,0.181205,0.580529,0.399323,0.832085
c8_r600m,grid,8,600.000000,6,1.000000,427,60,0.702366,0.771751,5219.276593,0.848886,0.000000,0.455639,4.328603,0.595030,0.393717,0.201313,0.764315,0.183048,0.588397,0.405349,0.778739
c12_r15m,grid,12,15.000000,6,1.000000,414,60,0.339624,0.523897,2043.928309,0.659923,0.000000,0.005139,0.001000,0.000000,0.000000,0.000000,0.000000,0.014286,0.014286,0.000000,0.381601
c8_r600m,grid,8,600.000000,6,1.000000,429,60,0.627147,0.781340,4972.149913,0.761797,0.000000,0.463194,4.460450,0.592608,0.414461,0.178147,0.775817,0.169609,0.569240,0.399631,0.755033
c12_r15m,grid,12,15.000000,6,1.000000,415,60,0.481764,0.248045,3001.520691,0.637850,0.000000,0.008306,0.001000,0.000000,0.000000,0.000000,1.000000,-0.010319,0.023377,0.033696,0.249558
c8_r600m,grid,8,600.000000,6,1.000000,428,60,0.799028,0.723076,5054.847452,0.523124,0.000000,0.458528,4.378393,0.600158,0.410220,0.189938,0.714539,0.189412,0.592327,0.402915,0.681667
c12_r15m,grid,12,15.000000,6,1.000000,416,60,0.413895,0.416269,4137.737501,0.635114,0.000000,0.010111,0.001000,0.071429,0.000000,0.071429,0.297872,0.058919,0.091071,0.032152,0.263083
c12_r15m,grid,12,15.000000,6,1.000000,417,60,0.384312,0.563853,2268.292127,0.654511,0.000000,0.005500,0.001000,0.000000,0.000000,0.000000,0.833333,-0.013839,0.014286,0.028125,0.407152
c8_r600m,grid,8,600.000000,6,1.000000,430,60,0.861588,0.865118,5120.698746,0.273911,0.000000,0.479361,4.613209,0.614420,0.391317,0.223103,0.856452,0.216297,0.617249,0.400952,0.849001
c8_r600m,grid,8,600.000000,6,1.000000,437,60,0.744047,0.697340,5095.792651,0.681341,0.000000,0.454222,4.321067,0.602296,0.399813,0.202483,0.700068,0.204535,0.606539,0.402004,0.731804
c8_r600m,grid,8,600.000000,6,1.000000,442,60,0.555374,0.822896,5240.078293,0.541769,0.000000,0.458417,4.368787,0.581212,0.389740,0.191471,0.812702,0.164835,0.564826,0.399991,0.720400
c8_r600m,grid,8,600.000000,6,1.000000,431,60,0.832405,0.814206,5400.685161,0.350341,0.000000,0.470333,4.474149,0.600040,0.389685,0.210355,0.815674,0.194176,0.602686,0.408511,0.787598
c12_r15m,grid,12,15.000000,6,1.000000,418,60,0.502371,0.355765,1790.330314,0.586200,0.000000,0.004250,0.001000,0.000000,0.052632,-0.052632,0.095238,0.136404,0.159091,0.022687,0.123718
c12_r15m,grid,12,15.000000,6,1.000000,419,60,0.386944,0.272416,1501.430402,0.781049,0.000000,0.003472,0.001000,0.000000,0.000000,0.000000,0.250000,0.050000,0.050000,0.000000,0.121754
c12_r15m,grid,12,15.000000,6,1.000000,420,60,0.355640,0.356480,1481.920075,0.773405,0.000000,0.003833,0.001000,0.000000,0.000000,0.000000,0.428571,0.016190,0.033333,0.017143,0.231901
c8_r600m,grid,8,600.000000,6,1.000000,434,60,0.874122,0.857106,5320.204336,0.723441,0.000000,0.479972,4.592984,0.607018,0.399244,0.207774,0.842460,0.187514,0.590918,0.403404,0.820520
c8_r600m,grid,8,600.000000,6,1.000000,432,60,0.701102,0.849439,5393.752724,0.687418,0.000000,0.469444,4.476800,0.593639,0.424376,0.169263,0.834448,0.193515,0.600776,0.407261,0.810431
c8_r600m,grid,8,600.000000,6,1.000000,433,60,0.757036,0.857814,4954.086689,0.468391,0.000000,0.475361,4.591288,0.612203,0.420909,0.191294,0.848686,0.202752,0.610132,0.407380,0.817881
c12_r15m,grid,12,15.000000,6,1.000000,421,60,0.356951,0.497419,3275.505125,0.472176,0.000000,0.007917,0.001000,0.125000,0.000000,0.125000,0.500000,0.020192,0.020192,0.000000,0.538822
c12_r15m,grid,12,15.000000,6,1.000000,422,60,0.365056,0.675014,1742.526274,0.644028,0.000000,0.004444,0.001000,0.153846,0.000000,0.153846,0.722222,0.015385,0.015385,0.000000,0.775786
c12_r15m,grid,12,15.000000,6,1.000000,424,60,0.370782,0.520584,3065.748055,0.415771,0.000000,0.008167,0.001000,0.100000,0.000000,0.100000,1.000000,0.035000,0.043333,0.008333,0.510638
c12_r15m,grid,12,15.000000,6,1.000000,425,60,0.588791,0.287114,2441.557940,0.643548,0.000000,0.005722,0.001000,0.000000,0.000000,0.000000,0.000000,-0.006250,0.000000,0.006250,0.149498
c12_r15m,grid,12,15.000000,6,1.000000,423,60,0.518521,0.261769,3082.730036,0.723469,0.000000,0.008111,0.001000,0.200000,0.000000,0.200000,0.714286,0.027143,0.045397,0.018254,0.278382
c8_r600m,grid,8,600.000000,6,1.000000,435,60,0.799668,0.817208,5067.651970,0.322263,0.000000,0.460611,4.396657,0.599578,0.401565,0.198014,0.804727,0.187605,0.594318,0.406712,0.776136
c8_r600m,grid,8,600.000000,6,1.000000,446,60,0.547026,0.745759,4844.777102,0.626601,0.000000,0.436250,4.145569,0.568724,0.397587,0.171137,0.729920,0.181417,0.580199,0.398783,0.676739
c8_r600m,grid,8,600.000000,6,1.000000,436,60,0.837927,0.845097,5222.562073,0.715873,0.000000,0.490278,4.737475,0.623771,0.392328,0.231443,0.837058,0.192611,0.595411,0.402800,0.846238
c8_r600m,grid,8,600.000000,6,1.000000,440,60,0.805076,0.815465,5282.308135,0.610149,0.000000,0.477667,4.575192,0.603760,0.399109,0.204651,0.806196,0.194259,0.601180,0.406921,0.803841
c12_r15m,grid,12,15.000000,6,1.000000,427,60,0.416880,0.421092,4741.657805,0.815426,0.000000,0.011111,0.001000,0.000000,0.000000,0.000000,0.478261,0.009279,0.043267,0.033988,0.494012
c12_r15m,grid,12,15.000000,6,1.000000,426,60,0.444560,0.317993,4287.551376,0.631718,0.000000,0.010833,0.001000,0.090909,0.105263,-0.014354,0.366667,0.037949,0.055547,0.017598,0.291151
c8_r600m,grid,8,600.000000,6,1.000000,439,60,0.773763,0.827150,5281.700377,0.468347,0.000000,0.473028,4.524008,0.604431,0.406854,0.197578,0.823668,0.195908,0.602606,0.406698,0.802887
c12_r15m,grid,12,15.000000,6,1.000000,428,60,0.382497,0.576411,1768.937812,0.630588,0.000000,0.004528,0.001000,0.000000,0.000000,0.000000,0.714286,0.036126,0.043269,0.007143,0.495840
c8_r600m,grid,8,600.000000,6,1.000000,443,60,0.751232,0.790356,5133.099954,0.701247,0.000000,0.461389,4.398724,0.588142,0.408794,0.179349,0.780743,0.188969,0.591429,0.402460,0.768391
c12_r15m,grid,12,15.000000,6,1.000000,429,60,0.333204,0.399193,1990.841532,0.659743,0.000000,0.005583,0.001000,0.071429,0.071429,0.000000,0.500000,0.074808,0.094643,0.019835,0.336927
c8_r600m,grid,8,600.000000,6,1.000000,445,60,0.607541,0.874186,5287.443318,0.589447,0.000000,0.470389,4.500350,0.583715,0.416156,0.167559,0.857500,0.171496,0.580928,0.409432,0.785969
c8_r600m,grid,8,600.000000,6,1.000000,438,60,0.669261,0.769313,4731.494499,0.726396,0.000000,0.441889,4.222543,0.574689,0.399934,0.174754,0.753398,0.181724,0.580574,0.398849,0.717422
c8_r600m,grid,8,600.000000,6,1.000000,444,60,0.729784,0.829301,4914.455704,0.812546,0.000000,0.464250,4.448845,0.592552,0.418599,0.173953,0.819091,0.184473,0.586201,0.401728,0.837201
c8_r600m,grid,8,600.000000,6,1.000000,447,60,0.802588,0.785178,4877.583096,0.826703,0.000000,0.467222,4.501995,0.616917,0.380205,0.236712,0.779664,0.205199,0.607072,0.401874,0.711415
c8_r600m,grid,8,600.000000,6,1.000000,441,60,0.790557,0.821645,4807.891013,0.576920,0.000000,0.466000,4.486109,0.605499,0.413920,0.191578,0.811817,0.203109,0.601167,0.398058,0.799322
c8_r600m,grid,8,600.000000,6,1.000000,448,60,0.866158,0.857143,4806.013795,0.524300,0.000000,0.465028,4.489135,0.607288,0.380966,0.226322,0.848015,0.205149,0.607649,0.402500,0.860904
c12_r15m,grid,12,15.000000,6,1.000000,430,60,0.460868,0.372307,1642.011700,0.711171,0.000000,0.003778,0.001000,0.000000,0.000000,0.000000,0.555556,0.095000,0.095000,0.000000,0.490564
c8_r600m,grid,8,600.000000,6,1.000000,449,60,0.683527,0.775758,5269.053377,0.750456,0.000000,0.452944,4.287619,0.582880,0.406445,0.176435,0.768044,0.179371,0.583995,0.404625,0.792386
c12_r15m,grid,12,15.000000,6,1.000000,431,60,0.301914,0.276713,2014.388171,0.642560,0.000000,0.004472,0.001000,0.000000,0.000000,0.000000,0.000000,-0.010840,0.016667,0.027506,0.336063
c12_r15m,grid,12,15.000000,6,1.000000,432,60,0.310165,0.610787,3067.688473,0.812416,0.000000,0.007500,0.001000,0.074074,0.000000,0.074074,0.675000,0.045523,0.054527,0.009004,0.596868
c12_r15m,grid,12,15.000000,6,1.000000,434,60,0.237096,0.382839,2768.151553,0.670593,0.000000,0.006556,0.001000,0.000000,0.000000,0.000000,0.500000,0.050000,0.060000,0.010000,0.299444
c12_r15m,grid,12,15.000000,6,1.000000,433,60,0.370757,0.221055,2461.860994,0.385708,0.000000,0.005278,0.001000,0.000000,0.000000,0.000000,0.307692,-0.006667,0.000000,0.006667,0.283150
c12_r15m,grid,12,15.000000,6,1.000000,435,60,0.360304,0.380334,4290.225365,0.667495,0.000000,0.010694,0.001000,0.000000,0.038462,-0.038462,0.212121,0.016571,0.037437,0.020866,0.331347
c12_r15m,grid,12,15.000000,6,1.000000,437,60,0.253582,0.479047,1736.637161,0.604770,0.000000,0.004194,0.001000,0.000000,0.000000,0.000000,0.000000,0.020202,0.020202,0.000000,0.402217
c12_r15m,grid,12,15.000000,6,1.000000,436,60,0.293700,0.328144,3581.052089,0.302384,0.000000,0.008500,0.001000,0.000000,0.000000,0.000000,0.666667,0.050000,0.050000,0.000000,0.396793
c12_r15m,grid,12,15.000000,6,1.000000,438,60,0.288785,0.455605,2218.634735,0.726910,0.000000,0.005778,0.001000,0.000000,0.000000,0.000000,0.578947,0.000000,0.000000,0.000000,0.384026
c12_r15m,grid,12,15.000000,6,1.000000,439,60,0.533761,0.390114,2857.179865,0.715944,0.000000,0.006667,0.001000,0.250000,0.000000,0.250000,0.400000,0.019444,0.058333,0.038889,0.300556
c12_r15m,grid,12,15.000000,6,1.000000,440,60,0.321510,0.598763,2922.468160,0.497568,0.000000,0.007472,0.001000,0.000000,0.000000,0.000000,0.363636,0.019562,0.038393,0.018831,0.399419
c12_r15m,grid,12,15.000000,6,1.000000,442,60,0.376068,0.526259,3081.948543,0.558079,0.000000,0.008083,0.001000,0.000000,0.000000,0.000000,0.000000,0.000000,0.000000,0.000000,0.385452
c12_r15m,grid,12,15.000000,6,1.000000,441,60,0.405858,0.522842,3612.251991,0.605660,0.000000,0.008917,0.001000,0.000000,0.000000,0.000000,0.250000,0.100818,0.106700,0.005882,0.353371
c12_r15m,grid,12,15.000000,6,1.000000,443,60,0.209208,0.210830,4915.441465,0.822199,0.000000,0.012000,0.001000,0.000000,0.021739,-0.021739,0.192982,-0.001156,0.007692,0.008848,0.164724
c12_r15m,grid,12,15.000000,6,1.000000,444,60,0.469697,0.612570,1184.369876,0.621408,0.000000,0.001917,0.001000,0.000000,0.000000,0.000000,0.555556,-0.010000,0.000000,0.010000,0.177904
c12_r15m,grid,12,15.000000,6,1.000000,445,60,0.255600,0.234698,1410.918528,0.461717,0.000000,0.003194,0.001000,0.000000,0.000000,0.000000,0.000000,0.020833,0.033333,0.012500,0.227273
c12_r15m,grid,12,15.000000,6,1.000000,446,60,0.363071,0.483358,2001.862159,0.752558,0.000000,0.004556,0.001000,0.166667,0.000000,0.166667,0.461538,0.073706,0.089091,0.015385,0.558597
c12_r15m,grid,12,15.000000,6,1.000000,448,60,0.382729,0.313952,1146.369151,0.752178,0.000000,0.001861,0.001000,0.000000,0.000000,0.000000,0.000000,0.044444,0.044444,0.000000,0.210694
c12_r15m,grid,12,15.000000,6,1.000000,447,60,0.398508,0.262001,2339.490893,0.724298,0.000000,0.005722,0.001000,0.000000,0.000000,0.000000,0.281250,-0.004545,0.000000,0.004545,0.323425
c12_r15m,grid,12,15.000000,6,1.000000,449,60,0.432448,0.582842,1847.533709,0.598097,0.000000,0.004139,0.001000,0.000000,0.000000,0.000000,0.333333,0.050000,0.050000,0.000000,0.525000
c12_r37.5m,grid,12,37.500000,6,1.000000,400,60,0.337740,0.158697,2698.089029,0.608224,0.000000,0.017333,0.001000,0.067073,0.035461,0.031612,0.188723,0.042769,0.077773,0.035003,0.195643
c12_r37.5m,grid,12,37.500000,6,1.000000,401,60,0.161941,0.823211,4580.445296,0.422564,0.000000,0.027250,0.001000,0.055631,0.023256,0.032375,0.851039,0.026735,0.058335,0.031600,0.796458
c12_r37.5m,grid,12,37.500000,6,1.000000,402,60,0.266314,0.283109,2327.776003,0.795930,0.000000,0.014000,0.001000,0.048673,0.048077,0.000596,0.352025,0.018540,0.055234,0.036693,0.383050
c12_r37.5m,grid,12,37.500000,6,1.000000,403,60,0.439718,0.465020,3673.192399,0.696007,0.000000,0.022472,0.001000,0.056795,0.044186,0.012609,0.534128,0.027553,0.064714,0.037161,0.595162
c12_r37.5m,grid,12,37.500000,6,1.000000,404,60,0.355282,0.284944,3134.261610,0.439708,0.000000,0.018250,0.001000,0.066116,0.023050,0.043066,0.300248,0.028608,0.060020,0.031413,0.385957
c12_r37.5m,grid,12,37.500000,6,1.000000,405,60,0.331983,0.220190,2268.758209,0.712017,0.000000,0.014694,0.001000,0.087179,0.039448,0.047732,0.277778,0.047642,0.080675,0.033033,0.364010
c12_r37.5m,grid,12,37.500000,6,1.000000,406,60,0.490178,0.184249,3029.152118,0.720968,0.000000,0.018222,0.001000,0.076923,0.043732,0.033191,0.131646,0.050071,0.089863,0.039792,0.157109
c12_r37.5m,grid,12,37.500000,6,1.000000,407,60,0.461220,0.247060,3341.780492,0.746478,0.000000,0.020028,0.001000,0.059289,0.033510,0.025779,0.308537,0.019480,0.056098,0.036618,0.242135
c12_r37.5m,grid,12,37.500000,6,1.000000,408,60,0.581676,0.202808,3325.157449,0.510255,0.000000,0.020694,0.001000,0.108696,0.033395,0.075300,0.203840,0.054838,0.094136,0.039299,0.217573
c12_r37.5m,grid,12,37.500000,6,1.000000,409,60,0.348679,0.275377,2322.336170,0.598232,0.000000,0.013028,0.001000,0.068493,0.024390,0.044103,0.337182,0.033719,0.064124,0.030404,0.229939
c12_r37.5m,grid,12,37.500000,6,1.000000,410,60,0.298359,0.369586,2124.265116,0.628613,0.000000,0.013583,0.001000,0.045714,0.047801,-0.002087,0.250716,0.022964,0.055835,0.032870,0.301384
c12_r37.5m,grid,12,37.500000,6,1.000000,412,60,0.519419,0.354745,2810.506243,0.395756,0.000000,0.019194,0.001000,0.108974,0.038576,0.070399,0.316430,0.050702,0.086300,0.035598,0.330345
c12_r37.5m,grid,12,37.500000,6,1.000000,413,60,0.621816,0.450307,3283.428974,0.678713,0.000000,0.020333,0.001000,0.075758,0.034783,0.040975,0.604811,0.045129,0.081156,0.036027,0.541949
c12_r37.5m,grid,12,37.500000,6,1.000000,411,60,0.219236,0.378980,2481.497441,0.586110,0.000000,0.016028,0.001000,0.039604,0.047423,-0.007819,0.384518,0.022372,0.057856,0.035483,0.353726
c12_r37.5m,grid,12,37.500000,6,1.000000,414,60,0.303410,0.328894,2634.114162,0.625929,0.000000,0.016611,0.001000,0.050847,0.023222,0.027625,0.204388,0.031054,0.069825,0.038771,0.188020
c12_r37.5m,grid,12,37.500000,6,1.000000,416,60,0.273374,0.191841,3202.334575,0.671281,0.000000,0.019639,0.001000,0.061224,0.033962,0.027262,0.109742,0.039454,0.080736,0.041281,0.167506
c12_r37.5m,grid,12,37.500000,6,1.000000,415,60,0.286628,0.208619,3513.094633,0.629204,0.000000,0.021806,0.001000,0.107527,0.051389,0.056138,0.205298,0.024755,0.066430,0.041675,0.203330
c12_r37.5m,grid,12,37.500000,6,1.000000,418,60,0.460282,0.281066,2245.740378,0.716244,0.000000,0.012889,0.001000,0.050562,0.029333,0.021228,0.321881,0.017198,0.051020,0.033822,0.277712
c12_r37.5m,grid,12,37.500000,6,1.000000,417,60,0.230720,0.249615,3436.798688,0.682571,0.000000,0.020611,0.001000,0.067633,0.028346,0.039286,0.245843,0.018249,0.053987,0.035738,0.230272
c12_r37.5m,grid,12,37.500000,6,1.000000,421,60,0.198987,0.382940,2772.097753,0.532690,0.000000,0.016917,0.001000,0.052632,0.032258,0.020374,0.290076,0.017921,0.057854,0.039932,0.318012
c12_r37.5m,grid,12,37.500000,6,1.000000,419,60,0.341346,0.293411,2963.397608,0.437806,0.000000,0.018500,0.001000,0.067568,0.036745,0.030822,0.162637,0.024281,0.058838,0.034558,0.207449
c12_r37.5m,grid,12,37.500000,6,1.000000,420,60,0.204500,0.212824,5124.745510,0.554652,0.000000,0.030972,0.001000,0.060606,0.041801,0.018805,0.150273,0.006562,0.053165,0.046603,0.174966
c12_r37.5m,grid,12,37.500000,6,1.000000,422,60,0.372177,0.337047,3193.510158,0.694526,0.000000,0.021111,0.001000,0.101770,0.037094,0.064676,0.258877,0.031840,0.073597,0.041757,0.262463
c12_r37.5m,grid,12,37.500000,6,1.000000,425,60,0.433528,0.395191,3564.531976,0.374168,0.000000,0.022722,0.001000,0.083665,0.029213,0.054452,0.360632,0.033204,0.071028,0.037824,0.281931
c12_r37.5m,grid,12,37.500000,6,1.000000,426,60,0.646400,0.180243,1530.827961,0.522815,0.000000,0.009528,0.001000,0.208333,0.031359,0.176974,0.200557,0.041934,0.072589,0.030655,0.158731
c12_r37.5m,grid,12,37.500000,6,1.000000,424,60,0.341782,0.160831,2461.357630,0.614433,0.000000,0.015472,0.001000,0.037879,0.032609,0.005270,0.192982,0.027182,0.059247,0.032065,0.247461
c12_r37.5m,grid,12,37.500000,6,1.000000,429,60,0.241943,0.486268,1455.975229,0.724403,0.000000,0.009028,0.001000,0.024490,0.025157,-0.000667,0.606436,0.027617,0.049407,0.021790,0.592520
c12_r37.5m,grid,12,37.500000,6,1.000000,427,60,0.461936,0.330161,2795.325470,0.696992,0.000000,0.015806,0.001000,0.051948,0.034562,0.017386,0.347368,0.026082,0.071131,0.045049,0.384026
c12_r37.5m,grid,12,37.500000,6,1.000000,428,60,0.395935,0.409362,3414.565411,0.634226,0.000000,0.022000,0.001000,0.050147,0.025263,0.024884,0.416462,0.026267,0.066531,0.040264,0.411072
c12_r37.5m,grid,12,37.500000,6,1.000000,423,60,0.468511,0.213762,3672.590530,0.294148,0.000000,0.023389,0.001000,0.083333,0.039033,0.044300,0.224784,0.064830,0.103292,0.038462,0.177969
c12_r37.5m,grid,12,37.500000,6,1.000000,433,60,0.204602,0.389670,2491.505521,0.716304,0.000000,0.014222,0.001000,0.056962,0.037464,0.019498,0.312871,0.016856,0.050070,0.033214,0.419728
c12_r37.5m,grid,12,37.500000,6,1.000000,431,60,0.682203,0.192321,3253.946068,0.762786,0.000000,0.021611,0.001000,0.085973,0.038751,0.047222,0.192174,0.047114,0.085170,0.038056,0.205154
c12_r37.5m,grid,12,37.500000,6,1.000000,430,60,0.563079,0.182950,3636.856059,0.519400,0.000000,0.021083,0.001000,0.069892,0.034574,0.035318,0.198294,0.049091,0.085408,0.036318,0.212795
c12_r37.5m,grid,12,37.500000,6,1.000000,435,60,0.473159,0.598360,2339.667153,0.640301,0.000000,0.014139,0.001000,0.061611,0.023438,0.038174,0.622419,0.037834,0.059718,0.021883,0.708766
c12_r37.5m,grid,12,37.500000,6,1.000000,432,60,0.456556,0.222608,4739.173820,0.842591,0.000000,0.028861,0.001000,0.053571,0.047138,0.006433,0.190736,0.025878,0.067727,0.041849,0.235634
c12_r37.5m,grid,12,37.500000,6,1.000000,434,60,0.300842,0.284428,1553.192355,0.665868,0.000000,0.009333,0.001000,0.036697,0.034632,0.002065,0.320588,0.021214,0.049551,0.028337,0.421311
c12_r37.5m,grid,12,37.500000,6,1.000000,438,60,0.282160,0.612790,2303.068977,0.485468,0.000000,0.013944,0.001000,0.103004,0.030651,0.072353,0.471660,0.026714,0.063102,0.036388,0.492866
c12_r37.5m,grid,12,37.500000,6,1.000000,436,60,0.283187,0.465122,3432.284458,0.598040,0.000000,0.023639,0.001000,0.093583,0.042510,0.051073,0.430876,0.034198,0.069820,0.035621,0.395708
c12_r37.5m,grid,12,37.500000,6,1.000000,437,60,0.409656,0.346003,1723.471306,0.607914,0.000000,0.009722,0.001000,0.048544,0.029412,0.019132,0.302053,0.035696,0.067849,0.032153,0.247411
c12_r37.5m,grid,12,37.500000,6,1.000000,439,60,0.340624,0.450313,2923.539692,0.706980,0.000000,0.019472,0.001000,0.060606,0.032323,0.028283,0.423077,0.011716,0.050136,0.038421,0.468754
c12_r37.5m,grid,12,37.500000,6,1.000000,440,60,0.603814,0.425395,3980.178931,0.726320,0.000000,0.024250,0.001000,0.106343,0.037801,0.068543,0.479428,0.051551,0.092835,0.041284,0.466375
c12_r37.5m,grid,12,37.500000,6,1.000000,441,60,0.160716,0.547629,2951.135727,0.802996,0.000000,0.017722,0.001000,0.055351,0.021739,0.033611,0.566946,0.009397,0.050992,0.041595,0.479467
c12_r37.5m,grid,12,37.500000,6,1.000000,442,60,0.315884,0.141890,2462.192261,0.767447,0.000000,0.015806,0.001000,0.060606,0.029276,0.031330,0.132353,0.054992,0.086905,0.031913,0.204383
c12_r37.5m,grid,12,37.500000,6,1.000000,444,60,0.268086,0.158354,3506.361097,0.804461,0.000000,0.021444,0.001000,0.089888,0.038084,0.051804,0.179435,0.017355,0.053750,0.036395,0.145998
c12_r37.5m,grid,12,37.500000,6,1.000000,443,60,0.199516,0.431068,2902.445884,0.737827,0.000000,0.017611,0.001000,0.032374,0.041975,-0.009601,0.407028,0.022666,0.057687,0.035021,0.366999
c12_r37.5m,grid,12,37.500000,6,1.000000,445,60,0.403356,0.443212,2420.450930,0.539321,0.000000,0.015250,0.001000,0.057851,0.046196,0.011656,0.396721,0.022531,0.061791,0.039260,0.401216
c12_r37.5m,grid,12,37.500000,6,1.000000,446,60,0.366072,0.145967,3114.134123,0.433779,0.000000,0.018139,0.001000,0.056818,0.040506,0.016312,0.182195,0.028547,0.063858,0.035311,0.238335
c12_r37.5m,grid,12,37.500000,6,1.000000,448,60,0.252477,0.199541,1084.105784,0.789953,0.000000,0.005333,0.001000,0.021277,0.020080,0.001196,0.158784,0.006075,0.038798,0.032723,0.197471
c12_r37.5m,grid,12,37.500000,6,1.000000,447,60,0.595541,0.589880,1876.971561,0.425552,0.000000,0.011833,0.001000,0.054878,0.031646,0.023232,0.674897,0.044563,0.079407,0.034844,0.639044
c12_r37.5m,grid,12,37.500000,6,1.000000,449,60,0.374694,0.463351,5051.836432,0.690392,0.000000,0.031944,0.001000,0.072327,0.052443,0.019884,0.431186,0.023488,0.068025,0.044537,0.411605
c12_r75m,grid,12,75.000000,6,1.000000,400,60,0.529145,0.569391,4436.576535,0.544512,0.000000,0.059528,0.001447,0.132133,0.070150,0.061983,0.613211,0.062137,0.122452,0.060315,0.475562
c12_r75m,grid,12,75.000000,6,1.000000,403,60,0.291399,0.460059,1089.742287,0.643052,0.000000,0.012944,0.001000,0.090062,0.035387,0.054675,0.457711,0.039769,0.079261,0.039492,0.437757
c12_r75m,grid,12,75.000000,6,1.000000,402,60,0.255171,0.507304,2137.350048,0.504191,0.000000,0.026056,0.001000,0.093003,0.046587,0.046415,0.550195,0.032022,0.089989,0.057967,0.548550
c12_r75m,grid,12,75.000000,6,1.000000,401,60,0.249609,0.407935,1570.589567,0.708504,0.000000,0.020000,0.001000,0.082397,0.051508,0.030889,0.334726,0.018230,0.078743,0.060514,0.372889
c12_r75m,grid,12,75.000000,6,1.000000,407,60,0.422892,0.207939,1215.793125,0.731892,0.000000,0.015333,0.001000,0.092537,0.040585,0.051952,0.182263,0.047906,0.092804,0.044898,0.264208
c12_r75m,grid,12,75.000000,6,1.000000,405,60,0.317697,0.324947,4467.129908,0.669201,0.000000,0.059500,0.001000,0.118593,0.073230,0.045362,0.327680,0.047477,0.114270,0.066794,0.324461
c12_r75m,grid,12,75.000000,6,1.000000,404,60,0.744912,0.513502,3460.277472,0.919819,0.000000,0.049722,0.001000,0.125809,0.064171,0.061638,0.515185,0.040835,0.107459,0.066625,0.448767
c12_r75m,grid,12,75.000000,6,1.000000,411,60,0.310687,0.159535,2227.954929,0.342227,0.000000,0.027639,0.001000,0.139683,0.061920,0.077763,0.139814,0.054249,0.114437,0.060188,0.155659
c12_r75m,grid,12,75.000000,6,1.000000,412,60,0.320708,0.504192,1955.506698,0.842111,0.000000,0.026389,0.001000,0.109980,0.047649,0.062331,0.476853,0.038414,0.085344,0.046930,0.525853
c12_r75m,grid,12,75.000000,6,1.000000,408,60,0.641770,0.929298,2387.076762,0.655088,0.000000,0.034417,0.002636,0.094136,0.046931,0.047204,0.921240,0.070198,0.116804,0.046606,0.914029
c12_r75m,grid,12,75.000000,6,1.000000,410,60,0.468994,0.872701,3385.466053,0.255703,0.000000,0.049139,0.001000,0.121985,0.049180,0.072805,0.888005,0.057578,0.129912,0.072334,0.883564
c12_r75m,grid,12,75.000000,6,1.000000,413,60,0.274336,0.393886,2301.921395,0.292422,0.000000,0.029278,0.001000,0.087407,0.071429,0.015979,0.325301,0.044515,0.104966,0.060451,0.259742
c12_r75m,grid,12,75.000000,6,1.000000,409,60,0.559777,0.590168,4512.632807,0.907763,0.000000,0.065361,0.005300,0.134720,0.072659,0.062061,0.613100,0.066991,0.134268,0.067278,0.412832
c12_r75m,grid,12,75.000000,6,1.000000,414,60,0.378894,0.540502,3904.441828,0.893870,0.000000,0.048833,0.001000,0.112417,0.060606,0.051811,0.602334,0.043963,0.101353,0.057390,0.381248
c12_r75m,grid,12,75.000000,6,1.000000,416,60,0.648064,0.690006,1717.564499,0.716174,0.000000,0.023778,0.002214,0.113565,0.051282,0.062283,0.628719,0.063860,0.115165,0.051305,0.530077
c12_r75m,grid,12,75.000000,6,1.000000,415,60,0.886282,0.970376,3636.443121,0.767962,0.000000,0.058278,0.002247,0.139743,0.057348,0.082395,0.950584,0.072651,0.142679,0.070028,0.784085
c12_r75m,grid,12,75.000000,6,1.000000,417,60,0.696489,0.657421,1614.440456,0.878444,0.000000,0.022917,0.001000,0.111380,0.076425,0.034955,0.681518,0.063166,0.108623,0.045457,0.591339
c12_r75m,grid,12,75.000000,6,1.000000,406,60,0.799572,0.910358,4795.211219,0.232895,0.000000,0.065833,0.002028,0.147908,0.082988,0.064921,0.884882,0.073917,0.157622,0.083704,0.900533
c12_r75m,grid,12,75.000000,6,1.000000,418,60,0.920709,0.941703,3995.264052,0.600303,0.000000,0.062028,0.001595,0.141218,0.054455,0.086762,0.927142,0.077155,0.134887,0.057731,0.928395
c12_r75m,grid,12,75.000000,6,1.000000,419,60,0.551990,0.132654,2144.302658,0.688004,0.000000,0.024528,0.001000,0.140541,0.063565,0.076976,0.133237,0.057388,0.123707,0.066319,0.138536
c12_r75m,grid,12,75.000000,6,1.000000,420,60,0.275178,0.294561,1289.629208,0.757451,0.000000,0.016167,0.001000,0.075085,0.043668,0.031417,0.298980,0.034951,0.084065,0.049115,0.251049
c12_r75m,grid,12,75.000000,6,1.000000,421,60,0.930054,0.790263,3726.563353,0.439404,0.000000,0.055306,0.001149,0.135163,0.082515,0.052649,0.789800,0.078639,0.143578,0.064939,0.876375
c12_r75m,grid,12,75.000000,6,1.000000,424,60,0.408541,0.332939,1252.468193,0.363285,0.000000,0.015222,0.001000,0.059322,0.062721,-0.003399,0.172515,0.042591,0.096381,0.053790,0.211065
c12_r75m,grid,12,75.000000,6,1.000000,426,60,0.310008,0.245869,1785.586054,0.708894,0.000000,0.021361,0.001000,0.106557,0.050612,0.055946,0.253322,0.039982,0.096856,0.056874,0.252540
c12_r75m,grid,12,75.000000,6,1.000000,423,60,0.374052,0.822020,4486.708669,0.861267,0.000000,0.062222,0.002184,0.109497,0.084421,0.025076,0.819962,0.046820,0.119684,0.072864,0.793408
c12_r75m,grid,12,75.000000,6,1.000000,427,60,0.232997,0.518624,3867.468521,0.522396,0.000000,0.051639,0.001000,0.101838,0.060825,0.041012,0.526295,0.051046,0.113795,0.062749,0.477248
c12_r75m,grid,12,75.000000,6,1.000000,429,60,0.443073,0.795381,2510.355061,0.800998,0.000000,0.036556,0.001000,0.104532,0.053648,0.050884,0.764349,0.042007,0.087537,0.045530,0.799941
c12_r75m,grid,12,75.000000,6,1.000000,422,60,0.855740,0.930219,5630.680153,0.604010,0.000000,0.078750,0.004133,0.154384,0.072269,0.082115,0.913655,0.075345,0.151128,0.075782,0.913587
c12_r75m,grid,12,75.000000,6,1.000000,432,60,0.180874,0.391820,3556.964338,0.692717,0.000000,0.045528,0.001000,0.107379,0.061330,0.046049,0.439008,0.032719,0.098720,0.066001,0.438258
c12_r75m,grid,12,75.000000,6,1.000000,428,60,0.328799,0.628113,3391.103171,0.655307,0.000000,0.045278,0.001000,0.088431,0.070977,0.017454,0.698836,0.027310,0.096204,0.068894,0.613789
c12_r75m,grid,12,75.000000,6,1.000000,440,60,0.636762,0.216580,1383.225397,0.673710,0.000000,0.017278,0.001000,0.130298,0.043542,0.086756,0.319779,0.092854,0.137903,0.045049,0.233120
c12_r75m,grid,12,75.000000,6,1.000000,433,60,0.801123,0.944456,2542.915107,0.900474,0.000000,0.040639,0.002290,0.129781,0.044164,0.085617,0.920292,0.061504,0.112237,0.050733,0.869099
c12_r75m,grid,12,75.000000,6,1.000000,442,60,0.623268,0.517609,1071.505733,0.139420,0.000000,0.013000,0.001000,0.166154,0.038732,0.127421,0.533662,0.110406,0.157118,0.046712,0.493330
c12_r75m,grid,12,75.000000,6,1.000000,425,60,0.956846,0.909574,4444.040552,0.766138,0.000000,0.069139,0.001196,0.143255,0.082111,0.061144,0.893885,0.068580,0.145773,0.077193,0.839624
c12_r75m,grid,12,75.000000,6,1.000000,435,60,0.957609,0.744917,1664.250564,0.938203,0.000000,0.024861,0.003424,0.115927,0.037868,0.078059,0.735632,0.067296,0.125440,0.058144,0.449250
c12_r75m,grid,12,75.000000,6,1.000000,434,60,0.634358,0.407602,3536.944006,0.654140,0.000000,0.044167,0.001000,0.145421,0.071195,0.074226,0.369879,0.070356,0.141619,0.071263,0.377801
c12_r75m,grid,12,75.000000,6,1.000000,449,60,0.428637,0.241552,1222.546916,0.591904,0.000000,0.013417,0.001000,0.077135,0.047146,0.029989,0.230916,0.033429,0.084389,0.050960,0.370866
c12_r75m,grid,12,75.000000,6,1.000000,431,60,0.961379,0.958895,5583.228106,0.950771,0.000000,0.079167,0.008405,0.157925,0.064073,0.093852,0.940914,0.067803,0.141947,0.074144,0.913687
c12_r75m,grid,12,75.000000,6,1.000000,446,60,0.429893,0.563989,2006.030724,0.397321,0.000000,0.024833,0.001000,0.126174,0.045361,0.080814,0.434402,0.052018,0.109304,0.057286,0.380603
c12_r75m,grid,12,75.000000,6,1.000000,437,60,0.236995,0.389307,2842.390414,0.619297,0.000000,0.036000,0.001000,0.085042,0.066935,0.018106,0.346853,0.022178,0.082338,0.060160,0.434233
c12_r75m,grid,12,75.000000,6,1.000000,441,60,0.370284,0.880813,1198.662955,0.454847,0.000000,0.014833,0.001060,0.102119,0.025000,0.077119,0.866444,0.041736,0.078096,0.036360,0.868733
c12_r75m,grid,12,75.000000,6,1.000000,436,60,0.832154,0.815143,3781.445022,0.391712,0.000000,0.054028,0.001357,0.143840,0.062176,0.081664,0.805542,0.081650,0.145637,0.063988,0.825934
c12_r75m,grid,12,75.000000,6,1.000000,448,60,0.465604,0.424918,2645.027734,0.510582,0.000000,0.033694,0.001000,0.128559,0.065383,0.063176,0.341686,0.046004,0.108882,0.062878,0.341624
c12_r75m,grid,12,75.000000,6,1.000000,430,60,0.671980,0.939848,2850.378518,0.960119,0.000000,0.047722,0.002805,0.126729,0.042105,0.084624,0.921843,0.050832,0.124717,0.073885,0.896486
c12_r75m,grid,12,75.000000,6,1.000000,438,60,0.861422,0.934402,5016.846857,0.898788,0.000000,0.072389,0.001000,0.134054,0.066775,0.067279,0.916633,0.056609,0.129952,0.073343,0.856101
c12_r75m,grid,12,75.000000,6,1.000000,444,60,0.946407,0.968937,2628.843091,0.481059,0.000000,0.045194,0.001000,0.140279,0.060606,0.079673,0.948638,0.090451,0.150503,0.060052,0.909505
c12_r75m,grid,12,75.000000,6,1.000000,443,60,0.845757,0.889931,2567.473677,0.677307,0.000000,0.039972,0.003511,0.115020,0.038462,0.076558,0.884444,0.070139,0.121002,0.050863,0.758358
c12_r75m,grid,12,75.000000,6,1.000000,447,60,0.923410,0.847903,3488.715286,0.926549,0.000000,0.051389,0.001185,0.120730,0.067766,0.052964,0.896178,0.066636,0.128111,0.061475,0.828386
c12_r75m,grid,12,75.000000,6,1.000000,445,60,0.751695,0.903132,3597.671435,0.875565,0.000000,0.057250,0.004282,0.125328,0.059390,0.065938,0.895487,0.072956,0.135411,0.062454,0.894888
c12_r75m,grid,12,75.000000,6,1.000000,439,60,0.926471,0.922245,5389.611940,0.932028,0.000000,0.074000,0.001000,0.133452,0.085554,0.047898,0.903999,0.070339,0.144673,0.074334,0.929474
c12_r150m,grid,12,150.000000,6,1.000000,402,60,0.752215,0.856254,5268.053582,0.605893,0.000000,0.158361,0.638609,0.247463,0.143901,0.103562,0.845964,0.089689,0.237297,0.147608,0.823403
c12_r150m,grid,12,150.000000,6,1.000000,400,60,0.807313,0.834966,4913.392605,0.573038,0.000000,0.153833,0.633876,0.248381,0.152542,0.095839,0.835967,0.109365,0.251854,0.142489,0.837668
c12_r150m,grid,12,150.000000,6,1.000000,403,60,0.881108,0.852183,4872.515995,0.714233,0.000000,0.151722,0.614217,0.246036,0.135386,0.110650,0.833345,0.109594,0.250492,0.140898,0.841981
c12_r150m,grid,12,150.000000,6,1.000000,401,60,0.850648,0.841245,5129.431580,0.820503,0.000000,0.157528,0.642771,0.242274,0.150000,0.092274,0.834700,0.099843,0.246658,0.146815,0.807951
c12_r150m,grid,12,150.000000,6,1.000000,405,60,0.773732,0.876750,5499.951912,0.750436,0.000000,0.169389,0.744775,0.247225,0.144584,0.102641,0.864230,0.102850,0.245335,0.142484,0.848867
c12_r150m,grid,12,150.000000,6,1.000000,409,60,0.812506,0.708424,5195.686526,0.720371,0.000000,0.151278,0.563584,0.235846,0.147241,0.088606,0.697375,0.099245,0.241951,0.142706,0.727122
c12_r150m,grid,12,150.000000,6,1.000000,412,60,0.784096,0.916175,5239.002282,0.869345,0.000000,0.160667,0.670983,0.239321,0.147933,0.091388,0.898292,0.098120,0.240419,0.142299,0.876581
c12_r150m,grid,12,150.000000,6,1.000000,408,60,0.835515,0.916968,5493.641820,0.832178,0.000000,0.171639,0.763126,0.253858,0.141388,0.112470,0.900778,0.101478,0.245235,0.143757,0.880387
c12_r150m,grid,12,150.000000,6,1.000000,404,60,0.843370,0.852128,5411.631802,0.559813,0.000000,0.161917,0.660449,0.255498,0.122064,0.133435,0.839375,0.111975,0.249198,0.137222,0.854946
c12_r150m,grid,12,150.000000,6,1.000000,413,60,0.888534,0.886584,5362.062223,0.281055,0.000000,0.161167,0.668264,0.265078,0.151890,0.113188,0.875061,0.116278,0.261778,0.145500,0.864580
c12_r150m,grid,12,150.000000,6,1.000000,407,60,0.785716,0.896194,4883.770931,0.780421,0.000000,0.152083,0.618159,0.239060,0.138226,0.100834,0.885440,0.108154,0.244361,0.136207,0.874192
c12_r150m,grid,12,150.000000,6,1.000000,406,60,0.891395,0.866991,5400.403203,0.696090,0.000000,0.168639,0.741670,0.254277,0.151568,0.102709,0.853599,0.101806,0.249106,0.147300,0.870559
c12_r150m,grid,12,150.000000,6,1.000000,411,60,0.733191,0.909789,5146.728843,0.549365,0.000000,0.161944,0.697234,0.246546,0.156476,0.090070,0.894930,0.095685,0.238759,0.143075,0.869596
c12_r150m,grid,12,150.000000,6,1.000000,410,60,0.845119,0.863052,5191.920277,0.691444,0.000000,0.157639,0.642528,0.242239,0.137125,0.105114,0.845735,0.108552,0.249814,0.141261,0.854559
c12_r150m,grid,12,150.000000,6,1.000000,414,60,0.865118,0.868973,5480.163230,0.280823,0.000000,0.160139,0.638692,0.256080,0.125199,0.130881,0.854855,0.113757,0.262906,0.149149,0.859727
c12_r150m,grid,12,150.000000,6,1.000000,417,60,0.811539,0.819524,5208.417611,0.622100,0.000000,0.157528,0.643181,0.249722,0.139569,0.110153,0.812956,0.099934,0.248453,0.148519,0.811708
c12_r150m,grid,12,150.000000,6,1.000000,418,60,0.800321,0.860523,5317.858950,0.472840,0.000000,0.158028,0.629942,0.247584,0.145582,0.102001,0.858693,0.106629,0.250341,0.143711,0.868156
c12_r150m,grid,12,150.000000,6,1.000000,416,60,0.866049,0.827622,5190.041037,0.680933,0.000000,0.158444,0.649549,0.247297,0.149943,0.097354,0.817581,0.103406,0.245897,0.142490,0.821059
c12_r150m,grid,12,150.000000,6,1.000000,415,60,0.814930,0.889578,5098.614719,0.534794,0.000000,0.154694,0.624350,0.245131,0.156899,0.088232,0.883092,0.109120,0.251571,0.142450,0.872186
c12_r150m,grid,12,150.000000,6,1.000000,421,60,0.846936,0.883639,5287.095110,0.573499,0.000000,0.158556,0.640563,0.246695,0.142775,0.103920,0.873357,0.108686,0.254975,0.146289,0.882310
c12_r150m,grid,12,150.000000,6,1.000000,426,60,0.865132,0.890042,5137.952837,0.691831,0.000000,0.159806,0.679969,0.246346,0.148664,0.097683,0.877490,0.104515,0.248216,0.143700,0.857074
c12_r150m,grid,12,150.000000,6,1.000000,419,60,0.795568,0.859193,5188.988609,0.722260,0.000000,0.152278,0.586904,0.229697,0.141235,0.088462,0.850833,0.097399,0.239451,0.142052,0.873852
c12_r150m,grid,12,150.000000,6,1.000000,422,60,0.819989,0.864778,5488.448787,0.637892,0.000000,0.168694,0.728692,0.256615,0.156678,0.099937,0.845400,0.108865,0.253382,0.144517,0.830409
c12_r150m,grid,12,150.000000,6,1.000000,425,60,0.866427,0.851612,5298.338427,0.438902,0.000000,0.161167,0.666803,0.246928,0.149637,0.097291,0.840079,0.113280,0.258535,0.145255,0.875303
c12_r150m,grid,12,150.000000,6,1.000000,427,60,0.849582,0.883099,5144.939697,0.691408,0.000000,0.161028,0.686968,0.246092,0.146162,0.099930,0.873327,0.101293,0.244007,0.142714,0.890663
c12_r150m,grid,12,150.000000,6,1.000000,420,60,0.846707,0.835972,5395.820172,0.925031,0.000000,0.159972,0.642315,0.234906,0.137429,0.097477,0.822155,0.099272,0.241880,0.142608,0.853970
c12_r150m,grid,12,150.000000,6,1.000000,423,60,0.881688,0.861516,5421.270545,0.664678,0.000000,0.168167,0.740892,0.255897,0.136042,0.119855,0.853044,0.110284,0.251716,0.141432,0.837768
c12_r150m,grid,12,150.000000,6,1.000000,424,60,0.820570,0.861665,5310.246928,0.636224,0.000000,0.159222,0.641244,0.253583,0.148772,0.104811,0.848183,0.099898,0.244731,0.144832,0.881832
c12_r150m,grid,12,150.000000,6,1.000000,428,60,0.847589,0.873347,5296.120956,0.717076,0.000000,0.167722,0.736292,0.251207,0.141101,0.110106,0.868715,0.106672,0.247831,0.141159,0.852641
c12_r150m,grid,12,150.000000,6,1.000000,431,60,0.833144,0.856952,5039.106867,0.700449,0.000000,0.160528,0.693176,0.254727,0.137395,0.117332,0.838128,0.108288,0.247891,0.139602,0.854390
c12_r150m,grid,12,150.000000,6,1.000000,429,60,0.776599,0.870091,5266.760735,0.612107,0.000000,0.157417,0.630301,0.241222,0.139162,0.102061,0.866367,0.100846,0.245074,0.144228,0.845508
c12_r150m,grid,12,150.000000,6,1.000000,430,60,0.801751,0.893480,5127.981582,0.549581,0.000000,0.158306,0.663411,0.250735,0.142857,0.107878,0.874982,0.105765,0.249706,0.143941,0.861937
c12_r150m,grid,12,150.000000,6,1.000000,432,60,0.835017,0.912539,5476.681738,0.830560,0.000000,0.170806,0.763045,0.248710,0.144796,0.103913,0.902613,0.099732,0.249797,0.150065,0.905120
c12_r150m,grid,12,150.000000,6,1.000000,434,60,0.871989,0.882696,5126.847381,0.463529,0.000000,0.160000,0.681641,0.255083,0.138722,0.116361,0.870838,0.109221,0.253857,0.144635,0.811275
c12_r150m,grid,12,150.000000,6,1.000000,433,60,0.870137,0.800661,5476.670535,0.653527,0.000000,0.161444,0.646894,0.244600,0.143657,0.100943,0.803471,0.102619,0.245494,0.142875,0.815511
c12_r150m,grid,12,150.000000,6,1.000000,435,60,0.898926,0.915375,5493.288953,0.408636,0.000000,0.163972,0.684070,0.261475,0.160850,0.100626,0.898748,0.111721,0.261642,0.149921,0.875354
c12_r150m,grid,12,150.000000,6,1.000000,437,60,0.756983,0.873163,5288.672491,0.527111,0.000000,0.155139,0.602040,0.245671,0.152648,0.093023,0.859478,0.098752,0.242071,0.143318,0.854068
c12_r150m,grid,12,150.000000,6,1.000000,436,60,0.808918,0.828444,5237.165927,0.603167,0.000000,0.157472,0.637491,0.243042,0.142485,0.100557,0.818342,0.111705,0.248617,0.136912,0.821831
c12_r150m,grid,12,150.000000,6,1.000000,438,60,0.838085,0.929612,5037.109095,0.617200,0.000000,0.161361,0.706319,0.244074,0.149054,0.095020,0.914376,0.107555,0.244541,0.136986,0.886660
c12_r150m,grid,12,150.000000,6,1.000000,440,60,0.861964,0.809058,4837.384077,0.767316,0.000000,0.158639,0.711507,0.254559,0.144189,0.110370,0.799960,0.110213,0.245704,0.135491,0.853778
c12_r150m,grid,12,150.000000,6,1.000000,443,60,0.872175,0.876287,5189.147765,0.742233,0.000000,0.163583,0.705932,0.249447,0.131077,0.118370,0.862110,0.105197,0.250479,0.145281,0.853611
c12_r150m,grid,12,150.000000,6,1.000000,441,60,0.887741,0.910320,4993.429514,0.662621,0.000000,0.159000,0.674127,0.241866,0.152393,0.089473,0.893401,0.101601,0.244017,0.142416,0.887622
c12_r150m,grid,12,150.000000,6,1.000000,444,60,0.840786,0.769633,5352.740991,0.517751,0.000000,0.157556,0.625508,0.247767,0.137648,0.110119,0.774589,0.109219,0.249827,0.140608,0.831684
c12_r150m,grid,12,150.000000,6,1.000000,439,60,0.885436,0.891606,5090.167092,0.580339,0.000000,0.162139,0.713681,0.246849,0.147026,0.099823,0.877568,0.110303,0.246953,0.136650,0.874071
c12_r150m,grid,12,150.000000,6,1.000000,442,60,0.910470,0.823242,5180.675697,0.705308,0.000000,0.160806,0.679944,0.253692,0.138776,0.114917,0.819732,0.102081,0.246649,0.144568,0.836645
c12_r150m,grid,12,150.000000,6,1.000000,449,60,0.830332,0.806922,5197.556800,0.722071,0.000000,0.163333,0.713677,0.251861,0.151114,0.100747,0.797872,0.094340,0.242011,0.147671,0.829354
c12_r150m,grid,12,150.000000,6,1.000000,448,60,0.882323,0.859968,5302.977656,0.863440,0.000000,0.167083,0.731301,0.250264,0.153494,0.096770,0.846351,0.107673,0.247782,0.140110,0.848383
c12_r150m,grid,12,150.000000,6,1.000000,446,60,0.831172,0.916182,5158.913113,0.716568,0.000000,0.163361,0.709215,0.243780,0.130435,0.113345,0.899195,0.107951,0.248104,0.140153,0.865171
c12_r150m,grid,12,150.000000,6,1.000000,447,60,0.875792,0.891188,5298.175094,0.764570,0.000000,0.165417,0.717070,0.251264,0.153725,0.097539,0.875895,0.095071,0.239938,0.144867,0.850586
c12_r150m,grid,12,150.000000,6,1.000000,445,60,0.891869,0.867481,5062.657825,0.783490,0.000000,0.154972,0.618983,0.240402,0.129764,0.110638,0.860027,0.106763,0.245567,0.138804,0.859390
c12_r300m,grid,12,300.000000,6,1.000000,402,60,0.863319,0.813864,4753.136258,0.589978,0.000000,0.303583,2.505268,0.414824,0.255493,0.159331,0.800708,0.162504,0.421365,0.258861,0.735650
c12_r300m,grid,12,300.000000,6,1.000000,408,60,0.721256,0.826654,4907.938329,0.615872,0.000000,0.300583,2.459351,0.405845,0.255988,0.149858,0.817982,0.145313,0.408578,0.263265,0.782349
c12_r300m,grid,12,300.000000,6,1.000000,410,60,0.589396,0.677599,5137.959202,0.629225,0.000000,0.299028,2.418088,0.406235,0.270463,0.135772,0.667864,0.127153,0.390869,0.263716,0.717897
c12_r300m,grid,12,300.000000,6,1.000000,405,60,0.879627,0.739284,5417.528376,0.678117,0.000000,0.323694,2.658113,0.435412,0.269332,0.166081,0.729923,0.165574,0.434534,0.268960,0.690824
c12_r300m,grid,12,300.000000,6,1.000000,400,60,0.750083,0.815383,5036.014422,0.766273,0.000000,0.316056,2.633065,0.419730,0.262188,0.157542,0.806796,0.158816,0.420233,0.261418,0.813571
c12_r300m,grid,12,300.000000,6,1.000000,403,60,0.802338,0.726135,5373.260236,0.545975,0.000000,0.326306,2.713521,0.441681,0.279451,0.162230,0.730568,0.160600,0.430146,0.269546,0.785567
c12_r300m,grid,12,300.000000,6,1.000000,411,60,0.752257,0.779565,5214.237201,0.474319,0.000000,0.321556,2.677434,0.423914,0.275467,0.148447,0.776876,0.153366,0.423593,0.270228,0.758232
c12_r300m,grid,12,300.000000,6,1.000000,401,60,0.722743,0.861726,5051.856571,0.664778,0.000000,0.314083,2.604718,0.408168,0.260519,0.147648,0.849427,0.144204,0.406595,0.262390,0.866978
c12_r300m,grid,12,300.000000,6,1.000000,409,60,0.816996,0.844109,4982.982315,0.817573,0.000000,0.320417,2.675580,0.415876,0.271098,0.144778,0.837275,0.149665,0.422324,0.272659,0.833899
c12_r300m,grid,12,300.000000,6,1.000000,406,60,0.714074,0.810690,5314.123626,0.544211,0.000000,0.323944,2.697074,0.427362,0.273615,0.153748,0.802032,0.153620,0.414446,0.260825,0.772335
c12_r300m,grid,12,300.000000,6,1.000000,407,60,0.806699,0.869308,5183.838820,0.684705,0.000000,0.324583,2.706678,0.415163,0.280761,0.134402,0.855432,0.148701,0.420471,0.271771,0.870885
c12_r300m,grid,12,300.000000,6,1.000000,412,60,0.806535,0.853721,4951.771676,0.352585,0.000000,0.311667,2.583899,0.411454,0.257676,0.153778,0.842798,0.157740,0.425133,0.267393,0.819124
c12_r300m,grid,12,300.000000,6,1.000000,413,60,0.829598,0.826284,5170.189520,0.267442,0.000000,0.313528,2.583286,0.434016,0.265484,0.168532,0.810541,0.161514,0.433773,0.272259,0.818471
c12_r300m,grid,12,300.000000,6,1.000000,404,60,0.807905,0.899459,4707.074948,0.651194,0.000000,0.314472,2.649391,0.411749,0.285714,0.126035,0.881427,0.136469,0.404741,0.268272,0.850217
c12_r300m,grid,12,300.000000,6,1.000000,414,60,0.827378,0.856399,5199.073533,0.777119,0.000000,0.326944,2.732919,0.425355,0.257301,0.168054,0.848281,0.159897,0.424017,0.264120,0.793858
c12_r300m,grid,12,300.000000,6,1.000000,416,60,0.620025,0.816853,5116.880059,0.635785,0.000000,0.304222,2.477345,0.399898,0.259867,0.140032,0.808103,0.113368,0.378624,0.265257,0.743085
c12_r300m,grid,12,300.000000,6,1.000000,422,60,0.833463,0.741111,5108.489869,0.681152,0.000000,0.316083,2.612056,0.431043,0.258270,0.172773,0.726479,0.155235,0.421174,0.265939,0.692455
c12_r300m,grid,12,300.000000,6,1.000000,419,60,0.844276,0.817491,5044.544735,0.224223,0.000000,0.301222,2.458764,0.423032,0.277563,0.145469,0.810072,0.158056,0.428085,0.270029,0.803708
c12_r300m,grid,12,300.000000,6,1.000000,424,60,0.847205,0.874393,5537.153474,0.379903,0.000000,0.324611,2.664180,0.427585,0.270260,0.157325,0.869364,0.166002,0.437395,0.271393,0.859537
c12_r300m,grid,12,300.000000,6,1.000000,425,60,0.703150,0.766971,4830.233145,0.755286,0.000000,0.300139,2.482276,0.411715,0.248622,0.163093,0.765618,0.145800,0.410116,0.264317,0.807555
c12_r300m,grid,12,300.000000,6,1.000000,418,60,0.755124,0.865471,4794.867409,0.288609,0.000000,0.313222,2.626066,0.421759,0.271757,0.150002,0.849959,0.153496,0.422657,0.269161,0.854640
c12_r300m,grid,12,300.000000,6,1.000000,415,60,0.750154,0.899592,5115.610289,0.791865,0.000000,0.320278,2.665603,0.411989,0.264188,0.147801,0.885117,0.156825,0.420955,0.264130,0.846992
c12_r300m,grid,12,300.000000,6,1.000000,428,60,0.715705,0.741248,4651.555758,0.445669,0.000000,0.287167,2.337722,0.406394,0.259330,0.147063,0.736138,0.142240,0.401882,0.259642,0.736386
c12_r300m,grid,12,300.000000,6,1.000000,420,60,0.797985,0.841692,5150.877229,0.443897,0.000000,0.327222,2.745981,0.435270,0.281614,0.153656,0.832075,0.152968,0.424042,0.271074,0.838061
c12_r300m,grid,12,300.000000,6,1.000000,421,60,0.858271,0.838071,5178.219235,0.563447,0.000000,0.330389,2.791162,0.442073,0.263852,0.178221,0.828956,0.156265,0.422698,0.266433,0.837812
c12_r300m,grid,12,300.000000,6,1.000000,417,60,0.558802,0.833619,4775.770456,0.804948,0.000000,0.290250,2.345263,0.380865,0.258030,0.122834,0.826005,0.122007,0.386330,0.264324,0.787014
c12_r300m,grid,12,300.000000,6,1.000000,423,60,0.792704,0.885263,5318.693555,0.638201,0.000000,0.320111,2.629672,0.407238,0.257191,0.150047,0.869415,0.138182,0.402116,0.263934,0.867509
c12_r300m,grid,12,300.000000,6,1.000000,427,60,0.794331,0.745851,5236.758538,0.781972,0.000000,0.319556,2.646714,0.422229,0.264216,0.158012,0.746718,0.151792,0.416900,0.265108,0.754291
c12_r300m,grid,12,300.000000,6,1.000000,431,60,0.877438,0.803903,5164.451966,0.607926,0.000000,0.317444,2.619876,0.424335,0.258197,0.166138,0.792471,0.158213,0.422572,0.264360,0.837302
c12_r300m,grid,12,300.000000,6,1.000000,426,60,0.790497,0.858413,5014.247018,0.815727,0.000000,0.310278,2.557459,0.406858,0.263207,0.143651,0.853341,0.153910,0.416932,0.263022,0.820996
c12_r300m,grid,12,300.000000,6,1.000000,430,60,0.721165,0.783105,4882.862717,0.695667,0.000000,0.299500,2.440922,0.398025,0.250000,0.148025,0.771975,0.150318,0.409725,0.259407,0.699421
c12_r300m,grid,12,300.000000,6,1.000000,441,60,0.515296,0.817871,5235.585802,0.647089,0.000000,0.302694,2.450941,0.390045,0.278959,0.111087,0.809751,0.126609,0.393842,0.267232,0.751806
c12_r300m,grid,12,300.000000,6,1.000000,432,60,0.733407,0.796328,5263.373088,0.641220,0.000000,0.323806,2.692626,0.427383,0.276679,0.150704,0.792299,0.146652,0.416409,0.269757,0.808078
c12_r300m,grid,12,300.000000,6,1.000000,442,60,0.739805,0.602139,4764.235199,0.639737,0.000000,0.286778,2.318409,0.405934,0.267330,0.138604,0.591356,0.122017,0.382901,0.260883,0.557025
c12_r300m,grid,12,300.000000,6,1.000000,436,60,0.756148,0.780455,4922.048433,0.474301,0.000000,0.309500,2.569587,0.425756,0.269770,0.155985,0.773694,0.147016,0.417810,0.270795,0.734672
c12_r300m,grid,12,300.000000,6,1.000000,433,60,0.815751,0.884386,5119.297348,0.573086,0.000000,0.324028,2.708878,0.417802,0.273094,0.144708,0.866370,0.152620,0.427483,0.274863,0.866842
c12_r300m,grid,12,300.000000,6,1.000000,437,60,0.711645,0.757015,5292.863575,0.596981,0.000000,0.304611,2.456438,0.403530,0.273063,0.130466,0.738442,0.140878,0.414190,0.273313,0.737936
c12_r300m,grid,12,300.000000,6,1.000000,429,60,0.717315,0.719024,5095.560851,0.788567,0.000000,0.302611,2.463858,0.410783,0.262261,0.148522,0.716568,0.152162,0.409856,0.257694,0.733724
c12_r300m,grid,12,300.000000,6,1.000000,440,60,0.752035,0.885130,4797.863261,0.719261,0.000000,0.314694,2.633621,0.410168,0.266115,0.144054,0.873847,0.141154,0.406801,0.265648,0.862807
c12_r300m,grid,12,300.000000,6,1.000000,439,60,0.696120,0.753249,4912.146278,0.694353,0.000000,0.296056,2.393253,0.403853,0.251850,0.152003,0.753912,0.150598,0.413490,0.262891,0.708322
c12_r300m,grid,12,300.000000,6,1.000000,443,60,0.746841,0.820643,5255.712074,0.668991,0.000000,0.320444,2.651215,0.413746,0.281556,0.132190,0.814286,0.147431,0.412423,0.264992,0.820739
c12_r300m,grid,12,300.000000,6,1.000000,435,60,0.862092,0.749611,5038.489789,0.793988,0.000000,0.322750,2.708466,0.434154,0.279433,0.154722,0.751915,0.153849,0.422826,0.268976,0.706264
c12_r300m,grid,12,300.000000,6,1.000000,438,60,0.823418,0.849471,5273.638185,0.672256,0.000000,0.306000,2.450377,0.389913,0.275391,0.114523,0.838863,0.134540,0.404801,0.270261,0.814804
c12_r300m,grid,12,300.000000,6,1.000000,434,60,0.877239,0.838697,5187.227116,0.821423,0.000000,0.333500,2.809220,0.440925,0.250403,0.190523,0.834950,0.165746,0.431876,0.266130,0.843650
c12_r300m,grid,12,300.000000,6,1.000000,444,60,0.780340,0.824036,5178.563152,0.268780,0.000000,0.314528,2.597493,0.419277,0.268408,0.150869,0.809452,0.157669,0.428217,0.270548,0.797944
c12_r300m,grid,12,300.000000,6,1.000000,446,60,0.642795,0.682326,5355.736431,0.623304,0.000000,0.310611,2.534016,0.416749,0.274442,0.142307,0.677389,0.135920,0.406727,0.270807,0.611684
c12_r300m,grid,12,300.000000,6,1.000000,445,60,0.848789,0.830902,5319.025634,0.220583,0.000000,0.329389,2.764091,0.442654,0.276252,0.166402,0.821768,0.166494,0.440815,0.274320,0.799925
c12_r300m,grid,12,300.000000,6,1.000000,447,60,0.747065,0.813998,4787.810035,0.760164,0.000000,0.315778,2.665668,0.425702,0.263899,0.161804,0.808779,0.153553,0.414711,0.261158,0.825729
c12_r300m,grid,12,300.000000,6,1.000000,448,60,0.730216,0.863804,5418.975036,0.643310,0.000000,0.337472,2.842524,0.427659,0.262426,0.165233,0.853762,0.141574,0.402412,0.260838,0.858987
c12_r300m,grid,12,300.000000,6,1.000000,449,60,0.881175,0.851851,4916.205147,0.540919,0.000000,0.314000,2.623696,0.424661,0.255287,0.169373,0.844208,0.149301,0.415800,0.266498,0.826506
c12_r600m,grid,12,600.000000,6,1.000000,403,60,0.402603,0.372960,4915.628170,0.682329,0.000000,0.511000,5.117502,0.623975,0.507377,0.116598,0.372966,0.115539,0.622644,0.507105,0.325952
c12_r600m,grid,12,600.000000,6,1.000000,405,60,0.705870,0.700832,5198.479157,0.313685,0.000000,0.557917,5.632309,0.676599,0.495726,0.180873,0.696868,0.147366,0.652752,0.505387,0.665444
c12_r600m,grid,12,600.000000,6,1.000000,407,60,0.530329,0.592136,5274.591025,0.596547,0.000000,0.547944,5.510408,0.642776,0.517770,0.125006,0.594246,0.144110,0.646557,0.502446,0.525447
c12_r600m,grid,12,600.000000,6,1.000000,400,60,0.665711,0.829524,5097.032621,0.351157,0.000000,0.571556,5.797906,0.656419,0.525026,0.131393,0.821448,0.144662,0.659195,0.514533,0.796943
c12_r600m,grid,12,600.000000,6,1.000000,406,60,0.499312,0.797205,5290.858543,0.690226,0.000000,0.575444,5.837539,0.650164,0.526588,0.123576,0.788006,0.140862,0.655642,0.514780,0.765476
c12_r600m,grid,12,600.000000,6,1.000000,410,60,0.610432,0.671345,4630.508754,0.344685,0.000000,0.542667,5.509309,0.655741,0.512279,0.143462,0.654330,0.157527,0.658756,0.501229,0.526342
c12_r600m,grid,12,600.000000,6,1.000000,412,60,0.501805,0.478456,4488.016845,0.436910,0.000000,0.505806,5.099459,0.638260,0.489345,0.148915,0.478013,0.145687,0.638601,0.492915,0.484867
c12_r600m,grid,12,600.000000,6,1.000000,404,60,0.554576,0.851495,4712.092697,0.745594,0.000000,0.544083,5.514165,0.628358,0.490341,0.138017,0.838274,0.133069,0.633630,0.500561,0.821763
c12_r600m,grid,12,600.000000,6,1.000000,413,60,0.498268,0.768208,4942.717360,0.583555,0.000000,0.559833,5.681694,0.640938,0.502115,0.138822,0.765336,0.123453,0.632252,0.508799,0.798295
c12_r600m,grid,12,600.000000,6,1.000000,402,60,0.611326,0.859040,4824.096230,0.843316,0.000000,0.551222,5.567424,0.636336,0.485815,0.150522,0.845393,0.161396,0.664216,0.502820,0.840183
c12_r600m,grid,12,600.000000,6,1.000000,401,60,0.716805,0.878831,5145.499797,0.844757,0.000000,0.584222,5.921488,0.662756,0.496680,0.166076,0.866622,0.154550,0.657133,0.502583,0.843988
c12_r600m,grid,12,600.000000,6,1.000000,411,60,0.530451,0.802144,4414.226266,0.678919,0.000000,0.532917,5.395095,0.618408,0.496234,0.122173,0.785756,0.138535,0.632967,0.494431,0.765192
c12_r600m,grid,12,600.000000,6,1.000000,415,60,0.396885,0.435184,4985.382023,0.568977,0.000000,0.510028,5.097765,0.618350,0.505323,0.113026,0.437802,0.124057,0.633223,0.509166,0.371851
c12_r600m,grid,12,600.000000,6,1.000000,409,60,0.680314,0.800115,4996.381183,0.714658,0.000000,0.564583,5.707332,0.645265,0.512935,0.132331,0.792580,0.126800,0.636382,0.509582,0.768570
c16_r15m,grid,16,15.000000,6,1.000000,400,60,0.508022,0.215920,3293.912986,0.408344,0.000000,0.011417,0.001000,0.000000,0.000000,0.000000,0.307692,0.025108,0.062424,0.037316,0.228741
c16_r15m,grid,16,15.000000,6,1.000000,401,60,0.374984,0.304613,1998.580689,0.794723,0.000000,0.005778,0.001000,0.000000,0.000000,0.000000,0.125000,-0.020192,0.000000,0.020192,0.197500
c16_r15m,grid,16,15.000000,6,1.000000,402,60,0.310929,0.265033,1341.293385,0.726608,0.000000,0.003722,0.001000,0.000000,0.000000,0.000000,0.190476,-0.003333,0.030000,0.033333,0.181142
c16_r15m,grid,16,15.000000,6,1.000000,403,60,0.267686,0.554509,1502.199463,0.528390,0.000000,0.004861,0.001000,0.000000,0.000000,0.000000,0.000000,0.005000,0.025000,0.020000,0.325137
c16_r15m,grid,16,15.000000,6,1.000000,404,60,0.400801,0.302782,2236.056001,0.719640,0.000000,0.006194,0.001000,0.000000,0.058824,-0.058824,0.227273,0.002451,0.018333,0.015882,0.358859
c16_r15m,grid,16,15.000000,6,1.000000,406,60,0.430467,0.274029,1977.959670,0.756908,0.000000,0.006806,0.001000,0.000000,0.000000,0.000000,0.000000,-0.033333,0.000000,0.033333,0.138690
c12_r600m,grid,12,600.000000,6,1.000000,408,60,0.582658,0.776710,5429.223432,0.540008,0.000000,0.583389,5.922268,0.663004,0.515240,0.147764,0.772048,0.147849,0.663459,0.515610,0.816543
c16_r15m,grid,16,15.000000,6,1.000000,405,60,0.572853,0.376336,1569.429325,0.652715,0.000000,0.004444,0.001000,0.000000,0.000000,0.000000,0.571429,-0.076389,0.023611,0.100000,0.613994
c16_r15m,grid,16,15.000000,6,1.000000,407,60,0.488331,0.267845,3511.542232,0.833127,0.000000,0.012611,0.001000,0.052632,0.021277,0.031355,0.287879,-0.000365,0.020648,0.021013,0.339773
c12_r600m,grid,12,600.000000,6,1.000000,416,60,0.471350,0.679103,5053.829367,0.373626,0.000000,0.545861,5.513541,0.637567,0.504281,0.133286,0.673029,0.118253,0.636948,0.518696,0.641355
c16_r15m,grid,16,15.000000,6,1.000000,408,60,0.348426,0.584383,2722.417828,0.629136,0.000000,0.008667,0.001000,0.142857,0.076923,0.065934,0.350000,0.067533,0.079392,0.011859,0.671198
c16_r15m,grid,16,15.000000,6,1.000000,409,60,0.288495,0.249097,1754.496699,0.553892,0.000000,0.005722,0.001000,0.000000,0.000000,0.000000,0.250000,-0.010833,0.005000,0.015833,0.358723
c16_r15m,grid,16,15.000000,6,1.000000,410,60,0.261470,0.610908,3180.466018,0.492425,0.000000,0.010389,0.001000,0.000000,0.000000,0.000000,0.000000,-0.014683,0.010317,0.025000,0.465852
c12_r600m,grid,12,600.000000,6,1.000000,414,60,0.814646,0.776760,4481.161254,0.621372,0.000000,0.561028,5.714821,0.669422,0.496272,0.173150,0.774340,0.168598,0.671418,0.502821,0.727484
c12_r600m,grid,12,600.000000,6,1.000000,422,60,0.762940,0.536609,4765.690484,0.533306,0.000000,0.522389,5.230821,0.648961,0.497833,0.151128,0.538416,0.153643,0.653325,0.499682,0.479591
c12_r600m,grid,12,600.000000,6,1.000000,425,60,0.518015,0.569769,5357.091844,0.661433,0.000000,0.536806,5.367194,0.627492,0.509812,0.117680,0.569063,0.110579,0.621607,0.511029,0.489852
c12_r600m,grid,12,600.000000,6,1.000000,421,60,0.795875,0.628749,4829.611613,0.464365,0.000000,0.557833,5.644382,0.676145,0.513099,0.163046,0.625548,0.166698,0.670906,0.504208,0.582674
c12_r600m,grid,12,600.000000,6,1.000000,417,60,0.629965,0.825570,5320.061832,0.407326,0.000000,0.576944,5.843333,0.664742,0.517060,0.147682,0.813308,0.147724,0.652121,0.504397,0.746039
c12_r600m,grid,12,600.000000,6,1.000000,418,60,0.648225,0.692946,5060.423874,0.265122,0.000000,0.551778,5.563994,0.647944,0.516432,0.131512,0.692139,0.137786,0.650334,0.512548,0.662636
c12_r600m,grid,12,600.000000,6,1.000000,427,60,0.771985,0.576517,5116.260976,0.463124,0.000000,0.558917,5.626707,0.675928,0.516197,0.159732,0.575581,0.166883,0.683310,0.516427,0.579894
c12_r600m,grid,12,600.000000,6,1.000000,419,60,0.550030,0.663491,4897.605606,0.595574,0.000000,0.535583,5.388661,0.631302,0.495217,0.136085,0.662008,0.124764,0.635230,0.510466,0.677475
c12_r600m,grid,12,600.000000,6,1.000000,424,60,0.714510,0.791142,4740.031361,0.378425,0.000000,0.554139,5.598684,0.650798,0.476480,0.174318,0.789560,0.156445,0.646503,0.490057,0.804930
c16_r15m,grid,16,15.000000,6,1.000000,411,60,0.375003,0.305816,2370.439056,0.388674,0.000000,0.008028,0.001000,0.000000,0.000000,0.000000,0.000000,0.073308,0.083333,0.010025,0.108924
c12_r600m,grid,12,600.000000,6,1.000000,420,60,0.625810,0.827839,4934.275213,0.685085,0.000000,0.565639,5.743114,0.653288,0.505092,0.148196,0.816516,0.134724,0.635271,0.500547,0.782554
c12_r600m,grid,12,600.000000,6,1.000000,426,60,0.653661,0.733349,4998.032182,0.617429,0.000000,0.560944,5.684432,0.655657,0.515437,0.140219,0.723190,0.142397,0.651094,0.508697,0.776779
c16_r15m,grid,16,15.000000,6,1.000000,412,60,0.267285,0.256489,3464.022439,0.501657,0.000000,0.012417,0.001000,0.000000,0.000000,0.000000,0.107143,-0.004969,0.013025,0.017994,0.295934
c12_r600m,grid,12,600.000000,6,1.000000,423,60,0.421103,0.741034,5094.993547,0.688129,0.000000,0.536806,5.385225,0.606369,0.505036,0.101333,0.733083,0.123909,0.631110,0.507201,0.753040
c16_r15m,grid,16,15.000000,6,1.000000,413,60,0.156964,0.288857,815.916242,0.668327,0.000000,0.002250,0.001000,0.000000,0.000000,0.000000,0.200000,0.070652,0.100000,0.029348,0.118556
c12_r600m,grid,12,600.000000,6,1.000000,428,60,0.748877,0.710693,3772.523476,0.809372,0.000000,0.508194,5.159146,0.626109,0.472014,0.154095,0.703719,0.135276,0.622024,0.486748,0.660221
c12_r600m,grid,12,600.000000,6,1.000000,436,60,0.314827,0.189811,4638.269091,0.585302,0.000000,0.466972,4.637185,0.567513,0.488771,0.078742,0.198592,0.079527,0.573824,0.494297,0.174015
c12_r600m,grid,12,600.000000,6,1.000000,430,60,0.806135,0.800632,5103.456330,0.473284,0.000000,0.569139,5.740638,0.656773,0.503430,0.153343,0.795900,0.174321,0.668172,0.493850,0.708545
c12_r600m,grid,12,600.000000,6,1.000000,431,60,0.453735,0.327459,4382.241486,0.579543,0.000000,0.482472,4.835157,0.607225,0.490589,0.116636,0.336459,0.121617,0.606698,0.485082,0.263848
c12_r600m,grid,12,600.000000,6,1.000000,438,60,0.555370,0.398530,5224.620289,0.375653,0.000000,0.525361,5.256250,0.660029,0.516704,0.143325,0.404215,0.132242,0.644810,0.512567,0.418259
c16_r15m,grid,16,15.000000,6,1.000000,414,60,0.230361,0.338169,3184.595331,0.547540,0.000000,0.010583,0.001000,0.000000,0.000000,0.000000,0.312500,-0.022667,0.019263,0.041930,0.395078
c12_r600m,grid,12,600.000000,6,1.000000,429,60,0.519334,0.773052,4851.473433,0.664883,0.000000,0.552222,5.588343,0.637972,0.500617,0.137355,0.768067,0.144284,0.639455,0.495172,0.776118
c12_r600m,grid,12,600.000000,6,1.000000,437,60,0.771376,0.509029,5017.337595,0.829230,0.000000,0.547750,5.507184,0.679614,0.507707,0.171907,0.511334,0.149977,0.656832,0.506856,0.404886
c12_r600m,grid,12,600.000000,6,1.000000,444,60,0.644743,0.465920,5069.783731,0.670563,0.000000,0.527278,5.263261,0.646242,0.507049,0.139193,0.471575,0.119394,0.628090,0.508695,0.397719
c12_r600m,grid,12,600.000000,6,1.000000,440,60,0.704225,0.634041,5376.133163,0.422991,0.000000,0.556639,5.578460,0.653092,0.517067,0.136025,0.628638,0.130750,0.646068,0.515318,0.666987
c12_r600m,grid,12,600.000000,6,1.000000,446,60,0.364625,0.489088,4863.925648,0.790883,0.000000,0.512750,5.136446,0.605271,0.500069,0.105202,0.485223,0.103682,0.603799,0.500117,0.484024
c16_r15m,grid,16,15.000000,6,1.000000,415,60,0.467866,0.530336,2983.301369,0.859490,0.000000,0.009444,0.001000,0.000000,0.000000,0.000000,0.000000,-0.004892,0.028724,0.033616,0.386826
c16_r15m,grid,16,15.000000,6,1.000000,416,60,0.195739,0.523516,2641.376162,0.625261,0.000000,0.008750,0.001000,0.035714,0.000000,0.035714,0.608696,0.011045,0.034657,0.023611,0.499777
c12_r600m,grid,12,600.000000,6,1.000000,439,60,0.733256,0.683769,5161.188690,0.605436,0.000000,0.567333,5.721158,0.673426,0.509921,0.163505,0.684375,0.163988,0.665884,0.501896,0.683998
c16_r15m,grid,16,15.000000,6,1.000000,417,60,0.644647,0.232186,2116.873091,0.537250,0.000000,0.006778,0.001000,0.000000,0.000000,0.000000,0.100000,0.009477,0.025000,0.015523,0.146614
c16_r15m,grid,16,15.000000,6,1.000000,418,60,0.299957,0.565104,2161.474014,0.428106,0.000000,0.007861,0.001000,0.000000,0.000000,0.000000,0.588235,0.013528,0.022619,0.009091,0.442304
c12_r600m,grid,12,600.000000,6,1.000000,447,60,0.685253,0.688171,5386.931780,0.796374,0.000000,0.562056,5.646207,0.659269,0.499944,0.159325,0.682855,0.141617,0.651475,0.509859,0.658187
c12_r600m,grid,12,600.000000,6,1.000000,449,60,0.676047,0.609773,5060.339398,0.397072,0.000000,0.553639,5.592134,0.671789,0.513454,0.158335,0.616375,0.164907,0.673974,0.509067,0.465613
c16_r15m,grid,16,15.000000,6,1.000000,419,60,0.321545,0.327284,3272.597843,0.400505,0.000000,0.011000,0.001000,0.000000,0.000000,0.000000,0.461538,-0.005737,0.007143,0.012879,0.354103
c16_r15m,grid,16,15.000000,6,1.000000,420,60,0.573735,0.294545,2223.106311,0.622397,0.000000,0.006722,0.001000,0.000000,0.000000,0.000000,0.190476,0.033333,0.033333,0.000000,0.148555
c12_r600m,grid,12,600.000000,6,1.000000,443,60,0.620722,0.673593,5233.605832,0.612367,0.000000,0.574056,5.824719,0.660612,0.535128,0.125484,0.673301,0.145318,0.656139,0.510821,0.665777
c12_r600m,grid,12,600.000000,6,1.000000,432,60,0.693358,0.762414,4548.668228,0.810641,0.000000,0.566944,5.787127,0.669059,0.506720,0.162339,0.756535,0.153240,0.653655,0.500415,0.748645
c12_r600m,grid,12,600.000000,6,1.000000,435,60,0.711832,0.762114,5011.155573,0.792326,0.000000,0.565306,5.719839,0.662108,0.496133,0.165975,0.759883,0.158100,0.666240,0.508140,0.734506
c12_r600m,grid,12,600.000000,6,1.000000,442,60,0.742994,0.731396,4827.845968,0.528725,0.000000,0.551167,5.557271,0.645096,0.490703,0.154392,0.724218,0.130991,0.635825,0.504834,0.708265
c12_r600m,grid,12,600.000000,6,1.000000,441,60,0.908457,0.860313,4659.407527,0.735836,0.000000,0.588694,6.014469,0.685633,0.504612,0.181021,0.851199,0.171469,0.676266,0.504797,0.758889
c12_r600m,grid,12,600.000000,6,1.000000,433,60,0.788004,0.804690,5160.888411,0.577999,0.000000,0.579389,5.870959,0.665154,0.533461,0.131693,0.794594,0.146360,0.656541,0.510181,0.811308
c16_r15m,grid,16,15.000000,6,1.000000,421,60,0.399650,0.243694,881.032981,0.773446,0.000000,0.002556,0.001000,0.000000,0.000000,0.000000,0.263158,0.034084,0.054286,0.020202,0.210938
c12_r600m,grid,12,600.000000,6,1.000000,434,60,0.793964,0.830224,5118.152439,0.770436,0.000000,0.584972,5.938057,0.672561,0.511072,0.161489,0.817207,0.157473,0.667490,0.510017,0.847675
c12_r600m,grid,12,600.000000,6,1.000000,448,60,0.768839,0.818854,5091.697932,0.609710,0.000000,0.578722,5.863825,0.660353,0.512467,0.147886,0.811976,0.151300,0.664288,0.512988,0.771751
c16_r15m,grid,16,15.000000,6,1.000000,422,60,0.349028,0.172472,2048.506435,0.828433,0.000000,0.006028,0.001000,0.000000,0.000000,0.000000,0.176471,-0.018061,0.000000,0.018061,0.273158
c12_r600m,grid,12,600.000000,6,1.000000,445,60,0.559960,0.823368,5193.550116,0.503481,0.000000,0.562528,5.695697,0.650355,0.506544,0.143811,0.816820,0.138704,0.648943,0.510239,0.855262
c16_r15m,grid,16,15.000000,6,1.000000,423,60,0.322296,0.402892,1734.987225,0.777068,0.000000,0.005889,0.001000,0.000000,0.000000,0.000000,0.600000,-0.002429,0.005263,0.007692,0.314553
c16_r15m,grid,16,15.000000,6,1.000000,425,60,0.521912,0.655258,1611.028484,0.703070,0.000000,0.005139,0.001000,0.000000,0.000000,0.000000,0.611111,-0.030238,0.019762,0.050000,0.484626
c16_r15m,grid,16,15.000000,6,1.000000,424,60,0.421582,0.384622,2619.623697,0.667199,0.000000,0.009333,0.001000,0.000000,0.076923,-0.076923,0.133333,-0.008764,0.028095,0.036859,0.486673
c16_r15m,grid,16,15.000000,6,1.000000,426,60,0.227494,0.271418,3379.900548,0.359183,0.000000,0.010250,0.001000,0.125000,0.000000,0.125000,0.363636,-0.011026,0.012500,0.023526,0.145467
c16_r15m,grid,16,15.000000,6,1.000000,428,60,0.315175,0.667955,2649.656404,0.672317,0.000000,0.009694,0.001000,0.000000,0.000000,0.000000,0.550000,-0.036964,0.030536,0.067500,0.588219
c16_r15m,grid,16,15.000000,6,1.000000,427,60,0.749196,0.567282,3820.226281,0.599623,0.000000,0.012167,0.001000,0.000000,0.000000,0.000000,0.500000,-0.032553,0.006256,0.038810,0.652391
c16_r15m,grid,16,15.000000,6,1.000000,429,60,0.684933,0.450682,1500.231666,0.707095,0.000000,0.003861,0.001000,0.000000,0.000000,0.000000,0.333333,0.011765,0.011765,0.000000,0.264403
c16_r15m,grid,16,15.000000,6,1.000000,430,60,0.230649,0.173931,3804.601549,0.610353,0.000000,0.013472,0.001000,0.000000,0.083333,-0.083333,0.076923,-0.015513,0.008333,0.023846,0.299280
c16_r15m,grid,16,15.000000,6,1.000000,431,60,0.580568,0.295020,1343.166670,0.833094,0.000000,0.003556,0.001000,0.200000,0.000000,0.200000,0.555556,0.064108,0.091667,0.027558,0.352762
c16_r15m,grid,16,15.000000,6,1.000000,434,60,0.668791,0.312972,2042.743394,0.451580,0.000000,0.005889,0.001000,0.000000,0.000000,0.000000,0.000000,0.158974,0.166667,0.007692,0.161071
c16_r15m,grid,16,15.000000,6,1.000000,432,60,0.645039,0.315685,3506.986770,0.677307,0.000000,0.012500,0.001000,0.000000,0.037037,-0.037037,0.129032,-0.027264,0.003226,0.030489,0.370612
c16_r15m,grid,16,15.000000,6,1.000000,435,60,0.271365,0.281028,2574.734639,0.731203,0.000000,0.008611,0.001000,0.071429,0.000000,0.071429,0.411765,0.002505,0.025325,0.022819,0.332482
c16_r15m,grid,16,15.000000,6,1.000000,433,60,0.535705,0.343588,2377.962934,0.839866,0.000000,0.007750,0.001000,0.000000,0.000000,0.000000,0.000000,0.044968,0.044968,0.000000,0.321398
c16_r15m,grid,16,15.000000,6,1.000000,436,60,0.144731,0.571358,1790.416444,0.407155,0.000000,0.005333,0.001000,0.000000,0.000000,0.000000,0.687500,0.003226,0.003226,0.000000,0.598262
c16_r15m,grid,16,15.000000,6,1.000000,437,60,0.252917,0.273814,2316.495002,0.853191,0.000000,0.007500,0.001000,0.000000,0.066667,-0.066667,0.464286,0.008295,0.030519,0.022224,0.320275
c16_r15m,grid,16,15.000000,6,1.000000,438,60,0.211425,0.516928,3054.157072,0.402904,0.000000,0.009167,0.001000,0.000000,0.000000,0.000000,0.636364,-0.050000,0.000000,0.050000,0.482280
c16_r15m,grid,16,15.000000,6,1.000000,439,60,0.298224,0.437956,3042.678527,0.750749,0.000000,0.010583,0.001000,0.035714,0.000000,0.035714,0.700000,-0.000386,0.025162,0.025548,0.417260
c16_r15m,grid,16,15.000000,6,1.000000,440,60,0.161217,0.551690,1988.131272,0.654691,0.000000,0.005889,0.001000,0.333333,0.058824,0.274510,0.150000,0.044594,0.060476,0.015882,0.495136
c16_r15m,grid,16,15.000000,6,1.000000,441,60,0.203034,0.495875,1561.690250,0.588707,0.000000,0.004722,0.001000,0.000000,0.000000,0.000000,0.888889,-0.009722,0.000000,0.009722,0.339905
c16_r15m,grid,16,15.000000,6,1.000000,443,60,0.289722,0.543812,1377.781075,0.545806,0.000000,0.003917,0.001000,0.000000,0.000000,0.000000,0.722222,0.040202,0.040202,0.000000,0.584071
c16_r15m,grid,16,15.000000,6,1.000000,442,60,0.231253,0.460069,2991.361568,0.704358,0.000000,0.010028,0.001000,0.136364,0.000000,0.136364,0.511628,0.081079,0.081079,0.000000,0.654913
c16_r15m,grid,16,15.000000,6,1.000000,444,60,0.395887,0.266784,2339.990545,0.547713,0.000000,0.007194,0.001000,0.000000,0.000000,0.000000,0.000000,-0.000417,0.016667,0.017083,0.161468
c16_r15m,grid,16,15.000000,6,1.000000,445,60,0.464928,0.256436,3822.535307,0.439311,0.000000,0.012833,0.001000,0.000000,0.000000,0.000000,0.200000,-0.009908,0.020000,0.029908,0.148605
c16_r15m,grid,16,15.000000,6,1.000000,446,60,0.446287,0.654776,2829.180660,0.643845,0.000000,0.010028,0.001000,0.000000,0.000000,0.000000,0.227273,0.007887,0.034554,0.026667,0.512160
c16_r15m,grid,16,15.000000,6,1.000000,447,60,0.281198,0.453106,4231.271293,0.733095,0.000000,0.013917,0.001000,0.000000,0.000000,0.000000,0.217391,-0.002046,0.016951,0.018998,0.347610
c16_r15m,grid,16,15.000000,6,1.000000,448,60,0.345070,0.427099,1371.505917,0.761728,0.000000,0.003861,0.001000,0.000000,0.000000,0.000000,0.416667,0.000000,0.000000,0.000000,0.200595
c16_r15m,grid,16,15.000000,6,1.000000,449,60,0.234462,0.400280,3166.332313,0.773831,0.000000,0.009306,0.001000,0.000000,0.000000,0.000000,0.250000,0.062398,0.073333,0.010936,0.241901
c16_r37.5m,grid,16,37.500000,6,1.000000,400,60,0.354814,0.284950,1764.870823,0.646607,0.000000,0.013361,0.001000,0.089655,0.035639,0.054016,0.233119,0.036353,0.073883,0.037530,0.201701
c16_r37.5m,grid,16,37.500000,6,1.000000,401,60,0.275161,0.553632,2982.928833,0.456635,0.000000,0.025167,0.001000,0.080321,0.047761,0.032560,0.270947,0.036138,0.088986,0.052848,0.332368
c16_r37.5m,grid,16,37.500000,6,1.000000,402,60,0.312006,0.578788,4606.021235,0.640510,0.000000,0.036972,0.001000,0.073746,0.046699,0.027047,0.620879,0.018210,0.067278,0.049068,0.564205
c16_r37.5m,grid,16,37.500000,6,1.000000,403,60,0.560854,0.381712,3147.599898,0.624641,0.000000,0.024806,0.001000,0.096471,0.040134,0.056337,0.415445,0.051137,0.100338,0.049201,0.372479
c16_r37.5m,grid,16,37.500000,6,1.000000,404,60,0.458266,0.329392,1311.062629,0.782427,0.000000,0.009417,0.001000,0.089888,0.045775,0.044113,0.238606,0.028223,0.066646,0.038424,0.281115
c16_r37.5m,grid,16,37.500000,6,1.000000,405,60,0.513845,0.386327,4231.216737,0.637160,0.000000,0.036028,0.001000,0.108779,0.049383,0.059396,0.370318,0.039812,0.085493,0.045681,0.425163
c16_r37.5m,grid,16,37.500000,6,1.000000,406,60,0.220840,0.185711,3180.271056,0.670603,0.000000,0.024111,0.001000,0.059211,0.032880,0.026331,0.256324,0.015554,0.059239,0.043685,0.223381
c16_r37.5m,grid,16,37.500000,6,1.000000,407,60,0.269212,0.212720,1461.307508,0.431070,0.000000,0.010528,0.001000,0.067961,0.041667,0.026294,0.222462,0.024521,0.070408,0.045887,0.289351
c16_r37.5m,grid,16,37.500000,6,1.000000,408,60,0.310162,0.387115,1422.463348,0.723313,0.000000,0.010361,0.001000,0.027778,0.043062,-0.015284,0.508235,0.021314,0.057956,0.036642,0.343825
c16_r37.5m,grid,16,37.500000,6,1.000000,409,60,0.482127,0.476787,2860.895662,0.685181,0.000000,0.023444,0.001000,0.068884,0.069592,-0.000708,0.389094,0.016647,0.065217,0.048570,0.486696
c16_r37.5m,grid,16,37.500000,6,1.000000,410,60,0.443272,0.353652,1176.722198,0.672687,0.000000,0.008139,0.001000,0.050279,0.046948,0.003331,0.456633,0.030361,0.066088,0.035727,0.454180
c16_r37.5m,grid,16,37.500000,6,1.000000,411,60,0.287152,0.444615,3394.974102,0.732497,0.000000,0.025972,0.001000,0.075377,0.039333,0.036044,0.321746,0.021129,0.071679,0.050550,0.320716
c16_r37.5m,grid,16,37.500000,6,1.000000,414,60,0.397636,0.366106,3346.339669,0.351272,0.000000,0.027278,0.001000,0.078176,0.048387,0.029789,0.414305,0.041230,0.090973,0.049743,0.392240
c16_r37.5m,grid,16,37.500000,6,1.000000,412,60,0.401675,0.434189,4799.470291,0.561947,0.000000,0.039611,0.001000,0.082329,0.048387,0.033942,0.334228,0.034998,0.082916,0.047918,0.378252
c16_r37.5m,grid,16,37.500000,6,1.000000,415,60,0.227796,0.194348,2829.489008,0.630025,0.000000,0.021417,0.001000,0.082569,0.049209,0.033360,0.160767,0.045805,0.093101,0.047296,0.173408
c16_r37.5m,grid,16,37.500000,6,1.000000,413,60,0.317706,0.468855,2479.886855,0.625402,0.000000,0.018750,0.001000,0.046683,0.048565,-0.001882,0.473256,0.015199,0.062739,0.047540,0.507404
c16_r37.5m,grid,16,37.500000,6,1.000000,417,60,0.382701,0.464594,2610.099690,0.651922,0.000000,0.021528,0.001000,0.078788,0.054054,0.024734,0.548780,0.025587,0.065989,0.040402,0.486087
c16_r37.5m,grid,16,37.500000,6,1.000000,416,60,0.489760,0.641291,3214.825983,0.335197,0.000000,0.027083,0.001000,0.113300,0.055970,0.057330,0.602374,0.042391,0.095647,0.053257,0.559670
c16_r37.5m,grid,16,37.500000,6,1.000000,418,60,0.331050,0.303826,3340.623543,0.713653,0.000000,0.028361,0.001000,0.081911,0.048408,0.033504,0.271800,0.032272,0.078491,0.046219,0.215242
c16_r37.5m,grid,16,37.500000,6,1.000000,419,60,0.237914,0.508806,1614.253023,0.576135,0.000000,0.012194,0.001000,0.080214,0.017544,0.062670,0.522346,0.034889,0.067193,0.032304,0.604107
c16_r37.5m,grid,16,37.500000,6,1.000000,421,60,0.276136,0.522931,1153.396841,0.749478,0.000000,0.007444,0.001000,0.055249,0.045977,0.009272,0.509859,0.019495,0.065296,0.045800,0.445559
c16_r37.5m,grid,16,37.500000,6,1.000000,420,60,0.347503,0.234778,3989.062286,0.609345,0.000000,0.031167,0.001000,0.052356,0.031489,0.020867,0.154157,0.024210,0.078358,0.054148,0.164618
c16_r37.5m,grid,16,37.500000,6,1.000000,422,60,0.186079,0.615840,2257.952711,0.745636,0.000000,0.016861,0.001000,0.058708,0.032110,0.026598,0.700960,0.028738,0.064936,0.036198,0.626021
c16_r37.5m,grid,16,37.500000,6,1.000000,423,60,0.376676,0.514498,3008.431893,0.484840,0.000000,0.025944,0.001000,0.055375,0.048969,0.006406,0.441727,0.029003,0.071587,0.042584,0.501845
c16_r37.5m,grid,16,37.500000,6,1.000000,424,60,0.690234,0.646104,3786.282884,0.497456,0.000000,0.031889,0.001000,0.102530,0.040598,0.061932,0.616079,0.050244,0.095927,0.045683,0.559394
c16_r37.5m,grid,16,37.500000,6,1.000000,425,60,0.529432,0.356310,3650.536498,0.742615,0.000000,0.029167,0.001000,0.102500,0.061538,0.040962,0.338983,0.032778,0.089235,0.056457,0.335431
c16_r37.5m,grid,16,37.500000,6,1.000000,427,60,0.448026,0.515631,1484.797119,0.507498,0.000000,0.010889,0.001000,0.067873,0.077586,-0.009713,0.487859,0.013035,0.056874,0.043839,0.421874
c16_r37.5m,grid,16,37.500000,6,1.000000,426,60,0.384369,0.493243,4504.258178,0.583635,0.000000,0.037750,0.001000,0.088427,0.068452,0.019974,0.533657,0.031043,0.082113,0.051070,0.455633
c16_r37.5m,grid,16,37.500000,6,1.000000,428,60,0.370603,0.244287,3774.278813,0.647478,0.000000,0.028722,0.001000,0.065359,0.046973,0.018387,0.242089,0.032293,0.082524,0.050231,0.259191
c16_r37.5m,grid,16,37.500000,6,1.000000,430,60,0.401348,0.117998,2581.549430,0.647238,0.000000,0.018861,0.001000,0.097222,0.038462,0.058761,0.107463,0.029411,0.072312,0.042901,0.301488
c16_r37.5m,grid,16,37.500000,6,1.000000,429,60,0.289403,0.369106,2718.214689,0.772789,0.000000,0.021778,0.001000,0.076220,0.038147,0.038072,0.308851,0.023702,0.069238,0.045535,0.287183
c16_r37.5m,grid,16,37.500000,6,1.000000,431,60,0.653084,0.214499,2838.269242,0.833017,0.000000,0.025194,0.001000,0.077348,0.038386,0.038962,0.262700,0.033032,0.076379,0.043346,0.264267
c16_r37.5m,grid,16,37.500000,6,1.000000,433,60,0.368242,0.478585,2683.420909,0.616104,0.000000,0.022056,0.001000,0.082160,0.064833,0.017327,0.455615,0.018496,0.066049,0.047553,0.462316
c16_r37.5m,grid,16,37.500000,6,1.000000,432,60,0.460505,0.450550,1943.503209,0.628111,0.000000,0.016528,0.001000,0.065421,0.044186,0.021235,0.427430,0.042207,0.079117,0.036910,0.439319
c16_r37.5m,grid,16,37.500000,6,1.000000,434,60,0.187356,0.330457,2993.651454,0.535751,0.000000,0.024861,0.001000,0.054237,0.058380,-0.004143,0.357143,0.009582,0.065925,0.056344,0.373357
c16_r37.5m,grid,16,37.500000,6,1.000000,436,60,0.249830,0.299583,1280.247896,0.599142,0.000000,0.008972,0.001000,0.042553,0.026906,0.015647,0.296530,0.030332,0.065196,0.034864,0.296422
c16_r37.5m,grid,16,37.500000,6,1.000000,435,60,0.431677,0.283143,2422.068063,0.709265,0.000000,0.019806,0.001000,0.090674,0.046512,0.044162,0.408466,0.027957,0.065965,0.038008,0.443564
c16_r37.5m,grid,16,37.500000,6,1.000000,438,60,0.242790,0.439084,1880.544934,0.548432,0.000000,0.014583,0.001000,0.050000,0.029091,0.020909,0.537815,0.005578,0.051116,0.045538,0.422563
c16_r37.5m,grid,16,37.500000,6,1.000000,437,60,0.330351,0.671990,3761.729070,0.809841,0.000000,0.030028,0.001000,0.081828,0.042017,0.039811,0.664079,0.029562,0.076333,0.046771,0.645200
c16_r37.5m,grid,16,37.500000,6,1.000000,439,60,0.341345,0.551897,1774.075295,0.742105,0.000000,0.014833,0.001000,0.068522,0.059406,0.009117,0.698057,0.037790,0.066512,0.028722,0.597675
c16_r37.5m,grid,16,37.500000,6,1.000000,440,60,0.204147,0.206559,4109.201094,0.782195,0.000000,0.034833,0.001000,0.063545,0.038993,0.024552,0.195425,0.019429,0.064970,0.045542,0.238557
c16_r37.5m,grid,16,37.500000,6,1.000000,441,60,0.419979,0.385848,2737.341068,0.515284,0.000000,0.021667,0.001000,0.059028,0.046065,0.012963,0.355995,0.025635,0.073741,0.048105,0.279672
c16_r37.5m,grid,16,37.500000,6,1.000000,443,60,0.371556,0.547627,1393.132773,0.761755,0.000000,0.010500,0.001000,0.045283,0.034351,0.010932,0.502846,0.020106,0.050168,0.030062,0.494330
c16_r37.5m,grid,16,37.500000,6,1.000000,442,60,0.461036,0.550265,1039.122014,0.812808,0.000000,0.007778,0.001000,0.029412,0.039801,-0.010389,0.458221,0.012984,0.041710,0.028726,0.385329
c16_r37.5m,grid,16,37.500000,6,1.000000,444,60,0.313684,0.583621,3011.983719,0.630673,0.000000,0.025000,0.001000,0.089027,0.040712,0.048314,0.551370,0.031017,0.077215,0.046198,0.488830
c16_r37.5m,grid,16,37.500000,6,1.000000,447,60,0.441635,0.399477,2276.265257,0.663369,0.000000,0.017611,0.001000,0.037500,0.041588,-0.004088,0.312094,0.029916,0.064964,0.035048,0.294308
c16_r37.5m,grid,16,37.500000,6,1.000000,445,60,0.308975,0.468123,3237.298734,0.304510,0.000000,0.028111,0.001000,0.066202,0.041475,0.024727,0.398058,0.013767,0.062068,0.048301,0.321919
c16_r37.5m,grid,16,37.500000,6,1.000000,446,60,0.448779,0.249794,1989.628025,0.746176,0.000000,0.015778,0.001000,0.069519,0.034335,0.035184,0.286371,0.030359,0.070499,0.040140,0.314276
c16_r37.5m,grid,16,37.500000,6,1.000000,449,60,0.294626,0.162227,1386.971136,0.540082,0.000000,0.010139,0.001000,0.055556,0.026316,0.029240,0.136364,0.034525,0.063635,0.029109,0.307570
c16_r37.5m,grid,16,37.500000,6,1.000000,448,60,0.327115,0.383053,1916.235160,0.508562,0.000000,0.014444,0.001000,0.047393,0.025126,0.022268,0.514634,0.051429,0.084296,0.032867,0.464980
c16_r75m,grid,16,75.000000,6,1.000000,402,60,0.953948,0.908954,5589.585617,0.907280,0.000000,0.098833,0.029932,0.159901,0.104712,0.055189,0.898717,0.060053,0.159948,0.099895,0.900953
c16_r75m,grid,16,75.000000,6,1.000000,401,60,0.683033,0.862281,4673.999711,0.401922,0.000000,0.086972,0.018945,0.155087,0.108384,0.046703,0.861316,0.072539,0.167164,0.094625,0.905483
c16_r75m,grid,16,75.000000,6,1.000000,400,60,0.869901,0.840958,5461.712218,0.634206,0.000000,0.095611,0.024262,0.170739,0.117066,0.053673,0.829033,0.064620,0.165998,0.101378,0.848822
c16_r75m,grid,16,75.000000,6,1.000000,409,60,0.913635,0.892068,5096.983401,0.292822,0.000000,0.091583,0.028730,0.169694,0.099185,0.070509,0.881041,0.080105,0.179532,0.099427,0.859228
c16_r75m,grid,16,75.000000,6,1.000000,406,60,0.707153,0.825727,4166.867465,0.932353,0.000000,0.079944,0.024659,0.138480,0.073581,0.064899,0.823500,0.065910,0.148490,0.082580,0.871317
c16_r75m,grid,16,75.000000,6,1.000000,405,60,0.889366,0.962268,4488.088351,0.868228,0.000000,0.089056,0.061534,0.158134,0.078838,0.079295,0.942701,0.060979,0.154415,0.093436,0.919438
c16_r75m,grid,16,75.000000,6,1.000000,407,60,0.812252,0.922119,5485.785952,0.792889,0.000000,0.095028,0.029390,0.147602,0.095533,0.052068,0.909183,0.053381,0.144286,0.090905,0.897098
c16_r75m,grid,16,75.000000,6,1.000000,404,60,0.931125,0.906593,5285.726492,0.670921,0.000000,0.097139,0.030251,0.154967,0.098295,0.056672,0.888728,0.075153,0.173365,0.098213,0.863768
c16_r75m,grid,16,75.000000,6,1.000000,403,60,0.929700,0.937669,5349.091720,0.764621,0.000000,0.097889,0.036544,0.168901,0.082133,0.086769,0.920000,0.064592,0.158911,0.094318,0.859840
c16_r75m,grid,16,75.000000,6,1.000000,408,60,0.827996,0.888278,5178.842880,0.694162,0.000000,0.096139,0.032130,0.167281,0.081532,0.085749,0.881765,0.067559,0.160935,0.093376,0.870475
c16_r75m,grid,16,75.000000,6,1.000000,412,60,0.949709,0.893367,5358.203812,0.909280,0.000000,0.096417,0.035906,0.158036,0.097490,0.060546,0.887452,0.065402,0.158823,0.093420,0.678975
c16_r75m,grid,16,75.000000,6,1.000000,411,60,0.887957,0.958492,4997.988425,0.893480,0.000000,0.094528,0.023187,0.151069,0.107826,0.043243,0.936076,0.066448,0.158817,0.092369,0.864606
c16_r75m,grid,16,75.000000,6,1.000000,410,60,0.907357,0.823677,5580.542286,0.868464,0.000000,0.100028,0.043490,0.167190,0.098235,0.068955,0.818065,0.066955,0.164364,0.097409,0.790345
c16_r75m,grid,16,75.000000,6,1.000000,413,60,0.868371,0.821944,5497.033897,0.600824,0.000000,0.101250,0.045352,0.179089,0.107143,0.071946,0.811459,0.069486,0.170126,0.100641,0.809937
c16_r75m,grid,16,75.000000,6,1.000000,414,60,0.905707,0.923959,5700.688232,0.729013,0.000000,0.098667,0.030886,0.164907,0.108142,0.056765,0.911076,0.062692,0.161405,0.098713,0.922977
c16_r75m,grid,16,75.000000,6,1.000000,415,60,0.893086,0.951171,5104.353892,0.655284,0.000000,0.093528,0.024785,0.152811,0.105960,0.046851,0.929398,0.072261,0.170423,0.098163,0.926886
c16_r75m,grid,16,75.000000,6,1.000000,416,60,0.864266,0.855372,5310.131822,0.865879,0.000000,0.099194,0.033346,0.167404,0.085960,0.081444,0.850070,0.061495,0.157675,0.096180,0.870696
c16_r75m,grid,16,75.000000,6,1.000000,417,60,0.809202,0.957156,5688.380681,0.784579,0.000000,0.103028,0.057864,0.165928,0.081731,0.084197,0.933779,0.070360,0.164074,0.093714,0.925133
c16_r75m,grid,16,75.000000,6,1.000000,419,60,0.872855,0.901072,5496.588746,0.312971,0.000000,0.099472,0.049444,0.180019,0.107932,0.072087,0.889907,0.071446,0.175919,0.104473,0.864180
c16_r75m,grid,16,75.000000,6,1.000000,418,60,0.582859,0.905777,5488.646029,0.724242,0.000000,0.096444,0.023408,0.152509,0.091629,0.060880,0.901074,0.054092,0.151098,0.097007,0.892267
c16_r75m,grid,16,75.000000,6,1.000000,422,60,0.109491,0.578097,4554.005759,0.946375,0.000000,0.076528,0.003130,0.100542,0.091786,0.008756,0.578678,0.012570,0.101283,0.088713,0.366324
c16_r75m,grid,16,75.000000,6,1.000000,420,60,0.891324,0.911022,4540.753685,0.701840,0.000000,0.086111,0.031425,0.150211,0.093437,0.056774,0.887751,0.066694,0.162022,0.095328,0.884800
c16_r75m,grid,16,75.000000,6,1.000000,421,60,0.798170,0.938984,5464.455046,0.872820,0.000000,0.101667,0.058649,0.163080,0.099338,0.063742,0.921980,0.061894,0.165475,0.103581,0.907310
c16_r75m,grid,16,75.000000,6,1.000000,424,60,0.530919,0.919368,5315.162158,0.386065,0.000000,0.089139,0.013514,0.143818,0.098535,0.045283,0.897039,0.050936,0.146781,0.095844,0.863498
c16_r75m,grid,16,75.000000,6,1.000000,423,60,0.869522,0.921127,5479.020923,0.686897,0.000000,0.101333,0.044384,0.168503,0.130864,0.037639,0.907934,0.062581,0.164708,0.102127,0.910795
c16_r75m,grid,16,75.000000,6,1.000000,426,60,0.683269,0.828173,4943.196996,0.925204,0.000000,0.092611,0.037857,0.146167,0.093190,0.052977,0.821097,0.060002,0.155487,0.095486,0.784583
c16_r75m,grid,16,75.000000,6,1.000000,425,60,0.859300,0.945644,5541.267452,0.767800,0.000000,0.098944,0.032489,0.159208,0.086758,0.072450,0.928533,0.067751,0.162779,0.095028,0.862860
c16_r75m,grid,16,75.000000,6,1.000000,432,60,0.548583,0.790926,5537.527796,0.097331,0.000000,0.093111,0.028942,0.166505,0.102371,0.064135,0.769556,0.050029,0.151123,0.101094,0.599166
c16_r75m,grid,16,75.000000,6,1.000000,435,60,0.679053,0.485313,5035.515117,0.858839,0.000000,0.087778,0.016992,0.169238,0.090112,0.079126,0.483991,0.056387,0.148823,0.092437,0.367894
c16_r75m,grid,16,75.000000,6,1.000000,437,60,0.927960,0.783299,4657.478991,0.931113,0.000000,0.088972,0.020836,0.162138,0.090319,0.071819,0.781777,0.067172,0.158412,0.091240,0.725878
c16_r75m,grid,16,75.000000,6,1.000000,428,60,0.899369,0.918093,5580.176232,0.820226,0.000000,0.101389,0.034212,0.162785,0.092272,0.070513,0.908302,0.067673,0.163995,0.096322,0.865993
c16_r75m,grid,16,75.000000,6,1.000000,431,60,0.894519,0.916446,5245.684714,0.290407,0.000000,0.094528,0.030865,0.177508,0.088191,0.089316,0.897251,0.091332,0.185435,0.094103,0.920252
c16_r75m,grid,16,75.000000,6,1.000000,427,60,0.793978,0.811946,4833.407331,0.600347,0.000000,0.087583,0.019646,0.156271,0.097125,0.059147,0.790355,0.071056,0.163969,0.092913,0.844880
c16_r75m,grid,16,75.000000,6,1.000000,445,60,0.955502,0.578032,4455.433057,0.311004,0.000000,0.083722,0.018118,0.190516,0.097986,0.092530,0.579889,0.087690,0.183717,0.096027,0.476414
c16_r75m,grid,16,75.000000,6,1.000000,429,60,0.919894,0.799720,5031.962509,0.909376,0.000000,0.093667,0.034375,0.158875,0.102589,0.056285,0.777282,0.056994,0.153905,0.096911,0.881611
c16_r75m,grid,16,75.000000,6,1.000000,430,60,0.901085,0.887164,4717.049512,0.285414,0.000000,0.087306,0.029211,0.173847,0.099711,0.074136,0.884358,0.079151,0.176677,0.097526,0.871855
c16_r75m,grid,16,75.000000,6,1.000000,433,60,0.771269,0.913256,4864.368598,0.785180,0.000000,0.092056,0.033301,0.155020,0.097481,0.057539,0.893627,0.058725,0.149528,0.090803,0.905496
c16_r75m,grid,16,75.000000,6,1.000000,439,60,0.804290,0.914115,5007.421746,0.822657,0.000000,0.095306,0.036657,0.159356,0.095694,0.063662,0.904172,0.060512,0.158077,0.097565,0.854981
c16_r75m,grid,16,75.000000,6,1.000000,442,60,0.546855,0.890224,4607.406981,0.897405,0.000000,0.083361,0.029440,0.130617,0.091496,0.039121,0.891497,0.047216,0.139489,0.092273,0.805915
c16_r75m,grid,16,75.000000,6,1.000000,436,60,0.835001,0.910484,4854.624979,0.885025,0.000000,0.088333,0.028566,0.151812,0.093049,0.058762,0.894488,0.060924,0.156001,0.095077,0.896937
c16_r75m,grid,16,75.000000,6,1.000000,438,60,0.936482,0.938701,4997.384135,0.569188,0.000000,0.094278,0.029497,0.162512,0.086420,0.076092,0.921254,0.071452,0.165461,0.094010,0.920413
c16_r75m,grid,16,75.000000,6,1.000000,434,60,0.947445,0.929731,5504.715481,0.644589,0.000000,0.098667,0.030137,0.159658,0.103914,0.055744,0.914661,0.067569,0.163246,0.095677,0.844104
c16_r75m,grid,16,75.000000,6,1.000000,440,60,0.851256,0.849201,5451.238560,0.814744,0.000000,0.096000,0.024379,0.150013,0.103180,0.046833,0.846546,0.057761,0.152147,0.094386,0.859789
c16_r75m,grid,16,75.000000,6,1.000000,444,60,0.850432,0.912953,5250.247801,0.790090,0.000000,0.097833,0.033884,0.159445,0.089343,0.070102,0.897642,0.062793,0.155756,0.092963,0.893489
c16_r75m,grid,16,75.000000,6,1.000000,443,60,0.915632,0.873679,5022.340745,0.787470,0.000000,0.091389,0.018063,0.148373,0.093023,0.055349,0.863073,0.059646,0.154853,0.095207,0.900718
c16_r75m,grid,16,75.000000,6,1.000000,446,60,0.948501,0.933084,5193.997575,0.500354,0.000000,0.095056,0.030281,0.172327,0.089595,0.082732,0.912138,0.073632,0.162607,0.088975,0.891683
c16_r75m,grid,16,75.000000,6,1.000000,441,60,0.858096,0.957724,5604.735590,0.427056,0.000000,0.100417,0.040332,0.172240,0.090090,0.082150,0.929845,0.068964,0.171406,0.102442,0.921858
c16_r75m,grid,16,75.000000,6,1.000000,448,60,0.859422,0.927795,5769.038065,0.678119,0.000000,0.103139,0.035509,0.160183,0.093317,0.066866,0.914978,0.060965,0.163021,0.102056,0.925704
c16_r75m,grid,16,75.000000,6,1.000000,447,60,0.764053,0.909894,5399.594569,0.474709,0.000000,0.093583,0.018725,0.165149,0.111262,0.053887,0.896299,0.066447,0.164542,0.098095,0.877550
c16_r75m,grid,16,75.000000,6,1.000000,449,60,0.858031,0.917930,5264.689863,0.941535,0.000000,0.100250,0.059607,0.165330,0.092308,0.073022,0.910544,0.062096,0.158490,0.096395,0.897570
c16_r150m,grid,16,150.000000,6,1.000000,400,60,0.770617,0.731280,4930.822249,0.789864,0.000000,0.195361,1.153061,0.279214,0.171747,0.107467,0.733247,0.097349,0.268759,0.171411,0.741547
c16_r150m,grid,16,150.000000,6,1.000000,408,60,0.846356,0.711222,5312.704263,0.316879,0.000000,0.198722,1.142919,0.286209,0.189062,0.097147,0.731400,0.108589,0.287209,0.178620,0.624185
c16_r150m,grid,16,150.000000,6,1.000000,404,60,0.633229,0.764470,5479.339764,0.618351,0.000000,0.192361,1.038559,0.258486,0.175653,0.082833,0.760192,0.093579,0.269044,0.175465,0.749288
c16_r150m,grid,16,150.000000,6,1.000000,403,60,0.841899,0.774798,4977.972054,0.641194,0.000000,0.195000,1.135368,0.275794,0.180738,0.095056,0.764792,0.100442,0.278308,0.177866,0.754213
c16_r150m,grid,16,150.000000,6,1.000000,402,60,0.809660,0.822063,5250.780801,0.760686,0.000000,0.200778,1.165859,0.273619,0.186310,0.087310,0.810533,0.094571,0.269402,0.174830,0.800322
c16_r150m,grid,16,150.000000,6,1.000000,401,60,0.796330,0.824076,5324.245073,0.665699,0.000000,0.202167,1.178578,0.276964,0.186659,0.090305,0.804395,0.102768,0.278487,0.175720,0.769362
c16_r150m,grid,16,150.000000,6,1.000000,405,60,0.727842,0.829187,5302.133461,0.896008,0.000000,0.200472,1.154856,0.268861,0.179565,0.089296,0.819097,0.085760,0.265901,0.180141,0.793561
c16_r150m,grid,16,150.000000,6,1.000000,407,60,0.771622,0.768954,5134.591690,0.648301,0.000000,0.197389,1.139927,0.278145,0.172865,0.105279,0.759155,0.091990,0.265856,0.173866,0.730774
c16_r150m,grid,16,150.000000,6,1.000000,412,60,0.737849,0.873016,5100.952623,0.567093,0.000000,0.192750,1.097101,0.262944,0.182869,0.080075,0.863681,0.098666,0.272305,0.173639,0.811210
c16_r150m,grid,16,150.000000,6,1.000000,409,60,0.854427,0.763082,5117.903375,0.647105,0.000000,0.196639,1.141673,0.287494,0.168901,0.118593,0.753608,0.099598,0.274350,0.174752,0.737837
c16_r150m,grid,16,150.000000,6,1.000000,410,60,0.797530,0.816811,5043.302002,0.708093,0.000000,0.190083,1.070184,0.267552,0.171437,0.096116,0.797649,0.098625,0.273755,0.175131,0.839095
c16_r150m,grid,16,150.000000,6,1.000000,406,60,0.877888,0.818385,5306.968907,0.775402,0.000000,0.196083,1.094694,0.268070,0.180839,0.087231,0.807920,0.098769,0.278785,0.180017,0.834688
c16_r150m,grid,16,150.000000,6,1.000000,411,60,0.730348,0.725080,4619.824628,0.624818,0.000000,0.182056,1.039740,0.271581,0.163396,0.108185,0.725368,0.098309,0.274053,0.175744,0.773322
c16_r150m,grid,16,150.000000,6,1.000000,413,60,0.889365,0.764193,5333.436229,0.812183,0.000000,0.206194,1.221854,0.288541,0.181487,0.107054,0.762096,0.101100,0.277209,0.176109,0.778301
c16_r150m,grid,16,150.000000,6,1.000000,414,60,0.744105,0.759705,5256.550716,0.370269,0.000000,0.195389,1.114083,0.287774,0.173173,0.114600,0.762548,0.102121,0.277048,0.174927,0.787057
c16_r150m,grid,16,150.000000,6,1.000000,415,60,0.872126,0.799201,5101.866072,0.841397,0.000000,0.200583,1.174763,0.273829,0.177209,0.096621,0.790494,0.092660,0.271794,0.179134,0.825476
c16_r150m,grid,16,150.000000,6,1.000000,417,60,0.834602,0.754617,4948.757629,0.444054,0.000000,0.185111,1.022173,0.276011,0.165778,0.110233,0.749619,0.102141,0.280619,0.178478,0.792783
c16_r150m,grid,16,150.000000,6,1.000000,420,60,0.831819,0.867869,5208.301180,0.503136,0.000000,0.201528,1.182784,0.277126,0.186196,0.090930,0.851790,0.093954,0.272357,0.178403,0.834252
c16_r150m,grid,16,150.000000,6,1.000000,424,60,0.726209,0.709399,5222.094967,0.620250,0.000000,0.191306,1.067766,0.270314,0.177574,0.092740,0.711423,0.095445,0.272126,0.176680,0.620377
c16_r150m,grid,16,150.000000,6,1.000000,419,60,0.854970,0.869814,5328.378770,0.798719,0.000000,0.202333,1.168667,0.276561,0.183406,0.093155,0.858966,0.097877,0.275605,0.177727,0.841168
c16_r150m,grid,16,150.000000,6,1.000000,422,60,0.816320,0.879062,5183.428871,0.566394,0.000000,0.206361,1.246995,0.280806,0.178352,0.102454,0.861664,0.104044,0.277236,0.173192,0.848646
c16_r150m,grid,16,150.000000,6,1.000000,425,60,0.650357,0.793017,5012.208600,0.575155,0.000000,0.187417,1.039091,0.252556,0.168058,0.084498,0.787877,0.078860,0.256542,0.177681,0.797149
c16_r150m,grid,16,150.000000,6,1.000000,421,60,0.858561,0.911665,5232.221393,0.468452,0.000000,0.206500,1.245285,0.287286,0.174197,0.113089,0.898595,0.096814,0.275052,0.178238,0.881300
c16_r150m,grid,16,150.000000,6,1.000000,418,60,0.837842,0.725271,5643.695685,0.721022,0.000000,0.201917,1.136853,0.279403,0.176661,0.102742,0.727774,0.099975,0.277620,0.177645,0.793507
c16_r150m,grid,16,150.000000,6,1.000000,416,60,0.853977,0.846156,5137.714835,0.798300,0.000000,0.195556,1.112421,0.268430,0.162032,0.106398,0.836788,0.101730,0.275766,0.174036,0.861657
c16_r150m,grid,16,150.000000,6,1.000000,423,60,0.831611,0.745837,5224.295670,0.770580,0.000000,0.198833,1.148346,0.278400,0.176483,0.101917,0.734841,0.095318,0.273269,0.177952,0.760410
c16_r150m,grid,16,150.000000,6,1.000000,429,60,0.809170,0.736913,5326.623923,0.500098,0.000000,0.200778,1.171681,0.289659,0.182961,0.106697,0.726313,0.099096,0.278634,0.179538,0.766444
c16_r150m,grid,16,150.000000,6,1.000000,428,60,0.847352,0.919109,5337.215292,0.789732,0.000000,0.207861,1.238282,0.277839,0.188558,0.089281,0.905417,0.081875,0.258644,0.176769,0.861114
c16_r150m,grid,16,150.000000,6,1.000000,426,60,0.773229,0.779121,5172.643682,0.412804,0.000000,0.197000,1.137944,0.282218,0.168971,0.113247,0.767749,0.103220,0.273524,0.170303,0.804535
c16_r150m,grid,16,150.000000,6,1.000000,430,60,0.771388,0.777081,5435.683493,0.844173,0.000000,0.201222,1.146413,0.265257,0.174508,0.090749,0.778192,0.093273,0.274649,0.181376,0.754710
c16_r150m,grid,16,150.000000,6,1.000000,432,60,0.686287,0.642210,5287.492639,0.431195,0.000000,0.186389,0.993003,0.267934,0.174473,0.093461,0.635288,0.080984,0.257707,0.176724,0.668480
c16_r150m,grid,16,150.000000,6,1.000000,427,60,0.824034,0.833346,5191.696465,0.748213,0.000000,0.206611,1.249042,0.285598,0.176848,0.108750,0.817980,0.099357,0.271326,0.171970,0.777884
c16_r150m,grid,16,150.000000,6,1.000000,433,60,0.708581,0.639746,5461.945297,0.557766,0.000000,0.193500,1.059811,0.272967,0.177908,0.095059,0.636491,0.097093,0.278257,0.181164,0.685325
c16_r150m,grid,16,150.000000,6,1.000000,431,60,0.766472,0.793259,5174.121595,0.535332,0.000000,0.190639,1.059539,0.271482,0.173132,0.098350,0.786532,0.106301,0.285824,0.179523,0.819674
c16_r150m,grid,16,150.000000,6,1.000000,434,60,0.785319,0.845704,5328.968676,0.435447,0.000000,0.204833,1.212090,0.295372,0.187976,0.107396,0.843200,0.107530,0.282041,0.174511,0.836630
c16_r150m,grid,16,150.000000,6,1.000000,436,60,0.797264,0.849970,5453.324149,0.263962,0.000000,0.204306,1.200391,0.292817,0.199580,0.093237,0.834343,0.106537,0.288214,0.181677,0.676999
c16_r150m,grid,16,150.000000,6,1.000000,438,60,0.754393,0.818460,5472.544541,0.676788,0.000000,0.201944,1.152575,0.271752,0.178806,0.092946,0.815579,0.093287,0.273676,0.180389,0.818207
c16_r150m,grid,16,150.000000,6,1.000000,439,60,0.632634,0.678482,5135.428771,0.541912,0.000000,0.186972,1.027587,0.261890,0.176266,0.085624,0.662865,0.091204,0.269959,0.178756,0.611845
c16_r150m,grid,16,150.000000,6,1.000000,435,60,0.882103,0.863713,5247.703652,0.474924,0.000000,0.203194,1.194888,0.278293,0.188938,0.089355,0.853718,0.093568,0.274250,0.180682,0.844365
c16_r150m,grid,16,150.000000,6,1.000000,440,60,0.851960,0.774433,5142.077989,0.480924,0.000000,0.197694,1.145597,0.282952,0.170681,0.112272,0.769824,0.109320,0.288083,0.178763,0.808403
c16_r150m,grid,16,150.000000,6,1.000000,437,60,0.839823,0.877980,5080.044353,0.748611,0.000000,0.190611,1.054112,0.257221,0.153846,0.103375,0.869162,0.094149,0.266515,0.172367,0.837632
c16_r150m,grid,16,150.000000,6,1.000000,441,60,0.722192,0.825940,5505.157902,0.716740,0.000000,0.202139,1.150230,0.267386,0.181847,0.085540,0.826337,0.090338,0.269428,0.179090,0.789650
c16_r150m,grid,16,150.000000,6,1.000000,442,60,0.694130,0.607511,5274.393759,0.597726,0.000000,0.189333,1.039318,0.275542,0.176965,0.098577,0.600569,0.097321,0.275301,0.177980,0.621901
c16_r150m,grid,16,150.000000,6,1.000000,444,60,0.865964,0.908093,5546.947422,0.744754,0.000000,0.203333,1.154523,0.269166,0.199892,0.069274,0.896938,0.094089,0.274215,0.180126,0.840478
c16_r150m,grid,16,150.000000,6,1.000000,445,60,0.846390,0.763524,5398.924210,0.572840,0.000000,0.205389,1.210063,0.286259,0.184223,0.102036,0.761474,0.100100,0.278244,0.178144,0.751655
c16_r150m,grid,16,150.000000,6,1.000000,443,60,0.851845,0.849728,4976.642475,0.549736,0.000000,0.192167,1.113547,0.281185,0.174282,0.106903,0.836417,0.101678,0.275923,0.174244,0.825184
c16_r150m,grid,16,150.000000,6,1.000000,448,60,0.836065,0.844241,5064.954037,0.425260,0.000000,0.196667,1.148350,0.279878,0.180180,0.099698,0.840098,0.095854,0.276864,0.181010,0.781004
c16_r150m,grid,16,150.000000,6,1.000000,447,60,0.834477,0.859988,5203.161843,0.842328,0.000000,0.198306,1.136552,0.271450,0.184211,0.087240,0.854398,0.102303,0.276559,0.174256,0.861249
c16_r150m,grid,16,150.000000,6,1.000000,446,60,0.835870,0.823919,4916.817149,0.532751,0.000000,0.190528,1.086906,0.273788,0.175923,0.097865,0.817304,0.100094,0.277577,0.177483,0.823064
c16_r150m,grid,16,150.000000,6,1.000000,449,60,0.854364,0.881942,5083.142093,0.671215,0.000000,0.199056,1.160581,0.277196,0.171192,0.106004,0.874022,0.100000,0.279118,0.179118,0.890200
c16_r300m,grid,16,300.000000,6,1.000000,400,60,0.807165,0.681856,4958.432733,0.860810,0.000000,0.366444,3.266925,0.464563,0.317374,0.147190,0.681666,0.136337,0.460807,0.324471,0.654003
c16_r300m,grid,16,300.000000,6,1.000000,410,60,0.525514,0.567286,5002.276488,0.664199,0.000000,0.339528,2.949586,0.431510,0.316261,0.115249,0.563825,0.112106,0.434976,0.322871,0.459234
c16_r300m,grid,16,300.000000,6,1.000000,401,60,0.753683,0.822067,5454.317451,0.414743,0.000000,0.394278,3.553596,0.473666,0.334727,0.138939,0.816937,0.127013,0.466955,0.339942,0.804037
c16_r300m,grid,16,300.000000,6,1.000000,405,60,0.594158,0.552556,5159.333092,0.556627,0.000000,0.341500,2.956820,0.433517,0.325357,0.108160,0.543065,0.107543,0.429993,0.322450,0.600052
c16_r300m,grid,16,300.000000,6,1.000000,411,60,0.522131,0.565179,5133.781590,0.316308,0.000000,0.352861,3.102494,0.450026,0.327018,0.123008,0.563805,0.104596,0.436294,0.331698,0.479693
c16_r300m,grid,16,300.000000,6,1.000000,403,60,0.813115,0.810843,5143.620848,0.670280,0.000000,0.374278,3.333946,0.447748,0.326881,0.120868,0.799182,0.124093,0.445362,0.321269,0.759879
c16_r300m,grid,16,300.000000,6,1.000000,404,60,0.783127,0.728717,4821.046885,0.764366,0.000000,0.366944,3.281625,0.458970,0.318547,0.140423,0.717243,0.131645,0.452450,0.320806,0.729800
c16_r300m,grid,16,300.000000,6,1.000000,409,60,0.764608,0.726518,5188.088934,0.672594,0.000000,0.369750,3.280592,0.458850,0.318008,0.140842,0.715698,0.127623,0.450703,0.323080,0.721125
c16_r300m,grid,16,300.000000,6,1.000000,407,60,0.871475,0.865612,4953.809750,0.515297,0.000000,0.378944,3.410848,0.463169,0.312321,0.150848,0.855499,0.157542,0.477245,0.319703,0.809346
c16_r300m,grid,16,300.000000,6,1.000000,402,60,0.797770,0.651528,5202.260719,0.578054,0.000000,0.363833,3.212493,0.463842,0.322158,0.141684,0.647890,0.140372,0.469269,0.328898,0.605972
c16_r300m,grid,16,300.000000,6,1.000000,408,60,0.790957,0.836348,5229.070436,0.546600,0.000000,0.386250,3.469026,0.456655,0.326843,0.129812,0.829230,0.136503,0.463596,0.327092,0.821436
c16_r300m,grid,16,300.000000,6,1.000000,406,60,0.664098,0.844264,4885.852746,0.660946,0.000000,0.367722,3.299425,0.446470,0.311623,0.134847,0.836715,0.119369,0.440486,0.321117,0.813955
c16_r300m,grid,16,300.000000,6,1.000000,413,60,0.667540,0.859421,4714.527820,0.557402,0.000000,0.363167,3.260295,0.438403,0.306046,0.132357,0.846527,0.117248,0.442264,0.325015,0.828700
c16_r300m,grid,16,300.000000,6,1.000000,415,60,0.333749,0.387688,5267.685103,0.260210,0.000000,0.333250,2.878965,0.431034,0.325321,0.105713,0.391859,0.096383,0.429859,0.333476,0.357432
c16_r300m,grid,16,300.000000,6,1.000000,412,60,0.600632,0.824530,4999.379004,0.449147,0.000000,0.357583,3.157219,0.422730,0.328315,0.094415,0.813755,0.096432,0.419424,0.322992,0.784290
c16_r300m,grid,16,300.000000,6,1.000000,424,60,0.326662,0.253444,4976.257953,0.751288,0.000000,0.322333,2.770584,0.420090,0.319587,0.100503,0.265240,0.100251,0.422460,0.322209,0.218317
c16_r300m,grid,16,300.000000,6,1.000000,418,60,0.694162,0.721024,4982.133091,0.254389,0.000000,0.369361,3.320594,0.464557,0.345108,0.119449,0.709823,0.139237,0.472414,0.333177,0.664774
c16_r300m,grid,16,300.000000,6,1.000000,414,60,0.733424,0.796187,5139.029026,0.582174,0.000000,0.372722,3.319159,0.450207,0.313669,0.136538,0.790323,0.137154,0.463334,0.326180,0.774615
c16_r300m,grid,16,300.000000,6,1.000000,420,60,0.477711,0.536047,5317.542177,0.608364,0.000000,0.356111,3.120304,0.448989,0.331391,0.117598,0.540054,0.102236,0.431048,0.328811,0.626658
c16_r300m,grid,16,300.000000,6,1.000000,423,60,0.672222,0.774880,5143.780480,0.354310,0.000000,0.377000,3.386412,0.470369,0.328878,0.141490,0.764293,0.121349,0.448679,0.327330,0.737329
c16_r300m,grid,16,300.000000,6,1.000000,419,60,0.563920,0.800018,5087.238827,0.712966,0.000000,0.369833,3.305797,0.443282,0.327718,0.115565,0.799550,0.120536,0.443629,0.323093,0.714311
c16_r300m,grid,16,300.000000,6,1.000000,422,60,0.658060,0.801920,5289.673465,0.730008,0.000000,0.370528,3.275304,0.446995,0.324881,0.122114,0.796304,0.117488,0.447010,0.329522,0.760114
c16_r300m,grid,16,300.000000,6,1.000000,417,60,0.795292,0.826402,5023.657893,0.680233,0.000000,0.380444,3.431605,0.464252,0.329732,0.134520,0.819170,0.142231,0.459253,0.317022,0.787345
c16_r300m,grid,16,300.000000,6,1.000000,416,60,0.697216,0.749433,4950.878573,0.467181,0.000000,0.369750,3.316047,0.454098,0.318513,0.135585,0.743183,0.136916,0.461025,0.324109,0.762347
c16_r300m,grid,16,300.000000,6,1.000000,421,60,0.670620,0.823396,5289.140941,0.643231,0.000000,0.383417,3.446645,0.456253,0.342791,0.113463,0.811502,0.122111,0.452632,0.330521,0.797723
c16_r300m,grid,16,300.000000,6,1.000000,426,60,0.574068,0.805850,5073.751818,0.472102,0.000000,0.355389,3.135967,0.434535,0.310620,0.123915,0.795246,0.100457,0.424930,0.324473,0.821670
c16_r300m,grid,16,300.000000,6,1.000000,428,60,0.743822,0.785378,5096.561583,0.179146,0.000000,0.375694,3.383277,0.491812,0.328571,0.163240,0.750048,0.141309,0.465892,0.324583,0.635004
c16_r300m,grid,16,300.000000,6,1.000000,427,60,0.758869,0.796357,4993.380396,0.511550,0.000000,0.385056,3.494333,0.475510,0.326799,0.148712,0.782533,0.140197,0.470808,0.330610,0.740505
c16_r300m,grid,16,300.000000,6,1.000000,425,60,0.773295,0.794520,5302.889380,0.680029,0.000000,0.379222,3.381467,0.454994,0.334830,0.120164,0.786151,0.130945,0.463576,0.332630,0.743342
c16_r300m,grid,16,300.000000,6,1.000000,438,60,0.282401,0.303086,5495.909482,0.624195,0.000000,0.330778,2.820296,0.409290,0.335506,0.073784,0.309555,0.082823,0.411234,0.328411,0.275992
c16_r300m,grid,16,300.000000,6,1.000000,429,60,0.596231,0.590720,5207.739055,0.750705,0.000000,0.357056,3.139969,0.445213,0.322006,0.123207,0.597015,0.104647,0.428227,0.323580,0.550619
c16_r300m,grid,16,300.000000,6,1.000000,430,60,0.831569,0.911434,5391.910944,0.216012,0.000000,0.399611,3.626524,0.491056,0.327876,0.163180,0.896338,0.151971,0.486290,0.334319,0.850172
c16_r300m,grid,16,300.000000,6,1.000000,434,60,0.562414,0.580998,4962.228328,0.682904,0.000000,0.343861,3.005387,0.431453,0.308444,0.123009,0.585844,0.126148,0.444421,0.318273,0.537822
c16_r300m,grid,16,300.000000,6,1.000000,432,60,0.533197,0.702992,4952.349538,0.457450,0.000000,0.351528,3.108300,0.430142,0.316632,0.113510,0.699113,0.112727,0.438477,0.325750,0.660027
c16_r300m,grid,16,300.000000,6,1.000000,431,60,0.669164,0.751510,4926.535524,0.727144,0.000000,0.358444,3.175850,0.434666,0.313328,0.121338,0.747928,0.128658,0.452229,0.323571,0.717426
c16_r300m,grid,16,300.000000,6,1.000000,437,60,0.512901,0.645705,5176.731755,0.708692,0.000000,0.362528,3.210489,0.443129,0.333962,0.109167,0.641573,0.113698,0.442894,0.329197,0.618964
c16_r300m,grid,16,300.000000,6,1.000000,440,60,0.686447,0.714364,5285.300871,0.688650,0.000000,0.369639,3.272478,0.446468,0.335359,0.111109,0.705501,0.126160,0.456639,0.330479,0.613234
c16_r300m,grid,16,300.000000,6,1.000000,439,60,0.775110,0.805512,5089.077957,0.610285,0.000000,0.385806,3.485507,0.464263,0.337976,0.126286,0.804837,0.132444,0.455902,0.323458,0.744064
c16_r300m,grid,16,300.000000,6,1.000000,436,60,0.585637,0.798216,5322.296245,0.675999,0.000000,0.382917,3.434054,0.455096,0.327144,0.127952,0.792608,0.111001,0.440401,0.329401,0.764572
c16_r300m,grid,16,300.000000,6,1.000000,435,60,0.849665,0.706427,5328.742142,0.758982,0.000000,0.377250,3.362546,0.467131,0.321151,0.145980,0.702758,0.134490,0.457944,0.323455,0.720805
c16_r300m,grid,16,300.000000,6,1.000000,433,60,0.747201,0.651724,5036.079865,0.332734,0.000000,0.359306,3.181497,0.464526,0.318820,0.145706,0.649485,0.147415,0.473259,0.325844,0.721681
c16_r300m,grid,16,300.000000,6,1.000000,444,60,0.700029,0.797417,5306.323219,0.330502,0.000000,0.374972,3.336695,0.455971,0.329245,0.126727,0.784356,0.116326,0.441143,0.324817,0.723439
c16_r300m,grid,16,300.000000,6,1.000000,442,60,0.731637,0.687182,4937.212562,0.643112,0.000000,0.363861,3.249061,0.462834,0.319876,0.142958,0.681130,0.130542,0.451681,0.321140,0.705870
c16_r300m,grid,16,300.000000,6,1.000000,445,60,0.472586,0.540141,5100.764717,0.654612,0.000000,0.340000,2.949123,0.419340,0.323563,0.095778,0.540875,0.102202,0.429096,0.326894,0.554597
c16_r300m,grid,16,300.000000,6,1.000000,443,60,0.635303,0.753161,5384.802152,0.541889,0.000000,0.375861,3.337437,0.447626,0.335964,0.111662,0.744464,0.113294,0.443296,0.330002,0.733666
c16_r300m,grid,16,300.000000,6,1.000000,448,60,0.539011,0.337606,5238.360814,0.699126,0.000000,0.332194,2.844894,0.443416,0.324123,0.119293,0.334147,0.088778,0.417315,0.328538,0.308211
c16_r300m,grid,16,300.000000,6,1.000000,441,60,0.796082,0.780639,4830.603705,0.583245,0.000000,0.367083,3.300682,0.458235,0.326872,0.131362,0.773632,0.140823,0.461310,0.320487,0.789184
c16_r300m,grid,16,300.000000,6,1.000000,447,60,0.599667,0.889453,5115.273458,0.553939,0.000000,0.377639,3.387240,0.448080,0.321970,0.126110,0.880930,0.106551,0.427434,0.320883,0.851308
c16_r300m,grid,16,300.000000,6,1.000000,446,60,0.835538,0.790243,5096.094452,0.581815,0.000000,0.385583,3.487009,0.472246,0.328918,0.143328,0.784799,0.152167,0.468929,0.316762,0.788055
c16_r300m,grid,16,300.000000,6,1.000000,449,60,0.414478,0.487955,5002.521802,0.800581,0.000000,0.333333,2.897708,0.404965,0.329276,0.075689,0.482809,0.072055,0.394485,0.322430,0.592375
c16_r600m,grid,16,600.000000,6,1.000000,404,60,0.364332,0.497221,4899.656264,0.594602,0.000000,0.603028,6.271770,0.672715,0.587663,0.085052,0.496910,0.075159,0.660682,0.585523,0.507138
c16_r600m,grid,16,600.000000,6,1.000000,402,60,0.360455,0.570726,5292.732832,0.681015,0.000000,0.629194,6.560226,0.694441,0.599084,0.095358,0.565138,0.057349,0.661445,0.604096,0.487601
c16_r600m,grid,16,600.000000,6,1.000000,400,60,0.406252,0.626407,4883.788194,0.834095,0.000000,0.612417,6.376194,0.674262,0.587129,0.087134,0.626140,0.075700,0.670927,0.595227,0.542965
c16_r600m,grid,16,600.000000,6,1.000000,401,60,0.414274,0.709497,5053.250929,0.719033,0.000000,0.631306,6.592623,0.693090,0.598369,0.094721,0.702547,0.102412,0.689213,0.586801,0.592877
c16_r600m,grid,16,600.000000,6,1.000000,408,60,0.559427,0.313368,5238.455030,0.628314,0.000000,0.620306,6.448568,0.726278,0.603561,0.122717,0.323232,0.129858,0.725800,0.595941,0.247461
c16_r600m,grid,16,600.000000,6,1.000000,403,60,0.384130,0.367598,5137.823212,0.702789,0.000000,0.605333,6.292300,0.684954,0.599204,0.085750,0.366510,0.092949,0.680640,0.587691,0.379984
c16_r600m,grid,16,600.000000,6,1.000000,411,60,0.609198,0.504865,5166.510471,0.517292,0.000000,0.635361,6.634084,0.722465,0.608519,0.113947,0.506423,0.115644,0.712591,0.596947,0.389832
c16_r600m,grid,16,600.000000,6,1.000000,412,60,0.725423,0.478571,5133.978106,0.648304,0.000000,0.630750,6.543173,0.731967,0.589157,0.142811,0.478459,0.134607,0.726707,0.592101,0.403119
c16_r600m,grid,16,600.000000,6,1.000000,406,60,0.442662,0.776505,4912.406057,0.579827,0.000000,0.627278,6.547034,0.681639,0.590513,0.091126,0.771114,0.108758,0.696398,0.587641,0.731398
c16_r600m,grid,16,600.000000,6,1.000000,405,60,0.422133,0.622738,5007.172410,0.465664,0.000000,0.613139,6.381379,0.664015,0.604059,0.059956,0.617058,0.066569,0.661662,0.595092,0.643340
c16_r600m,grid,16,600.000000,6,1.000000,409,60,0.657537,0.788313,4675.785994,0.804081,0.000000,0.639694,6.695612,0.711263,0.556869,0.154394,0.788213,0.097766,0.691333,0.593568,0.675506
c16_r600m,grid,16,600.000000,6,1.000000,410,60,0.372308,0.678834,5235.987472,0.104989,0.000000,0.626694,6.545318,0.700916,0.590899,0.110017,0.669869,0.103339,0.687200,0.583861,0.678245
c16_r600m,grid,16,600.000000,6,1.000000,407,60,0.597576,0.742691,4483.978823,0.795275,0.000000,0.603778,6.283615,0.680976,0.554348,0.126628,0.736671,0.127101,0.696391,0.569290,0.624296
c16_r600m,grid,16,600.000000,6,1.000000,413,60,0.563881,0.554273,4598.854493,0.519684,0.000000,0.625639,6.551032,0.706204,0.604449,0.101755,0.564589,0.104928,0.704597,0.599669,0.552213
c16_r600m,grid,16,600.000000,6,1.000000,415,60,0.389608,0.313542,5288.830821,0.554692,0.000000,0.610639,6.342783,0.707220,0.603368,0.103852,0.317149,0.080630,0.676465,0.595835,0.268111
c16_r600m,grid,16,600.000000,6,1.000000,417,60,0.307340,0.289676,4740.824446,0.697734,0.000000,0.581806,6.050649,0.657449,0.585711,0.071738,0.299577,0.090345,0.675421,0.585075,0.323766
c16_r600m,grid,16,600.000000,6,1.000000,414,60,0.643244,0.652315,5133.312240,0.545892,0.000000,0.634222,6.584147,0.706718,0.589281,0.117437,0.647057,0.109315,0.705119,0.595804,0.589967
c16_r600m,grid,16,600.000000,6,1.000000,419,60,0.479290,0.543457,5073.103431,0.536963,0.000000,0.623750,6.496993,0.701781,0.590570,0.111211,0.546582,0.100634,0.694551,0.593917,0.478704
c16_r600m,grid,16,600.000000,6,1.000000,424,60,0.525361,0.564127,5050.661110,0.469178,0.000000,0.619111,6.442475,0.685684,0.607544,0.078141,0.558735,0.088796,0.681528,0.592732,0.521546
c16_r600m,grid,16,600.000000,6,1.000000,416,60,0.422979,0.799287,5316.386652,0.576415,0.000000,0.637611,6.645783,0.687744,0.607528,0.080216,0.787518,0.062951,0.655729,0.592778,0.685950
c16_r600m,grid,16,600.000000,6,1.000000,422,60,0.475883,0.349410,4882.728970,0.553978,0.000000,0.603611,6.281729,0.694861,0.598088,0.096773,0.353097,0.089944,0.679348,0.589404,0.357311
c24_r15m,grid,24,15.000000,6,1.000000,400,60,0.620857,0.223090,3001.899764,0.632910,0.000000,0.014111,0.001000,0.000000,0.035714,-0.035714,0.176471,-0.014704,0.045263,0.059967,0.207313
c24_r15m,grid,24,15.000000,6,1.000000,401,60,0.445274,0.227424,1547.381812,0.351341,0.000000,0.006361,0.001000,0.111111,0.000000,0.111111,0.219512,0.038098,0.086111,0.048013,0.076167
c16_r600m,grid,16,600.000000,6,1.000000,420,60,0.639992,0.646377,5260.138460,0.527732,0.000000,0.646833,6.751342,0.712003,0.620469,0.091534,0.646898,0.104323,0.707206,0.602883,0.619109
c24_r15m,grid,24,15.000000,6,1.000000,402,60,0.555590,0.316749,3821.051084,0.727881,0.000000,0.019639,0.001000,0.052632,0.038462,0.014170,0.267606,0.048482,0.081646,0.033164,0.408227
c16_r600m,grid,16,600.000000,6,1.000000,426,60,0.554095,0.458298,4150.350884,0.785653,0.000000,0.584889,6.097342,0.683463,0.567513,0.115950,0.453602,0.128168,0.705519,0.577351,0.392368
c16_r600m,grid,16,600.000000,6,1.000000,418,60,0.412484,0.493385,5172.376481,0.719807,0.000000,0.612639,6.366021,0.685324,0.596313,0.089011,0.488575,0.094628,0.692863,0.598235,0.511609
c16_r600m,grid,16,600.000000,6,1.000000,421,60,0.762238,0.744461,4847.881624,0.323281,0.000000,0.645972,6.727326,0.719093,0.586628,0.132465,0.742132,0.136282,0.722993,0.586712,0.717711
c24_r15m,grid,24,15.000000,6,1.000000,403,60,0.217169,0.222698,3302.436581,0.809397,0.000000,0.017917,0.001000,0.076923,0.024390,0.052533,0.240741,0.051589,0.075488,0.023899,0.336455
c24_r15m,grid,24,15.000000,6,1.000000,404,60,0.307726,0.434882,1003.912557,0.798905,0.000000,0.004972,0.001000,0.000000,0.000000,0.000000,0.000000,0.019448,0.026145,0.006696,0.282695
c24_r15m,grid,24,15.000000,6,1.000000,405,60,0.532564,0.498595,3002.990687,0.702936,0.000000,0.014306,0.001000,0.166667,0.000000,0.166667,0.272727,-0.001782,0.045204,0.046986,0.453207
c16_r600m,grid,16,600.000000,6,1.000000,425,60,0.741148,0.753191,5237.662085,0.736152,0.000000,0.657972,6.851819,0.727468,0.588298,0.139170,0.748394,0.120130,0.720977,0.600847,0.748347
c16_r600m,grid,16,600.000000,6,1.000000,423,60,0.523663,0.519613,5323.873377,0.610494,0.000000,0.626417,6.510847,0.708787,0.595689,0.113098,0.522499,0.082835,0.680336,0.597501,0.541001
c24_r15m,grid,24,15.000000,6,1.000000,406,60,0.625020,0.246416,2623.808975,0.699906,0.000000,0.012167,0.001000,0.066667,0.022222,0.044444,0.250000,0.028825,0.048952,0.020128,0.218368
c16_r600m,grid,16,600.000000,6,1.000000,427,60,0.293661,0.415814,5004.713303,0.496758,0.000000,0.588222,6.085689,0.646818,0.587171,0.059647,0.423856,0.072160,0.662010,0.589850,0.391031
c24_r15m,grid,24,15.000000,6,1.000000,407,60,0.291759,0.357656,1484.732687,0.793406,0.000000,0.006167,0.001000,0.000000,0.000000,0.000000,0.928571,0.024101,0.040768,0.016667,0.623765
c24_r15m,grid,24,15.000000,6,1.000000,408,60,0.457202,0.232483,4188.619722,0.658384,0.000000,0.020722,0.001000,0.000000,0.028571,-0.028571,0.363636,0.021195,0.037358,0.016163,0.351853
c24_r15m,grid,24,15.000000,6,1.000000,410,60,0.393781,0.456901,2482.554544,0.663497,0.000000,0.011917,0.001000,0.000000,0.000000,0.000000,0.285714,0.058682,0.065460,0.006778,0.428810
c24_r15m,grid,24,15.000000,6,1.000000,409,60,0.464833,0.293745,3197.574273,0.633567,0.000000,0.015972,0.001000,0.166667,0.000000,0.166667,0.153846,0.065252,0.090219,0.024968,0.192805
c16_r600m,grid,16,600.000000,6,1.000000,430,60,0.338557,0.406922,5042.691201,0.820864,0.000000,0.593361,6.140205,0.654955,0.587729,0.067226,0.408895,0.076268,0.668753,0.592485,0.365814
c24_r15m,grid,24,15.000000,6,1.000000,411,60,0.478535,0.250595,1099.153196,0.406301,0.000000,0.005056,0.001000,0.000000,0.000000,0.000000,0.100000,0.001190,0.025000,0.023810,0.248008
c16_r600m,grid,16,600.000000,6,1.000000,429,60,0.667023,0.409257,5377.775779,0.524351,0.000000,0.630472,6.539949,0.716436,0.604237,0.112199,0.412421,0.109581,0.706053,0.596472,0.388384
c24_r15m,grid,24,15.000000,6,1.000000,412,60,0.180722,0.405038,1161.516971,0.483712,0.000000,0.005361,0.001000,0.000000,0.200000,-0.200000,0.166667,-0.073986,0.004348,0.078333,0.460058
c16_r600m,grid,16,600.000000,6,1.000000,428,60,0.346606,0.677748,5193.561437,0.658586,0.000000,0.620167,6.438677,0.673443,0.593488,0.079956,0.677060,0.090624,0.683388,0.592764,0.721654
c24_r15m,grid,24,15.000000,6,1.000000,413,60,0.479515,0.488699,3086.698445,0.622662,0.000000,0.015583,0.001000,0.000000,0.000000,0.000000,0.571429,-0.029918,0.007738,0.037656,0.406340
c16_r600m,grid,16,600.000000,6,1.000000,435,60,0.614293,0.645186,5179.458273,0.675825,0.000000,0.634111,6.587968,0.701417,0.594595,0.106822,0.637291,0.104239,0.706331,0.602092,0.584078
c16_r600m,grid,16,600.000000,6,1.000000,431,60,0.384225,0.496249,5104.277728,0.532527,0.000000,0.602083,6.250546,0.658426,0.596705,0.061721,0.491276,0.068929,0.670680,0.601751,0.579931
c16_r600m,grid,16,600.000000,6,1.000000,433,60,0.390120,0.680107,5036.892882,0.704000,0.000000,0.618722,6.427244,0.673213,0.596502,0.076711,0.670653,0.098237,0.688256,0.590019,0.680455
c16_r600m,grid,16,600.000000,6,1.000000,432,60,0.661822,0.769800,4995.633828,0.799496,0.000000,0.653333,6.830793,0.716921,0.595394,0.121527,0.763999,0.120815,0.705801,0.584985,0.701449
c16_r600m,grid,16,600.000000,6,1.000000,437,60,0.520559,0.571938,5081.384364,0.462167,0.000000,0.617389,6.413597,0.700936,0.578923,0.122013,0.567326,0.102334,0.691353,0.589018,0.557136
c16_r600m,grid,16,600.000000,6,1.000000,434,60,0.731199,0.797453,4759.839824,0.448552,0.000000,0.657778,6.902854,0.733845,0.590044,0.143801,0.788516,0.135351,0.731796,0.596446,0.777843
c16_r600m,grid,16,600.000000,6,1.000000,436,60,0.447088,0.594309,5108.959023,0.470820,0.000000,0.620972,6.462779,0.687525,0.588811,0.098713,0.593124,0.072219,0.667519,0.595299,0.645992
c16_r600m,grid,16,600.000000,6,1.000000,439,60,0.468043,0.740041,5257.679002,0.782134,0.000000,0.631583,6.564974,0.686186,0.596151,0.090034,0.733429,0.086327,0.671782,0.585454,0.760765
c16_r600m,grid,16,600.000000,6,1.000000,440,60,0.734805,0.700218,5239.338919,0.677039,0.000000,0.647389,6.713987,0.718729,0.575472,0.143257,0.700027,0.138965,0.733705,0.594739,0.645729
c16_r600m,grid,16,600.000000,6,1.000000,443,60,0.473794,0.641994,4525.855391,0.663531,0.000000,0.613417,6.425832,0.697301,0.574893,0.122408,0.637509,0.105226,0.687368,0.582142,0.607888
c16_r600m,grid,16,600.000000,6,1.000000,442,60,0.632858,0.721280,5174.239255,0.502691,0.000000,0.642417,6.690871,0.707767,0.594409,0.113358,0.710191,0.092450,0.685929,0.593479,0.699286
c16_r600m,grid,16,600.000000,6,1.000000,438,60,0.758867,0.708500,4720.980759,0.358850,0.000000,0.622667,6.485136,0.708796,0.583141,0.125655,0.706655,0.118291,0.714892,0.596601,0.737539
c16_r600m,grid,16,600.000000,6,1.000000,445,60,0.357006,0.559231,5312.135427,0.570189,0.000000,0.613083,6.356506,0.669158,0.598390,0.070768,0.559781,0.071713,0.668288,0.596575,0.569880
c24_r15m,grid,24,15.000000,6,1.000000,414,60,0.268691,0.423478,691.467852,0.708118,0.000000,0.002750,0.001000,0.000000,0.000000,0.000000,0.000000,0.000000,0.000000,0.000000,0.188037
c16_r600m,grid,16,600.000000,6,1.000000,441,60,0.656602,0.737379,5233.508589,0.678628,0.000000,0.655000,6.831509,0.724935,0.603446,0.121489,0.732595,0.097626,0.705154,0.607528,0.651532
c24_r15m,grid,24,15.000000,6,1.000000,415,60,0.408830,0.209463,3713.571193,0.633179,0.000000,0.018889,0.001000,0.000000,0.029412,-0.029412,0.209302,0.057152,0.079107,0.021955,0.240093
c24_r15m,grid,24,15.000000,6,1.000000,416,60,0.755583,0.569862,1302.036480,0.605630,0.000000,0.005889,0.001000,0.000000,0.111111,-0.111111,0.571429,-0.001111,0.010000,0.011111,0.493178
c24_r15m,grid,24,15.000000,6,1.000000,417,60,0.331482,0.198718,4058.645613,0.732228,0.000000,0.022694,0.001000,0.000000,0.071429,-0.071429,0.066667,0.089391,0.134531,0.045140,0.186132
c16_r600m,grid,16,600.000000,6,1.000000,444,60,0.577137,0.876170,5379.360720,0.470435,0.000000,0.665889,6.959495,0.715710,0.607962,0.107748,0.866125,0.099684,0.703684,0.604000,0.792169
c24_r15m,grid,24,15.000000,6,1.000000,418,60,0.295448,0.636441,3824.735357,0.861103,0.000000,0.018833,0.001000,0.049180,0.000000,0.049180,0.753086,0.018053,0.042324,0.024270,0.624754
c16_r600m,grid,16,600.000000,6,1.000000,446,60,0.548332,0.660517,5077.079218,0.703730,0.000000,0.630694,6.565580,0.700734,0.586069,0.114665,0.648723,0.088485,0.690944,0.602458,0.605628
c16_r600m,grid,16,600.000000,6,1.000000,447,60,0.366539,0.699483,5085.335369,0.235861,0.000000,0.607972,6.313037,0.670097,0.593074,0.077023,0.691355,0.093433,0.686140,0.592707,0.708417
c24_r15m,grid,24,15.000000,6,1.000000,419,60,0.331134,0.623388,3377.845037,0.793852,0.000000,0.016000,0.001000,0.023810,0.000000,0.023810,0.656250,0.006760,0.040424,0.033664,0.654082
c16_r600m,grid,16,600.000000,6,1.000000,448,60,0.516246,0.685392,4354.890364,0.790256,0.000000,0.613556,6.429294,0.688224,0.580154,0.108070,0.672314,0.096805,0.685360,0.588554,0.689640
c16_r600m,grid,16,600.000000,6,1.000000,449,60,0.718880,0.758055,4956.898753,0.589888,0.000000,0.648111,6.767558,0.724602,0.593071,0.131532,0.747201,0.121859,0.715350,0.593491,0.727463
c24_r15m,grid,24,15.000000,6,1.000000,420,60,0.462585,0.209687,2137.925992,0.774011,0.000000,0.010278,0.001000,0.000000,0.000000,0.000000,0.214286,0.016437,0.047970,0.031533,0.229615
c24_r15m,grid,24,15.000000,6,1.000000,421,60,0.534452,0.185920,771.969559,0.853878,0.000000,0.002694,0.001000,0.000000,0.000000,0.000000,0.000000,0.013102,0.051667,0.038564,0.170697
c24_r15m,grid,24,15.000000,6,1.000000,422,60,0.185052,0.653269,3146.437649,0.774447,0.000000,0.015722,0.001000,0.111111,0.000000,0.111111,0.750000,0.006996,0.023662,0.016667,0.761342
c24_r15m,grid,24,15.000000,6,1.000000,424,60,0.247917,0.442880,2079.308673,0.718903,0.000000,0.009083,0.001000,0.000000,0.000000,0.000000,0.333333,0.044091,0.044091,0.000000,0.394147
c24_r15m,grid,24,15.000000,6,1.000000,423,60,0.338244,0.423948,3476.239115,0.845569,0.000000,0.016861,0.001000,0.058824,0.033333,0.025490,0.361702,-0.013853,0.032479,0.046332,0.427983
c24_r15m,grid,24,15.000000,6,1.000000,425,60,0.457375,0.538542,1735.901047,0.829238,0.000000,0.007833,0.001000,0.142857,0.000000,0.142857,0.636364,0.006942,0.032468,0.025525,0.272432
c24_r15m,grid,24,15.000000,6,1.000000,426,60,0.331336,0.333748,1180.542762,0.668803,0.000000,0.004667,0.001000,0.000000,0.000000,0.000000,0.291667,0.029365,0.037698,0.008333,0.559873
c24_r15m,grid,24,15.000000,6,1.000000,427,60,0.287364,0.266790,3584.835719,0.530066,0.000000,0.017444,0.001000,0.000000,0.050000,-0.050000,0.333333,0.029717,0.054924,0.025207,0.241498
c24_r15m,grid,24,15.000000,6,1.000000,428,60,0.330266,0.358874,2716.180042,0.326875,0.000000,0.013722,0.001000,0.000000,0.000000,0.000000,0.800000,0.046954,0.080882,0.033929,0.325886
c24_r15m,grid,24,15.000000,6,1.000000,429,60,0.239576,0.186481,2389.969233,0.820883,0.000000,0.011750,0.001000,0.000000,0.035714,-0.035714,0.282051,0.023835,0.054286,0.030450,0.384414
c24_r15m,grid,24,15.000000,6,1.000000,430,60,0.259327,0.495538,2981.906228,0.707253,0.000000,0.015722,0.001000,0.055556,0.000000,0.055556,0.391304,0.086797,0.111254,0.024457,0.506371
c24_r15m,grid,24,15.000000,6,1.000000,431,60,0.232509,0.363960,2680.547530,0.701554,0.000000,0.013500,0.001000,0.027027,0.000000,0.027027,0.627119,0.039254,0.066311,0.027056,0.439143
c24_r15m,grid,24,15.000000,6,1.000000,432,60,0.354910,0.539604,2561.776646,0.532094,0.000000,0.012778,0.001000,0.076923,0.000000,0.076923,0.406250,0.067154,0.076598,0.009444,0.519414
c24_r15m,grid,24,15.000000,6,1.000000,433,60,0.499694,0.411902,1928.450927,0.688431,0.000000,0.008972,0.001000,0.000000,0.000000,0.000000,0.388889,0.025175,0.044286,0.019111,0.300102
c24_r15m,grid,24,15.000000,6,1.000000,434,60,0.753714,0.413759,2511.367375,0.823207,0.000000,0.012389,0.001000,0.000000,0.000000,0.000000,0.333333,0.060001,0.078269,0.018268,0.541914
c24_r15m,grid,24,15.000000,6,1.000000,435,60,0.341508,0.381299,2314.048407,0.768214,0.000000,0.011222,0.001000,0.000000,0.081081,-0.081081,0.212766,0.022597,0.062051,0.039454,0.303476
c24_r15m,grid,24,15.000000,6,1.000000,436,60,0.280967,0.451858,3198.853412,0.821506,0.000000,0.016611,0.001000,0.037037,0.000000,0.037037,0.586957,0.041218,0.052792,0.011573,0.536381
c24_r15m,grid,24,15.000000,6,1.000000,437,60,0.490543,0.429127,2075.741295,0.480351,0.000000,0.010028,0.001000,0.000000,0.068966,-0.068966,0.395833,0.007790,0.054476,0.046686,0.452028
c24_r15m,grid,24,15.000000,6,1.000000,438,60,0.309256,0.457257,2219.484189,0.609726,0.000000,0.012194,0.001000,0.000000,0.000000,0.000000,0.447368,-0.018687,0.016026,0.034713,0.391281
c24_r15m,grid,24,15.000000,6,1.000000,439,60,0.478388,0.410142,2119.072854,0.790596,0.000000,0.010194,0.001000,0.000000,0.000000,0.000000,0.407407,0.008333,0.025000,0.016667,0.338475
c24_r15m,grid,24,15.000000,6,1.000000,440,60,0.292194,0.600225,2214.026483,0.688218,0.000000,0.011000,0.001000,0.071429,0.000000,0.071429,0.777778,0.027303,0.034445,0.007143,0.655677
c24_r15m,grid,24,15.000000,6,1.000000,441,60,0.404764,0.176667,1959.535833,0.477714,0.000000,0.010167,0.001000,0.000000,0.000000,0.000000,0.333333,0.030108,0.033333,0.003226,0.186888
c24_r15m,grid,24,15.000000,6,1.000000,444,60,0.704177,0.254705,1360.463255,0.546300,0.000000,0.005944,0.001000,0.000000,0.000000,0.000000,0.291667,-0.009091,0.000000,0.009091,0.143579
c24_r15m,grid,24,15.000000,6,1.000000,442,60,0.286252,0.329164,3238.440122,0.686388,0.000000,0.016333,0.001000,0.000000,0.000000,0.000000,0.292683,0.070703,0.099677,0.028974,0.385940
c24_r15m,grid,24,15.000000,6,1.000000,443,60,0.401338,0.563651,4234.761999,0.672117,0.000000,0.020861,0.001000,0.088235,0.062500,0.025735,0.515152,0.002520,0.036572,0.034052,0.420639
c24_r15m,grid,24,15.000000,6,1.000000,445,60,0.170276,0.481909,784.062158,0.813974,0.000000,0.002750,0.001000,0.000000,0.000000,0.000000,0.266667,-0.009091,0.000000,0.009091,0.131918
c24_r15m,grid,24,15.000000,6,1.000000,448,60,0.444647,0.243582,2814.369167,0.501737,0.000000,0.013167,0.001000,0.000000,0.028571,-0.028571,0.027778,0.026592,0.055758,0.029166,0.177760
c24_r15m,grid,24,15.000000,6,1.000000,446,60,0.583521,0.328934,1442.773058,0.530358,0.000000,0.006167,0.001000,0.000000,0.000000,0.000000,0.250000,0.060152,0.120000,0.059848,0.398455
c24_r15m,grid,24,15.000000,6,1.000000,449,60,0.224701,0.742147,1181.661821,0.276152,0.000000,0.005444,0.001000,0.000000,0.000000,0.000000,0.000000,0.000000,0.000000,0.000000,0.283333
c24_r15m,grid,24,15.000000,6,1.000000,447,60,0.463131,0.463881,3244.229912,0.150891,0.000000,0.015750,0.001000,0.100000,0.000000,0.100000,0.400000,0.151891,0.159583,0.007692,0.323320
c24_r37.5m,grid,24,37.500000,6,1.000000,400,60,0.307344,0.318635,2118.990373,0.646251,0.000000,0.026222,0.001000,0.077419,0.041311,0.036109,0.306324,0.019440,0.072512,0.053072,0.287579
c24_r37.5m,grid,24,37.500000,6,1.000000,401,60,0.189397,0.549280,3119.277303,0.485454,0.000000,0.037000,0.001000,0.062691,0.054676,0.008015,0.484804,0.022454,0.074640,0.052186,0.500547
c24_r37.5m,grid,24,37.500000,6,1.000000,402,60,0.439270,0.427924,2221.551671,0.757901,0.000000,0.027778,0.001000,0.071057,0.056180,0.014877,0.418723,0.028880,0.079251,0.050370,0.388034
c24_r37.5m,grid,24,37.500000,6,1.000000,403,60,0.604779,0.445951,1893.917933,0.688921,0.000000,0.023861,0.001000,0.100410,0.042553,0.057857,0.485572,0.037375,0.082627,0.045252,0.441214
c24_r37.5m,grid,24,37.500000,6,1.000000,404,60,0.555859,0.374036,956.806702,0.638714,0.000000,0.010111,0.001000,0.067633,0.032847,0.034786,0.430353,0.026122,0.073918,0.047796,0.470384
c24_r37.5m,grid,24,37.500000,6,1.000000,405,60,0.650446,0.335614,1898.304973,0.262791,0.000000,0.020722,0.001000,0.088235,0.095116,-0.006880,0.440288,0.016320,0.087781,0.071461,0.550360
c24_r37.5m,grid,24,37.500000,6,1.000000,406,60,0.270130,0.193515,3274.366832,0.503464,0.000000,0.040389,0.001000,0.086705,0.071371,0.015334,0.217200,0.011906,0.074430,0.062524,0.156004
c24_r37.5m,grid,24,37.500000,6,1.000000,407,60,0.168638,0.246091,3664.108014,0.593680,0.000000,0.045417,0.001000,0.096852,0.072158,0.024694,0.219447,0.014067,0.082154,0.068087,0.258993
c24_r37.5m,grid,24,37.500000,6,1.000000,408,60,0.531573,0.388141,1581.467207,0.570981,0.000000,0.018083,0.001000,0.096573,0.046110,0.050464,0.480539,0.046167,0.082006,0.035839,0.436814
c24_r37.5m,grid,24,37.500000,6,1.000000,409,60,0.284051,0.223579,4578.342600,0.774704,0.000000,0.056694,0.001000,0.116114,0.071526,0.044588,0.160395,0.035358,0.104641,0.069283,0.220675
c24_r37.5m,grid,24,37.500000,6,1.000000,411,60,0.208674,0.279378,3954.595794,0.255122,0.000000,0.046889,0.001000,0.077399,0.078635,-0.001236,0.323972,0.025762,0.097394,0.071632,0.278712
c24_r37.5m,grid,24,37.500000,6,1.000000,410,60,0.221636,0.651912,4170.180415,0.696877,0.000000,0.053833,0.001000,0.089041,0.068027,0.021014,0.686032,0.018727,0.084349,0.065622,0.639424
c24_r37.5m,grid,24,37.500000,6,1.000000,412,60,0.347515,0.233010,1718.752685,0.744553,0.000000,0.019722,0.001000,0.085366,0.039640,0.045726,0.307116,0.035804,0.082771,0.046967,0.284541
c24_r37.5m,grid,24,37.500000,6,1.000000,413,60,0.090490,0.386448,2422.117641,0.367924,0.000000,0.030278,0.001000,0.071429,0.051051,0.020378,0.581132,0.026683,0.070200,0.043517,0.654687
c24_r37.5m,grid,24,37.500000,6,1.000000,414,60,0.467967,0.402628,3473.048964,0.460239,0.000000,0.040444,0.001000,0.103226,0.047244,0.055982,0.477903,0.025124,0.090898,0.065775,0.341769
c24_r37.5m,grid,24,37.500000,6,1.000000,416,60,0.251226,0.303205,1790.374932,0.525967,0.000000,0.018833,0.001000,0.047619,0.010309,0.037310,0.302158,0.026631,0.069139,0.042508,0.280031
c24_r37.5m,grid,24,37.500000,6,1.000000,415,60,0.448884,0.259795,2630.832578,0.662514,0.000000,0.031389,0.001000,0.101974,0.071062,0.030912,0.206522,0.023370,0.079466,0.056096,0.338087
c24_r37.5m,grid,24,37.500000,6,1.000000,417,60,0.410571,0.323955,3124.228516,0.725965,0.000000,0.038694,0.001000,0.094842,0.059182,0.035660,0.343429,0.031895,0.089958,0.058063,0.435276
c24_r37.5m,grid,24,37.500000,6,1.000000,418,60,0.512126,0.273037,2227.484050,0.659389,0.000000,0.026056,0.001000,0.137640,0.050676,0.086965,0.286174,0.050051,0.101702,0.051651,0.281756
c24_r37.5m,grid,24,37.500000,6,1.000000,419,60,0.315990,0.637485,1755.133980,0.681680,0.000000,0.019444,0.001000,0.074380,0.069444,0.004936,0.736906,0.020506,0.079144,0.058638,0.725690
c24_r37.5m,grid,24,37.500000,6,1.000000,420,60,0.230135,0.134537,2802.005478,0.788867,0.000000,0.034611,0.001000,0.094340,0.053634,0.040705,0.130141,0.030988,0.091780,0.060792,0.132592
c24_r37.5m,grid,24,37.500000,6,1.000000,423,60,0.406314,0.181905,1954.706452,0.590745,0.000000,0.021944,0.001000,0.090909,0.060606,0.030303,0.175000,0.045967,0.101099,0.055132,0.237531
c24_r37.5m,grid,24,37.500000,6,1.000000,421,60,0.389354,0.263554,2574.910368,0.397298,0.000000,0.032417,0.001000,0.096573,0.056632,0.039941,0.323589,0.043075,0.105174,0.062099,0.349853
c24_r37.5m,grid,24,37.500000,6,1.000000,422,60,0.259222,0.349290,3264.169486,0.706684,0.000000,0.038917,0.001000,0.098787,0.055654,0.043133,0.337624,0.034652,0.094819,0.060167,0.304389
c24_r37.5m,grid,24,37.500000,6,1.000000,425,60,0.177552,0.722699,1635.931082,0.682256,0.000000,0.018556,0.001000,0.077973,0.058824,0.019149,0.667969,0.023863,0.071313,0.047450,0.596474
c24_r37.5m,grid,24,37.500000,6,1.000000,424,60,0.474089,0.587557,4276.542850,0.237854,0.000000,0.052861,0.001000,0.120427,0.076687,0.043740,0.668024,0.051832,0.120149,0.068317,0.649008
c24_r37.5m,grid,24,37.500000,6,1.000000,426,60,0.263653,0.321024,2551.925228,0.572182,0.000000,0.030528,0.001000,0.111570,0.037037,0.074533,0.399011,0.019494,0.071617,0.052123,0.371994
c24_r37.5m,grid,24,37.500000,6,1.000000,430,60,0.352687,0.554138,2233.019106,0.604417,0.000000,0.027667,0.001000,0.084320,0.072727,0.011592,0.527713,0.002995,0.063508,0.060514,0.346102
c24_r37.5m,grid,24,37.500000,6,1.000000,428,60,0.244542,0.201976,2481.165520,0.565544,0.000000,0.027444,0.001000,0.075758,0.071429,0.004329,0.243243,0.025718,0.086039,0.060321,0.202261
c24_r37.5m,grid,24,37.500000,6,1.000000,427,60,0.277942,0.172026,1649.636675,0.554512,0.000000,0.019333,0.001000,0.085106,0.060038,0.025069,0.209199,0.015573,0.065667,0.050094,0.187377
c24_r37.5m,grid,24,37.500000,6,1.000000,429,60,0.335978,0.622860,1938.390311,0.752600,0.000000,0.023000,0.001000,0.109890,0.086514,0.023376,0.581470,0.031561,0.095111,0.063551,0.654650
c24_r37.5m,grid,24,37.500000,6,1.000000,431,60,0.365836,0.422194,2018.798765,0.501407,0.000000,0.022472,0.001000,0.057851,0.068493,-0.010642,0.269188,0.016097,0.078166,0.062069,0.247352
c24_r37.5m,grid,24,37.500000,6,1.000000,432,60,0.492956,0.398919,2855.351780,0.696917,0.000000,0.035111,0.001000,0.086420,0.069054,0.017366,0.453147,0.035711,0.098969,0.063258,0.437760
c24_r37.5m,grid,24,37.500000,6,1.000000,433,60,0.288363,0.241206,3829.310457,0.426873,0.000000,0.043833,0.001000,0.090909,0.061151,0.029758,0.191860,0.017682,0.084447,0.066765,0.205512
c24_r37.5m,grid,24,37.500000,6,1.000000,435,60,0.328030,0.451644,1471.354411,0.482776,0.000000,0.017000,0.001000,0.072464,0.037618,0.034846,0.564802,0.034659,0.077363,0.042705,0.593033
c24_r37.5m,grid,24,37.500000,6,1.000000,434,60,0.554150,0.390534,1074.080839,0.632052,0.000000,0.010889,0.001000,0.061538,0.017167,0.044371,0.455607,0.035222,0.073480,0.038258,0.479400
c24_r37.5m,grid,24,37.500000,6,1.000000,436,60,0.383834,0.297209,1453.518340,0.365057,0.000000,0.017056,0.001000,0.124224,0.028777,0.095447,0.366743,0.031016,0.078060,0.047043,0.363762
c24_r37.5m,grid,24,37.500000,6,1.000000,439,60,0.252875,0.444716,1734.263733,0.551074,0.000000,0.020111,0.001000,0.064171,0.048718,0.015453,0.489529,0.013420,0.063193,0.049773,0.574631
c24_r37.5m,grid,24,37.500000,6,1.000000,437,60,0.212739,0.350771,4485.357221,0.598115,0.000000,0.053250,0.001000,0.088548,0.064094,0.024454,0.368581,0.014270,0.080987,0.066717,0.439709
c24_r37.5m,grid,24,37.500000,6,1.000000,438,60,0.602134,0.383016,2329.173660,0.481798,0.000000,0.028944,0.001000,0.101639,0.053061,0.048578,0.383648,0.052799,0.106064,0.053265,0.430175
c24_r37.5m,grid,24,37.500000,6,1.000000,440,60,0.306453,0.556899,2149.935458,0.355886,0.000000,0.027472,0.001000,0.070815,0.090206,-0.019391,0.545667,0.011583,0.071125,0.059542,0.424701
c24_r37.5m,grid,24,37.500000,6,1.000000,441,60,0.416673,0.418029,2771.659494,0.577417,0.000000,0.033250,0.001000,0.093750,0.046632,0.047118,0.350168,0.007361,0.068184,0.060823,0.304675
c24_r37.5m,grid,24,37.500000,6,1.000000,442,60,0.124926,0.215908,3901.191927,0.464890,0.000000,0.046833,0.001000,0.076923,0.061917,0.015006,0.260815,0.008983,0.075541,0.066558,0.292642
c24_r37.5m,grid,24,37.500000,6,1.000000,443,60,0.470897,0.462514,3457.382101,0.666646,0.000000,0.039972,0.001000,0.108421,0.068639,0.039782,0.529248,0.052131,0.113009,0.060878,0.576511
c24_r37.5m,grid,24,37.500000,6,1.000000,444,60,0.318179,0.384526,1717.671553,0.801021,0.000000,0.020250,0.001000,0.069638,0.075643,-0.006005,0.351961,0.018610,0.067023,0.048413,0.271935
c24_r37.5m,grid,24,37.500000,6,1.000000,445,60,0.278897,0.417189,4610.958733,0.697392,0.000000,0.053889,0.001000,0.080426,0.061584,0.018843,0.430718,0.023680,0.088806,0.065126,0.462951
c24_r37.5m,grid,24,37.500000,6,1.000000,446,60,0.370314,0.362686,3622.546856,0.433659,0.000000,0.044222,0.001000,0.094096,0.082011,0.012085,0.417565,0.013115,0.082297,0.069183,0.469482
c24_r37.5m,grid,24,37.500000,6,1.000000,448,60,0.331593,0.307989,2142.099171,0.723369,0.000000,0.027889,0.001000,0.115839,0.048518,0.067322,0.363090,0.020109,0.063896,0.043787,0.274270
c24_r37.5m,grid,24,37.500000,6,1.000000,447,60,0.338152,0.578878,2703.186244,0.629898,0.000000,0.032722,0.001000,0.065772,0.088462,-0.022690,0.588933,0.007976,0.073736,0.065760,0.465704
c24_r37.5m,grid,24,37.500000,6,1.000000,449,60,0.218221,0.387266,1113.406145,0.826685,0.000000,0.011917,0.001000,0.041916,0.051597,-0.009681,0.290941,0.014838,0.058867,0.044029,0.304162
c24_r75m,grid,24,75.000000,6,1.000000,400,60,0.724063,0.713286,5415.102866,0.581849,0.000000,0.134667,0.350578,0.195341,0.138684,0.056657,0.687880,0.052425,0.189735,0.137310,0.639970
c24_r75m,grid,24,75.000000,6,1.000000,404,60,0.808729,0.819756,5124.157105,0.475955,0.000000,0.130972,0.339463,0.190233,0.127341,0.062893,0.818649,0.063894,0.197004,0.133110,0.762008
c24_r75m,grid,24,75.000000,6,1.000000,408,60,0.772520,0.660423,5439.419372,0.562006,0.000000,0.134083,0.334937,0.191579,0.129459,0.062119,0.658199,0.065019,0.197456,0.132437,0.489715
c24_r75m,grid,24,75.000000,6,1.000000,402,60,0.872340,0.799248,5298.726031,0.825906,0.000000,0.134667,0.349912,0.181631,0.135357,0.046275,0.799704,0.048436,0.183900,0.135464,0.762083
c24_r75m,grid,24,75.000000,6,1.000000,403,60,0.725911,0.728263,5312.714869,0.739535,0.000000,0.134917,0.358301,0.192031,0.142097,0.049934,0.726409,0.055959,0.194698,0.138738,0.717312
c24_r75m,grid,24,75.000000,6,1.000000,414,60,0.685852,0.627379,5532.826608,0.436939,0.000000,0.138389,0.388943,0.194505,0.141602,0.052903,0.624709,0.064176,0.195219,0.131043,0.541827
c24_r75m,grid,24,75.000000,6,1.000000,409,60,0.815445,0.883278,5223.123713,0.752620,0.000000,0.134194,0.366273,0.190862,0.124476,0.066386,0.876330,0.056515,0.190562,0.134047,0.878558
c24_r75m,grid,24,75.000000,6,1.000000,406,60,0.844146,0.828366,5452.638235,0.497658,0.000000,0.137278,0.372212,0.195568,0.125000,0.070568,0.818284,0.062713,0.197174,0.134460,0.838414
c24_r75m,grid,24,75.000000,6,1.000000,407,60,0.798880,0.798625,5323.191879,0.549049,0.000000,0.135333,0.362194,0.202701,0.126767,0.075934,0.787038,0.061592,0.194984,0.133392,0.806420
c24_r75m,grid,24,75.000000,6,1.000000,401,60,0.806205,0.786908,5187.115596,0.740241,0.000000,0.130500,0.312454,0.182618,0.135219,0.047399,0.774625,0.050952,0.182703,0.131752,0.737441
c24_r75m,grid,24,75.000000,6,1.000000,413,60,0.869011,0.719841,5182.884000,0.661230,0.000000,0.133472,0.355624,0.195468,0.138684,0.056785,0.715162,0.058150,0.187884,0.129734,0.663647
c24_r75m,grid,24,75.000000,6,1.000000,405,60,0.876693,0.853084,5168.480673,0.769628,0.000000,0.133333,0.353945,0.190720,0.130773,0.059947,0.835158,0.060482,0.189279,0.128797,0.844305
c24_r75m,grid,24,75.000000,6,1.000000,411,60,0.915189,0.849917,5524.030977,0.846993,0.000000,0.141722,0.407298,0.199214,0.133441,0.065772,0.849292,0.051942,0.189602,0.137660,0.866583
c24_r75m,grid,24,75.000000,6,1.000000,412,60,0.709063,0.727033,5397.999645,0.279050,0.000000,0.129694,0.302591,0.202536,0.138878,0.063659,0.699347,0.053241,0.191801,0.138560,0.724672
c24_r75m,grid,24,75.000000,6,1.000000,410,60,0.897282,0.891332,5430.319258,0.751766,0.000000,0.137389,0.369086,0.188944,0.132920,0.056024,0.879532,0.063975,0.194515,0.130540,0.827306
c24_r75m,grid,24,75.000000,6,1.000000,415,60,0.721454,0.849131,4938.426222,0.348118,0.000000,0.133083,0.395510,0.196370,0.136642,0.059727,0.816712,0.063938,0.197863,0.133925,0.790052
c24_r75m,grid,24,75.000000,6,1.000000,416,60,0.681818,0.600358,5324.922183,0.676453,0.000000,0.128167,0.277374,0.181740,0.129831,0.051909,0.602726,0.054800,0.186159,0.131360,0.558814
c24_r75m,grid,24,75.000000,6,1.000000,422,60,0.795428,0.758237,5474.560353,0.278914,0.000000,0.137833,0.389028,0.218929,0.142649,0.076280,0.757700,0.064423,0.206888,0.142464,0.807783
c24_r75m,grid,24,75.000000,6,1.000000,417,60,0.698696,0.823726,5259.070573,0.782097,0.000000,0.131694,0.334787,0.185971,0.127256,0.058715,0.815046,0.057214,0.191973,0.134759,0.810139
c24_r75m,grid,24,75.000000,6,1.000000,419,60,0.873468,0.681152,5307.045192,0.787677,0.000000,0.136083,0.380799,0.201513,0.137357,0.064156,0.663265,0.061601,0.195721,0.134120,0.758945
c24_r75m,grid,24,75.000000,6,1.000000,420,60,0.745309,0.820234,4985.328403,0.563884,0.000000,0.127139,0.309077,0.190597,0.115347,0.075250,0.799322,0.061477,0.190680,0.129202,0.818343
c24_r75m,grid,24,75.000000,6,1.000000,418,60,0.846700,0.742860,5248.467963,0.666061,0.000000,0.134500,0.368653,0.201310,0.124880,0.076431,0.729366,0.063651,0.199452,0.135802,0.740260
c24_r75m,grid,24,75.000000,6,1.000000,421,60,0.810963,0.819019,5316.113355,0.774745,0.000000,0.135194,0.361458,0.185401,0.124151,0.061250,0.828281,0.054168,0.190539,0.136371,0.785158
c24_r75m,grid,24,75.000000,6,1.000000,423,60,0.798256,0.833750,5034.747978,0.699612,0.000000,0.131806,0.351104,0.191546,0.131227,0.060319,0.828778,0.059516,0.191537,0.132021,0.797333
c24_r75m,grid,24,75.000000,6,1.000000,426,60,0.747475,0.744665,5224.084495,0.723233,0.000000,0.133250,0.355505,0.192763,0.121105,0.071658,0.751474,0.064296,0.192607,0.128311,0.736902
c24_r75m,grid,24,75.000000,6,1.000000,424,60,0.623859,0.734240,5503.528787,0.434521,0.000000,0.134667,0.340574,0.187117,0.146019,0.041097,0.728032,0.051008,0.192629,0.141622,0.725830
c24_r75m,grid,24,75.000000,6,1.000000,425,60,0.876343,0.863328,4959.841114,0.581701,0.000000,0.129000,0.338199,0.195616,0.135079,0.060536,0.851924,0.062249,0.193109,0.130860,0.830957
c24_r75m,grid,24,75.000000,6,1.000000,429,60,0.749327,0.875650,5162.572023,0.367297,0.000000,0.132333,0.348645,0.183410,0.139860,0.043550,0.858742,0.068354,0.199357,0.131003,0.848746
c24_r75m,grid,24,75.000000,6,1.000000,427,60,0.859714,0.891568,5583.668054,0.524314,0.000000,0.143333,0.422558,0.202927,0.131655,0.071272,0.875470,0.065288,0.200597,0.135309,0.854978
c24_r75m,grid,24,75.000000,6,1.000000,430,60,0.859233,0.870425,5466.227774,0.800650,0.000000,0.139944,0.384791,0.186947,0.131068,0.055879,0.852799,0.059184,0.190433,0.131250,0.816555
c24_r75m,grid,24,75.000000,6,1.000000,428,60,0.896176,0.811086,5406.032892,0.615122,0.000000,0.136861,0.366236,0.194532,0.122237,0.072295,0.805492,0.062179,0.194791,0.132612,0.846638
c24_r75m,grid,24,75.000000,6,1.000000,431,60,0.858758,0.821018,5415.202504,0.546562,0.000000,0.137889,0.384291,0.194046,0.130777,0.063269,0.817921,0.061471,0.197452,0.135980,0.832596
c24_r75m,grid,24,75.000000,6,1.000000,432,60,0.835601,0.759664,5416.636352,0.380156,0.000000,0.139667,0.417280,0.199092,0.140444,0.058648,0.768970,0.059520,0.200149,0.140630,0.781161
c24_r75m,grid,24,75.000000,6,1.000000,433,60,0.802047,0.760946,5107.120103,0.563926,0.000000,0.134222,0.375580,0.190025,0.143766,0.046259,0.764317,0.057843,0.192297,0.134454,0.810432
c24_r75m,grid,24,75.000000,6,1.000000,438,60,0.602811,0.616688,5304.019610,0.567480,0.000000,0.131278,0.328166,0.195104,0.123785,0.071319,0.613686,0.054353,0.187499,0.133147,0.689786
c24_r75m,grid,24,75.000000,6,1.000000,436,60,0.843414,0.864285,5429.560846,0.697777,0.000000,0.140472,0.404723,0.190968,0.133017,0.057951,0.860214,0.060219,0.193035,0.132816,0.811435
c24_r75m,grid,24,75.000000,6,1.000000,434,60,0.814035,0.850242,5585.460431,0.626373,0.000000,0.139028,0.370768,0.191671,0.153050,0.038621,0.834311,0.059130,0.193809,0.134679,0.856192
c24_r75m,grid,24,75.000000,6,1.000000,440,60,0.864968,0.838843,5196.527341,0.759595,0.000000,0.138417,0.413058,0.194748,0.136386,0.058362,0.829343,0.063394,0.194385,0.130991,0.755386
c24_r75m,grid,24,75.000000,6,1.000000,439,60,0.870481,0.905097,5277.599378,0.625192,0.000000,0.137389,0.393666,0.191879,0.148116,0.043762,0.897436,0.052484,0.186442,0.133958,0.782888
c24_r75m,grid,24,75.000000,6,1.000000,441,60,0.548023,0.751502,5061.527063,0.799380,0.000000,0.130778,0.342542,0.175951,0.141312,0.034640,0.753972,0.040758,0.177689,0.136931,0.615686
c24_r75m,grid,24,75.000000,6,1.000000,435,60,0.837723,0.843566,5263.133487,0.807862,0.000000,0.134583,0.345872,0.187691,0.136778,0.050913,0.836819,0.055306,0.188978,0.133672,0.822431
c24_r75m,grid,24,75.000000,6,1.000000,442,60,0.725367,0.782406,5266.640241,0.644055,0.000000,0.129972,0.314374,0.185668,0.127315,0.058353,0.768323,0.055960,0.188306,0.132346,0.730174
c24_r75m,grid,24,75.000000,6,1.000000,437,60,0.764480,0.849767,5338.323464,0.802132,0.000000,0.134250,0.335718,0.182803,0.123327,0.059476,0.830443,0.057118,0.185162,0.128044,0.836962
c24_r75m,grid,24,75.000000,6,1.000000,446,60,0.714956,0.696052,5290.613793,0.642527,0.000000,0.132139,0.335272,0.188205,0.134030,0.054174,0.718892,0.050783,0.185628,0.134846,0.686264
c24_r75m,grid,24,75.000000,6,1.000000,445,60,0.889477,0.854468,5430.202181,0.443401,0.000000,0.140056,0.411089,0.209868,0.134662,0.075206,0.833835,0.062525,0.201605,0.139080,0.843054
c24_r75m,grid,24,75.000000,6,1.000000,443,60,0.714188,0.828871,5458.493859,0.570985,0.000000,0.139694,0.408670,0.191681,0.147029,0.044652,0.820661,0.055699,0.192756,0.137058,0.838757
c24_r75m,grid,24,75.000000,6,1.000000,447,60,0.782073,0.808603,5362.331926,0.392161,0.000000,0.137000,0.381107,0.201208,0.125579,0.075630,0.824372,0.057624,0.193160,0.135536,0.799595
c24_r75m,grid,24,75.000000,6,1.000000,444,60,0.764607,0.775518,5593.556233,0.720240,0.000000,0.136583,0.345494,0.191882,0.130343,0.061538,0.761551,0.052466,0.187340,0.134873,0.716169
c24_r75m,grid,24,75.000000,6,1.000000,448,60,0.853110,0.689550,5393.560476,0.602348,0.000000,0.139056,0.403424,0.204956,0.139835,0.065121,0.699107,0.064879,0.204077,0.139198,0.703018
c24_r75m,grid,24,75.000000,6,1.000000,449,60,0.727729,0.777702,5098.223573,0.726337,0.000000,0.133944,0.380487,0.192426,0.135094,0.057332,0.774161,0.053955,0.188872,0.134917,0.744658
c24_r150m,grid,24,150.000000,6,1.000000,401,60,0.699846,0.790867,5236.302425,0.446549,0.000000,0.263444,1.956486,0.315953,0.243846,0.072108,0.773287,0.077533,0.319390,0.241857,0.645768
c24_r150m,grid,24,150.000000,6,1.000000,403,60,0.704240,0.497577,5260.193148,0.703455,0.000000,0.249361,1.787421,0.320019,0.235788,0.084231,0.494371,0.082749,0.326712,0.243963,0.522055
c24_r150m,grid,24,150.000000,6,1.000000,402,60,0.796511,0.858387,5413.733289,0.432984,0.000000,0.271556,2.024443,0.324784,0.257461,0.067322,0.851384,0.089099,0.329971,0.240872,0.856359
c24_r150m,grid,24,150.000000,6,1.000000,404,60,0.678637,0.730789,5230.682144,0.658061,0.000000,0.264750,1.971075,0.321496,0.242994,0.078502,0.726814,0.084696,0.323513,0.238817,0.661148
c24_r150m,grid,24,150.000000,6,1.000000,400,60,0.804352,0.843463,5209.856785,0.608556,0.000000,0.261778,1.934198,0.306990,0.260068,0.046922,0.833302,0.070171,0.317307,0.247136,0.803115
c24_r150m,grid,24,150.000000,6,1.000000,406,60,0.628766,0.455889,5264.953253,0.665233,0.000000,0.255389,1.872815,0.329517,0.248706,0.080811,0.457877,0.074914,0.318619,0.243705,0.363987
c24_r150m,grid,24,150.000000,6,1.000000,405,60,0.796225,0.779740,5198.921205,0.498583,0.000000,0.262500,1.946706,0.322946,0.251040,0.071906,0.770863,0.078355,0.324156,0.245801,0.771164
c24_r150m,grid,24,150.000000,6,1.000000,407,60,0.802719,0.873564,5400.369082,0.704940,0.000000,0.278389,2.117294,0.335896,0.231134,0.104763,0.855362,0.080381,0.320443,0.240063,0.816046
c24_r150m,grid,24,150.000000,6,1.000000,411,60,0.450980,0.496513,5132.306781,0.512571,0.000000,0.236528,1.668240,0.296616,0.236041,0.060575,0.501678,0.056227,0.298904,0.242677,0.437157
c24_r150m,grid,24,150.000000,6,1.000000,410,60,0.585937,0.429865,5482.468508,0.747003,0.000000,0.253111,1.817794,0.321160,0.244157,0.077003,0.427253,0.067475,0.311278,0.243803,0.424441
c24_r150m,grid,24,150.000000,6,1.000000,409,60,0.615607,0.818945,5307.311374,0.873337,0.000000,0.263222,1.947118,0.308810,0.233594,0.075216,0.811512,0.059680,0.303011,0.243330,0.754068
c24_r150m,grid,24,150.000000,6,1.000000,413,60,0.682895,0.650056,5485.883751,0.753979,0.000000,0.269583,2.001959,0.328182,0.247955,0.080227,0.645945,0.069935,0.313413,0.243478,0.543895
c24_r150m,grid,24,150.000000,6,1.000000,408,60,0.769477,0.804971,5319.850394,0.596685,0.000000,0.268306,1.997977,0.320874,0.247053,0.073821,0.800755,0.074622,0.319849,0.245226,0.786045
c24_r150m,grid,24,150.000000,6,1.000000,412,60,0.810422,0.747931,4947.418388,0.560474,0.000000,0.251250,1.842040,0.310547,0.229580,0.080967,0.754729,0.072849,0.310010,0.237161,0.793297
c24_r150m,grid,24,150.000000,6,1.000000,414,60,0.346177,0.229948,5015.851246,0.749799,0.000000,0.230611,1.620711,0.297906,0.235510,0.062396,0.239814,0.060959,0.295860,0.234902,0.241707
c24_r150m,grid,24,150.000000,6,1.000000,416,60,0.663687,0.638171,5234.712180,0.527140,0.000000,0.260944,1.935652,0.333617,0.242982,0.090635,0.634780,0.077648,0.323982,0.246334,0.591038
c24_r150m,grid,24,150.000000,6,1.000000,417,60,0.711387,0.760155,5197.304854,0.756487,0.000000,0.270722,2.044680,0.323149,0.246519,0.076630,0.757811,0.079404,0.320975,0.241572,0.637251
c24_r150m,grid,24,150.000000,6,1.000000,423,60,0.629047,0.541855,5496.275694,0.818837,0.000000,0.259778,1.889667,0.323996,0.239646,0.084350,0.542010,0.072013,0.314582,0.242569,0.516970
c24_r150m,grid,24,150.000000,6,1.000000,420,60,0.639995,0.575242,5508.531222,0.401711,0.000000,0.256389,1.859479,0.326732,0.244019,0.082713,0.549388,0.086780,0.328786,0.242006,0.461963
c24_r150m,grid,24,150.000000,6,1.000000,415,60,0.858905,0.684124,5335.720738,0.406691,0.000000,0.266111,1.975834,0.340150,0.247373,0.092777,0.704475,0.092016,0.339194,0.247178,0.768635
c24_r150m,grid,24,150.000000,6,1.000000,425,60,0.645132,0.420665,5110.639570,0.644348,0.000000,0.251833,1.851234,0.325325,0.242864,0.082461,0.420644,0.081859,0.326561,0.244703,0.347733
c24_r150m,grid,24,150.000000,6,1.000000,419,60,0.838757,0.758614,5212.429468,0.597629,0.000000,0.266472,1.989876,0.333226,0.238541,0.094685,0.760209,0.095437,0.340728,0.245290,0.678791
c24_r150m,grid,24,150.000000,6,1.000000,422,60,0.792826,0.580697,5275.889042,0.623235,0.000000,0.260778,1.928376,0.334242,0.245027,0.089215,0.580955,0.090630,0.333605,0.242974,0.524264
c24_r150m,grid,24,150.000000,6,1.000000,424,60,0.762672,0.683424,5549.102102,0.779446,0.000000,0.269361,1.988609,0.328969,0.248083,0.080886,0.683378,0.081157,0.322002,0.240845,0.644701
c24_r150m,grid,24,150.000000,6,1.000000,421,60,0.731906,0.702416,5356.097766,0.746135,0.000000,0.267028,1.994138,0.327825,0.238811,0.089014,0.708224,0.079695,0.323333,0.243638,0.682478
c24_r150m,grid,24,150.000000,6,1.000000,428,60,0.724166,0.711977,5400.677699,0.412907,0.000000,0.269444,2.018540,0.349051,0.244305,0.104745,0.711266,0.091498,0.332120,0.240622,0.638090
c24_r150m,grid,24,150.000000,6,1.000000,426,60,0.850888,0.725054,5144.399985,0.563651,0.000000,0.261750,1.935501,0.320943,0.232938,0.088004,0.723187,0.083817,0.326546,0.242728,0.754874
c24_r150m,grid,24,150.000000,6,1.000000,429,60,0.727726,0.583075,5099.301994,0.729660,0.000000,0.251722,1.835107,0.305158,0.243610,0.061548,0.570996,0.071096,0.311073,0.239978,0.637902
c24_r150m,grid,24,150.000000,6,1.000000,418,60,0.841533,0.890237,5235.906803,0.816027,0.000000,0.271306,2.040331,0.323563,0.225258,0.098304,0.876820,0.084779,0.324012,0.239233,0.836685
c24_r150m,grid,24,150.000000,6,1.000000,427,60,0.813483,0.786036,5262.640073,0.796448,0.000000,0.267111,1.990335,0.324667,0.237487,0.087180,0.779548,0.074744,0.321836,0.247093,0.779234
c24_r150m,grid,24,150.000000,6,1.000000,431,60,0.814766,0.565836,5035.981112,0.536030,0.000000,0.253000,1.855443,0.328331,0.229222,0.099109,0.568706,0.092801,0.330257,0.237456,0.513180
c24_r150m,grid,24,150.000000,6,1.000000,430,60,0.724060,0.672091,5390.168892,0.611193,0.000000,0.263278,1.945256,0.327984,0.247465,0.080519,0.657782,0.087686,0.329174,0.241489,0.706454
c24_r150m,grid,24,150.000000,6,1.000000,433,60,0.756437,0.801068,5124.535466,0.602078,0.000000,0.255611,1.868434,0.312185,0.224455,0.087731,0.801585,0.080916,0.323227,0.242311,0.796835
c24_r150m,grid,24,150.000000,6,1.000000,439,60,0.621104,0.562505,4790.358882,0.809839,0.000000,0.241722,1.777248,0.306591,0.234070,0.072521,0.551790,0.083170,0.317846,0.234676,0.530547
c24_r150m,grid,24,150.000000,6,1.000000,436,60,0.798636,0.758192,5327.518913,0.315340,0.000000,0.268667,2.011520,0.331629,0.248025,0.083603,0.745834,0.088670,0.332793,0.244122,0.779426
c24_r150m,grid,24,150.000000,6,1.000000,438,60,0.544412,0.642231,5125.991057,0.232797,0.000000,0.253056,1.870646,0.323895,0.240971,0.082924,0.644671,0.073445,0.315442,0.241997,0.610888
c24_r150m,grid,24,150.000000,6,1.000000,432,60,0.785949,0.752567,5354.805149,0.445954,0.000000,0.266528,1.977802,0.318990,0.255327,0.063663,0.745167,0.079820,0.328212,0.248392,0.698782
c24_r150m,grid,24,150.000000,6,1.000000,435,60,0.631363,0.652411,5129.342485,0.786283,0.000000,0.254639,1.868884,0.318641,0.237096,0.081545,0.649970,0.070981,0.311832,0.240851,0.660609
c24_r150m,grid,24,150.000000,6,1.000000,434,60,0.841095,0.827425,5540.177019,0.783296,0.000000,0.283083,2.152440,0.338611,0.255860,0.082751,0.820886,0.084291,0.331749,0.247457,0.830096
c24_r150m,grid,24,150.000000,6,1.000000,437,60,0.826971,0.770738,5138.690976,0.830682,0.000000,0.256750,1.884575,0.312688,0.222501,0.090187,0.762390,0.062774,0.301269,0.238495,0.697188
c24_r150m,grid,24,150.000000,6,1.000000,440,60,0.879854,0.875260,4889.261018,0.413964,0.000000,0.265361,2.014978,0.328723,0.243186,0.085537,0.859481,0.093340,0.330610,0.237270,0.820583
c24_r150m,grid,24,150.000000,6,1.000000,442,60,0.693490,0.731370,5348.011508,0.467043,0.000000,0.267806,2.000496,0.321716,0.253018,0.068698,0.717907,0.071264,0.316491,0.245228,0.607757
c24_r150m,grid,24,150.000000,6,1.000000,443,60,0.731118,0.597545,5267.099924,0.457492,0.000000,0.255694,1.879637,0.332089,0.239444,0.092645,0.598309,0.089043,0.330156,0.241114,0.606621
c24_r150m,grid,24,150.000000,6,1.000000,446,60,0.715809,0.653417,5201.833306,0.579256,0.000000,0.266250,2.005576,0.336859,0.256865,0.079994,0.657574,0.081063,0.324993,0.243930,0.582601
c24_r150m,grid,24,150.000000,6,1.000000,449,60,0.474812,0.552027,5345.048713,0.379856,0.000000,0.258611,1.913784,0.326656,0.255442,0.071214,0.518298,0.062422,0.305643,0.243221,0.569074
c24_r150m,grid,24,150.000000,6,1.000000,445,60,0.547820,0.747028,5344.984782,0.530423,0.000000,0.261778,1.927449,0.316453,0.238671,0.077782,0.749858,0.068850,0.309859,0.241009,0.716277
c24_r150m,grid,24,150.000000,6,1.000000,444,60,0.768457,0.837068,5027.090241,0.534584,0.000000,0.259528,1.933814,0.325945,0.226545,0.099400,0.822805,0.085163,0.325116,0.239952,0.842453
c24_r150m,grid,24,150.000000,6,1.000000,441,60,0.764393,0.814440,5366.027990,0.642134,0.000000,0.273472,2.061036,0.336443,0.242346,0.094096,0.802319,0.087232,0.325735,0.238503,0.767214
c24_r150m,grid,24,150.000000,6,1.000000,447,60,0.422455,0.713758,5250.300642,0.548001,0.000000,0.251889,1.829575,0.299689,0.244256,0.055433,0.697610,0.047646,0.295359,0.247713,0.629963
c24_r150m,grid,24,150.000000,6,1.000000,448,60,0.778175,0.868414,5142.513023,0.706642,0.000000,0.268833,2.029433,0.327960,0.243425,0.084535,0.859305,0.077109,0.320194,0.243085,0.800505
c24_r300m,grid,24,300.000000,6,1.000000,401,60,0.721824,0.625448,5192.247548,0.887067,0.000000,0.456694,4.372125,0.513768,0.427040,0.086728,0.621721,0.096521,0.526240,0.429719,0.535608
c24_r300m,grid,24,300.000000,6,1.000000,402,60,0.660528,0.557370,5030.053028,0.663030,0.000000,0.449083,4.315677,0.523130,0.416024,0.107106,0.550957,0.104050,0.516750,0.412701,0.487781
c24_r300m,grid,24,300.000000,6,1.000000,406,60,0.508747,0.583555,5193.006384,0.250595,0.000000,0.454083,4.384063,0.511907,0.437842,0.074066,0.569406,0.076481,0.511023,0.434542,0.422492
c24_r300m,grid,24,300.000000,6,1.000000,405,60,0.586950,0.421314,5419.412310,0.654488,0.000000,0.454806,4.353417,0.523373,0.435307,0.088066,0.420134,0.092855,0.527355,0.434500,0.372158
c24_r300m,grid,24,300.000000,6,1.000000,404,60,0.178340,0.338648,5197.442780,0.519595,0.000000,0.424028,4.047840,0.448496,0.434435,0.014061,0.341365,0.029348,0.467092,0.437744,0.310065
c24_r300m,grid,24,300.000000,6,1.000000,400,60,0.723870,0.689526,4896.728826,0.729091,0.000000,0.471750,4.596945,0.540846,0.422950,0.117896,0.682964,0.111699,0.539262,0.427563,0.623293
c24_r300m,grid,24,300.000000,6,1.000000,407,60,0.552164,0.673658,4912.179957,0.796477,0.000000,0.451333,4.353712,0.504977,0.417476,0.087501,0.667229,0.073094,0.499099,0.426005,0.604746
c24_r300m,grid,24,300.000000,6,1.000000,403,60,0.722040,0.770753,4715.915178,0.775467,0.000000,0.459250,4.459487,0.523958,0.404755,0.119204,0.763938,0.100725,0.517153,0.416428,0.765579
c24_r300m,grid,24,300.000000,6,1.000000,411,60,0.677644,0.457330,4903.867811,0.826177,0.000000,0.443778,4.270920,0.521482,0.420598,0.100884,0.455607,0.100030,0.528603,0.428573,0.353155
c24_r300m,grid,24,300.000000,6,1.000000,408,60,0.741223,0.737208,4863.248383,0.512439,0.000000,0.463972,4.508677,0.536861,0.424425,0.112436,0.729612,0.104561,0.530064,0.425503,0.664298
c24_r300m,grid,24,300.000000,6,1.000000,409,60,0.617149,0.734756,5217.704608,0.853463,0.000000,0.475111,4.615473,0.532566,0.437328,0.095238,0.725790,0.091200,0.522115,0.430915,0.734085
c24_r300m,grid,24,300.000000,6,1.000000,410,60,0.740897,0.808813,5238.557794,0.619406,0.000000,0.489278,4.775441,0.543710,0.425183,0.118527,0.800192,0.122257,0.539399,0.417143,0.773950
c24_r300m,grid,24,300.000000,6,1.000000,412,60,0.735299,0.780861,5239.271262,0.651737,0.000000,0.479972,4.652814,0.533002,0.433204,0.099798,0.769731,0.108364,0.539132,0.430768,0.752176
c24_r300m,grid,24,300.000000,6,1.000000,413,60,0.756908,0.790699,5376.740585,0.568020,0.000000,0.493222,4.802817,0.546402,0.437152,0.109250,0.788284,0.115421,0.538796,0.423375,0.784920
c24_r300m,grid,24,300.000000,6,1.000000,416,60,0.317872,0.370274,5256.761359,0.416089,0.000000,0.437944,4.205809,0.496692,0.435100,0.061592,0.364154,0.050208,0.483839,0.433631,0.316258
c24_r300m,grid,24,300.000000,6,1.000000,417,60,0.604633,0.585929,4974.614079,0.712468,0.000000,0.450778,4.348588,0.520408,0.421683,0.098725,0.576186,0.099782,0.532571,0.432789,0.509823
c24_r300m,grid,24,300.000000,6,1.000000,415,60,0.218009,0.546539,5005.409315,0.519490,0.000000,0.423806,4.039466,0.453200,0.431155,0.022045,0.569456,0.025641,0.450287,0.424646,0.538147
c24_r300m,grid,24,300.000000,6,1.000000,414,60,0.596354,0.579187,5465.543570,0.681211,0.000000,0.474611,4.590512,0.543236,0.428772,0.114464,0.574541,0.098840,0.527137,0.428297,0.538514
c24_r300m,grid,24,300.000000,6,1.000000,418,60,0.701899,0.711090,5236.466359,0.467784,0.000000,0.481139,4.685669,0.549487,0.432637,0.116850,0.694296,0.119080,0.551492,0.432413,0.724035
c24_r300m,grid,24,300.000000,6,1.000000,419,60,0.622507,0.618165,4949.398321,0.552848,0.000000,0.455500,4.407645,0.523848,0.431349,0.092499,0.597200,0.094207,0.520488,0.426281,0.548201
c24_r300m,grid,24,300.000000,6,1.000000,420,60,0.714563,0.753143,4931.917457,0.574947,0.000000,0.465778,4.518925,0.523436,0.421417,0.102018,0.746228,0.107338,0.541305,0.433967,0.697216
c24_r300m,grid,24,300.000000,6,1.000000,424,60,0.679424,0.316734,5338.595538,0.733105,0.000000,0.443306,4.224815,0.530806,0.437523,0.093282,0.326837,0.095293,0.529065,0.433772,0.315727
c24_r300m,grid,24,300.000000,6,1.000000,422,60,0.242152,0.166568,5049.248277,0.649371,0.000000,0.418889,4.005523,0.485778,0.425079,0.060699,0.177395,0.082265,0.503284,0.421019,0.255190
c24_r300m,grid,24,300.000000,6,1.000000,423,60,0.694382,0.688207,4637.071197,0.804944,0.000000,0.450361,4.370270,0.517228,0.414980,0.102248,0.680571,0.099489,0.523529,0.424040,0.572331
c24_r300m,grid,24,300.000000,6,1.000000,421,60,0.588299,0.552909,5269.418373,0.488826,0.000000,0.464944,4.502227,0.533128,0.434800,0.098328,0.544287,0.090679,0.524420,0.433741,0.603138
c24_r300m,grid,24,300.000000,6,1.000000,425,60,0.260591,0.785739,5112.821588,0.634550,0.000000,0.436361,4.162718,0.459775,0.430400,0.029375,0.777303,0.057562,0.485717,0.428155,0.667429
c24_r300m,grid,24,300.000000,6,1.000000,426,60,0.427939,0.430046,5364.661315,0.783447,0.000000,0.452333,4.347729,0.506601,0.445554,0.061047,0.424472,0.082735,0.517252,0.434518,0.402707
c24_r300m,grid,24,300.000000,6,1.000000,428,60,0.442093,0.418827,5225.655234,0.610068,0.000000,0.442528,4.240600,0.516628,0.423956,0.092673,0.421362,0.066415,0.496179,0.429763,0.394082
c24_r300m,grid,24,300.000000,6,1.000000,427,60,0.579230,0.778510,4681.162931,0.626245,0.000000,0.454306,4.410977,0.511492,0.415762,0.095731,0.764512,0.089700,0.502216,0.412516,0.772458
c24_r300m,grid,24,300.000000,6,1.000000,430,60,0.719888,0.459935,4977.465816,0.329081,0.000000,0.453083,4.385065,0.550916,0.421736,0.129179,0.457402,0.112700,0.537511,0.424810,0.509560
c24_r300m,grid,24,300.000000,6,1.000000,435,60,0.522626,0.351886,5249.583618,0.378256,0.000000,0.450806,4.356625,0.542936,0.443253,0.099683,0.362911,0.110927,0.548163,0.437235,0.353296
c24_r300m,grid,24,300.000000,6,1.000000,439,60,0.369965,0.368061,4912.107466,0.536961,0.000000,0.425667,4.079524,0.503335,0.418328,0.085007,0.367043,0.082768,0.507040,0.424271,0.370830
c24_r300m,grid,24,300.000000,6,1.000000,431,60,0.477752,0.808186,4718.289713,0.725498,0.000000,0.444833,4.294992,0.489218,0.401289,0.087929,0.798019,0.068572,0.484116,0.415544,0.780572
c24_r300m,grid,24,300.000000,6,1.000000,436,60,0.514767,0.372279,5313.426990,0.521295,0.000000,0.453528,4.364504,0.540515,0.433560,0.106955,0.375081,0.091637,0.525342,0.433705,0.412626
c24_r300m,grid,24,300.000000,6,1.000000,429,60,0.764355,0.617208,5334.503425,0.716914,0.000000,0.476472,4.608042,0.542080,0.439419,0.102661,0.617171,0.105329,0.538254,0.432924,0.596749
c24_r300m,grid,24,300.000000,6,1.000000,434,60,0.555162,0.815313,5228.923375,0.683755,0.000000,0.467694,4.506623,0.509600,0.409511,0.100089,0.808477,0.098226,0.524419,0.426194,0.684518
c24_r300m,grid,24,300.000000,6,1.000000,437,60,0.772411,0.644730,5232.350280,0.456389,0.000000,0.475806,4.624669,0.554063,0.434216,0.119846,0.657714,0.120057,0.555540,0.435483,0.585334
c24_r300m,grid,24,300.000000,6,1.000000,432,60,0.610673,0.800526,4676.051771,0.770074,0.000000,0.453444,4.406897,0.509598,0.414161,0.095437,0.790775,0.106488,0.521569,0.415081,0.716528
c24_r300m,grid,24,300.000000,6,1.000000,433,60,0.539775,0.806050,5281.788365,0.677027,0.000000,0.474472,4.592951,0.512759,0.432984,0.079775,0.794410,0.086956,0.510546,0.423589,0.781114
c24_r300m,grid,24,300.000000,6,1.000000,441,60,0.577178,0.551348,5016.687468,0.267146,0.000000,0.454222,4.397446,0.537900,0.424207,0.113693,0.539215,0.090279,0.519971,0.429691,0.563774
c24_r300m,grid,24,300.000000,6,1.000000,440,60,0.631761,0.765565,4699.578801,0.518323,0.000000,0.446611,4.325621,0.500514,0.426301,0.074213,0.760906,0.102932,0.526306,0.423374,0.725020
c24_r300m,grid,24,300.000000,6,1.000000,442,60,0.643456,0.766761,5127.089731,0.761766,0.000000,0.483361,4.714037,0.533508,0.441013,0.092495,0.757859,0.102408,0.534960,0.432551,0.735118
c24_r300m,grid,24,300.000000,6,1.000000,443,60,0.501770,0.786442,4906.708830,0.451730,0.000000,0.459917,4.479436,0.518170,0.424691,0.093479,0.780248,0.083737,0.505617,0.421880,0.701675
c24_r300m,grid,24,300.000000,6,1.000000,438,60,0.737729,0.877370,4915.229813,0.639257,0.000000,0.471667,4.572931,0.513674,0.413918,0.099756,0.871894,0.104049,0.522206,0.418157,0.840496
c24_r300m,grid,24,300.000000,6,1.000000,445,60,0.794601,0.813124,5473.006071,0.723588,0.000000,0.494167,4.797243,0.547481,0.432798,0.114683,0.805678,0.114146,0.539651,0.425505,0.788640
c24_r300m,grid,24,300.000000,6,1.000000,449,60,0.471480,0.583866,4876.554169,0.785663,0.000000,0.438222,4.210511,0.500882,0.403447,0.097436,0.592252,0.085956,0.504077,0.418121,0.582705
c24_r300m,grid,24,300.000000,6,1.000000,444,60,0.823402,0.858632,4895.917751,0.745334,0.000000,0.475861,4.625644,0.525797,0.419990,0.105807,0.849279,0.084848,0.499463,0.414615,0.803861
c24_r300m,grid,24,300.000000,6,1.000000,448,60,0.692314,0.453457,4992.030131,0.807124,0.000000,0.441778,4.232120,0.515450,0.419577,0.095873,0.454402,0.097463,0.518898,0.421435,0.447131
c24_r300m,grid,24,300.000000,6,1.000000,447,60,0.435948,0.701903,5547.315062,0.756080,0.000000,0.465167,4.462390,0.509608,0.440579,0.069029,0.702772,0.079615,0.513896,0.434281,0.671108
c24_r300m,grid,24,300.000000,6,1.000000,446,60,0.775438,0.674882,5501.483500,0.716461,0.000000,0.489611,4.748171,0.554811,0.436208,0.118603,0.679079,0.110687,0.544007,0.433320,0.724874
c24_r600m,grid,24,600.000000,6,1.000000,402,60,0.484527,0.276716,4942.961384,0.709424,0.000000,0.726361,7.837966,0.797263,0.714645,0.082619,0.277057,0.071056,0.783907,0.712851,0.265484
c24_r600m,grid,24,600.000000,6,1.000000,403,60,0.437425,0.358946,4757.044809,0.604811,0.000000,0.722917,7.812518,0.782010,0.710564,0.071446,0.367265,0.062311,0.777817,0.715506,0.292763
c24_r600m,grid,24,600.000000,6,1.000000,400,60,0.450857,0.604794,5344.814211,0.721058,0.000000,0.752583,8.108710,0.787757,0.729196,0.058561,0.601206,0.058063,0.786387,0.728323,0.555472
c24_r600m,grid,24,600.000000,6,1.000000,405,60,0.194599,0.380368,5165.562141,0.812721,0.000000,0.726472,7.857213,0.755666,0.723998,0.031669,0.383025,0.040909,0.772986,0.732078,0.388491
c24_r600m,grid,24,600.000000,6,1.000000,406,60,0.328056,0.294492,4485.455832,0.683705,0.000000,0.698417,7.554223,0.746811,0.694859,0.051952,0.299362,0.056601,0.764765,0.708164,0.365822
c24_r600m,grid,24,600.000000,6,1.000000,401,60,0.352563,0.744470,4922.128865,0.720843,0.000000,0.733861,7.897116,0.757975,0.718972,0.039003,0.743931,0.056075,0.775725,0.719650,0.740429
c24_r600m,grid,24,600.000000,6,1.000000,408,60,0.230703,0.448385,4692.850048,0.581552,0.000000,0.715278,7.753385,0.754687,0.709266,0.045421,0.449935,0.033696,0.743893,0.710197,0.364429
c24_r600m,grid,24,600.000000,6,1.000000,411,60,0.345010,0.236209,5173.938530,0.242844,0.000000,0.735444,7.968400,0.803547,0.731405,0.072143,0.242087,0.043817,0.762037,0.718221,0.244491
c24_r600m,grid,24,600.000000,6,1.000000,407,60,0.426412,0.566511,5291.286104,0.446552,0.000000,0.748083,8.073520,0.787774,0.727558,0.060216,0.568635,0.068815,0.789141,0.720326,0.541440
c24_r600m,grid,24,600.000000,6,1.000000,409,60,0.566006,0.235419,4974.613876,0.549205,0.000000,0.715167,7.693522,0.771554,0.715523,0.056031,0.241021,0.042785,0.763185,0.720400,0.335240
c24_r600m,grid,24,600.000000,6,1.000000,404,60,0.393173,0.596244,5248.482864,0.604628,0.000000,0.747722,8.066096,0.782405,0.727655,0.054750,0.590827,0.035054,0.754927,0.719873,0.647182
c24_r600m,grid,24,600.000000,6,1.000000,410,60,0.361552,0.421664,4327.685361,0.609077,0.000000,0.702167,7.588358,0.743608,0.700583,0.043024,0.418390,0.058879,0.760658,0.701780,0.464077
c24_r600m,grid,24,600.000000,6,1.000000,412,60,0.537557,0.616513,4540.663163,0.596144,0.000000,0.720722,7.761396,0.762923,0.710873,0.052050,0.614727,0.055460,0.768073,0.712613,0.602572
c24_r600m,grid,24,600.000000,6,1.000000,413,60,0.398930,0.650303,5189.731005,0.587367,0.000000,0.740417,7.977482,0.765202,0.726943,0.038259,0.652980,0.050966,0.776331,0.725365,0.586473
c24_r600m,grid,24,600.000000,6,1.000000,418,60,0.306450,0.343167,4789.441678,0.863307,0.000000,0.714944,7.726768,0.767782,0.709180,0.058602,0.349163,0.054406,0.765866,0.711460,0.279195
c24_r600m,grid,24,600.000000,6,1.000000,417,60,0.468074,0.429129,4836.744372,0.700373,0.000000,0.728722,7.862666,0.778931,0.716288,0.062643,0.433604,0.057659,0.786026,0.728367,0.422502
c24_r600m,grid,24,600.000000,6,1.000000,419,60,0.373001,0.291038,5462.831845,0.627743,0.000000,0.745028,8.056838,0.795472,0.738368,0.057104,0.292286,0.060469,0.794877,0.734408,0.297281
c24_r600m,grid,24,600.000000,6,1.000000,415,60,0.654197,0.636087,4966.399928,0.746748,0.000000,0.759833,8.195418,0.817084,0.716619,0.100465,0.631353,0.075360,0.791832,0.716472,0.491427
c24_r600m,grid,24,600.000000,6,1.000000,414,60,0.350109,0.783633,4497.858192,0.725142,0.000000,0.739583,8.009108,0.772155,0.706854,0.065301,0.776855,0.049789,0.753786,0.703997,0.774967
c24_r600m,grid,24,600.000000,6,1.000000,416,60,0.718599,0.855546,5366.624964,0.498900,0.000000,0.786167,8.468177,0.821840,0.710974,0.110865,0.844224,0.094242,0.806263,0.712021,0.676652
c24_r600m,grid,24,600.000000,6,1.000000,420,60,0.354981,0.501460,4817.453670,0.724931,0.000000,0.725667,7.838247,0.774116,0.701648,0.072468,0.505828,0.057017,0.768004,0.710987,0.517447
c24_r600m,grid,24,600.000000,6,1.000000,423,60,0.235941,0.306888,5064.484671,0.392308,0.000000,0.727333,7.878309,0.769657,0.720676,0.048981,0.311592,0.056260,0.781554,0.725295,0.330473
c24_r600m,grid,24,600.000000,6,1.000000,421,60,0.615582,0.781925,5332.432979,0.822909,0.000000,0.771278,8.296065,0.803633,0.719383,0.084251,0.776190,0.079279,0.794770,0.715491,0.688743
c24_r600m,grid,24,600.000000,6,1.000000,422,60,0.591891,0.652866,4815.289739,0.701719,0.000000,0.747139,8.052668,0.797222,0.708393,0.088829,0.656515,0.093465,0.793348,0.699883,0.654810
c24_r600m,grid,24,600.000000,6,1.000000,424,60,0.549423,0.687633,4658.853049,0.316064,0.000000,0.729111,7.858706,0.775903,0.703967,0.071936,0.680992,0.064495,0.778692,0.714197,0.572910
c24_r600m,grid,24,600.000000,6,1.000000,426,60,0.279404,0.551494,4618.145293,0.674814,0.000000,0.712222,7.693234,0.745969,0.707191,0.038778,0.546073,0.038890,0.738791,0.699901,0.565181
c24_r600m,grid,24,600.000000,6,1.000000,427,60,0.447874,0.689911,5290.925332,0.408893,0.000000,0.755278,8.144988,0.791234,0.729601,0.061633,0.684584,0.061586,0.793704,0.732118,0.632192
c24_r600m,grid,24,600.000000,6,1.000000,425,60,0.400169,0.609800,4996.071633,0.707999,0.000000,0.738167,7.960287,0.779684,0.704729,0.074955,0.608757,0.069436,0.778534,0.709098,0.549632
c24_r600m,grid,24,600.000000,6,1.000000,429,60,0.573687,0.509075,5230.068470,0.531638,0.000000,0.748917,8.059289,0.813820,0.713808,0.100012,0.512061,0.081288,0.804033,0.722745,0.544474
c24_r600m,grid,24,600.000000,6,1.000000,431,60,0.510399,0.570845,5312.656839,0.384710,0.000000,0.749083,8.063947,0.793174,0.722259,0.070915,0.566052,0.085122,0.800981,0.715859,0.543597
c24_r600m,grid,24,600.000000,6,1.000000,428,60,0.300344,0.663234,4604.909481,0.613844,0.000000,0.729611,7.896994,0.761277,0.705745,0.055531,0.657881,0.052418,0.759985,0.707568,0.694942
c24_r600m,grid,24,600.000000,6,1.000000,430,60,0.812654,0.854619,5010.892125,0.577833,0.000000,0.765639,8.213085,0.795663,0.719748,0.075915,0.843103,0.094366,0.800656,0.706290,0.781349
c24_r600m,grid,24,600.000000,6,1.000000,434,60,0.641124,0.510888,4939.160879,0.273506,0.000000,0.736250,7.930622,0.794569,0.711186,0.083384,0.509430,0.089644,0.798289,0.708645,0.416162
c24_r600m,grid,24,600.000000,6,1.000000,432,60,0.596345,0.819859,5064.448848,0.766642,0.000000,0.762306,8.206065,0.794944,0.712755,0.082189,0.812476,0.079632,0.796528,0.716896,0.644792
c24_r600m,grid,24,600.000000,6,1.000000,436,60,0.464023,0.433998,4632.338035,0.647149,0.000000,0.729667,7.883776,0.779266,0.716094,0.063173,0.442512,0.065747,0.771980,0.706234,0.412380
c24_r600m,grid,24,600.000000,6,1.000000,435,60,0.643571,0.803916,5527.910197,0.781075,0.000000,0.775222,8.333847,0.803368,0.732863,0.070505,0.797965,0.074646,0.795004,0.720358,0.777910
c24_r600m,grid,24,600.000000,6,1.000000,433,60,0.505443,0.659649,5147.798561,0.626774,0.000000,0.752972,8.115763,0.793251,0.717091,0.076160,0.654357,0.081852,0.794832,0.712980,0.566328
c24_r600m,grid,24,600.000000,6,1.000000,439,60,0.627436,0.342599,5106.599808,0.689221,0.000000,0.741972,7.985197,0.802002,0.728172,0.073830,0.341405,0.073150,0.796261,0.723111,0.318330
c24_r600m,grid,24,600.000000,6,1.000000,438,60,0.511911,0.567885,5281.990027,0.839969,0.000000,0.759222,8.198106,0.806735,0.729180,0.077554,0.561113,0.084830,0.801959,0.717129,0.529681
c24_r600m,grid,24,600.000000,6,1.000000,437,60,0.362088,0.498909,5067.967528,0.752004,0.000000,0.734111,7.921404,0.774861,0.722194,0.052667,0.495210,0.049392,0.778160,0.728768,0.444743
c24_r600m,grid,24,600.000000,6,1.000000,440,60,0.308113,0.362506,4933.587579,0.564529,0.000000,0.727389,7.865278,0.768221,0.720536,0.047685,0.369378,0.043796,0.761102,0.717306,0.453961
c24_r600m,grid,24,600.000000,6,1.000000,443,60,0.499347,0.332779,5109.254049,0.431982,0.000000,0.743639,8.034460,0.801736,0.732032,0.069703,0.340145,0.076645,0.797980,0.721335,0.218282
c24_r600m,grid,24,600.000000,6,1.000000,441,60,0.293289,0.305714,4888.812663,0.780053,0.000000,0.718111,7.770839,0.767864,0.714779,0.053086,0.313512,0.068232,0.787674,0.719442,0.277817
c24_r600m,grid,24,600.000000,6,1.000000,442,60,0.551482,0.638948,4832.064072,0.681667,0.000000,0.744333,8.021894,0.783982,0.715210,0.068772,0.635146,0.060303,0.776149,0.715846,0.632099
c24_r600m,grid,24,600.000000,6,1.000000,446,60,0.424764,0.273518,5154.250347,0.430037,0.000000,0.713861,7.679308,0.753455,0.715483,0.037972,0.277232,0.068756,0.794746,0.725990,0.250676
c24_r600m,grid,24,600.000000,6,1.000000,444,60,0.471081,0.460917,4971.410081,0.534957,0.000000,0.740944,8.016670,0.796797,0.723589,0.073208,0.465681,0.075504,0.775804,0.700300,0.391311
c24_r600m,grid,24,600.000000,6,1.000000,447,60,0.480990,0.366403,4813.825945,0.689877,0.000000,0.729556,7.874552,0.783865,0.719004,0.064861,0.371387,0.073494,0.797999,0.724505,0.335056
c24_r600m,grid,24,600.000000,6,1.000000,448,60,0.226353,0.359351,4958.049076,0.445390,0.000000,0.722611,7.830292,0.744865,0.728620,0.016245,0.367589,0.034130,0.746596,0.712466,0.366385
c24_r600m,grid,24,600.000000,6,1.000000,445,60,0.613543,0.824681,4422.293020,0.729827,0.000000,0.746750,8.057392,0.783117,0.702445,0.080672,0.814530,0.077407,0.782992,0.705585,0.776737
c24_r600m,grid,24,600.000000,6,1.000000,449,60,0.305475,0.568604,4210.102436,0.600173,0.000000,0.695139,7.503880,0.718853,0.700643,0.018210,0.574027,0.052207,0.747525,0.695318,0.649340
