number,state,value,food_site_count,food_site_radius,food_site_radius_log_sd,food_site_capacity,food_value,vertical_comb_benefit,food_site_min_distance,food_site_max_distance,foray_shape,travel_cost_per_distance,mutation_sd,transposition_mutation_correlation,stable_count,seed_count,collapse_count,mean_progress,mean_final_success,mean_final_payoff,mean_final_comb_tilt,mean_final_min_transposition,mean_final_dance_propensity,elapsed_seconds
0,COMPLETE,0.207,6,135.000,0.6,2,,0.160,750.0,3250.000,2.0,4.000000e-05,0.130,0.100,0,10,0,0.207,0.113,0.335,0.166,0.222,0.676,686.763
1,COMPLETE,0.228,4,270.000,0.6,4,,0.400,750.0,6500.000,2.0,2.000000e-05,0.130,1.000,0,10,0,0.228,0.106,0.336,0.184,0.242,0.661,651.062
2,COMPLETE,8.966,7,330.000,0.6,10,,0.540,750.0,5500.000,2.0,1.500000e-05,0.130,0.200,8,10,0,0.966,0.211,2.731,0.807,0.699,0.553,976.849
3,COMPLETE,0.178,5,210.000,0.6,9,,0.360,750.0,4750.000,2.0,3.250000e-05,0.050,0.500,0,10,0,0.178,0.142,0.502,0.151,0.150,0.690,753.430
4,COMPLETE,0.304,7,195.000,0.6,7,,0.280,750.0,5250.000,2.0,2.250000e-05,0.090,0.400,0,10,0,0.304,0.141,0.811,0.245,0.242,0.607,845.342
5,COMPLETE,-7.770,3,315.000,0.6,6,,0.160,750.0,5000.000,2.0,4.500000e-05,0.080,0.900,1,10,9,0.230,0.129,0.127,0.195,0.263,0.583,626.712
6,COMPLETE,-5.855,5,270.000,0.6,5,,0.320,750.0,5250.000,2.0,4.250000e-05,0.060,0.900,0,10,6,0.145,0.149,0.342,0.174,0.129,0.640,689.574
7,COMPLETE,-9.469,5,60.000,0.6,3,,0.240,750.0,4250.000,2.0,4.750000e-05,0.080,0.800,0,10,10,0.531,0.013,0.001,0.515,0.410,0.572,397.870
8,COMPLETE,2.427,5,285.000,0.6,5,,0.240,750.0,4750.000,2.0,2.750000e-05,0.100,1.000,2,10,0,0.427,0.180,1.241,0.352,0.358,0.629,833.185
9,COMPLETE,1.328,5,225.000,0.6,3,,0.160,750.0,4750.000,2.0,1.750000e-05,0.100,0.700,1,10,0,0.328,0.134,0.970,0.271,0.286,0.596,738.205
10,COMPLETE,9.990,8,315.000,0.6,2,,0.540,750.0,4500.000,2.0,4.750000e-05,0.130,0.400,9,10,0,0.990,0.269,2.512,0.823,0.746,0.624,1075.063
11,COMPLETE,6.791,5,285.000,0.6,3,,0.560,750.0,5250.000,2.0,1.750000e-05,0.090,0.900,6,10,0,0.791,0.163,1.680,0.676,0.659,0.513,780.240
12,COMPLETE,-9.597,8,75.000,0.6,12,,0.100,750.0,6000.000,2.0,4.750000e-05,0.050,0.100,0,10,10,0.403,0.018,0.001,0.378,0.293,0.533,552.889
13,COMPLETE,-9.357,2,60.000,0.6,2,,0.460,750.0,5500.000,2.0,2.250000e-05,0.120,0.700,0,10,10,0.643,0.006,0.001,0.527,0.425,0.525,273.907
14,COMPLETE,-7.670,2,315.000,0.6,7,,0.580,750.0,6000.000,2.0,2.000000e-05,0.070,0.700,2,10,10,0.330,0.084,0.171,0.283,0.332,0.636,423.296
15,COMPLETE,-6.320,5,270.000,0.6,10,,0.540,750.0,6000.000,2.0,5.750000e-05,0.120,0.500,3,10,10,0.680,0.011,0.030,0.665,0.471,0.424,370.905
16,COMPLETE,0.200,8,120.000,0.6,7,,0.460,750.0,4750.000,2.0,2.500000e-05,0.100,0.400,0,10,0,0.200,0.104,0.318,0.160,0.215,0.650,792.603
17,COMPLETE,-8.442,1,210.000,0.6,8,,0.360,750.0,5750.000,2.0,4.750000e-05,0.110,1.000,1,10,10,0.558,0.003,0.001,0.553,0.468,0.529,242.605
18,COMPLETE,0.199,7,330.000,0.6,3,,0.120,750.0,3750.000,2.0,3.750000e-05,0.050,0.900,0,10,0,0.199,0.347,3.131,0.163,0.203,0.602,1128.287
19,COMPLETE,-9.664,7,120.000,0.6,2,,0.220,750.0,7000.000,2.0,2.250000e-05,0.060,0.000,0,10,10,0.336,0.018,0.001,0.328,0.266,0.555,452.259
20,COMPLETE,0.167,7,360.000,0.6,9,,0.260,750.0,7250.000,2.0,4.250000e-05,0.100,0.100,0,10,0,0.167,0.215,0.509,0.134,0.173,0.624,967.860
21,COMPLETE,-0.825,3,270.000,0.6,5,,0.340,750.0,5500.000,2.0,2.250000e-05,0.090,0.900,0,10,1,0.175,0.105,0.314,0.142,0.173,0.707,589.954
22,COMPLETE,-9.582,1,330.000,0.6,12,,0.320,750.0,7000.000,2.0,4.000000e-05,0.120,0.300,0,10,10,0.418,0.003,0.009,0.564,0.374,0.516,213.585
23,COMPLETE,10.000,8,285.000,0.6,12,,0.580,750.0,3250.000,2.0,2.250000e-05,0.100,0.500,9,10,0,1.000,0.317,4.760,0.843,0.688,0.529,1202.084
24,COMPLETE,1.561,4,360.000,0.6,3,,0.280,750.0,4000.000,2.0,3.750000e-05,0.140,0.800,1,10,0,0.561,0.211,1.562,0.450,0.407,0.602,850.966
25,COMPLETE,1.327,8,105.000,0.6,2,,0.300,750.0,3500.000,2.0,3.500000e-05,0.130,0.000,1,10,0,0.327,0.100,0.263,0.265,0.302,0.681,662.144
26,COMPLETE,4.537,6,285.000,0.6,11,,0.600,750.0,5000.000,2.0,1.500000e-05,0.050,0.700,4,10,0,0.537,0.203,2.376,0.517,0.383,0.693,827.493
27,COMPLETE,-8.391,3,165.000,0.6,8,,0.480,750.0,5750.000,2.0,3.000000e-05,0.120,0.700,1,10,10,0.609,0.006,0.002,0.667,0.484,0.421,325.788
28,COMPLETE,-7.328,5,300.000,0.6,9,,0.580,750.0,6500.000,2.0,5.000000e-05,0.100,0.000,2,10,10,0.672,0.020,0.035,0.810,0.416,0.410,379.430
29,COMPLETE,-9.423,1,105.000,0.6,8,,0.420,750.0,6250.000,2.0,1.500000e-05,0.090,0.500,0,10,10,0.577,0.004,0.001,0.522,0.319,0.427,238.408
30,COMPLETE,-5.715,7,165.000,0.6,6,,0.400,750.0,5750.000,2.0,3.750000e-05,0.050,1.000,1,10,7,0.285,0.050,0.023,0.357,0.263,0.600,573.470
31,COMPLETE,1.264,5,255.000,0.6,8,,0.300,750.0,3500.000,2.0,3.000000e-05,0.050,0.700,1,10,0,0.264,0.225,1.958,0.236,0.238,0.655,858.760
32,COMPLETE,-2.168,1,255.000,0.6,10,,0.580,750.0,3250.000,2.0,3.500000e-05,0.130,0.900,7,10,10,0.832,0.027,0.031,0.741,0.639,0.596,259.003
33,COMPLETE,-9.837,2,105.000,0.6,3,,0.400,750.0,3750.000,2.0,1.500000e-05,0.060,0.300,0,10,10,0.163,0.028,0.016,0.136,0.238,0.786,316.375
34,COMPLETE,-9.427,1,105.000,0.6,9,,0.220,750.0,5750.000,2.0,2.750000e-05,0.080,0.600,0,10,10,0.573,0.004,0.001,0.476,0.407,0.499,237.413
35,COMPLETE,0.213,7,255.000,0.6,7,,0.420,750.0,7250.000,2.0,2.750000e-05,0.140,0.400,0,10,0,0.213,0.144,0.331,0.171,0.217,0.687,867.169
36,COMPLETE,-9.529,2,315.000,0.6,12,,0.180,750.0,6500.000,2.0,3.500000e-05,0.130,0.100,0,10,10,0.471,0.006,0.015,0.564,0.347,0.530,241.763
37,COMPLETE,2.403,6,270.000,0.6,9,,0.380,750.0,3750.000,2.0,3.000000e-05,0.060,0.600,2,10,0,0.403,0.250,2.343,0.347,0.308,0.553,950.328
38,COMPLETE,-9.615,2,150.000,0.6,3,,0.100,750.0,3000.000,2.0,6.000000e-05,0.060,0.400,0,10,10,0.385,0.002,0.002,0.435,0.261,0.695,289.568
39,COMPLETE,0.171,7,285.000,0.6,11,,0.340,750.0,6500.000,2.0,3.500000e-05,0.060,0.500,0,10,0,0.171,0.195,0.667,0.138,0.146,0.568,937.249
40,COMPLETE,-9.656,6,135.000,0.6,12,,0.460,750.0,5500.000,2.0,4.250000e-05,0.040,0.700,0,10,10,0.344,0.003,0.002,0.275,0.381,0.620,431.352
41,COMPLETE,8.896,3,345.000,0.6,2,,0.580,750.0,5000.000,2.0,1.000000e-05,0.090,1.000,8,10,0,0.896,0.140,1.833,0.780,0.718,0.668,626.444
42,COMPLETE,-9.562,3,120.000,0.6,2,,0.560,750.0,5750.000,2.0,3.250000e-05,0.050,0.800,0,10,10,0.438,0.008,0.001,0.434,0.389,0.545,361.426
43,COMPLETE,-8.770,4,135.000,0.6,8,,0.340,750.0,4500.000,2.0,1.500000e-05,0.110,0.600,0,10,9,0.230,0.066,0.259,0.184,0.183,0.626,550.848
44,COMPLETE,-8.523,4,75.000,0.6,3,,0.520,750.0,3750.000,2.0,2.250000e-05,0.130,0.400,1,10,10,0.477,0.026,0.001,0.407,0.323,0.540,381.019
45,COMPLETE,-8.344,8,195.000,0.6,12,,0.180,750.0,7500.000,2.0,4.000000e-05,0.110,1.000,1,10,10,0.656,0.011,0.006,0.676,0.461,0.535,496.730
46,COMPLETE,-5.426,4,345.000,0.6,8,,0.360,750.0,6000.000,2.0,4.750000e-05,0.050,0.300,4,10,10,0.574,0.015,0.079,0.712,0.403,0.585,344.897
47,COMPLETE,-9.515,8,60.000,0.6,10,,0.580,750.0,6250.000,2.0,3.750000e-05,0.070,0.700,0,10,10,0.485,0.019,0.001,0.431,0.375,0.584,592.151
48,COMPLETE,0.179,8,105.000,0.6,10,,0.120,750.0,3000.000,2.0,4.250000e-05,0.060,0.600,0,10,0,0.179,0.133,0.548,0.158,0.154,0.605,849.850
49,COMPLETE,0.217,8,300.000,0.6,10,,0.160,750.0,6500.000,2.0,1.500000e-05,0.050,0.100,0,10,0,0.217,0.226,1.965,0.174,0.202,0.688,977.938
50,COMPLETE,0.167,4,360.000,0.6,7,,0.260,750.0,3750.000,2.0,5.250000e-05,0.050,0.300,0,10,0,0.167,0.269,1.748,0.133,0.165,0.604,947.645
51,COMPLETE,-4.459,3,300.000,0.6,12,,0.600,750.0,4000.000,2.0,5.500000e-05,0.080,0.200,4,10,9,0.541,0.082,0.194,0.624,0.377,0.530,436.336
52,COMPLETE,-6.724,4,150.000,0.6,9,,0.420,750.0,3500.000,2.0,5.000000e-05,0.130,0.000,1,10,8,0.276,0.085,0.040,0.233,0.299,0.713,526.806
53,COMPLETE,-9.653,1,210.000,0.6,12,,0.140,750.0,4000.000,2.0,4.000000e-05,0.130,0.700,0,10,10,0.347,0.003,0.002,0.418,0.282,0.412,252.321
54,COMPLETE,1.724,6,330.000,0.6,8,,0.120,750.0,5500.000,2.0,1.250000e-05,0.140,0.800,1,10,0,0.724,0.193,1.880,0.580,0.541,0.555,896.230
55,COMPLETE,-3.832,2,225.000,0.6,5,,0.580,750.0,3500.000,2.0,2.500000e-05,0.060,0.100,0,10,4,0.168,0.091,0.402,0.138,0.160,0.643,565.557
56,COMPLETE,2.490,8,150.000,0.6,4,,0.320,750.0,4750.000,2.0,1.000000e-05,0.070,0.300,2,10,0,0.490,0.127,1.257,0.434,0.328,0.629,792.391
57,COMPLETE,-6.887,5,105.000,0.6,4,,0.260,750.0,3000.000,2.0,3.750000e-05,0.050,1.000,0,10,7,0.113,0.089,0.166,0.092,0.229,0.685,576.394
58,COMPLETE,0.137,7,210.000,0.6,12,,0.160,750.0,6750.000,2.0,2.250000e-05,0.040,0.700,0,10,0,0.137,0.139,0.470,0.121,0.183,0.684,793.736
59,COMPLETE,7.793,7,135.000,0.6,3,,0.480,750.0,3750.000,2.0,2.500000e-05,0.120,0.000,7,10,0,0.793,0.113,0.791,0.662,0.561,0.656,723.889
60,COMPLETE,0.271,5,300.000,0.6,2,,0.460,750.0,5000.000,2.0,2.500000e-05,0.070,0.800,0,10,0,0.271,0.191,1.437,0.231,0.191,0.657,827.572
61,COMPLETE,-8.746,5,120.000,0.6,4,,0.340,750.0,5500.000,2.0,1.500000e-05,0.090,1.000,1,10,10,0.254,0.060,0.102,0.216,0.329,0.685,650.921
62,COMPLETE,-9.352,6,120.000,0.6,10,,0.420,750.0,6750.000,2.0,5.250000e-05,0.140,0.400,0,10,10,0.648,0.027,0.001,0.536,0.441,0.484,467.569
63,COMPLETE,-9.376,2,135.000,0.6,11,,0.420,750.0,5000.000,2.0,3.750000e-05,0.130,0.400,0,10,10,0.624,0.012,0.001,0.499,0.478,0.543,287.633
64,COMPLETE,-8.762,1,315.000,0.6,4,,0.300,750.0,3500.000,2.0,2.000000e-05,0.040,1.000,1,10,10,0.238,0.077,0.354,0.209,0.285,0.680,385.876
65,COMPLETE,-6.172,3,300.000,0.6,8,,0.520,750.0,6750.000,2.0,3.000000e-05,0.140,1.000,3,10,10,0.828,0.018,0.026,0.717,0.678,0.518,336.266
66,COMPLETE,-9.341,6,60.000,0.6,2,,0.480,750.0,3500.000,2.0,5.250000e-05,0.120,0.800,0,10,10,0.659,0.023,0.001,0.527,0.454,0.561,421.389
67,COMPLETE,-9.751,6,75.000,0.6,5,,0.220,750.0,7500.000,2.0,4.000000e-05,0.040,0.000,0,10,10,0.249,0.016,0.001,0.242,0.173,0.741,439.281
68,COMPLETE,-6.406,7,330.000,0.6,4,,0.520,750.0,7500.000,2.0,5.250000e-05,0.060,0.800,3,10,10,0.594,0.011,0.064,0.741,0.342,0.537,445.677
69,COMPLETE,-6.583,3,270.000,0.6,12,,0.460,750.0,7500.000,2.0,2.000000e-05,0.130,0.700,3,10,10,0.417,0.046,0.024,0.355,0.387,0.623,429.344
70,COMPLETE,-9.490,2,180.000,0.6,10,,0.440,750.0,5750.000,2.0,6.000000e-05,0.080,0.600,0,10,10,0.510,0.005,0.001,0.471,0.450,0.464,274.075
71,COMPLETE,-9.407,3,60.000,0.6,3,,0.100,750.0,7000.000,2.0,3.250000e-05,0.080,0.700,0,10,10,0.593,0.006,0.001,0.481,0.466,0.430,305.046
72,COMPLETE,0.184,7,285.000,0.6,7,,0.380,750.0,6500.000,2.0,3.750000e-05,0.080,1.000,0,10,0,0.184,0.189,0.512,0.148,0.195,0.670,962.218
73,COMPLETE,4.617,7,240.000,0.6,5,,0.380,750.0,5750.000,2.0,2.250000e-05,0.090,1.000,4,10,0,0.617,0.166,1.167,0.518,0.468,0.607,875.127
74,COMPLETE,-8.373,2,285.000,0.6,2,,0.580,750.0,7500.000,2.0,4.250000e-05,0.130,0.900,1,10,10,0.627,0.003,0.008,0.709,0.511,0.401,249.944
75,COMPLETE,-6.505,3,360.000,0.6,11,,0.560,750.0,5750.000,2.0,3.750000e-05,0.070,0.900,2,10,9,0.495,0.101,0.191,0.488,0.428,0.480,464.850
76,COMPLETE,0.227,2,300.000,0.6,12,,0.340,750.0,4250.000,2.0,1.500000e-05,0.070,0.700,0,10,0,0.227,0.107,0.781,0.181,0.155,0.553,554.341
77,COMPLETE,-9.745,1,135.000,0.6,3,,0.180,750.0,4750.000,2.0,3.500000e-05,0.040,0.300,0,10,10,0.255,0.002,0.001,0.320,0.209,0.655,225.097
78,COMPLETE,0.296,8,165.000,0.6,11,,0.320,750.0,3500.000,2.0,4.250000e-05,0.090,0.600,0,10,0,0.296,0.185,1.125,0.240,0.232,0.584,982.661
79,COMPLETE,-9.503,5,135.000,0.6,12,,0.200,750.0,5500.000,2.0,3.750000e-05,0.140,0.700,0,10,10,0.497,0.014,0.001,0.421,0.432,0.502,407.479
80,COMPLETE,-8.388,1,150.000,0.6,12,,0.120,750.0,4750.000,2.0,4.000000e-05,0.130,0.900,1,10,10,0.612,0.006,0.001,0.501,0.500,0.549,239.756
81,COMPLETE,2.394,7,315.000,0.6,3,,0.480,750.0,4750.000,2.0,4.000000e-05,0.090,0.100,2,10,0,0.394,0.266,2.032,0.331,0.310,0.629,1029.289
82,COMPLETE,-8.442,3,105.000,0.6,10,,0.160,750.0,7000.000,2.0,1.750000e-05,0.070,0.700,1,10,10,0.558,0.009,0.001,0.478,0.485,0.448,347.291
83,COMPLETE,1.418,6,315.000,0.6,12,,0.180,750.0,4000.000,2.0,3.500000e-05,0.130,0.100,1,10,0,0.418,0.250,2.070,0.342,0.330,0.545,979.510
84,COMPLETE,-4.573,6,120.000,0.6,5,,0.580,750.0,4500.000,2.0,4.000000e-05,0.140,0.700,2,10,7,0.427,0.066,0.006,0.391,0.331,0.648,577.155
85,COMPLETE,1.301,8,330.000,0.6,6,,0.440,750.0,7250.000,2.0,2.750000e-05,0.070,0.500,1,10,0,0.301,0.221,1.278,0.252,0.244,0.595,1036.570
86,COMPLETE,-9.504,1,135.000,0.6,12,,0.140,750.0,5500.000,2.0,4.250000e-05,0.140,0.000,0,10,10,0.496,0.006,0.001,0.413,0.412,0.507,232.778
87,COMPLETE,-9.424,5,75.000,0.6,9,,0.160,750.0,7500.000,2.0,5.000000e-05,0.100,1.000,0,10,10,0.576,0.012,0.001,0.487,0.479,0.532,396.776
88,COMPLETE,9.935,8,330.000,0.6,5,,0.460,750.0,5750.000,2.0,2.000000e-05,0.080,0.900,9,10,0,0.935,0.257,2.984,0.792,0.739,0.551,1058.071
89,COMPLETE,-9.698,2,105.000,0.6,7,,0.220,750.0,6500.000,2.0,3.500000e-05,0.040,0.300,0,10,10,0.302,0.008,0.001,0.264,0.264,0.615,345.078
90,COMPLETE,-9.687,5,90.000,0.6,9,,0.600,750.0,7250.000,2.0,4.000000e-05,0.040,0.100,0,10,10,0.313,0.012,0.001,0.276,0.249,0.700,408.592
91,COMPLETE,-9.379,2,90.000,0.6,8,,0.280,750.0,3750.000,2.0,5.750000e-05,0.120,0.800,0,10,10,0.621,0.010,0.001,0.511,0.467,0.457,281.736
92,COMPLETE,-7.568,3,255.000,0.6,8,,0.460,750.0,6500.000,2.0,5.500000e-05,0.070,0.900,2,10,10,0.432,0.003,0.013,0.576,0.327,0.587,281.098
93,COMPLETE,0.171,8,240.000,0.6,6,,0.160,750.0,4500.000,2.0,4.250000e-05,0.050,0.500,0,10,0,0.171,0.241,1.467,0.138,0.165,0.604,1036.391
94,COMPLETE,-8.298,1,225.000,0.6,7,,0.280,750.0,6750.000,2.0,1.250000e-05,0.130,0.900,1,10,10,0.702,0.006,0.004,0.583,0.512,0.568,227.106
95,COMPLETE,-9.712,2,60.000,0.6,12,,0.480,750.0,3750.000,2.0,4.500000e-05,0.040,0.800,0,10,10,0.288,0.007,0.001,0.269,0.238,0.631,272.619
96,COMPLETE,4.624,7,345.000,0.6,5,,0.320,750.0,4750.000,2.0,4.250000e-05,0.090,1.000,4,10,0,0.624,0.286,2.288,0.532,0.497,0.574,1093.473
97,COMPLETE,9.999,7,360.000,0.6,12,,0.520,750.0,4750.000,2.0,2.000000e-05,0.120,0.000,9,10,0,0.999,0.265,3.537,0.841,0.705,0.511,1142.430
98,COMPLETE,-8.501,3,360.000,0.6,11,,0.240,750.0,6500.000,2.0,5.000000e-05,0.120,0.200,1,10,10,0.499,0.011,0.032,0.669,0.276,0.557,299.362
99,COMPLETE,0.202,5,210.000,0.6,3,,0.100,750.0,5250.000,2.0,1.500000e-05,0.070,0.900,0,10,0,0.202,0.120,0.801,0.162,0.205,0.606,704.104
100,COMPLETE,-4.632,4,300.000,0.6,3,,0.200,750.0,4250.000,2.0,6.000000e-05,0.110,0.900,2,10,7,0.368,0.182,0.373,0.317,0.350,0.648,737.764
101,COMPLETE,0.243,5,345.000,0.6,12,,0.300,750.0,4500.000,2.0,3.250000e-05,0.100,0.300,0,10,0,0.243,0.232,1.750,0.194,0.193,0.643,921.219
102,COMPLETE,-9.609,1,165.000,0.6,12,,0.100,750.0,5750.000,2.0,2.500000e-05,0.080,0.500,0,10,10,0.391,0.004,0.001,0.412,0.351,0.634,227.146
103,COMPLETE,-8.584,2,180.000,0.6,12,,0.140,750.0,5250.000,2.0,6.000000e-05,0.060,1.000,1,10,10,0.416,0.003,0.001,0.419,0.517,0.573,269.512
104,COMPLETE,-9.611,7,165.000,0.6,12,,0.200,750.0,5500.000,2.0,5.500000e-05,0.060,0.900,0,10,10,0.389,0.003,0.003,0.469,0.400,0.594,433.693
105,COMPLETE,-1.744,7,165.000,0.6,5,,0.600,750.0,6000.000,2.0,2.750000e-05,0.120,1.000,1,10,3,0.256,0.107,0.138,0.215,0.311,0.683,743.071
106,COMPLETE,0.262,4,360.000,0.6,10,,0.300,750.0,4250.000,2.0,3.500000e-05,0.090,0.200,0,10,0,0.262,0.219,1.560,0.210,0.218,0.562,875.417
107,COMPLETE,-9.461,7,60.000,0.6,2,,0.260,750.0,5250.000,2.0,2.500000e-05,0.140,0.200,0,10,10,0.539,0.021,0.001,0.443,0.429,0.508,445.095
108,COMPLETE,-6.144,1,330.000,0.6,4,,0.300,750.0,5000.000,2.0,2.250000e-05,0.130,0.300,3,10,10,0.856,0.014,0.018,0.707,0.613,0.504,308.584
109,COMPLETE,-6.846,1,315.000,0.6,8,,0.120,750.0,3250.000,2.0,2.250000e-05,0.070,0.700,0,10,7,0.154,0.080,0.365,0.124,0.207,0.673,458.191
110,COMPLETE,-9.757,1,285.000,0.6,10,,0.180,750.0,7500.000,2.0,4.000000e-05,0.130,0.600,0,10,10,0.243,0.003,0.004,0.422,0.195,0.485,252.853
111,COMPLETE,1.522,8,285.000,0.6,8,,0.180,750.0,5500.000,2.0,1.000000e-05,0.110,0.000,1,10,0,0.522,0.209,2.209,0.441,0.382,0.539,1012.035
112,COMPLETE,2.445,5,330.000,0.6,3,,0.460,750.0,4250.000,2.0,2.250000e-05,0.070,0.700,2,10,0,0.445,0.239,2.459,0.401,0.299,0.614,899.702
113,COMPLETE,-0.805,7,195.000,0.6,10,,0.580,750.0,5750.000,2.0,3.250000e-05,0.140,0.500,0,10,1,0.195,0.133,0.253,0.156,0.191,0.658,819.203
114,COMPLETE,2.702,8,360.000,0.6,5,,0.180,750.0,3250.000,2.0,1.500000e-05,0.090,0.400,2,10,0,0.702,0.399,4.790,0.573,0.501,0.589,1274.365
115,COMPLETE,1.385,6,180.000,0.6,5,,0.420,750.0,7250.000,2.0,1.250000e-05,0.120,0.100,1,10,0,0.385,0.083,0.323,0.325,0.344,0.722,663.704
116,COMPLETE,0.179,5,270.000,0.6,6,,0.380,750.0,5750.000,2.0,3.000000e-05,0.090,0.400,0,10,0,0.179,0.152,0.532,0.143,0.191,0.655,796.867
117,COMPLETE,0.252,3,300.000,0.6,11,,0.480,750.0,3000.000,2.0,4.500000e-05,0.080,0.700,0,10,0,0.252,0.196,1.390,0.209,0.189,0.595,781.774
118,COMPLETE,-9.726,1,225.000,0.6,4,,0.160,750.0,3250.000,2.0,3.000000e-05,0.110,0.500,0,10,10,0.274,0.035,0.023,0.290,0.297,0.581,271.434
119,COMPLETE,2.418,2,285.000,0.6,7,,0.300,750.0,3500.000,2.0,1.000000e-05,0.110,0.000,2,10,0,0.418,0.105,1.043,0.340,0.340,0.616,528.585
120,COMPLETE,-9.438,3,165.000,0.6,10,,0.600,750.0,7500.000,2.0,3.250000e-05,0.130,0.300,0,10,10,0.562,0.013,0.001,0.449,0.451,0.497,316.362
121,COMPLETE,-3.338,8,75.000,0.6,6,,0.220,750.0,3750.000,2.0,1.000000e-05,0.060,1.000,4,10,8,0.662,0.071,0.596,0.593,0.535,0.626,606.037
122,COMPLETE,-9.562,1,120.000,0.6,4,,0.120,750.0,7500.000,2.0,1.000000e-05,0.060,0.700,0,10,10,0.438,0.004,0.001,0.413,0.352,0.589,272.505
123,COMPLETE,-7.500,2,240.000,0.6,2,,0.160,750.0,6750.000,2.0,4.250000e-05,0.080,0.400,2,10,10,0.500,0.003,0.003,0.464,0.349,0.419,261.336
124,COMPLETE,1.624,7,270.000,0.6,2,,0.100,750.0,4000.000,2.0,2.750000e-05,0.140,0.900,1,10,0,0.624,0.233,2.059,0.502,0.504,0.552,948.258
125,COMPLETE,2.382,8,240.000,0.6,9,,0.280,750.0,6500.000,2.0,3.000000e-05,0.140,1.000,2,10,0,0.382,0.165,0.615,0.321,0.347,0.622,973.590
126,COMPLETE,0.226,8,285.000,0.6,12,,0.100,750.0,3250.000,2.0,2.250000e-05,0.050,0.900,0,10,0,0.226,0.353,3.676,0.194,0.171,0.593,1111.803
127,COMPLETE,0.157,3,240.000,0.6,7,,0.280,750.0,4750.000,2.0,2.000000e-05,0.070,0.000,0,10,0,0.157,0.104,0.484,0.125,0.180,0.737,684.371
128,COMPLETE,-9.407,1,105.000,0.6,10,,0.520,750.0,7500.000,2.0,5.750000e-05,0.090,0.100,0,10,10,0.593,0.004,0.001,0.565,0.392,0.467,322.318
129,COMPLETE,-0.829,5,180.000,0.6,9,,0.560,750.0,6500.000,2.0,1.500000e-05,0.040,0.500,0,10,1,0.171,0.091,0.311,0.152,0.149,0.597,709.013
130,COMPLETE,-9.750,3,270.000,0.6,8,,0.300,750.0,5000.000,2.0,5.750000e-05,0.040,0.400,0,10,10,0.250,0.004,0.019,0.457,0.261,0.640,346.730
131,COMPLETE,-9.465,4,90.000,0.6,10,,0.320,750.0,5750.000,2.0,3.000000e-05,0.090,0.300,0,10,10,0.535,0.017,0.001,0.526,0.406,0.428,464.336
132,COMPLETE,0.188,5,345.000,0.6,5,,0.120,750.0,5000.000,2.0,3.750000e-05,0.090,0.600,0,10,0,0.188,0.221,1.267,0.155,0.173,0.628,985.944
133,COMPLETE,-9.406,6,120.000,0.6,9,,0.300,750.0,4750.000,2.0,6.000000e-05,0.090,0.600,0,10,10,0.594,0.019,0.001,0.512,0.440,0.545,543.681
134,COMPLETE,-9.353,7,60.000,0.6,3,,0.380,750.0,7250.000,2.0,4.250000e-05,0.110,0.900,0,10,10,0.647,0.016,0.001,0.518,0.480,0.465,549.750
135,COMPLETE,0.218,3,345.000,0.6,5,,0.600,750.0,3500.000,2.0,6.000000e-05,0.040,0.600,0,10,0,0.218,0.220,1.095,0.191,0.165,0.635,767.452
136,COMPLETE,-9.616,2,195.000,0.6,12,,0.260,750.0,6500.000,2.0,2.750000e-05,0.110,0.800,0,10,10,0.384,0.007,0.003,0.348,0.331,0.488,324.578
137,COMPLETE,-8.715,1,210.000,0.6,7,,0.460,750.0,3000.000,2.0,2.750000e-05,0.080,0.200,1,10,10,0.285,0.043,0.049,0.292,0.254,0.666,397.651
138,COMPLETE,-8.453,5,315.000,0.6,11,,0.100,750.0,6750.000,2.0,5.750000e-05,0.120,0.500,1,10,10,0.547,0.013,0.039,0.543,0.376,0.682,434.184
139,COMPLETE,0.140,4,210.000,0.6,2,,0.140,750.0,3000.000,2.0,2.250000e-05,0.040,0.200,0,10,0,0.140,0.168,1.451,0.130,0.145,0.748,746.912
140,COMPLETE,0.245,5,315.000,0.6,7,,0.460,750.0,5750.000,2.0,2.500000e-05,0.080,0.100,0,10,0,0.245,0.175,1.094,0.207,0.187,0.595,919.471
141,COMPLETE,4.771,8,225.000,0.6,8,,0.380,750.0,6000.000,2.0,2.000000e-05,0.120,0.900,4,10,0,0.771,0.157,1.180,0.623,0.604,0.481,977.597
142,COMPLETE,2.388,3,345.000,0.6,9,,0.520,750.0,5000.000,2.0,3.000000e-05,0.140,0.800,2,10,0,0.388,0.136,0.616,0.326,0.310,0.655,776.734
143,COMPLETE,-7.401,3,270.000,0.6,3,,0.540,750.0,6750.000,2.0,5.250000e-05,0.120,0.800,2,10,10,0.599,0.006,0.017,0.715,0.365,0.515,355.460
144,COMPLETE,0.172,4,345.000,0.6,4,,0.180,750.0,5000.000,2.0,3.250000e-05,0.050,0.800,0,10,0,0.172,0.198,1.130,0.139,0.159,0.596,849.415
145,COMPLETE,0.194,2,345.000,0.6,5,,0.160,750.0,5750.000,2.0,1.500000e-05,0.120,0.500,0,10,0,0.194,0.088,0.396,0.155,0.198,0.684,582.426
146,COMPLETE,-9.692,1,165.000,0.6,11,,0.340,750.0,3500.000,2.0,5.500000e-05,0.050,0.800,0,10,10,0.308,0.001,0.002,0.316,0.412,0.723,262.219
147,COMPLETE,-9.365,5,105.000,0.6,12,,0.340,750.0,5250.000,2.0,5.250000e-05,0.140,1.000,0,10,10,0.635,0.027,0.001,0.508,0.538,0.456,462.936
148,COMPLETE,1.320,4,225.000,0.6,7,,0.300,750.0,7500.000,2.0,1.000000e-05,0.130,0.800,1,10,0,0.320,0.073,0.315,0.258,0.323,0.617,638.601
149,COMPLETE,-9.565,4,255.000,0.6,6,,0.340,750.0,6000.000,2.0,5.250000e-05,0.100,0.300,0,10,10,0.435,0.005,0.015,0.656,0.284,0.546,359.417
150,COMPLETE,-9.412,3,135.000,0.6,7,,0.440,750.0,7250.000,2.0,4.250000e-05,0.120,0.800,0,10,10,0.588,0.013,0.001,0.471,0.433,0.434,392.598
151,COMPLETE,-9.533,8,60.000,0.6,9,,0.420,750.0,4750.000,2.0,2.500000e-05,0.080,0.700,0,10,10,0.467,0.025,0.001,0.399,0.406,0.593,554.356
152,COMPLETE,-8.555,1,285.000,0.6,10,,0.140,750.0,3250.000,2.0,5.500000e-05,0.130,0.400,1,10,10,0.445,0.006,0.023,0.408,0.422,0.566,257.758
153,COMPLETE,-9.467,2,315.000,0.6,9,,0.360,750.0,3250.000,2.0,5.750000e-05,0.060,0.300,0,10,10,0.533,0.013,0.087,0.720,0.291,0.598,325.050
154,COMPLETE,3.465,7,150.000,0.6,5,,0.540,750.0,3000.000,2.0,5.250000e-05,0.100,0.900,3,10,0,0.465,0.165,0.885,0.398,0.396,0.700,971.738
155,COMPLETE,5.646,8,210.000,0.6,3,,0.480,750.0,5500.000,2.0,2.000000e-05,0.080,0.300,5,10,0,0.646,0.166,1.403,0.558,0.449,0.678,945.112
156,COMPLETE,0.620,7,360.000,0.6,2,,0.160,750.0,4250.000,2.0,1.250000e-05,0.120,0.300,0,10,0,0.620,0.287,3.226,0.496,0.468,0.557,1123.118
157,COMPLETE,3.664,8,330.000,0.6,10,,0.580,750.0,3000.000,2.0,5.000000e-05,0.050,0.000,3,10,0,0.664,0.379,4.833,0.740,0.373,0.665,1215.340
158,COMPLETE,-7.399,2,270.000,0.6,6,,0.580,750.0,7500.000,2.0,4.500000e-05,0.080,1.000,2,10,10,0.601,0.003,0.006,0.652,0.522,0.484,304.976
159,COMPLETE,-9.393,6,105.000,0.6,4,,0.400,750.0,6750.000,2.0,3.250000e-05,0.090,0.000,0,10,10,0.607,0.024,0.001,0.518,0.431,0.470,503.563
160,COMPLETE,-9.585,3,150.000,0.6,10,,0.440,750.0,7000.000,2.0,2.250000e-05,0.080,0.300,0,10,10,0.415,0.007,0.001,0.393,0.449,0.480,387.457
161,COMPLETE,3.530,8,135.000,0.6,9,,0.520,750.0,5000.000,2.0,2.500000e-05,0.140,0.200,3,10,0,0.530,0.107,0.387,0.449,0.420,0.609,865.634
162,COMPLETE,0.196,3,345.000,0.6,10,,0.360,750.0,3500.000,2.0,4.250000e-05,0.060,0.100,0,10,0,0.196,0.213,1.457,0.173,0.177,0.588,869.267
163,COMPLETE,-9.459,5,165.000,0.6,6,,0.140,750.0,6750.000,2.0,4.750000e-05,0.100,0.000,0,10,10,0.541,0.009,0.002,0.525,0.449,0.585,425.230
164,COMPLETE,-9.670,6,195.000,0.6,8,,0.580,750.0,5750.000,2.0,5.750000e-05,0.060,0.400,0,10,10,0.330,0.005,0.007,0.540,0.246,0.775,487.148
165,COMPLETE,0.152,8,120.000,0.6,9,,0.300,750.0,5000.000,2.0,2.500000e-05,0.110,0.100,0,10,0,0.152,0.099,0.225,0.123,0.198,0.604,817.655
166,COMPLETE,-9.436,4,60.000,0.6,2,,0.340,750.0,6250.000,2.0,1.000000e-05,0.130,0.200,0,10,10,0.564,0.008,0.001,0.482,0.403,0.505,431.734
167,COMPLETE,6.919,8,360.000,0.6,6,,0.380,750.0,6500.000,2.0,2.500000e-05,0.130,0.900,6,10,0,0.919,0.236,2.141,0.763,0.727,0.615,1087.754
168,COMPLETE,7.994,6,360.000,0.6,6,,0.520,750.0,5000.000,2.0,2.000000e-05,0.120,0.300,7,10,0,0.994,0.234,2.929,0.815,0.756,0.534,982.173
169,COMPLETE,2.430,8,285.000,0.6,9,,0.360,750.0,6500.000,2.0,1.250000e-05,0.040,1.000,2,10,0,0.430,0.204,2.021,0.407,0.351,0.673,994.573
170,COMPLETE,0.174,4,360.000,0.6,5,,0.360,750.0,4750.000,2.0,4.000000e-05,0.060,0.200,0,10,0,0.174,0.212,1.145,0.159,0.166,0.690,927.398
171,COMPLETE,1.332,6,330.000,0.6,5,,0.380,750.0,4000.000,2.0,6.000000e-05,0.090,0.200,1,10,0,0.332,0.277,1.740,0.270,0.255,0.600,1112.339
172,COMPLETE,3.522,8,285.000,0.6,4,,0.420,750.0,6000.000,2.0,2.250000e-05,0.070,0.200,3,10,0,0.522,0.217,1.847,0.442,0.395,0.551,1066.051
173,COMPLETE,-9.482,6,75.000,0.6,10,,0.120,750.0,6000.000,2.0,5.750000e-05,0.080,0.200,0,10,10,0.518,0.018,0.001,0.466,0.385,0.553,513.727
174,COMPLETE,-8.564,2,285.000,0.6,9,,0.200,750.0,7000.000,2.0,4.250000e-05,0.070,0.400,1,10,10,0.436,0.002,0.006,0.539,0.349,0.498,313.720
175,COMPLETE,1.318,7,300.000,0.6,5,,0.360,750.0,4750.000,2.0,3.000000e-05,0.050,0.900,1,10,0,0.318,0.265,2.264,0.283,0.267,0.661,1066.105
176,COMPLETE,-9.537,1,270.000,0.6,9,,0.400,750.0,4000.000,2.0,3.500000e-05,0.140,0.400,0,10,10,0.463,0.005,0.017,0.649,0.291,0.674,268.103
177,COMPLETE,0.202,5,210.000,0.6,11,,0.460,750.0,3000.000,2.0,5.000000e-05,0.040,0.300,0,10,0,0.202,0.205,1.326,0.179,0.151,0.688,920.793
178,COMPLETE,-9.772,5,135.000,0.6,5,,0.540,750.0,5750.000,2.0,2.750000e-05,0.050,0.000,0,10,10,0.228,0.022,0.001,0.289,0.249,0.709,508.599
179,COMPLETE,0.185,4,285.000,0.6,8,,0.200,750.0,3500.000,2.0,6.000000e-05,0.070,0.600,0,10,0,0.185,0.217,0.999,0.152,0.151,0.712,924.258
180,COMPLETE,1.523,7,225.000,0.6,3,,0.140,750.0,6750.000,2.0,1.000000e-05,0.130,0.700,1,10,0,0.523,0.116,0.918,0.421,0.410,0.625,826.876
181,COMPLETE,-9.639,2,165.000,0.6,10,,0.560,750.0,6000.000,2.0,5.250000e-05,0.060,0.300,0,10,10,0.361,0.009,0.002,0.363,0.247,0.615,328.393
182,COMPLETE,0.255,6,240.000,0.6,7,,0.540,750.0,4250.000,2.0,4.750000e-05,0.140,0.100,0,10,0,0.255,0.183,0.737,0.206,0.201,0.549,976.185
183,COMPLETE,-9.412,7,75.000,0.6,8,,0.520,750.0,7500.000,2.0,1.750000e-05,0.070,0.000,0,10,10,0.588,0.021,0.001,0.488,0.455,0.425,518.842
184,COMPLETE,-9.465,1,150.000,0.6,2,,0.480,750.0,5500.000,2.0,2.500000e-05,0.120,0.800,0,10,10,0.535,0.005,0.001,0.448,0.521,0.457,332.745
185,COMPLETE,-8.639,2,135.000,0.6,5,,0.140,750.0,4000.000,2.0,2.750000e-05,0.070,1.000,1,10,10,0.361,0.009,0.001,0.309,0.392,0.581,359.040
186,COMPLETE,2.398,7,315.000,0.6,7,,0.380,750.0,3750.000,2.0,5.750000e-05,0.050,1.000,2,10,0,0.398,0.333,2.717,0.358,0.357,0.669,1208.666
187,COMPLETE,-8.569,2,165.000,0.6,11,,0.480,750.0,6000.000,2.0,5.750000e-05,0.070,0.300,1,10,10,0.431,0.006,0.001,0.532,0.330,0.549,376.625
188,COMPLETE,-9.368,6,60.000,0.6,7,,0.580,750.0,5500.000,2.0,2.000000e-05,0.140,0.600,0,10,10,0.632,0.015,0.001,0.509,0.445,0.505,513.051
189,COMPLETE,-9.713,3,135.000,0.6,7,,0.440,750.0,3750.000,2.0,5.000000e-05,0.080,0.600,0,10,10,0.287,0.010,0.001,0.325,0.269,0.505,330.406
190,COMPLETE,-7.628,2,165.000,0.6,10,,0.100,750.0,4500.000,2.0,2.500000e-05,0.090,0.800,2,10,10,0.372,0.021,0.006,0.409,0.319,0.522,340.143
191,COMPLETE,-9.646,3,135.000,0.6,6,,0.260,750.0,6250.000,2.0,4.000000e-05,0.040,0.000,0,10,10,0.354,0.008,0.001,0.396,0.292,0.716,395.804
192,COMPLETE,-6.484,2,225.000,0.6,5,,0.320,750.0,6250.000,2.0,3.500000e-05,0.070,0.800,3,10,10,0.516,0.002,0.005,0.435,0.504,0.472,338.921
193,COMPLETE,1.316,8,315.000,0.6,9,,0.280,750.0,6000.000,2.0,2.500000e-05,0.080,0.200,1,10,0,0.316,0.235,1.809,0.263,0.249,0.555,1088.014
194,COMPLETE,-9.390,2,150.000,0.6,6,,0.540,750.0,5500.000,2.0,3.750000e-05,0.140,0.900,0,10,10,0.610,0.011,0.001,0.531,0.418,0.481,316.936
195,COMPLETE,-9.334,1,165.000,0.6,11,,0.400,750.0,7250.000,2.0,4.750000e-05,0.140,0.900,0,10,10,0.666,0.006,0.002,0.539,0.437,0.524,304.920
196,COMPLETE,-4.867,4,150.000,0.6,6,,0.200,750.0,3500.000,2.0,4.000000e-05,0.060,0.500,0,10,5,0.133,0.104,0.174,0.108,0.166,0.644,664.973
197,COMPLETE,-7.753,2,330.000,0.6,7,,0.120,750.0,4000.000,2.0,4.250000e-05,0.120,1.000,1,10,9,0.247,0.124,0.261,0.208,0.312,0.637,644.312
198,COMPLETE,1.353,6,180.000,0.6,9,,0.160,750.0,5750.000,2.0,1.250000e-05,0.110,0.100,1,10,0,0.353,0.100,0.652,0.283,0.284,0.615,730.598
199,COMPLETE,0.341,8,300.000,0.6,10,,0.260,750.0,3250.000,2.0,2.500000e-05,0.070,0.400,0,10,0,0.341,0.351,3.784,0.290,0.258,0.604,1260.219
200,COMPLETE,4.641,4,270.000,0.6,3,,0.540,750.0,5500.000,2.0,1.250000e-05,0.100,0.400,4,10,0,0.641,0.118,1.115,0.555,0.486,0.577,730.298
201,COMPLETE,-9.385,6,60.000,0.6,2,,0.320,750.0,3000.000,2.0,5.500000e-05,0.110,0.400,0,10,10,0.615,0.024,0.001,0.526,0.438,0.507,439.896
202,COMPLETE,-9.537,3,315.000,0.6,12,,0.220,750.0,6750.000,2.0,5.500000e-05,0.100,0.800,0,10,10,0.463,0.007,0.022,0.514,0.467,0.543,365.380
203,COMPLETE,-8.709,6,150.000,0.6,7,,0.500,750.0,6000.000,2.0,6.000000e-05,0.040,0.600,0,10,9,0.291,0.007,0.001,0.495,0.253,0.763,406.894
204,COMPLETE,1.418,8,315.000,0.6,10,,0.160,750.0,3000.000,2.0,4.000000e-05,0.060,0.900,1,10,0,0.418,0.407,4.150,0.359,0.282,0.622,1357.733
205,COMPLETE,-5.842,6,225.000,0.6,10,,0.100,750.0,5000.000,2.0,4.750000e-05,0.140,0.900,0,10,6,0.158,0.157,0.238,0.127,0.179,0.665,870.850
206,COMPLETE,9.955,8,180.000,0.6,8,,0.520,750.0,3000.000,2.0,1.500000e-05,0.080,0.200,9,10,0,0.955,0.214,3.093,0.833,0.696,0.540,1022.011
207,COMPLETE,-9.643,1,240.000,0.6,11,,0.200,750.0,4000.000,2.0,3.000000e-05,0.050,0.100,0,10,10,0.357,0.002,0.008,0.405,0.320,0.500,297.607
208,COMPLETE,-9.662,2,360.000,0.6,3,,0.300,750.0,7000.000,2.0,3.250000e-05,0.050,0.500,0,10,10,0.338,0.005,0.031,0.535,0.245,0.630,312.975
209,COMPLETE,-7.654,4,255.000,0.6,9,,0.300,750.0,5500.000,2.0,4.000000e-05,0.100,0.200,2,10,10,0.346,0.090,0.064,0.347,0.294,0.629,565.391
210,COMPLETE,-9.396,1,105.000,0.6,3,,0.520,750.0,3250.000,2.0,5.000000e-05,0.080,0.700,0,10,10,0.604,0.007,0.001,0.506,0.456,0.530,311.951
211,COMPLETE,-7.569,6,315.000,0.6,8,,0.540,750.0,6500.000,2.0,5.250000e-05,0.050,0.100,2,10,10,0.431,0.037,0.078,0.688,0.251,0.588,497.723
212,COMPLETE,0.196,6,165.000,0.6,10,,0.360,750.0,3500.000,2.0,3.000000e-05,0.050,0.700,0,10,0,0.196,0.159,1.089,0.157,0.180,0.628,825.127
213,COMPLETE,-9.550,5,105.000,0.6,3,,0.200,750.0,5750.000,2.0,2.250000e-05,0.070,0.500,0,10,10,0.450,0.013,0.001,0.416,0.347,0.486,445.294
214,COMPLETE,0.195,6,210.000,0.6,5,,0.460,750.0,5500.000,2.0,2.750000e-05,0.080,0.400,0,10,0,0.195,0.140,0.529,0.156,0.192,0.660,851.995
215,COMPLETE,-9.492,2,360.000,0.6,3,,0.380,750.0,6500.000,2.0,4.750000e-05,0.100,0.600,0,10,10,0.508,0.006,0.024,0.533,0.376,0.461,299.061
216,COMPLETE,-9.492,2,105.000,0.6,7,,0.420,750.0,6250.000,2.0,2.250000e-05,0.110,0.600,0,10,10,0.508,0.009,0.001,0.435,0.437,0.505,376.092
217,COMPLETE,-9.841,2,195.000,0.6,11,,0.240,750.0,6250.000,2.0,1.500000e-05,0.050,1.000,0,10,10,0.159,0.022,0.015,0.187,0.154,0.615,364.684
218,COMPLETE,-9.661,1,345.000,0.6,10,,0.320,750.0,7000.000,2.0,3.250000e-05,0.140,0.500,0,10,10,0.339,0.004,0.009,0.379,0.444,0.459,283.797
219,COMPLETE,-9.479,1,75.000,0.6,12,,0.260,750.0,4250.000,2.0,3.750000e-05,0.070,0.800,0,10,10,0.521,0.004,0.001,0.444,0.352,0.519,311.961
220,COMPLETE,-9.546,3,120.000,0.6,10,,0.460,750.0,3000.000,2.0,4.750000e-05,0.140,0.500,0,10,10,0.454,0.028,0.003,0.381,0.318,0.566,467.229
221,COMPLETE,-9.760,2,300.000,0.6,9,,0.540,750.0,7250.000,2.0,2.000000e-05,0.070,0.000,0,10,10,0.240,0.011,0.017,0.424,0.142,0.527,372.464
222,COMPLETE,0.165,4,300.000,0.6,8,,0.180,750.0,3500.000,2.0,5.500000e-05,0.050,0.100,0,10,0,0.165,0.234,1.320,0.136,0.148,0.659,900.907
223,COMPLETE,-4.808,1,330.000,0.6,5,,0.460,750.0,3500.000,2.0,1.000000e-05,0.040,0.000,0,10,5,0.192,0.084,0.743,0.178,0.128,0.671,422.467
224,COMPLETE,-3.213,5,360.000,0.6,4,,0.560,750.0,6750.000,2.0,5.250000e-05,0.100,0.700,6,10,10,0.787,0.067,0.105,0.716,0.602,0.596,528.467
225,COMPLETE,-9.529,1,330.000,0.6,3,,0.100,750.0,5750.000,2.0,5.500000e-05,0.070,0.600,0,10,10,0.471,0.003,0.015,0.583,0.316,0.507,267.147
226,COMPLETE,-7.454,2,300.000,0.6,10,,0.180,750.0,6000.000,2.0,2.750000e-05,0.060,0.900,2,10,10,0.546,0.013,0.021,0.579,0.511,0.584,308.093
227,COMPLETE,0.220,8,150.000,0.6,9,,0.480,750.0,5500.000,2.0,2.500000e-05,0.140,0.300,0,10,0,0.220,0.114,0.317,0.176,0.239,0.605,847.535
228,COMPLETE,-9.691,3,90.000,0.6,4,,0.260,750.0,3500.000,2.0,5.750000e-05,0.040,0.400,0,10,10,0.309,0.008,0.001,0.289,0.246,0.626,403.991
229,COMPLETE,4.567,6,255.000,0.6,2,,0.180,750.0,3500.000,2.0,3.000000e-05,0.100,0.700,4,10,0,0.567,0.223,2.013,0.484,0.464,0.575,991.941
230,COMPLETE,-9.475,4,90.000,0.6,9,,0.340,750.0,5250.000,2.0,4.500000e-05,0.100,0.700,0,10,10,0.525,0.019,0.001,0.421,0.498,0.597,465.220
231,COMPLETE,-9.310,4,105.000,0.6,9,,0.560,750.0,6750.000,2.0,3.500000e-05,0.140,0.600,0,10,10,0.690,0.013,0.001,0.609,0.425,0.479,453.058
232,COMPLETE,0.220,7,195.000,0.6,4,,0.300,750.0,5250.000,2.0,3.000000e-05,0.100,0.100,0,10,0,0.220,0.148,0.573,0.176,0.202,0.692,937.484
233,COMPLETE,-5.357,4,300.000,0.6,10,,0.360,750.0,6250.000,2.0,4.500000e-05,0.110,0.500,4,10,10,0.643,0.020,0.028,0.621,0.532,0.509,408.527
234,COMPLETE,-8.523,1,360.000,0.6,12,,0.140,750.0,7000.000,2.0,3.000000e-05,0.120,0.500,1,10,10,0.477,0.003,0.011,0.588,0.328,0.635,247.622
235,COMPLETE,-8.601,1,180.000,0.6,5,,0.500,750.0,3250.000,2.0,3.250000e-05,0.080,0.000,1,10,10,0.399,0.002,0.006,0.433,0.268,0.466,313.111
236,COMPLETE,0.159,7,240.000,0.6,7,,0.120,750.0,3750.000,2.0,4.500000e-05,0.050,0.600,0,10,0,0.159,0.258,1.789,0.127,0.166,0.640,1084.301
237,COMPLETE,-9.467,6,120.000,0.6,3,,0.420,750.0,5250.000,2.0,6.000000e-05,0.100,0.700,0,10,10,0.533,0.028,0.001,0.512,0.364,0.560,531.754
238,COMPLETE,-9.626,5,180.000,0.6,4,,0.480,750.0,6500.000,2.0,4.750000e-05,0.100,0.800,0,10,10,0.374,0.006,0.003,0.386,0.436,0.583,437.355
239,COMPLETE,-9.743,3,240.000,0.6,5,,0.540,750.0,4500.000,2.0,4.500000e-05,0.060,0.100,0,10,10,0.257,0.019,0.026,0.417,0.218,0.699,400.618
240,COMPLETE,0.200,6,270.000,0.6,6,,0.260,750.0,3500.000,2.0,4.000000e-05,0.050,0.300,0,10,0,0.200,0.271,2.231,0.175,0.155,0.676,1029.228
241,COMPLETE,-9.404,3,135.000,0.6,9,,0.320,750.0,4750.000,2.0,5.750000e-05,0.120,0.900,0,10,10,0.596,0.016,0.001,0.549,0.471,0.445,417.891
242,COMPLETE,-9.775,3,120.000,0.6,7,,0.300,750.0,3250.000,2.0,1.750000e-05,0.120,0.900,0,10,10,0.225,0.056,0.228,0.180,0.215,0.634,544.850
243,COMPLETE,-9.569,5,60.000,0.6,10,,0.300,750.0,3250.000,2.0,3.500000e-05,0.070,0.600,0,10,10,0.431,0.022,0.001,0.376,0.362,0.578,435.298
244,COMPLETE,8.932,8,345.000,0.6,9,,0.540,750.0,4750.000,2.0,6.000000e-05,0.140,0.200,8,10,0,0.932,0.289,2.179,0.792,0.668,0.589,1175.148
245,COMPLETE,-8.604,3,315.000,0.6,4,,0.180,750.0,5500.000,2.0,5.500000e-05,0.100,0.700,1,10,10,0.396,0.009,0.029,0.479,0.325,0.543,305.655
246,COMPLETE,-9.789,1,285.000,0.6,8,,0.420,750.0,6000.000,2.0,1.250000e-05,0.140,0.500,0,10,10,0.211,0.024,0.022,0.216,0.273,0.642,386.462
247,COMPLETE,1.321,5,135.000,0.6,5,,0.600,750.0,4000.000,2.0,1.750000e-05,0.060,0.300,1,10,0,0.321,0.092,0.592,0.277,0.245,0.634,708.415
248,COMPLETE,-9.507,2,75.000,0.6,8,,0.580,750.0,6250.000,2.0,5.500000e-05,0.070,0.600,0,10,10,0.493,0.006,0.001,0.407,0.423,0.509,337.826
249,COMPLETE,-9.554,5,75.000,0.6,8,,0.140,750.0,6250.000,2.0,3.500000e-05,0.050,0.500,0,10,10,0.446,0.010,0.001,0.412,0.293,0.596,429.324
250,COMPLETE,-8.774,4,135.000,0.6,10,,0.100,750.0,3500.000,2.0,4.500000e-05,0.140,0.200,1,10,10,0.226,0.081,0.028,0.191,0.283,0.676,590.058
251,COMPLETE,-8.544,3,180.000,0.6,10,,0.160,750.0,6000.000,2.0,3.500000e-05,0.100,0.800,1,10,10,0.456,0.005,0.003,0.479,0.328,0.632,381.365
252,COMPLETE,-4.737,2,345.000,0.6,8,,0.260,750.0,3250.000,2.0,6.000000e-05,0.100,0.700,1,10,6,0.263,0.160,0.464,0.215,0.267,0.635,687.562
253,COMPLETE,-9.530,6,135.000,0.6,10,,0.140,750.0,6500.000,2.0,3.250000e-05,0.070,0.500,0,10,10,0.470,0.008,0.001,0.493,0.340,0.369,477.617
254,COMPLETE,11.000,8,225.000,0.6,4,,0.580,750.0,5000.000,2.0,3.000000e-05,0.140,0.500,10,10,0,1.000,0.180,1.550,0.861,0.739,0.584,1011.020
255,COMPLETE,-8.598,5,315.000,0.6,2,,0.200,750.0,6000.000,2.0,5.750000e-05,0.100,0.600,1,10,10,0.402,0.033,0.046,0.523,0.312,0.584,482.479
256,COMPLETE,0.174,3,315.000,0.6,4,,0.160,750.0,3000.000,2.0,4.500000e-05,0.040,0.100,0,10,0,0.174,0.227,1.647,0.140,0.171,0.710,837.605
257,COMPLETE,0.200,4,225.000,0.6,3,,0.120,750.0,3250.000,2.0,1.000000e-05,0.070,0.900,0,10,0,0.200,0.161,1.658,0.160,0.216,0.629,796.680
258,COMPLETE,-9.656,3,330.000,0.6,11,,0.280,750.0,7000.000,2.0,4.000000e-05,0.040,0.500,0,10,10,0.344,0.005,0.023,0.328,0.253,0.609,380.581
259,COMPLETE,-9.591,7,90.000,0.6,3,,0.440,750.0,4500.000,2.0,5.500000e-05,0.050,0.100,0,10,10,0.409,0.029,0.001,0.380,0.323,0.639,522.050
260,COMPLETE,-7.541,7,210.000,0.6,5,,0.580,750.0,7250.000,2.0,6.000000e-05,0.130,0.000,2,10,10,0.459,0.008,0.007,0.569,0.369,0.648,502.181
261,COMPLETE,-6.404,3,315.000,0.6,7,,0.180,750.0,7500.000,2.0,5.500000e-05,0.090,0.200,3,10,10,0.596,0.005,0.016,0.833,0.333,0.599,333.791
262,COMPLETE,0.216,8,270.000,0.6,4,,0.160,750.0,5000.000,2.0,5.500000e-05,0.140,0.800,0,10,0,0.216,0.226,0.833,0.172,0.209,0.618,1144.728
263,COMPLETE,9.987,7,345.000,0.6,11,,0.400,750.0,3750.000,2.0,1.000000e-05,0.110,0.400,9,10,0,0.987,0.312,4.508,0.820,0.668,0.523,1178.220
264,COMPLETE,-9.819,1,315.000,0.6,10,,0.300,750.0,3750.000,2.0,2.250000e-05,0.100,0.400,0,10,10,0.181,0.067,0.182,0.150,0.159,0.578,448.091
265,COMPLETE,-9.321,1,75.000,0.6,3,,0.520,750.0,3750.000,2.0,1.250000e-05,0.120,0.300,0,10,10,0.679,0.004,0.001,0.591,0.425,0.533,294.393
266,COMPLETE,-9.672,3,135.000,0.6,3,,0.380,750.0,7250.000,2.0,3.250000e-05,0.040,0.600,0,10,10,0.328,0.010,0.001,0.331,0.242,0.544,358.129
267,COMPLETE,-8.544,4,210.000,0.6,5,,0.100,750.0,7000.000,2.0,4.250000e-05,0.080,1.000,1,10,10,0.456,0.003,0.005,0.495,0.632,0.412,414.125
268,COMPLETE,-7.564,6,210.000,0.6,3,,0.160,750.0,5000.000,2.0,5.500000e-05,0.140,0.200,2,10,10,0.436,0.075,0.026,0.437,0.409,0.532,588.734
269,COMPLETE,-8.682,2,165.000,0.6,10,,0.540,750.0,6000.000,2.0,3.000000e-05,0.050,0.200,1,10,10,0.318,0.004,0.001,0.429,0.208,0.508,313.247
270,COMPLETE,-9.716,1,300.000,0.6,11,,0.360,750.0,7000.000,2.0,6.000000e-05,0.060,0.400,0,10,10,0.284,0.002,0.005,0.502,0.265,0.575,298.295
271,COMPLETE,0.234,2,345.000,0.6,10,,0.480,750.0,3750.000,2.0,3.250000e-05,0.080,0.700,0,10,0,0.234,0.136,0.720,0.199,0.159,0.675,673.843
272,COMPLETE,-9.555,3,75.000,0.6,2,,0.180,750.0,6750.000,2.0,6.000000e-05,0.040,1.000,0,10,10,0.445,0.006,0.001,0.410,0.334,0.624,338.976
273,COMPLETE,-9.662,1,210.000,0.6,9,,0.180,750.0,5000.000,2.0,4.750000e-05,0.050,0.000,0,10,10,0.338,0.001,0.003,0.544,0.228,0.582,274.688
274,COMPLETE,0.191,5,240.000,0.6,3,,0.180,750.0,5500.000,2.0,2.750000e-05,0.140,0.900,0,10,0,0.191,0.129,0.429,0.153,0.228,0.624,787.328
275,COMPLETE,-9.386,2,120.000,0.6,8,,0.100,750.0,3500.000,2.0,5.750000e-05,0.140,0.300,0,10,10,0.614,0.012,0.001,0.509,0.431,0.472,345.364
276,COMPLETE,-3.292,8,210.000,0.6,9,,0.600,750.0,5750.000,2.0,5.500000e-05,0.100,0.300,5,10,9,0.708,0.079,0.036,0.670,0.548,0.666,633.530
277,COMPLETE,0.159,8,225.000,0.6,4,,0.120,750.0,4500.000,2.0,4.500000e-05,0.050,0.600,0,10,0,0.159,0.230,1.204,0.127,0.162,0.627,1066.587
278,COMPLETE,-9.871,7,90.000,0.6,12,,0.460,750.0,6750.000,2.0,1.500000e-05,0.080,0.500,0,10,10,0.129,0.033,0.007,0.156,0.115,0.589,612.178
279,COMPLETE,-9.777,3,180.000,0.6,12,,0.340,750.0,5250.000,2.0,2.750000e-05,0.080,0.400,0,10,10,0.223,0.025,0.009,0.188,0.238,0.578,417.779
280,COMPLETE,0.229,6,180.000,0.6,6,,0.360,750.0,3750.000,2.0,4.750000e-05,0.120,0.900,0,10,0,0.229,0.154,0.491,0.183,0.183,0.632,929.462
281,COMPLETE,-9.628,1,300.000,0.6,12,,0.280,750.0,6500.000,2.0,6.000000e-05,0.060,0.300,0,10,10,0.372,0.002,0.008,0.489,0.314,0.439,285.879
282,COMPLETE,-9.597,8,150.000,0.6,4,,0.540,750.0,6250.000,2.0,5.000000e-05,0.090,0.700,0,10,10,0.403,0.012,0.002,0.523,0.360,0.502,576.925
283,COMPLETE,0.180,7,135.000,0.6,10,,0.560,750.0,3750.000,2.0,3.500000e-05,0.040,0.100,0,10,0,0.180,0.139,0.631,0.154,0.187,0.675,856.448
284,COMPLETE,0.192,6,330.000,0.6,5,,0.260,750.0,7500.000,2.0,1.750000e-05,0.080,0.800,0,10,0,0.192,0.173,1.112,0.153,0.190,0.555,867.453
285,COMPLETE,-9.360,8,120.000,0.6,6,,0.120,750.0,6750.000,2.0,4.000000e-05,0.140,0.400,0,10,10,0.640,0.034,0.001,0.556,0.412,0.448,626.619
286,COMPLETE,2.420,7,270.000,0.6,5,,0.240,750.0,3250.000,2.0,1.750000e-05,0.060,0.800,2,10,0,0.420,0.298,3.328,0.357,0.298,0.550,1095.408
287,COMPLETE,-8.495,3,180.000,0.6,12,,0.140,750.0,6250.000,2.0,4.250000e-05,0.090,0.300,1,10,10,0.505,0.004,0.003,0.544,0.399,0.533,343.869
288,COMPLETE,-9.373,1,75.000,0.6,9,,0.560,750.0,4000.000,2.0,2.000000e-05,0.130,0.400,0,10,10,0.627,0.004,0.001,0.518,0.462,0.491,320.405
289,COMPLETE,0.235,3,330.000,0.6,4,,0.340,750.0,4250.000,2.0,2.500000e-05,0.070,0.900,0,10,0,0.235,0.165,1.198,0.199,0.177,0.610,780.880
290,COMPLETE,-9.300,2,150.000,0.6,2,,0.420,750.0,6750.000,2.0,2.000000e-05,0.140,0.300,0,10,10,0.700,0.009,0.001,0.598,0.475,0.551,342.190
291,COMPLETE,-8.416,4,150.000,0.6,2,,0.220,750.0,4250.000,2.0,5.000000e-05,0.100,0.800,1,10,10,0.584,0.010,0.003,0.599,0.458,0.592,418.406
292,COMPLETE,-9.564,5,90.000,0.6,2,,0.200,750.0,4250.000,2.0,3.750000e-05,0.060,0.400,0,10,10,0.436,0.019,0.001,0.399,0.422,0.572,442.541
293,COMPLETE,-8.767,7,135.000,0.6,5,,0.560,750.0,7500.000,2.0,2.000000e-05,0.120,0.300,1,10,10,0.233,0.051,0.010,0.206,0.196,0.760,658.261
294,COMPLETE,-8.391,5,150.000,0.6,5,,0.500,750.0,6250.000,2.0,3.250000e-05,0.140,0.800,1,10,10,0.609,0.014,0.001,0.586,0.475,0.451,484.442
295,COMPLETE,-9.375,6,75.000,0.6,3,,0.440,750.0,6250.000,2.0,2.250000e-05,0.110,0.700,0,10,10,0.625,0.017,0.001,0.500,0.521,0.565,450.188
296,COMPLETE,-9.668,4,75.000,0.6,5,,0.380,750.0,7000.000,2.0,3.250000e-05,0.050,0.000,0,10,10,0.332,0.010,0.001,0.370,0.233,0.628,434.416
297,COMPLETE,-7.506,6,195.000,0.6,4,,0.300,750.0,5500.000,2.0,5.500000e-05,0.070,0.200,2,10,10,0.494,0.004,0.012,0.596,0.435,0.461,452.048
298,COMPLETE,-8.452,5,75.000,0.6,4,,0.500,750.0,3500.000,2.0,1.000000e-05,0.050,0.200,1,10,10,0.548,0.045,0.321,0.645,0.291,0.684,534.815
299,COMPLETE,0.220,3,255.000,0.6,6,,0.420,750.0,3000.000,2.0,3.750000e-05,0.070,0.700,0,10,0,0.220,0.162,1.107,0.184,0.172,0.699,731.667
300,COMPLETE,0.223,7,285.000,0.6,9,,0.120,750.0,6750.000,2.0,1.500000e-05,0.060,0.300,0,10,0,0.223,0.185,1.427,0.184,0.178,0.665,952.193
301,COMPLETE,-8.542,2,255.000,0.6,12,,0.240,750.0,7500.000,2.0,5.750000e-05,0.140,0.700,1,10,10,0.458,0.005,0.004,0.609,0.267,0.597,329.607
302,COMPLETE,-6.888,8,90.000,0.6,12,,0.260,750.0,4500.000,2.0,3.500000e-05,0.070,0.200,0,10,7,0.112,0.078,0.010,0.100,0.145,0.631,695.209
303,COMPLETE,-6.827,7,195.000,0.6,5,,0.420,750.0,5500.000,2.0,4.000000e-05,0.080,0.100,0,10,7,0.173,0.146,0.176,0.140,0.168,0.720,885.735
304,COMPLETE,-9.466,4,60.000,0.6,4,,0.220,750.0,3250.000,2.0,2.750000e-05,0.120,0.100,0,10,10,0.534,0.016,0.001,0.445,0.394,0.469,434.802
305,COMPLETE,4.725,5,180.000,0.6,2,,0.560,750.0,5500.000,2.0,1.250000e-05,0.110,0.500,4,10,0,0.725,0.085,0.635,0.626,0.520,0.595,681.738
306,COMPLETE,-0.819,7,180.000,0.6,4,,0.480,750.0,6000.000,2.0,3.000000e-05,0.080,0.400,0,10,1,0.181,0.120,0.143,0.145,0.181,0.659,850.631
307,COMPLETE,0.249,8,330.000,0.6,10,,0.100,750.0,3750.000,2.0,3.750000e-05,0.060,0.800,0,10,0,0.249,0.374,3.474,0.205,0.169,0.530,1198.010
308,COMPLETE,-9.613,2,180.000,0.6,8,,0.320,750.0,3000.000,2.0,6.000000e-05,0.080,0.800,0,10,10,0.387,0.003,0.005,0.527,0.270,0.507,334.217
309,COMPLETE,-9.382,1,75.000,0.6,12,,0.520,750.0,4500.000,2.0,2.500000e-05,0.110,1.000,0,10,10,0.618,0.004,0.001,0.542,0.518,0.471,298.201
310,COMPLETE,6.980,5,165.000,0.6,6,,0.500,750.0,3000.000,2.0,1.000000e-05,0.130,0.200,6,10,0,0.980,0.120,1.640,0.796,0.667,0.510,745.853
311,COMPLETE,-6.586,1,300.000,0.6,6,,0.220,750.0,4250.000,2.0,2.250000e-05,0.080,0.900,3,10,10,0.414,0.046,0.062,0.376,0.381,0.624,355.330
312,COMPLETE,-2.799,3,240.000,0.6,3,,0.400,750.0,6250.000,2.0,1.500000e-05,0.090,0.800,0,10,3,0.201,0.077,0.226,0.164,0.191,0.622,604.280
313,COMPLETE,3.549,4,315.000,0.6,11,,0.340,750.0,5500.000,2.0,1.750000e-05,0.130,0.500,3,10,0,0.549,0.139,1.059,0.448,0.441,0.633,770.696
314,COMPLETE,0.231,8,300.000,0.6,7,,0.140,750.0,6750.000,2.0,1.500000e-05,0.060,0.900,0,10,0,0.231,0.214,1.802,0.184,0.208,0.622,1046.548
315,COMPLETE,-9.492,4,120.000,0.6,2,,0.280,750.0,7500.000,2.0,4.500000e-05,0.070,0.600,0,10,10,0.508,0.015,0.001,0.429,0.389,0.554,424.867
316,COMPLETE,-9.608,4,315.000,0.6,2,,0.600,750.0,6250.000,2.0,5.750000e-05,0.040,0.000,0,10,10,0.392,0.006,0.040,0.571,0.213,0.660,382.343
317,COMPLETE,0.137,7,180.000,0.6,5,,0.180,750.0,6000.000,2.0,2.500000e-05,0.060,0.900,0,10,0,0.137,0.128,0.344,0.110,0.176,0.624,845.506
318,COMPLETE,1.288,6,240.000,0.6,8,,0.120,750.0,7250.000,2.0,1.250000e-05,0.090,0.800,1,10,0,0.288,0.124,0.768,0.241,0.227,0.641,805.492
319,COMPLETE,-9.505,1,330.000,0.6,4,,0.360,750.0,6500.000,2.0,2.250000e-05,0.070,0.500,0,10,10,0.495,0.004,0.013,0.491,0.319,0.554,243.425
320,COMPLETE,-9.402,4,120.000,0.6,3,,0.380,750.0,7000.000,2.0,4.500000e-05,0.100,0.900,0,10,10,0.598,0.015,0.001,0.480,0.445,0.472,402.658
321,COMPLETE,-9.565,8,135.000,0.6,2,,0.160,750.0,7250.000,2.0,5.750000e-05,0.070,0.000,0,10,10,0.435,0.020,0.001,0.499,0.397,0.549,575.902
322,COMPLETE,-9.594,1,105.000,0.6,11,,0.400,750.0,5750.000,2.0,1.750000e-05,0.060,0.100,0,10,10,0.406,0.004,0.001,0.434,0.343,0.553,296.562
323,COMPLETE,3.674,8,210.000,0.6,10,,0.240,750.0,3250.000,2.0,4.500000e-05,0.140,0.100,3,10,0,0.674,0.223,1.766,0.553,0.515,0.600,1100.410
324,COMPLETE,6.720,6,210.000,0.6,10,,0.540,750.0,4000.000,2.0,2.750000e-05,0.090,0.400,6,10,0,0.720,0.166,1.500,0.616,0.575,0.613,910.070
325,COMPLETE,-9.428,3,90.000,0.6,10,,0.460,750.0,6250.000,2.0,5.500000e-05,0.100,0.500,0,10,10,0.572,0.011,0.001,0.461,0.424,0.511,404.340
326,COMPLETE,7.988,7,105.000,0.6,2,,0.540,750.0,3000.000,2.0,2.500000e-05,0.110,0.100,7,10,0,0.988,0.095,0.767,0.835,0.633,0.616,681.919
327,COMPLETE,-8.693,2,165.000,0.6,10,,0.320,750.0,3250.000,2.0,1.000000e-05,0.060,0.900,1,10,10,0.307,0.063,0.506,0.255,0.281,0.633,512.962
328,COMPLETE,3.628,8,240.000,0.6,12,,0.160,750.0,6500.000,2.0,1.000000e-05,0.120,0.200,3,10,0,0.628,0.153,1.414,0.520,0.469,0.518,932.196
329,COMPLETE,-9.902,1,195.000,0.6,6,,0.100,750.0,3750.000,2.0,1.250000e-05,0.040,0.700,0,10,10,0.098,0.037,0.094,0.080,0.178,0.700,372.234
330,COMPLETE,-9.616,5,75.000,0.6,10,,0.160,750.0,5000.000,2.0,2.500000e-05,0.040,0.300,0,10,10,0.384,0.012,0.001,0.352,0.351,0.627,456.293
331,COMPLETE,-9.676,1,330.000,0.6,4,,0.480,750.0,7500.000,2.0,5.250000e-05,0.140,0.000,0,10,10,0.324,0.003,0.006,0.329,0.263,0.648,262.240
332,COMPLETE,3.487,7,210.000,0.6,12,,0.580,750.0,5500.000,2.0,1.500000e-05,0.070,0.000,3,10,0,0.487,0.148,1.381,0.458,0.312,0.577,884.028
333,COMPLETE,-9.704,3,120.000,0.6,8,,0.380,750.0,5000.000,2.0,5.750000e-05,0.050,0.500,0,10,10,0.296,0.013,0.001,0.266,0.305,0.558,404.128
334,COMPLETE,0.207,8,345.000,0.6,4,,0.100,750.0,5750.000,2.0,1.750000e-05,0.070,0.200,0,10,0,0.207,0.275,2.550,0.166,0.202,0.577,1135.428
335,COMPLETE,0.200,6,150.000,0.6,11,,0.460,750.0,3750.000,2.0,4.250000e-05,0.130,0.900,0,10,0,0.200,0.126,0.306,0.160,0.201,0.587,847.304
336,COMPLETE,-9.484,3,195.000,0.6,6,,0.240,750.0,7000.000,2.0,6.000000e-05,0.110,1.000,0,10,10,0.516,0.008,0.003,0.476,0.404,0.476,389.464
337,COMPLETE,1.478,7,210.000,0.6,2,,0.540,750.0,6000.000,2.0,1.000000e-05,0.040,0.900,1,10,0,0.478,0.134,1.372,0.495,0.336,0.641,797.560
338,COMPLETE,-3.774,3,300.000,0.6,3,,0.300,750.0,3500.000,2.0,5.750000e-05,0.060,0.800,1,10,5,0.226,0.170,0.643,0.188,0.194,0.639,708.951
339,COMPLETE,-8.625,8,165.000,0.6,2,,0.560,750.0,6750.000,2.0,5.000000e-05,0.070,0.900,1,10,10,0.375,0.008,0.002,0.338,0.370,0.542,493.104
340,COMPLETE,-9.711,5,60.000,0.6,5,,0.420,750.0,7250.000,2.0,5.750000e-05,0.040,0.500,0,10,10,0.289,0.008,0.001,0.274,0.241,0.713,457.619
341,COMPLETE,0.206,4,270.000,0.6,10,,0.500,750.0,5750.000,2.0,1.750000e-05,0.060,0.000,0,10,0,0.206,0.128,0.765,0.165,0.178,0.642,748.649
342,COMPLETE,-9.581,1,120.000,0.6,6,,0.520,750.0,3500.000,2.0,2.250000e-05,0.080,0.900,0,10,10,0.419,0.004,0.001,0.377,0.374,0.561,268.491
343,COMPLETE,6.733,5,330.000,0.6,4,,0.580,750.0,3750.000,2.0,3.000000e-05,0.070,0.800,6,10,0,0.733,0.257,2.978,0.627,0.583,0.576,1017.754
344,COMPLETE,-6.702,3,180.000,0.6,9,,0.520,750.0,4500.000,2.0,1.250000e-05,0.100,0.100,1,10,8,0.298,0.074,0.461,0.245,0.263,0.649,586.219
345,COMPLETE,-9.477,2,90.000,0.6,11,,0.300,750.0,3250.000,2.0,5.750000e-05,0.070,0.300,0,10,10,0.523,0.014,0.001,0.516,0.353,0.514,361.546
346,COMPLETE,-3.821,8,75.000,0.6,7,,0.520,750.0,3000.000,2.0,3.250000e-05,0.040,0.500,0,10,4,0.179,0.089,0.278,0.187,0.151,0.670,732.008
347,COMPLETE,-9.869,5,105.000,0.6,3,,0.580,750.0,5000.000,2.0,2.000000e-05,0.040,0.300,0,10,10,0.131,0.049,0.018,0.116,0.119,0.660,520.516
348,COMPLETE,3.481,7,255.000,0.6,7,,0.360,750.0,7000.000,2.0,1.250000e-05,0.090,0.700,3,10,0,0.481,0.150,1.252,0.402,0.382,0.612,881.441
349,COMPLETE,2.439,7,255.000,0.6,4,,0.320,750.0,3000.000,2.0,3.000000e-05,0.070,0.800,2,10,0,0.439,0.293,3.107,0.390,0.328,0.575,1119.701
350,COMPLETE,8.991,8,165.000,0.6,12,,0.600,750.0,4000.000,2.0,2.500000e-05,0.120,0.400,8,10,0,0.991,0.153,1.548,0.816,0.728,0.587,946.672
351,COMPLETE,8.863,6,150.000,0.6,9,,0.540,750.0,3500.000,2.0,2.500000e-05,0.100,0.900,8,10,0,0.863,0.128,1.148,0.742,0.684,0.564,824.943
352,COMPLETE,-9.449,4,90.000,0.6,7,,0.400,750.0,5000.000,2.0,5.500000e-05,0.120,0.200,0,10,10,0.551,0.019,0.001,0.497,0.397,0.441,431.214
353,COMPLETE,0.225,6,240.000,0.6,4,,0.160,750.0,3250.000,2.0,5.250000e-05,0.090,0.300,0,10,0,0.225,0.237,1.551,0.182,0.212,0.596,1026.000
354,COMPLETE,0.914,7,120.000,0.6,3,,0.260,750.0,3750.000,2.0,1.000000e-05,0.140,0.200,0,10,0,0.914,0.091,0.934,0.734,0.605,0.577,690.180
355,COMPLETE,-9.354,1,90.000,0.6,4,,0.380,750.0,4500.000,2.0,2.000000e-05,0.140,0.900,0,10,10,0.646,0.005,0.001,0.525,0.466,0.442,292.054
356,COMPLETE,-9.846,1,315.000,0.6,11,,0.240,750.0,5750.000,2.0,1.000000e-05,0.070,0.700,0,10,10,0.154,0.047,0.143,0.123,0.163,0.718,384.802
357,COMPLETE,-9.418,1,165.000,0.6,10,,0.520,750.0,6750.000,2.0,2.500000e-05,0.080,1.000,0,10,10,0.582,0.006,0.001,0.499,0.455,0.564,277.901
358,COMPLETE,-9.562,8,120.000,0.6,5,,0.340,750.0,5750.000,2.0,4.250000e-05,0.110,0.900,0,10,10,0.438,0.021,0.001,0.386,0.377,0.418,600.143
359,COMPLETE,-9.425,4,105.000,0.6,10,,0.260,750.0,6750.000,2.0,4.000000e-05,0.090,0.600,0,10,10,0.575,0.017,0.001,0.526,0.466,0.600,433.524
360,COMPLETE,-9.849,1,300.000,0.6,9,,0.120,750.0,5500.000,2.0,1.250000e-05,0.050,0.700,0,10,10,0.151,0.036,0.072,0.155,0.135,0.513,338.049
361,COMPLETE,-9.597,2,105.000,0.6,3,,0.140,750.0,5250.000,2.0,5.750000e-05,0.040,1.000,0,10,10,0.403,0.008,0.001,0.387,0.341,0.632,328.962
362,COMPLETE,-9.509,5,105.000,0.6,11,,0.220,750.0,5750.000,2.0,4.500000e-05,0.060,0.700,0,10,10,0.491,0.017,0.001,0.516,0.356,0.539,462.392
363,COMPLETE,4.709,6,270.000,0.6,11,,0.260,750.0,3750.000,2.0,4.750000e-05,0.130,0.400,4,10,0,0.709,0.223,1.546,0.596,0.521,0.628,998.686
364,COMPLETE,0.304,5,330.000,0.6,11,,0.360,750.0,6250.000,2.0,1.750000e-05,0.090,0.400,0,10,0,0.304,0.165,1.217,0.243,0.239,0.591,842.746
365,COMPLETE,-9.688,1,345.000,0.6,9,,0.220,750.0,6250.000,2.0,1.750000e-05,0.070,0.500,0,10,10,0.312,0.006,0.018,0.429,0.317,0.551,297.466
366,COMPLETE,-9.790,1,315.000,0.6,10,,0.140,750.0,3500.000,2.0,2.750000e-05,0.050,0.200,0,10,10,0.210,0.062,0.166,0.194,0.234,0.712,380.178
367,COMPLETE,-9.779,6,180.000,0.6,9,,0.200,750.0,6750.000,2.0,4.250000e-05,0.050,0.200,0,10,10,0.221,0.003,0.005,0.345,0.175,0.559,468.791
368,COMPLETE,-3.329,5,240.000,0.6,9,,0.500,750.0,4750.000,2.0,5.500000e-05,0.090,0.900,5,10,9,0.671,0.096,0.112,0.591,0.516,0.598,580.837
369,COMPLETE,-9.727,2,180.000,0.6,6,,0.420,750.0,4000.000,2.0,5.250000e-05,0.090,0.100,0,10,10,0.273,0.003,0.003,0.553,0.230,0.329,329.428
370,COMPLETE,0.248,2,285.000,0.6,10,,0.380,750.0,3000.000,2.0,2.750000e-05,0.080,0.500,0,10,0,0.248,0.133,0.983,0.208,0.183,0.649,655.801
371,COMPLETE,-9.451,2,240.000,0.6,6,,0.300,750.0,7500.000,2.0,6.000000e-05,0.130,0.400,0,10,10,0.549,0.004,0.003,0.576,0.470,0.499,297.421
372,COMPLETE,-9.392,7,60.000,0.6,6,,0.240,750.0,7250.000,2.0,1.250000e-05,0.100,0.400,0,10,10,0.608,0.014,0.001,0.527,0.385,0.592,497.807
373,COMPLETE,-6.235,3,300.000,0.6,5,,0.520,750.0,6250.000,2.0,3.500000e-05,0.110,0.200,3,10,10,0.765,0.021,0.031,0.661,0.568,0.509,382.296
374,COMPLETE,-8.695,2,165.000,0.6,3,,0.440,750.0,7250.000,2.0,4.250000e-05,0.040,0.400,1,10,10,0.305,0.007,0.001,0.339,0.267,0.512,349.082
375,COMPLETE,-7.865,3,240.000,0.6,5,,0.120,750.0,6250.000,2.0,1.750000e-05,0.040,0.500,0,10,8,0.135,0.081,0.174,0.109,0.149,0.741,536.873
376,COMPLETE,0.565,7,285.000,0.6,12,,0.160,750.0,4000.000,2.0,3.750000e-05,0.120,0.900,0,10,0,0.565,0.251,2.039,0.452,0.445,0.509,1107.941
377,COMPLETE,-9.617,1,180.000,0.6,5,,0.320,750.0,4750.000,2.0,2.000000e-05,0.090,0.200,0,10,10,0.383,0.004,0.002,0.423,0.268,0.523,266.549
378,COMPLETE,0.241,3,240.000,0.6,9,,0.120,750.0,3250.000,2.0,2.500000e-05,0.140,0.400,0,10,0,0.241,0.125,0.872,0.193,0.229,0.645,705.768
379,COMPLETE,-9.504,4,105.000,0.6,10,,0.600,750.0,5750.000,2.0,3.750000e-05,0.100,0.000,0,10,10,0.496,0.014,0.001,0.463,0.353,0.507,428.669
380,COMPLETE,-9.390,1,75.000,0.6,3,,0.380,750.0,4750.000,2.0,3.750000e-05,0.130,0.500,0,10,10,0.610,0.004,0.001,0.501,0.482,0.459,280.882
381,COMPLETE,-9.820,1,285.000,0.6,9,,0.420,750.0,5750.000,2.0,1.250000e-05,0.140,0.600,0,10,10,0.180,0.032,0.037,0.150,0.216,0.614,384.568
382,COMPLETE,4.693,7,285.000,0.6,2,,0.320,750.0,5500.000,2.0,3.500000e-05,0.140,0.600,4,10,0,0.693,0.193,1.084,0.568,0.555,0.646,996.925
383,COMPLETE,11.000,5,210.000,0.6,5,,0.560,750.0,4250.000,2.0,1.750000e-05,0.100,0.500,10,10,0,1.000,0.134,1.484,0.865,0.751,0.645,795.748
384,COMPLETE,0.227,4,240.000,0.6,6,,0.320,750.0,3750.000,2.0,3.500000e-05,0.130,0.000,0,10,0,0.227,0.146,0.763,0.182,0.216,0.602,790.654
385,COMPLETE,-9.772,7,180.000,0.6,5,,0.320,750.0,7000.000,2.0,3.000000e-05,0.040,0.100,0,10,10,0.228,0.019,0.009,0.183,0.240,0.653,528.774
386,COMPLETE,-5.857,3,210.000,0.6,2,,0.280,750.0,4500.000,2.0,2.750000e-05,0.100,0.200,0,10,6,0.143,0.086,0.142,0.114,0.223,0.703,553.443
387,COMPLETE,-8.383,5,270.000,0.6,3,,0.140,750.0,6250.000,2.0,5.500000e-05,0.070,0.900,1,10,10,0.617,0.008,0.025,0.534,0.486,0.474,407.266
388,COMPLETE,-9.561,1,210.000,0.6,7,,0.240,750.0,6500.000,2.0,6.000000e-05,0.070,0.900,0,10,10,0.439,0.002,0.001,0.444,0.405,0.555,295.519
389,COMPLETE,-9.428,3,105.000,0.6,3,,0.560,750.0,5750.000,2.0,2.500000e-05,0.140,0.000,0,10,10,0.572,0.013,0.001,0.486,0.445,0.524,380.683
390,COMPLETE,0.230,4,330.000,0.6,7,,0.520,750.0,6750.000,2.0,1.750000e-05,0.110,0.600,0,10,0,0.230,0.128,0.681,0.184,0.195,0.637,728.951
391,COMPLETE,-6.363,4,300.000,0.6,12,,0.600,750.0,5750.000,2.0,5.000000e-05,0.130,0.000,3,10,10,0.637,0.017,0.045,0.716,0.368,0.546,415.809
392,COMPLETE,3.568,8,300.000,0.6,9,,0.560,750.0,4500.000,2.0,5.750000e-05,0.120,0.000,3,10,0,0.568,0.271,1.778,0.472,0.427,0.516,1204.601
393,COMPLETE,-6.756,6,255.000,0.6,7,,0.300,750.0,7000.000,2.0,3.500000e-05,0.100,0.300,1,10,8,0.244,0.102,0.085,0.207,0.225,0.545,711.258
394,COMPLETE,1.310,5,285.000,0.6,3,,0.200,750.0,5250.000,2.0,1.250000e-05,0.080,0.400,1,10,0,0.310,0.165,1.500,0.256,0.259,0.646,841.036
395,COMPLETE,-7.563,4,195.000,0.6,4,,0.520,750.0,5750.000,2.0,3.250000e-05,0.110,0.400,2,10,10,0.437,0.032,0.009,0.386,0.385,0.599,446.845
396,COMPLETE,0.218,2,360.000,0.6,11,,0.540,750.0,4500.000,2.0,2.000000e-05,0.090,0.100,0,10,0,0.218,0.119,0.759,0.174,0.206,0.656,594.996
397,COMPLETE,-9.545,6,150.000,0.6,7,,0.560,750.0,7250.000,2.0,3.250000e-05,0.100,0.800,0,10,10,0.455,0.015,0.001,0.472,0.419,0.463,497.583
398,COMPLETE,-7.408,3,270.000,0.6,10,,0.440,750.0,5500.000,2.0,5.000000e-05,0.120,0.400,2,10,10,0.592,0.009,0.016,0.637,0.450,0.627,353.234
399,COMPLETE,1.274,5,285.000,0.6,6,,0.540,750.0,4500.000,2.0,4.500000e-05,0.140,0.100,1,10,0,0.274,0.183,0.770,0.228,0.296,0.640,913.439
400,COMPLETE,-9.804,3,120.000,0.6,5,,0.440,750.0,3000.000,2.0,4.500000e-05,0.060,0.600,0,10,10,0.196,0.029,0.004,0.335,0.288,0.571,354.467
401,COMPLETE,-7.626,8,225.000,0.6,12,,0.160,750.0,7000.000,2.0,4.250000e-05,0.100,0.500,2,10,10,0.374,0.087,0.037,0.381,0.344,0.557,658.319
402,COMPLETE,-8.629,2,240.000,0.6,6,,0.220,750.0,6750.000,2.0,5.000000e-05,0.080,0.300,1,10,10,0.371,0.002,0.004,0.440,0.322,0.626,312.330
403,COMPLETE,0.306,3,210.000,0.6,8,,0.300,750.0,3750.000,2.0,1.750000e-05,0.140,0.300,0,10,0,0.306,0.093,0.631,0.244,0.278,0.639,631.654
404,COMPLETE,-6.512,1,285.000,0.6,10,,0.280,750.0,3750.000,2.0,4.000000e-05,0.120,0.600,3,10,10,0.488,0.004,0.020,0.572,0.355,0.485,278.188
405,COMPLETE,-7.491,1,210.000,0.6,6,,0.300,750.0,3500.000,2.0,5.250000e-05,0.140,0.200,2,10,10,0.509,0.003,0.005,0.598,0.347,0.558,247.135
406,COMPLETE,9.999,6,285.000,0.6,9,,0.600,750.0,3250.000,2.0,5.750000e-05,0.110,0.700,9,10,0,0.999,0.273,2.817,0.847,0.767,0.663,1104.011
407,COMPLETE,-8.484,3,195.000,0.6,6,,0.340,750.0,5750.000,2.0,4.000000e-05,0.100,0.500,1,10,10,0.516,0.005,0.004,0.426,0.428,0.514,355.191
408,COMPLETE,0.170,5,330.000,0.6,4,,0.260,750.0,4750.000,2.0,5.000000e-05,0.090,0.900,0,10,0,0.170,0.225,0.961,0.136,0.214,0.576,982.308
409,COMPLETE,0.185,3,285.000,0.6,11,,0.380,750.0,3000.000,2.0,6.000000e-05,0.070,0.500,0,10,0,0.185,0.194,0.956,0.148,0.175,0.693,832.021
410,COMPLETE,-9.484,4,60.000,0.6,11,,0.420,750.0,5500.000,2.0,5.250000e-05,0.090,0.400,0,10,10,0.516,0.011,0.001,0.496,0.368,0.529,422.154
411,COMPLETE,-9.737,1,195.000,0.6,7,,0.180,750.0,3500.000,2.0,5.500000e-05,0.060,0.100,0,10,10,0.263,0.001,0.003,0.527,0.164,0.412,278.665
412,COMPLETE,3.576,8,225.000,0.6,7,,0.600,750.0,7000.000,2.0,2.250000e-05,0.120,0.800,3,10,0,0.576,0.145,0.688,0.486,0.430,0.712,946.383
413,COMPLETE,1.282,7,330.000,0.6,11,,0.120,750.0,5750.000,2.0,2.750000e-05,0.090,0.900,1,10,0,0.282,0.240,1.729,0.236,0.286,0.545,1086.131
414,COMPLETE,-7.663,5,135.000,0.6,7,,0.580,750.0,5000.000,2.0,3.000000e-05,0.090,0.100,2,10,10,0.337,0.068,0.011,0.303,0.305,0.514,564.403
415,COMPLETE,4.686,7,360.000,0.6,6,,0.340,750.0,3500.000,2.0,4.250000e-05,0.090,0.200,4,10,0,0.686,0.365,3.912,0.599,0.507,0.574,1254.604
416,COMPLETE,1.623,5,360.000,0.6,2,,0.180,750.0,5500.000,2.0,3.000000e-05,0.140,0.800,1,10,0,0.623,0.190,1.156,0.499,0.476,0.590,905.446
417,COMPLETE,-6.509,4,240.000,0.6,11,,0.100,750.0,5500.000,2.0,4.000000e-05,0.090,0.300,3,10,10,0.491,0.056,0.035,0.523,0.383,0.598,473.382
418,COMPLETE,-9.539,7,135.000,0.6,7,,0.320,750.0,7250.000,2.0,3.000000e-05,0.060,0.800,0,10,10,0.461,0.008,0.001,0.515,0.351,0.492,513.636
419,COMPLETE,-9.494,1,195.000,0.6,10,,0.360,750.0,7250.000,2.0,3.750000e-05,0.090,0.300,0,10,10,0.506,0.004,0.001,0.523,0.381,0.547,286.584
420,COMPLETE,-9.597,1,255.000,0.6,3,,0.180,750.0,5500.000,2.0,5.500000e-05,0.120,0.300,0,10,10,0.403,0.003,0.002,0.565,0.328,0.471,272.050
421,COMPLETE,-3.666,5,210.000,0.6,7,,0.360,750.0,4000.000,2.0,5.750000e-05,0.120,0.500,2,10,6,0.334,0.153,0.211,0.283,0.312,0.640,810.312
422,COMPLETE,-8.847,4,285.000,0.6,11,,0.200,750.0,5250.000,2.0,4.000000e-05,0.080,0.500,0,10,9,0.153,0.145,0.276,0.125,0.148,0.663,682.653
423,COMPLETE,0.219,4,330.000,0.6,5,,0.460,750.0,5000.000,2.0,3.000000e-05,0.090,0.200,0,10,0,0.219,0.177,1.038,0.175,0.188,0.656,813.313
424,COMPLETE,1.454,5,315.000,0.6,5,,0.520,750.0,4000.000,2.0,1.750000e-05,0.040,0.100,1,10,0,0.454,0.221,2.597,0.551,0.281,0.708,849.764
425,COMPLETE,-1.818,6,180.000,0.6,3,,0.140,750.0,4000.000,2.0,4.750000e-05,0.110,0.900,0,10,2,0.182,0.149,0.342,0.146,0.234,0.667,859.724
426,COMPLETE,-9.494,4,105.000,0.6,5,,0.460,750.0,6000.000,2.0,4.250000e-05,0.060,0.200,0,10,10,0.506,0.010,0.001,0.509,0.318,0.592,406.839
427,COMPLETE,-8.526,3,60.000,0.6,8,,0.460,750.0,4750.000,2.0,1.000000e-05,0.140,0.500,1,10,10,0.474,0.013,0.002,0.399,0.371,0.595,370.617
428,COMPLETE,-9.556,2,180.000,0.6,7,,0.360,750.0,5750.000,2.0,3.750000e-05,0.080,0.600,0,10,10,0.444,0.004,0.003,0.577,0.335,0.503,319.535
429,COMPLETE,-9.401,4,75.000,0.6,9,,0.120,750.0,7500.000,2.0,5.750000e-05,0.110,0.100,0,10,10,0.599,0.012,0.001,0.503,0.447,0.620,394.417
430,COMPLETE,3.586,3,210.000,0.6,4,,0.400,750.0,3500.000,2.0,1.000000e-05,0.080,0.800,3,10,0,0.586,0.107,1.155,0.498,0.444,0.633,610.368
431,COMPLETE,-9.848,7,75.000,0.6,11,,0.360,750.0,4000.000,2.0,2.250000e-05,0.050,0.700,0,10,10,0.152,0.067,0.103,0.124,0.159,0.761,682.653
432,COMPLETE,0.229,8,300.000,0.6,8,,0.260,750.0,3750.000,2.0,5.000000e-05,0.080,0.200,0,10,0,0.229,0.323,2.607,0.187,0.236,0.577,1213.884
433,COMPLETE,-9.853,2,300.000,0.6,6,,0.340,750.0,7250.000,2.0,2.500000e-05,0.050,0.300,0,10,10,0.147,0.003,0.012,0.403,0.157,0.609,313.244
434,COMPLETE,-9.573,1,90.000,0.6,8,,0.260,750.0,4500.000,2.0,3.000000e-05,0.060,0.000,0,10,10,0.427,0.004,0.001,0.377,0.323,0.581,265.800
435,COMPLETE,-9.656,1,300.000,0.6,11,,0.140,750.0,7000.000,2.0,4.500000e-05,0.050,0.600,0,10,10,0.344,0.001,0.005,0.408,0.301,0.682,268.216
436,COMPLETE,-8.356,1,180.000,0.6,10,,0.400,750.0,5500.000,2.0,4.000000e-05,0.120,0.900,1,10,10,0.644,0.006,0.001,0.610,0.473,0.484,292.580
437,COMPLETE,1.293,5,195.000,0.6,3,,0.580,750.0,3000.000,2.0,4.500000e-05,0.070,0.300,1,10,0,0.293,0.175,1.152,0.247,0.245,0.525,837.812
438,COMPLETE,-8.639,8,105.000,0.6,10,,0.180,750.0,6750.000,2.0,4.000000e-05,0.050,0.000,0,10,9,0.361,0.030,0.001,0.289,0.293,0.609,567.548
439,COMPLETE,0.215,3,210.000,0.6,10,,0.260,750.0,3000.000,2.0,1.750000e-05,0.050,0.300,0,10,0,0.215,0.136,1.217,0.194,0.154,0.637,654.032
440,COMPLETE,-9.503,3,225.000,0.6,5,,0.520,750.0,7500.000,2.0,6.000000e-05,0.130,0.900,0,10,10,0.497,0.005,0.002,0.579,0.344,0.564,344.797
441,COMPLETE,-9.830,1,315.000,0.6,11,,0.260,750.0,3750.000,2.0,2.250000e-05,0.140,0.100,0,10,10,0.170,0.060,0.156,0.136,0.245,0.711,446.102
442,COMPLETE,-9.765,5,240.000,0.6,12,,0.260,750.0,6750.000,2.0,3.500000e-05,0.080,0.200,0,10,10,0.235,0.034,0.020,0.372,0.232,0.596,471.178
443,COMPLETE,-6.721,4,315.000,0.6,10,,0.220,750.0,4750.000,2.0,5.250000e-05,0.050,1.000,1,10,8,0.279,0.139,0.331,0.293,0.241,0.533,589.777
444,COMPLETE,-3.771,4,330.000,0.6,3,,0.220,750.0,6000.000,2.0,3.500000e-05,0.100,0.200,1,10,5,0.229,0.152,0.309,0.191,0.263,0.682,739.704
445,COMPLETE,-9.354,3,75.000,0.6,2,,0.420,750.0,6000.000,2.0,4.750000e-05,0.130,0.100,0,10,10,0.646,0.009,0.001,0.517,0.492,0.482,343.563
446,COMPLETE,-6.497,4,240.000,0.6,5,,0.240,750.0,5750.000,2.0,3.500000e-05,0.120,1.000,3,10,10,0.503,0.086,0.053,0.425,0.469,0.675,560.860
447,COMPLETE,-9.589,4,90.000,0.6,5,,0.600,750.0,6250.000,2.0,6.000000e-05,0.040,0.600,0,10,10,0.411,0.010,0.001,0.452,0.324,0.683,400.522
448,COMPLETE,1.326,4,210.000,0.6,7,,0.160,750.0,4500.000,2.0,1.500000e-05,0.120,0.300,1,10,0,0.326,0.103,0.712,0.266,0.307,0.570,675.116
449,COMPLETE,0.195,5,225.000,0.6,8,,0.180,750.0,5250.000,2.0,2.750000e-05,0.100,0.500,0,10,0,0.195,0.128,0.449,0.156,0.207,0.607,778.016
450,COMPLETE,-9.493,7,105.000,0.6,8,,0.280,750.0,6250.000,2.0,2.500000e-05,0.130,0.000,0,10,10,0.507,0.027,0.002,0.424,0.359,0.521,558.453
451,COMPLETE,2.413,8,180.000,0.6,3,,0.320,750.0,3500.000,2.0,5.000000e-05,0.120,0.000,2,10,0,0.413,0.190,1.033,0.341,0.317,0.673,976.840
452,COMPLETE,0.263,6,270.000,0.6,6,,0.300,750.0,3750.000,2.0,3.000000e-05,0.060,0.600,0,10,0,0.263,0.247,2.194,0.210,0.188,0.646,1005.230
453,COMPLETE,-9.558,3,105.000,0.6,6,,0.580,750.0,6750.000,2.0,3.750000e-05,0.050,0.400,0,10,10,0.442,0.010,0.001,0.388,0.349,0.585,369.500
454,COMPLETE,-9.779,1,90.000,0.6,2,,0.580,750.0,3250.000,2.0,1.250000e-05,0.040,0.900,0,10,10,0.221,0.006,0.002,0.190,0.358,0.636,281.672
455,COMPLETE,-9.340,2,60.000,0.6,8,,0.280,750.0,4000.000,2.0,4.750000e-05,0.100,0.900,0,10,10,0.660,0.007,0.001,0.553,0.466,0.444,300.488
456,COMPLETE,-9.426,4,135.000,0.6,11,,0.200,750.0,5750.000,2.0,2.750000e-05,0.090,0.600,0,10,10,0.574,0.015,0.001,0.513,0.457,0.421,409.851
457,COMPLETE,0.236,7,165.000,0.6,7,,0.240,750.0,4000.000,2.0,2.500000e-05,0.080,0.800,0,10,0,0.236,0.149,1.025,0.195,0.246,0.548,871.896
458,COMPLETE,6.725,5,345.000,0.6,5,,0.560,750.0,5500.000,2.0,1.500000e-05,0.070,0.600,6,10,0,0.725,0.202,2.367,0.642,0.562,0.630,826.602
459,COMPLETE,-4.414,7,285.000,0.6,2,,0.560,750.0,7250.000,2.0,4.250000e-05,0.110,0.700,5,10,10,0.586,0.109,0.115,0.508,0.494,0.632,697.656
460,COMPLETE,-6.516,2,195.000,0.6,5,,0.540,750.0,3000.000,2.0,4.750000e-05,0.070,0.600,3,10,10,0.484,0.033,0.030,0.445,0.356,0.625,363.314
461,COMPLETE,-3.672,4,210.000,0.6,7,,0.480,750.0,6000.000,2.0,2.250000e-05,0.140,0.900,2,10,6,0.328,0.086,0.118,0.277,0.367,0.654,634.780
462,COMPLETE,-7.231,1,345.000,0.6,10,,0.600,750.0,3500.000,2.0,4.500000e-05,0.140,0.400,2,10,10,0.769,0.012,0.053,0.784,0.460,0.470,248.546
463,COMPLETE,-8.382,8,120.000,0.6,4,,0.120,750.0,7000.000,2.0,5.750000e-05,0.120,0.100,1,10,10,0.618,0.032,0.001,0.542,0.416,0.509,569.401
464,COMPLETE,-8.806,6,195.000,0.6,10,,0.580,750.0,6000.000,2.0,3.000000e-05,0.110,0.200,0,10,9,0.194,0.112,0.117,0.157,0.179,0.641,762.669
465,COMPLETE,-8.727,6,75.000,0.6,8,,0.400,750.0,3500.000,2.0,2.750000e-05,0.140,0.100,1,10,10,0.273,0.056,0.028,0.226,0.262,0.642,607.816
466,COMPLETE,1.309,6,345.000,0.6,7,,0.340,750.0,3750.000,2.0,2.000000e-05,0.040,0.300,1,10,0,0.309,0.316,3.464,0.320,0.194,0.573,1035.766
467,COMPLETE,-7.482,6,90.000,0.6,11,,0.320,750.0,3500.000,2.0,2.500000e-05,0.140,1.000,2,10,10,0.518,0.070,0.172,0.429,0.426,0.636,662.006
468,COMPLETE,-8.687,1,240.000,0.6,2,,0.400,750.0,5250.000,2.0,1.500000e-05,0.120,1.000,1,10,10,0.313,0.018,0.013,0.257,0.387,0.623,308.192
469,COMPLETE,4.566,6,210.000,0.6,10,,0.400,750.0,4000.000,2.0,2.250000e-05,0.080,0.600,4,10,0,0.566,0.171,1.578,0.500,0.400,0.525,877.815
470,COMPLETE,1.343,8,330.000,0.6,9,,0.180,750.0,7500.000,2.0,1.000000e-05,0.080,0.400,1,10,0,0.343,0.203,1.905,0.291,0.283,0.540,986.971
471,COMPLETE,1.316,5,360.000,0.6,6,,0.300,750.0,5000.000,2.0,3.250000e-05,0.100,0.300,1,10,0,0.316,0.223,1.560,0.261,0.267,0.710,958.988
472,COMPLETE,1.281,8,270.000,0.6,6,,0.460,750.0,4500.000,2.0,4.750000e-05,0.090,0.100,1,10,0,0.281,0.260,1.696,0.243,0.260,0.600,1119.788
473,COMPLETE,-0.831,8,345.000,0.6,3,,0.400,750.0,7500.000,2.0,4.250000e-05,0.080,0.100,0,10,1,0.169,0.230,0.557,0.135,0.165,0.607,1042.663
474,COMPLETE,-8.477,1,360.000,0.6,3,,0.320,750.0,7500.000,2.0,5.000000e-05,0.140,0.300,1,10,10,0.523,0.005,0.014,0.617,0.426,0.362,244.815
475,COMPLETE,-0.853,6,135.000,0.6,5,,0.140,750.0,3500.000,2.0,4.500000e-05,0.110,0.200,0,10,1,0.147,0.117,0.213,0.117,0.185,0.671,783.348
476,COMPLETE,3.589,7,255.000,0.6,5,,0.240,750.0,5000.000,2.0,1.500000e-05,0.100,0.900,3,10,0,0.589,0.194,1.903,0.483,0.464,0.582,953.355
477,COMPLETE,7.987,7,300.000,0.6,5,,0.600,750.0,4000.000,2.0,2.000000e-05,0.120,0.500,7,10,0,0.987,0.260,3.734,0.832,0.741,0.585,1043.321
478,COMPLETE,4.967,7,330.000,0.6,9,,0.440,750.0,3500.000,2.0,2.250000e-05,0.140,0.500,4,10,0,0.967,0.300,4.006,0.779,0.708,0.502,1116.424
479,COMPLETE,0.565,5,240.000,0.6,10,,0.280,750.0,4750.000,2.0,1.000000e-05,0.100,0.800,0,10,0,0.565,0.140,1.432,0.452,0.441,0.517,793.384
480,COMPLETE,-9.349,4,135.000,0.6,7,,0.280,750.0,5750.000,2.0,5.000000e-05,0.140,0.100,0,10,10,0.651,0.019,0.001,0.526,0.420,0.482,389.356
481,COMPLETE,2.445,7,360.000,0.6,6,,0.200,750.0,6500.000,2.0,2.250000e-05,0.100,0.300,2,10,0,0.445,0.224,1.722,0.372,0.337,0.626,1016.404
482,COMPLETE,0.227,6,270.000,0.6,10,,0.120,750.0,4750.000,2.0,3.500000e-05,0.120,0.700,0,10,0,0.227,0.189,1.048,0.181,0.223,0.589,940.763
483,COMPLETE,-4.804,7,105.000,0.6,6,,0.320,750.0,6000.000,2.0,1.500000e-05,0.110,0.600,0,10,5,0.196,0.062,0.082,0.162,0.218,0.649,645.341
484,COMPLETE,4.783,7,315.000,0.6,3,,0.140,750.0,6250.000,2.0,1.750000e-05,0.120,1.000,4,10,0,0.783,0.192,1.606,0.636,0.668,0.494,937.578
485,COMPLETE,-8.402,1,345.000,0.6,10,,0.140,750.0,4500.000,2.0,4.250000e-05,0.070,1.000,1,10,10,0.598,0.006,0.026,0.499,0.637,0.508,240.348
486,COMPLETE,10.000,6,300.000,0.6,2,,0.360,750.0,3250.000,2.0,1.250000e-05,0.120,0.700,9,10,0,1.000,0.265,3.655,0.832,0.727,0.548,989.915
487,COMPLETE,7.811,4,240.000,0.6,7,,0.560,750.0,3500.000,2.0,2.000000e-05,0.110,0.000,7,10,0,0.811,0.146,1.621,0.677,0.594,0.594,755.907
488,COMPLETE,3.964,7,360.000,0.6,11,,0.600,750.0,3250.000,2.0,3.500000e-05,0.140,0.200,3,10,0,0.964,0.344,4.861,0.785,0.645,0.485,1171.087
489,COMPLETE,0.192,2,285.000,0.6,4,,0.100,750.0,4250.000,2.0,1.250000e-05,0.090,0.900,0,10,0,0.192,0.095,0.706,0.154,0.206,0.674,537.713
490,COMPLETE,-8.481,3,210.000,0.6,8,,0.320,750.0,6500.000,2.0,5.750000e-05,0.100,0.300,1,10,10,0.519,0.007,0.002,0.519,0.430,0.505,317.458
491,COMPLETE,-9.584,1,255.000,0.6,10,,0.360,750.0,7000.000,2.0,4.750000e-05,0.110,0.200,0,10,10,0.416,0.002,0.002,0.485,0.282,0.475,215.399
492,COMPLETE,1.350,5,165.000,0.6,12,,0.280,750.0,3750.000,2.0,1.000000e-05,0.050,0.900,1,10,0,0.350,0.124,1.236,0.298,0.249,0.588,706.659
493,COMPLETE,-9.700,2,195.000,0.6,6,,0.200,750.0,5250.000,2.0,4.250000e-05,0.090,0.400,0,10,10,0.300,0.003,0.004,0.509,0.260,0.626,282.630
494,COMPLETE,-9.382,1,120.000,0.6,3,,0.280,750.0,5750.000,2.0,4.750000e-05,0.110,0.000,0,10,10,0.618,0.005,0.001,0.494,0.457,0.463,254.167
495,COMPLETE,-2.412,5,300.000,0.6,2,,0.560,750.0,5000.000,2.0,6.000000e-05,0.120,0.700,5,10,8,0.588,0.180,0.277,0.521,0.533,0.649,718.366
496,COMPLETE,8.938,6,180.000,0.6,11,,0.480,750.0,3750.000,2.0,1.000000e-05,0.090,0.600,8,10,0,0.938,0.142,1.879,0.791,0.705,0.560,788.263
497,COMPLETE,6.954,5,300.000,0.6,6,,0.560,750.0,3000.000,2.0,1.500000e-05,0.140,0.700,6,10,0,0.954,0.248,3.739,0.791,0.698,0.542,920.844
498,COMPLETE,2.384,8,315.000,0.6,11,,0.480,750.0,4750.000,2.0,5.000000e-05,0.070,0.600,2,10,0,0.384,0.297,2.102,0.330,0.281,0.603,1162.595
499,COMPLETE,-8.532,6,225.000,0.6,8,,0.200,750.0,7250.000,2.0,5.750000e-05,0.070,0.600,1,10,10,0.468,0.003,0.006,0.491,0.511,0.644,404.922
500,COMPLETE,-9.488,5,120.000,0.6,5,,0.300,750.0,4750.000,2.0,3.750000e-05,0.120,0.400,0,10,10,0.512,0.021,0.001,0.413,0.402,0.499,421.878
501,COMPLETE,-2.046,8,75.000,0.6,4,,0.520,750.0,3500.000,2.0,1.000000e-05,0.110,0.000,5,10,8,0.954,0.066,0.712,0.798,0.598,0.545,590.224
502,COMPLETE,-8.756,1,165.000,0.6,10,,0.440,750.0,4250.000,2.0,1.250000e-05,0.140,0.200,1,10,10,0.244,0.018,0.014,0.220,0.232,0.578,300.854
503,COMPLETE,-1.747,7,90.000,0.6,8,,0.380,750.0,4000.000,2.0,1.500000e-05,0.040,1.000,0,10,2,0.253,0.077,0.452,0.299,0.219,0.692,628.603
504,COMPLETE,1.308,3,300.000,0.6,5,,0.420,750.0,5000.000,2.0,2.250000e-05,0.130,0.300,1,10,0,0.308,0.119,0.593,0.253,0.251,0.578,633.054
505,COMPLETE,6.984,7,330.000,0.6,3,,0.460,750.0,3000.000,2.0,3.500000e-05,0.110,0.200,6,10,0,0.984,0.350,4.672,0.821,0.730,0.484,1154.617
506,COMPLETE,-9.874,2,270.000,0.6,5,,0.100,750.0,5250.000,2.0,2.250000e-05,0.080,0.800,0,10,10,0.126,0.076,0.097,0.101,0.165,0.662,421.214
507,COMPLETE,-0.810,6,135.000,0.6,6,,0.500,750.0,3500.000,2.0,4.750000e-05,0.110,0.000,0,10,1,0.190,0.120,0.190,0.157,0.149,0.677,746.964
508,COMPLETE,-8.714,3,75.000,0.6,6,,0.280,750.0,3250.000,2.0,1.000000e-05,0.070,0.200,1,10,10,0.286,0.032,0.126,0.251,0.206,0.744,383.844
509,COMPLETE,0.201,4,345.000,0.6,3,,0.420,750.0,7500.000,2.0,1.750000e-05,0.100,0.700,0,10,0,0.201,0.129,0.570,0.161,0.189,0.592,681.689
510,COMPLETE,-7.566,7,180.000,0.6,4,,0.400,750.0,6500.000,2.0,3.750000e-05,0.120,0.300,2,10,10,0.434,0.048,0.009,0.402,0.351,0.495,533.799
511,COMPLETE,-6.370,7,225.000,0.6,6,,0.160,750.0,6500.000,2.0,4.750000e-05,0.120,0.900,3,10,10,0.630,0.026,0.017,0.567,0.503,0.579,497.819
512,COMPLETE,0.241,7,195.000,0.6,8,,0.260,750.0,3750.000,2.0,4.500000e-05,0.100,0.200,0,10,0,0.241,0.188,0.978,0.193,0.216,0.622,926.346
513,COMPLETE,-6.554,5,195.000,0.6,11,,0.500,750.0,7500.000,2.0,2.750000e-05,0.100,0.800,3,10,10,0.446,0.019,0.006,0.395,0.459,0.584,368.214
514,COMPLETE,-7.391,7,285.000,0.6,7,,0.380,750.0,7000.000,2.0,6.000000e-05,0.120,0.300,2,10,10,0.609,0.015,0.034,0.747,0.421,0.513,417.663
515,COMPLETE,-9.686,3,240.000,0.6,12,,0.440,750.0,4750.000,2.0,5.250000e-05,0.060,0.100,0,10,10,0.314,0.004,0.023,0.443,0.246,0.485,263.759
516,COMPLETE,-8.648,7,90.000,0.6,2,,0.500,750.0,3750.000,2.0,4.500000e-05,0.040,0.700,1,10,10,0.352,0.035,0.001,0.286,0.315,0.588,448.534
517,COMPLETE,0.246,7,210.000,0.6,3,,0.120,750.0,3750.000,2.0,1.750000e-05,0.080,0.500,0,10,0,0.246,0.204,1.936,0.197,0.204,0.593,872.196
518,COMPLETE,-2.630,4,180.000,0.6,8,,0.540,750.0,5500.000,2.0,2.250000e-05,0.140,0.500,2,10,5,0.370,0.076,0.091,0.315,0.296,0.627,550.277
519,COMPLETE,-9.366,4,165.000,0.6,11,,0.460,750.0,4750.000,2.0,5.250000e-05,0.140,0.100,0,10,10,0.634,0.011,0.002,0.529,0.478,0.470,321.042
520,COMPLETE,-4.823,3,240.000,0.6,5,,0.380,750.0,3500.000,2.0,4.750000e-05,0.100,0.900,0,10,5,0.177,0.134,0.358,0.142,0.196,0.620,597.797
521,COMPLETE,0.255,7,135.000,0.6,12,,0.440,750.0,6250.000,2.0,2.000000e-05,0.100,0.400,1,10,1,0.255,0.083,0.107,0.209,0.250,0.619,679.152
522,COMPLETE,-8.684,7,60.000,0.6,3,,0.400,750.0,4000.000,2.0,2.250000e-05,0.060,0.900,1,10,10,0.316,0.039,0.004,0.314,0.276,0.583,456.900
523,COMPLETE,1.342,6,300.000,0.6,11,,0.540,750.0,7000.000,2.0,1.750000e-05,0.070,0.300,1,10,0,0.342,0.168,1.190,0.293,0.264,0.653,816.544
524,COMPLETE,0.360,8,195.000,0.6,5,,0.140,750.0,7250.000,2.0,1.250000e-05,0.110,0.800,0,10,0,0.360,0.118,0.709,0.288,0.279,0.566,780.251
525,COMPLETE,-6.820,3,225.000,0.6,6,,0.180,750.0,3750.000,2.0,4.000000e-05,0.050,0.600,0,10,7,0.180,0.101,0.273,0.166,0.229,0.686,481.233
526,COMPLETE,-6.828,3,330.000,0.6,2,,0.460,750.0,6750.000,2.0,2.250000e-05,0.090,0.700,0,10,7,0.172,0.107,0.210,0.146,0.162,0.681,521.080
527,COMPLETE,0.174,5,300.000,0.6,5,,0.300,750.0,4250.000,2.0,5.500000e-05,0.040,0.400,0,10,0,0.174,0.235,1.073,0.150,0.149,0.736,883.968
528,COMPLETE,5.764,8,120.000,0.6,5,,0.600,750.0,4250.000,2.0,2.000000e-05,0.050,0.700,5,10,0,0.764,0.110,0.865,0.723,0.560,0.656,692.265
529,COMPLETE,-4.738,5,345.000,0.6,10,,0.300,750.0,5500.000,2.0,5.500000e-05,0.120,0.600,1,10,6,0.262,0.202,0.369,0.218,0.249,0.644,803.926
530,COMPLETE,-7.597,5,240.000,0.6,8,,0.360,750.0,5750.000,2.0,4.250000e-05,0.120,0.100,2,10,10,0.403,0.092,0.042,0.417,0.337,0.653,491.553
531,COMPLETE,-6.396,1,300.000,0.6,7,,0.540,750.0,5500.000,2.0,3.500000e-05,0.120,0.700,3,10,10,0.604,0.003,0.010,0.624,0.557,0.534,187.056
532,COMPLETE,-7.620,1,240.000,0.6,11,,0.260,750.0,3500.000,2.0,5.250000e-05,0.060,1.000,2,10,10,0.380,0.002,0.010,0.478,0.252,0.472,187.760
533,COMPLETE,0.185,8,285.000,0.6,7,,0.120,750.0,5750.000,2.0,1.500000e-05,0.060,0.100,0,10,0,0.185,0.233,2.114,0.148,0.229,0.669,1001.214
534,COMPLETE,-9.611,3,195.000,0.6,10,,0.480,750.0,6750.000,2.0,4.250000e-05,0.080,0.200,0,10,10,0.389,0.004,0.002,0.469,0.402,0.518,277.570
535,COMPLETE,0.212,8,360.000,0.6,3,,0.100,750.0,5750.000,2.0,5.500000e-05,0.140,0.000,0,10,0,0.212,0.265,1.082,0.169,0.246,0.587,1092.879
536,COMPLETE,-9.665,6,120.000,0.6,9,,0.380,750.0,7250.000,2.0,3.000000e-05,0.050,0.500,0,10,10,0.335,0.011,0.001,0.418,0.238,0.715,421.075
537,COMPLETE,-9.321,2,60.000,0.6,12,,0.460,750.0,5750.000,2.0,5.750000e-05,0.120,0.700,0,10,10,0.679,0.006,0.001,0.557,0.462,0.481,252.806
538,COMPLETE,0.152,4,270.000,0.6,5,,0.480,750.0,5500.000,2.0,2.500000e-05,0.050,0.700,0,10,0,0.152,0.140,0.606,0.130,0.163,0.614,661.773
539,COMPLETE,0.216,5,210.000,0.6,5,,0.600,750.0,6250.000,2.0,1.500000e-05,0.070,0.100,0,10,0,0.216,0.106,0.554,0.180,0.169,0.701,650.862
540,COMPLETE,-9.458,1,180.000,0.6,10,,0.520,750.0,6750.000,2.0,4.250000e-05,0.070,0.400,0,10,10,0.542,0.003,0.001,0.551,0.385,0.647,206.056
541,COMPLETE,-9.808,1,345.000,0.6,9,,0.300,750.0,5000.000,2.0,1.750000e-05,0.070,0.100,0,10,10,0.192,0.049,0.088,0.182,0.176,0.593,317.021
542,COMPLETE,-8.429,4,315.000,0.6,3,,0.200,750.0,6250.000,2.0,5.750000e-05,0.140,0.500,1,10,10,0.571,0.015,0.028,0.588,0.398,0.474,311.172
543,COMPLETE,-8.592,5,180.000,0.6,3,,0.220,750.0,6750.000,2.0,4.750000e-05,0.080,0.900,1,10,10,0.408,0.004,0.002,0.416,0.524,0.542,342.437
544,COMPLETE,1.366,8,345.000,0.6,5,,0.320,750.0,6250.000,2.0,1.250000e-05,0.060,0.300,1,10,0,0.366,0.257,2.672,0.300,0.254,0.514,1009.313
545,COMPLETE,-9.437,3,120.000,0.6,5,,0.320,750.0,6750.000,2.0,4.250000e-05,0.100,0.200,0,10,10,0.563,0.013,0.001,0.513,0.367,0.441,305.307
546,COMPLETE,-5.591,5,120.000,0.6,2,,0.480,750.0,3000.000,2.0,5.750000e-05,0.100,0.600,3,10,9,0.409,0.087,0.021,0.375,0.349,0.638,476.836
547,COMPLETE,-9.512,1,105.000,0.6,3,,0.580,750.0,7250.000,2.0,3.750000e-05,0.050,0.100,0,10,10,0.488,0.004,0.001,0.436,0.315,0.584,211.177
548,COMPLETE,-9.564,1,360.000,0.6,12,,0.520,750.0,7000.000,2.0,2.750000e-05,0.090,0.400,0,10,10,0.436,0.003,0.019,0.586,0.303,0.634,189.235
549,COMPLETE,-8.414,8,120.000,0.6,11,,0.460,750.0,6250.000,2.0,3.750000e-05,0.120,0.500,1,10,10,0.586,0.024,0.001,0.522,0.436,0.460,516.659
550,COMPLETE,-9.421,2,75.000,0.6,2,,0.280,750.0,6500.000,2.0,4.750000e-05,0.120,0.200,0,10,10,0.579,0.006,0.001,0.467,0.433,0.474,243.676
551,COMPLETE,-8.688,1,315.000,0.6,12,,0.580,750.0,6750.000,2.0,4.000000e-05,0.110,0.600,1,10,10,0.312,0.003,0.006,0.466,0.269,0.392,185.791
552,COMPLETE,-3.738,5,180.000,0.6,2,,0.580,750.0,4000.000,2.0,4.750000e-05,0.140,0.600,1,10,5,0.262,0.119,0.125,0.217,0.269,0.669,649.671
553,COMPLETE,0.177,4,270.000,0.6,8,,0.280,750.0,4500.000,2.0,3.750000e-05,0.040,0.200,0,10,0,0.177,0.169,0.718,0.151,0.137,0.766,716.459
554,COMPLETE,6.724,7,255.000,0.6,4,,0.240,750.0,5250.000,2.0,2.250000e-05,0.120,1.000,6,10,0,0.724,0.183,1.478,0.599,0.600,0.547,863.114
555,COMPLETE,-9.370,4,120.000,0.6,6,,0.120,750.0,6500.000,2.0,4.000000e-05,0.100,0.200,0,10,10,0.630,0.021,0.001,0.521,0.479,0.562,352.364
556,COMPLETE,-8.564,5,255.000,0.6,12,,0.380,750.0,5750.000,2.0,4.750000e-05,0.050,0.200,1,10,10,0.436,0.015,0.031,0.674,0.244,0.598,349.277
557,COMPLETE,-9.595,4,60.000,0.6,9,,0.180,750.0,3250.000,2.0,3.000000e-05,0.050,0.200,0,10,10,0.405,0.015,0.001,0.324,0.328,0.575,341.217
558,COMPLETE,2.469,8,120.000,0.6,2,,0.100,750.0,5500.000,2.0,1.000000e-05,0.110,0.400,2,10,0,0.469,0.079,0.529,0.381,0.439,0.554,609.029
559,COMPLETE,0.270,3,270.000,0.6,7,,0.460,750.0,3250.000,2.0,5.750000e-05,0.070,0.400,1,10,1,0.270,0.164,0.621,0.231,0.226,0.680,645.747
560,COMPLETE,-9.799,1,285.000,0.6,6,,0.340,750.0,4500.000,2.0,4.750000e-05,0.040,0.600,0,10,10,0.201,0.002,0.016,0.434,0.198,0.541,191.361
561,COMPLETE,-9.797,6,150.000,0.6,8,,0.280,750.0,5500.000,2.0,4.500000e-05,0.040,0.400,0,10,10,0.203,0.003,0.003,0.332,0.252,0.590,386.616
562,COMPLETE,-9.634,3,225.000,0.6,2,,0.160,750.0,6250.000,2.0,5.750000e-05,0.060,0.800,0,10,10,0.366,0.002,0.005,0.432,0.407,0.570,262.319
563,COMPLETE,-8.763,8,135.000,0.6,2,,0.220,750.0,6000.000,2.0,3.250000e-05,0.100,0.700,1,10,10,0.237,0.057,0.006,0.193,0.320,0.616,565.196
564,COMPLETE,-8.645,8,150.000,0.6,11,,0.460,750.0,6250.000,2.0,4.000000e-05,0.140,0.200,1,10,10,0.355,0.032,0.004,0.399,0.293,0.551,526.857
565,COMPLETE,-6.310,1,270.000,0.6,10,,0.200,750.0,6750.000,2.0,6.000000e-05,0.080,0.900,3,10,10,0.690,0.002,0.004,0.622,0.547,0.401,189.790
566,COMPLETE,-8.455,6,330.000,0.6,3,,0.520,750.0,7500.000,2.0,4.250000e-05,0.060,0.500,1,10,10,0.545,0.034,0.070,0.805,0.328,0.597,403.350
567,COMPLETE,-5.824,4,315.000,0.6,8,,0.260,750.0,4250.000,2.0,5.750000e-05,0.060,1.000,0,10,6,0.176,0.206,0.650,0.141,0.197,0.620,747.492
568,COMPLETE,2.422,8,255.000,0.6,6,,0.560,750.0,3750.000,2.0,4.750000e-05,0.050,0.500,2,10,0,0.422,0.293,2.616,0.411,0.283,0.537,1026.738
569,COMPLETE,9.999,7,315.000,0.6,12,,0.600,750.0,4750.000,2.0,1.000000e-05,0.090,0.400,9,10,0,0.999,0.244,3.814,0.857,0.734,0.583,972.007
570,COMPLETE,-9.332,3,120.000,0.6,2,,0.380,750.0,4500.000,2.0,5.750000e-05,0.140,0.300,0,10,10,0.668,0.014,0.001,0.553,0.397,0.533,299.290
571,COMPLETE,-9.404,1,75.000,0.6,3,,0.440,750.0,4500.000,2.0,2.500000e-05,0.140,0.600,0,10,10,0.596,0.004,0.001,0.490,0.461,0.450,204.107
572,COMPLETE,-9.381,1,60.000,0.6,9,,0.120,750.0,6750.000,2.0,2.000000e-05,0.080,1.000,0,10,10,0.619,0.002,0.001,0.533,0.474,0.491,208.389
573,COMPLETE,-9.743,5,120.000,0.6,6,,0.320,750.0,6250.000,2.0,2.750000e-05,0.040,0.400,0,10,10,0.257,0.007,0.001,0.318,0.197,0.778,367.148
574,COMPLETE,-9.485,2,60.000,0.6,12,,0.440,750.0,3750.000,2.0,5.500000e-05,0.060,0.600,0,10,10,0.515,0.007,0.001,0.430,0.435,0.558,253.736
575,COMPLETE,8.994,5,315.000,0.6,7,,0.560,750.0,3000.000,2.0,3.750000e-05,0.120,1.000,8,10,0,0.994,0.273,3.522,0.836,0.802,0.616,963.854
576,COMPLETE,-7.665,4,315.000,0.6,7,,0.560,750.0,6000.000,2.0,4.000000e-05,0.100,1.000,2,10,10,0.335,0.118,0.143,0.317,0.327,0.625,544.875
577,COMPLETE,-5.555,4,315.000,0.6,7,,0.560,750.0,6000.000,2.0,3.750000e-05,0.130,1.000,2,10,8,0.445,0.135,0.182,0.373,0.413,0.569,657.482
578,COMPLETE,-1.087,4,315.000,0.6,7,,0.560,750.0,6250.000,2.0,4.500000e-05,0.130,1.000,8,10,10,0.913,0.037,0.052,0.786,0.714,0.471,355.946
579,COMPLETE,-5.555,4,315.000,0.6,7,,0.560,750.0,6000.000,2.0,3.750000e-05,0.130,1.000,2,10,8,0.445,0.135,0.182,0.373,0.413,0.569,652.978
580,COMPLETE,8.998,4,315.000,0.6,7,,0.560,750.0,3250.000,2.0,3.750000e-05,0.130,1.000,8,10,0,0.998,0.223,2.514,0.825,0.819,0.576,836.096
581,COMPLETE,-4.647,5,315.000,0.6,7,,0.560,750.0,6000.000,2.0,4.500000e-05,0.130,1.000,2,10,7,0.353,0.165,0.235,0.305,0.346,0.651,735.579
582,COMPLETE,6.723,5,315.000,0.6,7,,0.580,750.0,6250.000,2.0,2.750000e-05,0.130,1.000,6,10,0,0.723,0.156,0.784,0.605,0.613,0.572,777.567
583,COMPLETE,0.243,5,315.000,0.6,7,,0.600,750.0,6000.000,2.0,2.750000e-05,0.040,1.000,0,10,0,0.243,0.185,1.021,0.200,0.170,0.710,778.511
584,COMPLETE,0.203,5,315.000,0.6,7,,0.580,750.0,6000.000,2.0,2.750000e-05,0.040,1.000,0,10,0,0.203,0.186,1.012,0.186,0.160,0.633,788.117
585,COMPLETE,0.190,5,315.000,0.6,7,,0.600,750.0,5250.000,2.0,4.500000e-05,0.040,1.000,0,10,0,0.190,0.210,0.793,0.184,0.129,0.697,814.901
586,COMPLETE,-8.643,4,315.000,0.6,7,,0.600,750.0,6000.000,2.0,4.500000e-05,0.040,1.000,1,10,10,0.357,0.008,0.062,0.481,0.270,0.695,305.405
587,COMPLETE,-4.272,4,315.000,0.6,9,,0.600,750.0,6000.000,2.0,4.500000e-05,0.130,1.000,5,10,10,0.728,0.082,0.075,0.636,0.601,0.555,415.955
588,COMPLETE,-8.527,4,315.000,0.6,9,,0.600,750.0,6000.000,2.0,4.500000e-05,0.040,1.000,1,10,10,0.473,0.008,0.056,0.535,0.386,0.740,311.241
589,COMPLETE,-4.272,4,315.000,0.6,9,,0.600,750.0,6000.000,2.0,4.500000e-05,0.130,1.000,5,10,10,0.728,0.082,0.075,0.636,0.601,0.555,413.390
590,COMPLETE,8.997,4,315.000,0.6,9,,0.600,750.0,3000.000,2.0,2.750000e-05,0.130,1.000,8,10,0,0.997,0.224,3.060,0.833,0.801,0.508,855.375
591,COMPLETE,8.986,5,270.000,0.6,8,,0.600,750.0,3000.000,2.0,2.750000e-05,0.130,1.000,8,10,0,0.986,0.228,3.097,0.815,0.799,0.533,872.688
592,COMPLETE,8.997,5,270.000,0.6,6,,0.600,750.0,3000.000,2.0,2.750000e-05,0.130,0.200,8,10,0,0.997,0.221,2.974,0.833,0.686,0.521,855.812
593,COMPLETE,10.000,4,270.000,0.6,7,,0.600,750.0,3000.000,2.0,4.000000e-05,0.130,1.000,9,10,0,1.000,0.197,2.138,0.834,0.804,0.610,787.867
594,COMPLETE,-9.661,4,270.000,0.6,7,,0.600,750.0,6250.000,2.0,4.500000e-05,0.040,1.000,0,10,10,0.339,0.006,0.025,0.403,0.265,0.686,303.084
595,COMPLETE,0.307,4,270.000,0.6,7,,0.600,750.0,3000.000,2.0,4.500000e-05,0.040,1.000,0,10,0,0.307,0.229,1.913,0.281,0.167,0.784,783.168
596,COMPLETE,-9.603,5,270.000,0.6,5,,0.600,750.0,6250.000,2.0,4.500000e-05,0.040,1.000,0,10,10,0.397,0.005,0.037,0.508,0.277,0.614,334.648
597,COMPLETE,3.487,6,315.000,0.6,8,,0.600,750.0,3000.000,2.0,2.750000e-05,0.040,1.000,3,10,0,0.487,0.324,4.285,0.591,0.337,0.669,983.991
598,COMPLETE,-9.717,5,270.000,0.6,8,,0.600,750.0,6250.000,2.0,4.500000e-05,0.040,1.000,0,10,10,0.283,0.005,0.031,0.455,0.230,0.798,338.298
599,COMPLETE,0.270,5,270.000,0.6,8,,0.600,750.0,3000.000,2.0,4.500000e-05,0.040,1.000,0,10,0,0.270,0.263,2.346,0.249,0.188,0.601,873.776
600,COMPLETE,8.980,5,270.000,0.6,9,,0.600,750.0,3000.000,2.0,4.500000e-05,0.130,1.000,8,10,0,0.980,0.225,2.508,0.819,0.797,0.534,883.334
601,COMPLETE,8.980,5,270.000,0.6,9,,0.600,750.0,3000.000,2.0,4.500000e-05,0.130,1.000,8,10,0,0.980,0.225,2.508,0.819,0.797,0.534,890.888
602,COMPLETE,-3.503,5,270.000,0.6,5,,0.600,750.0,6000.000,2.0,4.500000e-05,0.140,1.000,4,10,8,0.497,0.117,0.076,0.442,0.469,0.721,608.444
603,COMPLETE,9.996,5,270.000,0.6,5,,0.600,750.0,3000.000,2.0,4.500000e-05,0.130,1.000,9,10,0,0.996,0.228,2.544,0.832,0.806,0.550,885.747
604,COMPLETE,7.984,5,270.000,0.6,5,,0.600,750.0,3000.000,2.0,4.500000e-05,0.140,1.000,7,10,0,0.984,0.229,2.557,0.804,0.826,0.594,884.850
605,COMPLETE,9.996,5,270.000,0.6,5,,0.600,750.0,3000.000,2.0,4.500000e-05,0.130,1.000,9,10,0,0.996,0.228,2.544,0.832,0.806,0.550,897.547
606,COMPLETE,10.000,5,270.000,0.6,9,,0.600,750.0,3000.000,2.0,4.500000e-05,0.100,1.000,9,10,0,1.000,0.241,2.774,0.842,0.818,0.603,912.888
607,COMPLETE,-6.454,5,270.000,0.6,8,,0.600,750.0,6250.000,2.0,4.500000e-05,0.100,1.000,3,10,10,0.546,0.062,0.044,0.475,0.566,0.597,440.293
608,COMPLETE,11.000,5,270.000,0.6,5,,0.600,750.0,3000.000,2.0,4.500000e-05,0.100,1.000,10,10,0,1.000,0.241,2.790,0.853,0.842,0.597,891.620
609,COMPLETE,9.934,5,270.000,0.6,5,,0.600,750.0,3000.000,2.0,4.000000e-05,0.100,1.000,9,10,0,0.934,0.236,2.783,0.788,0.755,0.543,886.674
610,COMPLETE,7.995,5,315.000,0.6,8,,0.600,750.0,3000.000,2.0,3.500000e-05,0.130,0.200,7,10,0,0.995,0.264,3.555,0.839,0.703,0.561,950.351
611,COMPLETE,0.196,5,315.000,0.6,8,,0.600,750.0,5250.000,2.0,3.500000e-05,0.100,0.200,0,10,0,0.196,0.186,0.938,0.159,0.182,0.638,833.943
612,COMPLETE,0.196,5,315.000,0.6,8,,0.600,750.0,6250.000,2.0,3.500000e-05,0.090,1.000,0,10,0,0.196,0.162,0.432,0.156,0.184,0.664,787.634
613,COMPLETE,-4.420,5,270.000,0.6,5,,0.600,750.0,6250.000,2.0,4.500000e-05,0.100,1.000,5,10,10,0.580,0.063,0.046,0.512,0.553,0.565,434.307
614,COMPLETE,-5.135,6,270.000,0.6,5,,0.600,750.0,7250.000,2.0,4.500000e-05,0.100,1.000,4,10,10,0.865,0.017,0.040,0.716,0.672,0.346,385.866
615,COMPLETE,8.992,5,285.000,0.6,5,,0.600,750.0,3000.000,2.0,4.500000e-05,0.130,0.400,8,10,0,0.992,0.238,2.726,0.827,0.725,0.525,905.397
616,COMPLETE,11.000,5,270.000,0.6,5,,0.600,750.0,3000.000,2.0,4.500000e-05,0.100,1.000,10,10,0,1.000,0.241,2.790,0.853,0.842,0.597,901.574
617,COMPLETE,-5.328,5,270.000,0.6,9,,0.600,750.0,7250.000,2.0,4.500000e-05,0.100,1.000,4,10,10,0.672,0.009,0.020,0.650,0.531,0.441,338.437
618,COMPLETE,-7.368,5,270.000,0.6,5,,0.600,750.0,7250.000,2.0,4.500000e-05,0.100,1.000,2,10,10,0.632,0.009,0.019,0.621,0.492,0.476,341.361
619,COMPLETE,-9.458,5,285.000,0.6,5,,0.600,750.0,7250.000,2.0,4.500000e-05,0.100,0.200,0,10,10,0.542,0.009,0.023,0.576,0.372,0.524,336.015
620,COMPLETE,-6.661,5,315.000,0.6,5,,0.600,750.0,6250.000,2.0,4.500000e-05,0.130,1.000,2,10,9,0.339,0.144,0.155,0.285,0.326,0.652,655.089
621,COMPLETE,-8.460,5,315.000,0.6,5,,0.600,750.0,7250.000,2.0,4.500000e-05,0.130,1.000,1,10,10,0.540,0.014,0.039,0.534,0.398,0.348,361.555
622,COMPLETE,-2.810,6,270.000,0.6,5,,0.600,750.0,6250.000,2.0,3.500000e-05,0.120,1.000,0,10,3,0.190,0.154,0.344,0.158,0.200,0.586,821.134
623,COMPLETE,-5.653,5,270.000,0.6,5,,0.600,750.0,6250.000,2.0,3.500000e-05,0.130,1.000,2,10,8,0.347,0.129,0.161,0.294,0.348,0.646,680.719
624,COMPLETE,9.996,5,270.000,0.6,5,,0.600,750.0,3000.000,2.0,4.500000e-05,0.130,1.000,9,10,0,0.996,0.228,2.544,0.832,0.806,0.550,889.689
625,COMPLETE,-4.246,5,270.000,0.6,5,,0.600,750.0,6250.000,2.0,4.500000e-05,0.130,1.000,5,10,10,0.754,0.064,0.041,0.639,0.626,0.569,453.771
626,COMPLETE,9.996,5,270.000,0.6,5,,0.600,750.0,3000.000,2.0,4.500000e-05,0.130,1.000,9,10,0,0.996,0.228,2.544,0.832,0.806,0.550,891.425
627,COMPLETE,-6.242,6,270.000,0.6,5,,0.580,750.0,7250.000,2.0,4.500000e-05,0.130,1.000,3,10,10,0.758,0.014,0.029,0.662,0.596,0.415,400.627
628,COMPLETE,8.991,5,270.000,0.6,9,,0.600,750.0,3000.000,2.0,4.500000e-05,0.130,0.800,8,10,0,0.991,0.225,2.476,0.829,0.759,0.600,895.027
629,COMPLETE,-5.490,6,270.000,0.6,5,,0.600,750.0,6250.000,2.0,4.500000e-05,0.120,1.000,4,10,10,0.510,0.130,0.125,0.443,0.457,0.617,701.962
630,COMPLETE,11.000,5,270.000,0.6,9,,0.600,750.0,3000.000,2.0,4.500000e-05,0.120,0.800,10,10,0,1.000,0.229,2.569,0.833,0.744,0.530,903.538
631,COMPLETE,-7.236,4,285.000,0.6,5,,0.600,750.0,6250.000,2.0,4.500000e-05,0.120,0.200,2,10,10,0.764,0.010,0.026,0.726,0.440,0.479,304.934
632,COMPLETE,-8.578,4,270.000,0.6,5,,0.600,750.0,6000.000,2.0,4.500000e-05,0.130,1.000,1,10,10,0.422,0.013,0.021,0.537,0.447,0.387,323.355
633,COMPLETE,-8.578,4,270.000,0.6,5,,0.600,750.0,6000.000,2.0,4.500000e-05,0.130,1.000,1,10,10,0.422,0.013,0.021,0.537,0.447,0.387,322.553
634,COMPLETE,-9.804,6,270.000,0.6,5,,0.600,750.0,6000.000,2.0,4.500000e-05,0.130,0.200,0,10,10,0.196,0.166,0.190,0.157,0.175,0.675,763.446
635,COMPLETE,-3.584,6,270.000,0.6,5,,0.600,750.0,6000.000,2.0,4.500000e-05,0.130,0.800,3,10,7,0.416,0.153,0.180,0.365,0.368,0.590,754.631
636,COMPLETE,-7.753,6,285.000,0.6,5,,0.600,750.0,6000.000,2.0,4.500000e-05,0.130,0.800,1,10,9,0.247,0.165,0.272,0.203,0.272,0.617,805.835
637,COMPLETE,7.990,6,270.000,0.6,5,,0.600,750.0,3000.000,2.0,4.500000e-05,0.130,0.800,7,10,0,0.990,0.263,3.182,0.828,0.777,0.625,976.638
638,COMPLETE,11.000,4,270.000,0.6,5,,0.600,750.0,3000.000,2.0,4.500000e-05,0.120,0.800,10,10,0,1.000,0.199,2.019,0.862,0.775,0.580,794.218
639,COMPLETE,-2.262,4,285.000,0.6,5,,0.600,750.0,6250.000,2.0,3.500000e-05,0.130,0.800,7,10,10,0.738,0.108,0.097,0.647,0.598,0.671,492.568
640,COMPLETE,-6.576,6,270.000,0.6,5,,0.600,750.0,6250.000,2.0,4.500000e-05,0.130,0.800,3,10,10,0.424,0.137,0.128,0.370,0.370,0.685,670.903
641,COMPLETE,7.990,6,270.000,0.6,5,,0.600,750.0,3000.000,2.0,4.500000e-05,0.130,0.800,7,10,0,0.990,0.263,3.182,0.828,0.777,0.625,958.326
642,COMPLETE,-8.395,4,270.000,0.6,5,,0.600,750.0,6000.000,2.0,4.500000e-05,0.130,0.900,1,10,10,0.605,0.009,0.022,0.597,0.485,0.290,313.873
643,COMPLETE,8.998,6,270.000,0.6,5,,0.600,750.0,3000.000,2.0,4.500000e-05,0.130,0.900,8,10,0,0.998,0.257,3.101,0.827,0.763,0.503,971.578
644,COMPLETE,-8.395,4,270.000,0.6,5,,0.600,750.0,6000.000,2.0,4.500000e-05,0.130,0.900,1,10,10,0.605,0.009,0.022,0.597,0.485,0.290,309.388
645,COMPLETE,-6.587,4,270.000,0.6,10,,0.600,750.0,6000.000,2.0,3.500000e-05,0.120,0.900,3,10,10,0.413,0.109,0.098,0.361,0.398,0.718,546.287
646,COMPLETE,-8.395,4,270.000,0.6,5,,0.600,750.0,6000.000,2.0,4.500000e-05,0.130,0.900,1,10,10,0.605,0.009,0.022,0.597,0.485,0.290,309.144
647,COMPLETE,-6.253,4,270.000,0.6,5,,0.600,750.0,6000.000,2.0,4.500000e-05,0.130,0.500,3,10,10,0.747,0.008,0.021,0.731,0.537,0.481,324.605
648,COMPLETE,-6.253,4,270.000,0.6,5,,0.600,750.0,6000.000,2.0,4.500000e-05,0.130,0.500,3,10,10,0.747,0.008,0.021,0.731,0.537,0.481,324.212
649,COMPLETE,-3.493,4,270.000,0.6,5,,0.600,750.0,6000.000,2.0,3.500000e-05,0.130,0.500,4,10,8,0.507,0.110,0.104,0.440,0.422,0.726,565.204
650,COMPLETE,-6.253,4,270.000,0.6,5,,0.600,750.0,6000.000,2.0,4.500000e-05,0.130,0.500,3,10,10,0.747,0.008,0.021,0.731,0.537,0.481,320.141
651,COMPLETE,-6.253,4,270.000,0.6,5,,0.600,750.0,6000.000,2.0,4.500000e-05,0.130,0.500,3,10,10,0.747,0.008,0.021,0.731,0.537,0.481,324.852
652,COMPLETE,-8.542,4,270.000,0.6,5,,0.600,750.0,6250.000,2.0,4.500000e-05,0.130,0.800,1,10,10,0.458,0.010,0.022,0.540,0.472,0.555,312.950
653,COMPLETE,-7.344,4,270.000,0.6,5,,0.600,750.0,6000.000,2.0,4.500000e-05,0.130,0.800,2,10,10,0.656,0.015,0.024,0.558,0.563,0.692,321.409
654,COMPLETE,-7.498,4,270.000,0.6,5,,0.560,750.0,6250.000,2.0,4.500000e-05,0.130,0.700,2,10,10,0.502,0.011,0.021,0.606,0.370,0.403,307.742
655,COMPLETE,-2.800,4,270.000,0.6,5,,0.560,750.0,4250.000,2.0,5.000000e-05,0.130,0.700,0,10,3,0.200,0.157,0.384,0.160,0.201,0.682,725.283
656,COMPLETE,-6.354,4,270.000,0.6,9,,0.600,750.0,6250.000,2.0,4.500000e-05,0.130,0.700,3,10,10,0.646,0.010,0.028,0.655,0.481,0.550,311.185
657,COMPLETE,0.210,4,270.000,0.6,9,,0.600,750.0,4250.000,2.0,4.500000e-05,0.130,0.700,0,10,0,0.210,0.158,0.507,0.169,0.183,0.601,733.577
658,COMPLETE,-4.501,4,270.000,0.6,9,,0.600,750.0,5000.000,2.0,4.500000e-05,0.120,0.700,4,10,9,0.499,0.134,0.179,0.438,0.434,0.730,577.397
659,COMPLETE,-7.420,4,270.000,0.6,9,,0.600,750.0,6250.000,2.0,4.500000e-05,0.120,0.800,2,10,10,0.580,0.008,0.022,0.778,0.365,0.634,314.490
660,COMPLETE,-7.420,4,270.000,0.6,9,,0.600,750.0,6250.000,2.0,4.500000e-05,0.120,0.800,2,10,10,0.580,0.008,0.022,0.778,0.365,0.634,313.424
661,COMPLETE,-6.289,4,285.000,0.6,5,,0.600,750.0,6250.000,2.0,4.500000e-05,0.130,0.800,3,10,10,0.711,0.011,0.034,0.658,0.528,0.578,320.124
662,COMPLETE,-7.565,4,270.000,0.6,9,,0.600,750.0,6250.000,2.0,4.500000e-05,0.120,0.400,2,10,10,0.435,0.007,0.024,0.575,0.349,0.622,307.003
663,COMPLETE,-7.420,4,270.000,0.6,9,,0.600,750.0,6250.000,2.0,4.500000e-05,0.120,0.800,2,10,10,0.580,0.008,0.022,0.778,0.365,0.634,309.044
664,COMPLETE,-6.279,4,270.000,0.6,9,,0.600,750.0,6250.000,2.0,4.500000e-05,0.120,0.700,3,10,10,0.721,0.011,0.026,0.717,0.536,0.506,310.014
665,COMPLETE,0.252,4,270.000,0.6,9,,0.560,750.0,3750.000,2.0,4.500000e-05,0.130,0.200,0,10,0,0.252,0.167,0.796,0.214,0.224,0.647,768.206
666,COMPLETE,0.192,4,270.000,0.6,9,,0.600,750.0,3750.000,2.0,5.250000e-05,0.130,0.200,0,10,0,0.192,0.172,0.647,0.154,0.217,0.688,777.991
667,COMPLETE,8.992,7,270.000,0.6,4,,0.560,750.0,3750.000,2.0,3.500000e-05,0.130,0.800,8,10,0,0.992,0.242,2.796,0.818,0.782,0.560,987.003
668,COMPLETE,8.999,8,270.000,0.6,4,,0.600,750.0,3750.000,2.0,4.500000e-05,0.130,0.800,8,10,0,0.999,0.271,3.047,0.841,0.743,0.547,1056.769
669,COMPLETE,11.000,7,270.000,0.6,4,,0.560,750.0,3750.000,2.0,5.250000e-05,0.130,0.800,10,10,0,1.000,0.248,2.275,0.842,0.801,0.551,1008.647
670,COMPLETE,-8.423,4,270.000,0.6,4,,0.560,750.0,7250.000,2.0,5.250000e-05,0.130,0.800,1,10,10,0.577,0.007,0.015,0.651,0.412,0.449,301.649
671,COMPLETE,-0.831,6,270.000,0.6,5,,0.560,750.0,6250.000,2.0,3.500000e-05,0.130,0.800,0,10,1,0.169,0.159,0.376,0.135,0.190,0.657,814.621
672,COMPLETE,-6.397,4,270.000,0.6,5,,0.560,750.0,6250.000,2.0,5.250000e-05,0.130,0.800,3,10,10,0.603,0.008,0.020,0.613,0.499,0.586,307.294
673,COMPLETE,-7.542,4,270.000,0.6,4,,0.580,750.0,7500.000,2.0,5.250000e-05,0.130,0.800,2,10,10,0.458,0.006,0.012,0.518,0.483,0.321,305.352
674,COMPLETE,1.321,4,270.000,0.6,4,,0.580,750.0,3750.000,2.0,4.500000e-05,0.130,0.800,1,10,0,0.321,0.173,0.914,0.272,0.268,0.620,752.670
675,COMPLETE,9.997,8,285.000,0.6,5,,0.600,750.0,3750.000,2.0,5.250000e-05,0.130,0.800,9,10,0,0.997,0.284,2.993,0.840,0.791,0.518,1102.043
676,COMPLETE,11.000,4,285.000,0.6,5,,0.600,750.0,3750.000,2.0,3.500000e-05,0.130,0.800,10,10,0,1.000,0.173,1.644,0.870,0.803,0.587,755.836
677,COMPLETE,9.997,8,285.000,0.6,5,,0.600,750.0,3750.000,2.0,5.250000e-05,0.130,0.800,9,10,0,0.997,0.284,2.993,0.840,0.791,0.518,1098.057
678,COMPLETE,11.000,4,285.000,0.6,5,,0.600,750.0,3750.000,2.0,3.500000e-05,0.130,0.800,10,10,0,1.000,0.173,1.644,0.870,0.803,0.587,753.988
679,COMPLETE,9.997,8,270.000,0.6,5,,0.600,750.0,3750.000,2.0,3.500000e-05,0.130,0.800,9,10,0,0.997,0.265,3.324,0.837,0.735,0.585,1060.147
680,COMPLETE,0.218,8,285.000,0.6,5,,0.600,750.0,6250.000,2.0,4.500000e-05,0.130,0.200,0,10,0,0.218,0.203,0.530,0.174,0.195,0.607,990.849
681,COMPLETE,-8.743,4,285.000,0.6,5,,0.580,750.0,6250.000,2.0,3.500000e-05,0.130,0.700,1,10,10,0.257,0.103,0.070,0.210,0.254,0.678,540.988
682,COMPLETE,-6.767,5,270.000,0.6,5,,0.600,750.0,6250.000,2.0,3.500000e-05,0.130,0.700,1,10,8,0.233,0.129,0.159,0.195,0.249,0.642,688.312
683,COMPLETE,4.630,8,270.000,0.6,5,,0.600,750.0,6250.000,2.0,3.500000e-05,0.130,0.700,4,10,0,0.630,0.189,0.911,0.530,0.504,0.594,958.219
684,COMPLETE,-6.576,6,270.000,0.6,5,,0.600,750.0,6250.000,2.0,4.500000e-05,0.130,0.800,3,10,10,0.424,0.137,0.128,0.370,0.370,0.685,658.902
685,COMPLETE,-5.488,6,270.000,0.6,4,,0.600,750.0,6250.000,2.0,4.500000e-05,0.130,0.800,4,10,10,0.512,0.148,0.110,0.436,0.454,0.697,663.226
686,COMPLETE,6.983,8,285.000,0.6,5,,0.500,750.0,3000.000,2.0,3.500000e-05,0.130,0.800,6,10,0,0.983,0.329,4.407,0.804,0.730,0.506,1134.286
687,COMPLETE,9.998,4,285.000,0.6,5,,0.600,750.0,3000.000,2.0,3.500000e-05,0.110,0.800,9,10,0,0.998,0.212,2.586,0.848,0.803,0.548,808.168
688,COMPLETE,4.988,6,285.000,0.6,4,,0.500,750.0,3000.000,2.0,3.500000e-05,0.130,0.800,4,10,0,0.988,0.273,3.460,0.810,0.730,0.634,972.966
689,COMPLETE,8.994,4,345.000,0.6,4,,0.600,750.0,3000.000,2.0,3.500000e-05,0.130,0.800,8,10,0,0.994,0.253,3.307,0.816,0.746,0.509,866.192
690,COMPLETE,7.997,6,345.000,0.6,5,,0.600,750.0,3000.000,2.0,3.500000e-05,0.130,0.800,7,10,0,0.997,0.329,4.681,0.826,0.721,0.529,1077.234
691,COMPLETE,8.989,8,345.000,0.6,5,,0.600,750.0,3000.000,2.0,2.250000e-05,0.130,0.800,8,10,0,0.989,0.398,6.320,0.825,0.721,0.485,1224.267
692,COMPLETE,11.000,4,345.000,0.6,5,,0.600,750.0,3000.000,2.0,3.500000e-05,0.130,0.800,10,10,0,1.000,0.252,3.322,0.830,0.753,0.553,867.050
693,COMPLETE,8.999,4,285.000,0.6,5,,0.560,750.0,3000.000,2.0,3.500000e-05,0.130,0.700,8,10,0,0.999,0.203,2.389,0.836,0.749,0.533,793.610
694,COMPLETE,7.987,8,285.000,0.6,5,,0.500,750.0,3250.000,2.0,3.500000e-05,0.130,0.700,7,10,0,0.987,0.314,4.080,0.814,0.739,0.559,1127.260
695,COMPLETE,6.979,8,285.000,0.6,5,,0.500,750.0,3000.000,2.0,3.500000e-05,0.130,0.700,6,10,0,0.979,0.321,4.315,0.815,0.660,0.480,1123.042
696,COMPLETE,8.999,7,285.000,0.6,5,,0.560,750.0,3000.000,2.0,3.500000e-05,0.130,0.700,8,10,0,0.999,0.302,4.130,0.831,0.742,0.505,1038.646
697,COMPLETE,11.000,5,285.000,0.6,5,,0.560,750.0,3750.000,2.0,3.500000e-05,0.130,0.700,10,10,0,1.000,0.199,2.069,0.844,0.771,0.555,846.142
698,COMPLETE,6.979,8,285.000,0.6,5,,0.500,750.0,3000.000,2.0,3.500000e-05,0.130,0.700,6,10,0,0.979,0.321,4.315,0.815,0.660,0.480,1096.839
699,COMPLETE,6.985,8,285.000,0.6,5,,0.560,750.0,3000.000,2.0,3.500000e-05,0.130,0.700,6,10,0,0.985,0.326,4.519,0.810,0.749,0.528,1096.520
700,COMPLETE,7.984,8,345.000,0.6,5,,0.600,750.0,3000.000,2.0,3.500000e-05,0.130,0.700,7,10,0,0.984,0.399,5.914,0.804,0.724,0.540,1226.093
701,COMPLETE,9.998,6,345.000,0.6,5,,0.560,750.0,3750.000,2.0,3.500000e-05,0.130,0.800,9,10,0,0.998,0.279,3.483,0.826,0.779,0.539,1007.047
702,COMPLETE,7.991,8,345.000,0.6,5,,0.560,750.0,3750.000,2.0,3.500000e-05,0.130,0.700,7,10,0,0.991,0.337,4.508,0.816,0.733,0.554,1164.089
703,COMPLETE,8.994,7,345.000,0.6,5,,0.560,750.0,3000.000,2.0,3.500000e-05,0.130,0.700,8,10,0,0.994,0.358,5.114,0.827,0.728,0.599,1117.667
704,COMPLETE,8.860,4,345.000,0.6,5,,0.600,750.0,3750.000,2.0,3.500000e-05,0.130,0.700,8,10,0,0.860,0.211,2.222,0.722,0.662,0.537,826.424
705,COMPLETE,9.930,4,285.000,0.6,5,,0.500,750.0,3000.000,2.0,3.500000e-05,0.130,0.700,9,10,0,0.930,0.207,2.309,0.782,0.713,0.582,795.641
706,COMPLETE,7.994,4,285.000,0.6,5,,0.560,750.0,3000.000,2.0,2.250000e-05,0.130,0.700,7,10,0,0.994,0.202,2.755,0.828,0.736,0.637,786.829
707,COMPLETE,11.000,7,285.000,0.6,4,,0.500,750.0,3750.000,2.0,3.500000e-05,0.130,0.700,10,10,0,1.000,0.255,2.960,0.845,0.728,0.578,1011.510
708,COMPLETE,10.000,7,285.000,0.6,4,,0.500,750.0,3000.000,2.0,3.500000e-05,0.130,0.700,9,10,0,1.000,0.302,3.995,0.837,0.770,0.587,1047.972
709,COMPLETE,5.977,7,285.000,0.6,5,,0.500,750.0,3000.000,2.0,3.500000e-05,0.130,0.700,5,10,0,0.977,0.300,3.909,0.802,0.737,0.561,1051.617
710,COMPLETE,9.999,8,285.000,0.6,5,,0.560,750.0,3750.000,2.0,3.500000e-05,0.130,0.700,9,10,0,0.999,0.281,3.546,0.841,0.758,0.563,1077.884
711,COMPLETE,9.998,7,345.000,0.6,5,,0.500,750.0,3750.000,2.0,3.500000e-05,0.130,0.700,9,10,0,0.998,0.309,3.902,0.836,0.726,0.456,1099.364
712,COMPLETE,8.936,4,345.000,0.6,5,,0.500,750.0,3750.000,2.0,3.500000e-05,0.130,0.700,8,10,0,0.936,0.213,2.177,0.784,0.726,0.581,815.080
713,COMPLETE,7.991,8,345.000,0.6,5,,0.560,750.0,3750.000,2.0,3.500000e-05,0.130,0.700,7,10,0,0.991,0.337,4.508,0.816,0.733,0.554,1140.461
714,COMPLETE,8.924,4,285.000,0.6,5,,0.560,750.0,3750.000,2.0,3.500000e-05,0.130,0.700,8,10,0,0.924,0.174,1.561,0.785,0.755,0.550,749.049
715,COMPLETE,6.970,8,345.000,0.6,4,,0.560,750.0,3000.000,2.0,3.250000e-05,0.130,0.700,6,10,0,0.970,0.382,5.553,0.789,0.677,0.541,1187.622
716,COMPLETE,7.997,7,345.000,0.6,5,,0.560,750.0,3750.000,2.0,3.500000e-05,0.130,0.700,7,10,0,0.997,0.320,4.199,0.827,0.744,0.559,1080.463
717,COMPLETE,6.989,6,345.000,0.6,5,,0.560,750.0,3750.000,2.0,3.500000e-05,0.130,0.700,6,10,0,0.989,0.280,3.449,0.803,0.782,0.569,1007.801
718,COMPLETE,6.897,8,345.000,0.6,5,,0.500,750.0,6000.000,2.0,3.500000e-05,0.130,0.700,6,10,0,0.897,0.241,1.931,0.744,0.679,0.581,1040.227
719,COMPLETE,7.994,5,345.000,0.6,5,,0.500,750.0,3000.000,2.0,3.250000e-05,0.130,0.700,7,10,0,0.994,0.287,3.806,0.828,0.723,0.510,977.525
720,COMPLETE,5.992,7,345.000,0.6,5,,0.580,750.0,3000.000,2.0,3.500000e-05,0.130,0.700,5,10,0,0.992,0.356,5.104,0.805,0.688,0.493,1126.293
721,COMPLETE,9.999,6,285.000,0.6,5,,0.500,750.0,3000.000,2.0,3.500000e-05,0.130,0.700,9,10,0,0.999,0.267,3.398,0.836,0.738,0.548,987.438
722,COMPLETE,11.000,5,285.000,0.6,5,,0.560,750.0,3750.000,2.0,3.500000e-05,0.130,0.700,10,10,0,1.000,0.199,2.069,0.844,0.771,0.555,856.429
723,COMPLETE,6.995,7,285.000,0.6,5,,0.560,750.0,3750.000,2.0,3.500000e-05,0.130,0.700,6,10,0,0.995,0.251,2.970,0.815,0.738,0.539,1000.732
724,COMPLETE,7.983,5,345.000,0.6,5,,0.500,750.0,3000.000,2.0,3.500000e-05,0.130,0.700,7,10,0,0.983,0.287,3.730,0.823,0.740,0.525,982.698
725,COMPLETE,9.999,6,285.000,0.6,5,,0.500,750.0,3000.000,2.0,3.500000e-05,0.130,0.700,9,10,0,0.999,0.267,3.398,0.836,0.738,0.548,988.791
726,COMPLETE,7.991,7,285.000,0.6,5,,0.580,750.0,3000.000,2.0,3.500000e-05,0.130,0.700,7,10,0,0.991,0.300,4.142,0.825,0.742,0.603,1087.103
727,COMPLETE,8.986,6,285.000,0.6,5,,0.560,750.0,3750.000,2.0,3.250000e-05,0.130,0.700,8,10,0,0.986,0.230,2.683,0.816,0.746,0.587,933.940
728,COMPLETE,6.985,8,285.000,0.6,5,,0.560,750.0,3000.000,2.0,3.500000e-05,0.130,0.700,6,10,0,0.985,0.326,4.519,0.810,0.749,0.528,1118.948
729,COMPLETE,6.990,7,285.000,0.6,5,,0.540,750.0,3000.000,2.0,4.500000e-05,0.130,0.700,6,10,0,0.990,0.300,3.729,0.817,0.746,0.514,1057.238
730,COMPLETE,9.935,6,285.000,0.6,5,,0.560,750.0,3000.000,2.0,3.500000e-05,0.080,0.700,9,10,0,0.935,0.292,3.871,0.804,0.740,0.579,1003.638
731,COMPLETE,8.974,6,285.000,0.6,5,,0.560,750.0,3750.000,2.0,3.500000e-05,0.130,0.700,8,10,0,0.974,0.227,2.538,0.804,0.757,0.497,920.138
732,COMPLETE,3.489,3,285.000,0.6,5,,0.560,750.0,3750.000,2.0,3.500000e-05,0.130,0.700,3,10,0,0.489,0.139,0.796,0.408,0.381,0.541,639.651
733,COMPLETE,6.949,3,285.000,0.6,5,,0.560,750.0,3000.000,2.0,3.500000e-05,0.130,0.800,6,10,0,0.949,0.167,1.693,0.783,0.742,0.604,693.985
734,COMPLETE,3.489,3,285.000,0.6,5,,0.560,750.0,3750.000,2.0,3.500000e-05,0.130,0.700,3,10,0,0.489,0.139,0.796,0.408,0.381,0.541,644.661
735,COMPLETE,7.995,7,285.000,0.6,5,,0.540,750.0,3000.000,2.0,3.500000e-05,0.130,0.700,7,10,0,0.995,0.301,4.065,0.834,0.726,0.557,1059.422
736,COMPLETE,6.985,7,345.000,0.6,5,,0.560,750.0,3000.000,2.0,5.000000e-05,0.130,0.700,6,10,0,0.985,0.352,4.547,0.808,0.690,0.526,1174.891
737,COMPLETE,10.000,3,330.000,0.6,5,,0.540,750.0,3000.000,2.0,3.500000e-05,0.130,0.700,9,10,0,1.000,0.197,2.236,0.841,0.801,0.596,734.309
738,COMPLETE,8.994,7,345.000,0.6,5,,0.560,750.0,3000.000,2.0,3.500000e-05,0.130,0.700,8,10,0,0.994,0.358,5.114,0.827,0.728,0.599,1141.090
739,COMPLETE,7.987,8,345.000,0.6,7,,0.560,750.0,3000.000,2.0,5.000000e-05,0.130,0.700,7,10,0,0.987,0.393,5.254,0.806,0.699,0.521,1230.168
740,COMPLETE,9.998,8,345.000,0.6,7,,0.560,750.0,3750.000,2.0,3.500000e-05,0.130,0.700,9,10,0,0.998,0.335,4.501,0.829,0.742,0.523,1153.326
741,COMPLETE,7.989,7,345.000,0.6,7,,0.560,750.0,3750.000,2.0,3.500000e-05,0.130,0.700,7,10,0,0.989,0.306,3.955,0.815,0.727,0.568,1084.180
742,COMPLETE,1.337,3,300.000,0.6,7,,0.560,750.0,3750.000,2.0,3.500000e-05,0.130,0.000,1,10,0,0.337,0.152,0.927,0.282,0.279,0.644,660.729
743,COMPLETE,6.982,8,300.000,0.6,7,,0.560,750.0,3750.000,2.0,3.500000e-05,0.130,0.000,6,10,0,0.982,0.286,3.640,0.842,0.644,0.552,1104.296
744,COMPLETE,6.983,8,330.000,0.6,7,,0.560,750.0,3750.000,2.0,3.500000e-05,0.130,0.000,6,10,0,0.983,0.314,4.100,0.809,0.689,0.614,1130.420
745,COMPLETE,9.998,8,345.000,0.6,7,,0.560,750.0,3750.000,2.0,3.500000e-05,0.130,0.700,9,10,0,0.998,0.335,4.501,0.829,0.742,0.523,1143.828
746,COMPLETE,8.921,4,345.000,0.6,7,,0.560,750.0,3750.000,2.0,5.000000e-05,0.130,0.700,8,10,0,0.921,0.221,1.815,0.778,0.726,0.579,853.092
747,COMPLETE,10.000,4,330.000,0.6,7,,0.560,750.0,3750.000,2.0,3.500000e-05,0.130,0.800,9,10,0,1.000,0.204,2.135,0.825,0.770,0.524,811.484
748,COMPLETE,9.992,8,345.000,0.6,7,,0.560,750.0,3750.000,2.0,3.500000e-05,0.130,0.800,9,10,0,0.992,0.338,4.529,0.819,0.727,0.551,1146.579
749,COMPLETE,5.980,8,345.000,0.6,7,,0.540,750.0,3750.000,2.0,3.500000e-05,0.130,0.700,5,10,0,0.980,0.330,4.311,0.795,0.699,0.555,1177.524
750,COMPLETE,9.997,8,330.000,0.6,7,,0.560,750.0,3750.000,2.0,3.500000e-05,0.130,0.700,9,10,0,0.997,0.321,4.251,0.829,0.690,0.598,1154.366
751,COMPLETE,7.987,8,300.000,0.6,7,,0.560,750.0,3000.000,2.0,3.500000e-05,0.130,0.700,7,10,0,0.987,0.346,4.874,0.817,0.686,0.524,1160.758
752,COMPLETE,5.980,7,300.000,0.6,7,,0.540,750.0,3750.000,2.0,1.750000e-05,0.130,0.700,5,10,0,0.980,0.262,3.759,0.801,0.643,0.598,1004.862
753,COMPLETE,8.999,4,300.000,0.6,7,,0.540,750.0,3750.000,2.0,1.750000e-05,0.130,0.700,8,10,0,0.999,0.180,2.350,0.830,0.731,0.531,737.197
754,COMPLETE,9.999,7,285.000,0.6,7,,0.540,750.0,3000.000,2.0,3.500000e-05,0.130,0.700,9,10,0,0.999,0.292,3.908,0.830,0.726,0.566,1064.255
755,COMPLETE,5.638,4,285.000,0.6,7,,0.560,750.0,3750.000,2.0,3.500000e-05,0.130,0.000,5,10,0,0.638,0.169,1.328,0.538,0.484,0.563,748.273
756,COMPLETE,9.941,4,300.000,0.6,5,,0.560,750.0,3750.000,2.0,3.500000e-05,0.130,0.700,9,10,0,0.941,0.185,1.762,0.801,0.736,0.609,770.786
757,COMPLETE,8.871,4,300.000,0.6,5,,0.540,750.0,3750.000,2.0,3.500000e-05,0.130,0.700,8,10,0,0.871,0.183,1.681,0.756,0.660,0.637,780.697
758,COMPLETE,8.871,4,300.000,0.6,5,,0.540,750.0,3750.000,2.0,3.500000e-05,0.130,0.700,8,10,0,0.871,0.183,1.681,0.756,0.660,0.637,771.176
759,COMPLETE,-7.585,3,300.000,0.6,5,,0.540,750.0,6000.000,2.0,3.500000e-05,0.130,0.700,2,10,10,0.415,0.064,0.039,0.369,0.376,0.524,351.811
760,COMPLETE,0.247,7,300.000,0.6,5,,0.540,750.0,6000.000,2.0,3.500000e-05,0.110,0.700,0,10,0,0.247,0.205,0.993,0.198,0.174,0.567,957.545
761,COMPLETE,-8.510,3,285.000,0.6,5,,0.540,750.0,6000.000,2.0,3.500000e-05,0.130,0.700,1,10,10,0.490,0.019,0.024,0.444,0.429,0.636,312.239
762,COMPLETE,4.544,7,285.000,0.6,4,,0.540,750.0,6000.000,2.0,3.500000e-05,0.130,0.700,4,10,0,0.544,0.189,0.891,0.454,0.436,0.581,921.314
763,COMPLETE,4.544,7,285.000,0.6,4,,0.540,750.0,6000.000,2.0,3.500000e-05,0.130,0.700,4,10,0,0.544,0.189,0.891,0.454,0.436,0.581,908.989
764,COMPLETE,4.544,7,285.000,0.6,4,,0.540,750.0,6000.000,2.0,3.500000e-05,0.130,0.700,4,10,0,0.544,0.189,0.891,0.454,0.436,0.581,915.087
765,COMPLETE,3.609,8,285.000,0.6,4,,0.540,750.0,6000.000,2.0,3.500000e-05,0.130,0.700,3,10,0,0.609,0.200,1.144,0.514,0.439,0.603,986.200
766,COMPLETE,6.997,7,285.000,0.6,4,,0.540,750.0,3750.000,2.0,3.500000e-05,0.130,0.700,6,10,0,0.997,0.253,2.987,0.819,0.751,0.582,1001.176
767,COMPLETE,6.997,7,285.000,0.6,4,,0.540,750.0,3750.000,2.0,3.500000e-05,0.130,0.700,6,10,0,0.997,0.253,2.987,0.819,0.751,0.582,999.894
768,COMPLETE,8.983,7,285.000,0.6,4,,0.560,750.0,3750.000,2.0,3.500000e-05,0.130,0.700,8,10,0,0.983,0.258,3.084,0.826,0.755,0.562,1003.906
769,COMPLETE,6.989,7,330.000,0.6,4,,0.560,750.0,3750.000,2.0,3.500000e-05,0.130,0.700,6,10,0,0.989,0.303,3.834,0.806,0.720,0.530,1077.514
770,COMPLETE,9.994,7,330.000,0.6,5,,0.560,750.0,3750.000,2.0,3.500000e-05,0.130,0.700,9,10,0,0.994,0.298,3.831,0.832,0.739,0.529,1074.589
771,COMPLETE,-5.525,4,285.000,0.6,4,,0.560,750.0,6000.000,2.0,3.500000e-05,0.130,0.700,3,10,9,0.475,0.108,0.122,0.396,0.450,0.656,535.155
772,COMPLETE,6.755,7,330.000,0.6,4,,0.560,750.0,6000.000,2.0,3.500000e-05,0.130,0.700,6,10,0,0.755,0.217,1.452,0.632,0.605,0.566,971.130
773,COMPLETE,8.983,7,285.000,0.6,4,,0.560,750.0,3750.000,2.0,3.500000e-05,0.130,0.700,8,10,0,0.983,0.258,3.084,0.826,0.755,0.562,1007.902
774,COMPLETE,8.983,7,285.000,0.6,4,,0.560,750.0,3750.000,2.0,3.500000e-05,0.130,0.700,8,10,0,0.983,0.258,3.084,0.826,0.755,0.562,1012.351
775,COMPLETE,9.997,7,285.000,0.6,4,,0.560,750.0,4000.000,2.0,3.500000e-05,0.130,0.700,9,10,0,0.997,0.249,2.844,0.830,0.797,0.536,984.445
776,COMPLETE,6.851,4,285.000,0.6,4,,0.560,750.0,3750.000,2.0,3.500000e-05,0.130,0.700,6,10,0,0.851,0.172,1.469,0.712,0.670,0.614,759.516
777,COMPLETE,8.862,7,330.000,0.6,4,,0.560,750.0,5500.000,2.0,3.500000e-05,0.130,0.700,8,10,0,0.862,0.228,1.915,0.738,0.679,0.584,959.688
778,COMPLETE,5.646,7,330.000,0.6,4,,0.600,750.0,6000.000,2.0,3.500000e-05,0.110,0.700,5,10,0,0.646,0.218,1.452,0.557,0.487,0.623,969.617
779,COMPLETE,7.929,8,330.000,0.6,4,,0.540,750.0,6000.000,2.0,3.500000e-05,0.130,0.700,7,10,0,0.929,0.231,1.814,0.772,0.704,0.513,1024.716
780,COMPLETE,5.636,7,300.000,0.6,5,,0.600,750.0,6000.000,2.0,3.500000e-05,0.130,0.700,5,10,0,0.636,0.194,1.085,0.535,0.519,0.568,932.504
781,COMPLETE,8.989,8,330.000,0.6,4,,0.600,750.0,4000.000,2.0,1.000000e-05,0.130,1.000,8,10,0,0.989,0.303,4.878,0.811,0.743,0.564,1096.091
782,COMPLETE,7.987,3,330.000,0.6,5,,0.600,750.0,6000.000,2.0,1.000000e-05,0.130,1.000,7,10,0,0.987,0.103,1.129,0.814,0.786,0.578,566.897
783,COMPLETE,7.994,8,330.000,0.6,5,,0.600,750.0,6000.000,2.0,1.000000e-05,0.130,1.000,7,10,0,0.994,0.228,3.382,0.827,0.770,0.544,977.980
784,COMPLETE,-3.339,3,330.000,0.6,4,,0.600,750.0,6000.000,2.0,3.500000e-05,0.130,1.000,6,10,10,0.661,0.100,0.107,0.594,0.608,0.583,461.425
785,COMPLETE,7.976,8,330.000,0.6,4,,0.560,750.0,6000.000,2.0,1.000000e-05,0.130,1.000,7,10,0,0.976,0.230,3.286,0.796,0.774,0.593,978.376
786,COMPLETE,7.994,8,330.000,0.6,5,,0.600,750.0,6000.000,2.0,1.000000e-05,0.130,1.000,7,10,0,0.994,0.228,3.382,0.827,0.770,0.544,967.616
787,COMPLETE,5.990,8,285.000,0.6,5,,0.600,750.0,6000.000,2.0,1.000000e-05,0.130,1.000,5,10,0,0.990,0.199,2.819,0.816,0.789,0.595,920.027
788,COMPLETE,5.977,8,300.000,0.6,5,,0.600,750.0,4250.000,2.0,1.000000e-05,0.130,1.000,5,10,0,0.977,0.262,4.113,0.797,0.742,0.486,1062.857
789,COMPLETE,4.978,8,270.000,0.6,5,,0.600,750.0,4250.000,2.0,1.000000e-05,0.130,1.000,4,10,0,0.978,0.239,3.687,0.798,0.738,0.449,976.488
790,COMPLETE,7.994,8,330.000,0.6,5,,0.600,750.0,6000.000,2.0,1.000000e-05,0.130,1.000,7,10,0,0.994,0.228,3.382,0.827,0.770,0.544,977.855
791,COMPLETE,6.985,8,330.000,0.6,5,,0.600,750.0,4250.000,2.0,1.000000e-05,0.130,1.000,6,10,0,0.985,0.298,4.797,0.820,0.749,0.505,1077.519
792,COMPLETE,8.997,8,270.000,0.6,5,,0.560,750.0,4000.000,2.0,1.000000e-05,0.130,1.000,8,10,0,0.997,0.255,3.937,0.820,0.741,0.553,1018.031
793,COMPLETE,8.976,8,270.000,0.6,5,,0.600,750.0,4000.000,2.0,1.000000e-05,0.130,1.000,8,10,0,0.976,0.253,3.982,0.809,0.745,0.531,1001.808
794,COMPLETE,6.977,8,345.000,0.6,5,,0.600,750.0,6000.000,2.0,1.000000e-05,0.130,1.000,6,10,0,0.977,0.236,3.502,0.808,0.759,0.434,989.522
795,COMPLETE,7.990,3,270.000,0.6,4,,0.560,750.0,4250.000,2.0,1.000000e-05,0.130,1.000,7,10,0,0.990,0.111,1.441,0.827,0.823,0.581,572.020
796,COMPLETE,7.982,8,270.000,0.6,4,,0.560,750.0,4250.000,2.0,1.000000e-05,0.130,1.000,7,10,0,0.982,0.239,3.657,0.821,0.755,0.552,980.259
797,COMPLETE,2.976,8,345.000,0.6,4,,0.560,750.0,4250.000,2.0,1.000000e-05,0.130,1.000,2,10,0,0.976,0.306,4.753,0.784,0.742,0.565,1106.020
798,COMPLETE,8.989,8,345.000,0.6,4,,0.560,750.0,4250.000,2.0,1.500000e-05,0.090,1.000,8,10,0,0.989,0.330,5.038,0.842,0.791,0.557,1111.623
799,COMPLETE,8.993,8,270.000,0.6,4,,0.560,750.0,4250.000,2.0,1.500000e-05,0.130,1.000,8,10,0,0.993,0.247,3.572,0.827,0.756,0.588,1009.547
800,COMPLETE,8.989,8,345.000,0.6,4,,0.560,750.0,4250.000,2.0,1.500000e-05,0.090,1.000,8,10,0,0.989,0.330,5.038,0.842,0.791,0.557,1114.744
801,COMPLETE,8.989,8,345.000,0.6,4,,0.560,750.0,4250.000,2.0,1.500000e-05,0.090,1.000,8,10,0,0.989,0.330,5.038,0.842,0.791,0.557,1126.696
802,COMPLETE,5.983,8,345.000,0.6,4,,0.560,750.0,4250.000,2.0,1.500000e-05,0.130,1.000,5,10,0,0.983,0.307,4.606,0.804,0.747,0.538,1104.695
803,COMPLETE,3.960,8,360.000,0.6,4,,0.360,750.0,4250.000,2.0,1.250000e-05,0.130,1.000,3,10,0,0.960,0.322,4.379,0.777,0.749,0.379,1107.643
804,COMPLETE,2.976,8,345.000,0.6,4,,0.560,750.0,4250.000,2.0,1.000000e-05,0.130,1.000,2,10,0,0.976,0.306,4.753,0.784,0.742,0.565,1107.888
805,COMPLETE,2.976,8,345.000,0.6,4,,0.560,750.0,4250.000,2.0,1.000000e-05,0.130,1.000,2,10,0,0.976,0.306,4.753,0.784,0.742,0.565,1112.730
806,COMPLETE,2.976,8,345.000,0.6,4,,0.560,750.0,4250.000,2.0,1.000000e-05,0.130,1.000,2,10,0,0.976,0.306,4.753,0.784,0.742,0.565,1101.366
807,COMPLETE,5.934,8,360.000,0.6,4,,0.360,750.0,4250.000,2.0,1.500000e-05,0.130,1.000,5,10,0,0.934,0.320,4.243,0.761,0.754,0.576,1135.880
808,COMPLETE,4.977,8,345.000,0.6,5,,0.560,750.0,4250.000,2.0,1.000000e-05,0.130,0.900,4,10,0,0.977,0.308,4.783,0.790,0.744,0.521,1098.127
809,COMPLETE,6.980,8,345.000,0.6,5,,0.560,750.0,4250.000,2.0,1.000000e-05,0.130,1.000,6,10,0,0.980,0.298,4.654,0.801,0.688,0.577,1115.698
810,COMPLETE,5.983,8,345.000,0.6,4,,0.560,750.0,4250.000,2.0,1.500000e-05,0.130,1.000,5,10,0,0.983,0.307,4.606,0.804,0.747,0.538,1119.165
811,COMPLETE,4.965,8,345.000,0.6,4,,0.560,750.0,4250.000,2.0,1.000000e-05,0.130,0.800,4,10,0,0.965,0.307,4.781,0.792,0.719,0.589,1110.532
812,COMPLETE,7.977,8,360.000,0.6,4,,0.560,750.0,4250.000,2.0,1.000000e-05,0.130,0.800,7,10,0,0.977,0.313,4.924,0.806,0.703,0.508,1092.582
813,COMPLETE,7.988,8,225.000,0.6,4,,0.560,750.0,4250.000,2.0,1.000000e-05,0.130,0.000,7,10,0,0.988,0.195,2.880,0.812,0.678,0.487,899.861
814,COMPLETE,6.976,8,360.000,0.6,4,,0.560,750.0,4250.000,2.0,1.000000e-05,0.130,0.000,6,10,0,0.976,0.314,4.929,0.801,0.661,0.537,1086.180
815,COMPLETE,9.995,8,225.000,0.6,4,,0.560,750.0,4250.000,2.0,1.500000e-05,0.130,0.800,9,10,0,0.995,0.196,2.687,0.824,0.729,0.554,915.432
816,COMPLETE,7.986,8,225.000,0.6,4,,0.560,750.0,4250.000,2.0,1.500000e-05,0.130,0.900,7,10,0,0.986,0.198,2.728,0.831,0.725,0.512,904.778
817,COMPLETE,7.987,8,225.000,0.6,4,,0.580,750.0,4250.000,2.0,1.500000e-05,0.130,0.900,7,10,0,0.987,0.199,2.750,0.815,0.749,0.552,927.785
818,COMPLETE,6.992,8,225.000,0.6,4,,0.560,750.0,4250.000,2.0,1.500000e-05,0.130,0.000,6,10,0,0.992,0.189,2.569,0.816,0.653,0.562,892.704
819,COMPLETE,7.977,8,360.000,0.6,4,,0.560,750.0,3000.000,2.0,1.500000e-05,0.130,0.000,7,10,0,0.977,0.400,6.392,0.813,0.635,0.519,1219.497
820,COMPLETE,7.973,8,360.000,0.6,4,,0.560,750.0,3500.000,2.0,1.500000e-05,0.130,0.000,7,10,0,0.973,0.356,5.543,0.797,0.668,0.521,1145.132
821,COMPLETE,7.897,2,345.000,0.6,4,,0.560,750.0,3750.000,2.0,1.500000e-05,0.130,0.000,7,10,0,0.897,0.117,1.355,0.768,0.647,0.530,537.423
822,COMPLETE,2.973,8,360.000,0.6,4,,0.560,750.0,3750.000,2.0,1.500000e-05,0.130,0.000,2,10,0,0.973,0.337,5.222,0.813,0.582,0.524,1130.103
823,COMPLETE,2.973,8,360.000,0.6,4,,0.560,750.0,3750.000,2.0,1.500000e-05,0.130,0.000,2,10,0,0.973,0.337,5.222,0.813,0.582,0.524,1142.854
824,COMPLETE,7.897,2,345.000,0.6,4,,0.560,750.0,3750.000,2.0,1.500000e-05,0.130,0.000,7,10,0,0.897,0.117,1.355,0.768,0.647,0.530,534.447
825,COMPLETE,6.969,8,345.000,0.6,4,,0.560,750.0,3000.000,2.0,1.500000e-05,0.130,0.000,6,10,0,0.969,0.385,6.180,0.829,0.611,0.490,1190.808
826,COMPLETE,6.980,8,255.000,0.6,4,,0.560,750.0,3000.000,2.0,1.500000e-05,0.130,0.000,6,10,0,0.980,0.278,4.297,0.815,0.618,0.617,1041.329
827,COMPLETE,7.988,8,345.000,0.6,4,,0.560,750.0,4250.000,2.0,1.500000e-05,0.130,0.000,7,10,0,0.988,0.294,4.400,0.807,0.687,0.520,1089.594
828,COMPLETE,6.969,8,345.000,0.6,4,,0.560,750.0,3000.000,2.0,1.500000e-05,0.130,0.000,6,10,0,0.969,0.385,6.180,0.829,0.611,0.490,1203.228
829,COMPLETE,6.969,8,345.000,0.6,4,,0.560,750.0,3000.000,2.0,1.500000e-05,0.130,0.000,6,10,0,0.969,0.385,6.180,0.829,0.611,0.490,1205.151
830,COMPLETE,5.753,2,345.000,0.6,2,,0.560,750.0,3000.000,2.0,1.500000e-05,0.090,0.000,5,10,0,0.753,0.151,1.930,0.656,0.517,0.625,590.423
831,COMPLETE,2.546,2,210.000,0.6,2,,0.560,750.0,3000.000,2.0,1.500000e-05,0.090,0.000,3,10,1,0.546,0.079,0.701,0.453,0.361,0.592,444.842
832,COMPLETE,3.650,2,210.000,0.6,2,,0.360,750.0,3000.000,2.0,1.500000e-05,0.110,0.000,5,10,2,0.650,0.079,0.676,0.545,0.486,0.685,448.643
833,COMPLETE,0.311,2,210.000,0.6,2,,0.360,750.0,3000.000,2.0,1.500000e-05,0.090,0.000,1,10,1,0.311,0.083,0.672,0.254,0.260,0.652,444.366
834,COMPLETE,0.311,2,210.000,0.6,2,,0.360,750.0,3000.000,2.0,1.500000e-05,0.090,0.000,1,10,1,0.311,0.083,0.672,0.254,0.260,0.652,445.653
835,COMPLETE,2.385,2,225.000,0.6,2,,0.300,750.0,3000.000,2.0,1.500000e-05,0.110,0.000,2,10,0,0.385,0.088,0.735,0.316,0.349,0.680,467.891
836,COMPLETE,3.650,2,210.000,0.6,2,,0.360,750.0,3000.000,2.0,1.500000e-05,0.110,0.000,5,10,2,0.650,0.079,0.676,0.545,0.486,0.685,442.908
837,COMPLETE,0.375,2,210.000,0.6,2,,0.300,750.0,3000.000,2.0,1.500000e-05,0.110,0.000,2,10,2,0.375,0.078,0.606,0.316,0.343,0.636,442.286
838,COMPLETE,-1.781,2,210.000,0.6,2,,0.300,750.0,3000.000,2.0,1.750000e-05,0.110,0.000,0,10,2,0.219,0.082,0.577,0.188,0.196,0.598,450.136
839,COMPLETE,0.404,2,210.000,0.6,2,,0.360,750.0,3000.000,2.0,1.750000e-05,0.110,0.000,2,10,2,0.404,0.083,0.625,0.330,0.323,0.672,460.830
840,COMPLETE,-1.781,2,210.000,0.6,2,,0.300,750.0,3000.000,2.0,1.750000e-05,0.110,0.000,0,10,2,0.219,0.082,0.577,0.188,0.196,0.598,454.323
841,COMPLETE,0.404,2,210.000,0.6,2,,0.360,750.0,3000.000,2.0,1.750000e-05,0.110,0.000,2,10,2,0.404,0.083,0.625,0.330,0.323,0.672,454.266
842,COMPLETE,2.674,2,345.000,0.6,2,,0.420,750.0,3000.000,2.0,1.500000e-05,0.110,0.000,2,10,0,0.674,0.143,1.643,0.554,0.441,0.621,586.227
843,COMPLETE,3.667,2,345.000,0.6,2,,0.400,750.0,3000.000,2.0,1.750000e-05,0.110,0.000,3,10,0,0.667,0.148,1.625,0.558,0.491,0.556,587.117
844,COMPLETE,8.987,6,210.000,0.6,2,,0.540,750.0,3000.000,2.0,1.750000e-05,0.110,0.100,8,10,0,0.987,0.191,2.699,0.841,0.724,0.573,797.343
845,COMPLETE,8.992,6,210.000,0.6,2,,0.400,750.0,3000.000,2.0,1.750000e-05,0.110,0.100,8,10,0,0.992,0.185,2.370,0.828,0.692,0.577,796.837
846,COMPLETE,8.987,6,210.000,0.6,2,,0.540,750.0,3000.000,2.0,1.750000e-05,0.110,0.100,8,10,0,0.987,0.191,2.699,0.841,0.724,0.573,787.221
847,COMPLETE,9.999,7,210.000,0.6,2,,0.540,750.0,3000.000,2.0,1.750000e-05,0.110,0.300,9,10,0,0.999,0.217,3.153,0.852,0.681,0.624,857.008
848,COMPLETE,7.992,7,225.000,0.6,2,,0.540,750.0,3000.000,2.0,1.750000e-05,0.110,0.300,7,10,0,0.992,0.230,3.331,0.814,0.726,0.545,880.057
849,COMPLETE,7.992,7,225.000,0.6,2,,0.540,750.0,3000.000,2.0,1.750000e-05,0.110,0.300,7,10,0,0.992,0.230,3.331,0.814,0.726,0.545,882.334
850,COMPLETE,5.983,7,225.000,0.6,2,,0.540,750.0,3000.000,2.0,1.000000e-05,0.110,0.000,5,10,0,0.983,0.221,3.440,0.821,0.668,0.453,858.617
851,COMPLETE,5.983,7,225.000,0.6,2,,0.540,750.0,3000.000,2.0,1.000000e-05,0.110,0.000,5,10,0,0.983,0.221,3.440,0.821,0.668,0.453,870.219
852,COMPLETE,7.964,8,225.000,0.6,4,,0.400,750.0,3000.000,2.0,1.000000e-05,0.110,0.300,7,10,0,0.964,0.258,3.706,0.798,0.697,0.615,983.096
853,COMPLETE,4.962,8,225.000,0.6,2,,0.300,750.0,3000.000,2.0,1.000000e-05,0.110,0.300,4,10,0,0.962,0.242,3.252,0.800,0.651,0.513,973.258
854,COMPLETE,3.913,8,225.000,0.6,2,,0.300,750.0,3750.000,2.0,1.000000e-05,0.110,0.000,3,10,0,0.913,0.208,2.664,0.772,0.548,0.600,872.079
855,COMPLETE,4.682,8,225.000,0.6,2,,0.300,750.0,3750.000,2.0,1.000000e-05,0.080,0.300,4,10,0,0.682,0.230,2.831,0.575,0.513,0.504,934.314
856,COMPLETE,6.974,8,225.000,0.6,2,,0.400,750.0,3750.000,2.0,1.000000e-05,0.110,0.300,6,10,0,0.974,0.216,2.991,0.809,0.662,0.533,925.832
857,COMPLETE,6.974,8,225.000,0.6,2,,0.400,750.0,3750.000,2.0,1.000000e-05,0.110,0.300,6,10,0,0.974,0.216,2.991,0.809,0.662,0.533,914.230
858,COMPLETE,9.996,8,225.000,0.6,2,,0.540,750.0,3750.000,2.0,1.000000e-05,0.110,0.300,9,10,0,0.996,0.216,3.283,0.832,0.686,0.584,897.717
859,COMPLETE,5.986,8,225.000,0.6,2,,0.500,750.0,3000.000,2.0,1.000000e-05,0.110,0.300,5,10,0,0.986,0.249,3.824,0.822,0.689,0.527,939.099
860,COMPLETE,7.984,7,225.000,0.6,2,,0.540,750.0,3000.000,2.0,1.000000e-05,0.110,0.300,7,10,0,0.984,0.226,3.539,0.834,0.699,0.548,869.721
861,COMPLETE,6.993,8,225.000,0.6,2,,0.480,750.0,3000.000,2.0,1.000000e-05,0.110,0.300,6,10,0,0.993,0.244,3.709,0.828,0.668,0.563,962.031
862,COMPLETE,7.993,8,345.000,0.6,2,,0.500,750.0,3000.000,2.0,1.000000e-05,0.110,0.300,7,10,0,0.993,0.393,6.241,0.827,0.670,0.541,1185.529
863,COMPLETE,5.986,8,225.000,0.6,2,,0.500,750.0,3000.000,2.0,1.000000e-05,0.110,0.300,5,10,0,0.986,0.249,3.824,0.822,0.689,0.527,946.445
864,COMPLETE,6.988,8,210.000,0.6,2,,0.540,750.0,3000.000,2.0,1.000000e-05,0.110,0.300,6,10,0,0.988,0.227,3.545,0.824,0.635,0.481,926.542
865,COMPLETE,7.993,8,150.000,0.6,2,,0.540,750.0,5000.000,2.0,1.000000e-05,0.110,0.300,7,10,0,0.993,0.108,1.288,0.824,0.701,0.650,681.261
866,COMPLETE,9.943,5,165.000,0.6,2,,0.500,750.0,5000.000,2.0,1.000000e-05,0.110,0.300,9,10,0,0.943,0.085,0.850,0.804,0.734,0.676,557.800
867,COMPLETE,9.999,8,165.000,0.6,2,,0.500,750.0,5000.000,2.0,1.000000e-05,0.110,0.300,9,10,0,0.999,0.121,1.487,0.838,0.702,0.541,708.381
868,COMPLETE,7.993,8,150.000,0.6,2,,0.540,750.0,5000.000,2.0,1.000000e-05,0.110,0.300,7,10,0,0.993,0.108,1.288,0.824,0.701,0.650,687.747
869,COMPLETE,9.942,5,150.000,0.6,2,,0.540,750.0,5000.000,2.0,1.000000e-05,0.110,0.300,9,10,0,0.942,0.074,0.695,0.812,0.635,0.603,519.711
870,COMPLETE,6.882,8,150.000,0.6,2,,0.300,750.0,5000.000,2.0,1.000000e-05,0.110,0.300,6,10,0,0.882,0.107,1.067,0.740,0.622,0.615,687.813
871,COMPLETE,6.940,8,165.000,0.6,2,,0.300,750.0,5000.000,2.0,1.000000e-05,0.110,0.300,6,10,0,0.940,0.122,1.307,0.784,0.684,0.591,711.772
872,COMPLETE,6.882,8,150.000,0.6,2,,0.300,750.0,5000.000,2.0,1.000000e-05,0.110,0.300,6,10,0,0.882,0.107,1.067,0.740,0.622,0.615,681.217
873,COMPLETE,4.969,8,150.000,0.6,2,,0.300,750.0,5000.000,2.0,1.000000e-05,0.130,0.300,4,10,0,0.969,0.106,1.075,0.798,0.679,0.583,671.507
874,COMPLETE,6.882,8,150.000,0.6,2,,0.300,750.0,5000.000,2.0,1.000000e-05,0.110,0.300,6,10,0,0.882,0.107,1.067,0.740,0.622,0.615,681.395
875,COMPLETE,4.649,5,150.000,0.6,2,,0.300,750.0,5000.000,2.0,1.000000e-05,0.110,0.300,4,10,0,0.649,0.075,0.566,0.536,0.482,0.613,528.514
876,COMPLETE,3.634,5,150.000,0.6,2,,0.300,750.0,5000.000,2.0,1.000000e-05,0.110,0.000,3,10,0,0.634,0.074,0.540,0.516,0.432,0.590,530.687
877,COMPLETE,4.731,5,150.000,0.6,2,,0.540,750.0,5250.000,2.0,1.000000e-05,0.110,0.000,4,10,0,0.731,0.071,0.555,0.613,0.490,0.618,526.634
878,COMPLETE,8.996,5,360.000,0.6,2,,0.540,750.0,5000.000,2.0,1.000000e-05,0.110,0.000,8,10,0,0.996,0.202,2.908,0.836,0.696,0.588,811.342
879,COMPLETE,3.634,5,150.000,0.6,2,,0.300,750.0,5000.000,2.0,1.000000e-05,0.110,0.000,3,10,0,0.634,0.074,0.540,0.516,0.432,0.590,529.425
880,COMPLETE,3.905,8,150.000,0.6,2,,0.300,750.0,5000.000,2.0,1.000000e-05,0.110,0.000,3,10,0,0.905,0.109,1.100,0.743,0.629,0.583,681.771
881,COMPLETE,9.998,5,150.000,0.6,2,,0.540,750.0,5000.000,2.0,1.000000e-05,0.110,0.000,9,10,0,0.998,0.072,0.660,0.842,0.696,0.613,515.773
882,COMPLETE,9.998,5,150.000,0.6,2,,0.540,750.0,5000.000,2.0,1.000000e-05,0.110,0.000,9,10,0,0.998,0.072,0.660,0.842,0.696,0.613,513.057
883,COMPLETE,5.950,8,150.000,0.6,2,,0.540,750.0,5000.000,2.0,1.000000e-05,0.110,0.000,5,10,0,0.950,0.109,1.288,0.813,0.597,0.583,677.817
884,COMPLETE,7.935,5,150.000,0.6,2,,0.560,750.0,5000.000,2.0,1.000000e-05,0.110,0.000,7,10,0,0.935,0.073,0.674,0.794,0.641,0.651,523.238
885,COMPLETE,8.956,5,150.000,0.6,2,,0.560,750.0,5250.000,2.0,1.000000e-05,0.110,0.000,8,10,0,0.956,0.070,0.598,0.821,0.659,0.603,530.412
886,COMPLETE,4.731,5,150.000,0.6,2,,0.540,750.0,5250.000,2.0,1.000000e-05,0.110,0.000,4,10,0,0.731,0.071,0.555,0.613,0.490,0.618,525.457
887,COMPLETE,8.979,7,225.000,0.6,2,,0.540,750.0,5000.000,2.0,1.000000e-05,0.110,0.000,8,10,0,0.979,0.154,2.076,0.824,0.659,0.548,762.881
888,COMPLETE,8.979,7,225.000,0.6,2,,0.540,750.0,5000.000,2.0,1.000000e-05,0.110,0.000,8,10,0,0.979,0.154,2.076,0.824,0.659,0.548,768.331
889,COMPLETE,8.979,7,225.000,0.6,2,,0.540,750.0,5000.000,2.0,1.000000e-05,0.110,0.000,8,10,0,0.979,0.154,2.076,0.824,0.659,0.548,764.731
890,COMPLETE,9.998,7,360.000,0.6,2,,0.540,750.0,5250.000,2.0,1.000000e-05,0.110,0.000,9,10,0,0.998,0.258,3.853,0.831,0.686,0.573,928.188
891,COMPLETE,9.998,7,360.000,0.6,2,,0.540,750.0,5250.000,2.0,1.000000e-05,0.110,0.000,9,10,0,0.998,0.258,3.853,0.831,0.686,0.573,949.987
892,COMPLETE,8.990,7,225.000,0.6,2,,0.540,750.0,5250.000,2.0,1.000000e-05,0.110,0.000,8,10,0,0.990,0.152,2.009,0.833,0.687,0.565,772.038
893,COMPLETE,8.979,7,225.000,0.6,2,,0.540,750.0,5000.000,2.0,1.000000e-05,0.110,0.000,8,10,0,0.979,0.154,2.076,0.824,0.659,0.548,759.213
894,COMPLETE,8.990,7,225.000,0.6,2,,0.540,750.0,5250.000,2.0,1.000000e-05,0.110,0.000,8,10,0,0.990,0.152,2.009,0.833,0.687,0.565,781.615
895,COMPLETE,9.998,7,360.000,0.6,2,,0.540,750.0,5250.000,2.0,1.000000e-05,0.110,0.000,9,10,0,0.998,0.258,3.853,0.831,0.686,0.573,950.314
896,COMPLETE,7.995,7,225.000,0.6,2,,0.540,750.0,5250.000,2.0,1.000000e-05,0.110,0.900,7,10,0,0.995,0.155,2.047,0.821,0.756,0.640,777.044
897,COMPLETE,8.998,7,165.000,0.6,2,,0.540,750.0,5000.000,2.0,1.000000e-05,0.110,0.900,8,10,0,0.998,0.113,1.371,0.840,0.767,0.595,666.359
898,COMPLETE,8.997,7,150.000,0.6,2,,0.540,750.0,5250.000,2.0,1.000000e-05,0.110,0.000,8,10,0,0.997,0.094,1.018,0.826,0.689,0.591,621.941
899,COMPLETE,9.991,7,165.000,0.6,2,,0.540,750.0,5250.000,2.0,1.000000e-05,0.110,0.000,9,10,0,0.991,0.103,1.184,0.842,0.671,0.665,642.543
900,COMPLETE,9.991,7,165.000,0.6,2,,0.540,750.0,5250.000,2.0,1.000000e-05,0.110,0.000,9,10,0,0.991,0.103,1.184,0.842,0.671,0.665,648.143
901,COMPLETE,11.000,7,165.000,0.6,2,,0.540,750.0,5250.000,2.0,1.000000e-05,0.090,0.000,10,10,0,1.000,0.109,1.282,0.856,0.729,0.681,652.351
902,COMPLETE,9.998,7,360.000,0.6,2,,0.540,750.0,5250.000,2.0,1.000000e-05,0.110,0.000,9,10,0,0.998,0.258,3.853,0.831,0.686,0.573,948.534
903,COMPLETE,11.000,7,360.000,0.6,2,,0.540,750.0,5250.000,2.0,1.250000e-05,0.110,0.000,10,10,0,1.000,0.254,3.669,0.856,0.639,0.600,945.399
904,COMPLETE,11.000,7,360.000,0.6,2,,0.540,750.0,5250.000,2.0,1.250000e-05,0.110,0.000,10,10,0,1.000,0.254,3.669,0.856,0.639,0.600,944.061
905,COMPLETE,10.000,7,345.000,0.6,2,,0.540,750.0,5000.000,2.0,1.250000e-05,0.110,0.000,9,10,0,1.000,0.253,3.672,0.836,0.714,0.489,954.006
906,COMPLETE,8.997,7,345.000,0.6,2,,0.540,750.0,5250.000,2.0,1.250000e-05,0.110,0.000,8,10,0,0.997,0.238,3.370,0.823,0.687,0.515,944.911
907,COMPLETE,11.000,7,360.000,0.6,2,,0.540,750.0,5250.000,2.0,1.250000e-05,0.110,0.000,10,10,0,1.000,0.254,3.669,0.856,0.639,0.600,948.876
908,COMPLETE,11.000,7,345.000,0.6,2,,0.540,750.0,5250.000,2.0,1.000000e-05,0.110,0.000,10,10,0,1.000,0.247,3.675,0.854,0.698,0.599,940.348
909,COMPLETE,9.998,7,360.000,0.6,2,,0.540,750.0,5250.000,2.0,1.000000e-05,0.110,0.000,9,10,0,0.998,0.258,3.853,0.831,0.686,0.573,938.403
910,COMPLETE,9.998,7,360.000,0.6,2,,0.540,750.0,5250.000,2.0,1.000000e-05,0.110,0.000,9,10,0,0.998,0.258,3.853,0.831,0.686,0.573,932.969
911,COMPLETE,9.998,7,360.000,0.6,2,,0.540,750.0,5250.000,2.0,1.000000e-05,0.110,0.000,9,10,0,0.998,0.258,3.853,0.831,0.686,0.573,936.487
912,COMPLETE,9.998,7,360.000,0.6,2,,0.540,750.0,5250.000,2.0,1.000000e-05,0.110,0.000,9,10,0,0.998,0.258,3.853,0.831,0.686,0.573,945.247
913,COMPLETE,9.998,7,360.000,0.6,2,,0.540,750.0,5250.000,2.0,1.000000e-05,0.110,0.000,9,10,0,0.998,0.258,3.853,0.831,0.686,0.573,927.946
914,COMPLETE,11.000,7,345.000,0.6,2,,0.540,750.0,5250.000,2.0,1.000000e-05,0.110,0.000,10,10,0,1.000,0.247,3.675,0.854,0.698,0.599,944.456
915,COMPLETE,11.000,7,345.000,0.6,2,,0.540,750.0,5250.000,2.0,1.000000e-05,0.110,0.000,10,10,0,1.000,0.247,3.675,0.854,0.698,0.599,950.181
916,COMPLETE,11.000,7,345.000,0.6,2,,0.540,750.0,5250.000,2.0,1.000000e-05,0.110,0.000,10,10,0,1.000,0.247,3.675,0.854,0.698,0.599,926.141
917,COMPLETE,7.956,7,345.000,0.6,3,,0.540,750.0,5250.000,2.0,1.000000e-05,0.090,0.000,7,10,0,0.956,0.248,3.653,0.825,0.642,0.533,920.093
918,COMPLETE,11.000,7,345.000,0.6,3,,0.540,750.0,5250.000,2.0,1.000000e-05,0.110,0.000,10,10,0,1.000,0.235,3.475,0.849,0.679,0.542,941.444
919,COMPLETE,8.985,7,360.000,0.6,3,,0.540,750.0,5250.000,2.0,1.000000e-05,0.110,0.000,8,10,0,0.985,0.251,3.749,0.847,0.642,0.580,962.950
920,COMPLETE,8.985,7,360.000,0.6,3,,0.540,750.0,5250.000,2.0,1.000000e-05,0.110,0.000,8,10,0,0.985,0.251,3.749,0.847,0.642,0.580,933.175
921,COMPLETE,7.956,7,345.000,0.6,3,,0.540,750.0,5250.000,2.0,1.000000e-05,0.090,0.000,7,10,0,0.956,0.248,3.653,0.825,0.642,0.533,943.060
922,COMPLETE,7.956,7,345.000,0.6,3,,0.540,750.0,5250.000,2.0,1.000000e-05,0.090,0.000,7,10,0,0.956,0.248,3.653,0.825,0.642,0.533,948.311
923,COMPLETE,11.000,7,345.000,0.6,2,,0.540,750.0,5250.000,2.0,1.250000e-05,0.090,0.000,10,10,0,1.000,0.252,3.661,0.860,0.715,0.539,943.028
924,COMPLETE,11.000,7,345.000,0.6,2,,0.540,750.0,5250.000,2.0,1.250000e-05,0.090,0.000,10,10,0,1.000,0.252,3.661,0.860,0.715,0.539,944.829
925,COMPLETE,8.939,7,345.000,0.6,2,,0.540,750.0,5000.000,2.0,1.250000e-05,0.090,0.000,8,10,0,0.939,0.255,3.649,0.807,0.665,0.594,957.275
926,COMPLETE,11.000,7,345.000,0.6,2,,0.540,750.0,5250.000,2.0,1.250000e-05,0.090,0.000,10,10,0,1.000,0.252,3.661,0.860,0.715,0.539,950.266
927,COMPLETE,5.976,7,345.000,0.6,2,,0.560,750.0,5250.000,2.0,1.000000e-05,0.090,0.000,5,10,0,0.976,0.251,3.792,0.853,0.677,0.586,931.322
928,COMPLETE,9.997,8,255.000,0.6,2,,0.540,750.0,5250.000,2.0,1.000000e-05,0.110,0.000,9,10,0,0.997,0.190,2.696,0.844,0.705,0.557,863.526
929,COMPLETE,9.997,8,255.000,0.6,2,,0.540,750.0,5250.000,2.0,1.000000e-05,0.110,0.000,9,10,0,0.997,0.190,2.696,0.844,0.705,0.557,858.412
930,COMPLETE,9.994,8,255.000,0.6,2,,0.540,750.0,5250.000,2.0,1.000000e-05,0.090,0.000,9,10,0,0.994,0.198,2.837,0.863,0.708,0.540,850.734
931,COMPLETE,9.994,8,255.000,0.6,2,,0.540,750.0,5250.000,2.0,1.000000e-05,0.090,0.000,9,10,0,0.994,0.198,2.837,0.863,0.708,0.540,861.922
932,COMPLETE,9.994,8,255.000,0.6,2,,0.540,750.0,5250.000,2.0,1.000000e-05,0.090,0.000,9,10,0,0.994,0.198,2.837,0.863,0.708,0.540,861.356
933,COMPLETE,9.997,8,255.000,0.6,2,,0.540,750.0,5250.000,2.0,1.000000e-05,0.110,0.000,9,10,0,0.997,0.190,2.696,0.844,0.705,0.557,863.507
934,COMPLETE,9.994,8,255.000,0.6,2,,0.540,750.0,5250.000,2.0,1.000000e-05,0.090,0.000,9,10,0,0.994,0.198,2.837,0.863,0.708,0.540,870.636
935,COMPLETE,9.997,8,255.000,0.6,2,,0.540,750.0,5250.000,2.0,1.000000e-05,0.110,0.000,9,10,0,0.997,0.190,2.696,0.844,0.705,0.557,871.522
936,COMPLETE,9.995,8,150.000,0.6,2,,0.540,750.0,4250.000,2.0,1.000000e-05,0.090,0.700,9,10,0,0.995,0.127,1.699,0.834,0.761,0.559,716.339
937,COMPLETE,6.923,8,150.000,0.6,2,,0.540,750.0,5250.000,2.0,1.500000e-05,0.090,0.000,6,10,0,0.923,0.113,1.013,0.765,0.668,0.628,701.215
938,COMPLETE,10.000,8,255.000,0.6,2,,0.540,750.0,5250.000,2.0,1.250000e-05,0.090,0.000,9,10,0,1.000,0.201,2.736,0.863,0.680,0.477,864.540
939,COMPLETE,9.983,8,150.000,0.6,2,,0.540,750.0,5250.000,2.0,1.250000e-05,0.090,0.000,9,10,0,0.983,0.108,1.134,0.860,0.708,0.491,671.166
940,COMPLETE,6.923,8,150.000,0.6,2,,0.540,750.0,5250.000,2.0,1.500000e-05,0.090,0.000,6,10,0,0.923,0.113,1.013,0.765,0.668,0.628,692.247
941,COMPLETE,9.997,8,225.000,0.6,2,,0.540,750.0,5250.000,2.0,1.250000e-05,0.090,0.600,9,10,0,0.997,0.172,2.223,0.841,0.766,0.588,848.903
942,COMPLETE,8.987,8,225.000,0.6,4,,0.540,750.0,5250.000,2.0,1.250000e-05,0.090,0.600,8,10,0,0.987,0.179,2.346,0.848,0.798,0.601,850.901
943,COMPLETE,9.934,8,255.000,0.6,4,,0.560,750.0,5250.000,2.0,1.500000e-05,0.090,0.000,9,10,0,0.934,0.205,2.649,0.807,0.676,0.621,911.073
944,COMPLETE,8.859,8,225.000,0.6,4,,0.540,750.0,5250.000,2.0,1.250000e-05,0.090,0.000,8,10,0,0.859,0.179,2.243,0.746,0.605,0.460,869.597
945,COMPLETE,7.922,8,255.000,0.6,4,,0.540,750.0,5250.000,2.0,1.500000e-05,0.090,0.000,7,10,0,0.922,0.199,2.523,0.823,0.626,0.565,911.592
946,COMPLETE,7.922,8,255.000,0.6,4,,0.540,750.0,5250.000,2.0,1.500000e-05,0.090,0.000,7,10,0,0.922,0.199,2.523,0.823,0.626,0.565,913.749
947,COMPLETE,7.922,8,255.000,0.6,4,,0.540,750.0,5250.000,2.0,1.500000e-05,0.090,0.000,7,10,0,0.922,0.199,2.523,0.823,0.626,0.565,904.233
948,COMPLETE,8.939,8,225.000,0.6,11,,0.540,750.0,5250.000,2.0,1.500000e-05,0.090,0.000,8,10,0,0.939,0.176,2.089,0.784,0.657,0.518,895.595
949,COMPLETE,7.989,8,255.000,0.6,11,,0.540,750.0,5250.000,2.0,1.250000e-05,0.090,0.000,7,10,0,0.989,0.200,2.700,0.831,0.758,0.580,896.422
950,COMPLETE,11.000,8,255.000,0.6,2,,0.540,750.0,5250.000,2.0,1.500000e-05,0.090,0.600,10,10,0,1.000,0.199,2.558,0.843,0.773,0.563,892.425
951,COMPLETE,8.864,8,225.000,0.6,12,,0.540,750.0,5250.000,2.0,1.500000e-05,0.090,0.000,8,10,0,0.864,0.177,2.093,0.742,0.673,0.525,891.225
952,COMPLETE,9.995,8,225.000,0.6,2,,0.540,750.0,5250.000,2.0,2.000000e-05,0.090,0.600,9,10,0,0.995,0.179,1.928,0.869,0.768,0.584,868.978
953,COMPLETE,11.000,8,225.000,0.6,2,,0.540,750.0,4250.000,2.0,2.000000e-05,0.090,0.600,10,10,0,1.000,0.205,2.638,0.872,0.767,0.612,907.983
954,COMPLETE,8.950,8,225.000,0.6,11,,0.540,750.0,5250.000,2.0,2.000000e-05,0.090,0.600,8,10,0,0.950,0.182,1.946,0.807,0.728,0.654,918.346
955,COMPLETE,8.950,8,225.000,0.6,11,,0.540,750.0,5250.000,2.0,2.000000e-05,0.090,0.600,8,10,0,0.950,0.182,1.946,0.807,0.728,0.654,922.688
956,COMPLETE,9.995,8,225.000,0.6,2,,0.540,750.0,5250.000,2.0,2.000000e-05,0.090,0.600,9,10,0,0.995,0.179,1.928,0.869,0.768,0.584,856.306
957,COMPLETE,9.995,8,225.000,0.6,2,,0.540,750.0,5250.000,2.0,2.000000e-05,0.090,0.600,9,10,0,0.995,0.179,1.928,0.869,0.768,0.584,853.848
958,COMPLETE,9.995,8,225.000,0.6,2,,0.540,750.0,5250.000,2.0,2.000000e-05,0.090,0.600,9,10,0,0.995,0.179,1.928,0.869,0.768,0.584,852.641
959,COMPLETE,9.995,8,225.000,0.6,2,,0.540,750.0,5250.000,2.0,2.000000e-05,0.090,0.600,9,10,0,0.995,0.179,1.928,0.869,0.768,0.584,869.003
960,COMPLETE,9.995,8,225.000,0.6,2,,0.540,750.0,5250.000,2.0,2.000000e-05,0.090,0.600,9,10,0,0.995,0.179,1.928,0.869,0.768,0.584,858.751
961,COMPLETE,11.000,8,225.000,0.6,2,,0.540,750.0,5250.000,2.0,1.000000e-05,0.090,0.600,10,10,0,1.000,0.170,2.334,0.847,0.749,0.551,830.678
962,COMPLETE,9.995,8,225.000,0.6,2,,0.540,750.0,5250.000,2.0,2.000000e-05,0.090,0.600,9,10,0,0.995,0.179,1.928,0.869,0.768,0.584,874.721
963,COMPLETE,8.917,8,255.000,0.6,2,,0.540,750.0,5250.000,2.0,2.000000e-05,0.090,0.600,8,10,0,0.917,0.202,2.279,0.771,0.716,0.659,911.424
964,COMPLETE,8.930,6,225.000,0.6,2,,0.540,750.0,4250.000,2.0,2.000000e-05,0.090,0.600,8,10,0,0.930,0.168,1.906,0.791,0.669,0.556,780.186
965,COMPLETE,8.930,6,225.000,0.6,2,,0.540,750.0,4250.000,2.0,2.000000e-05,0.090,0.600,8,10,0,0.930,0.168,1.906,0.791,0.669,0.556,779.139
966,COMPLETE,7.813,6,255.000,0.6,2,,0.540,750.0,5250.000,2.0,2.000000e-05,0.090,0.600,7,10,0,0.813,0.164,1.581,0.694,0.647,0.591,785.844
967,COMPLETE,7.988,6,345.000,0.6,2,,0.540,750.0,5250.000,2.0,2.000000e-05,0.110,0.600,7,10,0,0.988,0.219,2.650,0.835,0.759,0.528,904.237
968,COMPLETE,9.979,8,345.000,0.6,2,,0.540,750.0,4250.000,2.0,2.000000e-05,0.090,0.600,9,10,0,0.979,0.321,4.651,0.853,0.739,0.510,1083.341
969,COMPLETE,11.000,8,345.000,0.6,2,,0.540,750.0,5250.000,2.0,2.000000e-05,0.090,0.600,10,10,0,1.000,0.284,3.804,0.863,0.773,0.543,1017.085
970,COMPLETE,5.718,8,225.000,0.6,2,,0.500,750.0,5250.000,2.0,2.000000e-05,0.090,0.400,5,10,0,0.718,0.179,1.711,0.609,0.538,0.679,854.665
971,COMPLETE,6.922,8,345.000,0.6,3,,0.540,750.0,5250.000,2.0,2.000000e-05,0.090,0.400,6,10,0,0.922,0.275,3.550,0.798,0.636,0.642,1072.997
972,COMPLETE,6.922,8,345.000,0.6,3,,0.540,750.0,5250.000,2.0,2.000000e-05,0.090,0.400,6,10,0,0.922,0.275,3.550,0.798,0.636,0.642,1062.063
973,COMPLETE,7.881,8,345.000,0.6,2,,0.500,750.0,5250.000,2.0,2.000000e-05,0.090,0.400,7,10,0,0.881,0.279,3.477,0.745,0.662,0.541,1062.801
974,COMPLETE,8.927,8,345.000,0.6,2,,0.500,750.0,5250.000,2.0,2.000000e-05,0.090,0.600,8,10,0,0.927,0.279,3.535,0.781,0.689,0.572,1003.819
975,COMPLETE,9.998,8,345.000,0.6,2,,0.540,750.0,4250.000,2.0,2.000000e-05,0.090,0.400,9,10,0,0.998,0.325,4.747,0.876,0.772,0.538,1078.038
976,COMPLETE,8.989,8,225.000,0.6,2,,0.540,750.0,4250.000,2.0,2.000000e-05,0.090,0.400,8,10,0,0.989,0.206,2.622,0.862,0.727,0.568,899.702
977,COMPLETE,11.000,8,345.000,0.6,2,,0.560,750.0,4250.000,2.0,2.000000e-05,0.090,0.400,10,10,0,1.000,0.326,4.814,0.866,0.756,0.519,1107.273
978,COMPLETE,9.999,8,345.000,0.6,4,,0.560,750.0,4250.000,2.0,2.000000e-05,0.090,0.400,9,10,0,0.999,0.330,4.872,0.864,0.742,0.504,1072.809
979,COMPLETE,9.998,8,330.000,0.6,2,,0.500,750.0,4250.000,2.0,2.000000e-05,0.090,0.000,9,10,0,0.998,0.310,4.367,0.859,0.727,0.554,1085.509
980,COMPLETE,11.000,8,330.000,0.6,2,,0.540,750.0,4250.000,2.0,2.000000e-05,0.090,0.400,10,10,0,1.000,0.304,4.370,0.854,0.718,0.563,1061.169
981,COMPLETE,9.998,8,345.000,0.6,2,,0.540,750.0,4250.000,2.0,2.000000e-05,0.090,0.400,9,10,0,0.998,0.325,4.747,0.876,0.772,0.538,1085.399
982,COMPLETE,9.996,8,345.000,0.6,2,,0.500,750.0,3000.000,2.0,2.000000e-05,0.090,0.000,9,10,0,0.996,0.408,6.256,0.852,0.685,0.630,1142.397
983,COMPLETE,9.996,8,345.000,0.6,2,,0.500,750.0,3000.000,2.0,2.000000e-05,0.090,0.000,9,10,0,0.996,0.408,6.256,0.852,0.685,0.630,1172.214
984,COMPLETE,8.996,8,345.000,0.6,2,,0.540,750.0,3000.000,2.0,2.000000e-05,0.090,0.000,8,10,0,0.996,0.395,6.113,0.827,0.629,0.574,1177.040
985,COMPLETE,9.996,8,345.000,0.6,2,,0.500,750.0,3000.000,2.0,2.000000e-05,0.090,0.000,9,10,0,0.996,0.408,6.256,0.852,0.685,0.630,1145.820
986,COMPLETE,9.996,8,345.000,0.6,2,,0.500,750.0,3000.000,2.0,2.000000e-05,0.090,0.000,9,10,0,0.996,0.408,6.256,0.852,0.685,0.630,1163.704
987,COMPLETE,9.996,8,345.000,0.6,2,,0.500,750.0,3000.000,2.0,2.000000e-05,0.090,0.000,9,10,0,0.996,0.408,6.256,0.852,0.685,0.630,1166.768
988,COMPLETE,8.971,8,345.000,0.6,2,,0.500,750.0,3000.000,2.0,2.000000e-05,0.090,0.400,8,10,0,0.971,0.405,6.193,0.845,0.702,0.453,1169.878
989,COMPLETE,5.928,8,360.000,0.6,2,,0.500,750.0,3000.000,2.0,2.000000e-05,0.090,0.000,5,10,0,0.928,0.416,6.347,0.834,0.581,0.558,1168.254
990,COMPLETE,9.996,8,345.000,0.6,2,,0.500,750.0,3000.000,2.0,2.000000e-05,0.090,0.000,9,10,0,0.996,0.408,6.256,0.852,0.685,0.630,1176.574
991,COMPLETE,9.996,8,345.000,0.6,2,,0.500,750.0,3000.000,2.0,2.000000e-05,0.090,0.000,9,10,0,0.996,0.408,6.256,0.852,0.685,0.630,1151.098
992,COMPLETE,9.996,8,345.000,0.6,2,,0.500,750.0,3000.000,2.0,2.000000e-05,0.090,0.000,9,10,0,0.996,0.408,6.256,0.852,0.685,0.630,1171.305
993,COMPLETE,8.996,8,345.000,0.6,2,,0.540,750.0,3000.000,2.0,2.000000e-05,0.090,0.000,8,10,0,0.996,0.395,6.113,0.827,0.629,0.574,1198.345
994,COMPLETE,10.000,8,330.000,0.6,2,,0.500,750.0,3000.000,2.0,2.000000e-05,0.090,0.400,9,10,0,1.000,0.399,6.082,0.847,0.755,0.594,1189.902
995,COMPLETE,5.928,8,360.000,0.6,2,,0.500,750.0,3000.000,2.0,2.000000e-05,0.090,0.000,5,10,0,0.928,0.416,6.347,0.834,0.581,0.558,1187.164
996,COMPLETE,11.000,8,360.000,0.6,2,,0.540,750.0,3000.000,2.0,2.000000e-05,0.090,0.000,10,10,0,1.000,0.425,6.674,0.844,0.688,0.540,1215.487
997,COMPLETE,5.928,8,360.000,0.6,2,,0.500,750.0,3000.000,2.0,2.000000e-05,0.090,0.000,5,10,0,0.928,0.416,6.347,0.834,0.581,0.558,1201.416
998,COMPLETE,11.000,8,360.000,0.6,2,,0.540,750.0,3000.000,2.0,2.000000e-05,0.090,0.000,10,10,0,1.000,0.425,6.674,0.844,0.688,0.540,1198.189
999,COMPLETE,6.955,8,360.000,0.6,2,,0.540,750.0,3000.000,2.0,1.500000e-05,0.120,0.000,6,10,0,0.955,0.403,6.421,0.837,0.599,0.554,1194.177
1000,COMPLETE,9.986,8,360.000,0.6,2,,0.500,750.0,3000.000,2.0,2.000000e-05,0.120,0.000,9,10,0,0.986,0.391,5.918,0.812,0.642,0.622,1205.667
1001,COMPLETE,9.986,8,360.000,0.6,2,,0.500,750.0,3000.000,2.0,2.000000e-05,0.120,0.000,9,10,0,0.986,0.391,5.918,0.812,0.642,0.622,1206.398
1002,COMPLETE,5.971,8,345.000,0.6,2,,0.500,750.0,3000.000,2.0,1.500000e-05,0.120,0.000,5,10,0,0.971,0.379,5.862,0.818,0.630,0.603,1156.323
1003,COMPLETE,9.997,8,360.000,0.6,2,,0.500,750.0,3000.000,2.0,2.000000e-05,0.110,0.000,9,10,0,0.997,0.406,6.200,0.834,0.671,0.498,1210.354
1004,COMPLETE,8.994,8,360.000,0.6,2,,0.500,750.0,3000.000,2.0,1.500000e-05,0.110,0.000,8,10,0,0.994,0.415,6.464,0.825,0.656,0.487,1213.864
1005,COMPLETE,6.985,8,360.000,0.6,6,,0.500,750.0,3250.000,2.0,2.000000e-05,0.120,0.000,6,10,0,0.985,0.380,5.668,0.806,0.647,0.502,1191.456
1006,COMPLETE,8.995,8,360.000,0.6,6,,0.500,750.0,3250.000,2.0,2.000000e-05,0.110,0.000,8,10,0,0.995,0.390,5.881,0.837,0.727,0.525,1193.241
1007,COMPLETE,8.995,8,360.000,0.6,6,,0.500,750.0,3250.000,2.0,2.000000e-05,0.110,0.000,8,10,0,0.995,0.390,5.881,0.837,0.727,0.525,1199.460
1008,COMPLETE,7.989,8,330.000,0.6,12,,0.580,750.0,3250.000,2.0,2.000000e-05,0.120,0.500,7,10,0,0.989,0.353,5.508,0.829,0.693,0.553,1153.625
1009,COMPLETE,9.985,8,360.000,0.6,12,,0.580,750.0,3250.000,2.0,2.000000e-05,0.120,0.500,9,10,0,0.985,0.383,6.009,0.819,0.648,0.433,1230.201
1010,COMPLETE,5.982,8,345.000,0.6,12,,0.540,750.0,3250.000,2.0,2.000000e-05,0.120,1.000,5,10,0,0.982,0.380,5.754,0.797,0.769,0.503,1200.444
1011,COMPLETE,7.993,8,345.000,0.6,12,,0.580,750.0,3250.000,2.0,1.250000e-05,0.120,0.400,7,10,0,0.993,0.371,6.008,0.817,0.668,0.502,1193.558
1012,COMPLETE,5.965,8,345.000,0.6,12,,0.580,750.0,3250.000,2.0,1.250000e-05,0.130,0.400,5,10,0,0.965,0.354,5.711,0.811,0.588,0.500,1177.151
1013,COMPLETE,5.976,8,345.000,0.6,12,,0.580,750.0,3250.000,2.0,1.250000e-05,0.130,0.500,5,10,0,0.976,0.366,5.892,0.797,0.666,0.524,1192.934
1014,COMPLETE,6.976,8,345.000,0.6,12,,0.580,750.0,3250.000,2.0,2.500000e-05,0.130,0.500,6,10,0,0.976,0.372,5.606,0.800,0.687,0.541,1184.569
1015,COMPLETE,5.981,8,255.000,0.6,12,,0.580,750.0,3250.000,2.0,3.250000e-05,0.130,1.000,5,10,0,0.981,0.277,3.678,0.796,0.779,0.580,1098.952
1016,COMPLETE,5.976,8,255.000,0.6,12,,0.580,750.0,3250.000,2.0,3.750000e-05,0.130,1.000,5,10,0,0.976,0.276,3.480,0.790,0.759,0.525,1091.381
1017,COMPLETE,8.985,8,255.000,0.6,5,,0.580,750.0,3250.000,2.0,3.250000e-05,0.130,1.000,8,10,0,0.985,0.277,3.707,0.813,0.769,0.560,1065.147
1018,COMPLETE,8.985,8,255.000,0.6,5,,0.580,750.0,3250.000,2.0,3.250000e-05,0.130,1.000,8,10,0,0.985,0.277,3.707,0.813,0.769,0.560,1058.528
1019,COMPLETE,8.985,8,255.000,0.6,5,,0.580,750.0,3250.000,2.0,3.250000e-05,0.130,1.000,8,10,0,0.985,0.277,3.707,0.813,0.769,0.560,1056.583
1020,COMPLETE,8.942,8,255.000,0.6,5,,0.580,750.0,3250.000,2.0,4.750000e-05,0.100,1.000,8,10,0,0.942,0.290,3.390,0.799,0.727,0.474,1107.122
1021,COMPLETE,7.983,8,255.000,0.6,5,,0.580,750.0,3250.000,2.0,3.250000e-05,0.100,1.000,7,10,0,0.983,0.291,3.929,0.821,0.797,0.621,1097.514
1022,COMPLETE,10.000,5,255.000,0.6,12,,0.580,750.0,3250.000,2.0,4.250000e-05,0.110,1.000,9,10,0,1.000,0.206,2.129,0.859,0.828,0.583,872.529
1023,COMPLETE,8.988,5,255.000,0.6,12,,0.580,750.0,3250.000,2.0,3.250000e-05,0.120,0.800,8,10,0,0.988,0.202,2.376,0.831,0.770,0.550,853.622
