candidate,seed,stable,collapsed,score,progress,final_success,final_payoff,final_comb_tilt,final_sender_transposition,final_receiver_transposition,final_min_transposition,final_dance_propensity
baseline,200,True,False,2.0,1.0,0.33083333333333337,4.850975809544478,0.8551151619166023,0.7886318232047825,0.7337525118856434,0.7337525118856434,0.7776842394032849
baseline,201,False,False,0.9615604810742413,0.9615604810742413,0.32325,4.600574915589747,0.7692483848593931,0.8203126165057354,0.8401661688197664,0.8203126165057354,0.36433056791831275
baseline,202,True,False,2.0,1.0,0.3228888888888889,4.676790248332497,0.8357463173368165,0.7139739882703956,0.6653171917206434,0.6653171917206434,0.5622330812279526
baseline,203,True,False,2.0,1.0,0.3476666666666667,5.057587433449883,0.8232503298508477,0.8099243077798887,0.8068457432968906,0.8068457432968906,0.6972504997652383
baseline,204,True,False,2.0,1.0,0.3308611111111111,4.881671322539183,0.8502095585492788,0.856651402634036,0.6866451577966433,0.6866451577966433,0.6047838458011362
baseline,205,True,False,2.0,1.0,0.3229722222222222,4.834141106010702,0.8865928151905524,0.8594808052748978,0.7066289826569034,0.7066289826569034,0.586793681848896
baseline,206,True,False,2.0,1.0,0.34361111111111114,5.038265868374206,0.8306548519749684,0.8411646701852356,0.7931590779216201,0.7931590779216201,0.5219412192825972
baseline,207,True,False,2.0,1.0,0.3181388888888889,4.6762537533770905,0.8474085748581568,0.8044760853918055,0.7551284666139136,0.7551284666139136,0.7513079595115646
baseline,208,True,False,2.0,1.0,0.33808333333333335,5.047705698235153,0.8986741091573863,0.7825633445339065,0.7906106830962689,0.7825633445339065,0.634233494940421
baseline,209,True,False,2.0,1.0,0.3362222222222222,5.06115011797459,0.8951447797017806,0.8369375756092772,0.8550762280978609,0.8369375756092772,0.44576964972573574
baseline,210,True,False,2.0,1.0,0.34975,5.258163579080852,0.8763204475335378,0.9007398736281205,0.8433531521796627,0.8433531521796627,0.5336467116462743
baseline,211,True,False,2.0,1.0,0.3134444444444444,4.591481788864939,0.8637548395777711,0.8621733896588301,0.8257484725260045,0.8257484725260045,0.5930361931336001
baseline,212,True,False,2.0,1.0,0.3226388888888889,4.8253187610365975,0.8775990001636998,0.8785892152453216,0.8465257925945611,0.8465257925945611,0.4692844666131559
baseline,213,True,False,2.0,1.0,0.30733333333333335,4.476695984901249,0.8303064494590249,0.7124630424537084,0.6195329452349743,0.6195329452349743,0.5355175681720795
baseline,214,True,False,2.0,1.0,0.3413333333333333,5.103393514035765,0.8937843831551682,0.8389024217830106,0.6837008912759942,0.6837008912759942,0.6795511277460565
baseline,215,True,False,2.0,1.0,0.31730555555555556,4.675650354672616,0.8752427467352296,0.7400694340569411,0.6542102723550866,0.6542102723550866,0.45512647086912944
baseline,216,True,False,2.0,1.0,0.34155555555555556,5.092297293416502,0.8854678213543752,0.8123241184568571,0.7032903708550748,0.7032903708550748,0.6310243801261565
baseline,217,True,False,2.0,1.0,0.30866666666666664,4.559452172722,0.889652441845456,0.8363923552165389,0.8729864794145038,0.8363923552165389,0.37605616472073744
baseline,218,True,False,2.0,1.0,0.3361388888888889,5.04769822696522,0.8885930613082037,0.8511387027085323,0.8071678082917776,0.8071678082917776,0.5936824986240404
baseline,219,True,False,2.0,1.0,0.33363888888888893,4.910029206643298,0.8601777331201518,0.8427692366244464,0.7381736115203132,0.7381736115203132,0.6033651389686926
baseline,220,True,False,2.0,1.0,0.32569444444444445,4.748463863702302,0.8253015479168359,0.7883778782817658,0.8404175313155221,0.7883778782817658,0.48230084465576634
baseline,221,True,False,2.0,1.0,0.28150000000000003,4.122572603183701,0.9039585256631786,0.8188592812125246,0.6579279122232273,0.6579279122232273,0.5620153783846835
baseline,222,True,False,2.0,1.0,0.32036111111111115,4.7481669278674445,0.8916917232701848,0.7872953483044063,0.6300205822136691,0.6300205822136691,0.6841855603366368
baseline,223,True,False,2.0,1.0,0.309,4.54298211563109,0.8869967740612901,0.7819670888954315,0.6922853275238336,0.6922853275238336,0.43015908437454464
baseline,224,True,False,2.0,1.0,0.3368055555555555,4.900073172653128,0.8122359576667099,0.8209844199674297,0.6167524643227689,0.6167524643227689,0.7222945607769449
baseline,225,True,False,2.0,1.0,0.3318333333333333,4.838336154664718,0.8237185654620396,0.810954392276103,0.7763651303431156,0.7763651303431156,0.6055989729396221
baseline,226,True,False,2.0,1.0,0.333,4.886131980226845,0.8492245131910275,0.7808986559761497,0.805635989537916,0.7808986559761497,0.5977805976901482
baseline,227,True,False,2.0,1.0,0.3179444444444445,4.669581701463893,0.8622733940211297,0.7680810710630992,0.5124659720382465,0.5124659720382465,0.2047798566148369
baseline,228,True,False,2.0,1.0,0.3115,4.482568791147878,0.8296997187441306,0.7551428198860783,0.757307091671236,0.7551428198860783,0.6689516105801725
baseline,229,False,False,0.47415994789527155,0.47415994789527155,0.2989722222222222,3.7366612251443505,0.535859461337762,0.25274354018066153,0.23707997394763577,0.23707997394763577,0.6740500063039504
baseline,230,False,False,0.9945269396373826,0.9945269396373826,0.2951388888888889,4.195977191109394,0.7956215517099061,0.7028396770457815,0.7267590602240339,0.7028396770457815,0.5962328367296873
baseline,231,True,False,2.0,1.0,0.33469444444444446,4.854426647756497,0.8129402705998731,0.8310155470112576,0.6249193178071123,0.6249193178071123,0.6817102406429323
baseline,232,True,False,2.0,1.0,0.2993611111111111,4.29907709755115,0.8417029157795332,0.8142034468988777,0.543771391654401,0.543771391654401,0.5991388886143165
baseline,233,False,False,0.9983536123589627,0.9983536123589627,0.3129722222222222,4.503509726118183,0.7986828898871702,0.8781432451621639,0.7464785737952057,0.7464785737952057,0.5123654568920831
baseline,234,True,False,2.0,1.0,0.358,5.375625504001245,0.8713034783987565,0.8719997368486447,0.8469267674139831,0.8469267674139831,0.3612489207524627
baseline,235,True,False,2.0,1.0,0.3406666666666667,5.060956802880497,0.8729392207502581,0.8576751096791074,0.6376723211793821,0.6376723211793821,0.4441399809619523
baseline,236,True,False,2.0,1.0,0.3303611111111111,4.913637383985478,0.8755365878036175,0.8155248402602459,0.7389334505173458,0.7389334505173458,0.41764900728333665
baseline,237,True,False,2.0,1.0,0.3288055555555555,4.847598679540969,0.8573616329195631,0.8879521227376868,0.8895675514580726,0.8879521227376868,0.45517020442310113
baseline,238,True,False,2.0,1.0,0.3008611111111111,4.481005749078556,0.9070786753273476,0.7172747168733157,0.6549536871770558,0.6549536871770558,0.5253549799727939
baseline,239,False,False,0.942737452076023,0.942737452076023,0.30225,4.216015840716533,0.7541899616608184,0.6937342060956376,0.6609975401218571,0.6609975401218571,0.6776885117791461
baseline,240,True,False,2.0,1.0,0.31594444444444447,4.569147567990578,0.8394210934604109,0.7609322961717033,0.7371813971397516,0.7371813971397516,0.5151833333090051
baseline,241,True,False,2.0,1.0,0.3071944444444445,4.425289932546755,0.8314626348515654,0.7440988622144248,0.5908487310644887,0.5908487310644887,0.3582863088972377
baseline,242,True,False,2.0,1.0,0.30897222222222226,4.576654335588393,0.8973885249243845,0.8020872409787991,0.5690011049241187,0.5690011049241187,0.6380943322800781
baseline,243,True,False,2.0,1.0,0.3402777777777778,5.012240524170619,0.8389334523745939,0.8569470044107652,0.7113061492382151,0.7113061492382151,0.6127181275131619
baseline,244,True,False,2.0,1.0,0.3015833333333333,4.428891500525705,0.8629885834031359,0.7249566680937682,0.5762210903717407,0.5762210903717407,0.31058788244565355
baseline,245,True,False,2.0,1.0,0.3313333333333333,4.948073685798085,0.8986365432912888,0.7798420277371663,0.6445977013656384,0.6445977013656384,0.36852560063018136
baseline,246,True,False,2.0,1.0,0.3201111111111111,4.705518252024524,0.862822638860581,0.7714960898996884,0.8205991958977098,0.7714960898996884,0.20066586563205488
baseline,247,True,False,2.0,1.0,0.3326388888888889,4.922190908800299,0.8857659401828978,0.7815847704680847,0.7570773035225741,0.7570773035225741,0.7514273548646232
baseline,248,False,False,0.8670357387447655,0.8670357387447655,0.31666666666666665,4.665197556994914,0.8916568317615897,0.7577032546861953,0.43351786937238274,0.43351786937238274,0.710708979572149
baseline,249,True,False,2.0,1.0,0.33725,5.066591376406645,0.8888762298336618,0.8041418692351289,0.7412856290646358,0.7412856290646358,0.3564213367338381
baseline,250,True,False,2.0,1.0,0.34347222222222223,5.089360396219468,0.8477931444136212,0.8675132076639064,0.8542409353337509,0.8542409353337509,0.7344473062703043
baseline,251,True,False,2.0,1.0,0.32719444444444445,4.7687767327798944,0.817825559775472,0.8322805833335792,0.7765160156382179,0.7765160156382179,0.7553126570756449
baseline,252,True,False,2.0,1.0,0.3263611111111111,4.786823416603886,0.8374242134834874,0.836984000822331,0.8008483053325478,0.8008483053325478,0.5999017977321439
baseline,253,True,False,2.0,1.0,0.31194444444444447,4.607763230169054,0.8702306910298092,0.7775087749963089,0.8447716495183759,0.7775087749963089,0.5693917155438475
baseline,254,True,False,2.0,1.0,0.33261111111111114,4.8785557330372855,0.8284159771716199,0.8537968337644153,0.7685329105712929,0.7685329105712929,0.5467013848375248
baseline,255,True,False,2.0,1.0,0.3346388888888889,4.955851598704762,0.8708888546993614,0.8164272138180909,0.8449631853485889,0.8164272138180909,0.515389553648106
baseline,256,True,False,2.0,1.0,0.33533333333333337,4.945857792873456,0.8598664626753182,0.8528260000585188,0.7658912524831918,0.7658912524831918,0.5122735352864237
baseline,257,True,False,2.0,1.0,0.3314166666666667,4.886298247495055,0.851967902477744,0.8655201842507592,0.7359252235958956,0.7359252235958956,0.28637888712233245
baseline,258,True,False,2.0,1.0,0.33233333333333337,4.944290301855129,0.8903562002068117,0.7942777542261212,0.642130208462118,0.642130208462118,0.5632015836126351
baseline,259,True,False,2.0,1.0,0.3070277777777778,4.527323548378549,0.8752086148706227,0.8338466200258411,0.769991329909714,0.769991329909714,0.2866084597533243
baseline,260,True,False,2.0,1.0,0.31863888888888886,4.626369963686311,0.8305123963810087,0.8049204233310172,0.7127199429579075,0.7127199429579075,0.7879828125346777
baseline,261,True,False,2.0,1.0,0.3133611111111111,4.573710270253196,0.8613707992547036,0.6789160247288071,0.6875352664435568,0.6789160247288071,0.6521126751942946
baseline,262,True,False,2.0,1.0,0.2961944444444445,4.3125491969349286,0.8738613837945591,0.654242976065536,0.7050758249241998,0.654242976065536,0.5907340378047278
baseline,263,True,False,2.0,1.0,0.3292777777777778,4.873578193564338,0.8690348935229937,0.7847152020967949,0.797101856067535,0.7847152020967949,0.6795164955474817
baseline,264,True,False,2.0,1.0,0.33744444444444444,4.887799779626669,0.8103731518504229,0.8582138520758,0.7849255698254584,0.7849255698254584,0.3787587323792938
baseline,265,True,False,2.0,1.0,0.34780555555555553,5.194530668250007,0.8714211488848714,0.9122660682734833,0.8313602344650407,0.8313602344650407,0.46244552129283056
baseline,266,True,False,2.0,1.0,0.31397222222222226,4.520878179038993,0.8157123330273472,0.7729046823442036,0.9055747462344806,0.7729046823442036,0.5870240992475807
baseline,267,True,False,2.0,1.0,0.3343888888888889,4.98652667932315,0.8780350954849127,0.8545787215882086,0.7356387649850917,0.7356387649850917,0.6147385803152478
baseline,268,True,False,2.0,1.0,0.34175,5.083553226398871,0.8724505495445396,0.8847907069985909,0.8352939247943459,0.8352939247943459,0.455910359195158
baseline,269,True,False,2.0,1.0,0.322,4.776616428773124,0.8728071569876265,0.8474907791984777,0.8820470703421462,0.8474907791984777,0.3557010214785968
baseline,270,True,False,2.0,1.0,0.34677777777777774,5.1666662953781115,0.867783718812412,0.8801134387857658,0.7557604864641019,0.7557604864641019,0.4144233401686167
baseline,271,True,False,2.0,1.0,0.32008333333333333,4.7451853007571,0.8746754839052844,0.8423352011221684,0.70314715300787,0.70314715300787,0.6878099362875131
baseline,272,True,False,2.0,1.0,0.31649999999999995,4.684411036266449,0.9066888880954127,0.7828949268924388,0.616504550840969,0.616504550840969,0.49625815732000805
baseline,273,True,False,2.0,1.0,0.29283333333333333,4.218194588972006,0.844187845109259,0.685124316802067,0.7644403336048208,0.685124316802067,0.6626927503977876
baseline,274,True,False,2.0,1.0,0.3055833333333334,4.379994141867917,0.8032340823614309,0.8337514116432699,0.7765780317892437,0.7765780317892437,0.439784146192827
baseline,275,True,False,2.0,1.0,0.3428333333333333,5.14181250378316,0.8944710602562899,0.8034389514911713,0.7356845703652206,0.7356845703652206,0.3799057139736615
baseline,276,False,False,0.9951306571018149,0.9951306571018149,0.32008333333333333,4.57964444985909,0.796104525681452,0.7843719811646046,0.5525817563233076,0.5525817563233076,0.4469360741750236
baseline,277,True,False,2.0,1.0,0.34494444444444444,5.175352148018954,0.8967420284533084,0.866073497645299,0.8326250091596671,0.8326250091596671,0.6578353261440835
baseline,278,True,False,2.0,1.0,0.33116666666666666,4.920327909146065,0.870194624904233,0.8313273556991198,0.6313999135754723,0.6313999135754723,0.43935530471658374
baseline,279,True,False,2.0,1.0,0.32652777777777775,4.7120784106560185,0.8150462237379404,0.854663809158529,0.8559806554933637,0.854663809158529,0.7949618199683631
baseline,280,True,False,2.0,1.0,0.34875,5.200196873274613,0.8814469163222763,0.8733088105760644,0.6848526791600335,0.6848526791600335,0.49290103955143416
baseline,281,False,False,0.9822360545115734,0.9822360545115734,0.31827777777777777,4.563096334541947,0.7857888436092587,0.8324083052392951,0.8067319205403093,0.8067319205403093,0.6625812242151932
baseline,282,True,False,2.0,1.0,0.33625,4.901699542641948,0.8318579323607841,0.8013047215612856,0.7022862429093133,0.7022862429093133,0.7407389775935265
baseline,283,True,False,2.0,1.0,0.3307777777777778,4.867093578666252,0.8576145103681845,0.7889967619470094,0.6575778954446392,0.6575778954446392,0.3977233000248541
baseline,284,True,False,2.0,1.0,0.3293055555555556,4.744615604494969,0.8105425868853656,0.7812596242045741,0.7131608368403071,0.7131608368403071,0.5804445338394698
baseline,285,True,False,2.0,1.0,0.3256111111111111,4.806797151749374,0.8791741000909745,0.8517328315801703,0.8230087805520715,0.8230087805520715,0.7399068209620261
baseline,286,True,False,2.0,1.0,0.3228611111111111,4.695986722996273,0.8249559156261663,0.8354929529024077,0.8787181164002719,0.8354929529024077,0.7794715765810231
baseline,287,True,False,2.0,1.0,0.3388055555555555,5.064574122062529,0.8721231595430354,0.8397502445420411,0.7871455925995973,0.7871455925995973,0.7392481247827828
baseline,288,True,False,2.0,1.0,0.3063888888888889,4.498582794920744,0.8628559440749775,0.7347531727870786,0.7503100621143264,0.7347531727870786,0.44960353920840296
baseline,289,True,False,2.0,1.0,0.3336111111111111,4.848808522254475,0.8204575067198819,0.8575688566859591,0.7400094560956544,0.7400094560956544,0.45349567735781193
baseline,290,True,False,2.0,1.0,0.32866666666666666,4.87658987344371,0.8865743964744968,0.7719235980468929,0.7963869920977443,0.7719235980468929,0.4433145990562618
baseline,291,True,False,2.0,1.0,0.3288055555555555,4.8295172381839,0.8557905345926238,0.7466958948202369,0.7646262926493869,0.7466958948202369,0.309417828741576
baseline,292,True,False,2.0,1.0,0.31825,4.656848616310454,0.8634118116405456,0.8408821056569806,0.7531162223299404,0.7531162223299404,0.4410769488474435
baseline,293,True,False,2.0,1.0,0.31872222222222224,4.719093237716299,0.8903886984048657,0.7486136340867555,0.7279609015531047,0.7279609015531047,0.47683147786042984
baseline,294,False,False,0.568064969876271,0.568064969876271,0.28925,3.487951364716848,0.4544519759010168,0.3590202592166908,0.45602087411608144,0.3590202592166908,0.3907140509377795
baseline,295,False,False,0.9167925428929204,0.9167925428929204,0.3303611111111111,4.626169752697577,0.7334340343143364,0.8233584564186178,0.7558459830052836,0.7558459830052836,0.4866844539480155
baseline,296,True,False,2.0,1.0,0.32502777777777775,4.657496643733915,0.8002622410728395,0.8225614009173807,0.7220074900210107,0.7220074900210107,0.38307593256154693
baseline,297,True,False,2.0,1.0,0.31672222222222224,4.606354653702669,0.8333513650509631,0.8463442476108097,0.8094758530956222,0.8094758530956222,0.6909430797497492
baseline,298,True,False,2.0,1.0,0.31958333333333333,4.636826104071948,0.8220872849723282,0.8592488949701037,0.7791491299590525,0.7791491299590525,0.6039225862687387
baseline,299,True,False,2.0,1.0,0.32788888888888884,4.845767457278833,0.8599310985641666,0.7591743566108992,0.8337243784070584,0.7591743566108992,0.36007661684750525
food_site_count=5,200,True,False,2.0,1.0,0.24947222222222223,3.427916550143776,0.8739351340414916,0.8314301746121273,0.8347360487679575,0.8314301746121273,0.5923455689885508
food_site_count=5,201,True,False,2.0,1.0,0.23016666666666669,3.066504901651611,0.8350692196467165,0.8260565688914832,0.865428679428057,0.8260565688914832,0.35867090978003957
food_site_count=5,202,False,False,0.3308395592987042,0.3308395592987042,0.23566666666666666,2.4430494318586344,0.2646716474389634,0.29949327781167717,0.20864065154278452,0.20864065154278452,0.5103706270999154
food_site_count=5,203,True,False,2.0,1.0,0.22747222222222221,3.0299251695711864,0.8489947710291534,0.7503874028922454,0.8152569873461687,0.7503874028922454,0.43322652000342743
food_site_count=5,204,True,False,2.0,1.0,0.2528611111111111,3.46108461389598,0.8597014726728379,0.8667507189563339,0.8771387250188594,0.8667507189563339,0.7411568126896254
food_site_count=5,205,True,False,2.0,1.0,0.2172777777777778,2.8076402642727127,0.8072736539271841,0.7991275529399224,0.7173093460079921,0.7173093460079921,0.34673847876347363
food_site_count=5,206,False,False,0.2913087740932353,0.2913087740932353,0.24375,2.476068907246968,0.23304701927458824,0.22263659217544554,0.2695300374089165,0.22263659217544554,0.6468038234467921
food_site_count=5,207,True,False,2.0,1.0,0.24605555555555556,3.4028430009047312,0.9119706344880346,0.8592756092980909,0.751331320743826,0.751331320743826,0.6821159368572917
food_site_count=5,208,True,False,2.0,1.0,0.22624999999999998,3.0683473278155398,0.8760287089514905,0.7972867727106794,0.65775749732687,0.65775749732687,0.6982365390759789
food_site_count=5,209,True,False,2.0,1.0,0.22672222222222221,3.0478142960559484,0.8589139295129476,0.7996579860116291,0.653596457383889,0.653596457383889,0.7165947581200142
food_site_count=5,210,True,False,2.0,1.0,0.2447777777777778,3.3404446796074647,0.8616079514121162,0.861080906118787,0.8652448709911449,0.861080906118787,0.30233264755630906
food_site_count=5,211,True,False,2.0,1.0,0.25013888888888886,3.401508469532639,0.8456602713208861,0.8684580987856777,0.8801109019578219,0.8684580987856777,0.7200325277294864
food_site_count=5,212,True,False,2.0,1.0,0.24280555555555555,3.3015521165604316,0.8763238243010442,0.8222780531163245,0.8141839858024048,0.8141839858024048,0.5019041757083685
food_site_count=5,213,True,False,2.0,1.0,0.22002777777777777,2.908834863968855,0.8380460306176499,0.8767514465305238,0.7255172805134465,0.7255172805134465,0.48122873263781063
food_site_count=5,214,True,False,2.0,1.0,0.24063888888888887,3.251195102711185,0.8527055997308389,0.8536750743294862,0.7289525119545536,0.7289525119545536,0.7091442971439256
food_site_count=5,215,False,False,0.9809649113642754,0.9809649113642754,0.2353888888888889,3.097593291091655,0.7847719290914204,0.8409895552164143,0.8448877065688506,0.8409895552164143,0.5173716635677956
food_site_count=5,216,True,False,2.0,1.0,0.2533333333333333,3.435085096115221,0.8360197752796901,0.8809601157966208,0.8204742937403593,0.8204742937403593,0.6222404632745981
food_site_count=5,217,False,False,0.21602840218825478,0.21602840218825478,0.25502777777777774,2.5789744676648123,0.17282272175060384,0.21431321382164334,0.2189928467393753,0.21431321382164334,0.6731191593763324
food_site_count=5,218,True,False,2.0,1.0,0.23558333333333334,3.198212359468783,0.8646631013974938,0.8486764437365452,0.820674271579952,0.820674271579952,0.7577988773984021
food_site_count=5,219,False,False,0.2663441591198069,0.2663441591198069,0.22805555555555557,2.282723870083148,0.21307532729584555,0.3319644670571649,0.19204788202993198,0.19204788202993198,0.8253864230787821
food_site_count=5,220,False,False,0.6952204966043407,0.6952204966043407,0.21594444444444444,2.4646199975927963,0.5561763972834726,0.4433050211017825,0.36361747922691234,0.36361747922691234,0.3951248135507972
food_site_count=5,221,True,False,2.0,1.0,0.22772222222222224,3.080869480537887,0.8785005045708146,0.8423000476931735,0.8322114012202495,0.8322114012202495,0.6819871981253817
food_site_count=5,222,True,False,2.0,1.0,0.2549166666666667,3.5356514546728275,0.8897327609776828,0.870505110034308,0.8619186574731394,0.8619186574731394,0.6341341380091368
food_site_count=5,223,True,False,2.0,1.0,0.22894444444444445,3.0739016094178897,0.8670347269650597,0.7988273277270181,0.8486810524869853,0.7988273277270181,0.20003309547274076
food_site_count=5,224,False,False,0.9960581784162406,0.9960581784162406,0.24705555555555556,3.305776651350229,0.7968465427329925,0.9020971676915217,0.8822546432563728,0.8822546432563728,0.6959942508023018
food_site_count=5,225,True,False,2.0,1.0,0.25508333333333333,3.514291849514254,0.8632046224269807,0.8435114012035504,0.7704952312952789,0.7704952312952789,0.4379655240577099
food_site_count=5,226,False,False,0.32910816112046926,0.32910816112046926,0.2293888888888889,2.494192290826353,0.38626424215705746,0.174606437677366,0.16455408056023463,0.16455408056023463,0.38652921950453406
food_site_count=5,227,True,False,2.0,1.0,0.22577777777777777,3.0507814877460757,0.9015874930609414,0.8186688743693326,0.6986217209384782,0.6986217209384782,0.7679765796958674
food_site_count=5,228,False,False,0.34651130723207013,0.34651130723207013,0.25180555555555556,2.7195254305530723,0.30721011100877565,0.19221163964915264,0.17325565361603507,0.17325565361603507,0.6600938653548727
food_site_count=5,229,True,False,2.0,1.0,0.22566666666666668,3.0442769601383177,0.8505543809066367,0.8145354481120954,0.7295463424405513,0.7295463424405513,0.40717995384614963
food_site_count=5,230,False,False,0.6778365777092142,0.6778365777092142,0.24630555555555553,2.9642853935519895,0.5706418177400151,0.5579907153674557,0.3389182888546071,0.3389182888546071,0.6428217815170671
food_site_count=5,231,False,False,0.7392935567142881,0.7392935567142881,0.23347222222222222,2.908497213488601,0.6820441033740584,0.6045310907792758,0.36964677835714405,0.36964677835714405,0.8276347441168501
food_site_count=5,232,True,False,2.0,1.0,0.22555555555555556,2.9846080219717614,0.8197722961016881,0.8611829136818251,0.6396877703697824,0.6396877703697824,0.8073820711623781
food_site_count=5,233,False,False,0.8789960126581238,0.8789960126581238,0.23130555555555557,2.9018826054342552,0.703196810126499,0.578342520575924,0.5051183013790542,0.5051183013790542,0.6348438736325114
food_site_count=5,234,True,False,2.0,1.0,0.24408333333333332,3.319212050068203,0.8831216044180934,0.8134664105259082,0.7312374258463166,0.7312374258463166,0.7591688670006126
food_site_count=5,235,True,False,2.0,1.0,0.24761111111111112,3.4062292137391412,0.8733966433747256,0.8282502297701257,0.7838209142725054,0.7838209142725054,0.7211907256784642
food_site_count=5,236,True,False,2.0,1.0,0.23927777777777778,3.190632380639607,0.8264604272587641,0.8680595969747112,0.8118620724868194,0.8118620724868194,0.5551593617236075
food_site_count=5,237,True,False,2.0,1.0,0.26130555555555557,3.6198924405767885,0.8743647561576822,0.845114471679438,0.8030636431427571,0.8030636431427571,0.6780982958466859
food_site_count=5,238,True,False,2.0,1.0,0.23841666666666667,3.276132399473829,0.901056063578299,0.8724617716821612,0.8650336969912705,0.8650336969912705,0.6157289440515552
food_site_count=5,239,True,False,2.0,1.0,0.24305555555555555,3.3123589725674005,0.8420450376549233,0.8950663926296236,0.8858006612833678,0.8858006612833678,0.4024256882281332
food_site_count=5,240,True,False,2.0,1.0,0.2525,3.512789692867992,0.9132020315685829,0.8065547672449249,0.7909055256238692,0.7909055256238692,0.4673426720155423
food_site_count=5,241,True,False,2.0,1.0,0.22552777777777777,2.932586198792512,0.8156018720792759,0.7741343375183488,0.7637375455110258,0.7637375455110258,0.696727983726693
food_site_count=5,242,False,False,0.28037000319161803,0.28037000319161803,0.25566666666666665,2.656202113324597,0.22429600255329443,0.21716360442898133,0.1627375040292543,0.1627375040292543,0.7122946967300406
food_site_count=5,243,True,False,2.0,1.0,0.23944444444444446,3.294690610036687,0.9159839269516455,0.8122910337156509,0.7880928132279178,0.7880928132279178,0.4240182155545076
food_site_count=5,244,True,False,2.0,1.0,0.23647222222222222,3.175358579005697,0.8359302604738441,0.7762128388583214,0.8577807533201623,0.7762128388583214,0.7128364265107685
food_site_count=5,245,True,False,2.0,1.0,0.23947222222222223,3.328549411339014,0.8754190237925626,0.8867335086656633,0.8628651992345981,0.8628651992345981,0.6965361749518569
food_site_count=5,246,True,False,2.0,1.0,0.24408333333333332,3.3622893730499315,0.8916349865879151,0.8560530665396521,0.7702558773885652,0.7702558773885652,0.5290193239785045
food_site_count=5,247,True,False,2.0,1.0,0.2619722222222222,3.6562397140203498,0.8968876416838005,0.7992503018960552,0.7837533951681893,0.7837533951681893,0.5013630773398636
food_site_count=5,248,False,False,0.30853794138498064,0.30853794138498064,0.21769444444444447,2.2366145216852553,0.26790211758484284,0.15426897069249032,0.16866874609686588,0.15426897069249032,0.6296057354130918
food_site_count=5,249,True,False,2.0,1.0,0.24458333333333335,3.3891949886415116,0.9245738628998755,0.8562641121142609,0.5773302477084108,0.5773302477084108,0.4748340634620485
food_site_count=5,250,True,False,2.0,1.0,0.2497222222222222,3.4240850007808437,0.8542710765606248,0.885761197844317,0.8292973527439663,0.8292973527439663,0.7613278420672104
food_site_count=5,251,True,False,2.0,1.0,0.2534722222222222,3.575329005967002,0.9376491860074697,0.8989446042664092,0.717192455104914,0.717192455104914,0.5358744414067702
food_site_count=5,252,True,False,2.0,1.0,0.2228888888888889,2.950493636249368,0.8285665662267383,0.8795200911628542,0.6422092751674451,0.6422092751674451,0.5717186817254213
food_site_count=5,253,True,False,2.0,1.0,0.2321111111111111,3.1020864019343617,0.868530605958951,0.7885190957754618,0.7889172486579211,0.7885190957754618,0.7605396473672513
food_site_count=5,254,True,False,2.0,1.0,0.22011111111111112,2.934554761472266,0.8641260277922934,0.7851884909277428,0.6881957979726118,0.6881957979726118,0.8197658689216899
food_site_count=5,255,False,False,0.34154986517897096,0.34154986517897096,0.2413611111111111,2.4877008539559697,0.2732398921431768,0.20137306719902295,0.2600332916972047,0.20137306719902295,0.8029170898175143
food_site_count=5,256,False,False,0.3033324285596896,0.3033324285596896,0.23625000000000002,2.426172087035373,0.2438069665620515,0.1516662142798448,0.20234677056111766,0.1516662142798448,0.5508544323556855
food_site_count=5,257,True,False,2.0,1.0,0.2451388888888889,3.3598849600724576,0.8771449869674656,0.827116789015112,0.7742021717717021,0.7742021717717021,0.6432591343589017
food_site_count=5,258,True,False,2.0,1.0,0.22444444444444445,2.964118252062678,0.8279427695204918,0.7801962181342148,0.7212179171742861,0.7212179171742861,0.3681000732877109
food_site_count=5,259,True,False,2.0,1.0,0.23991666666666667,3.2264419824580295,0.8490985697386009,0.8649973476069774,0.8105778368752377,0.8105778368752377,0.7432333413224175
food_site_count=5,260,True,False,2.0,1.0,0.2461111111111111,3.3768434396985794,0.9025947232079489,0.8649784813484064,0.5955205362051366,0.5955205362051366,0.7439912083089909
food_site_count=5,261,True,False,2.0,1.0,0.23505555555555555,3.2109276102235382,0.8859216063729509,0.8474458367321829,0.7225043551395806,0.7225043551395806,0.5135517348721627
food_site_count=5,262,True,False,2.0,1.0,0.23375,3.2164159965440193,0.8797921437268603,0.83996623478111,0.7595849713517759,0.7595849713517759,0.3882723476285127
food_site_count=5,263,True,False,2.0,1.0,0.23258333333333334,3.188286590012838,0.8832202366984199,0.8359672326976553,0.7592769632457921,0.7592769632457921,0.3306590808128011
food_site_count=5,264,True,False,2.0,1.0,0.23119444444444442,3.046320318454447,0.8038286237180075,0.8333172327199966,0.7769293050750397,0.7769293050750397,0.774610017352624
food_site_count=5,265,True,False,2.0,1.0,0.24713888888888888,3.404467284758058,0.8888010252435811,0.8269819126513902,0.7876610011811309,0.7876610011811309,0.6429761075023119
food_site_count=5,266,True,False,2.0,1.0,0.23158333333333334,3.093939843693112,0.8221934751980547,0.8455686124422747,0.8461910294820479,0.8455686124422747,0.6596014592086884
food_site_count=5,267,True,False,2.0,1.0,0.23541666666666666,3.160875997560322,0.8360854967349209,0.886915079518667,0.8314234463171287,0.8314234463171287,0.38380623537878705
food_site_count=5,268,True,False,2.0,1.0,0.23408333333333334,3.1077155274694728,0.8408294747639834,0.8137806096870149,0.6977335669708631,0.6977335669708631,0.5841852248299485
food_site_count=5,269,True,False,2.0,1.0,0.2268611111111111,3.0774526057863096,0.8854468051620912,0.8055875039653871,0.8203256517852414,0.8055875039653871,0.5625388666519702
food_site_count=5,270,False,False,0.4354876941843123,0.4354876941843123,0.23697222222222222,2.5903125878984383,0.3843473590991934,0.21774384709215616,0.22261465422686597,0.21774384709215616,0.7992538906122696
food_site_count=5,271,False,False,0.3620310342188606,0.3620310342188606,0.21291666666666667,2.214250541498789,0.33190814677707786,0.23644919254797817,0.1810155171094303,0.1810155171094303,0.39671616203866217
food_site_count=5,272,True,False,2.0,1.0,0.23447222222222222,3.142698261183342,0.8396947152376345,0.8146184444592123,0.8073798044769848,0.8073798044769848,0.8228721855363889
food_site_count=5,273,False,False,0.4014064739820323,0.4014064739820323,0.23941666666666667,2.5177985805096763,0.32112517918562583,0.20782651274432185,0.33267291969328067,0.20782651274432185,0.5933943109006089
food_site_count=5,274,True,False,2.0,1.0,0.24158333333333332,3.2416285217554925,0.8330918412016082,0.7970345741728853,0.8173327465981044,0.7970345741728853,0.6758488765128393
food_site_count=5,275,True,False,2.0,1.0,0.23697222222222222,3.2473867642700314,0.8910799329806394,0.8641699516574425,0.6399385560778311,0.6399385560778311,0.5638274860231405
food_site_count=5,276,True,False,2.0,1.0,0.2386388888888889,3.226002109397704,0.879197292696085,0.8322549057925263,0.6269992547342417,0.6269992547342417,0.6663835024161433
food_site_count=5,277,True,False,2.0,1.0,0.23441666666666666,3.21958215623461,0.8999211959593664,0.831816760113789,0.6787217313091946,0.6787217313091946,0.7789583036879405
food_site_count=5,278,True,False,2.0,1.0,0.22622222222222224,3.073465139531145,0.8785119267510344,0.7414889285191087,0.7623499326714872,0.7414889285191087,0.4470668552111211
food_site_count=5,279,True,False,2.0,1.0,0.2234722222222222,2.9228614401570066,0.8241672708676948,0.8274301799375033,0.7734367492477345,0.7734367492477345,0.5098547759298223
food_site_count=5,280,True,False,2.0,1.0,0.24291666666666664,3.3422941239641917,0.8986957413621018,0.8479278523336657,0.7918308614019202,0.7918308614019202,0.6259430199893532
food_site_count=5,281,False,False,0.3526226417613601,0.3526226417613601,0.2334166666666667,2.5300149656435087,0.3851060031998084,0.17631132088068005,0.21250247270577086,0.17631132088068005,0.3768068482883299
food_site_count=5,282,True,False,2.0,1.0,0.2275,3.057172641927358,0.8767712799040369,0.831726466741402,0.7508025760077436,0.7508025760077436,0.3700371106082473
food_site_count=5,283,True,False,2.0,1.0,0.22672222222222221,3.0885021937253248,0.8910433368988624,0.8575502646610883,0.7402922740211068,0.7402922740211068,0.5436611928211866
food_site_count=5,284,True,False,2.0,1.0,0.24497222222222223,3.3881125557774037,0.8787686269045127,0.8112879359076471,0.8390374057697566,0.8112879359076471,0.6280913196742188
food_site_count=5,285,True,False,2.0,1.0,0.23475000000000001,3.087238875571302,0.8177444504936807,0.836749097440543,0.810323449894933,0.810323449894933,0.4812857574039502
food_site_count=5,286,False,False,0.4240655546584539,0.4240655546584539,0.21408333333333335,2.2381020709121358,0.3641135385832976,0.2796496989590264,0.21203277732922696,0.21203277732922696,0.5644892087105877
food_site_count=5,287,True,False,2.0,1.0,0.23436111111111113,3.152023502618677,0.8496522403485091,0.7390358179100893,0.6580692508872217,0.6580692508872217,0.8429386274954586
food_site_count=5,288,True,False,2.0,1.0,0.24583333333333332,3.3270230033448507,0.8469516112205325,0.8425559405300513,0.8116230097885746,0.8116230097885746,0.6470820019820668
food_site_count=5,289,True,False,2.0,1.0,0.24916666666666665,3.38328954746534,0.8572764441072989,0.7918372153356487,0.7822049952214968,0.7822049952214968,0.5496853324306842
food_site_count=5,290,True,False,2.0,1.0,0.2423611111111111,3.263459028362429,0.8337336664215325,0.8756532629009525,0.7846662632709366,0.7846662632709366,0.5308498479725829
food_site_count=5,291,True,False,2.0,1.0,0.22805555555555557,3.022778819385955,0.8703633087005194,0.7913992109061996,0.7165426546110332,0.7165426546110332,0.8005038287415492
food_site_count=5,292,True,False,2.0,1.0,0.22569444444444445,2.9798059071869765,0.8221288343917013,0.8195175022881471,0.7129154173866629,0.7129154173866629,0.7436388791111269
food_site_count=5,293,True,False,2.0,1.0,0.24525,3.3363782052155395,0.8484265598512554,0.8058527896076043,0.8627275578406004,0.8058527896076043,0.8370881782243415
food_site_count=5,294,True,False,2.0,1.0,0.23572222222222222,3.217615825281376,0.8727623685579046,0.8503700454112835,0.8008184374139936,0.8008184374139936,0.44214628514700893
food_site_count=5,295,True,False,2.0,1.0,0.22644444444444442,2.9585504858913056,0.8063728032728662,0.8123422108161671,0.658206664655083,0.658206664655083,0.5687954825219612
food_site_count=5,296,True,False,2.0,1.0,0.22391666666666668,3.0419474431435716,0.879998626660008,0.8139411664098036,0.788175433569685,0.788175433569685,0.45832379118031735
food_site_count=5,297,True,False,2.0,1.0,0.2291111111111111,3.062318330227791,0.876503089674167,0.8600389182076215,0.8493188504158904,0.8493188504158904,0.41430441162700576
food_site_count=5,298,True,False,2.0,1.0,0.24238888888888888,3.2882275266456222,0.8477940783792898,0.8231244506307802,0.8132330599963133,0.8132330599963133,0.6596604466912148
food_site_count=5,299,True,False,2.0,1.0,0.22311111111111112,3.0170460419858367,0.911375467292077,0.724088074627236,0.8364614312561292,0.724088074627236,0.5937150679446245
food_site_count=6,200,False,False,0.9854876887294043,0.9854876887294043,0.2818055555555556,3.8802856080305657,0.7883901509835235,0.8507462847264724,0.8207784108579455,0.8207784108579455,0.8107417584921169
food_site_count=6,201,True,False,2.0,1.0,0.2638333333333333,3.7454083149511432,0.8742215661426772,0.8493713056329731,0.827529426687128,0.827529426687128,0.5133078739214761
food_site_count=6,202,True,False,2.0,1.0,0.2647222222222222,3.6588810765886466,0.8342926272540709,0.8095477858894441,0.691065819745084,0.691065819745084,0.4202812124163271
food_site_count=6,203,True,False,2.0,1.0,0.2654444444444444,3.631371422533192,0.8302711612808658,0.7523244104018688,0.71629556222142,0.71629556222142,0.6348140522665653
food_site_count=6,204,True,False,2.0,1.0,0.27897222222222223,3.919055813926126,0.8396458723669509,0.8503081547036977,0.8307730883046137,0.8307730883046137,0.6151915295590488
food_site_count=6,205,True,False,2.0,1.0,0.2876944444444444,4.0935564189732,0.8641525773233204,0.8428266002167663,0.8600191350274983,0.8428266002167663,0.6000253680519155
food_site_count=6,206,True,False,2.0,1.0,0.2728611111111111,3.847047287222632,0.852396383315876,0.8593030634313723,0.8835879813975026,0.8593030634313723,0.47329897491188494
food_site_count=6,207,True,False,2.0,1.0,0.26122222222222224,3.6112431374647374,0.8388692924927158,0.814239682915773,0.7139934148321383,0.7139934148321383,0.6758524314887677
food_site_count=6,208,True,False,2.0,1.0,0.27416666666666667,3.8955458842224377,0.8722309977732388,0.8475574410046715,0.8149337330209138,0.8149337330209138,0.4531202277297334
food_site_count=6,209,True,False,2.0,1.0,0.25316666666666665,3.5182072437699516,0.8525009336933987,0.8149480730671214,0.7775994160692232,0.7775994160692232,0.49882901086598685
food_site_count=6,210,True,False,2.0,1.0,0.27744444444444444,3.89938694973344,0.861068214772159,0.864228245877733,0.8491594258353866,0.8491594258353866,0.39293629909196376
food_site_count=6,211,True,False,2.0,1.0,0.2692777777777778,3.7559428143971543,0.8591704199017942,0.7967879986030688,0.7616537464464874,0.7616537464464874,0.5957420342051593
food_site_count=6,212,True,False,2.0,1.0,0.28049999999999997,3.980412615214772,0.8629878720599999,0.8889552272837125,0.826858890903724,0.826858890903724,0.4035644575191198
food_site_count=6,213,True,False,2.0,1.0,0.2644722222222222,3.7113925754856014,0.8768210687183356,0.7758802498212339,0.7760212575187392,0.7758802498212339,0.6727177004400177
food_site_count=6,214,True,False,2.0,1.0,0.27016666666666667,3.863013280662807,0.8872559579741952,0.8218151066601519,0.8040276142695025,0.8040276142695025,0.5444992020454877
food_site_count=6,215,True,False,2.0,1.0,0.26230555555555557,3.6901925789631633,0.841064712445791,0.8336177939042726,0.7543012318026298,0.7543012318026298,0.568527740608325
food_site_count=6,216,True,False,2.0,1.0,0.27947222222222223,4.001108142762941,0.8748963429996356,0.8070244800498068,0.7211603486793349,0.7211603486793349,0.5486094771087751
food_site_count=6,217,True,False,2.0,1.0,0.26455555555555554,3.7279759797133516,0.8533118761894138,0.8349979897289129,0.8307941006129463,0.8307941006129463,0.40114643238410697
food_site_count=6,218,True,False,2.0,1.0,0.2798611111111111,4.0473461685880245,0.8930921196309517,0.8720405282113876,0.8933385926376955,0.8720405282113876,0.7113240163782153
food_site_count=6,219,True,False,2.0,1.0,0.2604444444444444,3.621230501934398,0.8541275951757249,0.8634293320586165,0.7973998990618579,0.7973998990618579,0.6628985573204188
food_site_count=6,220,False,False,0.4379102269009268,0.4379102269009268,0.2709722222222222,3.0728356307492417,0.41919084529427086,0.2189551134504634,0.2373566321569544,0.2189551134504634,0.6294511674375673
food_site_count=6,221,True,False,2.0,1.0,0.2685277777777778,3.7679666827706138,0.8564981045772083,0.8624043779425111,0.7320124435431813,0.7320124435431813,0.8602990366326195
food_site_count=6,222,False,False,0.9594255436793534,0.9594255436793534,0.2743055555555555,3.7590026602643563,0.7675404349434828,0.8442766119848805,0.7786508453177149,0.7786508453177149,0.573089065737615
food_site_count=6,223,True,False,2.0,1.0,0.2643611111111111,3.6764536714688236,0.8617221011645916,0.7904656882330563,0.7806825157071845,0.7806825157071845,0.4582612092749766
food_site_count=6,224,True,False,2.0,1.0,0.2711111111111111,3.794614285940007,0.8670520843408768,0.8059465931179486,0.819773130176396,0.8059465931179486,0.6155474591970578
food_site_count=6,225,True,False,2.0,1.0,0.2719722222222222,3.8936202678477203,0.8850591996665429,0.786622211985765,0.7250385976344866,0.7250385976344866,0.4557875868813229
food_site_count=6,226,True,False,2.0,1.0,0.26975,3.817290792669266,0.8759708854436524,0.8361995563025358,0.8389502822103078,0.8361995563025358,0.5331431458457179
food_site_count=6,227,False,False,0.40154188665730955,0.40154188665730955,0.25266666666666665,2.9047386080219466,0.46128727082024434,0.2544512305233235,0.20077094332865478,0.20077094332865478,0.6706064705473483
food_site_count=6,228,True,False,2.0,1.0,0.27338888888888885,3.785021602714295,0.8122826421722178,0.8331010125995567,0.8018731590803944,0.8018731590803944,0.4528539932404708
food_site_count=6,229,True,False,2.0,1.0,0.2670833333333333,3.8171007046784813,0.8877384974575636,0.8210440411814627,0.7370669966728257,0.7370669966728257,0.5863452560941771
food_site_count=6,230,True,False,2.0,1.0,0.26869444444444446,3.718794135612336,0.8320962859050773,0.8174127984154586,0.6369248410687962,0.6369248410687962,0.6055513374941713
food_site_count=6,231,True,False,2.0,1.0,0.2608888888888889,3.5780786529089537,0.8129268943209281,0.7986382574227306,0.8061956455513813,0.7986382574227306,0.6934113201504714
food_site_count=6,232,True,False,2.0,1.0,0.2752777777777778,3.86828397996269,0.8727446024072313,0.7829160886170002,0.8068583997557598,0.7829160886170002,0.6907778265100611
food_site_count=6,233,True,False,2.0,1.0,0.2718611111111111,3.826680204548165,0.857760922452018,0.8394265349354786,0.7826662734731031,0.7826662734731031,0.5622199627336063
food_site_count=6,234,True,False,2.0,1.0,0.2763333333333333,3.9141773721686253,0.8797841526528877,0.818222577323278,0.7826120725568233,0.7826120725568233,0.6783366650381496
food_site_count=6,235,True,False,2.0,1.0,0.2821388888888889,3.957559932773547,0.8446553743037779,0.7993315320807121,0.8033924763815321,0.7993315320807121,0.482876960334017
food_site_count=6,236,True,False,2.0,1.0,0.25575000000000003,3.628204303289837,0.8913249856012059,0.7841808812641228,0.6792785977757226,0.6792785977757226,0.3451288939023692
food_site_count=6,237,True,False,2.0,1.0,0.2783611111111111,3.8829994668299714,0.833720805539072,0.8113485485765836,0.8427229147416717,0.8113485485765836,0.8189138569326033
food_site_count=6,238,True,False,2.0,1.0,0.2638333333333333,3.679538251055038,0.8371490644134262,0.9075814164547389,0.8984903616091058,0.8984903616091058,0.409687864975178
food_site_count=6,239,True,False,2.0,1.0,0.2670833333333333,3.7063329399857095,0.8313283559484071,0.8649658785179681,0.724738639665787,0.724738639665787,0.6067021803110801
food_site_count=6,240,True,False,2.0,1.0,0.29655555555555557,4.195957638292139,0.8315040629099861,0.8558014393077478,0.7532876186702795,0.7532876186702795,0.7069049525166379
food_site_count=6,241,False,False,0.3922888959732152,0.3922888959732152,0.25752777777777774,2.946468742289179,0.42717926725879674,0.1961444479866076,0.20608399005672956,0.1961444479866076,0.20645230383460034
food_site_count=6,242,True,False,2.0,1.0,0.2699722222222222,3.75565174848438,0.8533599024205365,0.7993730596944796,0.6764015241630675,0.6764015241630675,0.7504891111491446
food_site_count=6,243,True,False,2.0,1.0,0.26613888888888887,3.7088336598139744,0.8496168670425644,0.868332249029338,0.7279432741482019,0.7279432741482019,0.511636172173518
food_site_count=6,244,True,False,2.0,1.0,0.27447222222222223,3.939645005894588,0.9037764260213323,0.846408139348879,0.6390177475502024,0.6390177475502024,0.6671255652489557
food_site_count=6,245,True,False,2.0,1.0,0.27599999999999997,3.850000207796418,0.8361702580789424,0.8521493055219841,0.8189147566364501,0.8189147566364501,0.5970727401390619
food_site_count=6,246,True,False,2.0,1.0,0.28247222222222224,4.067038072454086,0.897153459380061,0.8478299209839234,0.7798379674046741,0.7798379674046741,0.3576711325785387
food_site_count=6,247,True,False,2.0,1.0,0.25375,3.598881945469593,0.8887544609759073,0.8466252194187021,0.734019238651523,0.734019238651523,0.6633414956595414
food_site_count=6,248,True,False,2.0,1.0,0.28486111111111106,4.0767148438747975,0.8807864157199952,0.8248600132188335,0.8454676781284222,0.8248600132188335,0.5938561896765527
food_site_count=6,249,True,False,2.0,1.0,0.2837222222222222,4.040869672336299,0.8856126510776129,0.8414197870441912,0.7610332373186242,0.7610332373186242,0.6799162644005303
food_site_count=6,250,True,False,2.0,1.0,0.2543888888888889,3.483262804056434,0.8071181373770961,0.7743895329763535,0.8036745422357178,0.7743895329763535,0.3776815814168256
food_site_count=6,251,True,False,2.0,1.0,0.28205555555555556,4.028492450191099,0.8947135256103328,0.823996028120811,0.7240003152820679,0.7240003152820679,0.6344534226917092
food_site_count=6,252,True,False,2.0,1.0,0.2554166666666667,3.486637301892426,0.8570552308991004,0.6857052607827192,0.7253084412877201,0.6857052607827192,0.6884767896963531
food_site_count=6,253,False,False,0.45665167331156464,0.45665167331156464,0.23958333333333334,2.6666298793946983,0.3958467888112693,0.22832583665578232,0.26017413623364555,0.22832583665578232,0.5369928798777308
food_site_count=6,254,False,False,0.9671006995148091,0.9671006995148091,0.23902777777777778,3.142156772191004,0.7736805596118473,0.8004688362881042,0.7191679430660394,0.7191679430660394,0.6136480441906015
food_site_count=6,255,False,False,0.3156168136191155,0.3156168136191155,0.2563611111111111,2.842583157472155,0.340790362865232,0.15780840680955774,0.2562099272802012,0.15780840680955774,0.5507925361769309
food_site_count=6,256,False,False,0.4022546521172196,0.4022546521172196,0.2634722222222222,3.0153827434407896,0.4255066434000296,0.2011273260586098,0.21069684044386364,0.2011273260586098,0.5764894408347806
food_site_count=6,257,False,False,0.4072194533287512,0.4072194533287512,0.2736666666666666,3.025619157666398,0.3307956798274521,0.22022656922648745,0.2036097266643756,0.2036097266643756,0.6429357984716748
food_site_count=6,258,True,False,2.0,1.0,0.2685277777777778,3.766831872346676,0.8631060359539646,0.8612533746590613,0.8241575079386995,0.8241575079386995,0.3940265355173878
food_site_count=6,259,False,False,0.9873351551936524,0.9873351551936524,0.26855555555555555,3.662206338551809,0.789868124154922,0.844285413063269,0.7508447023710331,0.7508447023710331,0.7175142188013359
food_site_count=6,260,True,False,2.0,1.0,0.2569166666666666,3.5681851832550184,0.8549645425964463,0.6808434421730198,0.7537843223720959,0.6808434421730198,0.6171176319339489
food_site_count=6,261,True,False,2.0,1.0,0.2546111111111111,3.5289290977273686,0.8765526238338782,0.6706298044148861,0.6566060954282578,0.6566060954282578,0.6709500265123588
food_site_count=6,262,False,False,0.7733740152569355,0.7733740152569355,0.2452777777777778,3.026709919366786,0.6186992122055485,0.39420030600368033,0.40947594843441276,0.39420030600368033,0.5654383220670927
food_site_count=6,263,True,False,2.0,1.0,0.2738055555555556,3.8587354704252714,0.8587760795729851,0.8402481347184455,0.8396213068845207,0.8396213068845207,0.5595917228955568
food_site_count=6,264,True,False,2.0,1.0,0.2605277777777778,3.687230008520016,0.9071872393495265,0.8078009199754141,0.6391983044678644,0.6391983044678644,0.48098164959491974
food_site_count=6,265,True,False,2.0,1.0,0.2612777777777778,3.669983495333602,0.8614161685589441,0.8310676588638368,0.6981115245161348,0.6981115245161348,0.5375348915944227
food_site_count=6,266,True,False,2.0,1.0,0.28394444444444444,4.037167901470528,0.8628047322226629,0.843836821202378,0.8842580212935766,0.843836821202378,0.5492625066996241
food_site_count=6,267,True,False,2.0,1.0,0.269,3.7843568396462803,0.85629165498942,0.8649243518719475,0.6583864990178211,0.6583864990178211,0.7882642970932016
food_site_count=6,268,False,False,0.4394284854404173,0.4394284854404173,0.25675,2.913731585836271,0.4299199037535121,0.24197447838638558,0.21971424272020865,0.21971424272020865,0.37660500266415053
food_site_count=6,269,True,False,2.0,1.0,0.2787777777777778,3.9188027266037446,0.8415658979085644,0.836220198648586,0.7758475980624481,0.7758475980624481,0.32348647258342594
food_site_count=6,270,True,False,2.0,1.0,0.28800000000000003,4.076483064042142,0.8433381170947664,0.8827342486007227,0.8052632143648067,0.8052632143648067,0.6151181688349455
food_site_count=6,271,True,False,2.0,1.0,0.27675,3.8718816999071537,0.8339608839415379,0.8482137818267778,0.8072694741028091,0.8072694741028091,0.830820743926417
food_site_count=6,272,False,False,0.9938117865045957,0.9938117865045957,0.2592777777777778,3.5540059700020374,0.7950494292036766,0.8451295962505956,0.8050909954309481,0.8050909954309481,0.39593498081915757
food_site_count=6,273,True,False,2.0,1.0,0.2792777777777778,3.9381294892541354,0.8615723993271762,0.8248277943624844,0.8634356063043319,0.8248277943624844,0.6881382678970048
food_site_count=6,274,True,False,2.0,1.0,0.27644444444444444,3.898855865244362,0.8493314376387099,0.8613813161648095,0.8091907695351241,0.8091907695351241,0.3727696710161154
food_site_count=6,275,True,False,2.0,1.0,0.26872222222222225,3.8426252332257027,0.8774452133046716,0.8476283888971939,0.8599161667161561,0.8476283888971939,0.5031256216263649
food_site_count=6,276,True,False,2.0,1.0,0.2865555555555555,3.967417641139279,0.8150623588594267,0.8876786262813271,0.8174607118477554,0.8174607118477554,0.8042215767040982
food_site_count=6,277,True,False,2.0,1.0,0.27661111111111114,3.924867149711417,0.86607587516877,0.8440195667551419,0.8194716067247186,0.8194716067247186,0.335153138417578
food_site_count=6,278,True,False,2.0,1.0,0.2825,4.030017697732642,0.8948819376468736,0.8374604797158625,0.7052606213937239,0.7052606213937239,0.6881445118394546
food_site_count=6,279,True,False,2.0,1.0,0.2718055555555556,3.820233981889022,0.8593326196322794,0.8167354352602173,0.8286501873884601,0.8167354352602173,0.5023168820521581
food_site_count=6,280,True,False,2.0,1.0,0.2662777777777778,3.6695611046774927,0.824251574855878,0.8668069165066018,0.7779809494750887,0.7779809494750887,0.8448431546231958
food_site_count=6,281,True,False,2.0,1.0,0.28880555555555554,4.111148058383295,0.8639374327703616,0.8795758158342629,0.7653936568950244,0.7653936568950244,0.46323206587478793
food_site_count=6,282,True,False,2.0,1.0,0.2549166666666667,3.563000436205255,0.8729101028681683,0.8571197270787255,0.6645700078003209,0.6645700078003209,0.7576546131903288
food_site_count=6,283,True,False,2.0,1.0,0.2587777777777778,3.6575408531361804,0.886679143990874,0.8273777655736638,0.5881850450979904,0.5881850450979904,0.2815419436511244
food_site_count=6,284,True,False,2.0,1.0,0.2553611111111111,3.619478701599019,0.8957114509301839,0.8068911217168334,0.6509488007434021,0.6509488007434021,0.5577499320948412
food_site_count=6,285,True,False,2.0,1.0,0.26233333333333336,3.691413616648374,0.8446664686613266,0.8061979784857155,0.7741242555839649,0.7741242555839649,0.5236961288275477
food_site_count=6,286,True,False,2.0,1.0,0.2758333333333333,3.8996663042439783,0.8674967945598429,0.8407602724363367,0.8909279887384216,0.8407602724363367,0.8221712466115314
food_site_count=6,287,False,False,0.7946004562993846,0.7946004562993846,0.23763888888888887,2.9663650239504404,0.6793423157320049,0.3973002281496923,0.4136539121304215,0.3973002281496923,0.5461651251594158
food_site_count=6,288,True,False,2.0,1.0,0.269,3.7810969241878234,0.8430540996247543,0.8349016485904361,0.761806338750528,0.761806338750528,0.7138929429876288
food_site_count=6,289,True,False,2.0,1.0,0.27044444444444443,3.7770961019363685,0.8561613559648112,0.827776093901617,0.72209543988684,0.72209543988684,0.6866393789036935
food_site_count=6,290,False,False,0.7561674131594784,0.7561674131594784,0.2617777777777778,3.6344277243144747,0.8367434839293585,0.7995029418832028,0.3780837065797392,0.3780837065797392,0.7427608362538699
food_site_count=6,291,True,False,2.0,1.0,0.2708333333333333,3.816427957481571,0.8823083153342903,0.8516993558205642,0.6495519261989743,0.6495519261989743,0.5071779599489923
food_site_count=6,292,True,False,2.0,1.0,0.2549166666666667,3.4723628281425127,0.8228872103387842,0.8174737332683502,0.7734915880809456,0.7734915880809456,0.7076978771809017
food_site_count=6,293,True,False,2.0,1.0,0.26263888888888887,3.619083875637361,0.8246237001593414,0.7228441924199768,0.6733068023518414,0.6733068023518414,0.7221993485438103
food_site_count=6,294,True,False,2.0,1.0,0.26205555555555554,3.6715762732119215,0.8723096733926898,0.8063403498735755,0.6496859278655717,0.6496859278655717,0.6848552528268367
food_site_count=6,295,True,False,2.0,1.0,0.26166666666666666,3.6439481026343663,0.8488674441568131,0.8319748598258019,0.8089327626972607,0.8089327626972607,0.5337456264942703
food_site_count=6,296,True,False,2.0,1.0,0.2633611111111111,3.653088330740117,0.8523854552805512,0.877663142536753,0.6792097198735119,0.6792097198735119,0.830714938700348
food_site_count=6,297,False,False,0.9905271346282433,0.9905271346282433,0.26272222222222225,3.568799176630996,0.7924217077025947,0.7114281177553475,0.5806393194490401,0.5806393194490401,0.6608813929055309
food_site_count=6,298,True,False,2.0,1.0,0.27763888888888894,3.920261870618316,0.860932391729721,0.8243001436796644,0.6246348282929938,0.6246348282929938,0.7137322636945862
food_site_count=6,299,False,False,0.39537164779659245,0.39537164779659245,0.264,2.971587291211387,0.4058335335131115,0.31063386770788654,0.19768582389829623,0.19768582389829623,0.4479549774192708
food_site_count=7,200,True,False,2.0,1.0,0.2850555555555555,4.108920497643177,0.8547405919545281,0.8525457745850396,0.7596856714649795,0.7596856714649795,0.6584392073251943
food_site_count=7,201,True,False,2.0,1.0,0.2806111111111111,3.997438386951838,0.8522229282785431,0.8562533078000845,0.7279307630580233,0.7279307630580233,0.6115304100951922
food_site_count=7,202,True,False,2.0,1.0,0.3025277777777778,4.43111354991099,0.8844678212455952,0.8645161261390869,0.7598478626581653,0.7598478626581653,0.6360595075256479
food_site_count=7,203,True,False,2.0,1.0,0.3005833333333333,4.339353461534016,0.8705188288863617,0.7637492095240411,0.7720631453608304,0.7637492095240411,0.5475297169845366
food_site_count=7,204,True,False,2.0,1.0,0.3081111111111111,4.421039548441778,0.8185927595383665,0.8867108777154697,0.8117597461102221,0.8117597461102221,0.5107739183130551
food_site_count=7,205,True,False,2.0,1.0,0.28855555555555557,4.180530188031325,0.8763340664653488,0.8160277661268709,0.6876413502522193,0.6876413502522193,0.5379104660480116
food_site_count=7,206,True,False,2.0,1.0,0.33011111111111113,4.900541348787771,0.8888007690210824,0.8350288983294398,0.7075792250852746,0.7075792250852746,0.4516123906617884
food_site_count=7,207,True,False,2.0,1.0,0.3065555555555556,4.506629203571876,0.896099798205377,0.8100247144421121,0.7667955674385034,0.7667955674385034,0.5047027411202669
food_site_count=7,208,True,False,2.0,1.0,0.29077777777777775,4.184952627734751,0.8564141049316354,0.8039897007484362,0.754495439019665,0.754495439019665,0.371118524961719
food_site_count=7,209,True,False,2.0,1.0,0.2665,3.7785034717324564,0.8717151135107407,0.7255748469304029,0.7296134477871601,0.7255748469304029,0.565368697827772
food_site_count=7,210,True,False,2.0,1.0,0.2801111111111111,4.022292540996991,0.8885480839623189,0.7534409187518811,0.8031353064967395,0.7534409187518811,0.7743705724840473
food_site_count=7,211,True,False,2.0,1.0,0.31,4.452561834344888,0.8511654171782616,0.7957107300214041,0.7955086107577902,0.7955086107577902,0.4569814904294913
food_site_count=7,212,True,False,2.0,1.0,0.28175,4.076891132734473,0.8955873853644297,0.7329243721907638,0.6355055220471243,0.6355055220471243,0.3486738841853682
food_site_count=7,213,True,False,2.0,1.0,0.31586111111111115,4.5731618721881135,0.8564762637828998,0.837313180635847,0.8873141164532298,0.837313180635847,0.7684951975066847
food_site_count=7,214,True,False,2.0,1.0,0.30630555555555555,4.343014017524234,0.8085250049457577,0.8531437510224721,0.7614222308695503,0.7614222308695503,0.6394033884200253
food_site_count=7,215,True,False,2.0,1.0,0.30083333333333334,4.391020103951978,0.8672099567582197,0.8276569324451817,0.730852814007841,0.730852814007841,0.698282517618639
food_site_count=7,216,True,False,2.0,1.0,0.30027777777777775,4.358755472384923,0.8897346696137898,0.8449610294698703,0.7023024606210734,0.7023024606210734,0.7819472719287301
food_site_count=7,217,True,False,2.0,1.0,0.29277777777777775,4.356418463423345,0.9248785895833959,0.8174165448933592,0.6363717217158028,0.6363717217158028,0.3435359265135032
food_site_count=7,218,False,False,0.44000417600097436,0.44000417600097436,0.2666944444444444,3.2966943431329527,0.5575228031684438,0.3466694181029816,0.22000208800048718,0.22000208800048718,0.4452950808935009
food_site_count=7,219,True,False,2.0,1.0,0.3002222222222222,4.3277644277256355,0.849819031298401,0.8463513836633875,0.7672455601841182,0.7672455601841182,0.3805628584982834
food_site_count=7,220,True,False,2.0,1.0,0.30036111111111113,4.449825380261725,0.904894490890775,0.8842373888765953,0.7642665290334713,0.7642665290334713,0.574051917799745
food_site_count=7,221,True,False,2.0,1.0,0.31427777777777777,4.573215494535986,0.86895136406137,0.8365525338461846,0.8508669937641764,0.8365525338461846,0.5794043050753142
food_site_count=7,222,True,False,2.0,1.0,0.2848055555555556,4.056792367939007,0.8495098942849282,0.7805950625649987,0.7389882137441811,0.7389882137441811,0.5269675958104556
food_site_count=7,223,False,False,0.9527885950823497,0.9527885950823497,0.2807777777777778,3.870215116411635,0.7622308760658798,0.7690862208476024,0.7998310636352907,0.7690862208476024,0.45856175176325775
food_site_count=7,224,True,False,2.0,1.0,0.2712777777777778,3.8336175507329915,0.8496282493187477,0.7305410414304754,0.7774579736709107,0.7305410414304754,0.24140902937627837
food_site_count=7,225,False,False,0.9709811977003372,0.9709811977003372,0.2921111111111111,4.038494369131837,0.7767849581602698,0.8122690022983378,0.7930916119212127,0.7930916119212127,0.7001132087000647
food_site_count=7,226,True,False,2.0,1.0,0.30691666666666667,4.373960906666343,0.8113727367225512,0.846685348440913,0.7955675986323041,0.7955675986323041,0.44076883186528776
food_site_count=7,227,True,False,2.0,1.0,0.29924999999999996,4.363137488656719,0.9088242974160633,0.8252177959291206,0.7043058800779465,0.7043058800779465,0.5975502868992276
food_site_count=7,228,True,False,2.0,1.0,0.29566666666666663,4.215288258965147,0.8376378729466936,0.7787905933901589,0.6814494976113675,0.6814494976113675,0.7928188563867882
food_site_count=7,229,True,False,2.0,1.0,0.29594444444444445,4.206288255528825,0.8366514611045864,0.8366038610112203,0.7845221732728347,0.7845221732728347,0.3719617790497515
food_site_count=7,230,True,False,2.0,1.0,0.28997222222222224,4.092381097637436,0.8120514008314395,0.7860553345138211,0.8144603457903999,0.7860553345138211,0.6689398281782223
food_site_count=7,231,True,False,2.0,1.0,0.303,4.437441100869445,0.9006610715374386,0.8178851180700814,0.7272338344725409,0.7272338344725409,0.7489665275583933
food_site_count=7,232,True,False,2.0,1.0,0.28950000000000004,4.136904898693396,0.8462808285169968,0.8466017519334881,0.8224400899565246,0.8224400899565246,0.5056462788051227
food_site_count=7,233,True,False,2.0,1.0,0.29333333333333333,4.223195891636482,0.8538384755110062,0.8504224290665192,0.8464150974872661,0.8464150974872661,0.4484404251912101
food_site_count=7,234,True,False,2.0,1.0,0.30369444444444443,4.348336121753691,0.8661101078128479,0.737879059549024,0.742443875248259,0.737879059549024,0.5506134443336107
food_site_count=7,235,True,False,2.0,1.0,0.3037222222222222,4.441920705167013,0.8735053387698969,0.8149109509139653,0.837758452768981,0.8149109509139653,0.2976842264485312
food_site_count=7,236,True,False,2.0,1.0,0.3006388888888889,4.339804726477682,0.8684094015327438,0.8254298037018512,0.7852159152200641,0.7852159152200641,0.7585359034586179
food_site_count=7,237,True,False,2.0,1.0,0.2897777777777778,4.2230059955431525,0.8820365636155638,0.809448888482157,0.70358832058408,0.70358832058408,0.7286043223965323
food_site_count=7,238,True,False,2.0,1.0,0.29191666666666666,4.1070883940369844,0.802267514366951,0.718047785509511,0.6357383380476794,0.6357383380476794,0.4440744787590602
food_site_count=7,239,False,False,0.9232680432705945,0.9232680432705945,0.27661111111111114,3.863429072512159,0.8250922257471381,0.6112720161274962,0.46163402163529726,0.46163402163529726,0.4432605965714316
food_site_count=7,240,True,False,2.0,1.0,0.3039722222222222,4.448657580205699,0.8946176818554689,0.861329878438045,0.664218491078721,0.664218491078721,0.22036179447335524
food_site_count=7,241,True,False,2.0,1.0,0.3025277777777778,4.367038257959897,0.8631965609433843,0.7391027679976119,0.7314248305080693,0.7314248305080693,0.4787076209783127
food_site_count=7,242,True,False,2.0,1.0,0.2773611111111111,3.9849434294795976,0.8632876834951626,0.7836692058619575,0.7749505288116969,0.7749505288116969,0.408349450352194
food_site_count=7,243,True,False,2.0,1.0,0.2761111111111111,3.9206905417915023,0.8322928389134278,0.7859423270845779,0.8431971063753796,0.7859423270845779,0.7265918309549787
food_site_count=7,244,False,False,0.9844821601835049,0.9844821601835049,0.26269444444444445,3.579527940261383,0.7875857281468039,0.5396534486281228,0.5295422059122108,0.5295422059122108,0.4372855299856495
food_site_count=7,245,True,False,2.0,1.0,0.27925,4.030252921572935,0.8814413987558243,0.7562269040175533,0.7327355779826151,0.7327355779826151,0.4182649043671527
food_site_count=7,246,True,False,2.0,1.0,0.2869444444444444,4.089404118980906,0.8383428697941018,0.8253759697732624,0.6205698361936337,0.6205698361936337,0.6634864280005547
food_site_count=7,247,True,False,2.0,1.0,0.31863888888888886,4.729001082217228,0.904335641677114,0.8680484535281199,0.7628414194965047,0.7628414194965047,0.49264126834594363
food_site_count=7,248,True,False,2.0,1.0,0.27361111111111114,3.8605707887501612,0.8675647524344744,0.7395108829179701,0.8022498442815448,0.7395108829179701,0.7699318974733325
food_site_count=7,249,True,False,2.0,1.0,0.3075,4.486002450726645,0.8869426482137096,0.8472720983229777,0.6384965065110149,0.6384965065110149,0.8251366903402738
food_site_count=7,250,True,False,2.0,1.0,0.3115833333333333,4.583647756980299,0.8891693101206878,0.8506629905514386,0.7586793924183478,0.7586793924183478,0.4315786700094365
food_site_count=7,251,True,False,2.0,1.0,0.30391666666666667,4.434986492646712,0.8852628841527744,0.8151856011354109,0.8229966089502262,0.8151856011354109,0.3728455414839746
food_site_count=7,252,True,False,2.0,1.0,0.29116666666666663,4.2200646157518324,0.8672426480713216,0.8237551119457528,0.6049847004651335,0.6049847004651335,0.29568049726578344
food_site_count=7,253,True,False,2.0,1.0,0.3016666666666667,4.40877726305039,0.8851820039100589,0.7863634874098883,0.722961767040828,0.722961767040828,0.7807205140629195
food_site_count=7,254,True,False,2.0,1.0,0.2946944444444445,4.271351602289682,0.8706262768596978,0.7980750334719259,0.8767633928712306,0.7980750334719259,0.2839803844348591
food_site_count=7,255,True,False,2.0,1.0,0.29266666666666663,4.233330274070158,0.8737330734336523,0.8215602110345043,0.6676924848002954,0.6676924848002954,0.6665866478129459
food_site_count=7,256,False,False,0.8751121074349687,0.8751121074349687,0.27547222222222223,3.868049083075681,0.8665763132695107,0.7470510056512089,0.43755605371748435,0.43755605371748435,0.6515690522827572
food_site_count=7,257,True,False,2.0,1.0,0.2866388888888889,4.156804337864335,0.8957472506657889,0.7995155395311517,0.5696706910394929,0.5696706910394929,0.5258121488214363
food_site_count=7,258,True,False,2.0,1.0,0.28858333333333336,4.127183308562643,0.855291833393635,0.8300372926718282,0.6741959748042364,0.6741959748042364,0.4595452664655678
food_site_count=7,259,True,False,2.0,1.0,0.2866666666666667,4.047281484680951,0.8188192670812896,0.7485144203388185,0.7205368491909231,0.7205368491909231,0.5221262019080829
food_site_count=7,260,True,False,2.0,1.0,0.30274999999999996,4.4602567345153465,0.9043960574089893,0.8549405752231706,0.7607324562640635,0.7607324562640635,0.7615014827886716
food_site_count=7,261,False,False,0.9993074014041455,0.9993074014041455,0.2932222222222222,4.101824340740606,0.7994459211233165,0.7981505150232169,0.7151920631675405,0.7151920631675405,0.6669719368452974
food_site_count=7,262,True,False,2.0,1.0,0.30419444444444443,4.445851846640626,0.8911498975321888,0.8035324939967742,0.7404414789643148,0.7404414789643148,0.7370876543060371
food_site_count=7,263,True,False,2.0,1.0,0.30380555555555555,4.381393788158164,0.8551751392977177,0.8216357977269412,0.7900610090376734,0.7900610090376734,0.48142103760354066
food_site_count=7,264,True,False,2.0,1.0,0.2995277777777778,4.354859897206983,0.8815650111206168,0.7842199749833084,0.7383123072697105,0.7383123072697105,0.5127873440335314
food_site_count=7,265,False,False,0.39355742952538647,0.39355742952538647,0.2875,3.528016182014643,0.5271329661423432,0.20282313465440868,0.19677871476269324,0.19677871476269324,0.5175569201852513
food_site_count=7,266,True,False,2.0,1.0,0.2991944444444445,4.246180914244394,0.8136291394665507,0.8691312102016026,0.7157943608554534,0.7157943608554534,0.6494545582124098
food_site_count=7,267,True,False,2.0,1.0,0.3061111111111111,4.500872558104672,0.9029656667903698,0.8108529221493816,0.7997201739251091,0.7997201739251091,0.6807798170345962
food_site_count=7,268,True,False,2.0,1.0,0.2977222222222222,4.336309597822047,0.8807683360609837,0.8166460371363032,0.6624761986217139,0.6624761986217139,0.3222879010249024
food_site_count=7,269,True,False,2.0,1.0,0.2871388888888889,4.109935214644946,0.8288736585487303,0.878649874984564,0.8771133043911475,0.8771133043911475,0.6720089846884244
food_site_count=7,270,True,False,2.0,1.0,0.2946666666666667,4.213701828502264,0.827973376883506,0.7629972595593675,0.7554515684184875,0.7554515684184875,0.4663002843729335
food_site_count=7,271,True,False,2.0,1.0,0.3030277777777778,4.453342102643217,0.9142150203590037,0.8381117991061058,0.6427970488565279,0.6427970488565279,0.4442796695043024
food_site_count=7,272,True,False,2.0,1.0,0.3051388888888889,4.374382940931934,0.8219072675696981,0.8496887424191907,0.8246973625658487,0.8246973625658487,0.5027633656182139
food_site_count=7,273,True,False,2.0,1.0,0.29427777777777775,4.237859015557811,0.8434081907895786,0.7797487364591753,0.6243898517931057,0.6243898517931057,0.8623539308690622
food_site_count=7,274,False,False,0.9986994141133643,0.9986994141133643,0.3114722222222222,4.428079826714105,0.7989595312906914,0.8641377539374507,0.8014171423122732,0.8014171423122732,0.5946782117175913
food_site_count=7,275,True,False,2.0,1.0,0.3086388888888889,4.467746634366448,0.8567007459978312,0.8815792313641553,0.8173420464311488,0.8173420464311488,0.34052091387774397
food_site_count=7,276,True,False,2.0,1.0,0.28611111111111115,4.059833175073662,0.8374119344566149,0.7522086443915187,0.7176378364721658,0.7176378364721658,0.6456904888978822
food_site_count=7,277,True,False,2.0,1.0,0.2947222222222222,4.216680510542797,0.8424110678238302,0.8096428645509122,0.8005052827077497,0.8005052827077497,0.6710030388422286
food_site_count=7,278,True,False,2.0,1.0,0.28405555555555556,3.9888088714730956,0.8200245532128112,0.8606632156278785,0.7222622950287501,0.7222622950287501,0.730966994759424
food_site_count=7,279,True,False,2.0,1.0,0.28725,4.149564634923087,0.8711784636563119,0.7910762500704197,0.7625279316111077,0.7625279316111077,0.5895759883396321
food_site_count=7,280,True,False,2.0,1.0,0.31672222222222224,4.58474003836596,0.8559617797476496,0.8504026000570796,0.7202444199184849,0.7202444199184849,0.7146066905948802
food_site_count=7,281,True,False,2.0,1.0,0.28894444444444445,4.102722096183045,0.8374739137408025,0.7303857303065632,0.7429637214246733,0.7303857303065632,0.6052730074517957
food_site_count=7,282,True,False,2.0,1.0,0.30283333333333334,4.326233914573319,0.8317332756128606,0.8455727283624607,0.7380814094650388,0.7380814094650388,0.5793344489217986
food_site_count=7,283,True,False,2.0,1.0,0.3093333333333333,4.513613121981635,0.8692591244152343,0.8095343520773207,0.7812225970880058,0.7812225970880058,0.4368041841032417
food_site_count=7,284,True,False,2.0,1.0,0.2878888888888889,4.149876430342333,0.867667060290954,0.7920852055255175,0.7392662860301347,0.7392662860301347,0.8065998517007624
food_site_count=7,285,False,False,0.9384606122319973,0.9384606122319973,0.26033333333333336,3.4875583571904083,0.7507684897855978,0.6060677444480433,0.5569878057371931,0.5569878057371931,0.40682339112315563
food_site_count=7,286,True,False,2.0,1.0,0.3086944444444445,4.467342162779899,0.8495285869724373,0.859336393963373,0.8455102822486239,0.8455102822486239,0.7550842735779172
food_site_count=7,287,False,False,0.8790975300407129,0.8790975300407129,0.2787222222222222,3.9853109328552976,0.8595156348340398,0.7437410502179308,0.43954876502035645,0.43954876502035645,0.3665754039001363
food_site_count=7,288,True,False,2.0,1.0,0.30927777777777776,4.434639459963053,0.8120077733086462,0.8662436287988603,0.8707704287456796,0.8662436287988603,0.3413390270053492
food_site_count=7,289,True,False,2.0,1.0,0.2685277777777778,3.7684341744762473,0.8290221917287178,0.7772784767766099,0.7595277179333204,0.7595277179333204,0.8189000774919486
food_site_count=7,290,True,False,2.0,1.0,0.2928055555555556,4.1725784573137155,0.8108574824521869,0.8559386289244857,0.7013515729102429,0.7013515729102429,0.630156950694808
food_site_count=7,291,True,False,2.0,1.0,0.3138333333333333,4.488528419288199,0.842863410639966,0.8619617152490172,0.785989394951138,0.785989394951138,0.7083559266566465
food_site_count=7,292,False,False,0.9509575921497032,0.9509575921497032,0.27116666666666667,3.7575926533656747,0.7607660737197626,0.7627080301879697,0.7736007831113696,0.7627080301879697,0.6923893065184312
food_site_count=7,293,False,False,0.8969467193546335,0.8969467193546335,0.29791666666666666,4.038579828988513,0.7175573754837069,0.8277477089620672,0.7837130970749104,0.7837130970749104,0.6462102511848057
food_site_count=7,294,True,False,2.0,1.0,0.2742222222222222,3.93080884905458,0.8694717140677515,0.7471753114111398,0.7570068744901312,0.7471753114111398,0.47389007155076185
food_site_count=7,295,True,False,2.0,1.0,0.3116388888888889,4.5779163519250785,0.8921497891123448,0.840332071354075,0.8532087345896888,0.840332071354075,0.6212198119693411
food_site_count=7,296,True,False,2.0,1.0,0.29963888888888884,4.316027359088045,0.8539361746569091,0.8135316188483829,0.7463586111216787,0.7463586111216787,0.5698847096740262
food_site_count=7,297,False,False,0.7607985783137111,0.7607985783137111,0.2935277777777778,3.8491518335412644,0.6682145096479738,0.5492425062010403,0.38039928915685556,0.38039928915685556,0.3281762679632699
food_site_count=7,298,True,False,2.0,1.0,0.3093333333333333,4.497993370324788,0.8757235687992792,0.8553286754421023,0.7629671469334427,0.7629671469334427,0.7685648367311089
food_site_count=7,299,True,False,2.0,1.0,0.3079722222222222,4.446502666017271,0.8328010578229889,0.8354129976468556,0.8387948024840822,0.8354129976468556,0.4252987453529026
food_site_count=9,200,True,False,2.0,1.0,0.3484166666666667,5.300744073607104,0.9041764970847181,0.7677607209791205,0.8064792800911752,0.7677607209791205,0.3131284469321833
food_site_count=9,201,True,False,2.0,1.0,0.35947222222222225,5.447848509968665,0.8901973864804306,0.8056084382142686,0.6734857152368293,0.6734857152368293,0.7186095975975018
food_site_count=9,202,True,False,2.0,1.0,0.34694444444444444,5.121329889206359,0.8233651656943617,0.8151783333414774,0.7571295657303184,0.7571295657303184,0.5085297100116737
food_site_count=9,203,True,False,2.0,1.0,0.3586388888888889,5.425327641657078,0.8649038701107081,0.8351417044014131,0.8417381661093409,0.8351417044014131,0.20829254478477208
food_site_count=9,204,True,False,2.0,1.0,0.3542222222222222,5.287324470814906,0.8491705918743223,0.7516835594852059,0.6012814891190664,0.6012814891190664,0.2786247428394197
food_site_count=9,205,True,False,2.0,1.0,0.3706111111111111,5.561432660151284,0.862019446256788,0.799353139163052,0.6666022513197198,0.6666022513197198,0.6088817923559897
food_site_count=9,206,True,False,2.0,1.0,0.3511666666666667,5.209317590977332,0.8486298342447729,0.783163510531527,0.7480542764844422,0.7480542764844422,0.5672827838268836
food_site_count=9,207,True,False,2.0,1.0,0.3695833333333333,5.457630810270999,0.8276274975748856,0.788383115966171,0.7463189966328705,0.7463189966328705,0.5852768922280577
food_site_count=9,208,True,False,2.0,1.0,0.35294444444444445,5.3432657778007435,0.882730505704292,0.8120228681294535,0.7858639869999974,0.7858639869999974,0.4824984515360014
food_site_count=9,209,True,False,2.0,1.0,0.34069444444444447,5.114166747014196,0.880337853329267,0.8545295837836655,0.7257684767078575,0.7257684767078575,0.6324559811732573
food_site_count=9,210,True,False,2.0,1.0,0.3497222222222222,5.296541318792209,0.8830197010905952,0.8331768064563091,0.7278120095151628,0.7278120095151628,0.8220775267171532
food_site_count=9,211,True,False,2.0,1.0,0.35430555555555554,5.34183544165006,0.8643976514974732,0.8244819695936043,0.8534986998808731,0.8244819695936043,0.31442411944127413
food_site_count=9,212,True,False,2.0,1.0,0.3439722222222222,5.090557157363614,0.8330749991616372,0.7610193291299907,0.7024000554436238,0.7024000554436238,0.3199724893689186
food_site_count=9,213,True,False,2.0,1.0,0.35733333333333334,5.371636374465764,0.8575083933468354,0.7661873144792876,0.8328468441112149,0.7661873144792876,0.7534483927794919
food_site_count=9,214,True,False,2.0,1.0,0.3273888888888889,4.9256894278756524,0.879980543382426,0.8283124463257311,0.7085167991732189,0.7085167991732189,0.6529725220116261
food_site_count=9,215,True,False,2.0,1.0,0.3511666666666667,5.353299892329605,0.9001726064100806,0.8313006398998747,0.7159556622798751,0.7159556622798751,0.4308294202797231
food_site_count=9,216,True,False,2.0,1.0,0.3451111111111111,5.226387197972686,0.8795040150693263,0.7474287173028211,0.6291825803058896,0.6291825803058896,0.21395899614260902
food_site_count=9,217,True,False,2.0,1.0,0.3337777777777778,4.878263901172275,0.8317095097621734,0.646189063072349,0.5610622800103808,0.5610622800103808,0.7027933353170799
food_site_count=9,218,True,False,2.0,1.0,0.3326388888888889,4.941461833621399,0.8566738327799345,0.7526535564967963,0.6599577224779133,0.6599577224779133,0.47794535361970886
food_site_count=9,219,True,False,2.0,1.0,0.35477777777777775,5.3115701974073755,0.8567115506459951,0.8617935122767045,0.7953902747192687,0.7953902747192687,0.3918924140357529
food_site_count=9,220,True,False,2.0,1.0,0.33491666666666664,5.045398028646488,0.8944023089595826,0.7235254547660913,0.7471214376705008,0.7235254547660913,0.6277471629775436
food_site_count=9,221,True,False,2.0,1.0,0.33738888888888885,4.981908263279703,0.8414499535882107,0.8099271790989906,0.7419453166731056,0.7419453166731056,0.17410902412173673
food_site_count=9,222,True,False,2.0,1.0,0.36277777777777775,5.507679387408103,0.8948163906971559,0.8733768515322514,0.7366420292070923,0.7366420292070923,0.5538153046070071
food_site_count=9,223,True,False,2.0,1.0,0.3691388888888889,5.516756486213653,0.8472605218123065,0.8158207752664718,0.7866719023351367,0.7866719023351367,0.6855175436677423
food_site_count=9,224,True,False,2.0,1.0,0.3584722222222222,5.414195829004863,0.8783848948361986,0.838025980807376,0.7673165170927232,0.7673165170927232,0.7645808833116736
food_site_count=9,225,True,False,2.0,1.0,0.3606666666666667,5.343408952123031,0.8275444015373777,0.8705070293538419,0.818704665181336,0.818704665181336,0.4846588171908657
food_site_count=9,226,True,False,2.0,1.0,0.34750000000000003,5.2387940305250105,0.8885957298887797,0.7338054173265997,0.7968555081571765,0.7338054173265997,0.3014725304456742
food_site_count=9,227,True,False,2.0,1.0,0.34752777777777777,5.211224160408294,0.8700179702155725,0.782427553080238,0.7166285626990935,0.7166285626990935,0.5565589736850721
food_site_count=9,228,True,False,2.0,1.0,0.35177777777777774,5.265693146863863,0.8599956164741837,0.8245744209298035,0.6262198507368815,0.6262198507368815,0.3149806058845442
food_site_count=9,229,True,False,2.0,1.0,0.34861111111111115,5.1174914111759335,0.8320630021449337,0.7228114271185228,0.7013476078917926,0.7013476078917926,0.5700888253112643
food_site_count=9,230,True,False,2.0,1.0,0.35827777777777775,5.404426601853087,0.882860292259246,0.7835684649074383,0.7605192205541481,0.7605192205541481,0.319350235577575
food_site_count=9,231,True,False,2.0,1.0,0.33319444444444446,4.840223649094741,0.8041635001718082,0.749509555814401,0.6941554937309604,0.6941554937309604,0.7366064367330128
food_site_count=9,232,True,False,2.0,1.0,0.36594444444444446,5.517796106617129,0.8693698698100848,0.8828262696057132,0.8175187432115079,0.8175187432115079,0.6545001151299435
food_site_count=9,233,True,False,2.0,1.0,0.3503055555555556,5.227440616421778,0.858519670275154,0.8712334102551195,0.6324903832646647,0.6324903832646647,0.7232436108520827
food_site_count=9,234,True,False,2.0,1.0,0.3667222222222222,5.4663079705444195,0.8348054608059172,0.8485152519940906,0.7042811267489575,0.7042811267489575,0.7184048573531782
food_site_count=9,235,False,False,0.9882154378148076,0.9882154378148076,0.3598611111111111,5.269379610241896,0.7905723502518461,0.8258376630175145,0.6286752514549977,0.6286752514549977,0.22027368988490284
food_site_count=9,236,True,False,2.0,1.0,0.3436944444444444,5.0681305070675275,0.8239772985595136,0.8027862681118468,0.6648305992614029,0.6648305992614029,0.618093807147152
food_site_count=9,237,True,False,2.0,1.0,0.3313888888888889,5.056671254919652,0.9300506041072868,0.7759547637416925,0.7366840868277916,0.7366840868277916,0.6486455269234832
food_site_count=9,238,True,False,2.0,1.0,0.35208333333333336,5.288008770271778,0.8568036758437737,0.8362522022407528,0.8367429607998641,0.8362522022407528,0.26340117630717486
food_site_count=9,239,True,False,2.0,1.0,0.37094444444444447,5.665634135179161,0.9129837089713349,0.8034591720026057,0.606300736628709,0.606300736628709,0.7203179263392384
food_site_count=9,240,True,False,2.0,1.0,0.37069444444444444,5.528838468253647,0.8344797018602479,0.8612499621471337,0.7772362914137495,0.7772362914137495,0.3975669830336518
food_site_count=9,241,True,False,2.0,1.0,0.3629722222222222,5.539999569189691,0.9013637216680144,0.8221646335775556,0.756919677471399,0.756919677471399,0.5527051066898586
food_site_count=9,242,True,False,2.0,1.0,0.35988888888888887,5.3021743334338645,0.8114278500194697,0.7785977109726135,0.8482781085185558,0.7785977109726135,0.5570347204315187
food_site_count=9,243,True,False,2.0,1.0,0.3592222222222222,5.414048538360393,0.8837424160059795,0.7615492597467033,0.8073778940050901,0.7615492597467033,0.5326762637287836
food_site_count=9,244,True,False,2.0,1.0,0.35058333333333336,5.153588253500096,0.8108003392522083,0.8322501303658513,0.7532174160197267,0.7532174160197267,0.6420568070269064
food_site_count=9,245,True,False,2.0,1.0,0.3138611111111111,4.549503054106433,0.8058847305911618,0.7379515946975437,0.7650376048752084,0.7379515946975437,0.6623242641778435
food_site_count=9,246,True,False,2.0,1.0,0.32858333333333334,4.809323125668415,0.8089992008013133,0.7598568182174241,0.7916330883441746,0.7598568182174241,0.36468062005063134
food_site_count=9,247,False,False,0.9790104817770902,0.9790104817770902,0.3380555555555556,4.916386417294551,0.7832083854216721,0.6470738535959629,0.7446372495423226,0.6470738535959629,0.38138665192729265
food_site_count=9,248,True,False,2.0,1.0,0.34774999999999995,5.241558377918632,0.8768910252508664,0.7826549667992856,0.6838287889389375,0.6838287889389375,0.679125131302328
food_site_count=9,249,True,False,2.0,1.0,0.34688888888888886,5.151978896163445,0.8455673333695201,0.84222573082499,0.7344400784407772,0.7344400784407772,0.34512745043374676
food_site_count=9,250,True,False,2.0,1.0,0.34108333333333335,5.022677141950542,0.8275307615356959,0.8526014141530914,0.760423252791367,0.760423252791367,0.6963994805017711
food_site_count=9,251,True,False,2.0,1.0,0.3751111111111111,5.739563309482432,0.8939161309252955,0.845254499091991,0.6925902078632938,0.6925902078632938,0.720111031334117
food_site_count=9,252,True,False,2.0,1.0,0.3349722222222222,5.046845525249377,0.8773764397827144,0.856216693130338,0.5749139701672713,0.5749139701672713,0.6596094979270456
food_site_count=9,253,True,False,2.0,1.0,0.36244444444444446,5.41699971281775,0.8543245923867028,0.8482543323079558,0.7346808939029632,0.7346808939029632,0.5433189050768895
food_site_count=9,254,True,False,2.0,1.0,0.364,5.503550620363787,0.8670581516402388,0.8383738740882719,0.6527443452875011,0.6527443452875011,0.4651099294393052
food_site_count=9,255,False,False,0.9906174677464098,0.9906174677464098,0.33369444444444446,4.8110809346645835,0.7924939741971279,0.7510129211198104,0.7365104700554143,0.7365104700554143,0.6940841915693952
food_site_count=9,256,True,False,2.0,1.0,0.34980555555555554,5.230483349782792,0.8490192339591107,0.8085564343786255,0.7400583815533177,0.7400583815533177,0.3087095691267974
food_site_count=9,257,False,False,0.998087819011967,0.998087819011967,0.32966666666666666,4.756495825626642,0.7984702552095736,0.7813456949823523,0.8635248155448003,0.7813456949823523,0.4077064420653647
food_site_count=9,258,True,False,2.0,1.0,0.35961111111111116,5.311400040156902,0.8185010189738613,0.8535221756943472,0.8228280783831041,0.8228280783831041,0.6172503808545433
food_site_count=9,259,True,False,2.0,1.0,0.35638888888888887,5.270326372311663,0.8304192106038363,0.7738602545182712,0.9067639210207155,0.7738602545182712,0.43036171781979526
food_site_count=9,260,True,False,2.0,1.0,0.3309166666666667,4.928789767802159,0.8245308192890403,0.8140323410253874,0.8350867249385113,0.8140323410253874,0.29464716125382134
food_site_count=9,261,True,False,2.0,1.0,0.3537222222222222,5.379217126310064,0.9096369121194753,0.8390544507392481,0.7164874076923836,0.7164874076923836,0.44820085050974434
food_site_count=9,262,True,False,2.0,1.0,0.3635555555555555,5.483283268426086,0.8743893529631013,0.7802812551872079,0.8326686850241438,0.7802812551872079,0.6143788181536911
food_site_count=9,263,True,False,2.0,1.0,0.3462777777777778,5.137153792851677,0.844950411229185,0.8885154370068608,0.8238592132145701,0.8238592132145701,0.5962767894586177
food_site_count=9,264,True,False,2.0,1.0,0.34141666666666665,4.987744539783482,0.8057950161537992,0.771701651314088,0.8079745674993423,0.771701651314088,0.6769348072908284
food_site_count=9,265,True,False,2.0,1.0,0.3421388888888889,5.080227481744848,0.8464019096922161,0.8227371687330806,0.8269993375540389,0.8227371687330806,0.8099252858917426
food_site_count=9,266,True,False,2.0,1.0,0.35141666666666665,5.166640405435388,0.8174334097610088,0.7519315941935341,0.7475757204317595,0.7475757204317595,0.47776564501809754
food_site_count=9,267,True,False,2.0,1.0,0.33341666666666664,4.933639483934946,0.8275830862177325,0.8518346200818842,0.7267059095814543,0.7267059095814543,0.2394405460305639
food_site_count=9,268,False,False,0.9439514470190499,0.9439514470190499,0.3343611111111111,4.786158382674262,0.7551611576152399,0.8424536355987303,0.7760868161846861,0.7760868161846861,0.3013619274563596
food_site_count=9,269,True,False,2.0,1.0,0.3550833333333333,5.221245034312415,0.8118116710821393,0.7965937373526447,0.7992995569353807,0.7965937373526447,0.6027984971164293
food_site_count=9,270,False,False,0.9873939645255381,0.9873939645255381,0.3501666666666667,5.095780891380093,0.7899151716204305,0.7842299958856586,0.7811471144121527,0.7811471144121527,0.5210433258880324
food_site_count=9,271,True,False,2.0,1.0,0.3237777777777778,4.895767148443091,0.9097026073916127,0.7727000306892206,0.5875124609761893,0.5875124609761893,0.48661489254187684
food_site_count=9,272,True,False,2.0,1.0,0.38258333333333333,5.867324126640464,0.8962503363275064,0.8296900623365507,0.7033282320093958,0.7033282320093958,0.5996068042189617
food_site_count=9,273,True,False,2.0,1.0,0.3637777777777778,5.392687219020822,0.8225363119178227,0.8381536293083129,0.652230104797315,0.652230104797315,0.47954258693413165
food_site_count=9,274,False,False,0.9851990624213472,0.9851990624213472,0.35055555555555556,5.114926789820316,0.7881592499370779,0.8213290091892775,0.7650960631616176,0.7650960631616176,0.6577091780173293
food_site_count=9,275,False,False,0.9893442857923204,0.9893442857923204,0.3456666666666666,5.005639958381741,0.7914754286338563,0.7939636831681949,0.7296317476767837,0.7296317476767837,0.4332609979397015
food_site_count=9,276,True,False,2.0,1.0,0.3408611111111111,5.113988788540228,0.875082415561854,0.8274706849071554,0.798430427668843,0.798430427668843,0.5039176409356914
food_site_count=9,277,False,False,0.8298829298304042,0.8298829298304042,0.33669444444444446,5.006402687291927,0.8684818366630431,0.8468131459260217,0.4149414649152021,0.4149414649152021,0.7082011466444255
food_site_count=9,278,False,False,0.9984114243567012,0.9984114243567012,0.3336111111111111,4.8665848622561905,0.798729139485361,0.7953312423829957,0.7787285961123821,0.7787285961123821,0.756586186092313
food_site_count=9,279,True,False,2.0,1.0,0.35083333333333333,5.209100065007633,0.8539165150914737,0.7553425560488216,0.8014062821564817,0.7553425560488216,0.772856570162014
food_site_count=9,280,False,False,0.9857986833862589,0.9857986833862589,0.3541666666666667,5.172344307241583,0.7886389467090071,0.8908142446192459,0.6541114103425303,0.6541114103425303,0.3790834425864887
food_site_count=9,281,True,False,2.0,1.0,0.34925,5.209758027173891,0.8478772968947036,0.7585092509375252,0.7743426609540573,0.7585092509375252,0.13144330038943283
food_site_count=9,282,True,False,2.0,1.0,0.3324722222222222,4.98447112118344,0.8657187027523012,0.8453445730133579,0.7227376027130384,0.7227376027130384,0.5193677818912765
food_site_count=9,283,True,False,2.0,1.0,0.36238888888888887,5.416734844397856,0.84699142435196,0.8322207551390391,0.7469897420350768,0.7469897420350768,0.3427637772763999
food_site_count=9,284,True,False,2.0,1.0,0.35597222222222225,5.305104522499377,0.8519387748122337,0.8321589221691801,0.862411004721959,0.8321589221691801,0.5070492611169379
food_site_count=9,285,True,False,2.0,1.0,0.33383333333333337,4.969609619908893,0.871549882121483,0.8465041494998022,0.6824612154499644,0.6824612154499644,0.7143297496750047
food_site_count=9,286,False,False,0.8519017018043282,0.8519017018043282,0.3422222222222222,4.755962891762341,0.6815213614434626,0.7955928827138946,0.780477707160788,0.780477707160788,0.704034431278244
food_site_count=9,287,True,False,2.0,1.0,0.3576111111111111,5.329409320268185,0.8533407837999717,0.7974771574309129,0.7137730540487011,0.7137730540487011,0.7113827239756503
food_site_count=9,288,False,False,0.9938832614155292,0.9938832614155292,0.32305555555555554,4.714992513895727,0.8407985918965117,0.4969416307077646,0.5161435543311966,0.4969416307077646,0.3463502398176618
food_site_count=9,289,True,False,2.0,1.0,0.36386111111111114,5.4412910469238245,0.8517255853906897,0.804704691348449,0.7654399152643754,0.7654399152643754,0.47612424804142767
food_site_count=9,290,True,False,2.0,1.0,0.359,5.429691397510467,0.9003020600512607,0.7865869789345428,0.5475305304523813,0.5475305304523813,0.6605021931280709
food_site_count=9,291,True,False,2.0,1.0,0.33244444444444443,4.933889638664701,0.8363073877833521,0.7734323867720503,0.7423365937975753,0.7423365937975753,0.4553201837381222
food_site_count=9,292,True,False,2.0,1.0,0.33549999999999996,5.017199018227016,0.870026665422161,0.7796309445152655,0.6774744417281754,0.6774744417281754,0.546432091624872
food_site_count=9,293,True,False,2.0,1.0,0.32630555555555557,4.8940361268837655,0.8836468963594215,0.8294386116632627,0.7616842865340386,0.7616842865340386,0.5333433413691421
food_site_count=9,294,True,False,2.0,1.0,0.3453611111111111,5.215264491994977,0.8972122556342297,0.7792920383523361,0.7444144556150507,0.7444144556150507,0.5428099929500178
food_site_count=9,295,False,False,0.9909106540893372,0.9909106540893372,0.3222777777777778,4.687205725574751,0.7927285232714698,0.8391551838612316,0.751998422659997,0.751998422659997,0.5481790519876635
food_site_count=9,296,True,False,2.0,1.0,0.3738611111111111,5.625504151644149,0.8704024284878991,0.8146325228490415,0.7624631629802888,0.7624631629802888,0.6140445829422067
food_site_count=9,297,False,False,0.9381512257544383,0.9381512257544383,0.3571666666666667,5.295157938273851,0.8362544385371845,0.825624097959114,0.46907561287721916,0.46907561287721916,0.48509287627834674
food_site_count=9,298,True,False,2.0,1.0,0.36088888888888887,5.349883665945667,0.8257801239256336,0.8533150749596045,0.7880326166533932,0.7880326166533932,0.6191837450951391
food_site_count=9,299,True,False,2.0,1.0,0.36213888888888884,5.313460248787906,0.8007600830436113,0.7734432869673766,0.6075454031102823,0.6075454031102823,0.6003031669353669
food_site_count=10,200,True,False,2.0,1.0,0.38263888888888886,5.846773467503443,0.8726889753616967,0.8862360946173685,0.605045326781968,0.605045326781968,0.6493546825909497
food_site_count=10,201,True,False,2.0,1.0,0.36997222222222226,5.566764059296797,0.8253421103673929,0.7698032251064555,0.6729561358992654,0.6729561358992654,0.317304821160817
food_site_count=10,202,True,False,2.0,1.0,0.3711944444444445,5.544392814575456,0.8379188243890493,0.736477981241937,0.6492880623329323,0.6492880623329323,0.6048454216680346
food_site_count=10,203,True,False,2.0,1.0,0.3981388888888889,6.159507456946854,0.9009491427312359,0.832339380081878,0.7513429744011274,0.7513429744011274,0.6336102404308175
food_site_count=10,204,True,False,2.0,1.0,0.3964166666666667,5.962035468522428,0.8209418094581351,0.8370051034129328,0.7907433303050379,0.7907433303050379,0.6640659156544937
food_site_count=10,205,True,False,2.0,1.0,0.36427777777777776,5.463729675300131,0.8453611888871408,0.7582843802685649,0.6402400493125637,0.6402400493125637,0.741461108278353
food_site_count=10,206,False,False,0.972017630128156,0.972017630128156,0.37422222222222223,5.485879152089537,0.7776141041025249,0.7992150425042365,0.6335940316603211,0.6335940316603211,0.4044746765483788
food_site_count=10,207,True,False,2.0,1.0,0.3865555555555556,5.867872459107248,0.8622861765889984,0.7307081529464333,0.7027587034817517,0.7027587034817517,0.6612137785891391
food_site_count=10,208,True,False,2.0,1.0,0.35661111111111116,5.358063856273306,0.8632706517708868,0.7513887567717621,0.662768791644799,0.662768791644799,0.6746934797379177
food_site_count=10,209,False,False,0.9842897469858722,0.9842897469858722,0.36344444444444446,5.339816727702678,0.7874317975886979,0.7915244254966624,0.773276591012929,0.773276591012929,0.3061960339746816
food_site_count=10,210,True,False,2.0,1.0,0.3882222222222222,6.003024036383632,0.9041426422377163,0.7767088797882008,0.779398665828123,0.7767088797882008,0.49811338842542024
food_site_count=10,211,True,False,2.0,1.0,0.36391666666666667,5.497821525646272,0.8418996534565405,0.8464442148627763,0.7221631611797652,0.7221631611797652,0.5277243631490418
food_site_count=10,212,True,False,2.0,1.0,0.3646944444444445,5.530866383283688,0.8725456496744657,0.8205557356568982,0.6379074997424161,0.6379074997424161,0.4971365811241074
food_site_count=10,213,True,False,2.0,1.0,0.36141666666666666,5.515159631257264,0.8724316658335881,0.7782977461651378,0.7845282888127135,0.7782977461651378,0.5801655807579017
food_site_count=10,214,True,False,2.0,1.0,0.3618888888888889,5.461233176566655,0.8499323319086768,0.8491816568183332,0.782271216150275,0.782271216150275,0.35996007348574116
food_site_count=10,215,True,False,2.0,1.0,0.354,5.217641000235498,0.8026776836493699,0.838566739624261,0.6554210127791114,0.6554210127791114,0.3676046702825967
food_site_count=10,216,True,False,2.0,1.0,0.38016666666666665,5.774330223943854,0.8578242386370735,0.8007223399048533,0.7078386153357825,0.7078386153357825,0.5292160878797477
food_site_count=10,217,True,False,2.0,1.0,0.3765555555555556,5.780598199965895,0.8848406985278431,0.8458666557316158,0.5613156197638579,0.5613156197638579,0.7441620755667292
food_site_count=10,218,True,False,2.0,1.0,0.38083333333333336,5.811504772413473,0.8700365084357943,0.8222051229987312,0.7880577923631733,0.7880577923631733,0.24698563359083922
food_site_count=10,219,True,False,2.0,1.0,0.3901388888888889,5.97892647013381,0.8754280724273134,0.8632983441079352,0.8132254516875743,0.8132254516875743,0.4440939842314655
food_site_count=10,220,True,False,2.0,1.0,0.37619444444444444,5.740409638417694,0.8827509049752563,0.7991764931436237,0.6800235612642348,0.6800235612642348,0.692342127429198
food_site_count=10,221,True,False,2.0,1.0,0.38233333333333336,5.805666258712031,0.8552884499315372,0.8830425269317781,0.7713220289563074,0.7713220289563074,0.5342102498168464
food_site_count=10,222,True,False,2.0,1.0,0.3675277777777778,5.46729425808276,0.8172859174206214,0.7920444615035704,0.7458129523590536,0.7458129523590536,0.753913809240009
food_site_count=10,223,True,False,2.0,1.0,0.36094444444444446,5.520912684659422,0.8978334927287563,0.7191240586118113,0.5462519377246514,0.5462519377246514,0.5465975492704188
food_site_count=10,224,True,False,2.0,1.0,0.36794444444444446,5.596125828145629,0.880844058474446,0.8245989617770857,0.6678042596985474,0.6678042596985474,0.7069364460232485
food_site_count=10,225,True,False,2.0,1.0,0.36572222222222217,5.583740554989609,0.8666203784051139,0.6945137904916288,0.6550624361632209,0.6550624361632209,0.28157561890255617
food_site_count=10,226,True,False,2.0,1.0,0.3790277777777778,5.784188125936853,0.875449163284421,0.8467910511229189,0.6662111463519496,0.6662111463519496,0.5275933888979659
food_site_count=10,227,True,False,2.0,1.0,0.36863888888888885,5.619050395595467,0.8804425131567651,0.7916699967705785,0.7996069919554429,0.7916699967705785,0.5052939226098698
food_site_count=10,228,True,False,2.0,1.0,0.35302777777777783,5.330294946661088,0.8665864469674466,0.7467948912727814,0.805541404493044,0.7467948912727814,0.7199479433438665
food_site_count=10,229,True,False,2.0,1.0,0.37230555555555556,5.67089743137173,0.8737389572241205,0.7956720064061733,0.7230118261115677,0.7230118261115677,0.4760910762448271
food_site_count=10,230,True,False,2.0,1.0,0.38027777777777777,5.736772056640058,0.8511928688169995,0.867334893066666,0.8548940247381981,0.8548940247381981,0.707425570604525
food_site_count=10,231,True,False,2.0,1.0,0.3824722222222222,5.788394966092063,0.8478346457131924,0.8162204550072436,0.7459234977549591,0.7459234977549591,0.502938258181935
food_site_count=10,232,True,False,2.0,1.0,0.3759722222222222,5.672903784702718,0.8651168461906344,0.7613840614025326,0.7981173337056308,0.7613840614025326,0.4712525521906602
food_site_count=10,233,True,False,2.0,1.0,0.37336111111111114,5.559708011377497,0.8156637034022706,0.8397149845170306,0.7239901905489782,0.7239901905489782,0.5816522263096247
food_site_count=10,234,True,False,2.0,1.0,0.3805277777777778,5.790438908190425,0.890059567033191,0.80786637652021,0.6797741762387671,0.6797741762387671,0.7571527846990705
food_site_count=10,235,True,False,2.0,1.0,0.37986111111111115,5.674018902930696,0.8378580491067638,0.7741579997033156,0.8652452703817428,0.7741579997033156,0.5305956063671906
food_site_count=10,236,True,False,2.0,1.0,0.38380555555555557,5.691778958433146,0.8069539155872253,0.8199005823226795,0.7651605666616923,0.7651605666616923,0.8190884101303483
food_site_count=10,237,False,False,0.9649407821278835,0.9649407821278835,0.36547222222222225,5.308290705450871,0.7719526257023068,0.8175469390645407,0.8275838591411538,0.8175469390645407,0.5925626529056259
food_site_count=10,238,True,False,2.0,1.0,0.3579722222222222,5.3519024737058665,0.8377411210774706,0.722065162302398,0.6875562596137238,0.6875562596137238,0.7557192536463575
food_site_count=10,239,True,False,2.0,1.0,0.38641666666666663,5.909092507348899,0.8839151283871981,0.8109690241481374,0.828061070550102,0.8109690241481374,0.4999010794944973
food_site_count=10,240,True,False,2.0,1.0,0.3891666666666667,5.937294124030146,0.8634586920570962,0.85764132123043,0.7780034511389514,0.7780034511389514,0.4936398144411938
food_site_count=10,241,True,False,2.0,1.0,0.38158333333333333,5.827336998777386,0.8793051460770116,0.8189999807185285,0.8214503680424474,0.8189999807185285,0.5831844302674801
food_site_count=10,242,True,False,2.0,1.0,0.3711111111111111,5.5901302712041785,0.8438494631935499,0.8009961126743668,0.6554498092340795,0.6554498092340795,0.42329546912263477
food_site_count=10,243,True,False,2.0,1.0,0.3710555555555555,5.549056281524022,0.8263391016980159,0.8306918281126017,0.8008498768897346,0.8008498768897346,0.31401341254663073
food_site_count=10,244,True,False,2.0,1.0,0.3626111111111111,5.506863780602359,0.8508714965713179,0.8435307790879746,0.8075048056213227,0.8075048056213227,0.7307117170415076
food_site_count=10,245,True,False,2.0,1.0,0.37958333333333333,5.837018381416984,0.8912302129083183,0.833129112243308,0.638981154040198,0.638981154040198,0.6277697298262074
food_site_count=10,246,True,False,2.0,1.0,0.3571388888888889,5.367763142869398,0.8489454966438413,0.7596731855584303,0.7230752308216627,0.7230752308216627,0.5372881310026835
food_site_count=10,247,True,False,2.0,1.0,0.36791666666666667,5.564868028208022,0.8690927179256293,0.7413156381057375,0.7600668175742834,0.7413156381057375,0.4050808463835101
food_site_count=10,248,True,False,2.0,1.0,0.3755555555555556,5.719009697219831,0.8747809517223465,0.8037246024324636,0.7209410479928099,0.7209410479928099,0.5604340296046112
food_site_count=10,249,True,False,2.0,1.0,0.3515,5.310730189182607,0.8604755100313803,0.7749190875315717,0.824088961327003,0.7749190875315717,0.26438149882796325
food_site_count=10,250,True,False,2.0,1.0,0.3755,5.721305467538397,0.8876696183640449,0.675644835508205,0.6610958815367158,0.6610958815367158,0.6455042709037933
food_site_count=10,251,True,False,2.0,1.0,0.3652777777777778,5.513584747034654,0.855621777718385,0.8095834794674933,0.631876735714999,0.631876735714999,0.4302382558742269
food_site_count=10,252,True,False,2.0,1.0,0.3829166666666667,5.796750519017712,0.8638074096598177,0.7836224133993197,0.6793263698610077,0.6793263698610077,0.5504299923704009
food_site_count=10,253,True,False,2.0,1.0,0.3925,5.922524444354224,0.8480005316883806,0.7622783324298921,0.8490828073781954,0.7622783324298921,0.8039795769679724
food_site_count=10,254,False,False,0.8093560586514267,0.8093560586514267,0.35341666666666666,4.916218489154059,0.6474848469211414,0.7431805076298427,0.5406707500688293,0.5406707500688293,0.4946061275951832
food_site_count=10,255,True,False,2.0,1.0,0.3596666666666667,5.367710893191018,0.8386039326625415,0.7941513590842573,0.5944373488957745,0.5944373488957745,0.7498334740548438
food_site_count=10,256,True,False,2.0,1.0,0.37469444444444444,5.687268397051355,0.8490814776180672,0.8097931344123149,0.7701522267320853,0.7701522267320853,0.291102375736368
food_site_count=10,257,True,False,2.0,1.0,0.3693611111111111,5.583544772869159,0.852746050908597,0.8280599386684554,0.8324414988532002,0.8280599386684554,0.27454880973054274
food_site_count=10,258,True,False,2.0,1.0,0.34808333333333336,5.248972107550901,0.8654451072949592,0.7035600192325843,0.7739508989935046,0.7035600192325843,0.39047426549048425
food_site_count=10,259,True,False,2.0,1.0,0.36174999999999996,5.378222258027053,0.8347255884628019,0.7017374657343437,0.7093287969842981,0.7017374657343437,0.6368392597485099
food_site_count=10,260,True,False,2.0,1.0,0.34594444444444444,5.2262702626803295,0.8558046019461331,0.6740525103082207,0.5546754408385962,0.5546754408385962,0.1704722340576229
food_site_count=10,261,True,False,2.0,1.0,0.3854444444444444,5.926632671418868,0.8869590191001512,0.8351046189226781,0.7272378151433674,0.7272378151433674,0.5516401225923346
food_site_count=10,262,True,False,2.0,1.0,0.3713611111111111,5.719607344228876,0.9186167138275907,0.8066375375162038,0.5233590224713398,0.5233590224713398,0.7417111866573386
food_site_count=10,263,False,False,0.9154742261788452,0.9154742261788452,0.3450277777777778,4.919106646599831,0.7323793809430762,0.7573168416101768,0.763870166750489,0.7573168416101768,0.7093530970118015
food_site_count=10,264,False,False,0.999840644635314,0.999840644635314,0.3595555555555556,5.28735897051251,0.7998725157082512,0.7284601056360278,0.8362897901920056,0.7284601056360278,0.6248273935056932
food_site_count=10,265,True,False,2.0,1.0,0.3685833333333333,5.671590052440731,0.8909112244557508,0.8288400706180059,0.6420758045184229,0.6420758045184229,0.21206562415099486
food_site_count=10,266,True,False,2.0,1.0,0.3709166666666667,5.601189481431741,0.8639751549674858,0.8439456930688779,0.6972063441845513,0.6972063441845513,0.6362739797180436
food_site_count=10,267,False,False,0.9963726783132315,0.9963726783132315,0.3678055555555556,5.471301858570594,0.7970981426505852,0.851651258977808,0.7127289416130191,0.7127289416130191,0.4297369673526247
food_site_count=10,268,True,False,2.0,1.0,0.3884444444444444,5.785509662467513,0.8161328353991949,0.7779267913323747,0.7019676158471434,0.7019676158471434,0.44360553783207474
food_site_count=10,269,True,False,2.0,1.0,0.3583055555555556,5.452626838327839,0.8831350576627924,0.7462541603577156,0.7725175392259936,0.7462541603577156,0.35461425960751847
food_site_count=10,270,True,False,2.0,1.0,0.3591944444444444,5.417533388366304,0.850156872667434,0.8010067956997534,0.7037318525470646,0.7037318525470646,0.6969122488452241
food_site_count=10,271,True,False,2.0,1.0,0.34794444444444445,5.150476648303463,0.8084064407742073,0.7652022318637623,0.7627895524914804,0.7627895524914804,0.642934553401933
food_site_count=10,272,True,False,2.0,1.0,0.37194444444444447,5.619608087172628,0.8372200208853526,0.8485957317169233,0.8050851136017402,0.8050851136017402,0.48270933680953776
food_site_count=10,273,True,False,2.0,1.0,0.3779166666666667,5.658154505042427,0.8438278477804745,0.8247109428365339,0.672283269101291,0.672283269101291,0.6225833826590177
food_site_count=10,274,True,False,2.0,1.0,0.3562222222222223,5.370143986060516,0.8408267456183471,0.8538155881662077,0.8596793599510384,0.8538155881662077,0.7545827997654916
food_site_count=10,275,True,False,2.0,1.0,0.38275,5.8610413677543844,0.8916482686618377,0.784300715153406,0.7493223750212177,0.7493223750212177,0.8143415333640698
food_site_count=10,276,True,False,2.0,1.0,0.3796666666666667,5.76097515192991,0.8629966572555763,0.7772008580130408,0.7165083403942941,0.7165083403942941,0.4287224265832191
food_site_count=10,277,True,False,2.0,1.0,0.3794166666666667,5.84533828870596,0.8951163452991595,0.8156821478044951,0.6085428103877722,0.6085428103877722,0.6125395818506776
food_site_count=10,278,True,False,2.0,1.0,0.37622222222222224,5.717869641321546,0.8627316438064062,0.8025041016119965,0.6675705767241354,0.6675705767241354,0.5328560565847645
food_site_count=10,279,True,False,2.0,1.0,0.3862222222222222,5.902068904804886,0.876447846463264,0.8786151483914468,0.7938667649406279,0.7938667649406279,0.35580419025748417
food_site_count=10,280,True,False,2.0,1.0,0.37980555555555556,5.7796225491063264,0.864674205530598,0.8739145689858833,0.7412851679788564,0.7412851679788564,0.48515608430360235
food_site_count=10,281,True,False,2.0,1.0,0.36783333333333335,5.6973729774018205,0.9101861528082937,0.8630363675111693,0.7903241859412719,0.7903241859412719,0.7886792735336752
food_site_count=10,282,True,False,2.0,1.0,0.35858333333333337,5.379078665723543,0.8280020158571901,0.7672489563021138,0.8240277387249748,0.7672489563021138,0.3300114161859258
food_site_count=10,283,True,False,2.0,1.0,0.38880555555555557,5.990182814194388,0.8956615482022579,0.8256412675713585,0.7809759187063217,0.7809759187063217,0.6632275268379779
food_site_count=10,284,True,False,2.0,1.0,0.38469444444444445,5.903415589994122,0.8867226868102125,0.7932831691819261,0.7963547168574518,0.7932831691819261,0.34449450658152414
food_site_count=10,285,True,False,2.0,1.0,0.3944722222222222,5.95867321030953,0.8389008570964653,0.8133036118448485,0.7848654705306103,0.7848654705306103,0.5237396678822543
food_site_count=10,286,True,False,2.0,1.0,0.3734166666666667,5.542560423359617,0.8132275447805046,0.7910582258981911,0.7374005787559895,0.7374005787559895,0.7352329195651471
food_site_count=10,287,True,False,2.0,1.0,0.3492222222222222,5.217774042011594,0.8462873870170804,0.7660316330228704,0.6037931214882329,0.6037931214882329,0.6137306485561642
food_site_count=10,288,True,False,2.0,1.0,0.3794166666666667,5.771479802287045,0.8649568267976198,0.8445970694173728,0.7401716549134943,0.7401716549134943,0.5687281227593614
food_site_count=10,289,True,False,2.0,1.0,0.3732777777777778,5.652490292620774,0.8557231883733079,0.8678627643401781,0.8094908914676916,0.8094908914676916,0.6712410507744914
food_site_count=10,290,True,False,2.0,1.0,0.37472222222222223,5.704888850361831,0.8746799889732443,0.7836157710258954,0.53220429633038,0.53220429633038,0.6973885337548438
food_site_count=10,291,True,False,2.0,1.0,0.37305555555555553,5.7318193287707935,0.8942598965818592,0.7366345934466876,0.6706492074713424,0.6706492074713424,0.5082022313526541
food_site_count=10,292,True,False,2.0,1.0,0.3332777777777778,4.992821444502829,0.8580813098358021,0.5806020304373921,0.5927111171309938,0.5806020304373921,0.38353052653886255
food_site_count=10,293,True,False,2.0,1.0,0.3665277777777778,5.5013727793242,0.8378010141324251,0.7575068558580546,0.8193741476372993,0.7575068558580546,0.26626323317207645
food_site_count=10,294,True,False,2.0,1.0,0.3358055555555556,4.933859029183381,0.8082715176353988,0.6204898525822696,0.5885172717052287,0.5885172717052287,0.24076144492588156
food_site_count=10,295,False,False,0.9995011167764845,0.9995011167764845,0.3530833333333333,5.188291006908786,0.7996008934211876,0.6897670825405954,0.6842125577641524,0.6842125577641524,0.28854604463978634
food_site_count=10,296,True,False,2.0,1.0,0.37827777777777777,5.797876492353666,0.885386526943027,0.8118736657314388,0.6782823437415106,0.6782823437415106,0.3417241163678526
food_site_count=10,297,True,False,2.0,1.0,0.3637222222222222,5.413823870565685,0.8204001117444084,0.8389602850988201,0.7310787750049133,0.7310787750049133,0.5523634046167006
food_site_count=10,298,False,False,0.9592025197184936,0.9592025197184936,0.3626111111111111,5.269500316259387,0.7673620157747949,0.7950170159819336,0.752887345728314,0.752887345728314,0.5451729254671148
food_site_count=10,299,True,False,2.0,1.0,0.36944444444444446,5.607236018038827,0.8935440515946795,0.6883820237107564,0.7078516866979936,0.6883820237107564,0.38640038529722714
food_site_radius=255.0000,200,True,False,2.0,1.0,0.24180555555555555,3.2852106353961377,0.8565403415328435,0.8695346046768587,0.8668611364631101,0.8668611364631101,0.6178869832033926
food_site_radius=255.0000,201,True,False,2.0,1.0,0.2373888888888889,3.2180971537249428,0.8712273967588055,0.8349565578255239,0.7618174242492046,0.7618174242492046,0.7277816937855257
food_site_radius=255.0000,202,True,False,2.0,1.0,0.23261111111111113,3.1206584205774845,0.8589671972279345,0.8172401415038063,0.7130140523633326,0.7130140523633326,0.7284489283786976
food_site_radius=255.0000,203,True,False,2.0,1.0,0.21266666666666667,2.8749025182601637,0.8551865988869327,0.8441810571459214,0.6907961577539928,0.6907961577539928,0.5951043051043072
food_site_radius=255.0000,204,True,False,2.0,1.0,0.234,3.1916426410612164,0.8760273201460336,0.8155029617837335,0.8162141243462393,0.8155029617837335,0.4921785536587431
food_site_radius=255.0000,205,False,False,0.9976174647899885,0.9976174647899885,0.23347222222222222,3.051170289846891,0.7980939718319908,0.7553652700762219,0.7243733188868905,0.7243733188868905,0.7118157885529891
food_site_radius=255.0000,206,True,False,2.0,1.0,0.24605555555555556,3.393809653754164,0.8797714526649448,0.8711746805955154,0.9042982624622409,0.8711746805955154,0.36936541136697915
food_site_radius=255.0000,207,True,False,2.0,1.0,0.2388611111111111,3.269501952785278,0.8667842890580769,0.8454440395661814,0.779119220973466,0.779119220973466,0.47374566522259703
food_site_radius=255.0000,208,True,False,2.0,1.0,0.22225,2.979107935902346,0.862984463708807,0.7692107748426037,0.7218928896390177,0.7218928896390177,0.49425848884441553
food_site_radius=255.0000,209,True,False,2.0,1.0,0.22372222222222224,3.0103060922255214,0.8705625288413557,0.7944000955112668,0.6744800827286661,0.6744800827286661,0.34560552906841296
food_site_radius=255.0000,210,True,False,2.0,1.0,0.24319444444444444,3.326409754220122,0.8887685144628429,0.8311752398082799,0.6810871837840334,0.6810871837840334,0.5128154502152608
food_site_radius=255.0000,211,True,False,2.0,1.0,0.238,3.2463617533412465,0.8652294073348423,0.8278308201775123,0.7260281300852152,0.7260281300852152,0.669578923098817
food_site_radius=255.0000,212,True,False,2.0,1.0,0.24305555555555555,3.3037716992380455,0.8372366384519938,0.7685768530110239,0.6804064235219484,0.6804064235219484,0.5444340294796917
food_site_radius=255.0000,213,True,False,2.0,1.0,0.2403888888888889,3.22953602015041,0.8251070931230047,0.8013194292117519,0.7054273679994082,0.7054273679994082,0.5979526522051338
food_site_radius=255.0000,214,True,False,2.0,1.0,0.24416666666666667,3.330458990225004,0.8734889925536107,0.8251277668302677,0.7493072012647929,0.7493072012647929,0.4058645020182174
food_site_radius=255.0000,215,False,False,0.9610708562761311,0.9610708562761311,0.23600000000000002,3.1843999430846277,0.8838485358646814,0.8279121392998534,0.48053542813806555,0.48053542813806555,0.8070396681455954
food_site_radius=255.0000,216,True,False,2.0,1.0,0.2423611111111111,3.3124450639294367,0.879152567371404,0.8343935087652435,0.7608903299415369,0.7608903299415369,0.41298043353761976
food_site_radius=255.0000,217,False,False,0.24940944465635945,0.24940944465635945,0.25413888888888886,2.5773551760055917,0.19952755572508757,0.2590881503128675,0.3061132297628645,0.2590881503128675,0.4523306497398147
food_site_radius=255.0000,218,True,False,2.0,1.0,0.23733333333333334,3.2335963487907375,0.860875290681223,0.8472192205060519,0.8528623242742471,0.8472192205060519,0.5920457918973069
food_site_radius=255.0000,219,True,False,2.0,1.0,0.23116666666666666,3.153970560700579,0.903411355661224,0.8450762893185811,0.6264039286469292,0.6264039286469292,0.6825655022705704
food_site_radius=255.0000,220,True,False,2.0,1.0,0.24394444444444444,3.280464904161558,0.8228054441171555,0.8548113529793806,0.8191500673293782,0.8191500673293782,0.3994329880968278
food_site_radius=255.0000,221,True,False,2.0,1.0,0.23475000000000001,3.139181320822209,0.8509638940631952,0.7660297000524755,0.6296261921129759,0.6296261921129759,0.36289176419405206
food_site_radius=255.0000,222,True,False,2.0,1.0,0.24827777777777776,3.3776059641631684,0.8596937661854791,0.8464088043668175,0.7644587390686276,0.7644587390686276,0.696669481499201
food_site_radius=255.0000,223,True,False,2.0,1.0,0.2452222222222222,3.295880746477268,0.8383505091604163,0.8376335992590448,0.6958702027838226,0.6958702027838226,0.753133862440983
food_site_radius=255.0000,224,True,False,2.0,1.0,0.23841666666666667,3.1790122116769703,0.8325763868489666,0.816495140843175,0.8460192574299796,0.816495140843175,0.357588236962866
food_site_radius=255.0000,225,False,False,0.9084252144117272,0.9084252144117272,0.21830555555555556,2.740714249463306,0.7267401715293818,0.7873447267763113,0.8198212566440971,0.7873447267763113,0.3700234643227075
food_site_radius=255.0000,226,True,False,2.0,1.0,0.24469444444444444,3.4133809716647905,0.9132057939861823,0.8152637237982275,0.6722034602271544,0.6722034602271544,0.41071842230146793
food_site_radius=255.0000,227,True,False,2.0,1.0,0.23172222222222222,3.0734995637346367,0.8271099352741056,0.8073521871518152,0.7704895087205222,0.7704895087205222,0.5537287054204181
food_site_radius=255.0000,228,True,False,2.0,1.0,0.23586111111111113,3.1960937678472834,0.8612295224821824,0.8413242202292839,0.759268384501886,0.759268384501886,0.6108952150706092
food_site_radius=255.0000,229,True,False,2.0,1.0,0.2492777777777778,3.3744369145860347,0.8417196980463807,0.8215994799253458,0.8027358283520348,0.8027358283520348,0.7420093122985582
food_site_radius=255.0000,230,True,False,2.0,1.0,0.24652777777777776,3.3350568830496408,0.8531736436540599,0.712039437153036,0.7458071203676634,0.712039437153036,0.7555981463787121
food_site_radius=255.0000,231,True,False,2.0,1.0,0.22386111111111112,3.0063546391279865,0.8924559809543761,0.8133887902921675,0.702495030069542,0.702495030069542,0.5321320076869335
food_site_radius=255.0000,232,True,False,2.0,1.0,0.24080555555555558,3.2210792067579366,0.843410613333214,0.7954715965518808,0.7932854353279857,0.7932854353279857,0.6323915202657381
food_site_radius=255.0000,233,True,False,2.0,1.0,0.22622222222222224,3.0576982588254937,0.8428840312633364,0.8151977052599475,0.7657168438899944,0.7657168438899944,0.5477660008387762
food_site_radius=255.0000,234,True,False,2.0,1.0,0.23613888888888887,3.208700071403105,0.8622416990234366,0.7949882474410069,0.770717786307451,0.770717786307451,0.7475472248147058
food_site_radius=255.0000,235,True,False,2.0,1.0,0.23675,3.1806112115843437,0.8171922203384747,0.8768734017469381,0.8342547947536253,0.8342547947536253,0.6010553692983972
food_site_radius=255.0000,236,True,False,2.0,1.0,0.22213888888888889,2.962443763803089,0.8271510573624902,0.789196476610611,0.6900164655881171,0.6900164655881171,0.3164699774051035
food_site_radius=255.0000,237,True,False,2.0,1.0,0.24383333333333335,3.296229339675171,0.8468171864638288,0.7827703477376649,0.7349603838845697,0.7349603838845697,0.7528751500663453
food_site_radius=255.0000,238,True,False,2.0,1.0,0.24525,3.3562624985993548,0.8747250171531817,0.8427121861731133,0.7687148648094637,0.7687148648094637,0.8203338260543709
food_site_radius=255.0000,239,True,False,2.0,1.0,0.2388888888888889,3.203390330608295,0.8343782485549531,0.833773025111808,0.8323637218664699,0.8323637218664699,0.36171443612463006
food_site_radius=255.0000,240,True,False,2.0,1.0,0.22061111111111112,2.9906010726424856,0.8844968383647485,0.7730200432963544,0.833975684873599,0.7730200432963544,0.7552050174814237
food_site_radius=255.0000,241,True,False,2.0,1.0,0.24591666666666667,3.3783602336896417,0.8632914340625696,0.904978343256442,0.7830504380519597,0.7830504380519597,0.4842875170274877
food_site_radius=255.0000,242,True,False,2.0,1.0,0.22533333333333333,3.0428938867569246,0.8704849046357808,0.8437922798025824,0.7896059989596583,0.7896059989596583,0.7456723144398737
food_site_radius=255.0000,243,True,False,2.0,1.0,0.22275,2.8988958641250195,0.8255168783331767,0.712616895414944,0.7706865696559841,0.712616895414944,0.3220032708090053
food_site_radius=255.0000,244,True,False,2.0,1.0,0.24191666666666667,3.2441646102047654,0.8290116569274171,0.7989166918765823,0.7747690486650051,0.7747690486650051,0.5986427307879668
food_site_radius=255.0000,245,True,False,2.0,1.0,0.23424999999999999,3.158759501053181,0.8601211156074338,0.7856610016974398,0.7118161292719328,0.7118161292719328,0.46274885785100606
food_site_radius=255.0000,246,True,False,2.0,1.0,0.2438611111111111,3.3282218934441103,0.8554635048243336,0.8361364925644535,0.7527982067763893,0.7527982067763893,0.5066835511329573
food_site_radius=255.0000,247,True,False,2.0,1.0,0.2426388888888889,3.3177310991889706,0.882417937019375,0.8001750784325453,0.8751020291979505,0.8001750784325453,0.5392719517451927
food_site_radius=255.0000,248,True,False,2.0,1.0,0.22372222222222224,2.9636663622854456,0.8420969574913026,0.744115890252093,0.5811652673102653,0.5811652673102653,0.2587615026593914
food_site_radius=255.0000,249,False,False,0.7043892395558613,0.7043892395558613,0.2286388888888889,2.7307235197611788,0.5635113916446891,0.5878519678992886,0.5440375355181819,0.5440375355181819,0.4279679857156896
food_site_radius=255.0000,250,True,False,2.0,1.0,0.24616666666666667,3.436837122329429,0.9156428830623657,0.819168847351598,0.7122483293926881,0.7122483293926881,0.7778498628506559
food_site_radius=255.0000,251,True,False,2.0,1.0,0.221,2.955058525161571,0.8597035039952521,0.7819596024734511,0.8066244566403847,0.7819596024734511,0.7394340178956708
food_site_radius=255.0000,252,True,False,2.0,1.0,0.2516111111111111,3.5092918633983787,0.9063647722161349,0.8320239504899036,0.6771724538440274,0.6771724538440274,0.5993120302212261
food_site_radius=255.0000,253,True,False,2.0,1.0,0.2453611111111111,3.283518126555328,0.8127164094921592,0.8723471536516245,0.7635413815155427,0.7635413815155427,0.5640508701946162
food_site_radius=255.0000,254,True,False,2.0,1.0,0.23227777777777778,3.1046918605159894,0.8490202294454222,0.7822303822485465,0.7591452502948839,0.7591452502948839,0.6806137951813643
food_site_radius=255.0000,255,True,False,2.0,1.0,0.24444444444444444,3.356483279339242,0.882772066332804,0.7724178705246447,0.7904620091750608,0.7724178705246447,0.5148228749953367
food_site_radius=255.0000,256,True,False,2.0,1.0,0.2534166666666667,3.524755220058524,0.8770784945791379,0.7941218095472334,0.7968188631693848,0.7941218095472334,0.6713804030495251
food_site_radius=255.0000,257,True,False,2.0,1.0,0.246,3.373067458991921,0.879854543549875,0.7973314005828347,0.7993164076837443,0.7973314005828347,0.6281951263250511
food_site_radius=255.0000,258,True,False,2.0,1.0,0.24400000000000002,3.3347547471199515,0.8638702617736925,0.7963344900960194,0.8699138013268842,0.7963344900960194,0.5241744099816238
food_site_radius=255.0000,259,True,False,2.0,1.0,0.24708333333333335,3.3909614081546993,0.8675190094024782,0.8444971942160898,0.7734873231200202,0.7734873231200202,0.6185794189579524
food_site_radius=255.0000,260,True,False,2.0,1.0,0.25677777777777777,3.5752873973578043,0.8673184497640516,0.8750460641348788,0.8692404766595261,0.8692404766595261,0.4452871571448345
food_site_radius=255.0000,261,True,False,2.0,1.0,0.2227777777777778,2.990900219818179,0.8292268050199116,0.8078260160307196,0.698598043788721,0.698598043788721,0.3840495778642775
food_site_radius=255.0000,262,True,False,2.0,1.0,0.2505277777777778,3.3723295767477217,0.814730080974774,0.8381097995045642,0.8180226635834192,0.8180226635834192,0.7782344456038712
food_site_radius=255.0000,263,True,False,2.0,1.0,0.2534166666666667,3.4233926335753964,0.8198764259877892,0.8360847581356673,0.864017439479144,0.8360847581356673,0.5338314992766834
food_site_radius=255.0000,264,True,False,2.0,1.0,0.23725,3.1502854843784998,0.8282620246242511,0.8015227199411641,0.7390854786236384,0.7390854786236384,0.4554272315906383
food_site_radius=255.0000,265,True,False,2.0,1.0,0.22661111111111112,3.115555012860967,0.8853966234420183,0.8722892608283283,0.7825530392768691,0.7825530392768691,0.2780020669348249
food_site_radius=255.0000,266,True,False,2.0,1.0,0.2338888888888889,3.1024437749082887,0.8377155551932691,0.787141467915405,0.6542145110638524,0.6542145110638524,0.7041500575852774
food_site_radius=255.0000,267,False,False,0.9854617194482354,0.9854617194482354,0.2236388888888889,2.9327036274329705,0.7883693755585883,0.7521625258512189,0.7737554090184825,0.7521625258512189,0.33575806785308326
food_site_radius=255.0000,268,True,False,2.0,1.0,0.24130555555555555,3.304328239246054,0.8823000545999734,0.809609690296049,0.6987051121367888,0.6987051121367888,0.5581573387416425
food_site_radius=255.0000,269,True,False,2.0,1.0,0.24069444444444443,3.290641771627773,0.8826607603540063,0.8761713796551583,0.799948425406237,0.799948425406237,0.6142904990962275
food_site_radius=255.0000,270,True,False,2.0,1.0,0.24333333333333332,3.3749260768157643,0.8761542319941958,0.7613993199419382,0.7068069346902333,0.7068069346902333,0.34881362859801257
food_site_radius=255.0000,271,True,False,2.0,1.0,0.2485,3.3874373904795307,0.8309646808245967,0.865040108799381,0.8567621662327363,0.8567621662327363,0.5128865153717833
food_site_radius=255.0000,272,True,False,2.0,1.0,0.2386111111111111,3.281166028732995,0.886160251005117,0.832307357234594,0.8798269368044871,0.832307357234594,0.41992821171567696
food_site_radius=255.0000,273,True,False,2.0,1.0,0.23308333333333334,3.171984488006967,0.8909744610398271,0.8335559947547807,0.8518763803390984,0.8335559947547807,0.740401791581758
food_site_radius=255.0000,274,True,False,2.0,1.0,0.23169444444444445,3.1101339688341683,0.8496582754273106,0.7803477392409801,0.7123636300682962,0.7123636300682962,0.7798089102087621
food_site_radius=255.0000,275,True,False,2.0,1.0,0.2393611111111111,3.2902622176252687,0.8799006445825127,0.8377678874353008,0.6888498957370335,0.6888498957370335,0.8212525212476334
food_site_radius=255.0000,276,True,False,2.0,1.0,0.24222222222222223,3.3083139422778203,0.887325848243342,0.799077642473043,0.7470357368185373,0.7470357368185373,0.3307038763501489
food_site_radius=255.0000,277,True,False,2.0,1.0,0.24069444444444443,3.2072036925107423,0.8183063377124898,0.8666737772790618,0.8398564693493712,0.8398564693493712,0.5200624525200452
food_site_radius=255.0000,278,True,False,2.0,1.0,0.2436111111111111,3.346715449443474,0.8711886234918423,0.8300971581883194,0.7871695129082533,0.7871695129082533,0.5067528004544855
food_site_radius=255.0000,279,True,False,2.0,1.0,0.23069444444444445,3.061704525803976,0.8206509300448249,0.8735013658882124,0.6953410679784232,0.6953410679784232,0.508153349919737
food_site_radius=255.0000,280,True,False,2.0,1.0,0.23822222222222222,3.2335560533082464,0.8733598434581574,0.8242730492105191,0.6357102909268857,0.6357102909268857,0.7094196714315565
food_site_radius=255.0000,281,True,False,2.0,1.0,0.21133333333333332,2.7680549087001003,0.8678514756169349,0.5878887050311371,0.6433037893267557,0.5878887050311371,0.18728374347712443
food_site_radius=255.0000,282,True,False,2.0,1.0,0.21594444444444444,2.866217289950398,0.8451911906912883,0.8421732948458485,0.7334974386765817,0.7334974386765817,0.6422430126781455
food_site_radius=255.0000,283,True,False,2.0,1.0,0.2553611111111111,3.541880552010989,0.8794112117812759,0.8458444446415313,0.8215318385820712,0.8215318385820712,0.6490950848422815
food_site_radius=255.0000,284,False,False,0.9743218930718758,0.9743218930718758,0.24741666666666667,3.2558967861987425,0.7794575144575007,0.8151319844408841,0.799377735851622,0.799377735851622,0.46021475034927584
food_site_radius=255.0000,285,True,False,2.0,1.0,0.22869444444444442,3.035089236325062,0.8661893583544558,0.6524283425911214,0.5437041400937248,0.5437041400937248,0.3688941135586727
food_site_radius=255.0000,286,True,False,2.0,1.0,0.22722222222222221,2.9979465111158445,0.8184672897627391,0.8611420026842104,0.8319985500860968,0.8319985500860968,0.6383493567674431
food_site_radius=255.0000,287,True,False,2.0,1.0,0.22669444444444445,3.020602185716764,0.8327810933392893,0.7671717177816731,0.8004434250358046,0.7671717177816731,0.3298357661824414
food_site_radius=255.0000,288,True,False,2.0,1.0,0.221,2.998915166046124,0.8855868473412887,0.7854618533759975,0.5105296744738219,0.5105296744738219,0.5108389845221556
food_site_radius=255.0000,289,True,False,2.0,1.0,0.22427777777777777,3.039966548576886,0.8797896411592734,0.8009812414820221,0.5684792683488461,0.5684792683488461,0.704030653923315
food_site_radius=255.0000,290,True,False,2.0,1.0,0.2386388888888889,3.223014878420021,0.8512577856758993,0.8093955519568904,0.8050128182582367,0.8050128182582367,0.8047226208741285
food_site_radius=255.0000,291,True,False,2.0,1.0,0.24341666666666667,3.3071003817525955,0.8400354106575703,0.8806399610781386,0.8472096165940677,0.8472096165940677,0.3064897999441065
food_site_radius=255.0000,292,True,False,2.0,1.0,0.2155277777777778,2.8467568973969555,0.8208616164043124,0.7602417043896474,0.7351752893175026,0.7351752893175026,0.49743971628388584
food_site_radius=255.0000,293,False,False,0.9420312118974409,0.9420312118974409,0.23450000000000001,3.0262349875052226,0.7536249695179528,0.8091916171722399,0.8255875736925645,0.8091916171722399,0.6421493266018372
food_site_radius=255.0000,294,True,False,2.0,1.0,0.24647222222222223,3.3919072120677245,0.8645258493585096,0.8267518991034927,0.8118553136553618,0.8118553136553618,0.7745216466438372
food_site_radius=255.0000,295,True,False,2.0,1.0,0.23158333333333334,3.1408112078939974,0.8348070724638113,0.8702013725084393,0.8395720296586684,0.8395720296586684,0.537794290570964
food_site_radius=255.0000,296,True,False,2.0,1.0,0.24327777777777776,3.321592726696115,0.8810267677188076,0.9005507942327248,0.7711864954896241,0.7711864954896241,0.5827604697183442
food_site_radius=255.0000,297,False,False,0.9364142538808226,0.9364142538808226,0.2348888888888889,3.061028165416357,0.7491314031046581,0.7742265977142949,0.8015471134121069,0.7742265977142949,0.24908925275418053
food_site_radius=255.0000,298,True,False,2.0,1.0,0.24230555555555558,3.2847517281228003,0.8623241040119723,0.8207848981419943,0.7701852473255671,0.7701852473255671,0.5238052822650826
food_site_radius=255.0000,299,True,False,2.0,1.0,0.2356111111111111,3.1929470326416833,0.883396060777282,0.7613662273853489,0.8769700231036076,0.7613662273853489,0.6552174445764704
food_site_radius=300.0000,200,True,False,2.0,1.0,0.27622222222222226,3.892438079757304,0.8321429822979673,0.7910421710490119,0.7325830741509832,0.7325830741509832,0.21801265424613456
food_site_radius=300.0000,201,True,False,2.0,1.0,0.2875,4.029590040275308,0.8150586277912294,0.8162577984727655,0.8206870752162225,0.8162577984727655,0.4161900512817114
food_site_radius=300.0000,202,True,False,2.0,1.0,0.26719444444444446,3.813164717470168,0.8863564645011955,0.7554550557286961,0.629955123000002,0.629955123000002,0.5904705171770086
food_site_radius=300.0000,203,True,False,2.0,1.0,0.2836388888888889,4.011144078994963,0.8362601527878524,0.854450308001067,0.7773524377015283,0.7773524377015283,0.5451761998591497
food_site_radius=300.0000,204,True,False,2.0,1.0,0.29691666666666666,4.228814759813445,0.8227272087892552,0.8531456992011873,0.828872784583077,0.828872784583077,0.40274254904253504
food_site_radius=300.0000,205,True,False,2.0,1.0,0.27241666666666664,3.836773408313304,0.8623647723846564,0.7877423356279103,0.6087836389249258,0.6087836389249258,0.46246113409342926
food_site_radius=300.0000,206,True,False,2.0,1.0,0.27455555555555555,3.854527975693854,0.8295938497299268,0.8066909453588391,0.7432164444676174,0.7432164444676174,0.39333310423515094
food_site_radius=300.0000,207,True,False,2.0,1.0,0.28397222222222224,4.101894728541021,0.8905421580421546,0.8673323552268717,0.6510184569741523,0.6510184569741523,0.357245995956907
food_site_radius=300.0000,208,True,False,2.0,1.0,0.2828611111111111,4.067123863942359,0.8832582045647553,0.8677230068614455,0.7162263091275899,0.7162263091275899,0.6294663954540453
food_site_radius=300.0000,209,True,False,2.0,1.0,0.28208333333333335,4.001074966675192,0.8731167274783117,0.7381692384695664,0.6915406679106525,0.6915406679106525,0.5322060581141713
food_site_radius=300.0000,210,True,False,2.0,1.0,0.2841666666666667,3.9905872098266726,0.8093429025551445,0.8400906846886885,0.859751515417816,0.8400906846886885,0.3522518764960731
food_site_radius=300.0000,211,True,False,2.0,1.0,0.28594444444444445,4.070084041686236,0.8580359496220847,0.7985314179973665,0.7747954340163347,0.7747954340163347,0.6772044151567111
food_site_radius=300.0000,212,True,False,2.0,1.0,0.29780555555555555,4.337242709145752,0.9016126315393237,0.8209794967986807,0.712464176980869,0.712464176980869,0.5503941307270122
food_site_radius=300.0000,213,True,False,2.0,1.0,0.28408333333333335,4.070447157288678,0.8771981610374334,0.8586152017771611,0.6921869691131006,0.6921869691131006,0.5014569953646356
food_site_radius=300.0000,214,True,False,2.0,1.0,0.3059444444444444,4.505157350365571,0.9063781267928154,0.8197465166844147,0.7871373958170438,0.7871373958170438,0.5231729892012387
food_site_radius=300.0000,215,True,False,2.0,1.0,0.29813888888888884,4.245123210511328,0.8649906439871781,0.8111165750289808,0.6890151446384898,0.6890151446384898,0.6515401950637777
food_site_radius=300.0000,216,True,False,2.0,1.0,0.25975000000000004,3.6886111527773666,0.8715263422152894,0.7345441022712157,0.6899063520138448,0.6899063520138448,0.33975137001198163
food_site_radius=300.0000,217,True,False,2.0,1.0,0.2773611111111111,3.9060767672439547,0.8289896506799478,0.8318065932075637,0.7562236547976131,0.7562236547976131,0.35314312145703025
food_site_radius=300.0000,218,True,False,2.0,1.0,0.2763333333333333,3.810462400921699,0.8092695125248999,0.7427415511656608,0.6805950650211635,0.6805950650211635,0.5758874394674385
food_site_radius=300.0000,219,True,False,2.0,1.0,0.27466666666666667,3.855557934400232,0.8346353120294576,0.7470587781264016,0.8243724140850581,0.7470587781264016,0.5018403440175467
food_site_radius=300.0000,220,True,False,2.0,1.0,0.28508333333333336,4.073431254298441,0.8750466839918285,0.7878403627393364,0.7288527442592172,0.7288527442592172,0.6689843650365991
food_site_radius=300.0000,221,True,False,2.0,1.0,0.2798611111111111,3.9283273129223106,0.8481629635060289,0.8726517712380154,0.7730405180024023,0.7730405180024023,0.6764986752565825
food_site_radius=300.0000,222,True,False,2.0,1.0,0.3101944444444445,4.5103372935607355,0.882617867877055,0.8995579257195563,0.8539969706132869,0.8539969706132869,0.5961488170210034
food_site_radius=300.0000,223,False,False,0.9269850419344302,0.9269850419344302,0.27155555555555555,3.666355625529138,0.7415880335475442,0.7872407258973398,0.7167732205171333,0.7167732205171333,0.5953410729866102
food_site_radius=300.0000,224,True,False,2.0,1.0,0.27105555555555555,3.8303046201550686,0.8368743537465221,0.7770780568763911,0.6166688212017174,0.6166688212017174,0.52199854671233
food_site_radius=300.0000,225,True,False,2.0,1.0,0.26905555555555555,3.8259594672943025,0.8779103793186068,0.8547954732619584,0.5010927568477057,0.5010927568477057,0.36480610271928315
food_site_radius=300.0000,226,True,False,2.0,1.0,0.28911111111111115,4.125021840957439,0.8524903158358627,0.8613523752429414,0.8316430430018534,0.8316430430018534,0.7675055180505311
food_site_radius=300.0000,227,False,False,0.9959443935487156,0.9959443935487156,0.3035,4.294370092339689,0.7967555148389724,0.8813781904825136,0.7964542948884717,0.7964542948884717,0.5767153321042991
food_site_radius=300.0000,228,True,False,2.0,1.0,0.28530555555555553,4.075281850350042,0.8490979783438173,0.8173756923007454,0.7876549816099749,0.7876549816099749,0.5700801885711734
food_site_radius=300.0000,229,True,False,2.0,1.0,0.26569444444444446,3.717077221252695,0.8457245605758533,0.7894574262308914,0.790269149859551,0.7894574262308914,0.71348782183106
food_site_radius=300.0000,230,False,False,0.852778879041749,0.852778879041749,0.2673888888888889,3.7316531928161583,0.8576484514147591,0.6923618703850437,0.4263894395208745,0.4263894395208745,0.7787146910322277
food_site_radius=300.0000,231,True,False,2.0,1.0,0.297,4.268795459608394,0.8572340573811899,0.8848837580489204,0.7899603246767245,0.7899603246767245,0.7757316515346724
food_site_radius=300.0000,232,True,False,2.0,1.0,0.2635277777777778,3.7382127982228086,0.8473096479666062,0.8331494127975648,0.7483598303497054,0.7483598303497054,0.6004372916272358
food_site_radius=300.0000,233,True,False,2.0,1.0,0.25905555555555554,3.649209904891008,0.8508331795928612,0.7967242850735645,0.7063491569991699,0.7063491569991699,0.6688914713261979
food_site_radius=300.0000,234,True,False,2.0,1.0,0.2873611111111111,4.121148387080216,0.8632395193033848,0.8651203021330314,0.7032161275405937,0.7032161275405937,0.5968537859927981
food_site_radius=300.0000,235,True,False,2.0,1.0,0.2624444444444444,3.652932398644609,0.8288096804274729,0.7972680519761686,0.6051413901276509,0.6051413901276509,0.37306587505793487
food_site_radius=300.0000,236,True,False,2.0,1.0,0.28725,4.093627156561035,0.8530210668105681,0.8137397653931036,0.7090482668548421,0.7090482668548421,0.4797185563948573
food_site_radius=300.0000,237,True,False,2.0,1.0,0.28794444444444445,4.129492160515795,0.8854840554616125,0.7248912463374315,0.6044807134025221,0.6044807134025221,0.5330893523226008
food_site_radius=300.0000,238,True,False,2.0,1.0,0.2821388888888889,4.077366512872678,0.8985607429903081,0.7994721604053316,0.7091680020811689,0.7091680020811689,0.3817707165649951
food_site_radius=300.0000,239,True,False,2.0,1.0,0.2675,3.7052862666797997,0.818503481899041,0.7564170843493598,0.7690879802656159,0.7564170843493598,0.34227795132010336
food_site_radius=300.0000,240,False,False,0.9678626045240333,0.9678626045240333,0.29044444444444445,4.004259829317742,0.7742900836192267,0.7871627861397287,0.7891394945759982,0.7871627861397287,0.46805353958554247
food_site_radius=300.0000,241,True,False,2.0,1.0,0.27758333333333335,3.911862468292691,0.8325830653969087,0.8071818583735073,0.8261574653485995,0.8071818583735073,0.6449814741558506
food_site_radius=300.0000,242,True,False,2.0,1.0,0.2781388888888889,3.8982874781887387,0.8325798889462496,0.8107371291702211,0.6475265101805754,0.6475265101805754,0.4375926501620837
food_site_radius=300.0000,243,True,False,2.0,1.0,0.28863888888888883,4.172698414221111,0.8815987731029787,0.8424922104778338,0.7065603886287104,0.7065603886287104,0.6681367457001988
food_site_radius=300.0000,244,True,False,2.0,1.0,0.26758333333333334,3.802166831443284,0.8648131601885031,0.8402751829437939,0.7888270666596394,0.7888270666596394,0.3975261097181427
food_site_radius=300.0000,245,True,False,2.0,1.0,0.28752777777777777,4.102362836183083,0.8561873303497342,0.8162008319547743,0.854538724391094,0.8162008319547743,0.37583568262332584
food_site_radius=300.0000,246,True,False,2.0,1.0,0.29608333333333337,4.270274232279703,0.8691552155411667,0.8583225246619824,0.8341568347025997,0.8341568347025997,0.5563035108126246
food_site_radius=300.0000,247,True,False,2.0,1.0,0.2588611111111111,3.661853704095035,0.8692649673478959,0.7937187514648989,0.5969161423806761,0.5969161423806761,0.2773860580509678
food_site_radius=300.0000,248,True,False,2.0,1.0,0.2752222222222222,3.8047755012122604,0.8130772438507043,0.7456813403360548,0.6978794933591448,0.6978794933591448,0.31645337065393425
food_site_radius=300.0000,249,True,False,2.0,1.0,0.2783055555555556,3.906683780015524,0.8381409288436233,0.7630754359485529,0.7386291515731053,0.7386291515731053,0.4651790707347351
food_site_radius=300.0000,250,True,False,2.0,1.0,0.2755555555555556,3.9688187914147743,0.8875686186428983,0.8274184759427704,0.7203705534384708,0.7203705534384708,0.5606904787377107
food_site_radius=300.0000,251,True,False,2.0,1.0,0.28127777777777774,4.058884332112416,0.8923605750760821,0.8454226121864108,0.6480766785081825,0.6480766785081825,0.49805200807419997
food_site_radius=300.0000,252,True,False,2.0,1.0,0.2783055555555556,3.895866677565246,0.8296833964973359,0.7473898585277771,0.5439320747616776,0.5439320747616776,0.5445275712872594
food_site_radius=300.0000,253,False,False,0.9772393995181157,0.9772393995181157,0.27419444444444446,3.7472774641773796,0.7817915196144926,0.7898405622455532,0.6998261848680759,0.6998261848680759,0.735184881585654
food_site_radius=300.0000,254,True,False,2.0,1.0,0.2880555555555555,4.022934787913095,0.8093979814717714,0.8327074109083338,0.7782628733696643,0.7782628733696643,0.641077345281911
food_site_radius=300.0000,255,False,False,0.9997623396038625,0.9997623396038625,0.27655555555555555,3.8265606300116684,0.79980987168309,0.8197210878967263,0.7968199009202835,0.7968199009202835,0.5747537375866659
food_site_radius=300.0000,256,True,False,2.0,1.0,0.27677777777777773,3.961666611750461,0.8664664749897102,0.8561494847417962,0.7282646040916697,0.7282646040916697,0.6796760397355681
food_site_radius=300.0000,257,True,False,2.0,1.0,0.2741111111111111,3.9504869409177914,0.8837928554375146,0.8393699827278844,0.696208325590253,0.696208325590253,0.23051103200707163
food_site_radius=300.0000,258,True,False,2.0,1.0,0.2535,3.5812137585548287,0.8777697025175056,0.7707603420445287,0.603899805360363,0.603899805360363,0.44232164440208316
food_site_radius=300.0000,259,False,False,0.9766292816647495,0.9766292816647495,0.28336111111111106,3.929104097446653,0.7813034253317996,0.754069918024389,0.670434318614633,0.670434318614633,0.5278419209013163
food_site_radius=300.0000,260,True,False,2.0,1.0,0.29175,4.164694648619592,0.8722599286818302,0.869938386048093,0.7494534109914877,0.7494534109914877,0.6910870717410039
food_site_radius=300.0000,261,True,False,2.0,1.0,0.2519166666666667,3.4854937949564615,0.8481127929868766,0.6959029234714978,0.6894534727955381,0.6894534727955381,0.5828227070186435
food_site_radius=300.0000,262,True,False,2.0,1.0,0.26230555555555557,3.638197856473361,0.8292354419124284,0.708913482891967,0.6952034246493657,0.6952034246493657,0.6456377722972432
food_site_radius=300.0000,263,True,False,2.0,1.0,0.27505555555555555,3.8333878172616194,0.8042342966902521,0.7822578845474671,0.7992825756798535,0.7822578845474671,0.7153453430134481
food_site_radius=300.0000,264,True,False,2.0,1.0,0.2871944444444444,4.077077602093698,0.8412937664919103,0.7942560460083992,0.7667346911242073,0.7667346911242073,0.6497471009150158
food_site_radius=300.0000,265,True,False,2.0,1.0,0.2755,3.897394235970808,0.8682267037822344,0.787321874039988,0.6016057534191049,0.6016057534191049,0.6774952136042016
food_site_radius=300.0000,266,True,False,2.0,1.0,0.2966666666666667,4.195087766626679,0.8169129667422849,0.9007288183878341,0.8399595468821512,0.8399595468821512,0.5523236093087808
food_site_radius=300.0000,267,True,False,2.0,1.0,0.2746944444444444,3.873574027526085,0.8631176434635013,0.7705700856002937,0.8677245219493195,0.7705700856002937,0.6595967986989074
food_site_radius=300.0000,268,True,False,2.0,1.0,0.25713888888888886,3.5971581105661388,0.8531889426910393,0.8628229677460255,0.7206525439289977,0.7206525439289977,0.4726724838940851
food_site_radius=300.0000,269,True,False,2.0,1.0,0.27775,3.9313960718821304,0.8467015203383809,0.8453334800352195,0.8434998487384102,0.8434998487384102,0.6088956556724145
food_site_radius=300.0000,270,True,False,2.0,1.0,0.2817222222222222,4.054487559166675,0.8747962817619748,0.8377867586038461,0.7968005027561437,0.7968005027561437,0.6180483591984394
food_site_radius=300.0000,271,True,False,2.0,1.0,0.27466666666666667,3.918964209108545,0.8744294474494791,0.7437039176468527,0.6697634494800582,0.6697634494800582,0.61348422083436
food_site_radius=300.0000,272,True,False,2.0,1.0,0.2987222222222222,4.2698402544471925,0.8523830631119798,0.7905078372944948,0.8155554640220053,0.7905078372944948,0.46098231991334954
food_site_radius=300.0000,273,True,False,2.0,1.0,0.29538888888888887,4.286192907948264,0.9085000811933716,0.8146609857756998,0.7522290657776599,0.7522290657776599,0.6781270725808873
food_site_radius=300.0000,274,True,False,2.0,1.0,0.2966666666666667,4.241479982491025,0.8499791857261033,0.8346854581599363,0.8197537860148515,0.8197537860148515,0.596604970775519
food_site_radius=300.0000,275,True,False,2.0,1.0,0.2926944444444445,4.181882082874085,0.8403086961278595,0.8370169415981614,0.8173485715834558,0.8173485715834558,0.5032129971826416
food_site_radius=300.0000,276,True,False,2.0,1.0,0.29286111111111107,4.228352474635394,0.8786635788624824,0.858295959070256,0.8204446316339734,0.8204446316339734,0.6255742255128028
food_site_radius=300.0000,277,False,False,0.972669719423105,0.972669719423105,0.2803333333333333,3.8523799424765888,0.778135775538484,0.8322741246617208,0.841036207625682,0.8322741246617208,0.5755682091596716
food_site_radius=300.0000,278,True,False,2.0,1.0,0.28049999999999997,3.9694924740701083,0.8434618779022601,0.8093892396298231,0.7325867747073713,0.7325867747073713,0.3398758784530316
food_site_radius=300.0000,279,True,False,2.0,1.0,0.2926944444444445,4.17178748178139,0.8454078075000999,0.8696221296042997,0.8384948281131809,0.8384948281131809,0.5453719516642065
food_site_radius=300.0000,280,True,False,2.0,1.0,0.2776111111111111,3.972183644932484,0.869977796124975,0.8280402587118143,0.6009537044453206,0.6009537044453206,0.2840156939678691
food_site_radius=300.0000,281,True,False,2.0,1.0,0.3065555555555556,4.4416145034243755,0.8702931753068109,0.8449062586795876,0.7333364657985774,0.7333364657985774,0.650522551433729
food_site_radius=300.0000,282,True,False,2.0,1.0,0.28794444444444445,4.098511212510276,0.8663701281445402,0.8259587383575165,0.8261602230904833,0.8259587383575165,0.6000849566642535
food_site_radius=300.0000,283,True,False,2.0,1.0,0.2851666666666667,4.123590762413362,0.8981783133316068,0.8481659648091816,0.6646576536970947,0.6646576536970947,0.5462060112435282
food_site_radius=300.0000,284,True,False,2.0,1.0,0.2875833333333333,4.111447846696746,0.859943582941608,0.8620708804867836,0.8223547052540067,0.8223547052540067,0.3738833515564158
food_site_radius=300.0000,285,True,False,2.0,1.0,0.28319444444444447,4.07629131468894,0.891808558430208,0.8176690492564407,0.5570916437035442,0.5570916437035442,0.8463812311400567
food_site_radius=300.0000,286,True,False,2.0,1.0,0.28911111111111115,4.100196932962338,0.8468429788625839,0.8168130920672035,0.6733854277770738,0.6733854277770738,0.5849442478813446
food_site_radius=300.0000,287,True,False,2.0,1.0,0.2777777777777778,3.985067755694614,0.9001873616547641,0.7678203584192302,0.5656434079363827,0.5656434079363827,0.5249966261615808
food_site_radius=300.0000,288,True,False,2.0,1.0,0.25855555555555554,3.5801948954743166,0.8317841470188624,0.691590003324161,0.6873687570342192,0.6873687570342192,0.6455861665079264
food_site_radius=300.0000,289,True,False,2.0,1.0,0.26719444444444446,3.7561006464788993,0.8476718026929989,0.7720666411725272,0.7194440918447419,0.7194440918447419,0.40297155939100304
food_site_radius=300.0000,290,True,False,2.0,1.0,0.2842777777777778,4.005563790208282,0.8194298908133413,0.8209684059419051,0.7209653314197737,0.7209653314197737,0.573584731512593
food_site_radius=300.0000,291,True,False,2.0,1.0,0.28158333333333335,3.9317861067336684,0.8111654454876795,0.8343435789183304,0.8545433524492095,0.8343435789183304,0.6579419340743689
food_site_radius=300.0000,292,True,False,2.0,1.0,0.26666666666666666,3.7953170433983505,0.8528643061618221,0.8100695996962758,0.6546177024037483,0.6546177024037483,0.6220609916190415
food_site_radius=300.0000,293,True,False,2.0,1.0,0.27544444444444444,3.8868832994143703,0.862935825710527,0.7816995896193057,0.767303608238379,0.767303608238379,0.6038337733159914
food_site_radius=300.0000,294,True,False,2.0,1.0,0.28469444444444447,4.01550703961697,0.8281853091649761,0.820477022236864,0.8390303992576925,0.820477022236864,0.7297292834514106
food_site_radius=300.0000,295,True,False,2.0,1.0,0.2743333333333334,3.8780203639612827,0.8667031925360429,0.8519599037092083,0.5037507272853998,0.5037507272853998,0.7261802176147868
food_site_radius=300.0000,296,True,False,2.0,1.0,0.27899999999999997,4.004401385251166,0.872815634916289,0.7330181856457136,0.6190098327835775,0.6190098327835775,0.48966198505693403
food_site_radius=300.0000,297,True,False,2.0,1.0,0.27666666666666667,3.9508618234953583,0.8849404818313793,0.8392603582790197,0.6461696710554456,0.6461696710554456,0.6124045216000368
food_site_radius=300.0000,298,False,False,0.9926313151685501,0.9926313151685501,0.2932222222222222,4.091481358622371,0.7941050521348401,0.8432756001772345,0.8405235636073861,0.8405235636073861,0.7085500075895056
food_site_radius=300.0000,299,True,False,2.0,1.0,0.29741666666666666,4.3151622642178085,0.8896822005608965,0.8754134584900676,0.8084853230103219,0.8084853230103219,0.6412742063827538
food_site_radius=360.0000,200,False,False,0.9841210100849187,0.9841210100849187,0.3255,4.6577664099654505,0.787296808067935,0.7215099669854051,0.7278348966000323,0.7215099669854051,0.7114231735668104
food_site_radius=360.0000,201,True,False,2.0,1.0,0.34522222222222226,5.181469578248755,0.8824562224207274,0.8419578463480767,0.6962236326260215,0.6962236326260215,0.7022842081066155
food_site_radius=360.0000,202,True,False,2.0,1.0,0.33516666666666667,5.001773645907054,0.8961220174994899,0.7735685291777014,0.623081835753007,0.623081835753007,0.5976650033420364
food_site_radius=360.0000,203,True,False,2.0,1.0,0.3180277777777778,4.715029548501494,0.8898236160587222,0.839019753626415,0.5324040534458746,0.5324040534458746,0.28920074780513494
food_site_radius=360.0000,204,True,False,2.0,1.0,0.3372777777777778,5.051679967036767,0.8910533850328132,0.7912815998501155,0.6678840026991397,0.6678840026991397,0.39318149511517153
food_site_radius=360.0000,205,True,False,2.0,1.0,0.3145555555555556,4.581686757794415,0.83986371607851,0.7759098842244275,0.6267236101798438,0.6267236101798438,0.7161973144379715
food_site_radius=360.0000,206,True,False,2.0,1.0,0.33519444444444446,5.057121083259077,0.8878765990017918,0.8162148845297236,0.8701326258046477,0.8162148845297236,0.6376257095427768
food_site_radius=360.0000,207,True,False,2.0,1.0,0.32380555555555557,4.846702175949281,0.8839890419628903,0.8006505096545701,0.6812549597355951,0.6812549597355951,0.26080146385578973
food_site_radius=360.0000,208,True,False,2.0,1.0,0.32347222222222227,4.796715975265108,0.8827575606620212,0.8232931965630584,0.5585261635448934,0.5585261635448934,0.6452176821953327
food_site_radius=360.0000,209,True,False,2.0,1.0,0.3423888888888889,5.059373541620247,0.852459458144964,0.823497865599243,0.8011190858126805,0.8011190858126805,0.5847238668740004
food_site_radius=360.0000,210,True,False,2.0,1.0,0.34833333333333333,5.17589872147806,0.8464774055650793,0.8628884223926545,0.7883140531631531,0.7883140531631531,0.4357225802337591
food_site_radius=360.0000,211,True,False,2.0,1.0,0.3310277777777778,4.893641423399156,0.8651378293754445,0.7848972134874092,0.805547189110371,0.7848972134874092,0.6181461580223222
food_site_radius=360.0000,212,True,False,2.0,1.0,0.3290277777777778,4.809690589033645,0.8473807225110669,0.7467666325112438,0.7390010788572543,0.7390010788572543,0.4890547164192061
food_site_radius=360.0000,213,True,False,2.0,1.0,0.34005555555555556,5.062162738508895,0.8560773770921846,0.845687685935183,0.8144927491972794,0.8144927491972794,0.40951916376386877
food_site_radius=360.0000,214,True,False,2.0,1.0,0.3423888888888889,5.095094541569295,0.8632495677025352,0.8341428047166541,0.7328646712783916,0.7328646712783916,0.5565017185536998
food_site_radius=360.0000,215,True,False,2.0,1.0,0.31858333333333333,4.64566400524741,0.8470027923055264,0.707690531885279,0.6969999603441127,0.6969999603441127,0.37652139959768116
food_site_radius=360.0000,216,True,False,2.0,1.0,0.35102777777777777,5.274685862332233,0.8718634173236252,0.8985927342418781,0.8760841779242245,0.8760841779242245,0.4312665747192251
food_site_radius=360.0000,217,True,False,2.0,1.0,0.32825,4.789476288068334,0.8276139834196136,0.7791842803391832,0.8073825868058967,0.7791842803391832,0.3906698108570946
food_site_radius=360.0000,218,True,False,2.0,1.0,0.3359166666666667,4.973556800087777,0.8473374255316444,0.7971022867106281,0.7530834290647206,0.7530834290647206,0.49001184751870003
food_site_radius=360.0000,219,True,False,2.0,1.0,0.32016666666666665,4.6692115113039465,0.8130291606507228,0.7036559456495028,0.7456759341777949,0.7036559456495028,0.4592897859369735
food_site_radius=360.0000,220,False,False,0.9924442622001961,0.9924442622001961,0.33041666666666664,4.792183626511471,0.7939554097601569,0.7962760721283074,0.8115747305606674,0.7962760721283074,0.7285665407636354
food_site_radius=360.0000,221,True,False,2.0,1.0,0.36725,5.537177004615757,0.8720086370309666,0.8744449171685458,0.8512211152487797,0.8512211152487797,0.8503162988591514
food_site_radius=360.0000,222,True,False,2.0,1.0,0.34480555555555553,5.133865108229782,0.8647228782584147,0.7548715238835142,0.7722480354950612,0.7548715238835142,0.37926822482091593
food_site_radius=360.0000,223,True,False,2.0,1.0,0.3484166666666667,5.121706397441012,0.8321640869875218,0.8439388311958195,0.8495140140262597,0.8439388311958195,0.623117469293359
food_site_radius=360.0000,224,False,False,0.8268706693904017,0.8268706693904017,0.31016666666666665,4.172331437747414,0.6614965355123213,0.7599299394017051,0.7783366763554938,0.7599299394017051,0.6609070209922365
food_site_radius=360.0000,225,True,False,2.0,1.0,0.34030555555555553,4.977679227238133,0.8104424880450416,0.8546562478974135,0.7855870888960117,0.7855870888960117,0.4593237274899966
food_site_radius=360.0000,226,True,False,2.0,1.0,0.3469166666666667,5.2571976136309955,0.8911196180852409,0.8095178937084834,0.7460476998674689,0.7460476998674689,0.46829643843046864
food_site_radius=360.0000,227,True,False,2.0,1.0,0.33399999999999996,4.96646461935801,0.8663186237360161,0.8033027819619967,0.7799517054908712,0.7799517054908712,0.6339720133160766
food_site_radius=360.0000,228,True,False,2.0,1.0,0.32630555555555557,4.787163497509836,0.8250080196499064,0.778667567483006,0.6454969811165319,0.6454969811165319,0.5748281699100116
food_site_radius=360.0000,229,False,False,0.9943122413846145,0.9943122413846145,0.33161111111111113,4.7776655580525045,0.7954497931076916,0.8619538093952823,0.7486720054413307,0.7486720054413307,0.5971141806189678
food_site_radius=360.0000,230,True,False,2.0,1.0,0.3209722222222222,4.743342448685087,0.8673677033287297,0.793315187199458,0.6842742822780575,0.6842742822780575,0.503311310341648
food_site_radius=360.0000,231,True,False,2.0,1.0,0.3408333333333333,5.045895485917696,0.8211351278493192,0.8123995139484038,0.8304395626937047,0.8123995139484038,0.22997018009455256
food_site_radius=360.0000,232,True,False,2.0,1.0,0.36300000000000004,5.446950812392853,0.8601772038223519,0.8389174509665023,0.7657002520260422,0.7657002520260422,0.22154067940115849
food_site_radius=360.0000,233,False,False,0.3851229274089213,0.3851229274089213,0.3192222222222222,4.016633249847658,0.5209425686854928,0.19256146370446064,0.24742254237688663,0.19256146370446064,0.7033769226263352
food_site_radius=360.0000,234,True,False,2.0,1.0,0.3213888888888889,4.737178841066365,0.8586458400758652,0.7686293629765804,0.819270735881025,0.7686293629765804,0.3390633986442709
food_site_radius=360.0000,235,True,False,2.0,1.0,0.30033333333333334,4.387961247247372,0.8225344726233463,0.788463091234549,0.7130867547472309,0.7130867547472309,0.2681157843729562
food_site_radius=360.0000,236,True,False,2.0,1.0,0.33794444444444444,5.001564053498872,0.8604806704882298,0.7608606021013877,0.6346229538357575,0.6346229538357575,0.7316914697995796
food_site_radius=360.0000,237,True,False,2.0,1.0,0.31975,4.60263507843797,0.8200961032036089,0.732454260486054,0.504524138825849,0.504524138825849,0.43435467184142007
food_site_radius=360.0000,238,True,False,2.0,1.0,0.3200277777777778,4.6714549311009215,0.8093768580333898,0.7936755999642758,0.7806347081126326,0.7806347081126326,0.4522259161499215
food_site_radius=360.0000,239,True,False,2.0,1.0,0.33744444444444444,4.9283652279559265,0.8148596459784827,0.825592211957284,0.6796039511746373,0.6796039511746373,0.7801192093407585
food_site_radius=360.0000,240,True,False,2.0,1.0,0.3428888888888889,5.092554056980757,0.8499831903487942,0.8429755971303085,0.7687957702686911,0.7687957702686911,0.2744312041765314
food_site_radius=360.0000,241,True,False,2.0,1.0,0.3185277777777778,4.689887230888506,0.846083546605874,0.7445420611711293,0.8090195581907288,0.7445420611711293,0.32800962536836303
food_site_radius=360.0000,242,True,False,2.0,1.0,0.3700833333333334,5.651904215054159,0.91710594408234,0.8641358808288576,0.7270616317760522,0.7270616317760522,0.8293820177857102
food_site_radius=360.0000,243,True,False,2.0,1.0,0.35480555555555554,5.2564965008495745,0.8270697458778823,0.8778838603029655,0.7739931336345612,0.7739931336345612,0.7969554776718618
food_site_radius=360.0000,244,True,False,2.0,1.0,0.32925,4.879985002635281,0.8521587623497437,0.8061069426322003,0.7184202757184204,0.7184202757184204,0.2701809996600448
food_site_radius=360.0000,245,True,False,2.0,1.0,0.3378888888888889,4.987323659405873,0.8283560381657679,0.8589567950235608,0.8102242253388686,0.8102242253388686,0.6918895891787943
food_site_radius=360.0000,246,True,False,2.0,1.0,0.361,5.4009401878404475,0.8617132396728434,0.8163346167515796,0.7710531075104828,0.7710531075104828,0.6202702758615729
food_site_radius=360.0000,247,True,False,2.0,1.0,0.3641666666666667,5.501169091175014,0.8761563960511966,0.8383412687244679,0.7926097164714195,0.7926097164714195,0.4074442691688447
food_site_radius=360.0000,248,True,False,2.0,1.0,0.3333611111111111,5.017788854182874,0.9009315048003883,0.7873162290833517,0.7278989034525393,0.7278989034525393,0.6548233614889799
food_site_radius=360.0000,249,True,False,2.0,1.0,0.33997222222222223,5.037994824437194,0.86392620051171,0.7799431599241734,0.7466759779386742,0.7466759779386742,0.6270911530975223
food_site_radius=360.0000,250,True,False,2.0,1.0,0.3416111111111111,5.051889645649022,0.8576820211740582,0.8360504809000905,0.6746093150392508,0.6746093150392508,0.597483176339633
food_site_radius=360.0000,251,True,False,2.0,1.0,0.3560833333333333,5.273087064138637,0.8441851147891246,0.8726288108669507,0.730256523489566,0.730256523489566,0.5006642168711537
food_site_radius=360.0000,252,True,False,2.0,1.0,0.34797222222222224,5.265009947062696,0.8933885801260165,0.8037347345131033,0.7904719986595217,0.7904719986595217,0.5372410990145894
food_site_radius=360.0000,253,False,False,0.9773322459004419,0.9773322459004419,0.3457777777777778,5.00260633643018,0.7818657967203535,0.880533331781629,0.760696021063806,0.760696021063806,0.5834098935674376
food_site_radius=360.0000,254,True,False,2.0,1.0,0.3520277777777778,5.164336896592378,0.8325771015012134,0.7623365201950689,0.7949711787726419,0.7623365201950689,0.6065949579974858
food_site_radius=360.0000,255,True,False,2.0,1.0,0.3423333333333333,5.11545216409761,0.8793533470016083,0.8407688702034284,0.8102347483206632,0.8102347483206632,0.7322708964127342
food_site_radius=360.0000,256,True,False,2.0,1.0,0.3383055555555555,4.9205164638581085,0.8007832296219093,0.8172300953676837,0.8427279395072976,0.8172300953676837,0.4724214274302911
food_site_radius=360.0000,257,True,False,2.0,1.0,0.35236111111111107,5.313139364635335,0.8763269665629323,0.9200285686532624,0.7839687247474956,0.7839687247474956,0.5076137469236303
food_site_radius=360.0000,258,True,False,2.0,1.0,0.3555555555555555,5.365916739416127,0.8870342710386956,0.7829120366354945,0.80140954456487,0.7829120366354945,0.7253872939672192
food_site_radius=360.0000,259,True,False,2.0,1.0,0.328,4.895324450207613,0.8733109209233447,0.8123826170154779,0.7513519800335027,0.7513519800335027,0.590657610944904
food_site_radius=360.0000,260,True,False,2.0,1.0,0.3490555555555555,5.155717109386106,0.8276355856289602,0.8497207260058189,0.8518392465579261,0.8497207260058189,0.5716362277730449
food_site_radius=360.0000,261,True,False,2.0,1.0,0.34491666666666665,5.189719828598863,0.8887112837567253,0.7818868944001497,0.8611975508303904,0.7818868944001497,0.44789987315603136
food_site_radius=360.0000,262,True,False,2.0,1.0,0.3503055555555556,5.202993983370075,0.8488593960774435,0.8597233528172036,0.8054487481525362,0.8054487481525362,0.3791048893228188
food_site_radius=360.0000,263,True,False,2.0,1.0,0.34400000000000003,5.115876941375589,0.8501975773972936,0.8567356492874948,0.8162084501438828,0.8162084501438828,0.6443161447948048
food_site_radius=360.0000,264,True,False,2.0,1.0,0.3411388888888889,4.9760094883956185,0.8073660036984198,0.8677281657025039,0.6527186403041011,0.6527186403041011,0.453165025148051
food_site_radius=360.0000,265,True,False,2.0,1.0,0.33075,5.034909723495376,0.9215548765904266,0.7990515828119391,0.6887282825341257,0.6887282825341257,0.3551930332270362
food_site_radius=360.0000,266,True,False,2.0,1.0,0.32719444444444445,4.8120638712710795,0.8578302165849228,0.773684090837664,0.7644714149774502,0.7644714149774502,0.45026109491902344
food_site_radius=360.0000,267,True,False,2.0,1.0,0.32230555555555557,4.660901432700543,0.8119047158070969,0.7467191498352547,0.704494816840803,0.704494816840803,0.5938336191705358
food_site_radius=360.0000,268,True,False,2.0,1.0,0.3600555555555555,5.319262073080197,0.8287804823231947,0.858093532416216,0.8434883288924868,0.8434883288924868,0.6258999634888701
food_site_radius=360.0000,269,True,False,2.0,1.0,0.31833333333333336,4.733582518537981,0.895325388461449,0.776296483050573,0.6097552430751461,0.6097552430751461,0.4706745463329028
food_site_radius=360.0000,270,True,False,2.0,1.0,0.3332222222222222,4.937884774288133,0.8500857371941526,0.7634694287205455,0.7758780863152716,0.7634694287205455,0.6591973243469224
food_site_radius=360.0000,271,True,False,2.0,1.0,0.3166111111111111,4.675045372955009,0.8470015316094608,0.8295707885588358,0.8374722079008612,0.8295707885588358,0.4805732343366031
food_site_radius=360.0000,272,True,False,2.0,1.0,0.3388055555555555,4.922946160885988,0.8074250343126491,0.7415809006675396,0.6987831606749085,0.6987831606749085,0.27992687323236803
food_site_radius=360.0000,273,True,False,2.0,1.0,0.35488888888888886,5.350190681831553,0.8801182790741766,0.8083569585508233,0.7289645642494251,0.7289645642494251,0.6414990900617877
food_site_radius=360.0000,274,True,False,2.0,1.0,0.3401111111111111,5.080307500389641,0.8826655939295645,0.8029466715028085,0.632130688191641,0.632130688191641,0.38028335473055047
food_site_radius=360.0000,275,False,False,0.27154704563103865,0.27154704563103865,0.3237777777777778,3.931968634074194,0.4160620121526108,0.13577352281551933,0.1816736769147898,0.13577352281551933,0.5397252865836482
food_site_radius=360.0000,276,True,False,2.0,1.0,0.3276388888888889,4.8988915244910505,0.8777916088459887,0.7751758133151688,0.712693034693583,0.712693034693583,0.4115585848442229
food_site_radius=360.0000,277,True,False,2.0,1.0,0.33394444444444443,4.906125356187581,0.8306776222206905,0.8115284735502579,0.7682820285932043,0.7682820285932043,0.6335971796393254
food_site_radius=360.0000,278,True,False,2.0,1.0,0.33991666666666664,5.132081927027136,0.8946530402115624,0.7850385861142513,0.7016903429280357,0.7016903429280357,0.6397086135345746
food_site_radius=360.0000,279,True,False,2.0,1.0,0.3402777777777778,5.100616481969879,0.8810981172213276,0.760559715140216,0.7641449772260983,0.760559715140216,0.3839399139934122
food_site_radius=360.0000,280,True,False,2.0,1.0,0.3353611111111111,5.012291856359227,0.8597940800040793,0.8191250231631841,0.7052229485694315,0.7052229485694315,0.4888931445443182
food_site_radius=360.0000,281,True,False,2.0,1.0,0.3587222222222222,5.345375461389138,0.8339709553666839,0.8637805512989362,0.8682941719643564,0.8637805512989362,0.46915376287995664
food_site_radius=360.0000,282,True,False,2.0,1.0,0.3396666666666667,5.0150006803506075,0.8456397484329393,0.7802213427362866,0.903267015358115,0.7802213427362866,0.3526852670054369
food_site_radius=360.0000,283,True,False,2.0,1.0,0.34372222222222226,5.129210948690324,0.8689468776708237,0.7695587078194387,0.7782240821813942,0.7695587078194387,0.6581010073330873
food_site_radius=360.0000,284,True,False,2.0,1.0,0.3435833333333333,5.12250877939627,0.8498537662223882,0.8168370584597394,0.8501804432403954,0.8168370584597394,0.5315326073394643
food_site_radius=360.0000,285,True,False,2.0,1.0,0.35541666666666666,5.369172228947175,0.884581716512264,0.8121990135619955,0.7978666211462854,0.7978666211462854,0.6475154658253179
food_site_radius=360.0000,286,True,False,2.0,1.0,0.35350000000000004,5.294004321819124,0.8758945273761151,0.7808150259480288,0.7947119822186018,0.7808150259480288,0.5557015344987116
food_site_radius=360.0000,287,True,False,2.0,1.0,0.3526111111111111,5.310081938957265,0.8592785576140602,0.8491159728762554,0.7490648021248743,0.7490648021248743,0.6327783818502141
food_site_radius=360.0000,288,True,False,2.0,1.0,0.3353055555555555,4.883235847146372,0.8167949771252876,0.8138220309977382,0.8233621906492432,0.8138220309977382,0.7106495090251816
food_site_radius=360.0000,289,True,False,2.0,1.0,0.30447222222222226,4.468024106162656,0.854828026368215,0.7442280500844786,0.5978715012773039,0.5978715012773039,0.31782005994666845
food_site_radius=360.0000,290,True,False,2.0,1.0,0.3515,5.2583977454625765,0.8660510642280007,0.7684137673797294,0.8245739170238819,0.7684137673797294,0.2640958292073591
food_site_radius=360.0000,291,True,False,2.0,1.0,0.35638888888888887,5.394924431877474,0.8671998045169769,0.8668570536617451,0.8368181678873549,0.8368181678873549,0.4435220283948602
food_site_radius=360.0000,292,True,False,2.0,1.0,0.3734166666666667,5.663965316334186,0.877337127614618,0.9112167282268432,0.7619890965484575,0.7619890965484575,0.502858787124786
food_site_radius=360.0000,293,True,False,2.0,1.0,0.3263333333333333,4.885656722805807,0.8830054015486289,0.7941687251120115,0.721933029558284,0.721933029558284,0.43760842434816716
food_site_radius=360.0000,294,True,False,2.0,1.0,0.35133333333333333,5.118101049594444,0.8135406979200958,0.8236687398669051,0.7652365976279374,0.7652365976279374,0.7452814105143796
food_site_radius=360.0000,295,True,False,2.0,1.0,0.3288888888888889,4.836169554719635,0.851973276850154,0.817268611549857,0.5185470622862723,0.5185470622862723,0.304325420263436
food_site_radius=360.0000,296,True,False,2.0,1.0,0.3591944444444444,5.540096201793213,0.9226113682973353,0.8810039904899167,0.8370969807503905,0.8370969807503905,0.3295300359874499
food_site_radius=360.0000,297,True,False,2.0,1.0,0.32063888888888886,4.636245778596202,0.8172288125858669,0.7704446314649176,0.5165074633326024,0.5165074633326024,0.563563399154978
food_site_radius=360.0000,298,True,False,2.0,1.0,0.3398333333333333,5.090852264058139,0.8638347336619066,0.8330027533137032,0.7790425919742727,0.7790425919742727,0.4684208644094147
food_site_radius=360.0000,299,True,False,2.0,1.0,0.34752777777777777,5.170105897170514,0.8549766072685743,0.8600895531404624,0.729947179335436,0.729947179335436,0.5324263579804921
food_site_capacity=1,200,True,False,2.0,1.0,0.2931666666666667,4.235800309814688,0.8525213335432901,0.6920151990345396,0.6347247639594208,0.6347247639594208,0.44221796898243837
food_site_capacity=1,201,True,False,2.0,1.0,0.3086944444444445,4.549939311920292,0.8742999949598108,0.8386902797610255,0.7886791023170491,0.7886791023170491,0.35656631548423956
food_site_capacity=1,202,True,False,2.0,1.0,0.3174722222222222,4.573534561789992,0.8121118374909366,0.7839056988477264,0.762870091245795,0.762870091245795,0.30618781770240855
food_site_capacity=1,203,True,False,2.0,1.0,0.3150277777777778,4.551830407310416,0.835842720415444,0.8327996584072211,0.8481008743112249,0.8327996584072211,0.6104751564078061
food_site_capacity=1,204,True,False,2.0,1.0,0.32375000000000004,4.877770691385602,0.9081029940730135,0.8753842554533112,0.7416253619528419,0.7416253619528419,0.20461887614846216
food_site_capacity=1,205,True,False,2.0,1.0,0.3326388888888889,4.909445436399152,0.8553527381077705,0.8409840360857288,0.8422422177334795,0.8409840360857288,0.5945393385847335
food_site_capacity=1,206,True,False,2.0,1.0,0.30522222222222223,4.489995242597476,0.8790241157287454,0.8491099242122623,0.7760830717157304,0.7760830717157304,0.6859999246510259
food_site_capacity=1,207,True,False,2.0,1.0,0.3133888888888889,4.611002417552211,0.8801579388334396,0.82091427526683,0.7586757939081183,0.7586757939081183,0.7629402626507343
food_site_capacity=1,208,True,False,2.0,1.0,0.3238333333333333,4.82867780234067,0.8922244716828632,0.8348707916809787,0.7010180969446488,0.7010180969446488,0.6542373107925528
food_site_capacity=1,209,True,False,2.0,1.0,0.30574999999999997,4.39688943293815,0.8268587789516528,0.7260523261538395,0.7945853661218071,0.7260523261538395,0.5344239862247516
food_site_capacity=1,210,True,False,2.0,1.0,0.3016111111111111,4.313289990901031,0.814920211522591,0.8474559101002026,0.8052380611034865,0.8052380611034865,0.6009952931749581
food_site_capacity=1,211,True,False,2.0,1.0,0.33825000000000005,5.057762905171172,0.8855446219739755,0.862329599646792,0.8198172777770605,0.8198172777770605,0.6362425232335834
food_site_capacity=1,212,True,False,2.0,1.0,0.3011111111111111,4.446031281383222,0.8822359234432399,0.7014591778330748,0.743060560502044,0.7014591778330748,0.3825438503752275
food_site_capacity=1,213,True,False,2.0,1.0,0.3304444444444445,4.939450712232291,0.8951216333367131,0.8348556723777739,0.6983321393461253,0.6983321393461253,0.669267874414029
food_site_capacity=1,214,True,False,2.0,1.0,0.29225,4.258757691863435,0.8667751910821685,0.7215049792373464,0.7784850429102516,0.7215049792373464,0.43518551549451856
food_site_capacity=1,215,True,False,2.0,1.0,0.33894444444444444,5.045324045072872,0.8775594376493889,0.8117247022657368,0.717615912795265,0.717615912795265,0.6074000459652402
food_site_capacity=1,216,False,False,0.9769038466320304,0.9769038466320304,0.2948888888888889,4.1533594224637245,0.7815230773056244,0.7107712177708517,0.7685862477292077,0.7107712177708517,0.5635057864779341
food_site_capacity=1,217,True,False,2.0,1.0,0.33308333333333334,4.963262211779955,0.8935880581683388,0.7974241253969977,0.7084099712165618,0.7084099712165618,0.46746206700920406
food_site_capacity=1,218,True,False,2.0,1.0,0.32933333333333337,4.802455836001713,0.8391295516371773,0.842266567081169,0.5989098940117399,0.5989098940117399,0.7541205655047407
food_site_capacity=1,219,True,False,2.0,1.0,0.31319444444444444,4.680630634551246,0.9101289569967939,0.8686048456778764,0.5154375139644459,0.5154375139644459,0.5615090232652827
food_site_capacity=1,220,False,False,0.8744968999380426,0.8744968999380426,0.30675,4.554847448996894,0.9106071313233035,0.7295187420229076,0.4372484499690213,0.4372484499690213,0.5170640778563544
food_site_capacity=1,221,True,False,2.0,1.0,0.3089166666666667,4.545395899452122,0.871258274142447,0.8383164806597401,0.7183869087222668,0.7183869087222668,0.3708319604636264
food_site_capacity=1,222,True,False,2.0,1.0,0.3025555555555555,4.351135768425589,0.8238828297724324,0.7852060468498867,0.7443339639198976,0.7443339639198976,0.6090336310359794
food_site_capacity=1,223,True,False,2.0,1.0,0.32672222222222225,4.928186826877009,0.9124461023017028,0.8229994104617262,0.8425803746564574,0.8229994104617262,0.7107741874879491
food_site_capacity=1,224,True,False,2.0,1.0,0.31547222222222226,4.623109703459353,0.8636351725557591,0.7596040258248126,0.7967752682455153,0.7596040258248126,0.4275845864955495
food_site_capacity=1,225,True,False,2.0,1.0,0.32308333333333333,4.7981165528358884,0.8763179231551974,0.8159355827490088,0.789181538437317,0.789181538437317,0.7160737889294231
food_site_capacity=1,226,True,False,2.0,1.0,0.31858333333333333,4.608039784497958,0.8388548704370944,0.8147231124351462,0.6662638393148888,0.6662638393148888,0.7644708810585658
food_site_capacity=1,227,True,False,2.0,1.0,0.31719444444444445,4.606462645557277,0.8450470764955956,0.7684841469538164,0.8057632173271794,0.7684841469538164,0.6084506221321697
food_site_capacity=1,228,True,False,2.0,1.0,0.32716666666666666,4.840468735860779,0.8649579218385861,0.8064599980726566,0.6077939618908513,0.6077939618908513,0.31021976850083366
food_site_capacity=1,229,False,False,0.9877995939627654,0.9877995939627654,0.31822222222222224,4.525424003683051,0.7902396751702123,0.8074710319194234,0.7714232075815637,0.7714232075815637,0.6582299685201921
food_site_capacity=1,230,True,False,2.0,1.0,0.31805555555555554,4.627133328847028,0.8493159213793123,0.8336435524379534,0.6510689407841631,0.6510689407841631,0.6425102409650708
food_site_capacity=1,231,True,False,2.0,1.0,0.3308611111111111,4.91360946573186,0.8662869165340406,0.8505931125541385,0.6779244613130913,0.6779244613130913,0.5017090443418266
food_site_capacity=1,232,True,False,2.0,1.0,0.30336111111111114,4.409480608569734,0.8487617343494678,0.7407494570306596,0.5931029162682708,0.5931029162682708,0.6836151674426697
food_site_capacity=1,233,True,False,2.0,1.0,0.32433333333333336,4.758984020576886,0.8572272909825508,0.8097523435247987,0.6776864701056913,0.6776864701056913,0.5121979550388689
food_site_capacity=1,234,True,False,2.0,1.0,0.31902777777777774,4.576015672930847,0.8004185289026403,0.79222606616406,0.6674752068645972,0.6674752068645972,0.6566791181335719
food_site_capacity=1,235,True,False,2.0,1.0,0.31427777777777777,4.64321961955683,0.8721076594481757,0.8068695476100555,0.7150263271008873,0.7150263271008873,0.7007924988887824
food_site_capacity=1,236,True,False,2.0,1.0,0.33408333333333334,5.016706537068575,0.9004353812142136,0.8487828673255161,0.8495905685293742,0.8487828673255161,0.6042058062398166
food_site_capacity=1,237,True,False,2.0,1.0,0.30930555555555556,4.5045890917449585,0.8630834713972934,0.7757696133771282,0.7524483102897563,0.7524483102897563,0.7081761180191458
food_site_capacity=1,238,True,False,2.0,1.0,0.2871111111111111,4.201947618399461,0.8827159145758754,0.6712924725821389,0.6705581702875925,0.6705581702875925,0.41320105767301385
food_site_capacity=1,239,True,False,2.0,1.0,0.32180555555555557,4.728022483540511,0.8450587402771087,0.8833129573882091,0.7622749553446966,0.7622749553446966,0.3766464976313208
food_site_capacity=1,240,True,False,2.0,1.0,0.3384444444444445,5.0081810239047035,0.8710041110838339,0.8007945428276606,0.808640336113865,0.8007945428276606,0.41720145034308553
food_site_capacity=1,241,True,False,2.0,1.0,0.317,4.600619680239855,0.8297539270187703,0.8037181477136637,0.7652460920917628,0.7652460920917628,0.5842751202792178
food_site_capacity=1,242,False,False,0.9871606243241834,0.9871606243241834,0.31955555555555554,4.565794881626007,0.7897284994593468,0.8011153101280171,0.6337562944717394,0.6337562944717394,0.5941927116448245
food_site_capacity=1,243,True,False,2.0,1.0,0.3138333333333333,4.649571034663794,0.8753198262786577,0.8529082602274171,0.7940586139446968,0.7940586139446968,0.7186349504097006
food_site_capacity=1,244,True,False,2.0,1.0,0.3119444444444444,4.510664469556078,0.8188609539806119,0.7822990531231472,0.7643617934816599,0.7643617934816599,0.49803840082891565
food_site_capacity=1,245,True,False,2.0,1.0,0.2958611111111111,4.249623626222398,0.828330904047421,0.7122872641283656,0.6183920814305623,0.6183920814305623,0.43262521622684436
food_site_capacity=1,246,True,False,2.0,1.0,0.3165277777777778,4.634272122242046,0.8490224888556929,0.8493867122106163,0.853745463183998,0.8493867122106163,0.8240067037495427
food_site_capacity=1,247,True,False,2.0,1.0,0.3453611111111111,5.068809564882612,0.8336284293884126,0.8672571146441856,0.8864939570581548,0.8672571146441856,0.7719087690515658
food_site_capacity=1,248,False,False,0.9654344787800975,0.9654344787800975,0.3164166666666667,4.472805682892917,0.772347583024078,0.8189437976716191,0.8054285651015778,0.8054285651015778,0.42460511411611074
food_site_capacity=1,249,True,False,2.0,1.0,0.3409722222222222,5.141771594294464,0.9066009886895608,0.8388167472655969,0.714513541674754,0.714513541674754,0.4799797400221345
food_site_capacity=1,250,True,False,2.0,1.0,0.28255555555555556,4.152544130210985,0.8848895069572472,0.7730637629066077,0.6155551387916105,0.6155551387916105,0.5087948370026999
food_site_capacity=1,251,True,False,2.0,1.0,0.3266666666666667,4.906774372135771,0.8939791662326624,0.8914653233625527,0.8387653048570198,0.8387653048570198,0.6958682434470508
food_site_capacity=1,252,False,False,0.856016097929739,0.856016097929739,0.3100277777777778,4.529217445846866,0.8627786019709707,0.8191039966753894,0.4280080489648695,0.4280080489648695,0.5196904715785615
food_site_capacity=1,253,True,False,2.0,1.0,0.3093888888888889,4.554622587520624,0.8856493498119122,0.7854174295594731,0.7672346433572899,0.7672346433572899,0.6716092219016635
food_site_capacity=1,254,True,False,2.0,1.0,0.30186111111111114,4.397570145604364,0.8584901863714766,0.7381708810441007,0.7944577539965354,0.7381708810441007,0.5146988478988884
food_site_capacity=1,255,False,False,0.976593593462914,0.976593593462914,0.3238611111111111,4.801205145203507,0.8878694662531196,0.808198179713472,0.488296796731457,0.488296796731457,0.7955280031729294
food_site_capacity=1,256,True,False,2.0,1.0,0.3199722222222222,4.687002803423948,0.8480259129225505,0.8381166911558019,0.8322547881475314,0.8322547881475314,0.4795411773659774
food_site_capacity=1,257,True,False,2.0,1.0,0.319,4.727718569230489,0.886472113757817,0.7666042501479122,0.7740463714762685,0.7666042501479122,0.41338170443335165
food_site_capacity=1,258,True,False,2.0,1.0,0.31030555555555556,4.483088651993602,0.828211908336519,0.7698781168197029,0.6975360036479298,0.6975360036479298,0.5134141475093653
food_site_capacity=1,259,True,False,2.0,1.0,0.3347222222222222,4.9391788616541525,0.842719367868297,0.8714978516686318,0.8242611116624148,0.8242611116624148,0.3768703319615621
food_site_capacity=1,260,True,False,2.0,1.0,0.31513888888888886,4.732587556757401,0.9054313064660239,0.8399970294006482,0.7921934602804449,0.7921934602804449,0.4693833036972922
food_site_capacity=1,261,True,False,2.0,1.0,0.31169444444444444,4.502129432701049,0.8383958177356309,0.7192856846483268,0.7119040945008793,0.7119040945008793,0.5507862714557287
food_site_capacity=1,262,True,False,2.0,1.0,0.3096388888888889,4.563650689267627,0.8670789743656612,0.8183256449965669,0.6367537416783512,0.6367537416783512,0.30952602926163525
food_site_capacity=1,263,True,False,2.0,1.0,0.3269722222222222,4.787537529530956,0.8414805665734649,0.8301626496446025,0.7105745349346742,0.7105745349346742,0.5697813657262973
food_site_capacity=1,264,True,False,2.0,1.0,0.3098611111111111,4.458448933292044,0.8249108067878353,0.8144333897264983,0.5999699023406891,0.5999699023406891,0.6612460094574157
food_site_capacity=1,265,True,False,2.0,1.0,0.3230833333333333,4.676760700674725,0.813578487910399,0.8473937966581021,0.720198687304333,0.720198687304333,0.7031159294426887
food_site_capacity=1,266,True,False,2.0,1.0,0.33991666666666664,5.067557708587328,0.8709090739218209,0.7450695843406507,0.7504195975640843,0.7450695843406507,0.354603328267192
food_site_capacity=1,267,True,False,2.0,1.0,0.31827777777777777,4.661874606997328,0.848420319621055,0.7835078780658269,0.7568403113836282,0.7568403113836282,0.4215224486798162
food_site_capacity=1,268,True,False,2.0,1.0,0.3073611111111111,4.408456742911826,0.8097878166675848,0.8027792335879569,0.661297412164347,0.661297412164347,0.5273209752168453
food_site_capacity=1,269,True,False,2.0,1.0,0.31930555555555556,4.738077961128843,0.8878935901552512,0.8200379481825648,0.7402986765821853,0.7402986765821853,0.6342955133568524
food_site_capacity=1,270,True,False,2.0,1.0,0.3261944444444444,4.74412244895257,0.8288861877847687,0.8922904762349506,0.8358104784412105,0.8358104784412105,0.7989583849269873
food_site_capacity=1,271,True,False,2.0,1.0,0.3260277777777778,4.7776303429683225,0.8434281525639455,0.8106928193807946,0.6937667043326575,0.6937667043326575,0.6766935495688712
food_site_capacity=1,272,True,False,2.0,1.0,0.31958333333333333,4.6290094641289645,0.8420481656926933,0.7831428230235348,0.7510867630753792,0.7510867630753792,0.8175919451203421
food_site_capacity=1,273,True,False,2.0,1.0,0.30872222222222223,4.567031187995969,0.8761192570581415,0.8854440433472317,0.767970887370046,0.767970887370046,0.5946432567943751
food_site_capacity=1,274,True,False,2.0,1.0,0.3261944444444444,4.771312380062176,0.8483307956754275,0.8215701948962268,0.832641562629689,0.8215701948962268,0.48333847243570977
food_site_capacity=1,275,True,False,2.0,1.0,0.32169444444444445,4.728488257950202,0.847293952653351,0.8911893085840368,0.840706887218536,0.840706887218536,0.5159137997229687
food_site_capacity=1,276,False,False,0.27827179390661283,0.27827179390661283,0.32863888888888887,3.663231765336381,0.22261743512529028,0.3054199392509427,0.2489505373851784,0.2489505373851784,0.7724599594649748
food_site_capacity=1,277,True,False,2.0,1.0,0.33705555555555555,5.017825390232344,0.8735083784787118,0.7791274856517132,0.7307538385612653,0.7307538385612653,0.4279700542833097
food_site_capacity=1,278,True,False,2.0,1.0,0.30238888888888893,4.332030541095154,0.827496293473443,0.7824492366262746,0.7157198470248728,0.7157198470248728,0.4582298391358209
food_site_capacity=1,279,False,False,0.9383889523146031,0.9383889523146031,0.30716666666666664,4.299170479019325,0.7507111618516825,0.8488629190619634,0.7772731738011803,0.7772731738011803,0.5672269478398658
food_site_capacity=1,280,True,False,2.0,1.0,0.34405555555555556,5.101191257122024,0.8659462582556727,0.8502765665570012,0.7376109219022507,0.7376109219022507,0.5862924912134665
food_site_capacity=1,281,True,False,2.0,1.0,0.32758333333333334,4.761971555585844,0.8358246042958298,0.7600541002236488,0.5806006556912108,0.5806006556912108,0.5783209260407197
food_site_capacity=1,282,True,False,2.0,1.0,0.32052777777777774,4.715113200380111,0.8659139217439008,0.8079896259162569,0.755832570722652,0.755832570722652,0.612911803635864
food_site_capacity=1,283,True,False,2.0,1.0,0.33163888888888887,4.9162519628731625,0.8936617348647625,0.8211716617370415,0.6371272037257287,0.6371272037257287,0.7996884202862269
food_site_capacity=1,284,True,False,2.0,1.0,0.3155833333333333,4.611027607752931,0.853927633582034,0.7377235241200104,0.7587692025663131,0.7377235241200104,0.6773924278202429
food_site_capacity=1,285,True,False,2.0,1.0,0.32111111111111107,4.657766736079266,0.8430131082045117,0.76213614654913,0.7020962529102738,0.7020962529102738,0.7023730370878334
food_site_capacity=1,286,True,False,2.0,1.0,0.3243611111111111,4.723416773297062,0.8320553878733766,0.8450335422529418,0.8622621377752957,0.8450335422529418,0.794622271928081
food_site_capacity=1,287,True,False,2.0,1.0,0.31816666666666665,4.644293269534348,0.8578069482153828,0.8128893345010586,0.7862120552619525,0.7862120552619525,0.5839975768854019
food_site_capacity=1,288,True,False,2.0,1.0,0.3136111111111111,4.636963710792412,0.8826229679088649,0.8203322581043396,0.6627078538112553,0.6627078538112553,0.5174537811757115
food_site_capacity=1,289,True,False,2.0,1.0,0.31872222222222224,4.709323826008977,0.8778005006971231,0.7943173055874126,0.7398328308285237,0.7398328308285237,0.6242728311931626
food_site_capacity=1,290,True,False,2.0,1.0,0.32480555555555557,4.794697866552004,0.878004683553849,0.7786589402694981,0.7017774899514059,0.7017774899514059,0.5540039688364948
food_site_capacity=1,291,False,False,0.9817247734276782,0.9817247734276782,0.32575000000000004,4.649513266030371,0.7853798187421426,0.9178096576569257,0.8197752850976145,0.8197752850976145,0.8613645345011375
food_site_capacity=1,292,True,False,2.0,1.0,0.31672222222222224,4.660677533850959,0.8539839701938798,0.8379038940050731,0.7058665916832008,0.7058665916832008,0.31298963017913756
food_site_capacity=1,293,True,False,2.0,1.0,0.30475,4.357803029792999,0.8133396394065708,0.8122263518354865,0.8221558636442221,0.8122263518354865,0.710991277769471
food_site_capacity=1,294,True,False,2.0,1.0,0.31625000000000003,4.635293552910409,0.8649187019368176,0.8005860403029076,0.6768323905655986,0.6768323905655986,0.3435021209561551
food_site_capacity=1,295,True,False,2.0,1.0,0.3186111111111111,4.653231949285191,0.846553444878057,0.7878631286867743,0.7596255760283018,0.7596255760283018,0.5395912679544012
food_site_capacity=1,296,True,False,2.0,1.0,0.32166666666666666,4.721542063015806,0.8560365433232415,0.8101139823547991,0.7687595403410944,0.7687595403410944,0.3618018214471438
food_site_capacity=1,297,True,False,2.0,1.0,0.35327777777777775,5.269006121059977,0.8674371673246678,0.8963871246660443,0.7024547706704966,0.7024547706704966,0.7810648967842637
food_site_capacity=1,298,True,False,2.0,1.0,0.32863888888888887,4.806134678231692,0.840099292174041,0.8641836019603272,0.5466002926520476,0.5466002926520476,0.45531382308425994
food_site_capacity=1,299,True,False,2.0,1.0,0.32961111111111113,4.8922204326701495,0.8744159297064639,0.8283367651344264,0.790970457340367,0.790970457340367,0.2627079923352425
food_site_capacity=3,200,True,False,2.0,1.0,0.33013888888888887,4.8946931748314,0.866224458520093,0.8140150282834694,0.7174687375762636,0.7174687375762636,0.5420657917925996
food_site_capacity=3,201,True,False,2.0,1.0,0.32788888888888884,4.883689668976289,0.8789006908058979,0.8406246957499499,0.7570571773734766,0.7570571773734766,0.16498015572732252
food_site_capacity=3,202,True,False,2.0,1.0,0.32013888888888886,4.6733651526404145,0.8523206471432104,0.8125935532053503,0.7230560299558594,0.7230560299558594,0.5684844477875564
food_site_capacity=3,203,True,False,2.0,1.0,0.3284166666666667,4.9280200936734655,0.8948464761779591,0.8356648480461246,0.7807404859330245,0.7807404859330245,0.5024982158020209
food_site_capacity=3,204,True,False,2.0,1.0,0.3285,4.805601985250669,0.8392433659538185,0.8118246388667631,0.7931732677513205,0.7931732677513205,0.45921355944716075
food_site_capacity=3,205,True,False,2.0,1.0,0.33111111111111113,4.800271351415253,0.8089545556889388,0.7982381995452893,0.7625651519959569,0.7625651519959569,0.5977885290782121
food_site_capacity=3,206,False,False,0.9805592065915945,0.9805592065915945,0.3222777777777778,4.595134073080929,0.7844473652732756,0.7428263505386891,0.7498967851958737,0.7428263505386891,0.523016878471888
food_site_capacity=3,207,True,False,2.0,1.0,0.33266666666666667,4.879063081556834,0.8422360200809439,0.8231701051648272,0.7245200519347436,0.7245200519347436,0.3752665263041334
food_site_capacity=3,208,True,False,2.0,1.0,0.31305555555555553,4.6495140138721025,0.8978394379984895,0.7480411271971349,0.7263956102944854,0.7263956102944854,0.6877328157502566
food_site_capacity=3,209,True,False,2.0,1.0,0.3470833333333333,5.1564432369920805,0.8556736640094738,0.8520023305687618,0.8308407932447428,0.8308407932447428,0.5577347597967862
food_site_capacity=3,210,True,False,2.0,1.0,0.34711111111111115,5.2120667699672705,0.8955480082191767,0.8083519119946918,0.7717400174472069,0.7717400174472069,0.529968706713089
food_site_capacity=3,211,True,False,2.0,1.0,0.3138333333333333,4.547729683312595,0.8226611504531852,0.7878881543344406,0.7686639230060326,0.7686639230060326,0.5358835053021596
food_site_capacity=3,212,True,False,2.0,1.0,0.3199166666666667,4.749197033667892,0.8943948583784102,0.7891740711252109,0.5286532832722683,0.5286532832722683,0.3611132622988602
food_site_capacity=3,213,True,False,2.0,1.0,0.33341666666666664,4.874412420214898,0.8364928392134862,0.823176286334585,0.7758707811001417,0.7758707811001417,0.6534485352374069
food_site_capacity=3,214,True,False,2.0,1.0,0.3125555555555556,4.543174781728414,0.8533765657288452,0.7266357636740423,0.5296672623969925,0.5296672623969925,0.44001498821983887
food_site_capacity=3,215,True,False,2.0,1.0,0.34941666666666665,5.225660531876952,0.8573357441316667,0.85487899525397,0.8292393381727365,0.8292393381727365,0.5202909609139916
food_site_capacity=3,216,True,False,2.0,1.0,0.33002777777777775,4.882365950489801,0.857049471378541,0.8701781735646215,0.7261783662827561,0.7261783662827561,0.5615431883712797
food_site_capacity=3,217,True,False,2.0,1.0,0.2986111111111111,4.328721591429497,0.8260548111082241,0.8174617896238396,0.8008012308279409,0.8008012308279409,0.299177651629045
food_site_capacity=3,218,True,False,2.0,1.0,0.32066666666666666,4.6780916846389,0.8365670441792202,0.8051184510192638,0.7818136445084028,0.7818136445084028,0.4583278866189924
food_site_capacity=3,219,True,False,2.0,1.0,0.32330555555555557,4.759756474990316,0.8511971620137292,0.8671602827018525,0.6897778999866452,0.6897778999866452,0.49365698160494353
food_site_capacity=3,220,True,False,2.0,1.0,0.34349999999999997,5.144622837851358,0.8837591562883111,0.8509022797781342,0.8380082108572584,0.8380082108572584,0.43881504324392073
food_site_capacity=3,221,True,False,2.0,1.0,0.3279722222222222,4.866463074026865,0.8660426636798626,0.8321233899397169,0.773607849818432,0.773607849818432,0.4432208648270448
food_site_capacity=3,222,True,False,2.0,1.0,0.3294722222222222,4.816049034635847,0.8277963347358993,0.8435948556652703,0.8913483111367664,0.8435948556652703,0.6267570523644804
food_site_capacity=3,223,True,False,2.0,1.0,0.34402777777777777,5.118988512371583,0.873079368330438,0.8220921624907388,0.8306314181974455,0.8220921624907388,0.6801800208623031
food_site_capacity=3,224,True,False,2.0,1.0,0.32972222222222225,4.862671139488461,0.8563328238251167,0.8086988848287727,0.6491920192338079,0.6491920192338079,0.6234462887481498
food_site_capacity=3,225,True,False,2.0,1.0,0.32661111111111113,4.80648880130643,0.8669255012084315,0.7878273828532784,0.6311147260036637,0.6311147260036637,0.695944265482025
food_site_capacity=3,226,False,False,0.9797866903876824,0.9797866903876824,0.33258333333333334,4.760052594815943,0.7838293523101459,0.7976137480956063,0.7980542919245596,0.7976137480956063,0.6516736345701093
food_site_capacity=3,227,False,False,0.9530331230431628,0.9530331230431628,0.3184166666666667,4.509280649635866,0.7624264984345303,0.7549296289771854,0.7179380340490984,0.7179380340490984,0.4708017731876889
food_site_capacity=3,228,True,False,2.0,1.0,0.3387777777777778,5.040984458366376,0.8681382772490517,0.8262305098810462,0.8276629785987841,0.8262305098810462,0.3654869609166386
food_site_capacity=3,229,True,False,2.0,1.0,0.3393333333333333,4.949149960110889,0.8236945277213857,0.8038783154590369,0.8197034088267371,0.8038783154590369,0.6256684473579789
food_site_capacity=3,230,True,False,2.0,1.0,0.3262777777777778,4.817458396627589,0.8635795095248036,0.8319527331050021,0.8187823805313216,0.8187823805313216,0.33291192802175207
food_site_capacity=3,231,True,False,2.0,1.0,0.3428611111111111,5.087988510729177,0.8531647082318062,0.838015471275742,0.8660661564458745,0.838015471275742,0.6842854842644263
food_site_capacity=3,232,True,False,2.0,1.0,0.3264722222222222,4.7975457306167355,0.8455039745907938,0.79795502461998,0.7931850260218037,0.7931850260218037,0.6482016705353871
food_site_capacity=3,233,True,False,2.0,1.0,0.32058333333333333,4.685147473560611,0.8606365547640091,0.6669981385354865,0.5855371087311403,0.5855371087311403,0.47268587638599013
food_site_capacity=3,234,True,False,2.0,1.0,0.32122222222222224,4.6299613295623905,0.8187348901202494,0.7818775138726198,0.6264118186207496,0.6264118186207496,0.3682324285206666
food_site_capacity=3,235,True,False,2.0,1.0,0.31675,4.749772872283126,0.8970712136606827,0.8370292149278743,0.722892538340886,0.722892538340886,0.522649217082393
food_site_capacity=3,236,True,False,2.0,1.0,0.30794444444444447,4.425171676172325,0.8086356714368905,0.7659406963165988,0.7000202829000087,0.7000202829000087,0.5025518508405248
food_site_capacity=3,237,False,False,0.9180840110271083,0.9180840110271083,0.32511111111111113,4.549789698109607,0.7344672088216867,0.8270182973418179,0.8028611326965891,0.8028611326965891,0.30052827058316617
food_site_capacity=3,238,True,False,2.0,1.0,0.3211388888888889,4.755479397274559,0.8808052650572938,0.8062161326992935,0.8069413524159174,0.8062161326992935,0.5152627194275262
food_site_capacity=3,239,True,False,2.0,1.0,0.3015555555555556,4.323623964599649,0.8269619557737123,0.7389399570344555,0.6888348951558645,0.6888348951558645,0.6780830150752831
food_site_capacity=3,240,True,False,2.0,1.0,0.32172222222222224,4.69067750334878,0.8537541040238233,0.8391036376366979,0.8289167260650853,0.8289167260650853,0.6171356286953682
food_site_capacity=3,241,True,False,2.0,1.0,0.32461111111111113,4.788324003373257,0.8740561867375376,0.7571738588060474,0.8549136924083283,0.7571738588060474,0.5666498809966357
food_site_capacity=3,242,True,False,2.0,1.0,0.3299166666666667,4.8710738483232765,0.8749872105566839,0.8078571938630806,0.8428362519766505,0.8078571938630806,0.5642374052788209
food_site_capacity=3,243,True,False,2.0,1.0,0.32327777777777783,4.694086652911266,0.8226230841692802,0.8478852960880096,0.7721534515809497,0.7721534515809497,0.5286871679323509
food_site_capacity=3,244,True,False,2.0,1.0,0.33066666666666666,4.744092192778464,0.8008007281416989,0.8283536854327335,0.804374790312555,0.804374790312555,0.6246448886322695
food_site_capacity=3,245,True,False,2.0,1.0,0.3198611111111111,4.675466358065282,0.8539830215912472,0.8653801853546563,0.6509801720724968,0.6509801720724968,0.7763263660076479
food_site_capacity=3,246,True,False,2.0,1.0,0.3516666666666667,5.168047081917279,0.8336105334219329,0.8539154648625951,0.917306474830974,0.8539154648625951,0.8225751826156418
food_site_capacity=3,247,True,False,2.0,1.0,0.3363888888888889,4.954835607055216,0.8590961322350628,0.8119644037424134,0.9012207225259075,0.8119644037424134,0.7705189714952716
food_site_capacity=3,248,True,False,2.0,1.0,0.3218888888888889,4.735422188092925,0.8642679793809028,0.8139890036782411,0.7284385338428232,0.7284385338428232,0.4239746302037249
food_site_capacity=3,249,True,False,2.0,1.0,0.33561111111111114,4.974008190054472,0.8782867730788367,0.8487264184373878,0.7410222487205818,0.7410222487205818,0.5537969362370357
food_site_capacity=3,250,True,False,2.0,1.0,0.3288611111111111,4.842258282642358,0.8540807860565942,0.8155443949615911,0.7919928233501405,0.7919928233501405,0.5204848453722917
food_site_capacity=3,251,True,False,2.0,1.0,0.33405555555555555,4.9938633159176,0.9028094697410963,0.7818725645083586,0.8304880027795554,0.7818725645083586,0.6298756597604833
food_site_capacity=3,252,True,False,2.0,1.0,0.3366111111111111,5.041071612900082,0.8807414590202249,0.8938777725017975,0.8540411554118872,0.8540411554118872,0.5261478532861049
food_site_capacity=3,253,True,False,2.0,1.0,0.31975,4.681724882737124,0.835879354108121,0.8250193103822491,0.7410953260730082,0.7410953260730082,0.5463187335591437
food_site_capacity=3,254,True,False,2.0,1.0,0.3401111111111111,4.997640597999102,0.8312610017319476,0.8733198821455471,0.7857311482328629,0.7857311482328629,0.43445570014431134
food_site_capacity=3,255,True,False,2.0,1.0,0.3368055555555555,5.048030436881232,0.895724185392902,0.8542667014945844,0.8029868942363368,0.8029868942363368,0.741153402260223
food_site_capacity=3,256,True,False,2.0,1.0,0.3348055555555556,5.0224738683475785,0.8806800800531388,0.8110835091304776,0.7211865081831988,0.7211865081831988,0.396952014055382
food_site_capacity=3,257,True,False,2.0,1.0,0.3344166666666667,4.891107574412796,0.8364703957984542,0.8339672390877286,0.701196276013657,0.701196276013657,0.4307685531409643
food_site_capacity=3,258,True,False,2.0,1.0,0.31611111111111106,4.670801874679594,0.8879761611586984,0.7939404496232952,0.750207063258717,0.750207063258717,0.5390751954078428
food_site_capacity=3,259,True,False,2.0,1.0,0.32269444444444445,4.737006707394732,0.8570833939293576,0.8115377420280642,0.7065370568946847,0.7065370568946847,0.3568158100412921
food_site_capacity=3,260,True,False,2.0,1.0,0.3431111111111111,5.106888868801254,0.8884127861768736,0.8329107310543844,0.762758207416786,0.762758207416786,0.6291469740885364
food_site_capacity=3,261,True,False,2.0,1.0,0.36436111111111114,5.504468101309026,0.8807958485199134,0.9111320737976409,0.8282559934862576,0.8282559934862576,0.78754887541056
food_site_capacity=3,262,True,False,2.0,1.0,0.3313611111111111,4.898219725644927,0.8702483912803177,0.816003613106019,0.6938114521841537,0.6938114521841537,0.6106742222868656
food_site_capacity=3,263,True,False,2.0,1.0,0.32652777777777775,4.765978210248344,0.8517639380032905,0.8167616685582917,0.6927414138319274,0.6927414138319274,0.5382060637826325
food_site_capacity=3,264,True,False,2.0,1.0,0.32230555555555557,4.786057909381133,0.8898600100712338,0.8508153462382609,0.6090412064278876,0.6090412064278876,0.5459478611926425
food_site_capacity=3,265,True,False,2.0,1.0,0.3401111111111111,4.968639719422257,0.8260998541770844,0.8288896200918515,0.7792968105039755,0.7792968105039755,0.6474432447931737
food_site_capacity=3,266,True,False,2.0,1.0,0.3338055555555555,4.837154519578703,0.8113210322052643,0.7886164916528245,0.8504194161666566,0.7886164916528245,0.7535368280263782
food_site_capacity=3,267,True,False,2.0,1.0,0.3191111111111111,4.730372592482062,0.8936682610953959,0.8469164986095572,0.743237093475842,0.743237093475842,0.49447238488523143
food_site_capacity=3,268,True,False,2.0,1.0,0.31683333333333336,4.603739971477012,0.8454218199216447,0.8477618665614374,0.6526883801657014,0.6526883801657014,0.6460310458046444
food_site_capacity=3,269,True,False,2.0,1.0,0.30291666666666667,4.469745785236634,0.8891280575015793,0.7648918599703426,0.6852659334531069,0.6852659334531069,0.6767381169304354
food_site_capacity=3,270,True,False,2.0,1.0,0.3432222222222222,5.105481263192738,0.8602499362320217,0.8679597771932491,0.8165675279853735,0.8165675279853735,0.51317888947916
food_site_capacity=3,271,False,False,0.9795512965452308,0.9795512965452308,0.33605555555555555,4.833992748172649,0.7836410372361846,0.8293889320243488,0.797317886553249,0.797317886553249,0.6190995380743057
food_site_capacity=3,272,True,False,2.0,1.0,0.3303611111111111,4.821999511865426,0.8223522112000681,0.7427799833723111,0.6309077819038891,0.6309077819038891,0.46483000790936774
food_site_capacity=3,273,True,False,2.0,1.0,0.3301111111111111,4.935489843435911,0.9008624045526307,0.8244983837388093,0.8749723990270064,0.8244983837388093,0.5993458119810403
food_site_capacity=3,274,True,False,2.0,1.0,0.32783333333333337,4.75958040420113,0.8268869452156561,0.8634400139882158,0.7344935806751167,0.7344935806751167,0.6886414325103476
food_site_capacity=3,275,True,False,2.0,1.0,0.3141666666666667,4.625650462398057,0.875883084428008,0.7939928969149467,0.674006495962782,0.674006495962782,0.6657920059684225
food_site_capacity=3,276,True,False,2.0,1.0,0.33113888888888887,4.83977216741213,0.8596833794156473,0.7675001466428681,0.7373314618885325,0.7373314618885325,0.6664611711858321
food_site_capacity=3,277,True,False,2.0,1.0,0.32202777777777775,4.728842611962676,0.8468185720386633,0.8090838518857786,0.7871997300057724,0.7871997300057724,0.46125647278277
food_site_capacity=3,278,True,False,2.0,1.0,0.33516666666666667,4.874010973227472,0.8190704685668938,0.8606169828385252,0.7664766383886915,0.7664766383886915,0.4218071274223654
food_site_capacity=3,279,True,False,2.0,1.0,0.29877777777777775,4.368978316381583,0.8798865949910067,0.6835377265760008,0.638272215674819,0.638272215674819,0.44485284628772515
food_site_capacity=3,280,True,False,2.0,1.0,0.3264444444444444,4.788848788186466,0.8465523309361085,0.8543067671294005,0.7872841853535778,0.7872841853535778,0.40781064183838384
food_site_capacity=3,281,True,False,2.0,1.0,0.3441388888888889,5.059298252558974,0.8641881809969354,0.7811842396253253,0.5955068260783237,0.5955068260783237,0.5501422258596228
food_site_capacity=3,282,True,False,2.0,1.0,0.31855555555555554,4.664884500903181,0.8440874306533563,0.7570969860465661,0.7431277186538281,0.7431277186538281,0.2530595131852344
food_site_capacity=3,283,True,False,2.0,1.0,0.3398611111111111,5.041956017748451,0.8599554371698167,0.8308453994272669,0.762504859790507,0.762504859790507,0.311177036578335
food_site_capacity=3,284,True,False,2.0,1.0,0.30336111111111114,4.472443452770509,0.9080619218140308,0.7960735280501852,0.5898085508817599,0.5898085508817599,0.644843888094649
food_site_capacity=3,285,True,False,2.0,1.0,0.3071388888888889,4.607008894099638,0.8967240926098943,0.8423851464775821,0.6092217935147453,0.6092217935147453,0.6707185091677367
food_site_capacity=3,286,True,False,2.0,1.0,0.33549999999999996,5.084346720465018,0.9047794760879806,0.8150873249479684,0.8138271677105747,0.8138271677105747,0.507318608436921
food_site_capacity=3,287,True,False,2.0,1.0,0.3238888888888889,4.713021281794118,0.8291357969220224,0.8510457886614738,0.8416237871877464,0.8416237871877464,0.655025277303453
food_site_capacity=3,288,True,False,2.0,1.0,0.3324722222222222,4.9297779560693185,0.8743843469377548,0.8070176119781609,0.62235610568351,0.62235610568351,0.7445357712614068
food_site_capacity=3,289,True,False,2.0,1.0,0.3210277777777778,4.71883949877052,0.860206565908369,0.7729514781086853,0.8185313466842484,0.7729514781086853,0.3201081101796859
food_site_capacity=3,290,True,False,2.0,1.0,0.32013888888888886,4.74317444518251,0.8816013004152263,0.7564191457271012,0.7118457939463723,0.7118457939463723,0.6156341443288463
food_site_capacity=3,291,True,False,2.0,1.0,0.32469444444444445,4.824157097353336,0.8854651630244794,0.8238771366250851,0.8099052222439383,0.8099052222439383,0.30899252397826515
food_site_capacity=3,292,True,False,2.0,1.0,0.32241666666666663,4.769387197668011,0.8819481649357123,0.7627318766887276,0.7622897402642886,0.7622897402642886,0.5062647391371095
food_site_capacity=3,293,True,False,2.0,1.0,0.32352777777777775,4.679570002097455,0.8265543109114427,0.798982759881681,0.8007309576418294,0.798982759881681,0.49500098371593054
food_site_capacity=3,294,True,False,2.0,1.0,0.3424166666666667,5.062849390587285,0.8573224997878351,0.782393999846893,0.7862669048915115,0.782393999846893,0.47532934603999166
food_site_capacity=3,295,True,False,2.0,1.0,0.3346388888888889,4.966497902775282,0.8725199448120409,0.8477358470588462,0.8440489299037915,0.8440489299037915,0.7967868650644602
food_site_capacity=3,296,True,False,2.0,1.0,0.3386388888888889,5.074878444156302,0.8912724486873923,0.8317537315814939,0.7249991108520224,0.7249991108520224,0.5339344988795934
food_site_capacity=3,297,True,False,2.0,1.0,0.30741666666666667,4.410830197031143,0.8118006704381029,0.7484073692280796,0.7191463858626502,0.7191463858626502,0.69771971932724
food_site_capacity=3,298,False,False,0.869523286312909,0.869523286312909,0.32530555555555557,4.440667978327594,0.6956186290503272,0.6560490965723775,0.6265962576936098,0.6265962576936098,0.5761404721842484
food_site_capacity=3,299,True,False,2.0,1.0,0.34025,5.105283918371048,0.8846191999091548,0.868770559325009,0.7171515069074637,0.7171515069074637,0.24236071482207983
food_site_capacity=4,200,True,False,2.0,1.0,0.3229722222222222,4.7593146377376065,0.8868695349319027,0.725458638300404,0.7038909986658813,0.7038909986658813,0.33562407044628745
food_site_capacity=4,201,True,False,2.0,1.0,0.35080555555555554,5.189164587075244,0.845723250305754,0.8637601720618436,0.7143712265017456,0.7143712265017456,0.6324957216197601
food_site_capacity=4,202,True,False,2.0,1.0,0.33302777777777776,4.866135369188162,0.8502444490507717,0.8257248663908962,0.6543370834682122,0.6543370834682122,0.5860190508501354
food_site_capacity=4,203,True,False,2.0,1.0,0.3257222222222222,4.775422239337499,0.8429703460190691,0.7774315052984926,0.7990989722528518,0.7774315052984926,0.7231411887795655
food_site_capacity=4,204,True,False,2.0,1.0,0.31655555555555553,4.642193107417549,0.8509813817146642,0.7733416588601166,0.6048973417178498,0.6048973417178498,0.753315897244074
food_site_capacity=4,205,True,False,2.0,1.0,0.2966666666666667,4.37462870394894,0.8693500213041371,0.7340751006779535,0.8014970832363203,0.7340751006779535,0.5721301834674717
food_site_capacity=4,206,True,False,2.0,1.0,0.3125,4.57120516485212,0.849298501221207,0.8303605703232904,0.7831689949159278,0.7831689949159278,0.43104873534432875
food_site_capacity=4,207,True,False,2.0,1.0,0.341,5.054757305941705,0.8528303151519175,0.8318157471271258,0.8309495856319301,0.8309495856319301,0.7747184220136966
food_site_capacity=4,208,True,False,2.0,1.0,0.34408333333333335,5.004715146619872,0.8027845188959276,0.8689795852715869,0.8650927224624148,0.8650927224624148,0.5459960790087794
food_site_capacity=4,209,True,False,2.0,1.0,0.30044444444444446,4.336584282783175,0.8319044679434907,0.7897844453644608,0.6071220288331668,0.6071220288331668,0.2786411502298733
food_site_capacity=4,210,True,False,2.0,1.0,0.3116388888888889,4.477498462810339,0.8027137309278956,0.7984295275326364,0.6506278200640712,0.6506278200640712,0.490398167986751
food_site_capacity=4,211,False,False,0.4889694863287354,0.4889694863287354,0.27472222222222226,3.841865875909602,0.8067390590411051,0.2444847431643677,0.3224635761759551,0.2444847431643677,0.3523509921121904
food_site_capacity=4,212,True,False,2.0,1.0,0.3566388888888889,5.394697112257642,0.9062330354651356,0.8922048811908735,0.8495737856487608,0.8495737856487608,0.7275581177809782
food_site_capacity=4,213,True,False,2.0,1.0,0.3457777777777778,5.146551656038503,0.8669325913162902,0.869018711239968,0.7806238417623496,0.7806238417623496,0.6351093007194594
food_site_capacity=4,214,True,False,2.0,1.0,0.32944444444444443,4.8627415327700465,0.8695487141305903,0.8182171076940671,0.760082717020587,0.760082717020587,0.5855751596972308
food_site_capacity=4,215,True,False,2.0,1.0,0.30430555555555555,4.4186161825983525,0.8398857593737019,0.755084224922507,0.744817420067413,0.744817420067413,0.42205848242126276
food_site_capacity=4,216,True,False,2.0,1.0,0.35177777777777774,5.276059925210649,0.8931640118408398,0.8392459086470612,0.7482099434765939,0.7482099434765939,0.7198365854216721
food_site_capacity=4,217,True,False,2.0,1.0,0.32583333333333336,4.797213142069824,0.8571028643747874,0.8037254990268182,0.8641167866492123,0.8037254990268182,0.8194903518758775
food_site_capacity=4,218,False,False,0.9976159468122954,0.9976159468122954,0.3219722222222222,4.79479185758808,0.9097628313222544,0.7466103503693565,0.4988079734061477,0.4988079734061477,0.35653591938656476
food_site_capacity=4,219,True,False,2.0,1.0,0.33952777777777776,5.062023705279578,0.8789424165584518,0.8355849784758592,0.6467452689902797,0.6467452689902797,0.5693368246928219
food_site_capacity=4,220,True,False,2.0,1.0,0.3329166666666667,4.8735929662039865,0.8342856437151788,0.8895910203648997,0.8677543467285623,0.8677543467285623,0.4886073739638637
food_site_capacity=4,221,True,False,2.0,1.0,0.2915555555555555,4.260301736233594,0.8451962361246088,0.7681272543425087,0.7429817022424923,0.7429817022424923,0.4116946419983934
food_site_capacity=4,222,True,False,2.0,1.0,0.29969444444444443,4.340329969744686,0.8459888053888439,0.7274175575675194,0.6047419381742831,0.6047419381742831,0.7331988565308557
food_site_capacity=4,223,True,False,2.0,1.0,0.30872222222222223,4.513134161348728,0.8545157744893699,0.7557214841479424,0.8555340242116063,0.7557214841479424,0.7312923979981211
food_site_capacity=4,224,True,False,2.0,1.0,0.33916666666666667,5.015304254841655,0.8630454940208369,0.8518067402489943,0.8285055630638472,0.8285055630638472,0.3762609948612
food_site_capacity=4,225,True,False,2.0,1.0,0.33319444444444446,4.990637611595507,0.8950418458292021,0.8286690807993885,0.8275936384246753,0.8275936384246753,0.45183837859957415
food_site_capacity=4,226,True,False,2.0,1.0,0.34680555555555553,5.171383736368339,0.8733358564415087,0.8249014620104567,0.6540238124907982,0.6540238124907982,0.5080363394797286
food_site_capacity=4,227,False,False,0.6726354783602779,0.6726354783602779,0.2989722222222222,3.8170709546411397,0.5381083826882224,0.4061620035784735,0.4094517167756703,0.4061620035784735,0.338190105173884
food_site_capacity=4,228,True,False,2.0,1.0,0.33394444444444443,4.8435910468790535,0.8168033607219247,0.8452644368141581,0.6851182849850139,0.6851182849850139,0.6474285783102559
food_site_capacity=4,229,False,False,0.7162774303300485,0.7162774303300485,0.32813888888888887,4.475999802477873,0.7017047442130113,0.5852213571082028,0.35813871516502427,0.35813871516502427,0.7231376407951838
food_site_capacity=4,230,True,False,2.0,1.0,0.34955555555555556,5.240104034766537,0.8782876804082111,0.8256076495026996,0.8483658794107999,0.8256076495026996,0.3998760649575454
food_site_capacity=4,231,True,False,2.0,1.0,0.3438055555555556,5.049004516001717,0.8384603080180904,0.8091451492555682,0.7451923697647078,0.7451923697647078,0.3613913686775796
food_site_capacity=4,232,True,False,2.0,1.0,0.32675,4.893887317288276,0.9043288441739349,0.8264527921429107,0.7664150339770012,0.7664150339770012,0.46173297891477655
food_site_capacity=4,233,True,False,2.0,1.0,0.32861111111111113,4.809902969626916,0.8267404997243809,0.8171239592793819,0.8000773204327782,0.8000773204327782,0.5542053997777091
food_site_capacity=4,234,True,False,2.0,1.0,0.3564166666666667,5.304935791181777,0.8565736887945401,0.8536112396504042,0.7827238977674857,0.7827238977674857,0.49042179857139884
food_site_capacity=4,235,True,False,2.0,1.0,0.32255555555555554,4.699435325373685,0.8418808410960795,0.8166400582896071,0.8414385829709031,0.8166400582896071,0.6605188182077544
food_site_capacity=4,236,True,False,2.0,1.0,0.33366666666666667,4.9541027369801185,0.8523376116922134,0.8600070219515473,0.8081783701974578,0.8081783701974578,0.223795010240843
food_site_capacity=4,237,True,False,2.0,1.0,0.31616666666666665,4.545604189835843,0.8132081382168654,0.8011721628356804,0.648780013026617,0.648780013026617,0.5596832154439296
food_site_capacity=4,238,True,False,2.0,1.0,0.29130555555555554,4.176288649728029,0.8341090858346498,0.7007645187468172,0.7466404694854464,0.7007645187468172,0.34475659461532104
food_site_capacity=4,239,True,False,2.0,1.0,0.34008333333333335,5.0400213578182775,0.8585323618957618,0.8806569118859345,0.8965827887878397,0.8806569118859345,0.605981509154682
food_site_capacity=4,240,True,False,2.0,1.0,0.31830555555555556,4.6229292683627845,0.8245124812520782,0.867849996863454,0.7324097751214367,0.7324097751214367,0.6197645828456629
food_site_capacity=4,241,True,False,2.0,1.0,0.3508611111111111,5.172865006232306,0.8441571810820592,0.8669848497115465,0.8028032801815062,0.8028032801815062,0.7715200292382551
food_site_capacity=4,242,True,False,2.0,1.0,0.2967777777777778,4.2387968607916,0.8163445324926482,0.747911541509401,0.7801769051456684,0.747911541509401,0.5881566488876492
food_site_capacity=4,243,False,False,0.9598331550843348,0.9598331550843348,0.3273888888888889,4.646805838488738,0.7678665240674678,0.8721833482893888,0.8134235356133416,0.8134235356133416,0.6519985638484601
food_site_capacity=4,244,False,False,0.9856520726491189,0.9856520726491189,0.32772222222222225,4.690918908390488,0.7885216581192952,0.8521061335209352,0.8399530334475942,0.8399530334475942,0.7573589220033579
food_site_capacity=4,245,True,False,2.0,1.0,0.32355555555555554,4.828593415704125,0.8899650862457206,0.8293804247825199,0.5442006440042799,0.5442006440042799,0.4794675850246797
food_site_capacity=4,246,True,False,2.0,1.0,0.3478611111111111,5.220209439538642,0.8775003578467062,0.8481807752996676,0.8001432759577626,0.8001432759577626,0.3809935138674714
food_site_capacity=4,247,False,False,0.43040917845332444,0.43040917845332444,0.29969444444444443,3.8427709511643457,0.5865900632106098,0.23801843351066992,0.21520458922666222,0.21520458922666222,0.5217067944626519
food_site_capacity=4,248,True,False,2.0,1.0,0.33605555555555555,5.0255309706682905,0.8933592359879021,0.8590624079925006,0.856557272073538,0.856557272073538,0.7720830621880405
food_site_capacity=4,249,True,False,2.0,1.0,0.3298888888888889,4.8070431123040045,0.847939552606549,0.8068940470685723,0.6538304626299662,0.6538304626299662,0.6354456040908409
food_site_capacity=4,250,True,False,2.0,1.0,0.33155555555555555,4.959233941600382,0.9006484553742085,0.7703359215570825,0.8372140356071356,0.7703359215570825,0.606127773727285
food_site_capacity=4,251,True,False,2.0,1.0,0.3252777777777778,4.697933286778606,0.8137599921930476,0.8517329672642968,0.8223535123093347,0.8223535123093347,0.7559985703762738
food_site_capacity=4,252,True,False,2.0,1.0,0.32558333333333334,4.814853598747339,0.8780988227140981,0.7895006884467499,0.6671597624117651,0.6671597624117651,0.6066250178618634
food_site_capacity=4,253,True,False,2.0,1.0,0.3060277777777778,4.508340962277339,0.8788856804315556,0.740724029434751,0.5192775938782223,0.5192775938782223,0.5253383007145176
food_site_capacity=4,254,True,False,2.0,1.0,0.3083611111111111,4.645439817638385,0.8906692788041461,0.8609132766304494,0.8215782648574187,0.8215782648574187,0.3035282930510082
food_site_capacity=4,255,True,False,2.0,1.0,0.3348888888888889,4.949187557102903,0.861620513318661,0.8520707371117555,0.7220083247922618,0.7220083247922618,0.8057926552631657
food_site_capacity=4,256,True,False,2.0,1.0,0.33716666666666667,4.981842253720969,0.864913336549137,0.8437504160504332,0.8560523711491822,0.8437504160504332,0.6279872548949103
food_site_capacity=4,257,True,False,2.0,1.0,0.31808333333333333,4.564417409789385,0.8155603602303996,0.7527929761023089,0.7906128062597358,0.7527929761023089,0.49491625223129293
food_site_capacity=4,258,True,False,2.0,1.0,0.3126666666666667,4.514604147561427,0.8065997111616273,0.8767083627631904,0.8225611394730262,0.8225611394730262,0.3942291106661651
food_site_capacity=4,259,True,False,2.0,1.0,0.33088888888888884,4.869038721776477,0.8523768228791162,0.8070634879231423,0.6818908640263278,0.6818908640263278,0.30348967333113425
food_site_capacity=4,260,True,False,2.0,1.0,0.3428888888888889,5.114498040569371,0.8721713116120299,0.8734483150589986,0.8746465825092553,0.8734483150589986,0.7103059765298957
food_site_capacity=4,261,True,False,2.0,1.0,0.3414444444444445,5.122143317923255,0.8874363885060371,0.8389889046033602,0.8222821958363898,0.8222821958363898,0.7883719467636607
food_site_capacity=4,262,False,False,0.9512456489873493,0.9512456489873493,0.3115277777777778,4.536331114459112,0.8584575732465515,0.8363468551737177,0.47562282449367466,0.47562282449367466,0.3946245058552942
food_site_capacity=4,263,True,False,2.0,1.0,0.32908333333333334,4.788464273402997,0.8145276396656539,0.7640936765330683,0.7586356915641245,0.7586356915641245,0.41065718681445584
food_site_capacity=4,264,True,False,2.0,1.0,0.3302222222222222,4.922600446345928,0.8650581049797599,0.8753753662981445,0.8462060900579255,0.8462060900579255,0.3260686410298376
food_site_capacity=4,265,True,False,2.0,1.0,0.3472222222222222,5.179896642448957,0.8658840763552166,0.8524548290112131,0.7566348376552132,0.7566348376552132,0.29120804533614386
food_site_capacity=4,266,True,False,2.0,1.0,0.3256388888888889,4.80106149981252,0.8539885423894447,0.8622656193495017,0.8599880719048822,0.8599880719048822,0.5779979100314204
food_site_capacity=4,267,True,False,2.0,1.0,0.31230555555555556,4.5142599388311275,0.8160831457268406,0.8336199759104714,0.6630700564518585,0.6630700564518585,0.8751229097488912
food_site_capacity=4,268,True,False,2.0,1.0,0.3133888888888889,4.512520720750822,0.8290860065974123,0.8205839566233735,0.6605132902613364,0.6605132902613364,0.2679544088664393
food_site_capacity=4,269,True,False,2.0,1.0,0.3026111111111111,4.448604517474169,0.8721139062055774,0.7235190221193305,0.691651110952009,0.691651110952009,0.6085203688201698
food_site_capacity=4,270,True,False,2.0,1.0,0.3171666666666667,4.6784216325197585,0.8665093069613009,0.8038105505797579,0.8562071324718123,0.8038105505797579,0.5755038444288024
food_site_capacity=4,271,False,False,0.9902603253803766,0.9902603253803766,0.31183333333333335,4.43829513607695,0.7922082603043012,0.7767780654836377,0.731581973101859,0.731581973101859,0.3525152669060769
food_site_capacity=4,272,True,False,2.0,1.0,0.3298611111111111,4.893272435103214,0.8706438166863454,0.8793915706354566,0.6536291634381022,0.6536291634381022,0.6115338722856245
food_site_capacity=4,273,True,False,2.0,1.0,0.31575000000000003,4.6124076908591825,0.8375191588975116,0.8199054990940932,0.6086962053143092,0.6086962053143092,0.5480088361316753
food_site_capacity=4,274,True,False,2.0,1.0,0.3176388888888889,4.682714291745486,0.8687441430012934,0.7331938555748259,0.6502185878854498,0.6502185878854498,0.29447514252612444
food_site_capacity=4,275,True,False,2.0,1.0,0.3055833333333334,4.472434002585496,0.8402442713326992,0.8008234074542695,0.7446547126698768,0.7446547126698768,0.610675104596671
food_site_capacity=4,276,False,False,0.990802437554986,0.990802437554986,0.3376388888888889,4.853555599169028,0.7926419500439889,0.840859251122711,0.7755150074137128,0.7755150074137128,0.3790696597969977
food_site_capacity=4,277,True,False,2.0,1.0,0.32519444444444445,4.6466910072208245,0.8033942920111248,0.7547544690446967,0.6736834675877993,0.6736834675877993,0.5047963058621431
food_site_capacity=4,278,False,False,0.9886671119865529,0.9886671119865529,0.3141666666666667,4.523286922724489,0.7909336895892424,0.8811007153643019,0.8000756431442304,0.8000756431442304,0.3444018459004844
food_site_capacity=4,279,True,False,2.0,1.0,0.3184722222222222,4.610991319303595,0.8232172703952954,0.8383776110570272,0.7746141668622045,0.7746141668622045,0.7074699856106005
food_site_capacity=4,280,True,False,2.0,1.0,0.3192222222222222,4.671455004105449,0.8393015590126254,0.8174976807757262,0.7423724702155232,0.7423724702155232,0.8080969778815328
food_site_capacity=4,281,True,False,2.0,1.0,0.32905555555555555,4.786952716932956,0.8386552898380023,0.7988192871346453,0.7630076658904195,0.7630076658904195,0.6043817723727603
food_site_capacity=4,282,True,False,2.0,1.0,0.29244444444444445,4.3804836598677435,0.9112199977410703,0.818417773760105,0.8114610780763818,0.8114610780763818,0.6969237333278326
food_site_capacity=4,283,True,False,2.0,1.0,0.32622222222222225,4.746653921979095,0.8260070062100451,0.8608895415542955,0.6738233642262687,0.6738233642262687,0.5315804085287702
food_site_capacity=4,284,True,False,2.0,1.0,0.34522222222222226,5.204333227233022,0.922841120264241,0.7961434819885522,0.6764376019976367,0.6764376019976367,0.7797745292896826
food_site_capacity=4,285,True,False,2.0,1.0,0.3098611111111111,4.573228342608118,0.8834813336370723,0.7811079527068762,0.7196078931473554,0.7196078931473554,0.6843259667301443
food_site_capacity=4,286,False,False,0.9668359332467563,0.9668359332467563,0.3219166666666667,4.577961712694844,0.773468746597405,0.8322385463497457,0.8020505752646682,0.8020505752646682,0.4572666491828955
food_site_capacity=4,287,True,False,2.0,1.0,0.32761111111111113,4.7227095201837,0.8035584246291018,0.7889099826379713,0.742133783706883,0.742133783706883,0.5154882368861683
food_site_capacity=4,288,True,False,2.0,1.0,0.3225,4.698173894753912,0.846533946688054,0.7274584510541691,0.7418987153510965,0.7274584510541691,0.5221340085363337
food_site_capacity=4,289,True,False,2.0,1.0,0.3282777777777778,4.82833876785541,0.8552393832055387,0.7492274070678876,0.6591260580218488,0.6591260580218488,0.5209039329856341
food_site_capacity=4,290,True,False,2.0,1.0,0.33761111111111114,5.06100824125892,0.8851965972346006,0.8713740255438471,0.7493136428018637,0.7493136428018637,0.3944629352160994
food_site_capacity=4,291,True,False,2.0,1.0,0.3450277777777778,5.103222395004991,0.846966471847432,0.8191018661613102,0.7895315230913724,0.7895315230913724,0.7109880259704872
food_site_capacity=4,292,True,False,2.0,1.0,0.3169166666666667,4.618056130639679,0.8518054642368613,0.7259743773396032,0.7705666984841721,0.7259743773396032,0.2929814525291386
food_site_capacity=4,293,True,False,2.0,1.0,0.333,4.8550663474990055,0.8457678390762353,0.7591408320916122,0.7185603254445158,0.7185603254445158,0.7939586812803585
food_site_capacity=4,294,True,False,2.0,1.0,0.3407222222222222,4.964275156043483,0.8306235469170189,0.854517380137154,0.834682738767439,0.834682738767439,0.5066842116073597
food_site_capacity=4,295,True,False,2.0,1.0,0.3229444444444444,4.736384059441116,0.8616202020934746,0.808533830986221,0.7789897623501333,0.7789897623501333,0.442433245234619
food_site_capacity=4,296,True,False,2.0,1.0,0.3248333333333333,4.756147826319988,0.8589531060841195,0.8163419722620355,0.6660145410602653,0.6660145410602653,0.4282485265946779
food_site_capacity=4,297,True,False,2.0,1.0,0.32599999999999996,4.851443665923244,0.8925926687319701,0.804360496249844,0.6366864041006558,0.6366864041006558,0.6833137866295188
food_site_capacity=4,298,True,False,2.0,1.0,0.33088888888888884,4.917647940350319,0.8780244879376387,0.8762648623421843,0.848979893074227,0.848979893074227,0.43065774186445144
food_site_capacity=4,299,False,False,0.9701726218351773,0.9701726218351773,0.3343055555555556,4.789799770790832,0.7761380974681419,0.8292752710967706,0.8582680418985749,0.8292752710967706,0.5330794999706182
vertical_comb_benefit=0.4400,200,True,False,2.0,1.0,0.30877777777777776,4.193062252572868,0.8783860602952575,0.7096545739423159,0.691357687415251,0.691357687415251,0.5502211300822183
vertical_comb_benefit=0.4400,201,True,False,2.0,1.0,0.3283333333333333,4.561438092695829,0.8949902702727911,0.7860587937531885,0.6755462584169386,0.6755462584169386,0.367450990212206
vertical_comb_benefit=0.4400,202,True,False,2.0,1.0,0.3155833333333333,4.281587486186897,0.845039456367202,0.8228730182155443,0.8144797596503778,0.8144797596503778,0.5402866760441992
vertical_comb_benefit=0.4400,203,False,False,0.9565180068379673,0.9565180068379673,0.3020833333333333,3.9439242397297276,0.7853213243795093,0.6925029604741825,0.47825900341898364,0.47825900341898364,0.6608929386387747
vertical_comb_benefit=0.4400,204,True,False,2.0,1.0,0.33747222222222223,4.620379520937596,0.8568209597253253,0.7954195290749304,0.6865815310139278,0.6865815310139278,0.7678970880665817
vertical_comb_benefit=0.4400,205,True,False,2.0,1.0,0.32316666666666666,4.376743096099052,0.8286172478796835,0.8207144841083683,0.7949416632414827,0.7949416632414827,0.7211183958859383
vertical_comb_benefit=0.4400,206,True,False,2.0,1.0,0.32269444444444445,4.449902818029041,0.8629964128707234,0.7965827476268408,0.7948689106743374,0.7948689106743374,0.7259654168300828
vertical_comb_benefit=0.4400,207,True,False,2.0,1.0,0.3356388888888889,4.608490753711249,0.8483852086104327,0.8349091722304298,0.7300016723623705,0.7300016723623705,0.44169682159496154
vertical_comb_benefit=0.4400,208,True,False,2.0,1.0,0.3407222222222222,4.706083104563466,0.8502918145150996,0.870542383303843,0.8229934769823278,0.8229934769823278,0.6263774003694749
vertical_comb_benefit=0.4400,209,False,False,0.9977655858006949,0.9977655858006949,0.33897222222222223,4.556184223107923,0.798212468640556,0.8540156279774277,0.7021666426916687,0.7021666426916687,0.49214482056390846
vertical_comb_benefit=0.4400,210,False,False,0.9947869295321691,0.9947869295321691,0.31166666666666665,4.148541682359877,0.7958295436257353,0.7427183951509988,0.6389911307312335,0.6389911307312335,0.3595667670056587
vertical_comb_benefit=0.4400,211,True,False,2.0,1.0,0.31672222222222224,4.440440585315192,0.9224070683706344,0.820615873333155,0.7649541665478622,0.7649541665478622,0.7332148848815822
vertical_comb_benefit=0.4400,212,True,False,2.0,1.0,0.3384444444444445,4.663105094189875,0.858042655795177,0.8570582748276916,0.8249449371449515,0.8249449371449515,0.5725638580037822
vertical_comb_benefit=0.4400,213,True,False,2.0,1.0,0.33794444444444444,4.633819537121611,0.8609925028111455,0.8235479935223614,0.5967428655741063,0.5967428655741063,0.49456116843967074
vertical_comb_benefit=0.4400,214,True,False,2.0,1.0,0.3447777777777778,4.783313480287344,0.8757466520748444,0.8040188927394719,0.7907594493342898,0.7907594493342898,0.5896168205735213
vertical_comb_benefit=0.4400,215,True,False,2.0,1.0,0.33249999999999996,4.631382490296242,0.8954471639362509,0.7522585367883189,0.6829354956269513,0.6829354956269513,0.592251603676082
vertical_comb_benefit=0.4400,216,True,False,2.0,1.0,0.32325,4.463240168013194,0.8870594444103794,0.8182145426294511,0.7994596780725034,0.7994596780725034,0.789709189974531
vertical_comb_benefit=0.4400,217,True,False,2.0,1.0,0.33411111111111114,4.64536166240365,0.897377629174434,0.820703251148733,0.8227844819675482,0.820703251148733,0.5165013494939317
vertical_comb_benefit=0.4400,218,True,False,2.0,1.0,0.3260277777777778,4.483371559110181,0.852742800391698,0.8439141731342802,0.7936895610894585,0.7936895610894585,0.48290427655021056
vertical_comb_benefit=0.4400,219,True,False,2.0,1.0,0.3392222222222222,4.654826137881397,0.8464179267707166,0.8030795842980962,0.8271495879736862,0.8030795842980962,0.4409288165361668
vertical_comb_benefit=0.4400,220,True,False,2.0,1.0,0.3368333333333334,4.599594896371087,0.8440565177314908,0.8432442815157014,0.8293920617842611,0.8293920617842611,0.5893501735246961
vertical_comb_benefit=0.4400,221,False,False,0.29902931617283124,0.29902931617283124,0.31280555555555556,3.6669510811910855,0.47527545588322423,0.17862424446254974,0.14951465808641562,0.14951465808641562,0.4807570336089247
vertical_comb_benefit=0.4400,222,False,False,0.9780612419684135,0.9780612419684135,0.32119444444444445,4.286606769520955,0.7824489935747309,0.7961592791682132,0.7755490192495105,0.7755490192495105,0.48604184145711216
vertical_comb_benefit=0.4400,223,True,False,2.0,1.0,0.31833333333333336,4.388125217733662,0.8940019317412841,0.7409497552938998,0.7332617230613241,0.7332617230613241,0.6976457340221424
vertical_comb_benefit=0.4400,224,True,False,2.0,1.0,0.3263888888888889,4.413739333691622,0.843868397274616,0.8087459539720491,0.7108030604259603,0.7108030604259603,0.7824126373190626
vertical_comb_benefit=0.4400,225,True,False,2.0,1.0,0.31727777777777777,4.318585462916632,0.8525446210295791,0.8519845523500822,0.7705247011052987,0.7705247011052987,0.7652772938178777
vertical_comb_benefit=0.4400,226,True,False,2.0,1.0,0.3243611111111111,4.409023593608743,0.83930150422796,0.8399817261939572,0.6294352163147839,0.6294352163147839,0.7571437998937484
vertical_comb_benefit=0.4400,227,True,False,2.0,1.0,0.31616666666666665,4.232645279948865,0.8208804625210678,0.8118221891091051,0.5411070936832428,0.5411070936832428,0.5994381522652414
vertical_comb_benefit=0.4400,228,True,False,2.0,1.0,0.3425,4.743817002668362,0.8598428679227773,0.8847584499316222,0.7221581978013488,0.7221581978013488,0.4417325573494484
vertical_comb_benefit=0.4400,229,False,False,0.8995709335258413,0.8995709335258413,0.3060555555555556,3.9444899490396645,0.719656746820673,0.657632254038622,0.601987644954431,0.601987644954431,0.4610014291478393
vertical_comb_benefit=0.4400,230,True,False,2.0,1.0,0.3236666666666667,4.436155750126826,0.8608439903273711,0.8223300489576146,0.7001989596414118,0.7001989596414118,0.5350734301292148
vertical_comb_benefit=0.4400,231,True,False,2.0,1.0,0.3297777777777778,4.565274879058644,0.894578910375793,0.8242320534381345,0.8160691214003927,0.8160691214003927,0.4788616566243741
vertical_comb_benefit=0.4400,232,True,False,2.0,1.0,0.3259166666666667,4.460196537378997,0.8551382713657588,0.8765552311821244,0.7253307179272259,0.7253307179272259,0.4923898626841386
vertical_comb_benefit=0.4400,233,True,False,2.0,1.0,0.33275,4.581586005344866,0.8778576884378968,0.8074954903616802,0.8248322337607503,0.8074954903616802,0.5671919263116847
vertical_comb_benefit=0.4400,234,True,False,2.0,1.0,0.3380555555555556,4.7015554205812355,0.8927049463180112,0.7981390547215574,0.76583360679888,0.76583360679888,0.5929227188538345
vertical_comb_benefit=0.4400,235,True,False,2.0,1.0,0.3516944444444444,4.8662884674380695,0.8644050785980183,0.8534718821223427,0.8358748830239814,0.8358748830239814,0.6532313149646999
vertical_comb_benefit=0.4400,236,True,False,2.0,1.0,0.32775,4.51151498204726,0.864265529157364,0.8458917447020274,0.7078093578211043,0.7078093578211043,0.49028615500588657
vertical_comb_benefit=0.4400,237,True,False,2.0,1.0,0.3343055555555556,4.551367518245956,0.8264379300928096,0.8531564907688226,0.8050267152053504,0.8050267152053504,0.6322179064717853
vertical_comb_benefit=0.4400,238,True,False,2.0,1.0,0.33458333333333334,4.548414807733181,0.8131820894708396,0.8562427845187828,0.8473644689511614,0.8473644689511614,0.23030898651753703
vertical_comb_benefit=0.4400,239,True,False,2.0,1.0,0.30936111111111114,4.205527483367335,0.8747418186586524,0.7054215562052104,0.6412491238249912,0.6412491238249912,0.606208230610198
vertical_comb_benefit=0.4400,240,True,False,2.0,1.0,0.3353888888888889,4.57318260189888,0.8294159823438215,0.8415951552481887,0.7961765450593582,0.7961765450593582,0.3707578049274904
vertical_comb_benefit=0.4400,241,True,False,2.0,1.0,0.3322777777777778,4.599917291167661,0.8742840294912442,0.7933465447005846,0.8500783418658827,0.7933465447005846,0.6520323515064195
vertical_comb_benefit=0.4400,242,True,False,2.0,1.0,0.297,4.008376173077944,0.8381132486858303,0.8020230881118099,0.7546934114876575,0.7546934114876575,0.43022100618384207
vertical_comb_benefit=0.4400,243,True,False,2.0,1.0,0.3471388888888889,4.826779623672193,0.8883701594594328,0.8506397935485304,0.8187477947281442,0.8187477947281442,0.738086356164952
vertical_comb_benefit=0.4400,244,True,False,2.0,1.0,0.3113888888888889,4.316242998377447,0.8811752098864646,0.859278084085181,0.7043914548636839,0.7043914548636839,0.5576370431109547
vertical_comb_benefit=0.4400,245,True,False,2.0,1.0,0.34594444444444444,4.750276314824683,0.8345979828398774,0.9017857805979175,0.872307087116385,0.872307087116385,0.38836661304949555
vertical_comb_benefit=0.4400,246,True,False,2.0,1.0,0.33383333333333337,4.583429502414486,0.860484733974312,0.7977622914561296,0.6589178343850234,0.6589178343850234,0.6536431472411335
vertical_comb_benefit=0.4400,247,True,False,2.0,1.0,0.30777777777777776,4.1377833968474045,0.8241556782594617,0.7991067946567522,0.7824022877746335,0.7824022877746335,0.6695446710407187
vertical_comb_benefit=0.4400,248,True,False,2.0,1.0,0.3231111111111111,4.431908281267808,0.8562454574651102,0.8238730746698465,0.8332423632229453,0.8238730746698465,0.6611751356023249
vertical_comb_benefit=0.4400,249,True,False,2.0,1.0,0.3171666666666667,4.277078399785633,0.8009998063126532,0.8381542488147706,0.8361932830075213,0.8361932830075213,0.4751505205875945
vertical_comb_benefit=0.4400,250,True,False,2.0,1.0,0.33366666666666667,4.560930086546937,0.8462038124502193,0.8185118733245227,0.8261713550022914,0.8185118733245227,0.8164048729579881
vertical_comb_benefit=0.4400,251,True,False,2.0,1.0,0.32761111111111113,4.460994747449184,0.8201015414962417,0.8171325558686316,0.8643883070797552,0.8171325558686316,0.25111658414952304
vertical_comb_benefit=0.4400,252,True,False,2.0,1.0,0.35194444444444445,4.808268157832583,0.8272946477482374,0.832449829456943,0.7606752516048986,0.7606752516048986,0.4467158395275991
vertical_comb_benefit=0.4400,253,True,False,2.0,1.0,0.33116666666666666,4.51530407759349,0.8554465485316294,0.8260446445747971,0.7901669435291071,0.7901669435291071,0.8007570011046916
vertical_comb_benefit=0.4400,254,True,False,2.0,1.0,0.33166666666666667,4.520300637536603,0.8640450727250244,0.7736399861041042,0.7834109324697471,0.7736399861041042,0.6001432198031235
vertical_comb_benefit=0.4400,255,True,False,2.0,1.0,0.3021111111111111,4.0720791463961215,0.8380702260039893,0.710428740841042,0.714848536932869,0.710428740841042,0.6760274773292073
vertical_comb_benefit=0.4400,256,True,False,2.0,1.0,0.3191388888888889,4.354338641275867,0.8620549648702738,0.8486938183117044,0.6085394675645533,0.6085394675645533,0.3707995800099166
vertical_comb_benefit=0.4400,257,True,False,2.0,1.0,0.30269444444444443,4.107880904322742,0.8662063003979271,0.7321698836841609,0.6741607733335304,0.6741607733335304,0.6096271446481941
vertical_comb_benefit=0.4400,258,True,False,2.0,1.0,0.3277777777777778,4.534646703661034,0.9016632734839848,0.8009107011618848,0.673936643014395,0.673936643014395,0.4795480962844192
vertical_comb_benefit=0.4400,259,True,False,2.0,1.0,0.31799999999999995,4.336994486539039,0.8442625405430866,0.8409687984345771,0.7896384726356759,0.7896384726356759,0.5824246625567283
vertical_comb_benefit=0.4400,260,True,False,2.0,1.0,0.2867222222222222,3.8267020110854033,0.8343809186652705,0.679602897783665,0.629483136045863,0.629483136045863,0.4582786109479432
vertical_comb_benefit=0.4400,261,False,False,0.9721998261619065,0.9721998261619065,0.3258055555555555,4.357295556414841,0.7777598609295252,0.7875982189105479,0.8220552961301365,0.7875982189105479,0.5764225407391449
vertical_comb_benefit=0.4400,262,True,False,2.0,1.0,0.2931666666666667,3.9085419340305765,0.8055373602130359,0.7872969200316583,0.6759909999042016,0.6759909999042016,0.2851436077943499
vertical_comb_benefit=0.4400,263,False,False,0.9985762200376123,0.9985762200376123,0.3306388888888889,4.44035524002386,0.7988609760300899,0.8290818110913077,0.9045316239934356,0.8290818110913077,0.6229137848930935
vertical_comb_benefit=0.4400,264,True,False,2.0,1.0,0.33691666666666664,4.719188796913886,0.9144134762484704,0.7849501641842007,0.5613965108955861,0.5613965108955861,0.30734599862067646
vertical_comb_benefit=0.4400,265,True,False,2.0,1.0,0.2996111111111111,4.081887417983739,0.8640647140570467,0.8438881238711582,0.6590260888255075,0.6590260888255075,0.46693450730088604
vertical_comb_benefit=0.4400,266,True,False,2.0,1.0,0.3233888888888889,4.500866823563194,0.9051400489584006,0.8688747732607933,0.7970584843596283,0.7970584843596283,0.538174079828143
vertical_comb_benefit=0.4400,267,True,False,2.0,1.0,0.3267777777777778,4.486786910246437,0.8735418609045508,0.7934443497776973,0.6395918699539688,0.6395918699539688,0.7349875296805586
vertical_comb_benefit=0.4400,268,True,False,2.0,1.0,0.32122222222222224,4.422054448291875,0.8691246367533573,0.8311124563697896,0.8037230532515062,0.8037230532515062,0.20009663207646003
vertical_comb_benefit=0.4400,269,False,False,0.9160594113404105,0.9160594113404105,0.3188333333333333,4.156998403513422,0.7328475290723284,0.8086022411079701,0.7828289812428523,0.7828289812428523,0.5171922457521473
vertical_comb_benefit=0.4400,270,True,False,2.0,1.0,0.33358333333333334,4.486997902965443,0.8093992858957841,0.7687171774160964,0.8044553029035505,0.7687171774160964,0.5622235567506653
vertical_comb_benefit=0.4400,271,True,False,2.0,1.0,0.31966666666666665,4.364015502434258,0.8491262250391689,0.7224129579259295,0.7081176451986081,0.7081176451986081,0.3595880148862103
vertical_comb_benefit=0.4400,272,False,False,0.9999854129050779,0.9999854129050779,0.31430555555555556,4.192997791898419,0.7999883303240624,0.8119969049575421,0.8219215495646455,0.8119969049575421,0.31509038560780106
vertical_comb_benefit=0.4400,273,False,False,0.5209161936827309,0.5209161936827309,0.3189444444444444,3.656524445362109,0.4167329549461848,0.32131812474899124,0.28612311110232813,0.28612311110232813,0.7202273194977824
vertical_comb_benefit=0.4400,274,False,False,0.3764839614783405,0.3764839614783405,0.31625000000000003,3.587143866120171,0.37047937746833465,0.18824198073917026,0.2827265214831608,0.18824198073917026,0.471747673318568
vertical_comb_benefit=0.4400,275,True,False,2.0,1.0,0.3171666666666667,4.316076929851832,0.8451245725234191,0.782811722973673,0.6075482187896414,0.6075482187896414,0.3258609850825333
vertical_comb_benefit=0.4400,276,True,False,2.0,1.0,0.2976388888888889,4.001328124366046,0.8718265308238871,0.6319107496335649,0.8082755413649881,0.6319107496335649,0.7186214673055438
vertical_comb_benefit=0.4400,277,True,False,2.0,1.0,0.32408333333333333,4.494077727332952,0.8932804887314286,0.7979424968887567,0.6816550679454988,0.6816550679454988,0.581039231019289
vertical_comb_benefit=0.4400,278,True,False,2.0,1.0,0.3451388888888889,4.819142271069099,0.8947312630065344,0.8217541419496652,0.7288438597624849,0.7288438597624849,0.7485609148548148
vertical_comb_benefit=0.4400,279,True,False,2.0,1.0,0.3501944444444444,4.867250281005369,0.8826159721071127,0.8767450108318291,0.6774904947494348,0.6774904947494348,0.6494307401889535
vertical_comb_benefit=0.4400,280,True,False,2.0,1.0,0.34025,4.620001903353814,0.8367081922737156,0.7801751850086764,0.7531125256895143,0.7531125256895143,0.6505963036545542
vertical_comb_benefit=0.4400,281,True,False,2.0,1.0,0.29994444444444446,3.973296020332747,0.8065371082093359,0.8488213302579678,0.6163541919441253,0.6163541919441253,0.7561563754732374
vertical_comb_benefit=0.4400,282,True,False,2.0,1.0,0.32472222222222225,4.405126781880916,0.8221465322192377,0.8247198408303266,0.7986274158253366,0.7986274158253366,0.6768887421074566
vertical_comb_benefit=0.4400,283,True,False,2.0,1.0,0.33013888888888887,4.572306830548168,0.8798738265423203,0.833096499121862,0.7324114537012786,0.7324114537012786,0.26801594412554175
vertical_comb_benefit=0.4400,284,True,False,2.0,1.0,0.3248888888888889,4.449519809940262,0.8480107729234145,0.8163193539082513,0.8494107265860019,0.8163193539082513,0.6060821063911367
vertical_comb_benefit=0.4400,285,False,False,0.7788023162776431,0.7788023162776431,0.32275,4.043468675481161,0.6230418530221145,0.47956144131047684,0.5139183882475523,0.47956144131047684,0.7624723403291362
vertical_comb_benefit=0.4400,286,True,False,2.0,1.0,0.32916666666666666,4.523647406370293,0.8547119128512546,0.8235222117393577,0.7582705924531622,0.7582705924531622,0.27781555838594485
vertical_comb_benefit=0.4400,287,True,False,2.0,1.0,0.3208888888888889,4.3709438868813235,0.8366925354355614,0.8169117289950182,0.8476139416807243,0.8169117289950182,0.3658143779862674
vertical_comb_benefit=0.4400,288,True,False,2.0,1.0,0.3123888888888889,4.278495411374624,0.8816092386515011,0.76523728718191,0.7806568044100827,0.76523728718191,0.5935658452510102
vertical_comb_benefit=0.4400,289,True,False,2.0,1.0,0.3249722222222223,4.519117337765613,0.9081518132870953,0.7571293569238619,0.7779112571243595,0.7571293569238619,0.6378112289939983
vertical_comb_benefit=0.4400,290,True,False,2.0,1.0,0.30430555555555555,4.154648405103747,0.8653810893313463,0.6638790925288782,0.5851362975127524,0.5851362975127524,0.34531454753455054
vertical_comb_benefit=0.4400,291,True,False,2.0,1.0,0.3244166666666667,4.426144899892946,0.84375356375281,0.7316293213964786,0.757745765879914,0.7316293213964786,0.5153712772366987
vertical_comb_benefit=0.4400,292,True,False,2.0,1.0,0.34838888888888886,4.822887158418072,0.8669657558620546,0.8243372755828685,0.6238250064946518,0.6238250064946518,0.731609864376938
vertical_comb_benefit=0.4400,293,True,False,2.0,1.0,0.3401111111111111,4.730328906275235,0.9007070876192825,0.8590244205551764,0.774551480262595,0.774551480262595,0.6839344696509845
vertical_comb_benefit=0.4400,294,False,False,0.38648297406975635,0.38648297406975635,0.2986388888888889,3.4778856441324595,0.4669918034637027,0.2868176113699704,0.19324148703487817,0.19324148703487817,0.46523997408084383
vertical_comb_benefit=0.4400,295,True,False,2.0,1.0,0.3105277777777778,4.2355033153719335,0.8699895545368361,0.7503709796328727,0.7267493778904701,0.7267493778904701,0.6404240678263877
vertical_comb_benefit=0.4400,296,True,False,2.0,1.0,0.32969444444444446,4.478566603382475,0.8486780819750268,0.8074142194385027,0.6712672947126628,0.6712672947126628,0.6655138331685738
vertical_comb_benefit=0.4400,297,True,False,2.0,1.0,0.32266666666666666,4.367655058909914,0.8392610308141268,0.8653154977672494,0.6676451673922909,0.6676451673922909,0.7391385181111849
vertical_comb_benefit=0.4400,298,True,False,2.0,1.0,0.3424722222222222,4.703837339964398,0.8630099004176451,0.7902255223543247,0.8115926213671414,0.7902255223543247,0.4464412316743003
vertical_comb_benefit=0.4400,299,True,False,2.0,1.0,0.3404166666666667,4.748744361768868,0.8777682522454882,0.8310435854442364,0.8213884514753428,0.8213884514753428,0.6898412067360886
vertical_comb_benefit=0.4800,200,True,False,2.0,1.0,0.33572222222222226,4.699720572816418,0.8640416608175218,0.8158364074292742,0.8144975187815435,0.8144975187815435,0.5569821197180779
vertical_comb_benefit=0.4800,201,True,False,2.0,1.0,0.3363888888888889,4.651367056974411,0.8074780057413637,0.8192238058446352,0.731278454933337,0.731278454933337,0.48218971780532294
vertical_comb_benefit=0.4800,202,True,False,2.0,1.0,0.31713888888888886,4.3434036214160825,0.8081182144800281,0.8629426392358127,0.8011113480496017,0.8011113480496017,0.7311635908053195
vertical_comb_benefit=0.4800,203,True,False,2.0,1.0,0.31366666666666665,4.268835826832044,0.8060042863491365,0.7514159179925921,0.7646508344076192,0.7514159179925921,0.7317124835580914
vertical_comb_benefit=0.4800,204,False,False,0.5799747671840465,0.5799747671840465,0.3066111111111111,3.655141624671849,0.4717670498692688,0.28998738359202325,0.39278013472003637,0.28998738359202325,0.4705022603834505
vertical_comb_benefit=0.4800,205,True,False,2.0,1.0,0.34222222222222226,4.878890518509054,0.8814725232644555,0.8332444997359094,0.7045291104852546,0.7045291104852546,0.720508304856647
vertical_comb_benefit=0.4800,206,True,False,2.0,1.0,0.3507777777777778,4.919616465087082,0.8411227311023559,0.789370604015424,0.699145197375231,0.699145197375231,0.529371562402685
vertical_comb_benefit=0.4800,207,True,False,2.0,1.0,0.3313888888888889,4.666926041237583,0.8639965636119045,0.8700724832492088,0.8126179915283473,0.8126179915283473,0.6860672959345666
vertical_comb_benefit=0.4800,208,True,False,2.0,1.0,0.3220555555555556,4.495092377468998,0.8435861215787909,0.8283863340349321,0.7765778166561638,0.7765778166561638,0.48356545961589
vertical_comb_benefit=0.4800,209,True,False,2.0,1.0,0.3174444444444445,4.404984475030769,0.8416322348736259,0.7886331659507321,0.5069335151163288,0.5069335151163288,0.6456976748563122
vertical_comb_benefit=0.4800,210,True,False,2.0,1.0,0.3345,4.625157195255885,0.8228878248864254,0.847169364908304,0.7601736108143785,0.7601736108143785,0.5724640903441716
vertical_comb_benefit=0.4800,211,True,False,2.0,1.0,0.3189722222222222,4.449563420661738,0.8490407637400312,0.8138506083896456,0.7096931790281528,0.7096931790281528,0.38725322149438246
vertical_comb_benefit=0.4800,212,True,False,2.0,1.0,0.3010555555555555,4.128969986893876,0.8170001218206643,0.827129349953363,0.7212514786310625,0.7212514786310625,0.5081757563193099
vertical_comb_benefit=0.4800,213,True,False,2.0,1.0,0.3122777777777778,4.379454509406452,0.8688674453903338,0.7231223483777096,0.8002630581306728,0.7231223483777096,0.6429100524254934
vertical_comb_benefit=0.4800,214,True,False,2.0,1.0,0.33844444444444444,4.795829859538382,0.86850150894518,0.8666662474266983,0.7562025653096904,0.7562025653096904,0.3954072217560572
vertical_comb_benefit=0.4800,215,False,False,0.9943104226793112,0.9943104226793112,0.3221111111111111,4.4283400335742344,0.7954483381434491,0.8026330114057553,0.7976416056166584,0.7976416056166584,0.5592365071862072
vertical_comb_benefit=0.4800,216,True,False,2.0,1.0,0.31908333333333333,4.441652783732925,0.8447136890098296,0.7719489222741462,0.7976147813278914,0.7719489222741462,0.3640145870913286
vertical_comb_benefit=0.4800,217,True,False,2.0,1.0,0.3378888888888889,4.765006429770697,0.8564341601376,0.8210366198997057,0.7244179376424867,0.7244179376424867,0.6077957998847913
vertical_comb_benefit=0.4800,218,False,False,0.9979706805987939,0.9979706805987939,0.31669444444444445,4.356440999422262,0.7983765444790352,0.771521504514387,0.7321658679032399,0.7321658679032399,0.3102762147139299
vertical_comb_benefit=0.4800,219,True,False,2.0,1.0,0.33341666666666664,4.716500846755981,0.8854498967313962,0.8372414159494289,0.5660468199496809,0.5660468199496809,0.7017168294168582
vertical_comb_benefit=0.4800,220,True,False,2.0,1.0,0.33652777777777776,4.741529523284077,0.8449654547565794,0.8715497501571948,0.8402055598842484,0.8402055598842484,0.5447098944879338
vertical_comb_benefit=0.4800,221,True,False,2.0,1.0,0.3239444444444445,4.4681189789889135,0.8206717305442905,0.7003010520683816,0.7875704393225756,0.7003010520683816,0.4368070022324142
vertical_comb_benefit=0.4800,222,True,False,2.0,1.0,0.31958333333333333,4.477717952134924,0.8738347815790842,0.7955973589762215,0.8170685812855374,0.7955973589762215,0.6533760236932912
vertical_comb_benefit=0.4800,223,True,False,2.0,1.0,0.33166666666666667,4.7094220114534595,0.8696592337528094,0.8305684425768171,0.7723208540543111,0.7723208540543111,0.6174813786576034
vertical_comb_benefit=0.4800,224,True,False,2.0,1.0,0.3308055555555555,4.607024988581596,0.8391873214282575,0.8336313663601717,0.8901398798518522,0.8336313663601717,0.7595537889731369
vertical_comb_benefit=0.4800,225,True,False,2.0,1.0,0.3263888888888889,4.583117557822945,0.8415855439239105,0.8423354300827418,0.7039396582370581,0.7039396582370581,0.41986376621180327
vertical_comb_benefit=0.4800,226,True,False,2.0,1.0,0.33486111111111116,4.680104257050619,0.8245274792287476,0.8406091439234057,0.7571231821918301,0.7571231821918301,0.1751605871087647
vertical_comb_benefit=0.4800,227,True,False,2.0,1.0,0.3130833333333333,4.457644225612065,0.8757406722696413,0.8132281584959181,0.7523057385122142,0.7523057385122142,0.2923415569327191
vertical_comb_benefit=0.4800,228,True,False,2.0,1.0,0.32105555555555554,4.502869666997929,0.8679393990195788,0.802992651873519,0.7828040053274742,0.7828040053274742,0.28821538623429305
vertical_comb_benefit=0.4800,229,True,False,2.0,1.0,0.29738888888888887,4.144875846506814,0.8544231004778083,0.7139286157880274,0.7185719699578809,0.7139286157880274,0.38742921593128204
vertical_comb_benefit=0.4800,230,True,False,2.0,1.0,0.33355555555555555,4.734906457107683,0.8911818140555199,0.7806030502027635,0.7232030970297172,0.7232030970297172,0.625491514598459
vertical_comb_benefit=0.4800,231,False,False,0.9542512129695847,0.9542512129695847,0.31805555555555554,4.322569560660572,0.7634009703756678,0.7595704148395527,0.7125167829212348,0.7125167829212348,0.6059292685513378
vertical_comb_benefit=0.4800,232,True,False,2.0,1.0,0.3138333333333333,4.371298419730096,0.845276448377005,0.7998321990094727,0.7905477067594696,0.7905477067594696,0.4144287993188497
vertical_comb_benefit=0.4800,233,True,False,2.0,1.0,0.31672222222222224,4.366075791218543,0.8406767203137723,0.7424813280482425,0.680635309677072,0.680635309677072,0.5151768390844724
vertical_comb_benefit=0.4800,234,True,False,2.0,1.0,0.34225,4.854473517625735,0.8857735595800313,0.7953992352200954,0.7527659520697004,0.7527659520697004,0.6102864483789336
vertical_comb_benefit=0.4800,235,True,False,2.0,1.0,0.3261944444444444,4.560541716075907,0.8307959507379559,0.8238500596601557,0.7921874120502677,0.7921874120502677,0.7644072734952986
vertical_comb_benefit=0.4800,236,True,False,2.0,1.0,0.3105,4.339829855761396,0.8774366882255024,0.7759448134591889,0.7678670753603863,0.7678670753603863,0.8755052483445258
vertical_comb_benefit=0.4800,237,True,False,2.0,1.0,0.3049166666666666,4.277786807370984,0.8840360473826113,0.7995075320263124,0.7045367775842607,0.7045367775842607,0.4664633560436415
vertical_comb_benefit=0.4800,238,True,False,2.0,1.0,0.2967777777777778,4.098732219015,0.8453124109598888,0.8318732482481441,0.7868502871637655,0.7868502871637655,0.5563983688734769
vertical_comb_benefit=0.4800,239,True,False,2.0,1.0,0.29386111111111113,4.047043162748033,0.8184303724467743,0.8073804431849682,0.7841350532902925,0.7841350532902925,0.49264871916267555
vertical_comb_benefit=0.4800,240,True,False,2.0,1.0,0.3306388888888889,4.583233470385349,0.8300972207101893,0.7436140416696391,0.6656377423836997,0.6656377423836997,0.7327371497378093
vertical_comb_benefit=0.4800,241,True,False,2.0,1.0,0.3291944444444444,4.531496178415679,0.8121868198259116,0.6768433649484147,0.8016774813138944,0.6768433649484147,0.5698343704300458
vertical_comb_benefit=0.4800,242,True,False,2.0,1.0,0.3303333333333333,4.688331259195434,0.8684145022887285,0.8131381860776002,0.7743768847462779,0.7743768847462779,0.46728230108110064
vertical_comb_benefit=0.4800,243,True,False,2.0,1.0,0.33588888888888885,4.6757700301125205,0.8263077276056995,0.8273739046240908,0.7332734582471567,0.7332734582471567,0.7769685363630938
vertical_comb_benefit=0.4800,244,True,False,2.0,1.0,0.31572222222222224,4.391615121547037,0.8352009540494533,0.8324555795376232,0.7036167200385759,0.7036167200385759,0.6595137954055981
vertical_comb_benefit=0.4800,245,True,False,2.0,1.0,0.3294166666666667,4.5984641469647345,0.8182777602353348,0.7580825667853375,0.6813985332465151,0.6813985332465151,0.6439517700773029
vertical_comb_benefit=0.4800,246,True,False,2.0,1.0,0.32369444444444445,4.518963126492864,0.8455264786135667,0.791621243204244,0.7929258885110795,0.791621243204244,0.5208220512777687
vertical_comb_benefit=0.4800,247,True,False,2.0,1.0,0.31916666666666665,4.383367687148619,0.8155086733563494,0.8221971072637622,0.7674593035863179,0.7674593035863179,0.753461715832548
vertical_comb_benefit=0.4800,248,True,False,2.0,1.0,0.2976388888888889,4.140185904103818,0.8732068020945322,0.787212742573946,0.6387204842040661,0.6387204842040661,0.6844879808195233
vertical_comb_benefit=0.4800,249,True,False,2.0,1.0,0.30591666666666667,4.2597225305273225,0.838075054101603,0.8245409348558158,0.6846781306537656,0.6846781306537656,0.2982909148634623
vertical_comb_benefit=0.4800,250,True,False,2.0,1.0,0.3098611111111111,4.3795952115001695,0.8980854113545992,0.6804686963709341,0.6796336432209277,0.6796336432209277,0.4875304436889605
vertical_comb_benefit=0.4800,251,True,False,2.0,1.0,0.3300555555555556,4.616810128236916,0.8609411454372009,0.8177635640624652,0.5970025755849772,0.5970025755849772,0.7716271374979321
vertical_comb_benefit=0.4800,252,True,False,2.0,1.0,0.31736111111111115,4.408861989904515,0.8128393565152492,0.8543153580465641,0.814207759471509,0.814207759471509,0.49787968288494705
vertical_comb_benefit=0.4800,253,True,False,2.0,1.0,0.32780555555555557,4.678138656552149,0.8855049417135847,0.8886790443073528,0.6494560013410929,0.6494560013410929,0.476242521286319
vertical_comb_benefit=0.4800,254,True,False,2.0,1.0,0.3303333333333333,4.693974731109721,0.8853467832998696,0.8666881801158006,0.7121270797376129,0.7121270797376129,0.747788735652492
vertical_comb_benefit=0.4800,255,True,False,2.0,1.0,0.3051388888888889,4.301373056603809,0.905554335880996,0.8323510898732711,0.5104936985933112,0.5104936985933112,0.5615871473009401
vertical_comb_benefit=0.4800,256,True,False,2.0,1.0,0.3221111111111111,4.506089542000383,0.8543338777502641,0.7808241520942534,0.7838821039215614,0.7808241520942534,0.22266887112881642
vertical_comb_benefit=0.4800,257,True,False,2.0,1.0,0.32691666666666663,4.623747898088244,0.8780511190280522,0.8248183304937798,0.8041374654396773,0.8041374654396773,0.5714737414460782
vertical_comb_benefit=0.4800,258,True,False,2.0,1.0,0.3367222222222222,4.828675981530443,0.9147004313767509,0.843689374506162,0.7835356726353491,0.7835356726353491,0.3129531436637181
vertical_comb_benefit=0.4800,259,True,False,2.0,1.0,0.33144444444444443,4.645940987420706,0.8663848369329934,0.7751147161607318,0.7710449733111628,0.7710449733111628,0.4045052164320852
vertical_comb_benefit=0.4800,260,True,False,2.0,1.0,0.3223333333333333,4.500743943825142,0.850642104592566,0.7717466449172871,0.7944352544544091,0.7717466449172871,0.747824099527498
vertical_comb_benefit=0.4800,261,True,False,2.0,1.0,0.32119444444444445,4.4736944307521584,0.8481521704486762,0.8062779096221101,0.758486394907034,0.758486394907034,0.8135583062280535
vertical_comb_benefit=0.4800,262,True,False,2.0,1.0,0.30641666666666667,4.200481247854337,0.8192181107777698,0.7315071310319603,0.8470184549733314,0.7315071310319603,0.3326900591757807
vertical_comb_benefit=0.4800,263,True,False,2.0,1.0,0.3188888888888889,4.471362920296735,0.8850843255241455,0.7851458586992688,0.7439984538670709,0.7439984538670709,0.7593482613100698
vertical_comb_benefit=0.4800,264,True,False,2.0,1.0,0.31344444444444447,4.406378165217371,0.8764303609643141,0.775754847393557,0.8072100159103601,0.775754847393557,0.520713453637372
vertical_comb_benefit=0.4800,265,True,False,2.0,1.0,0.32844444444444443,4.581986815525561,0.8419533366832119,0.7869560467843592,0.7601506201344179,0.7601506201344179,0.5022792690772477
vertical_comb_benefit=0.4800,266,True,False,2.0,1.0,0.3306111111111111,4.642692052408902,0.8445057896492697,0.7967226285623151,0.7835911105650626,0.7835911105650626,0.8161923958583482
vertical_comb_benefit=0.4800,267,True,False,2.0,1.0,0.32352777777777775,4.553644365123999,0.8611020713255988,0.7696874157058393,0.7611021021510109,0.7611021021510109,0.42650140347880006
vertical_comb_benefit=0.4800,268,True,False,2.0,1.0,0.3119722222222222,4.396678676394956,0.856289387512913,0.7688612000566618,0.7127520143056589,0.7127520143056589,0.41147364514909485
vertical_comb_benefit=0.4800,269,True,False,2.0,1.0,0.336,4.757336188127421,0.8779637381762101,0.7973056334837986,0.8672780360023338,0.7973056334837986,0.7450340549808018
vertical_comb_benefit=0.4800,270,False,False,0.6137257493187726,0.6137257493187726,0.30463888888888885,3.6550304083716822,0.4909805994550181,0.3628519083263623,0.5327319648659177,0.3628519083263623,0.39337461731457196
vertical_comb_benefit=0.4800,271,False,False,0.2734553259855955,0.2734553259855955,0.3446111111111111,3.757250682965018,0.2187642607884764,0.25304759940532306,0.2881619118582834,0.25304759940532306,0.7375349953988921
vertical_comb_benefit=0.4800,272,True,False,2.0,1.0,0.3166111111111111,4.466408352288111,0.8897119297581676,0.8212515163333847,0.8426439096620377,0.8212515163333847,0.8276773312622688
vertical_comb_benefit=0.4800,273,True,False,2.0,1.0,0.33858333333333335,4.80681932434416,0.8819987641496173,0.8194168350610497,0.7878090852403842,0.7878090852403842,0.4564307618831448
vertical_comb_benefit=0.4800,274,True,False,2.0,1.0,0.31975,4.421386167697921,0.8185461355425258,0.8172608125788948,0.787446460769645,0.787446460769645,0.7089296544937306
vertical_comb_benefit=0.4800,275,True,False,2.0,1.0,0.31902777777777774,4.539262192573525,0.8727180188739846,0.8375200811475924,0.6978123833000697,0.6978123833000697,0.4513200844439432
vertical_comb_benefit=0.4800,276,True,False,2.0,1.0,0.3333888888888889,4.708319726063689,0.8550196825498624,0.8622630484236565,0.7315715905952973,0.7315715905952973,0.44083896474877216
vertical_comb_benefit=0.4800,277,True,False,2.0,1.0,0.32622222222222225,4.5933189307571025,0.8698729139932565,0.8146284554681062,0.74754367001699,0.74754367001699,0.6184567781331725
vertical_comb_benefit=0.4800,278,False,False,0.9915722740521454,0.9915722740521454,0.30613888888888885,4.161605578991628,0.7932578192417163,0.8015384027952465,0.7817219380164632,0.7817219380164632,0.3504574782293229
vertical_comb_benefit=0.4800,279,False,False,0.9978771793034369,0.9978771793034369,0.33316666666666667,4.597810057427907,0.7983017434427495,0.8607799420738154,0.7988495366438338,0.7988495366438338,0.5826184010917957
vertical_comb_benefit=0.4800,280,True,False,2.0,1.0,0.2995555555555555,4.153702953362247,0.845271097703419,0.7305480026474405,0.6723364476576597,0.6723364476576597,0.41975785790088893
vertical_comb_benefit=0.4800,281,True,False,2.0,1.0,0.3382777777777778,4.783561308619397,0.8577696831326244,0.7510672447647081,0.8188987973632245,0.7510672447647081,0.48892876367538707
vertical_comb_benefit=0.4800,282,True,False,2.0,1.0,0.3420277777777778,4.749315238246499,0.8211529719702578,0.7837034401499855,0.8300423250844154,0.7837034401499855,0.5717992063924346
vertical_comb_benefit=0.4800,283,True,False,2.0,1.0,0.3343888888888889,4.72832079130539,0.8620556449683633,0.8546094153709305,0.6902112224661986,0.6902112224661986,0.5000979752267031
vertical_comb_benefit=0.4800,284,True,False,2.0,1.0,0.32202777777777775,4.43727441910987,0.8100654932023262,0.8060633314016504,0.8117259223497892,0.8060633314016504,0.37078815199724596
vertical_comb_benefit=0.4800,285,True,False,2.0,1.0,0.31319444444444444,4.367795832079076,0.8508825107197058,0.8311385667989892,0.6880465309191168,0.6880465309191168,0.7918787203553653
vertical_comb_benefit=0.4800,286,True,False,2.0,1.0,0.3339166666666667,4.746158528182888,0.8679261943243924,0.8335487201840072,0.7239964489411435,0.7239964489411435,0.6013933578274335
vertical_comb_benefit=0.4800,287,False,False,0.9699316819007046,0.9699316819007046,0.32261111111111107,4.386462840874495,0.7759453455205637,0.868693318558088,0.7351424058414137,0.7351424058414137,0.6981145762596239
vertical_comb_benefit=0.4800,288,True,False,2.0,1.0,0.33652777777777776,4.757436303745153,0.8612218964281999,0.8170074199680993,0.814809628100805,0.814809628100805,0.6128138130201005
vertical_comb_benefit=0.4800,289,True,False,2.0,1.0,0.3045833333333333,4.200821322750591,0.8378697477970114,0.7930654098832901,0.6394915241802649,0.6394915241802649,0.7250342215463765
vertical_comb_benefit=0.4800,290,True,False,2.0,1.0,0.3337222222222222,4.77735091422713,0.9081349847490526,0.8392907366285457,0.8525333485588539,0.8392907366285457,0.702163650186875
vertical_comb_benefit=0.4800,291,True,False,2.0,1.0,0.32316666666666666,4.485445908327495,0.8320939674845399,0.7670529721036201,0.7593112880903696,0.7593112880903696,0.33160657513058756
vertical_comb_benefit=0.4800,292,True,False,2.0,1.0,0.31958333333333333,4.510441639212473,0.8760749900487738,0.8169470797599054,0.7712482027528037,0.7712482027528037,0.692527732251454
vertical_comb_benefit=0.4800,293,True,False,2.0,1.0,0.3223611111111111,4.4629193590032905,0.8238076468221439,0.8366392737325891,0.7015064369195602,0.7015064369195602,0.6606468115934824
vertical_comb_benefit=0.4800,294,True,False,2.0,1.0,0.3189722222222222,4.521111148843721,0.8894782711082995,0.794456650592447,0.6600147057261234,0.6600147057261234,0.7082021606148354
vertical_comb_benefit=0.4800,295,True,False,2.0,1.0,0.3144722222222222,4.365939308032422,0.847443337830155,0.7494422979362768,0.6798349872121925,0.6798349872121925,0.6109076002608292
vertical_comb_benefit=0.4800,296,True,False,2.0,1.0,0.33008333333333334,4.693122298431658,0.8918443178828068,0.760672414999546,0.8580836753637874,0.760672414999546,0.45841663298573443
vertical_comb_benefit=0.4800,297,True,False,2.0,1.0,0.31727777777777777,4.378179892896219,0.823956681925097,0.7616360369539517,0.7457509506143474,0.7457509506143474,0.6272673685503978
vertical_comb_benefit=0.4800,298,True,False,2.0,1.0,0.3173333333333333,4.395509815740459,0.8502984488829896,0.7504077357593377,0.5988415816288214,0.5988415816288214,0.6607120200987029
vertical_comb_benefit=0.4800,299,True,False,2.0,1.0,0.3353888888888889,4.656267531440119,0.8332956368267507,0.72137384726153,0.6416409050209159,0.6416409050209159,0.6707844863951341
vertical_comb_benefit=0.5200,200,True,False,2.0,1.0,0.32625,4.695517480270129,0.8618574539981102,0.8074562466556259,0.6563860676137468,0.6563860676137468,0.6033165959875504
vertical_comb_benefit=0.5200,201,True,False,2.0,1.0,0.35636111111111113,5.25061100722834,0.8979566779093829,0.8890384580065823,0.8457132850007695,0.8457132850007695,0.5374781273860542
vertical_comb_benefit=0.5200,202,True,False,2.0,1.0,0.33566666666666667,4.783196790256381,0.8266487244238682,0.847918100968947,0.7116316084744575,0.7116316084744575,0.6705683388180648
vertical_comb_benefit=0.5200,203,True,False,2.0,1.0,0.35236111111111107,5.0395405568545995,0.8211621995533752,0.8794619099334834,0.8123173019459478,0.8123173019459478,0.6450868482068332
vertical_comb_benefit=0.5200,204,True,False,2.0,1.0,0.3355277777777778,4.870080905392398,0.8854692213871714,0.8652514628305498,0.7812529295105501,0.7812529295105501,0.692157353955458
vertical_comb_benefit=0.5200,205,True,False,2.0,1.0,0.3204444444444444,4.580035323982793,0.8521862205251646,0.688623981878106,0.7905134392215319,0.688623981878106,0.2931925179378552
vertical_comb_benefit=0.5200,206,True,False,2.0,1.0,0.32258333333333333,4.5372365392794665,0.805074275301507,0.7854274326370484,0.6137377753701246,0.6137377753701246,0.2765722597583697
vertical_comb_benefit=0.5200,207,True,False,2.0,1.0,0.30569444444444444,4.2674708099081,0.8097996334427734,0.8235443087087388,0.8090692271829213,0.8090692271829213,0.5998155849806307
vertical_comb_benefit=0.5200,208,True,False,2.0,1.0,0.34750000000000003,5.03746002154597,0.8458566605852897,0.8610262359188877,0.852037290398277,0.852037290398277,0.4651105044579671
vertical_comb_benefit=0.5200,209,True,False,2.0,1.0,0.3269722222222222,4.674847715239848,0.8620610192846124,0.7955812807580617,0.7433561910386514,0.7433561910386514,0.699336259609515
vertical_comb_benefit=0.5200,210,True,False,2.0,1.0,0.3450277777777778,4.956132814932437,0.8309280443015129,0.8972147106740475,0.8370115573454383,0.8370115573454383,0.4311377360161861
vertical_comb_benefit=0.5200,211,True,False,2.0,1.0,0.33294444444444443,4.813770678760599,0.8524448955552176,0.8488243648474029,0.7997936323486878,0.7997936323486878,0.6136688960232592
vertical_comb_benefit=0.5200,212,False,False,0.9985988194026215,0.9985988194026215,0.3084722222222222,4.338239360333472,0.7988790555220973,0.902493070422501,0.8518188130861066,0.8518188130861066,0.4698388380801543
vertical_comb_benefit=0.5200,213,True,False,2.0,1.0,0.29869444444444443,4.191194249178903,0.8050813008807306,0.7041971655008364,0.6993420267555349,0.6993420267555349,0.30159710533916356
vertical_comb_benefit=0.5200,214,True,False,2.0,1.0,0.3207777777777778,4.5613328897015775,0.8428278621451668,0.7786496143145392,0.8049821729156449,0.7786496143145392,0.6096465353422957
vertical_comb_benefit=0.5200,215,True,False,2.0,1.0,0.3229722222222222,4.678474924856222,0.8973885077111381,0.7557151867120532,0.702441637313315,0.702441637313315,0.5188780346445463
vertical_comb_benefit=0.5200,216,True,False,2.0,1.0,0.31972222222222224,4.555725311108754,0.8535067576338609,0.8226409889854797,0.7891585982129837,0.7891585982129837,0.4427783104359131
vertical_comb_benefit=0.5200,217,True,False,2.0,1.0,0.3333888888888889,4.73413983760056,0.8340979316073797,0.7727962389676916,0.775432566704146,0.7727962389676916,0.4745443479563995
vertical_comb_benefit=0.5200,218,True,False,2.0,1.0,0.3301111111111111,4.72060340877863,0.837533277968771,0.8256525528956903,0.7333911833222253,0.7333911833222253,0.761966064473125
vertical_comb_benefit=0.5200,219,True,False,2.0,1.0,0.33041666666666664,4.8309370720545415,0.8943066416216756,0.8495631701712447,0.7587349434108032,0.7587349434108032,0.5042651812417904
vertical_comb_benefit=0.5200,220,True,False,2.0,1.0,0.3179444444444445,4.4892837224122335,0.829175212443279,0.7179557343209503,0.8077186148163642,0.7179557343209503,0.6430755253422313
vertical_comb_benefit=0.5200,221,True,False,2.0,1.0,0.3203333333333333,4.6131254373465955,0.8943466929922564,0.7724851720474836,0.5828438504321768,0.5828438504321768,0.48718947380744065
vertical_comb_benefit=0.5200,222,True,False,2.0,1.0,0.3205555555555556,4.529167166237324,0.8187590482395029,0.7816740569429436,0.8340301263304366,0.7816740569429436,0.5935284370453874
vertical_comb_benefit=0.5200,223,True,False,2.0,1.0,0.3199722222222222,4.556103357114803,0.851786416639209,0.8049925785995663,0.725351206182097,0.725351206182097,0.3628707199249069
vertical_comb_benefit=0.5200,224,True,False,2.0,1.0,0.31958333333333333,4.521249476798304,0.8034075333395719,0.8174779476238062,0.7560614791668799,0.7560614791668799,0.8219213032665103
vertical_comb_benefit=0.5200,225,True,False,2.0,1.0,0.3398888888888889,4.875443511191671,0.8428666265836988,0.8335058582368052,0.7861268980432353,0.7861268980432353,0.7810996175916497
vertical_comb_benefit=0.5200,226,True,False,2.0,1.0,0.3271111111111111,4.570405022022919,0.8068230656998203,0.7133659691910207,0.8530086425920879,0.7133659691910207,0.7167457672039734
vertical_comb_benefit=0.5200,227,True,False,2.0,1.0,0.31236111111111114,4.3895619771234795,0.8092790544710492,0.6730381102646903,0.730554518247621,0.6730381102646903,0.4818574316272303
vertical_comb_benefit=0.5200,228,True,False,2.0,1.0,0.33533333333333337,4.824119550800903,0.8597862710236467,0.7853877290742658,0.8152568451530176,0.7853877290742658,0.7083595206836686
vertical_comb_benefit=0.5200,229,True,False,2.0,1.0,0.3112222222222222,4.407178965228393,0.8384628344281101,0.7925816727638283,0.7125225219036714,0.7125225219036714,0.27458455315507807
vertical_comb_benefit=0.5200,230,True,False,2.0,1.0,0.29975,4.305498719756835,0.8724469820816931,0.7476390311298863,0.7478619631160748,0.7476390311298863,0.5864660401436548
vertical_comb_benefit=0.5200,231,False,False,0.9910181599936094,0.9910181599936094,0.2881944444444445,3.9794025825026873,0.7928145279948876,0.7320093015566016,0.6718283024566052,0.6718283024566052,0.6529437754819624
vertical_comb_benefit=0.5200,232,True,False,2.0,1.0,0.29324999999999996,4.052507659507404,0.802448645796551,0.7273452901185227,0.5324015224166455,0.5324015224166455,0.3398659521785096
vertical_comb_benefit=0.5200,233,True,False,2.0,1.0,0.3435833333333333,5.035234637233649,0.900978069161098,0.8014448323478375,0.8178656445912953,0.8014448323478375,0.6226411710663761
vertical_comb_benefit=0.5200,234,True,False,2.0,1.0,0.3238333333333333,4.61789067545685,0.833096122365223,0.8107691139407902,0.8789767523382505,0.8107691139407902,0.6807724954309514
vertical_comb_benefit=0.5200,235,True,False,2.0,1.0,0.3166388888888889,4.576256879284132,0.8747510229354357,0.7720332973291062,0.6107458060398907,0.6107458060398907,0.41693003864385364
vertical_comb_benefit=0.5200,236,True,False,2.0,1.0,0.3016111111111111,4.272277613500685,0.8606680936358736,0.7074342078745556,0.8049138724392495,0.7074342078745556,0.3377363161746359
vertical_comb_benefit=0.5200,237,True,False,2.0,1.0,0.31516666666666665,4.516857651256927,0.892122458404985,0.6674857884558707,0.7917612316544929,0.6674857884558707,0.5556399491123976
vertical_comb_benefit=0.5200,238,True,False,2.0,1.0,0.31783333333333336,4.547828821740418,0.8568731400364571,0.782437585667174,0.7573508139399158,0.7573508139399158,0.614986709991711
vertical_comb_benefit=0.5200,239,True,False,2.0,1.0,0.3262777777777778,4.649089590509316,0.8422742420682225,0.8209348787451642,0.8041438635767916,0.8041438635767916,0.6245523352925518
vertical_comb_benefit=0.5200,240,False,False,0.322611489455132,0.322611489455132,0.32058333333333333,3.8229020878652817,0.42632211012301124,0.161305744727566,0.21212513289601226,0.161305744727566,0.535336533709064
vertical_comb_benefit=0.5200,241,True,False,2.0,1.0,0.3287222222222222,4.770907987976879,0.8625051412131535,0.8459829792692681,0.8205714200909728,0.8205714200909728,0.37141313338129817
vertical_comb_benefit=0.5200,242,True,False,2.0,1.0,0.3481111111111111,5.094430042155114,0.8892165928417026,0.8669238255951169,0.7781496325496638,0.7781496325496638,0.5472896782669356
vertical_comb_benefit=0.5200,243,False,False,0.9848114318834628,0.9848114318834628,0.3293055555555556,4.613396067002013,0.7878491455067702,0.848437529366365,0.7071122852074936,0.7071122852074936,0.5653525675649825
vertical_comb_benefit=0.5200,244,True,False,2.0,1.0,0.3195,4.595775511214919,0.8541362182929747,0.8216194666871696,0.6825917358218202,0.6825917358218202,0.8121229071877075
vertical_comb_benefit=0.5200,245,True,False,2.0,1.0,0.3264166666666667,4.721769722176889,0.8754222781895685,0.8050983073645616,0.6714818365959982,0.6714818365959982,0.47234463604354365
vertical_comb_benefit=0.5200,246,True,False,2.0,1.0,0.314,4.536716292257196,0.8676573197167519,0.8746063648246,0.8542190714002174,0.8542190714002174,0.5418612482442432
vertical_comb_benefit=0.5200,247,True,False,2.0,1.0,0.3323055555555555,4.743904304077232,0.8514967185686685,0.7347051060171247,0.6369743454183523,0.6369743454183523,0.549786022610017
vertical_comb_benefit=0.5200,248,False,False,0.34033078249661036,0.34033078249661036,0.34372222222222226,3.971715586591997,0.3243038853162155,0.23954402274814687,0.17016539124830518,0.17016539124830518,0.6951566369406452
vertical_comb_benefit=0.5200,249,True,False,2.0,1.0,0.32916666666666666,4.753913294130331,0.8708941912752566,0.8209813311899445,0.7124476702141741,0.7124476702141741,0.6370370291094997
vertical_comb_benefit=0.5200,250,True,False,2.0,1.0,0.33366666666666667,4.752716594154552,0.8441693775135753,0.7794129563400767,0.6910476995142419,0.6910476995142419,0.8751259879239844
vertical_comb_benefit=0.5200,251,True,False,2.0,1.0,0.3458333333333333,5.093986245220568,0.9102071730839848,0.8461726953773687,0.74807557525863,0.74807557525863,0.6753186447130142
vertical_comb_benefit=0.5200,252,True,False,2.0,1.0,0.3248888888888889,4.605043450629475,0.8172194539835692,0.8631405398996407,0.7998741553567358,0.7998741553567358,0.38752093711305863
vertical_comb_benefit=0.5200,253,True,False,2.0,1.0,0.34094444444444444,4.841248311242857,0.82297990831166,0.7334089991023685,0.7882291747286289,0.7334089991023685,0.526873077449232
vertical_comb_benefit=0.5200,254,True,False,2.0,1.0,0.35625,5.286318975869158,0.910215344930613,0.8675823241539731,0.7148624525480123,0.7148624525480123,0.4927810029248595
vertical_comb_benefit=0.5200,255,True,False,2.0,1.0,0.34361111111111114,4.970286519263411,0.8639337163779072,0.8583746534861323,0.7562540525425401,0.7562540525425401,0.5514096659613514
vertical_comb_benefit=0.5200,256,True,False,2.0,1.0,0.33549999999999996,4.880690820221071,0.8730279254322865,0.8862926491624418,0.7591030544149469,0.7591030544149469,0.5621294881109578
vertical_comb_benefit=0.5200,257,False,False,0.9867928558171287,0.9867928558171287,0.3075555555555555,4.252803258976675,0.789434284653703,0.7647683396344497,0.6787334189503469,0.6787334189503469,0.4435630380404782
vertical_comb_benefit=0.5200,258,True,False,2.0,1.0,0.33199999999999996,4.7810510592495925,0.872132721386949,0.8296090157101088,0.8564888152035728,0.8296090157101088,0.5853928806407928
vertical_comb_benefit=0.5200,259,True,False,2.0,1.0,0.3282777777777778,4.8063584950193,0.8920048797841204,0.7955173799506525,0.7874727017057371,0.7874727017057371,0.511224028469697
vertical_comb_benefit=0.5200,260,True,False,2.0,1.0,0.32655555555555554,4.739034409134422,0.8724988936112048,0.7677770094911316,0.799685575422388,0.7677770094911316,0.15033479125714724
vertical_comb_benefit=0.5200,261,True,False,2.0,1.0,0.3425,5.011499183933491,0.8865512483717435,0.8811915214790572,0.8403176972790535,0.8403176972790535,0.7856057859570715
vertical_comb_benefit=0.5200,262,True,False,2.0,1.0,0.3361388888888889,4.914318236460831,0.904238747674748,0.8315253163779128,0.7477234271837848,0.7477234271837848,0.7200931251377394
vertical_comb_benefit=0.5200,263,True,False,2.0,1.0,0.31530555555555556,4.479882252351873,0.8167372039068538,0.8047451619444687,0.7257539820233053,0.7257539820233053,0.44027386325280304
vertical_comb_benefit=0.5200,264,True,False,2.0,1.0,0.3056944444444445,4.37374790504428,0.8856754861991154,0.7834628853352272,0.5581417069372389,0.5581417069372389,0.4483825895995988
vertical_comb_benefit=0.5200,265,False,False,0.9283860995215407,0.9283860995215407,0.31072222222222223,4.247226759594855,0.7427088796172326,0.8179981953555198,0.769639097102418,0.769639097102418,0.33590683190506326
vertical_comb_benefit=0.5200,266,False,False,0.9790541178223775,0.9790541178223775,0.3080833333333333,4.30343504989725,0.7832432942579021,0.8283813702235748,0.8226210420412452,0.8226210420412452,0.4377862368600666
vertical_comb_benefit=0.5200,267,True,False,2.0,1.0,0.32458333333333333,4.6858536965427975,0.8673336939581605,0.7905309655231236,0.7718576090500305,0.7718576090500305,0.2826004459844851
vertical_comb_benefit=0.5200,268,True,False,2.0,1.0,0.32519444444444445,4.695319035771762,0.8606046982987198,0.8445882673621232,0.8142954755784628,0.8142954755784628,0.8410039049197224
vertical_comb_benefit=0.5200,269,True,False,2.0,1.0,0.33375,4.816989768125432,0.8496251611452477,0.891037728220616,0.852209313072093,0.852209313072093,0.5874156088599854
vertical_comb_benefit=0.5200,270,True,False,2.0,1.0,0.32658333333333334,4.6437378244586025,0.8203906703793539,0.8961738315721051,0.7654707047361189,0.7654707047361189,0.38135172234260606
vertical_comb_benefit=0.5200,271,True,False,2.0,1.0,0.3269722222222222,4.706561619391339,0.868110431662321,0.8370611857609975,0.6603139638032723,0.6603139638032723,0.40779530182121826
vertical_comb_benefit=0.5200,272,True,False,2.0,1.0,0.3344166666666667,4.8737574919050655,0.8951068872946871,0.8201991208720878,0.838591126146801,0.8201991208720878,0.3528291050592291
vertical_comb_benefit=0.5200,273,True,False,2.0,1.0,0.32180555555555557,4.562338911240078,0.8314768349728437,0.7975691052887518,0.7669288342383817,0.7669288342383817,0.6129994284631255
vertical_comb_benefit=0.5200,274,True,False,2.0,1.0,0.3141666666666667,4.496330895762839,0.8560411729579904,0.7075852728839287,0.6296145219309545,0.6296145219309545,0.5543800984169354
vertical_comb_benefit=0.5200,275,True,False,2.0,1.0,0.3313055555555556,4.740078398759299,0.847626370164422,0.8098474541514714,0.7722527811006523,0.7722527811006523,0.6530836353795592
vertical_comb_benefit=0.5200,276,True,False,2.0,1.0,0.35113888888888894,5.165124244587827,0.9033348305690115,0.8389664862195638,0.7791841202451301,0.7791841202451301,0.7341818476138255
vertical_comb_benefit=0.5200,277,True,False,2.0,1.0,0.3196944444444444,4.536738209033391,0.8066040837909737,0.8703360886792492,0.8188081046457598,0.8188081046457598,0.8400828573825433
vertical_comb_benefit=0.5200,278,False,False,0.999770821432485,0.999770821432485,0.3358333333333333,4.728411442469279,0.799816657145988,0.8508612570318294,0.8100881847617346,0.8100881847617346,0.6402865377577937
vertical_comb_benefit=0.5200,279,True,False,2.0,1.0,0.3199166666666667,4.606470608269576,0.8640617278181151,0.8220450875858176,0.8595538121642455,0.8220450875858176,0.45890535470855465
vertical_comb_benefit=0.5200,280,True,False,2.0,1.0,0.31333333333333335,4.528028387927699,0.8475081459151651,0.837223188052518,0.776433318696169,0.776433318696169,0.6907315735986391
vertical_comb_benefit=0.5200,281,True,False,2.0,1.0,0.3218611111111111,4.5986413900854926,0.852792741938173,0.7374810898026477,0.577518932869521,0.577518932869521,0.6146185874733813
vertical_comb_benefit=0.5200,282,True,False,2.0,1.0,0.3093333333333333,4.42667355332688,0.830398883623373,0.8811522913800387,0.7817909191530495,0.7817909191530495,0.23042570626565662
vertical_comb_benefit=0.5200,283,False,False,0.9222136166485458,0.9222136166485458,0.33416666666666667,4.596021357068127,0.7377708933188367,0.8589552804575005,0.7694002027354719,0.7694002027354719,0.6930375690172983
vertical_comb_benefit=0.5200,284,True,False,2.0,1.0,0.33794444444444444,4.848118912859927,0.8390695468480708,0.8364115355178383,0.8372657259734008,0.8364115355178383,0.758719854642602
vertical_comb_benefit=0.5200,285,True,False,2.0,1.0,0.34344444444444444,4.97792056168208,0.8629112502430857,0.8377827922082298,0.7370354496838696,0.7370354496838696,0.8349471974744224
vertical_comb_benefit=0.5200,286,True,False,2.0,1.0,0.3217777777777778,4.681777851804004,0.9048777223672994,0.709486683849504,0.6975746456169308,0.6975746456169308,0.6356691429032794
vertical_comb_benefit=0.5200,287,False,False,0.4366423869338057,0.4366423869338057,0.3055,3.67143103120683,0.48945640088554676,0.21832119346690285,0.26958274104374935,0.21832119346690285,0.7164275462484022
vertical_comb_benefit=0.5200,288,True,False,2.0,1.0,0.30700000000000005,4.440364216427524,0.900971646487706,0.7316064339064905,0.7190536454425944,0.7190536454425944,0.18866182624243616
vertical_comb_benefit=0.5200,289,True,False,2.0,1.0,0.3374166666666667,4.92255323798596,0.8814971375008878,0.8760366170939465,0.8171116982291714,0.8171116982291714,0.7322653328068481
vertical_comb_benefit=0.5200,290,True,False,2.0,1.0,0.33163888888888887,4.7375710501990405,0.8425252583370709,0.7949511320108694,0.8229588126846625,0.7949511320108694,0.7443111639932766
vertical_comb_benefit=0.5200,291,True,False,2.0,1.0,0.3106666666666667,4.49406138782061,0.8728529841296748,0.8488700323005738,0.7400418749591029,0.7400418749591029,0.4820490816488446
vertical_comb_benefit=0.5200,292,True,False,2.0,1.0,0.3273888888888889,4.7052647735350615,0.856104767534719,0.7663700093431883,0.733878580405152,0.733878580405152,0.5780801378421712
vertical_comb_benefit=0.5200,293,True,False,2.0,1.0,0.33405555555555555,4.883664928022563,0.8858296363350456,0.8772656197527413,0.7440113687408713,0.7440113687408713,0.6186495392435813
vertical_comb_benefit=0.5200,294,False,False,0.98288842183657,0.98288842183657,0.32733333333333337,4.572815225269113,0.7863107374692561,0.8047623422524115,0.6533729090448428,0.6533729090448428,0.4722231008734702
vertical_comb_benefit=0.5200,295,True,False,2.0,1.0,0.3134722222222222,4.564183197821382,0.8853150625228189,0.7618711611694962,0.6191728621049039,0.6191728621049039,0.8275451491948987
vertical_comb_benefit=0.5200,296,False,False,0.9005061238717774,0.9005061238717774,0.3061111111111111,4.218035064801028,0.7854564835626171,0.5409178653886817,0.4502530619358887,0.4502530619358887,0.7208501836723415
vertical_comb_benefit=0.5200,297,True,False,2.0,1.0,0.31983333333333336,4.622532528346739,0.8666479295413672,0.8626707917555678,0.6818867622623083,0.6818867622623083,0.5471080330437292
vertical_comb_benefit=0.5200,298,True,False,2.0,1.0,0.3289444444444445,4.788535477079762,0.8577690546875422,0.8871355035460774,0.7736408232659097,0.7736408232659097,0.6072569334729067
vertical_comb_benefit=0.5200,299,True,False,2.0,1.0,0.3332222222222222,4.804373955700308,0.8749084762522154,0.736369749537836,0.6232308703800685,0.6232308703800685,0.5159891277049841
vertical_comb_benefit=0.6000,200,True,False,2.0,1.0,0.3324166666666667,4.997314488017636,0.8461024502395808,0.8506603885023915,0.7455782542957934,0.7455782542957934,0.662714483930193
vertical_comb_benefit=0.6000,201,True,False,2.0,1.0,0.3101111111111111,4.635134538021268,0.8372503551285514,0.8141231427037378,0.7915842804250616,0.7915842804250616,0.19867860288000294
vertical_comb_benefit=0.6000,202,True,False,2.0,1.0,0.3411388888888889,5.18509000961671,0.8703315928600227,0.8775753316219107,0.7161438727231887,0.7161438727231887,0.6099364949139632
vertical_comb_benefit=0.6000,203,True,False,2.0,1.0,0.3351111111111111,5.12858091530789,0.8811533712109009,0.8428690139370746,0.7474427400542036,0.7474427400542036,0.42066260136824685
vertical_comb_benefit=0.6000,204,True,False,2.0,1.0,0.3088611111111111,4.697292504546019,0.9026112403531699,0.7140194223033993,0.7910069055092404,0.7140194223033993,0.30477797655151906
vertical_comb_benefit=0.6000,205,True,False,2.0,1.0,0.3416666666666667,5.125873991810896,0.8345608888983213,0.8497338733051458,0.7822538795380674,0.7822538795380674,0.8444328619927497
vertical_comb_benefit=0.6000,206,True,False,2.0,1.0,0.29691666666666666,4.366494025293161,0.8345005430577778,0.7152369618508041,0.6632508985778307,0.6632508985778307,0.8199550063702784
vertical_comb_benefit=0.6000,207,True,False,2.0,1.0,0.3313888888888889,4.937578863990518,0.8309654907650182,0.7454910584760281,0.7483583203099964,0.7454910584760281,0.5985634418982513
vertical_comb_benefit=0.6000,208,True,False,2.0,1.0,0.3327777777777778,5.067713539621952,0.8518396088400509,0.9009108636336233,0.7817517667240396,0.7817517667240396,0.4687297977880427
vertical_comb_benefit=0.6000,209,True,False,2.0,1.0,0.33625,5.093106880854055,0.8758683250342567,0.7897955583713031,0.624782977994163,0.624782977994163,0.7148999657668368
vertical_comb_benefit=0.6000,210,True,False,2.0,1.0,0.3243055555555555,4.917317791286953,0.8760806415762791,0.8105476839616087,0.773185508589479,0.773185508589479,0.33666934149049943
vertical_comb_benefit=0.6000,211,True,False,2.0,1.0,0.3353611111111111,5.013471008491796,0.835661262959176,0.8534441075082331,0.8120903659236507,0.8120903659236507,0.5401631615971001
vertical_comb_benefit=0.6000,212,True,False,2.0,1.0,0.31622222222222224,4.655001524140601,0.8033294076096781,0.8383099229906433,0.699701045511741,0.699701045511741,0.5194991502727647
vertical_comb_benefit=0.6000,213,False,False,0.9487059717759806,0.9487059717759806,0.31775000000000003,4.607279459583564,0.7589647774207845,0.8311399883373196,0.8060156318415761,0.8060156318415761,0.4189446286312133
vertical_comb_benefit=0.6000,214,True,False,2.0,1.0,0.32197222222222227,4.854523125234328,0.8470581457577377,0.79381919902798,0.8496735570540372,0.79381919902798,0.8438925640451826
vertical_comb_benefit=0.6000,215,True,False,2.0,1.0,0.309,4.6491067012946115,0.8649878512656601,0.7887253130972244,0.5890946894443531,0.5890946894443531,0.7524938410046375
vertical_comb_benefit=0.6000,216,True,False,2.0,1.0,0.32208333333333333,4.847631497048017,0.8674006596307042,0.7353083284073066,0.7353636256605539,0.7353083284073066,0.2988782124693934
vertical_comb_benefit=0.6000,217,True,False,2.0,1.0,0.3104722222222222,4.761729236164507,0.9086727330568999,0.852543953559889,0.6367213881129191,0.6367213881129191,0.7868859289551674
vertical_comb_benefit=0.6000,218,True,False,2.0,1.0,0.3341388888888889,5.0474155640267755,0.8456900310119497,0.8411451235892361,0.7173754973838984,0.7173754973838984,0.5567858832129844
vertical_comb_benefit=0.6000,219,True,False,2.0,1.0,0.35194444444444445,5.443662930990632,0.9155170191359316,0.8873597930037034,0.641598644936185,0.641598644936185,0.6502360970026958
vertical_comb_benefit=0.6000,220,True,False,2.0,1.0,0.32261111111111107,4.930805472471504,0.9014464250295919,0.8431954061158694,0.6870415982855006,0.6870415982855006,0.5892736264649723
vertical_comb_benefit=0.6000,221,True,False,2.0,1.0,0.32025,4.76122573476414,0.8575049446664031,0.673837115585521,0.6632348952467069,0.6632348952467069,0.5504864930720214
vertical_comb_benefit=0.6000,222,True,False,2.0,1.0,0.32433333333333336,4.879748298027152,0.8488857158322349,0.8403774620532443,0.7347852795813087,0.7347852795813087,0.3476642079364589
vertical_comb_benefit=0.6000,223,True,False,2.0,1.0,0.32655555555555554,4.900021083120881,0.8678892233776122,0.8131432238750561,0.7839087756108148,0.7839087756108148,0.6872653450636093
vertical_comb_benefit=0.6000,224,True,False,2.0,1.0,0.3343888888888889,5.041635556523973,0.853350790245315,0.819895495542885,0.7553669861558585,0.7553669861558585,0.3096349369189231
vertical_comb_benefit=0.6000,225,True,False,2.0,1.0,0.3268888888888889,4.987328906569209,0.8965255381740244,0.8027164403675516,0.7415435274407292,0.7415435274407292,0.679249599336989
vertical_comb_benefit=0.6000,226,True,False,2.0,1.0,0.33652777777777776,5.129325198880033,0.8831641172775863,0.8375753499019056,0.8414326051458113,0.8375753499019056,0.6455356289336323
vertical_comb_benefit=0.6000,227,True,False,2.0,1.0,0.32655555555555554,4.990058148824,0.8826352387002881,0.7663435058255424,0.7687880123501744,0.7663435058255424,0.30169744927388364
vertical_comb_benefit=0.6000,228,True,False,2.0,1.0,0.3318333333333333,5.011354555136561,0.8662808640277336,0.7754430272671328,0.7487105832536366,0.7487105832536366,0.5168101497655062
vertical_comb_benefit=0.6000,229,True,False,2.0,1.0,0.32802777777777775,5.017162168395669,0.8907629806117243,0.8723076481305877,0.783412583935131,0.783412583935131,0.5448836249743387
vertical_comb_benefit=0.6000,230,False,False,0.9973844440534246,0.9973844440534246,0.32458333333333333,4.751901435400035,0.7979075552427397,0.7944168481760029,0.7651752636580171,0.7651752636580171,0.7232174123602394
vertical_comb_benefit=0.6000,231,True,False,2.0,1.0,0.32416666666666666,4.936761768724659,0.8651733864301608,0.838664052980758,0.6137273215597883,0.6137273215597883,0.5743681185415831
vertical_comb_benefit=0.6000,232,True,False,2.0,1.0,0.31766666666666665,4.642685351890929,0.8081151924055187,0.7512066947109031,0.7861691637686179,0.7512066947109031,0.3585096570464737
vertical_comb_benefit=0.6000,233,True,False,2.0,1.0,0.30619444444444444,4.526028913870587,0.8226682484198765,0.7942659941416556,0.6594059933931677,0.6594059933931677,0.30320951817576175
vertical_comb_benefit=0.6000,234,True,False,2.0,1.0,0.3129722222222222,4.7786054186179605,0.9078346667722224,0.8210382154419575,0.6921294213774211,0.6921294213774211,0.6143372123493457
vertical_comb_benefit=0.6000,235,True,False,2.0,1.0,0.3451111111111111,5.27693828190558,0.8872045626908076,0.8706693978794446,0.7289840229837399,0.7289840229837399,0.719709565833124
vertical_comb_benefit=0.6000,236,True,False,2.0,1.0,0.3260277777777778,4.992356362615217,0.9016965342930814,0.8403050419863474,0.7974746864895146,0.7974746864895146,0.747601907135439
vertical_comb_benefit=0.6000,237,True,False,2.0,1.0,0.3012222222222222,4.405971355426269,0.8419662492529132,0.6849519836499776,0.5447602238121488,0.5447602238121488,0.6974788693534196
vertical_comb_benefit=0.6000,238,True,False,2.0,1.0,0.33769444444444446,5.186358233798926,0.9138352135011165,0.7762171285498484,0.7313920194770641,0.7313920194770641,0.7120188083937572
vertical_comb_benefit=0.6000,239,True,False,2.0,1.0,0.3213611111111111,4.848199662881083,0.8717319762561495,0.8272711614433302,0.7508950450339741,0.7508950450339741,0.27813929568810114
vertical_comb_benefit=0.6000,240,True,False,2.0,1.0,0.31,4.627970793494098,0.8469366785908615,0.7435344540287637,0.6318776088031377,0.6318776088031377,0.6122978244135402
vertical_comb_benefit=0.6000,241,True,False,2.0,1.0,0.31758333333333333,4.723982261786797,0.813230787325426,0.7687379205514356,0.7421090212381738,0.7421090212381738,0.5337142168589567
vertical_comb_benefit=0.6000,242,True,False,2.0,1.0,0.3413611111111111,5.194553279114627,0.8759139773298386,0.82639630421637,0.8300855119380868,0.82639630421637,0.5801785116047983
vertical_comb_benefit=0.6000,243,True,False,2.0,1.0,0.3485,5.359717783046488,0.8965223052943423,0.8323989033120137,0.7426215899629001,0.7426215899629001,0.7172683618098876
vertical_comb_benefit=0.6000,244,True,False,2.0,1.0,0.3516666666666667,5.414761741215124,0.8975622074085726,0.8121098589295307,0.8518314477922178,0.8121098589295307,0.6260045925701384
vertical_comb_benefit=0.6000,245,True,False,2.0,1.0,0.30794444444444447,4.6163903282545045,0.8593101230829973,0.8078848680620817,0.7377376478896256,0.7377376478896256,0.812003167503417
vertical_comb_benefit=0.6000,246,True,False,2.0,1.0,0.31519444444444444,4.755428781704647,0.8800837365810508,0.7284392090369707,0.6661134847669822,0.6661134847669822,0.3706489958842622
vertical_comb_benefit=0.6000,247,True,False,2.0,1.0,0.3235,4.874559002330861,0.8453679545317697,0.8130447538258198,0.7774809434515306,0.7774809434515306,0.5906732988981688
vertical_comb_benefit=0.6000,248,False,False,0.9883480977769502,0.9883480977769502,0.31675,4.6287955897185675,0.7906784782215602,0.8481709316853308,0.7717900818874661,0.7717900818874661,0.4983043858492355
vertical_comb_benefit=0.6000,249,True,False,2.0,1.0,0.3481944444444444,5.39237030007826,0.9123448648659692,0.8331564950395156,0.7585633155142856,0.7585633155142856,0.39148265698604773
vertical_comb_benefit=0.6000,250,True,False,2.0,1.0,0.3190555555555556,4.821773820526628,0.8516090589670261,0.831511006095769,0.8393231946549535,0.831511006095769,0.43289449052817436
vertical_comb_benefit=0.6000,251,True,False,2.0,1.0,0.3259722222222222,4.91229303287815,0.8662674423422483,0.7932586310279428,0.7650025958775756,0.7650025958775756,0.643587919465038
vertical_comb_benefit=0.6000,252,True,False,2.0,1.0,0.3276388888888889,4.942433675878444,0.8579426709780489,0.8025199585624496,0.6743844176668803,0.6743844176668803,0.34708613704129526
vertical_comb_benefit=0.6000,253,True,False,2.0,1.0,0.31166666666666665,4.67584075508248,0.8570920160177089,0.7930491976454709,0.7585411628712574,0.7585411628712574,0.6823453415849666
vertical_comb_benefit=0.6000,254,False,False,0.9863109235753449,0.9863109235753449,0.3204444444444444,4.676117399361233,0.7890487388602759,0.7781097014602849,0.7370843447044126,0.7370843447044126,0.6017911707219062
vertical_comb_benefit=0.6000,255,True,False,2.0,1.0,0.3258888888888889,4.92976029182122,0.8727474219146208,0.7587634517829701,0.6416964754640421,0.6416964754640421,0.39582098954568334
vertical_comb_benefit=0.6000,256,True,False,2.0,1.0,0.32875000000000004,4.9836371160054584,0.8659190555732099,0.8799617864198688,0.641483658874495,0.641483658874495,0.6307616486613034
vertical_comb_benefit=0.6000,257,True,False,2.0,1.0,0.31736111111111115,4.771769686352973,0.8662557574531997,0.8073379454776499,0.5986836357187758,0.5986836357187758,0.45783856421685015
vertical_comb_benefit=0.6000,258,True,False,2.0,1.0,0.32611111111111113,4.946178445007651,0.8806297083734805,0.7962314943558346,0.6469997151393289,0.6469997151393289,0.4966312409524517
vertical_comb_benefit=0.6000,259,True,False,2.0,1.0,0.31869444444444445,4.772863298102825,0.8553326207350801,0.8431491540376168,0.6029122082963975,0.6029122082963975,0.6638156948121643
vertical_comb_benefit=0.6000,260,True,False,2.0,1.0,0.33469444444444446,5.101693311873869,0.881548331279006,0.8696255691034978,0.7381575834732178,0.7381575834732178,0.6542035531854685
vertical_comb_benefit=0.6000,261,True,False,2.0,1.0,0.31869444444444445,4.767150945315325,0.8612554234414282,0.7206723847823755,0.6709486367469346,0.6709486367469346,0.425013324381665
vertical_comb_benefit=0.6000,262,True,False,2.0,1.0,0.3234444444444444,4.842065847988682,0.8349696273228587,0.8210964892552449,0.7330290891948047,0.7330290891948047,0.7778030211329533
vertical_comb_benefit=0.6000,263,True,False,2.0,1.0,0.33166666666666667,4.991886770677859,0.863601045997076,0.837422092991604,0.7671810201521841,0.7671810201521841,0.5285295696958172
vertical_comb_benefit=0.6000,264,True,False,2.0,1.0,0.32269444444444445,4.883474551656736,0.8685362500527068,0.8313042456847183,0.7699138887348131,0.7699138887348131,0.42144819342564227
vertical_comb_benefit=0.6000,265,True,False,2.0,1.0,0.32716666666666666,4.998960015115699,0.8915475625452753,0.8300573758823959,0.6346837977859857,0.6346837977859857,0.296841832594569
vertical_comb_benefit=0.6000,266,False,False,0.9825590417417287,0.9825590417417287,0.30574999999999997,4.479323789889494,0.786047233393383,0.7758014456910901,0.7623986183132099,0.7623986183132099,0.6781465534781707
vertical_comb_benefit=0.6000,267,True,False,2.0,1.0,0.31977777777777777,4.765300320150256,0.8456142435860254,0.8737712926204179,0.6961117472892047,0.6961117472892047,0.6461228111771591
vertical_comb_benefit=0.6000,268,True,False,2.0,1.0,0.32266666666666666,4.884255910831482,0.8527487437748981,0.8155334144722965,0.6508640509905288,0.6508640509905288,0.3637327383044508
vertical_comb_benefit=0.6000,269,True,False,2.0,1.0,0.34341666666666665,5.204683133344997,0.8537642601781424,0.8511167003873694,0.8348918864932091,0.8348918864932091,0.5345519154802564
vertical_comb_benefit=0.6000,270,False,False,0.9818462003119791,0.9818462003119791,0.3373055555555556,4.950913194767896,0.7854769602495834,0.7923492020823413,0.7752844114956478,0.7752844114956478,0.7084970577608521
vertical_comb_benefit=0.6000,271,True,False,2.0,1.0,0.3028888888888889,4.547230333058592,0.8672493528776096,0.7961221106904534,0.6655839619046571,0.6655839619046571,0.6567141469641966
vertical_comb_benefit=0.6000,272,True,False,2.0,1.0,0.3388333333333333,5.095932211448398,0.8524336025730991,0.8477991632451342,0.8338581688090616,0.8338581688090616,0.5192769097393681
vertical_comb_benefit=0.6000,273,True,False,2.0,1.0,0.33152777777777775,4.959484049435722,0.8321951067757933,0.8782699063522167,0.8063547699220942,0.8063547699220942,0.5466004479715727
vertical_comb_benefit=0.6000,274,True,False,2.0,1.0,0.3193611111111111,4.83841179453743,0.8769374179514746,0.8433061225634623,0.6791782277157338,0.6791782277157338,0.39269176640633946
vertical_comb_benefit=0.6000,275,True,False,2.0,1.0,0.3421388888888889,5.296728656372638,0.9067734437053985,0.8506323623719066,0.8328374282242813,0.8328374282242813,0.7547975475134723
vertical_comb_benefit=0.6000,276,False,False,0.9552407889257211,0.9552407889257211,0.3092777777777778,4.4801857518247745,0.7641926311405769,0.8196448268135127,0.7142452763083217,0.7142452763083217,0.578810548959888
vertical_comb_benefit=0.6000,277,True,False,2.0,1.0,0.32166666666666666,4.904703322364324,0.8795315373619392,0.8444893287472606,0.7650416052670096,0.7650416052670096,0.4403354949867211
vertical_comb_benefit=0.6000,278,True,False,2.0,1.0,0.32558333333333334,4.775686636220084,0.8292920445529016,0.6711097631797107,0.6016208320165729,0.6016208320165729,0.6847623287218788
vertical_comb_benefit=0.6000,279,True,False,2.0,1.0,0.33394444444444443,5.096509367481117,0.8712538502744713,0.849466405935462,0.7821019219542732,0.7821019219542732,0.6671161162798602
vertical_comb_benefit=0.6000,280,True,False,2.0,1.0,0.3123333333333333,4.718962374934856,0.878249350475008,0.7227214793373203,0.7087380006832299,0.7087380006832299,0.4060605661730277
vertical_comb_benefit=0.6000,281,True,False,2.0,1.0,0.33213888888888893,5.0575938265992155,0.8679499055808149,0.8330023416934647,0.7104267804724029,0.7104267804724029,0.4636331348556046
vertical_comb_benefit=0.6000,282,True,False,2.0,1.0,0.3264444444444444,4.9531448914765415,0.8685945694182065,0.8087752154890111,0.8356659953644151,0.8087752154890111,0.5438545440804694
vertical_comb_benefit=0.6000,283,True,False,2.0,1.0,0.31505555555555553,4.715676722525987,0.8308006856262374,0.8079311847681243,0.7173890083032461,0.7173890083032461,0.5452168250659445
vertical_comb_benefit=0.6000,284,True,False,2.0,1.0,0.3039722222222222,4.575487200892284,0.8399685429038013,0.801269909655632,0.7643549538283876,0.7643549538283876,0.41493995547574064
vertical_comb_benefit=0.6000,285,True,False,2.0,1.0,0.33191666666666664,5.000840129113594,0.8706259396179638,0.7459219958845117,0.7016263358415122,0.7016263358415122,0.5999309915184745
vertical_comb_benefit=0.6000,286,True,False,2.0,1.0,0.2859166666666667,4.189752697854271,0.8341011957497436,0.7833020639168244,0.7236205450034137,0.7236205450034137,0.5040787608793228
vertical_comb_benefit=0.6000,287,True,False,2.0,1.0,0.3271111111111111,4.981884206457777,0.8756836546793964,0.7350775382518697,0.6705760306045813,0.6705760306045813,0.48970702289998835
vertical_comb_benefit=0.6000,288,True,False,2.0,1.0,0.35055555555555556,5.4034850216473975,0.8984453050865328,0.8555240666279448,0.845038848361854,0.845038848361854,0.5943408119911321
vertical_comb_benefit=0.6000,289,True,False,2.0,1.0,0.3336944444444444,4.996933327592673,0.8297217940107828,0.8330920560775013,0.7932951009786593,0.7932951009786593,0.5028320455558634
vertical_comb_benefit=0.6000,290,True,False,2.0,1.0,0.3061666666666667,4.507441289659214,0.8217014386249178,0.7692453660163998,0.6971646935247116,0.6971646935247116,0.6719226880405824
vertical_comb_benefit=0.6000,291,True,False,2.0,1.0,0.3210277777777778,4.853618572957187,0.8690669303016737,0.745378488310106,0.7598482637002874,0.745378488310106,0.3879329313259315
vertical_comb_benefit=0.6000,292,True,False,2.0,1.0,0.31069444444444444,4.634053587662717,0.8550855414565028,0.7506839552459861,0.7777066569418971,0.7506839552459861,0.5083962394167879
vertical_comb_benefit=0.6000,293,True,False,2.0,1.0,0.2985,4.381605700035093,0.8327334715512902,0.7225501302286933,0.7532944576490347,0.7225501302286933,0.7700553773682084
vertical_comb_benefit=0.6000,294,True,False,2.0,1.0,0.33916666666666667,5.173191972870042,0.867407806149231,0.8858268768847338,0.8402835704065071,0.8402835704065071,0.44338521295548533
vertical_comb_benefit=0.6000,295,True,False,2.0,1.0,0.34269444444444447,5.083633425687703,0.802502874035339,0.8232556791266077,0.814655276693001,0.814655276693001,0.4457195281181732
vertical_comb_benefit=0.6000,296,True,False,2.0,1.0,0.34394444444444444,5.230590204959095,0.8649963724902494,0.8705531850700908,0.6859484062070417,0.6859484062070417,0.44551507747663355
vertical_comb_benefit=0.6000,297,True,False,2.0,1.0,0.34688888888888886,5.234364309486674,0.845181778014769,0.8090886923796156,0.680214415080347,0.680214415080347,0.6631089043509427
vertical_comb_benefit=0.6000,298,True,False,2.0,1.0,0.3254722222222222,4.926452254650048,0.878002557694162,0.8010483421503457,0.7085530716837923,0.7085530716837923,0.3045501363353524
vertical_comb_benefit=0.6000,299,True,False,2.0,1.0,0.3435277777777778,5.265087995076763,0.8864651870962945,0.8091845982002386,0.7361468400479619,0.7361468400479619,0.41655546466976234
food_site_max_distance=3000.0000,200,True,False,2.0,1.0,0.41833333333333333,6.683295078659567,0.8578934112115546,0.8457406865307782,0.7823497059779989,0.7823497059779989,0.3549123612925152
food_site_max_distance=3000.0000,201,False,False,0.8634372054554503,0.8634372054554503,0.3709722222222222,5.972275642963404,0.9003920462877498,0.7329767253733661,0.43171860272772516,0.43171860272772516,0.44647018632755403
food_site_max_distance=3000.0000,202,True,False,2.0,1.0,0.4106111111111111,6.591985926247018,0.879757634922345,0.7882551935163067,0.6358478990762177,0.6358478990762177,0.37297288473213536
food_site_max_distance=3000.0000,203,False,False,0.983698376625062,0.983698376625062,0.40091666666666664,6.194597477165976,0.7869587013000496,0.8143994778236767,0.6942292876050136,0.6942292876050136,0.7016059801574026
food_site_max_distance=3000.0000,204,True,False,2.0,1.0,0.4284166666666666,6.915045741427709,0.8873081928962009,0.8203175319685395,0.797173772574824,0.797173772574824,0.25126792914783314
food_site_max_distance=3000.0000,205,True,False,2.0,1.0,0.40255555555555556,6.348609225917946,0.8395963863409687,0.7333146686104268,0.680397286172937,0.680397286172937,0.35188631081536953
food_site_max_distance=3000.0000,206,True,False,2.0,1.0,0.44408333333333333,7.061399277340915,0.8423834228649011,0.8826311683787662,0.8162337507733739,0.8162337507733739,0.4835597208458375
food_site_max_distance=3000.0000,207,False,False,0.999142215643673,0.999142215643673,0.3848611111111111,5.975563921092268,0.7993137725149384,0.7475765156364819,0.5548983420478328,0.5548983420478328,0.5907350514776847
food_site_max_distance=3000.0000,208,True,False,2.0,1.0,0.3918333333333333,6.191781663736353,0.839708953369182,0.8306169317090499,0.6692310206781823,0.6692310206781823,0.409009846959656
food_site_max_distance=3000.0000,209,True,False,2.0,1.0,0.42725,6.835067649682445,0.8667426764801526,0.727606451329149,0.7525473863063679,0.727606451329149,0.34210831226542104
food_site_max_distance=3000.0000,210,True,False,2.0,1.0,0.40744444444444444,6.514546485424401,0.8653581187847341,0.8088462562945673,0.7722626951721204,0.7722626951721204,0.7629341313755931
food_site_max_distance=3000.0000,211,False,False,0.9001826612179431,0.9001826612179431,0.38661111111111107,5.810355369848993,0.7201461289743545,0.7888739899550891,0.7524778522319558,0.7524778522319558,0.23537805517595187
food_site_max_distance=3000.0000,212,True,False,2.0,1.0,0.3996388888888889,6.266086664690927,0.8301762808939361,0.7777801235733138,0.7213015065555854,0.7213015065555854,0.5965510816780475
food_site_max_distance=3000.0000,213,False,False,0.9774637724183991,0.9774637724183991,0.41886111111111113,6.496547712587018,0.7819710179347193,0.8490853250575393,0.6683139028853877,0.6683139028853877,0.2979846839834101
food_site_max_distance=3000.0000,214,True,False,2.0,1.0,0.4185833333333333,6.695718747314549,0.8623137284725574,0.8860590762577731,0.8598555067141915,0.8598555067141915,0.7174123444020288
food_site_max_distance=3000.0000,215,True,False,2.0,1.0,0.37722222222222224,5.911545996271894,0.8254152522655197,0.703700900031763,0.811954827883095,0.703700900031763,0.43819472522347064
food_site_max_distance=3000.0000,216,True,False,2.0,1.0,0.40325,6.516617860309592,0.9056327259112426,0.8348440435433125,0.8005773261210841,0.8005773261210841,0.7882593174215259
food_site_max_distance=3000.0000,217,True,False,2.0,1.0,0.41847222222222225,6.7047235400567935,0.8799810787986888,0.8074007028775847,0.8265158424482579,0.8074007028775847,0.5465244565780158
food_site_max_distance=3000.0000,218,True,False,2.0,1.0,0.4012777777777778,6.430330569751265,0.8749737569753997,0.8326213301748315,0.8212372801843993,0.8212372801843993,0.6255089369424296
food_site_max_distance=3000.0000,219,True,False,2.0,1.0,0.4318888888888889,7.066060292998839,0.9238300317678477,0.8438360912468972,0.7245809192598901,0.7245809192598901,0.491249789816605
food_site_max_distance=3000.0000,220,True,False,2.0,1.0,0.4311111111111111,6.846928287318633,0.8505299703544528,0.7320645099447688,0.6883831195517409,0.6883831195517409,0.6552785587185859
food_site_max_distance=3000.0000,221,True,False,2.0,1.0,0.3993611111111111,6.270793970704536,0.822560176014093,0.8024719165554537,0.7622904588614329,0.7622904588614329,0.5024499076251041
food_site_max_distance=3000.0000,222,True,False,2.0,1.0,0.3556388888888889,5.657489940740228,0.8659185014180217,0.5553970231481237,0.529796648828144,0.529796648828144,0.6760702145471923
food_site_max_distance=3000.0000,223,True,False,2.0,1.0,0.4013611111111111,6.446480628196739,0.8752617509624017,0.8071421782325344,0.7433275340928208,0.7433275340928208,0.5910979114880085
food_site_max_distance=3000.0000,224,True,False,2.0,1.0,0.4438333333333333,7.178515226465605,0.8893785372445661,0.8450675881130664,0.7972608208798615,0.7972608208798615,0.6191251610258388
food_site_max_distance=3000.0000,225,True,False,2.0,1.0,0.4361666666666667,7.001685252769052,0.8646686764070372,0.8520166012003417,0.7084356210302617,0.7084356210302617,0.29770011223527093
food_site_max_distance=3000.0000,226,True,False,2.0,1.0,0.41411111111111115,6.629255928324559,0.879943272073204,0.8056802808959102,0.5109430941263656,0.5109430941263656,0.5664455335372296
food_site_max_distance=3000.0000,227,True,False,2.0,1.0,0.38775,6.190509370831338,0.8735330151773618,0.7864556655115191,0.7163021181059113,0.7163021181059113,0.6090628308670707
food_site_max_distance=3000.0000,228,True,False,2.0,1.0,0.41230555555555554,6.513536366859788,0.8355625923382939,0.8332135900276099,0.6618928331978694,0.6618928331978694,0.3418124373473168
food_site_max_distance=3000.0000,229,True,False,2.0,1.0,0.3985,6.294887818097493,0.8401474866281007,0.8245192228107429,0.8204705240630743,0.8204705240630743,0.7574093223859659
food_site_max_distance=3000.0000,230,False,False,0.9904115908791318,0.9904115908791318,0.36519444444444443,5.632648621842531,0.7923292727033054,0.584283336250858,0.685971955074113,0.584283336250858,0.4788622322458082
food_site_max_distance=3000.0000,231,False,False,0.8226775416034166,0.8226775416034166,0.36894444444444446,5.3866466746199775,0.6581420332827332,0.6850412469585144,0.6169398170156113,0.6169398170156113,0.6558980204696169
food_site_max_distance=3000.0000,232,True,False,2.0,1.0,0.4003888888888889,6.370127861052515,0.8505393858135595,0.8326995589044456,0.721133634844758,0.721133634844758,0.24339816945405868
food_site_max_distance=3000.0000,233,True,False,2.0,1.0,0.3913611111111111,6.141757299224753,0.8343093411344994,0.6969447680643518,0.7676205322276222,0.6969447680643518,0.6784147374413387
food_site_max_distance=3000.0000,234,True,False,2.0,1.0,0.4051666666666666,6.4083711249597854,0.8409813337430658,0.8355245940733886,0.576222740471702,0.576222740471702,0.3272548365178952
food_site_max_distance=3000.0000,235,True,False,2.0,1.0,0.4215277777777778,6.6788877700625395,0.8462848565581649,0.8413726457463314,0.77896215098101,0.77896215098101,0.6206371124062946
food_site_max_distance=3000.0000,236,True,False,2.0,1.0,0.44358333333333333,7.177213656087713,0.8945238345907348,0.8888924165171683,0.8499979031915038,0.8499979031915038,0.6493174807503216
food_site_max_distance=3000.0000,237,True,False,2.0,1.0,0.42550000000000004,6.863276815474234,0.8865799961639803,0.8506658799300015,0.72586938744923,0.72586938744923,0.552692013522403
food_site_max_distance=3000.0000,238,True,False,2.0,1.0,0.40599999999999997,6.450899470761249,0.8545035850213918,0.7370772314225456,0.7636765592487478,0.7370772314225456,0.34714381512186526
food_site_max_distance=3000.0000,239,True,False,2.0,1.0,0.3958055555555556,6.308436708907262,0.8714652056465317,0.771253153702483,0.6865968131920552,0.6865968131920552,0.7429426280692951
food_site_max_distance=3000.0000,240,True,False,2.0,1.0,0.41647222222222224,6.498774157362547,0.805281077895199,0.8033909268636424,0.7336724863153841,0.7336724863153841,0.7030435083102312
food_site_max_distance=3000.0000,241,True,False,2.0,1.0,0.3993611111111111,6.404144153931297,0.8736658347822226,0.7776461772120775,0.7710792136495832,0.7710792136495832,0.6366651998965352
food_site_max_distance=3000.0000,242,True,False,2.0,1.0,0.42038888888888887,6.652398306403898,0.8388704859029927,0.7227524943760849,0.7390928457225401,0.7227524943760849,0.49388198312945675
food_site_max_distance=3000.0000,243,True,False,2.0,1.0,0.40850000000000003,6.523948656477114,0.8637637364773056,0.8204294596977483,0.8414630985926815,0.8204294596977483,0.7082112140794989
food_site_max_distance=3000.0000,244,True,False,2.0,1.0,0.4187222222222223,6.678438612982812,0.8623917549741567,0.8223687558701133,0.7246579510596387,0.7246579510596387,0.5306057047765037
food_site_max_distance=3000.0000,245,True,False,2.0,1.0,0.41030555555555553,6.468696392457507,0.8392017439274903,0.800584492367053,0.6466021796118129,0.6466021796118129,0.7432579010884555
food_site_max_distance=3000.0000,246,True,False,2.0,1.0,0.40805555555555556,6.469447433011109,0.8474080397176952,0.8375900995100545,0.6425870849064871,0.6425870849064871,0.4166064875651273
food_site_max_distance=3000.0000,247,True,False,2.0,1.0,0.4181666666666667,6.766000263848188,0.8916105572043925,0.7327957952800334,0.7694116997596251,0.7327957952800334,0.4629575573912683
food_site_max_distance=3000.0000,248,True,False,2.0,1.0,0.4015,6.322303584464211,0.8301243129888536,0.7970229091235254,0.7621251429385103,0.7621251429385103,0.30350160380272523
food_site_max_distance=3000.0000,249,True,False,2.0,1.0,0.3724166666666667,5.8427052313472405,0.8438975453272686,0.8263872296203629,0.8068136088318568,0.8068136088318568,0.6376336223821999
food_site_max_distance=3000.0000,250,True,False,2.0,1.0,0.39763888888888893,6.263632976975741,0.8323279845873891,0.8128665237442106,0.7136280528624853,0.7136280528624853,0.3399614413153808
food_site_max_distance=3000.0000,251,False,False,0.635368448042106,0.635368448042106,0.36075,5.560242512002993,0.814557876821372,0.5656692940242112,0.317684224021053,0.317684224021053,0.4899602931958406
food_site_max_distance=3000.0000,252,True,False,2.0,1.0,0.42875,6.740440294032407,0.8197606445487721,0.8753274610851881,0.8422675850319117,0.8422675850319117,0.3434839715662103
food_site_max_distance=3000.0000,253,True,False,2.0,1.0,0.42497222222222225,6.681184743493019,0.822437145527879,0.8711878677838105,0.8097544598064638,0.8097544598064638,0.37870029273812195
food_site_max_distance=3000.0000,254,True,False,2.0,1.0,0.3991388888888889,6.258790384190585,0.8100360944044481,0.8179633352743788,0.6248490315738936,0.6248490315738936,0.32624491001843153
food_site_max_distance=3000.0000,255,False,False,0.9906235222347873,0.9906235222347873,0.3825,5.9597693005128765,0.7924988177878299,0.8669090522651578,0.7726286214824475,0.7726286214824475,0.5082567396824492
food_site_max_distance=3000.0000,256,True,False,2.0,1.0,0.444,7.0996098582979466,0.8612894732873585,0.8791142601822809,0.8134059994761472,0.8134059994761472,0.7069639826146898
food_site_max_distance=3000.0000,257,True,False,2.0,1.0,0.40299999999999997,6.298239138806816,0.8077867569496194,0.8976982964087858,0.8649537435794764,0.8649537435794764,0.4864125917805822
food_site_max_distance=3000.0000,258,True,False,2.0,1.0,0.4051666666666666,6.37727702189586,0.8475111062435702,0.7697946612610795,0.5788362556025806,0.5788362556025806,0.4647806627912756
food_site_max_distance=3000.0000,259,True,False,2.0,1.0,0.43533333333333335,7.039565198674778,0.8979800632015472,0.756138306095743,0.7895940321881121,0.756138306095743,0.7731010598471404
food_site_max_distance=3000.0000,260,True,False,2.0,1.0,0.42791666666666667,6.993534640924541,0.9222234222661349,0.809867951812636,0.7851587463036279,0.7851587463036279,0.610908314083056
food_site_max_distance=3000.0000,261,True,False,2.0,1.0,0.44905555555555554,7.198526115437279,0.8655151299478768,0.8574071941730778,0.8393957396623573,0.8393957396623573,0.7176224392635534
food_site_max_distance=3000.0000,262,True,False,2.0,1.0,0.40694444444444444,6.404652384451809,0.8458221260803647,0.7069180360174198,0.7372066425804971,0.7069180360174198,0.7701656120172167
food_site_max_distance=3000.0000,263,True,False,2.0,1.0,0.4463888888888889,7.244287198618616,0.893635153322046,0.8835746043710333,0.7887002935144191,0.7887002935144191,0.6100571050765893
food_site_max_distance=3000.0000,264,True,False,2.0,1.0,0.3654444444444444,5.649597110608718,0.8007432825826796,0.7680215920497354,0.5991911129329188,0.5991911129329188,0.47815451127289543
food_site_max_distance=3000.0000,265,True,False,2.0,1.0,0.40202777777777776,6.401772761417532,0.8638061312010077,0.7280581833195142,0.8093426917005018,0.7280581833195142,0.5209380472919917
food_site_max_distance=3000.0000,266,True,False,2.0,1.0,0.3966388888888889,6.175397220498273,0.803358554399729,0.8568152605475573,0.7228871427851656,0.7228871427851656,0.49028313922492994
food_site_max_distance=3000.0000,267,False,False,0.9809325087294855,0.9809325087294855,0.3893333333333333,6.0454741778218875,0.7847460069835884,0.7510274069910249,0.5683227756779566,0.5683227756779566,0.500077820424195
food_site_max_distance=3000.0000,268,True,False,2.0,1.0,0.38566666666666666,6.035031551391808,0.828754777229145,0.7430717082889144,0.741874624933023,0.741874624933023,0.41542326600654034
food_site_max_distance=3000.0000,269,True,False,2.0,1.0,0.40588888888888885,6.478831509659299,0.8617298825665329,0.8371813380147582,0.8353266956088433,0.8353266956088433,0.41208105611871876
food_site_max_distance=3000.0000,270,True,False,2.0,1.0,0.3809722222222222,6.068896289333673,0.8623439173057865,0.8395734768599163,0.8535985343092259,0.8395734768599163,0.5220418610599675
food_site_max_distance=3000.0000,271,True,False,2.0,1.0,0.40505555555555556,6.457152512986124,0.8760150523176565,0.7738596989087184,0.6198290033366105,0.6198290033366105,0.7351651551020948
food_site_max_distance=3000.0000,272,True,False,2.0,1.0,0.4116388888888889,6.607367835633027,0.8866970963662919,0.8396008417272092,0.83543311553354,0.83543311553354,0.6433050806255626
food_site_max_distance=3000.0000,273,True,False,2.0,1.0,0.38366666666666666,6.123200008732434,0.8801287277819765,0.6656984604108062,0.5923843516393624,0.5923843516393624,0.7632636619120797
food_site_max_distance=3000.0000,274,True,False,2.0,1.0,0.42877777777777776,6.825005010360627,0.8513957590079426,0.81455190710089,0.7623521770403385,0.7623521770403385,0.6252207165210846
food_site_max_distance=3000.0000,275,True,False,2.0,1.0,0.3809722222222222,5.932981861737984,0.8250531865521099,0.7050919395759901,0.5251385174864788,0.5251385174864788,0.4773182583815804
food_site_max_distance=3000.0000,276,True,False,2.0,1.0,0.4202222222222222,6.641547883899691,0.8471993229730685,0.7781228547718048,0.6771026078805672,0.6771026078805672,0.7604694034026072
food_site_max_distance=3000.0000,277,True,False,2.0,1.0,0.4401111111111111,7.022590078297865,0.8547538742693882,0.8176484539540846,0.7934277808289302,0.7934277808289302,0.6519130648525578
food_site_max_distance=3000.0000,278,False,False,0.9950866745758017,0.9950866745758017,0.41058333333333336,6.3620021874557295,0.7960693396606414,0.7126382286422752,0.6467429100527933,0.6467429100527933,0.4046413249577649
food_site_max_distance=3000.0000,279,True,False,2.0,1.0,0.3847222222222222,6.031584705954493,0.8349321844206161,0.7789908819231264,0.6932899277883917,0.6932899277883917,0.29902013211884626
food_site_max_distance=3000.0000,280,True,False,2.0,1.0,0.35386111111111107,5.6164322927552055,0.8581239488080961,0.5446945429561143,0.7628456586889352,0.5446945429561143,0.2856240190560009
food_site_max_distance=3000.0000,281,True,False,2.0,1.0,0.42675,6.8719037554444915,0.8948921027941249,0.756917770869456,0.7134573417086795,0.7134573417086795,0.7364919601169343
food_site_max_distance=3000.0000,282,False,False,0.9978228247755939,0.9978228247755939,0.4280833333333333,6.655286828153037,0.7982582598204752,0.8216231197259982,0.7397979808841313,0.7397979808841313,0.5783170917879205
food_site_max_distance=3000.0000,283,True,False,2.0,1.0,0.43194444444444446,6.925639638508349,0.8751993286458492,0.8219555045318471,0.8270789708263173,0.8219555045318471,0.42115420629749983
food_site_max_distance=3000.0000,284,True,False,2.0,1.0,0.4206388888888889,6.66739595717755,0.8433216799198937,0.7852886082829007,0.8621765543564373,0.7852886082829007,0.39072853582013606
food_site_max_distance=3000.0000,285,True,False,2.0,1.0,0.38602777777777775,6.09835350592537,0.8421847742854323,0.712853327402866,0.5978521385034891,0.5978521385034891,0.39604833226357533
food_site_max_distance=3000.0000,286,True,False,2.0,1.0,0.4053611111111111,6.396056723773509,0.8537313053815497,0.7606642768530651,0.7706229052015154,0.7606642768530651,0.741286266072359
food_site_max_distance=3000.0000,287,True,False,2.0,1.0,0.40369444444444447,6.302863791360471,0.8139884004452453,0.8728262617049508,0.7769939193406741,0.7769939193406741,0.5695495624164183
food_site_max_distance=3000.0000,288,True,False,2.0,1.0,0.38113888888888886,6.0644601018231405,0.8601369135361904,0.7703804877577812,0.7378300031379766,0.7378300031379766,0.5211152908059742
food_site_max_distance=3000.0000,289,True,False,2.0,1.0,0.4235833333333333,6.775357489920847,0.871053220327525,0.7797889757395644,0.7490446078548119,0.7490446078548119,0.53314619601199
food_site_max_distance=3000.0000,290,True,False,2.0,1.0,0.40519444444444447,6.438479989452119,0.8535772210358211,0.7919912503756662,0.6747653808109291,0.6747653808109291,0.5433708418603739
food_site_max_distance=3000.0000,291,True,False,2.0,1.0,0.40305555555555556,6.472587616251108,0.8864354052082081,0.8014545853019821,0.7927985433403528,0.7927985433403528,0.7582701749684312
food_site_max_distance=3000.0000,292,True,False,2.0,1.0,0.42158333333333337,6.733533481704185,0.8667280425216861,0.7712650455608838,0.6652299867150381,0.6652299867150381,0.5086214573758054
food_site_max_distance=3000.0000,293,True,False,2.0,1.0,0.41797222222222224,6.6904059682184664,0.8654609908355296,0.7983947107950136,0.7906477662302799,0.7906477662302799,0.5911090251180895
food_site_max_distance=3000.0000,294,True,False,2.0,1.0,0.4201388888888889,6.711542384870098,0.8632429283890721,0.799868036063396,0.7643692973457845,0.7643692973457845,0.7727478858233376
food_site_max_distance=3000.0000,295,True,False,2.0,1.0,0.4111666666666667,6.459097178761527,0.8253688852290233,0.801760911881255,0.7786742078497582,0.7786742078497582,0.3953103099479022
food_site_max_distance=3000.0000,296,True,False,2.0,1.0,0.38758333333333334,6.0942024094134695,0.8456865027537007,0.6371113107328555,0.6826670307168338,0.6371113107328555,0.5819511530819812
food_site_max_distance=3000.0000,297,True,False,2.0,1.0,0.43516666666666665,6.9239334269433614,0.8567269167733976,0.863473864431498,0.7843859975882611,0.7843859975882611,0.5183521843514929
food_site_max_distance=3000.0000,298,False,False,0.9718248214194493,0.9718248214194493,0.36972222222222223,5.657723764193109,0.7774598571355594,0.7007300370162032,0.5723163532957789,0.5723163532957789,0.578671941968764
food_site_max_distance=3000.0000,299,True,False,2.0,1.0,0.3933611111111111,6.265768505927997,0.8593392043816429,0.8427863953945042,0.7051584817316935,0.7051584817316935,0.6258096896920996
food_site_max_distance=3500.0000,200,True,False,2.0,1.0,0.3393333333333333,5.24573865037188,0.8533090787259975,0.8588793088956603,0.6767288267418327,0.6767288267418327,0.3283658275033271
food_site_max_distance=3500.0000,201,False,False,0.9856820539809678,0.9856820539809678,0.36980555555555555,5.569107154016908,0.7885456431847743,0.8196339715824354,0.7145675900741716,0.7145675900741716,0.6555077669272402
food_site_max_distance=3500.0000,202,True,False,2.0,1.0,0.3608333333333333,5.512709594761038,0.8438388087199112,0.7355820688166346,0.6779365839309448,0.6779365839309448,0.4498970372867814
food_site_max_distance=3500.0000,203,True,False,2.0,1.0,0.37219444444444444,5.634779399939096,0.8084248008188334,0.8156548615312157,0.7570208924797981,0.7570208924797981,0.6662126712814475
food_site_max_distance=3500.0000,204,True,False,2.0,1.0,0.35455555555555557,5.476243622199113,0.858076045624069,0.7605096695930854,0.7813058974036733,0.7605096695930854,0.27432341178825975
food_site_max_distance=3500.0000,205,True,False,2.0,1.0,0.35786111111111113,5.45626711804475,0.8333305460150373,0.7420263383662575,0.6538034156896501,0.6538034156896501,0.5810610650026031
food_site_max_distance=3500.0000,206,True,False,2.0,1.0,0.3927777777777778,6.091975796386476,0.8473645549609266,0.8443029526274235,0.7359943350935679,0.7359943350935679,0.6027650857419623
food_site_max_distance=3500.0000,207,True,False,2.0,1.0,0.35947222222222225,5.593712362035677,0.883083283295834,0.75358911344482,0.6974298071716679,0.6974298071716679,0.2864618786126416
food_site_max_distance=3500.0000,208,True,False,2.0,1.0,0.3755555555555556,5.7332050745701535,0.8164306368711778,0.8083733373707419,0.728925941744376,0.728925941744376,0.3578967543263696
food_site_max_distance=3500.0000,209,True,False,2.0,1.0,0.38177777777777777,5.94326569947438,0.8724196057530591,0.8543401554721631,0.6883735068383674,0.6883735068383674,0.6778241889708629
food_site_max_distance=3500.0000,210,True,False,2.0,1.0,0.37330555555555556,5.701497193601108,0.8276151457717748,0.7509271842368797,0.7616939498951544,0.7509271842368797,0.43452094597260416
food_site_max_distance=3500.0000,211,True,False,2.0,1.0,0.3656666666666667,5.698165374814206,0.8825213531034779,0.7202447609370797,0.7332092856167645,0.7202447609370797,0.7136987974401602
food_site_max_distance=3500.0000,212,False,False,0.9758273295734393,0.9758273295734393,0.3497777777777778,5.2196939765149875,0.7806618636587515,0.7573962435297811,0.7864944930822316,0.7573962435297811,0.3769349220629326
food_site_max_distance=3500.0000,213,True,False,2.0,1.0,0.3506111111111111,5.295409755052879,0.8106493820833246,0.7999538243860693,0.6748357976650711,0.6748357976650711,0.5973139989245311
food_site_max_distance=3500.0000,214,False,False,0.8732712705084167,0.8732712705084167,0.3528611111111111,5.471428436473551,0.8530536755009227,0.8916511178839833,0.43663563525420834,0.43663563525420834,0.5417231942360171
food_site_max_distance=3500.0000,215,True,False,2.0,1.0,0.37244444444444447,5.872168464454364,0.9023432629712297,0.8250686831602573,0.7258166119554238,0.7258166119554238,0.5971194752185119
food_site_max_distance=3500.0000,216,True,False,2.0,1.0,0.38166666666666665,5.8866362779728965,0.8390420199375203,0.7234021024271508,0.8165370461679379,0.7234021024271508,0.3704437723063016
food_site_max_distance=3500.0000,217,False,False,0.9614496721852636,0.9614496721852636,0.36316666666666664,5.418533535356034,0.7691597377482109,0.7802879899460226,0.7658424185875871,0.7658424185875871,0.6789313964814454
food_site_max_distance=3500.0000,218,True,False,2.0,1.0,0.33866666666666667,5.2092110215982474,0.8511246013330701,0.7475268205469895,0.650601937215848,0.650601937215848,0.25061037633963995
food_site_max_distance=3500.0000,219,True,False,2.0,1.0,0.3674722222222222,5.717590079911422,0.8707802927060171,0.838730324244701,0.8174857282264744,0.8174857282264744,0.5527123010910593
food_site_max_distance=3500.0000,220,True,False,2.0,1.0,0.37719444444444444,5.843893912380963,0.8456650418971624,0.7609053020745334,0.6863710622996237,0.6863710622996237,0.5966185832297012
food_site_max_distance=3500.0000,221,True,False,2.0,1.0,0.3691388888888889,5.7369611987453775,0.8636257233352945,0.7870383269334968,0.6811954365613013,0.6811954365613013,0.6292766221484846
food_site_max_distance=3500.0000,222,True,False,2.0,1.0,0.35897222222222225,5.430360215822804,0.8199395868310512,0.7235968011066538,0.6409041812231109,0.6409041812231109,0.5086135617558694
food_site_max_distance=3500.0000,223,True,False,2.0,1.0,0.3920833333333333,6.133086319425206,0.8761509831005085,0.8386914242681571,0.7629719536769584,0.7629719536769584,0.6671345351687703
food_site_max_distance=3500.0000,224,True,False,2.0,1.0,0.38158333333333333,5.958352721455287,0.8781167806224859,0.8285894920993483,0.821665356490721,0.821665356490721,0.5531358422110144
food_site_max_distance=3500.0000,225,True,False,2.0,1.0,0.39366666666666666,6.131904524670193,0.8613895035071721,0.7839156188710779,0.7287787422946085,0.7287787422946085,0.4608232352300526
food_site_max_distance=3500.0000,226,False,False,0.8922846048160141,0.8922846048160141,0.3443333333333333,5.257945476167722,0.8379398420882399,0.680516721703499,0.44614230240800706,0.44614230240800706,0.30862547939924717
food_site_max_distance=3500.0000,227,True,False,2.0,1.0,0.34469444444444447,5.259069961157478,0.8546640849937823,0.7248877187001587,0.6662717140485662,0.6662717140485662,0.6850308677628619
food_site_max_distance=3500.0000,228,True,False,2.0,1.0,0.3555277777777778,5.352965586699113,0.8033722419124814,0.7689732018498278,0.7154558834844149,0.7154558834844149,0.5118337066216303
food_site_max_distance=3500.0000,229,True,False,2.0,1.0,0.4056111111111111,6.306763557887674,0.845016184052543,0.8356959854413101,0.7944974360807247,0.7944974360807247,0.2954877798626759
food_site_max_distance=3500.0000,230,True,False,2.0,1.0,0.3706111111111111,5.789600310697418,0.8848046017483268,0.8062526850447861,0.5029693313238777,0.5029693313238777,0.3141778050412081
food_site_max_distance=3500.0000,231,True,False,2.0,1.0,0.36833333333333335,5.637257980674319,0.811379324622916,0.8280128907801566,0.82680390812044,0.82680390812044,0.5380755296506106
food_site_max_distance=3500.0000,232,True,False,2.0,1.0,0.3596388888888889,5.649509168971746,0.8906501588293663,0.7534950124003037,0.769749476081118,0.7534950124003037,0.5480971450280444
food_site_max_distance=3500.0000,233,True,False,2.0,1.0,0.35913888888888884,5.468941141370599,0.8313728142238638,0.7059639464477556,0.6995714624529302,0.6995714624529302,0.814292938742123
food_site_max_distance=3500.0000,234,True,False,2.0,1.0,0.37530555555555556,5.921564911541714,0.9117023512433466,0.7840091761799948,0.7220168139908352,0.7220168139908352,0.588870870673342
food_site_max_distance=3500.0000,235,True,False,2.0,1.0,0.3899722222222222,6.1172068637711865,0.8855478107654172,0.8197540133869433,0.6808959462544475,0.6808959462544475,0.4453661714251852
food_site_max_distance=3500.0000,236,True,False,2.0,1.0,0.38302777777777774,6.103165185455,0.9172172917130665,0.8271808541816434,0.6323890836530316,0.6323890836530316,0.5129279538481367
food_site_max_distance=3500.0000,237,True,False,2.0,1.0,0.3551944444444445,5.419306581741266,0.83710494323387,0.8114970020335027,0.6597085335568181,0.6597085335568181,0.37128279342550546
food_site_max_distance=3500.0000,238,True,False,2.0,1.0,0.3700833333333333,5.636622507749292,0.8124941263265882,0.8761066903016109,0.8052073216063671,0.8052073216063671,0.7232771316885908
food_site_max_distance=3500.0000,239,True,False,2.0,1.0,0.3714444444444444,5.72080149550838,0.8480609142147483,0.8022079570059968,0.8402101476953278,0.8022079570059968,0.479411464443335
food_site_max_distance=3500.0000,240,True,False,2.0,1.0,0.34411111111111115,5.347405459301419,0.8698435385313935,0.7990563223568128,0.8100293131535713,0.7990563223568128,0.18765009451583975
food_site_max_distance=3500.0000,241,True,False,2.0,1.0,0.3729722222222222,5.829869032228881,0.87159432818642,0.8317203628426866,0.8626520840532805,0.8317203628426866,0.5092018806121869
food_site_max_distance=3500.0000,242,True,False,2.0,1.0,0.37533333333333335,5.7741924871016606,0.8446632942462852,0.8458454728635888,0.6170820095338889,0.6170820095338889,0.3911036350792806
food_site_max_distance=3500.0000,243,True,False,2.0,1.0,0.3886944444444444,6.072475713851726,0.8853999568703915,0.7769992783709726,0.76285513124046,0.76285513124046,0.749995643628576
food_site_max_distance=3500.0000,244,True,False,2.0,1.0,0.3853888888888889,5.894052920268849,0.8121736929656993,0.7617702349686672,0.6855347833729662,0.6855347833729662,0.7532928413742355
food_site_max_distance=3500.0000,245,True,False,2.0,1.0,0.37955555555555553,5.787186793992146,0.8110651342836899,0.7801979720222427,0.7133180076970117,0.7133180076970117,0.6022598475443998
food_site_max_distance=3500.0000,246,True,False,2.0,1.0,0.3979722222222222,6.259069317800794,0.8871899267283864,0.8081637815165834,0.6858491963070416,0.6858491963070416,0.7911554709618198
food_site_max_distance=3500.0000,247,True,False,2.0,1.0,0.3436666666666667,5.25718238754881,0.8283217383150944,0.7105230820363515,0.6842314212669742,0.6842314212669742,0.5052055751187324
food_site_max_distance=3500.0000,248,False,False,0.981107421970068,0.981107421970068,0.3546944444444444,5.329191897230694,0.7848859375760544,0.7803293144546805,0.8020825441040965,0.7803293144546805,0.5030972212041372
food_site_max_distance=3500.0000,249,True,False,2.0,1.0,0.3630833333333333,5.62687182098854,0.866973857096419,0.7795634411219413,0.6783264734374942,0.6783264734374942,0.7700308717022815
food_site_max_distance=3500.0000,250,False,False,0.5199680403825812,0.5199680403825812,0.3192222222222222,4.704748942025664,0.7869239932046924,0.3452681691391169,0.2599840201912906,0.2599840201912906,0.6330649108861734
food_site_max_distance=3500.0000,251,True,False,2.0,1.0,0.3803611111111111,5.882549237962571,0.8446309150862175,0.8639182276005681,0.7418208809912247,0.7418208809912247,0.49971149605874043
food_site_max_distance=3500.0000,252,True,False,2.0,1.0,0.38425,6.039227883635122,0.8759619082303384,0.7966420000185482,0.8001282797418707,0.7966420000185482,0.11558180532442054
food_site_max_distance=3500.0000,253,True,False,2.0,1.0,0.367,5.70124722057672,0.8728484360166899,0.7725148484422651,0.7734273748446036,0.7725148484422651,0.4152898762055251
food_site_max_distance=3500.0000,254,True,False,2.0,1.0,0.37733333333333335,5.838503732492489,0.8567789812661684,0.7818228711636139,0.7373485371229761,0.7373485371229761,0.5416402578866854
food_site_max_distance=3500.0000,255,True,False,2.0,1.0,0.37375,5.7224310340450755,0.8311687233272383,0.8116164798192139,0.856390230283363,0.8116164798192139,0.37974644529655766
food_site_max_distance=3500.0000,256,True,False,2.0,1.0,0.3843333333333333,5.939615179924262,0.8543594900542988,0.8045012120108838,0.6984530278889137,0.6984530278889137,0.640353662464068
food_site_max_distance=3500.0000,257,True,False,2.0,1.0,0.35788888888888887,5.574907248725421,0.8724613565129141,0.811639861247631,0.5527243355674339,0.5527243355674339,0.5353851612887274
food_site_max_distance=3500.0000,258,False,False,0.9969578695580165,0.9969578695580165,0.36000000000000004,5.461599563957916,0.7975662956464132,0.7524952767848413,0.6892736083947052,0.6892736083947052,0.8025648152722781
food_site_max_distance=3500.0000,259,True,False,2.0,1.0,0.36150000000000004,5.668514067990625,0.8990699635547901,0.7243532581723375,0.5783226516074512,0.5783226516074512,0.3806530813974891
food_site_max_distance=3500.0000,260,True,False,2.0,1.0,0.3577222222222222,5.497465689977185,0.843203795038291,0.7408892709086087,0.5753649536497437,0.5753649536497437,0.34770500236739904
food_site_max_distance=3500.0000,261,True,False,2.0,1.0,0.35394444444444445,5.374829656787349,0.826405879388892,0.7863445649504168,0.8256393796785869,0.7863445649504168,0.7646616078578321
food_site_max_distance=3500.0000,262,True,False,2.0,1.0,0.35144444444444445,5.384020923494006,0.8369347090577802,0.7090559137354876,0.6729207251370658,0.6729207251370658,0.4053558982838627
food_site_max_distance=3500.0000,263,True,False,2.0,1.0,0.3754722222222222,5.844783884082494,0.8675034109555811,0.7609866522610321,0.8453620583012937,0.7609866522610321,0.441931354064341
food_site_max_distance=3500.0000,264,True,False,2.0,1.0,0.3682777777777778,5.759831708107886,0.8921091901506141,0.7782037397598044,0.6788164787947502,0.6788164787947502,0.5005799008607181
food_site_max_distance=3500.0000,265,True,False,2.0,1.0,0.37969444444444445,5.923193368540779,0.8712551580193746,0.8662118466564315,0.7561302089281359,0.7561302089281359,0.7755495122003631
food_site_max_distance=3500.0000,266,True,False,2.0,1.0,0.38269444444444445,5.982839449811268,0.8566649836538214,0.8833468260493436,0.8562803528511899,0.8562803528511899,0.2011151267402574
food_site_max_distance=3500.0000,267,False,False,0.9946929734113881,0.9946929734113881,0.38055555555555554,5.807678431734756,0.7957543787291105,0.8943126415750421,0.8771121101742931,0.8771121101742931,0.5482744770191437
food_site_max_distance=3500.0000,268,True,False,2.0,1.0,0.38555555555555554,5.8934129485026325,0.8126765903132378,0.7922427499504294,0.7641829848961138,0.7641829848961138,0.38490803974110427
food_site_max_distance=3500.0000,269,True,False,2.0,1.0,0.38491666666666663,5.97326736250499,0.868372985738765,0.7706318563067603,0.7386533972542378,0.7386533972542378,0.772004018084565
food_site_max_distance=3500.0000,270,True,False,2.0,1.0,0.37177777777777776,5.714752723360875,0.8410686822454313,0.7838606338203179,0.8148615032342913,0.7838606338203179,0.5694726335709018
food_site_max_distance=3500.0000,271,True,False,2.0,1.0,0.3888333333333333,6.111660397068548,0.890877184536208,0.787304517890316,0.8392088316512392,0.787304517890316,0.3200967445811132
food_site_max_distance=3500.0000,272,False,False,0.9997074564348652,0.9997074564348652,0.3516388888888889,5.359681020864014,0.8387380450214782,0.7578644451796355,0.4998537282174326,0.4998537282174326,0.4332936777063075
food_site_max_distance=3500.0000,273,True,False,2.0,1.0,0.3691111111111111,5.66699630968287,0.8316335208817018,0.830802484389276,0.7383310733567836,0.7383310733567836,0.46421057029318646
food_site_max_distance=3500.0000,274,True,False,2.0,1.0,0.3854444444444444,6.069039774519102,0.8718852357932967,0.8815619183651126,0.787590982269458,0.787590982269458,0.25960940091094986
food_site_max_distance=3500.0000,275,False,False,0.9043104404745506,0.9043104404745506,0.32513888888888887,4.8051099059905775,0.7819103743708792,0.4521552202372753,0.509690848081005,0.4521552202372753,0.35789301569039544
food_site_max_distance=3500.0000,276,True,False,2.0,1.0,0.3621666666666667,5.571231570793186,0.8505299262207483,0.7491233292009343,0.7681410510431748,0.7491233292009343,0.4551567781772531
food_site_max_distance=3500.0000,277,True,False,2.0,1.0,0.3654444444444444,5.637613381417254,0.8578849929887405,0.7894787070720652,0.7282924806570616,0.7282924806570616,0.4441470736522677
food_site_max_distance=3500.0000,278,True,False,2.0,1.0,0.37194444444444447,5.674860012925607,0.8102493231596559,0.7777105030487398,0.6900924520252968,0.6900924520252968,0.5619951292495411
food_site_max_distance=3500.0000,279,True,False,2.0,1.0,0.36324999999999996,5.610066256239335,0.8582127548936026,0.7928837054572092,0.656072804029176,0.656072804029176,0.5861911318022607
food_site_max_distance=3500.0000,280,True,False,2.0,1.0,0.38625000000000004,6.0974846399417135,0.9144651737990106,0.8406478510485483,0.6586560723694251,0.6586560723694251,0.45021473104546017
food_site_max_distance=3500.0000,281,True,False,2.0,1.0,0.3919166666666667,6.198550866456663,0.9059320468737969,0.8743435078966936,0.7252612658888528,0.7252612658888528,0.584619664701298
food_site_max_distance=3500.0000,282,True,False,2.0,1.0,0.3583055555555556,5.510328200048659,0.8561112413775674,0.731761133941411,0.7270839859673983,0.7270839859673983,0.6711992919493507
food_site_max_distance=3500.0000,283,True,False,2.0,1.0,0.3725,5.8792527209122,0.9106793892842414,0.8508377697315124,0.7340961577655564,0.7340961577655564,0.46114619160691
food_site_max_distance=3500.0000,284,True,False,2.0,1.0,0.39413888888888887,6.161963051018649,0.8705358417189164,0.8216929693344505,0.7530368034630078,0.7530368034630078,0.4991946992734094
food_site_max_distance=3500.0000,285,True,False,2.0,1.0,0.38752777777777775,5.940203124570606,0.8239167983476322,0.8558151754167712,0.7211718771388906,0.7211718771388906,0.4923099353787357
food_site_max_distance=3500.0000,286,True,False,2.0,1.0,0.3583611111111111,5.559160109163899,0.8506477461315937,0.9014553503131743,0.7966893376579163,0.7966893376579163,0.5652446975223445
food_site_max_distance=3500.0000,287,True,False,2.0,1.0,0.3601388888888889,5.556823271101873,0.8565283476246961,0.8719087295756787,0.8071742214472504,0.8071742214472504,0.3798055387664387
food_site_max_distance=3500.0000,288,False,False,0.9917980458706633,0.9917980458706633,0.3854444444444444,5.824346540261671,0.7934384366965307,0.7930148341476795,0.7999135196154304,0.7930148341476795,0.7337871940322235
food_site_max_distance=3500.0000,289,True,False,2.0,1.0,0.36269444444444443,5.580907646161795,0.8593504064268714,0.7424086658750675,0.7258574542802454,0.7258574542802454,0.8480277241021249
food_site_max_distance=3500.0000,290,True,False,2.0,1.0,0.35544444444444445,5.459608346663998,0.8729447718150893,0.7857683160294014,0.50934860434752,0.50934860434752,0.6791172240819985
food_site_max_distance=3500.0000,291,True,False,2.0,1.0,0.3561666666666667,5.500638201964247,0.8678631381832074,0.8150496997849179,0.5244190951942446,0.5244190951942446,0.48840716264767725
food_site_max_distance=3500.0000,292,True,False,2.0,1.0,0.38966666666666666,6.022322839934149,0.8567522623121933,0.8562456541621397,0.837653176598234,0.837653176598234,0.6904841101054678
food_site_max_distance=3500.0000,293,True,False,2.0,1.0,0.37519444444444444,5.887347370624681,0.8843375632016787,0.7935215645246123,0.7200488712184157,0.7200488712184157,0.25041006338789706
food_site_max_distance=3500.0000,294,False,False,0.9934881963271275,0.9934881963271275,0.3536111111111111,5.360087959350881,0.794790557061702,0.726522584898094,0.6886693975902353,0.6886693975902353,0.33909043999994576
food_site_max_distance=3500.0000,295,False,False,0.973826821006132,0.973826821006132,0.3788055555555555,5.679401823945279,0.7790614568049057,0.6685055893963615,0.6243014418451966,0.6243014418451966,0.648147589437476
food_site_max_distance=3500.0000,296,True,False,2.0,1.0,0.38258333333333333,5.858692865701005,0.8194600808141839,0.8943949027018536,0.8550116326677559,0.8550116326677559,0.6990134890304155
food_site_max_distance=3500.0000,297,True,False,2.0,1.0,0.3748333333333333,5.8555479221174815,0.8749243718270218,0.802995267678065,0.7111425068910828,0.7111425068910828,0.3737366733269317
food_site_max_distance=3500.0000,298,True,False,2.0,1.0,0.36580555555555555,5.635258654248412,0.8571225237262551,0.7748039697424853,0.7160920717477448,0.7160920717477448,0.6934705613688082
food_site_max_distance=3500.0000,299,True,False,2.0,1.0,0.39575,6.246464116880299,0.9094581277966592,0.8065745267149781,0.7586791973093113,0.7586791973093113,0.6018488508024024
food_site_max_distance=5000.0000,200,False,False,0.9789750458445785,0.9789750458445785,0.2871944444444444,3.8418564932200545,0.7831800366756628,0.8056687696044992,0.7655199947778234,0.7655199947778234,0.4316520303659071
food_site_max_distance=5000.0000,201,True,False,2.0,1.0,0.2793333333333334,3.8373678229116295,0.861684076014436,0.845906907811169,0.6940519365040442,0.6940519365040442,0.38699657939399956
food_site_max_distance=5000.0000,202,True,False,2.0,1.0,0.2846388888888889,3.835696397709142,0.8008609451748473,0.8429780395254121,0.7680317568248809,0.7680317568248809,0.38962071729946046
food_site_max_distance=5000.0000,203,True,False,2.0,1.0,0.2761388888888889,3.8367314733845626,0.8570883664808125,0.84420595311815,0.7448638892359144,0.7448638892359144,0.3489850707901774
food_site_max_distance=5000.0000,204,True,False,2.0,1.0,0.29538888888888887,4.065387965287114,0.8522193759176616,0.8005823174473251,0.7410511090334223,0.7410511090334223,0.6451206366352931
food_site_max_distance=5000.0000,205,True,False,2.0,1.0,0.30619444444444444,4.26857898059997,0.8683103155413839,0.7848981866585111,0.8420315085018608,0.7848981866585111,0.37832220722565607
food_site_max_distance=5000.0000,206,True,False,2.0,1.0,0.2707777777777778,3.6399028053334725,0.8378776187801894,0.6661760928060886,0.6003008810975367,0.6003008810975367,0.4893529215736558
food_site_max_distance=5000.0000,207,True,False,2.0,1.0,0.2768055555555556,3.7883919923170093,0.8485492996426388,0.8314746679652286,0.6281497191567932,0.6281497191567932,0.6332085132579965
food_site_max_distance=5000.0000,208,True,False,2.0,1.0,0.29225,3.9897513564551157,0.8258894312271894,0.823228756395887,0.7398624516516468,0.7398624516516468,0.5906102848319926
food_site_max_distance=5000.0000,209,True,False,2.0,1.0,0.27458333333333335,3.729731061292348,0.8315751400570935,0.8093334334292034,0.7996074588553314,0.7996074588553314,0.54473511706609
food_site_max_distance=5000.0000,210,True,False,2.0,1.0,0.2773611111111111,3.818653072463813,0.8631670231213758,0.8186929602827159,0.7684077858296938,0.7684077858296938,0.6227808005413841
food_site_max_distance=5000.0000,211,True,False,2.0,1.0,0.2813055555555556,3.823885451484966,0.8365004842364415,0.8275331443676299,0.7534029762439656,0.7534029762439656,0.67412682032805
food_site_max_distance=5000.0000,212,True,False,2.0,1.0,0.30566666666666664,4.305532093875249,0.8889686188820907,0.827521617172065,0.8729989144066496,0.827521617172065,0.627435284497242
food_site_max_distance=5000.0000,213,True,False,2.0,1.0,0.2879722222222222,3.899204605447196,0.8175775375487294,0.7611199342169586,0.7954501373031796,0.7611199342169586,0.6357354682297314
food_site_max_distance=5000.0000,214,False,False,0.9953280048390714,0.9953280048390714,0.29633333333333334,4.0231133549114135,0.7962624038712571,0.7832772474870395,0.8010484492126276,0.7832772474870395,0.28151263897410556
food_site_max_distance=5000.0000,215,True,False,2.0,1.0,0.2955833333333333,4.09045755679909,0.8676362908435564,0.8578732684018805,0.7708701321418481,0.7708701321418481,0.7404269973987231
food_site_max_distance=5000.0000,216,True,False,2.0,1.0,0.2856666666666667,3.980253649613495,0.8799403167836382,0.8070624814433717,0.6738642954387104,0.6738642954387104,0.5289058868665406
food_site_max_distance=5000.0000,217,True,False,2.0,1.0,0.29225,4.107978247757992,0.8771209765564727,0.8657233365751026,0.7662131629220936,0.7662131629220936,0.5410025483214251
food_site_max_distance=5000.0000,218,True,False,2.0,1.0,0.27841666666666665,3.779468329207404,0.8263600977718898,0.7997021439188493,0.7921544589785307,0.7921544589785307,0.6268236202448295
food_site_max_distance=5000.0000,219,True,False,2.0,1.0,0.3006111111111111,4.167613134202039,0.862501513331977,0.8449998059496936,0.7831933040724357,0.7831933040724357,0.7345259988055546
food_site_max_distance=5000.0000,220,True,False,2.0,1.0,0.30475,4.239127874340775,0.8501427486689421,0.886610848418982,0.8602815744093529,0.8602815744093529,0.5362765367538106
food_site_max_distance=5000.0000,221,True,False,2.0,1.0,0.28555555555555556,3.830082638626041,0.8096342196877105,0.7329394289689971,0.7627691426152824,0.7329394289689971,0.37237406180896554
food_site_max_distance=5000.0000,222,True,False,2.0,1.0,0.2990555555555555,4.172211826298951,0.8448664430173733,0.8614342785843445,0.7328111684841486,0.7328111684841486,0.32979340915111705
food_site_max_distance=5000.0000,223,False,False,0.9981807362598264,0.9981807362598264,0.2946388888888889,4.01091703884537,0.7985445890078612,0.8344947973360549,0.8461165188669515,0.8344947973360549,0.3871211325349781
food_site_max_distance=5000.0000,224,True,False,2.0,1.0,0.2965,4.1853737644219615,0.9032063965576668,0.7915684455338466,0.6995905338026466,0.6995905338026466,0.4449234591757349
food_site_max_distance=5000.0000,225,True,False,2.0,1.0,0.2916388888888889,4.116230743161577,0.9118858615185819,0.7977283528293089,0.6946725891298174,0.6946725891298174,0.4417836343651484
food_site_max_distance=5000.0000,226,True,False,2.0,1.0,0.2794166666666667,3.8785951980962774,0.866735336421883,0.8266492027971896,0.7571828884008865,0.7571828884008865,0.5918092281524598
food_site_max_distance=5000.0000,227,False,False,0.903283228805443,0.903283228805443,0.2826111111111111,3.97570099490658,0.9308769585775303,0.8097287725805982,0.4516416144027215,0.4516416144027215,0.3346124667003717
food_site_max_distance=5000.0000,228,True,False,2.0,1.0,0.29094444444444445,4.052395726573336,0.8688596565707408,0.8347263460596359,0.7658244160462107,0.7658244160462107,0.7489779140564718
food_site_max_distance=5000.0000,229,True,False,2.0,1.0,0.27283333333333337,3.745663559513298,0.8636359665357264,0.7622486350554278,0.6809123852318318,0.6809123852318318,0.32116140721005315
food_site_max_distance=5000.0000,230,True,False,2.0,1.0,0.2841111111111111,3.916897562381343,0.8721225044974121,0.8263900565522853,0.5536744985847191,0.5536744985847191,0.47538121193755245
food_site_max_distance=5000.0000,231,True,False,2.0,1.0,0.2905833333333333,4.051055536236084,0.8480089663831811,0.8546287008624102,0.8349970857966639,0.8349970857966639,0.7267462787095076
food_site_max_distance=5000.0000,232,True,False,2.0,1.0,0.2946666666666667,4.068317853092866,0.8393842939201231,0.8014381229338394,0.7786439468123392,0.7786439468123392,0.7487893290969019
food_site_max_distance=5000.0000,233,False,False,0.9603303035827371,0.9603303035827371,0.26902777777777775,3.538590786823304,0.7682642428661897,0.7585876209330279,0.6456248863366003,0.6456248863366003,0.26107788712265556
food_site_max_distance=5000.0000,234,True,False,2.0,1.0,0.29052777777777783,3.970311487038243,0.8296634436369853,0.7444931548107903,0.699830128977915,0.699830128977915,0.7546681633400981
food_site_max_distance=5000.0000,235,False,False,0.8627120996619883,0.8627120996619883,0.27241666666666664,3.694630954523342,0.8669751691183897,0.7799873535533599,0.4313560498309941,0.4313560498309941,0.66613241503672
food_site_max_distance=5000.0000,236,True,False,2.0,1.0,0.2932777777777778,4.079201494376053,0.8683551279822364,0.8276491045061907,0.8064065114390544,0.8064065114390544,0.6782012654438941
food_site_max_distance=5000.0000,237,True,False,2.0,1.0,0.2906944444444444,3.977324586624708,0.836914776910573,0.8449020367105301,0.6438005386904975,0.6438005386904975,0.5260420889137348
food_site_max_distance=5000.0000,238,True,False,2.0,1.0,0.28680555555555554,3.9247378399858004,0.833786885667012,0.8532952082079837,0.7272151123215801,0.7272151123215801,0.5024511545509298
food_site_max_distance=5000.0000,239,True,False,2.0,1.0,0.29738888888888887,4.099020205459442,0.8301404758548945,0.8431952583209715,0.8731116479943423,0.8431952583209715,0.43908179068045605
food_site_max_distance=5000.0000,240,True,False,2.0,1.0,0.27702777777777776,3.7433742069143765,0.8229880193735796,0.8015797673835927,0.6093499164703288,0.6093499164703288,0.735708476527261
food_site_max_distance=5000.0000,241,True,False,2.0,1.0,0.2828055555555556,3.8750708445874236,0.8043068308601007,0.8275861251817199,0.6615215034801653,0.6615215034801653,0.4696536210788132
food_site_max_distance=5000.0000,242,True,False,2.0,1.0,0.2785,3.87613966574477,0.8838165711982362,0.781079172505342,0.891410601122635,0.781079172505342,0.7820931641776446
food_site_max_distance=5000.0000,243,True,False,2.0,1.0,0.2882777777777778,4.018017547399564,0.8650673899108081,0.8695153982418561,0.8447457076287376,0.8447457076287376,0.44365667600056147
food_site_max_distance=5000.0000,244,True,False,2.0,1.0,0.27458333333333335,3.71356452369645,0.8374224639630433,0.8219144849162859,0.760750734055154,0.760750734055154,0.5608346599437978
food_site_max_distance=5000.0000,245,True,False,2.0,1.0,0.2685833333333333,3.7576019629440736,0.8667141205274433,0.8583199695323244,0.7725382557045043,0.7725382557045043,0.47452017273301317
food_site_max_distance=5000.0000,246,True,False,2.0,1.0,0.28925,4.0052653890630845,0.8693255552465811,0.7894032018628703,0.8296973436705017,0.7894032018628703,0.6311799035923226
food_site_max_distance=5000.0000,247,True,False,2.0,1.0,0.29255555555555557,4.013446138360964,0.8471962900887392,0.8193149438532475,0.7560615961052665,0.7560615961052665,0.44622626520398506
food_site_max_distance=5000.0000,248,False,False,0.96260114344369,0.96260114344369,0.28208333333333335,3.726861093639631,0.770080914754952,0.8155446677173652,0.756319429136735,0.756319429136735,0.49147333889154216
food_site_max_distance=5000.0000,249,True,False,2.0,1.0,0.2877222222222222,4.050562819118734,0.8984705085657715,0.7985813426748004,0.7508631320494438,0.7508631320494438,0.6288368213178308
food_site_max_distance=5000.0000,250,True,False,2.0,1.0,0.26519444444444445,3.5727291335628455,0.8424694594620036,0.7804339769154304,0.7094367686895587,0.7094367686895587,0.755138596373114
food_site_max_distance=5000.0000,251,True,False,2.0,1.0,0.29222222222222227,4.081059017443969,0.8886668045524765,0.8082366764946137,0.8165293467367258,0.8082366764946137,0.6951183760301027
food_site_max_distance=5000.0000,252,True,False,2.0,1.0,0.2911944444444445,4.0203940258213775,0.8325019114693073,0.8824977928430252,0.808427083514933,0.808427083514933,0.5877235390864318
food_site_max_distance=5000.0000,253,True,False,2.0,1.0,0.2836111111111111,3.9644326534957983,0.8996022875714791,0.6837360198117229,0.7247845027409849,0.6837360198117229,0.7432125223769417
food_site_max_distance=5000.0000,254,True,False,2.0,1.0,0.28986111111111107,4.054681303309208,0.8943443804734,0.767218411582491,0.6435765079944665,0.6435765079944665,0.19353436979424865
food_site_max_distance=5000.0000,255,True,False,2.0,1.0,0.305,4.294536889311685,0.8826553966593191,0.9018539448665898,0.8174649988329172,0.8174649988329172,0.45341837766537346
food_site_max_distance=5000.0000,256,True,False,2.0,1.0,0.30044444444444446,4.194301908344297,0.8720280495454006,0.7628755611317671,0.7398905430534808,0.7398905430534808,0.5171666727067722
food_site_max_distance=5000.0000,257,False,False,0.5515947055682372,0.5515947055682372,0.2684722222222222,3.145754995480019,0.5623777189171933,0.38253304763718216,0.2757973527841186,0.2757973527841186,0.309740122642246
food_site_max_distance=5000.0000,258,True,False,2.0,1.0,0.2957222222222222,4.080728489491725,0.8491064547997179,0.8679510331131913,0.7933196085018138,0.7933196085018138,0.6028587341428441
food_site_max_distance=5000.0000,259,True,False,2.0,1.0,0.29536111111111113,4.105561019126916,0.8456284507942138,0.8435428967215195,0.8465267690426981,0.8435428967215195,0.3274023485901599
food_site_max_distance=5000.0000,260,True,False,2.0,1.0,0.27402777777777776,3.74716885001977,0.8400864496982307,0.7951456299803666,0.6918926057821458,0.6918926057821458,0.4418889526089
food_site_max_distance=5000.0000,261,False,False,0.985049295347438,0.985049295347438,0.2715277777777778,3.7292693214565262,0.8786758017999058,0.7752368262152622,0.492524647673719,0.492524647673719,0.7328461492001733
food_site_max_distance=5000.0000,262,True,False,2.0,1.0,0.2950277777777778,4.105652833170681,0.8484694936825986,0.8217842931263737,0.8507685397992716,0.8217842931263737,0.443364694790741
food_site_max_distance=5000.0000,263,True,False,2.0,1.0,0.3106666666666667,4.340157801228554,0.8756856957163743,0.834929928454585,0.7938979744982727,0.7938979744982727,0.48894196316379795
food_site_max_distance=5000.0000,264,True,False,2.0,1.0,0.2868611111111111,3.9453197225871914,0.8435840462544205,0.822465803569439,0.6666357014847673,0.6666357014847673,0.35083875360156536
food_site_max_distance=5000.0000,265,True,False,2.0,1.0,0.27675,3.733016946179121,0.8476898409546751,0.7149102664388562,0.79394403002583,0.7149102664388562,0.30264828410694294
food_site_max_distance=5000.0000,266,True,False,2.0,1.0,0.2785,3.7725633702598684,0.8441445357448667,0.8051653632422114,0.670829125329518,0.670829125329518,0.6312879889074922
food_site_max_distance=5000.0000,267,True,False,2.0,1.0,0.28680555555555554,4.012978095430769,0.8914670911702651,0.8004666260120588,0.7564309862998692,0.7564309862998692,0.5360042736766182
food_site_max_distance=5000.0000,268,True,False,2.0,1.0,0.28288888888888886,3.8984837032570687,0.8423786912856434,0.8056013707290105,0.756799854384628,0.756799854384628,0.6411219460764013
food_site_max_distance=5000.0000,269,False,False,0.8386259929684999,0.8386259929684999,0.2881388888888889,3.693368171583041,0.6709007943748,0.6163741611459852,0.5892004428771922,0.5892004428771922,0.5588211835609012
food_site_max_distance=5000.0000,270,True,False,2.0,1.0,0.2930555555555555,4.006045464727796,0.8446506004456346,0.7928739467455238,0.8215721988344351,0.7928739467455238,0.4862305234509408
food_site_max_distance=5000.0000,271,False,False,0.9623043518935405,0.9623043518935405,0.2866666666666667,3.8156809788012436,0.7698434815148324,0.8590514805155801,0.7296098692847166,0.7296098692847166,0.47032012192319317
food_site_max_distance=5000.0000,272,False,False,0.971873352481065,0.971873352481065,0.2634444444444444,3.558668488283168,0.8389026244403673,0.7761093399411395,0.4859366762405325,0.4859366762405325,0.37132417653485084
food_site_max_distance=5000.0000,273,True,False,2.0,1.0,0.28277777777777774,3.8267223083337885,0.8251933446263222,0.7861016416804131,0.6611003221716393,0.6611003221716393,0.7891645014691734
food_site_max_distance=5000.0000,274,True,False,2.0,1.0,0.3005277777777778,4.192201363579483,0.8786247087378892,0.8175486753745614,0.7694344609075642,0.7694344609075642,0.5560757782125173
food_site_max_distance=5000.0000,275,True,False,2.0,1.0,0.28697222222222224,4.015084256713709,0.8920602092885759,0.8279894610196513,0.7850998940744175,0.7850998940744175,0.7290973546048805
food_site_max_distance=5000.0000,276,True,False,2.0,1.0,0.314,4.461666262554617,0.8861668422253561,0.877513448759298,0.8581726627444662,0.8581726627444662,0.6578618443552577
food_site_max_distance=5000.0000,277,True,False,2.0,1.0,0.2850555555555555,3.8755739699895626,0.82875333805931,0.7937275221684422,0.7196215680485348,0.7196215680485348,0.4991318713178764
food_site_max_distance=5000.0000,278,False,False,0.3554815354533991,0.3554815354533991,0.3035,3.2658086824809187,0.2859736459663563,0.17774076772669956,0.20768809818208125,0.17774076772669956,0.784304421124758
food_site_max_distance=5000.0000,279,False,False,0.8600257230067977,0.8600257230067977,0.2891388888888889,3.720726513102806,0.6880205784054382,0.5801975418202349,0.46274237229698645,0.46274237229698645,0.7012532831672033
food_site_max_distance=5000.0000,280,True,False,2.0,1.0,0.29308333333333336,4.0223131578629205,0.8326444229610757,0.8349454016170383,0.8471010365111366,0.8349454016170383,0.662940295253262
food_site_max_distance=5000.0000,281,True,False,2.0,1.0,0.30225,4.232207390885923,0.8898848024884383,0.7939518893545612,0.7634659875620458,0.7634659875620458,0.8346492484919391
food_site_max_distance=5000.0000,282,True,False,2.0,1.0,0.2723333333333333,3.6744645422955857,0.8534716995787552,0.8083306979155352,0.8025190822163495,0.8025190822163495,0.8696647914822643
food_site_max_distance=5000.0000,283,True,False,2.0,1.0,0.30436111111111114,4.215967354375616,0.8486912892698466,0.7668173044832164,0.6942766399109842,0.6942766399109842,0.4907657934068819
food_site_max_distance=5000.0000,284,True,False,2.0,1.0,0.2965277777777778,4.063732679643187,0.8246448258941282,0.8585453839884877,0.7296479416607099,0.7296479416607099,0.7156205332302196
food_site_max_distance=5000.0000,285,True,False,2.0,1.0,0.2921666666666667,4.118792112929961,0.8917236467984708,0.8289697133793861,0.7059070359544126,0.7059070359544126,0.685678162367746
food_site_max_distance=5000.0000,286,True,False,2.0,1.0,0.2871666666666667,4.063947993333667,0.8824791482268929,0.9169341260692558,0.9014538217218792,0.9014538217218792,0.34916126669533515
food_site_max_distance=5000.0000,287,True,False,2.0,1.0,0.2753888888888889,3.7755450036339555,0.8491525471558024,0.8071235476452546,0.698323270240433,0.698323270240433,0.8378687911028114
food_site_max_distance=5000.0000,288,True,False,2.0,1.0,0.3025277777777778,4.313723994213276,0.8886591830550594,0.8758341383731808,0.8269671453105593,0.8269671453105593,0.4971210370157434
food_site_max_distance=5000.0000,289,True,False,2.0,1.0,0.31222222222222223,4.382928732017924,0.869811261162804,0.897370122177668,0.767593051787122,0.767593051787122,0.6695680878328282
food_site_max_distance=5000.0000,290,True,False,2.0,1.0,0.2756111111111111,3.8104085402336865,0.880046275816968,0.7502906145084591,0.6214450649232803,0.6214450649232803,0.5466846133614297
food_site_max_distance=5000.0000,291,True,False,2.0,1.0,0.2876944444444444,3.9560462562818057,0.8609678310722172,0.7665873194471408,0.7071213188748173,0.7071213188748173,0.8241662062109092
food_site_max_distance=5000.0000,292,True,False,2.0,1.0,0.30083333333333334,4.167365658573444,0.8604075805546626,0.7464541987099373,0.8400851773274705,0.7464541987099373,0.5556667838913965
food_site_max_distance=5000.0000,293,True,False,2.0,1.0,0.26705555555555555,3.607637292776957,0.8519941101592435,0.76870857786911,0.7975239909607609,0.76870857786911,0.4663441775028968
food_site_max_distance=5000.0000,294,True,False,2.0,1.0,0.2776666666666667,3.799233171599792,0.8673119067625874,0.7549195459083832,0.6442395123477761,0.6442395123477761,0.6778301296795566
food_site_max_distance=5000.0000,295,False,False,0.9584024688402705,0.9584024688402705,0.2665277777777778,3.533366196299718,0.7667219750722164,0.738344973537281,0.6902039295597515,0.6902039295597515,0.6776428842693487
food_site_max_distance=5000.0000,296,True,False,2.0,1.0,0.2755555555555555,3.7410315161757164,0.837378655855478,0.7856989284218275,0.6778606047270201,0.6778606047270201,0.5310003920704363
food_site_max_distance=5000.0000,297,True,False,2.0,1.0,0.2973055555555556,4.109199418905445,0.844474200646795,0.8256949782180175,0.7215689018359619,0.7215689018359619,0.36902711297838514
food_site_max_distance=5000.0000,298,True,False,2.0,1.0,0.2773888888888889,3.804479882157083,0.8719297301942152,0.8318411153570053,0.7718523281187977,0.7718523281187977,0.5222710730123036
food_site_max_distance=5000.0000,299,True,False,2.0,1.0,0.28925,3.9311860602911497,0.8298850243906417,0.8559698113925849,0.8020056084895069,0.8020056084895069,0.28023465642359363
food_site_max_distance=5750.0000,200,True,False,2.0,1.0,0.26694444444444443,3.475370719460566,0.8741250077164645,0.8138189309886391,0.8403299942427089,0.8138189309886391,0.7452871314182031
food_site_max_distance=5750.0000,201,True,False,2.0,1.0,0.25905555555555554,3.2797908520416104,0.8527083137942706,0.7415022177239374,0.7252667489649891,0.7252667489649891,0.5842409293994543
food_site_max_distance=5750.0000,202,True,False,2.0,1.0,0.26608333333333334,3.4944193954884053,0.8988304351174489,0.8725415191547724,0.9104765748662753,0.8725415191547724,0.8030400661855257
food_site_max_distance=5750.0000,203,True,False,2.0,1.0,0.25880555555555557,3.283518305025104,0.84466390648046,0.8566322564947448,0.7629045668268716,0.7629045668268716,0.4819552095302031
food_site_max_distance=5750.0000,204,True,False,2.0,1.0,0.2525,3.198210710756468,0.8929375409933227,0.7387295653884005,0.6938941429954031,0.6938941429954031,0.5702819782016285
food_site_max_distance=5750.0000,205,True,False,2.0,1.0,0.26413888888888887,3.392247733789897,0.8673980614236521,0.779483178679967,0.7931818181713355,0.779483178679967,0.3769701890166563
food_site_max_distance=5750.0000,206,True,False,2.0,1.0,0.2540833333333333,3.1553595500540177,0.837227766328455,0.7735972911128418,0.6381319045781227,0.6381319045781227,0.26110990735024703
food_site_max_distance=5750.0000,207,True,False,2.0,1.0,0.26791666666666664,3.425701050175645,0.8755509247173229,0.8384670861580721,0.8165958523382347,0.8165958523382347,0.6866609587534235
food_site_max_distance=5750.0000,208,True,False,2.0,1.0,0.2675555555555556,3.416273963571776,0.8465305501560286,0.8179186430869013,0.7965711504848659,0.7965711504848659,0.6701108549798875
food_site_max_distance=5750.0000,209,False,False,0.9849221678811552,0.9849221678811552,0.23522222222222222,2.8408671347423935,0.7879377343049242,0.7135653251567299,0.6634545852826483,0.6634545852826483,0.5734617501329499
food_site_max_distance=5750.0000,210,False,False,0.9720782174679707,0.9720782174679707,0.24891666666666667,3.079085478240711,0.7776625739743767,0.8130707153400588,0.6870366854094172,0.6870366854094172,0.3159561595971795
food_site_max_distance=5750.0000,211,True,False,2.0,1.0,0.26280555555555557,3.3339266595347867,0.8573236738595656,0.8156823208137898,0.6778046228471325,0.6778046228471325,0.5069653662410489
food_site_max_distance=5750.0000,212,True,False,2.0,1.0,0.26005555555555554,3.3803030319258545,0.8938165944139004,0.785997790697823,0.7124143589657682,0.7124143589657682,0.7032359570584394
food_site_max_distance=5750.0000,213,True,False,2.0,1.0,0.27797222222222223,3.6717467992628046,0.8690968236256736,0.8805826229356587,0.8841723527613783,0.8805826229356587,0.5953678267390312
food_site_max_distance=5750.0000,214,True,False,2.0,1.0,0.27291666666666664,3.5421506768820334,0.8804349508492852,0.8469852553963826,0.774605177723253,0.774605177723253,0.37580951960502057
food_site_max_distance=5750.0000,215,True,False,2.0,1.0,0.2626111111111111,3.330401897824273,0.8495931446403908,0.8435601466685801,0.632584362044605,0.632584362044605,0.34032265174011045
food_site_max_distance=5750.0000,216,False,False,0.32552879113355526,0.32552879113355526,0.25519444444444445,2.5837057990411276,0.345142626647971,0.16276439556677763,0.22021946537710496,0.16276439556677763,0.5107359482553948
food_site_max_distance=5750.0000,217,True,False,2.0,1.0,0.2673055555555556,3.4705686984311326,0.8718615498339936,0.8191727118193951,0.8838543492115747,0.8191727118193951,0.6334713459997413
food_site_max_distance=5750.0000,218,False,False,0.20914932843445075,0.20914932843445075,0.28200000000000003,2.7071072406265726,0.1673194627475606,0.24657287602286565,0.1700676569484985,0.1700676569484985,0.4996497875218873
food_site_max_distance=5750.0000,219,True,False,2.0,1.0,0.27772222222222226,3.671661011350286,0.9003466431075144,0.881832122984679,0.7583028183918068,0.7583028183918068,0.7432853624448993
food_site_max_distance=5750.0000,220,True,False,2.0,1.0,0.25816666666666666,3.250443270548935,0.8445599548628084,0.7585615467540389,0.8680367089297669,0.7585615467540389,0.37738532895575977
food_site_max_distance=5750.0000,221,True,False,2.0,1.0,0.2632777777777778,3.352870753642835,0.843312923518338,0.7876168728934064,0.6793104131225517,0.6793104131225517,0.5689370028765561
food_site_max_distance=5750.0000,222,True,False,2.0,1.0,0.2555555555555556,3.294893421459452,0.8899160631591104,0.8354626624685068,0.7431934801929317,0.7431934801929317,0.5854543087506356
food_site_max_distance=5750.0000,223,True,False,2.0,1.0,0.26719444444444446,3.4470833088306017,0.8681202108641386,0.8338671826725648,0.874131598983418,0.8338671826725648,0.5002929224046117
food_site_max_distance=5750.0000,224,True,False,2.0,1.0,0.2781666666666667,3.5878598949600007,0.8635673109652104,0.8289814142188774,0.836275666893173,0.8289814142188774,0.5339769216476353
food_site_max_distance=5750.0000,225,True,False,2.0,1.0,0.2580277777777778,3.2723599435339428,0.8220689858279475,0.8512462743145448,0.8531629964726387,0.8512462743145448,0.5368850138826587
food_site_max_distance=5750.0000,226,True,False,2.0,1.0,0.26516666666666666,3.395457614160025,0.8532745137340124,0.7894826664035104,0.7644320616973354,0.7644320616973354,0.6581157198438083
food_site_max_distance=5750.0000,227,True,False,2.0,1.0,0.2592777777777778,3.2868817191300406,0.8702312120606808,0.7519958131020356,0.784729659123137,0.7519958131020356,0.785840991122618
food_site_max_distance=5750.0000,228,True,False,2.0,1.0,0.25669444444444445,3.1392760995498175,0.8031654472404332,0.8399951773555792,0.6823916143632951,0.6823916143632951,0.8288491563561896
food_site_max_distance=5750.0000,229,True,False,2.0,1.0,0.24736111111111111,3.074954463499451,0.8565726789559088,0.769629611596962,0.686304150636276,0.686304150636276,0.7124513463020615
food_site_max_distance=5750.0000,230,True,False,2.0,1.0,0.25477777777777777,3.1865255762322415,0.8435633509017819,0.7843977372910887,0.7203462961286066,0.7203462961286066,0.4195944546828396
food_site_max_distance=5750.0000,231,True,False,2.0,1.0,0.25813888888888886,3.2640840958809814,0.835373150578241,0.7339435412828712,0.6938213564724409,0.6938213564724409,0.180904092018173
food_site_max_distance=5750.0000,232,True,False,2.0,1.0,0.2704166666666667,3.5184815231893625,0.8798043779088698,0.8720455557065854,0.8158519631158944,0.8158519631158944,0.5738879863403583
food_site_max_distance=5750.0000,233,True,False,2.0,1.0,0.26508333333333334,3.4577924665188986,0.8895234957160371,0.820673392361816,0.8586797484733399,0.820673392361816,0.6538293673194594
food_site_max_distance=5750.0000,234,True,False,2.0,1.0,0.25463888888888886,3.2021605255208763,0.831765706343512,0.813569560468532,0.8268713841228426,0.813569560468532,0.49886709361533593
food_site_max_distance=5750.0000,235,True,False,2.0,1.0,0.27455555555555555,3.5072657785760954,0.830606233388313,0.9067127050134831,0.6994845131228612,0.6994845131228612,0.5144037664407446
food_site_max_distance=5750.0000,236,True,False,2.0,1.0,0.2584166666666667,3.3888822285447247,0.8809080064755945,0.796501136405232,0.7659599981452591,0.7659599981452591,0.5305989651715104
food_site_max_distance=5750.0000,237,True,False,2.0,1.0,0.2806666666666667,3.6312962078152093,0.8452803911854574,0.8739941381972762,0.8399594275171841,0.8399594275171841,0.8547232361639486
food_site_max_distance=5750.0000,238,True,False,2.0,1.0,0.25369444444444444,3.27437484285019,0.8824353645850579,0.8362040447309061,0.632858111548239,0.632858111548239,0.423083516518528
food_site_max_distance=5750.0000,239,True,False,2.0,1.0,0.23547222222222222,2.982156227323655,0.8473446343208779,0.8344692357256821,0.6910632494077474,0.6910632494077474,0.6602105892829347
food_site_max_distance=5750.0000,240,True,False,2.0,1.0,0.2516111111111111,3.189091472957144,0.8266701993707845,0.8433311478927329,0.6682865306507068,0.6682865306507068,0.3421292732864798
food_site_max_distance=5750.0000,241,True,False,2.0,1.0,0.27402777777777776,3.5908010575551623,0.8610709253196006,0.8590675005668005,0.8382584475893797,0.8382584475893797,0.7723149474755587
food_site_max_distance=5750.0000,242,True,False,2.0,1.0,0.25930555555555557,3.316372455162475,0.8639289909098643,0.868529803314509,0.7690823849586679,0.7690823849586679,0.42213127482333684
food_site_max_distance=5750.0000,243,True,False,2.0,1.0,0.2685277777777778,3.4250092989201195,0.8391924907291758,0.8590938790330862,0.7328844664585588,0.7328844664585588,0.7697053206633605
food_site_max_distance=5750.0000,244,False,False,0.30237413060937246,0.30237413060937246,0.2808333333333334,2.7513926895715466,0.241899304487498,0.18603974066756074,0.22395871166458853,0.18603974066756074,0.8125970339942952
food_site_max_distance=5750.0000,245,True,False,2.0,1.0,0.24716666666666667,3.14145301158144,0.8370166870127486,0.7818496418568033,0.725312624321959,0.725312624321959,0.4525313883004536
food_site_max_distance=5750.0000,246,True,False,2.0,1.0,0.25116666666666665,3.216884136873531,0.8591394440759488,0.8880858183967953,0.8100750187681798,0.8100750187681798,0.3751896911169726
food_site_max_distance=5750.0000,247,True,False,2.0,1.0,0.25305555555555553,3.1638004860729176,0.8141200818569214,0.8670761365403519,0.7407829791967055,0.7407829791967055,0.411713838458665
food_site_max_distance=5750.0000,248,True,False,2.0,1.0,0.25083333333333335,3.1517091126967824,0.8409196324295533,0.8514848770253085,0.6581262349960415,0.6581262349960415,0.6031806140444002
food_site_max_distance=5750.0000,249,True,False,2.0,1.0,0.2853611111111111,3.7695849204357947,0.8887287151368215,0.8745891219518025,0.8622630826541098,0.8622630826541098,0.7964409213297869
food_site_max_distance=5750.0000,250,False,False,0.7401362281277006,0.7401362281277006,0.22844444444444445,2.5998998521642003,0.723331674334491,0.4797920604155193,0.3700681140638503,0.3700681140638503,0.49897372351763003
food_site_max_distance=5750.0000,251,False,False,0.4643500048044908,0.4643500048044908,0.25,2.5457155415148214,0.4374246666614318,0.2321750024022454,0.3319218486917085,0.2321750024022454,0.5226635268281606
food_site_max_distance=5750.0000,252,True,False,2.0,1.0,0.27913888888888894,3.6557379648677872,0.8578749495596237,0.8768856279700022,0.8718224375864416,0.8718224375864416,0.7225717236647802
food_site_max_distance=5750.0000,253,True,False,2.0,1.0,0.26419444444444445,3.429853025217153,0.8898728478050469,0.8817156258466627,0.8255500570972287,0.8255500570972287,0.40579836054023394
food_site_max_distance=5750.0000,254,True,False,2.0,1.0,0.2673333333333333,3.457932339280939,0.8664250765070515,0.8396116455613869,0.7924234000647791,0.7924234000647791,0.4391224426656223
food_site_max_distance=5750.0000,255,True,False,2.0,1.0,0.2448611111111111,3.0905997045585494,0.8974969050900746,0.7222653829964528,0.805152172350936,0.7222653829964528,0.5276696900774015
food_site_max_distance=5750.0000,256,True,False,2.0,1.0,0.2588611111111111,3.3329990670845264,0.8628764889560164,0.8807771689033552,0.8003347218653231,0.8003347218653231,0.75269386635468
food_site_max_distance=5750.0000,257,True,False,2.0,1.0,0.24294444444444444,2.994210030745998,0.8338359509415234,0.7305053336699537,0.6853604359473183,0.6853604359473183,0.5854661207980992
food_site_max_distance=5750.0000,258,True,False,2.0,1.0,0.24716666666666667,3.157899133855891,0.8705906062674014,0.873946139937051,0.9045891191427359,0.873946139937051,0.26426681397912855
food_site_max_distance=5750.0000,259,True,False,2.0,1.0,0.24252777777777776,3.049364383151341,0.8312297721456408,0.8550246116778667,0.7655235539853046,0.7655235539853046,0.28483577521670184
food_site_max_distance=5750.0000,260,True,False,2.0,1.0,0.27449999999999997,3.544844737214029,0.8574809669157825,0.8034617846116551,0.8546508933554442,0.8034617846116551,0.6524694097267505
food_site_max_distance=5750.0000,261,True,False,2.0,1.0,0.2628611111111111,3.461508037482818,0.900726708138295,0.8395657977684192,0.7805408307559497,0.7805408307559497,0.4211077325354315
food_site_max_distance=5750.0000,262,False,False,0.3629913506692038,0.3629913506692038,0.24422222222222223,2.3882896923129238,0.29039308053536306,0.3086233439809216,0.34237912669544623,0.3086233439809216,0.4629714713005832
food_site_max_distance=5750.0000,263,True,False,2.0,1.0,0.26633333333333337,3.5182216774408466,0.9005708849903946,0.8277873140959605,0.8264635843954057,0.8264635843954057,0.432860078747663
food_site_max_distance=5750.0000,264,True,False,2.0,1.0,0.2591388888888889,3.316399867384289,0.8614281800651011,0.7788535470711653,0.7332017634381464,0.7332017634381464,0.7338268747813961
food_site_max_distance=5750.0000,265,True,False,2.0,1.0,0.24633333333333332,3.18804971871723,0.8942815871107129,0.8340200035293461,0.7505592856180495,0.7505592856180495,0.7676098680410032
food_site_max_distance=5750.0000,266,True,False,2.0,1.0,0.24725000000000003,3.0703279730056687,0.8313399270169902,0.798762841858394,0.6818155905973614,0.6818155905973614,0.24958009686776025
food_site_max_distance=5750.0000,267,True,False,2.0,1.0,0.24613888888888888,3.1726833342697005,0.9002616537425541,0.7735772118678612,0.7488943202374639,0.7488943202374639,0.44714097495873006
food_site_max_distance=5750.0000,268,True,False,2.0,1.0,0.26319444444444445,3.331489107177305,0.8494184249742054,0.8031940455354842,0.7538470728831246,0.7538470728831246,0.6273835506642509
food_site_max_distance=5750.0000,269,True,False,2.0,1.0,0.28344444444444444,3.731642797821022,0.8893504726712205,0.8652225394332961,0.8452132543393188,0.8452132543393188,0.6763212028973601
food_site_max_distance=5750.0000,270,True,False,2.0,1.0,0.2561388888888889,3.2550585612639478,0.8698846926601882,0.7953711399797803,0.6349499931053642,0.6349499931053642,0.45673792686535997
food_site_max_distance=5750.0000,271,True,False,2.0,1.0,0.25966666666666666,3.4484111524239784,0.8928755577456732,0.8440104479015954,0.8842692201289736,0.8440104479015954,0.4002877171736553
food_site_max_distance=5750.0000,272,True,False,2.0,1.0,0.27308333333333334,3.5018017874519547,0.8448317407780492,0.7733867373342426,0.7580947295623127,0.7580947295623127,0.3913250579887935
food_site_max_distance=5750.0000,273,True,False,2.0,1.0,0.27208333333333334,3.548510118749721,0.8882903319236632,0.8356413355020644,0.6867908731247376,0.6867908731247376,0.539966848220246
food_site_max_distance=5750.0000,274,True,False,2.0,1.0,0.28150000000000003,3.760371910147503,0.892052284023272,0.9023413440543737,0.7726456219193502,0.7726456219193502,0.5343008166507215
food_site_max_distance=5750.0000,275,True,False,2.0,1.0,0.25472222222222224,3.2974884212732234,0.8729041872290456,0.8521534184793516,0.8226777205398512,0.8226777205398512,0.2890134367835143
food_site_max_distance=5750.0000,276,True,False,2.0,1.0,0.25283333333333335,3.135730002017398,0.8070792145959997,0.7791030090032043,0.611287676259268,0.611287676259268,0.40930863532589207
food_site_max_distance=5750.0000,277,True,False,2.0,1.0,0.2467777777777778,3.10296509728549,0.8737028320111374,0.7387785669250272,0.8385614763376432,0.7387785669250272,0.5765637872488599
food_site_max_distance=5750.0000,278,True,False,2.0,1.0,0.26872222222222225,3.4757003977664036,0.8647990978721682,0.7701859303489978,0.7631576021063823,0.7631576021063823,0.5444993649763653
food_site_max_distance=5750.0000,279,True,False,2.0,1.0,0.24994444444444444,3.1744941285617045,0.8585258738087949,0.8288050772246388,0.7659184598113006,0.7659184598113006,0.494109856911618
food_site_max_distance=5750.0000,280,True,False,2.0,1.0,0.2653611111111111,3.416617707210586,0.8630165463262631,0.8492797273239044,0.7941769653970017,0.7941769653970017,0.6886028978393528
food_site_max_distance=5750.0000,281,True,False,2.0,1.0,0.25816666666666666,3.3167530329109884,0.8676574576903426,0.7649542737647906,0.714251377651723,0.714251377651723,0.7458252209496057
food_site_max_distance=5750.0000,282,True,False,2.0,1.0,0.26608333333333334,3.430960333004209,0.853784304897422,0.8474451677061994,0.8118207784304234,0.8118207784304234,0.5962175425897341
food_site_max_distance=5750.0000,283,True,False,2.0,1.0,0.2699166666666667,3.517105984550709,0.85960262854582,0.8423844101295802,0.7966602536705246,0.7966602536705246,0.6919966699023908
food_site_max_distance=5750.0000,284,True,False,2.0,1.0,0.2592777777777778,3.3231206766801877,0.8589806035352967,0.8572935023756343,0.8184535066892542,0.8184535066892542,0.4976175584705212
food_site_max_distance=5750.0000,285,True,False,2.0,1.0,0.27266666666666667,3.556143944616275,0.8891391041651814,0.789446402229989,0.7569972281313441,0.7569972281313441,0.7506432680665956
food_site_max_distance=5750.0000,286,True,False,2.0,1.0,0.26408333333333334,3.4312208032469385,0.8576094564637949,0.7910619925991338,0.8723853659956677,0.7910619925991338,0.5917045978113193
food_site_max_distance=5750.0000,287,True,False,2.0,1.0,0.2533611111111111,3.183771317000285,0.8519396788357427,0.7846725009606078,0.7710954004197441,0.7710954004197441,0.36680174050613523
food_site_max_distance=5750.0000,288,True,False,2.0,1.0,0.2625277777777778,3.387673728623167,0.8896566840644713,0.8150269494370753,0.6240121280749399,0.6240121280749399,0.4276384328319749
food_site_max_distance=5750.0000,289,False,False,0.949918404294425,0.949918404294425,0.23627777777777775,2.7475124683821064,0.75993472343554,0.6031726550484188,0.5440946791339285,0.5440946791339285,0.870457919521741
food_site_max_distance=5750.0000,290,True,False,2.0,1.0,0.26113888888888886,3.347182885256027,0.8621657690346992,0.8301052465349674,0.685109850913916,0.685109850913916,0.6679310587459184
food_site_max_distance=5750.0000,291,True,False,2.0,1.0,0.2659166666666667,3.4805747385818986,0.9177520824114941,0.8792024471128357,0.7133313557746345,0.7133313557746345,0.3007852936523749
food_site_max_distance=5750.0000,292,True,False,2.0,1.0,0.24544444444444444,3.077956559451056,0.8710704419585923,0.8080227421256099,0.5232540736140258,0.5232540736140258,0.8330211485510012
food_site_max_distance=5750.0000,293,True,False,2.0,1.0,0.25766666666666665,3.312697037027883,0.887002814719139,0.7540906335127869,0.7399043204462556,0.7399043204462556,0.3883460852181493
food_site_max_distance=5750.0000,294,True,False,2.0,1.0,0.2681388888888889,3.5375995617124567,0.8866545850038648,0.8470181963050334,0.7611520936267634,0.7611520936267634,0.5306412128133231
food_site_max_distance=5750.0000,295,True,False,2.0,1.0,0.26983333333333337,3.4444405358061805,0.8571079620478612,0.7906083040817035,0.7362913686575893,0.7362913686575893,0.6063866939693514
food_site_max_distance=5750.0000,296,True,False,2.0,1.0,0.25705555555555554,3.2991304842501066,0.8617672033825973,0.8055359539312128,0.692520720564371,0.692520720564371,0.6672664931461169
food_site_max_distance=5750.0000,297,True,False,2.0,1.0,0.2628888888888889,3.2818014843924037,0.8019835434198003,0.7553194005600884,0.6982698427908053,0.6982698427908053,0.7336152398850123
food_site_max_distance=5750.0000,298,True,False,2.0,1.0,0.27316666666666667,3.5800628774035235,0.8929155468412753,0.8322554703829689,0.8147572741859233,0.8147572741859233,0.42849986109826815
food_site_max_distance=5750.0000,299,True,False,2.0,1.0,0.2569444444444444,3.3010638120923868,0.8695606231634865,0.8525745935003054,0.7026834238873076,0.7026834238873076,0.6869922988422272
travel_cost_per_distance=1.000000e-05,200,False,False,0.9288175057923218,0.9288175057923218,0.32788888888888884,5.306795546840372,0.8990506056773291,0.8155410177094743,0.4644087528961609,0.4644087528961609,0.8229152462927686
travel_cost_per_distance=1.000000e-05,201,True,False,2.0,1.0,0.33094444444444443,5.3439180514473295,0.8829131055896976,0.8101236095473643,0.7525232802174048,0.7525232802174048,0.650206590336306
travel_cost_per_distance=1.000000e-05,202,True,False,2.0,1.0,0.31461111111111106,4.979237310749315,0.8343844974610065,0.8091886720687338,0.8160308738939208,0.8091886720687338,0.8456547548472443
travel_cost_per_distance=1.000000e-05,203,True,False,2.0,1.0,0.32669444444444445,5.196489018218818,0.8405132717182171,0.8116281481089788,0.8103187784709547,0.8103187784709547,0.7559453434953382
travel_cost_per_distance=1.000000e-05,204,True,False,2.0,1.0,0.3293611111111111,5.318856775634018,0.8798620846069525,0.7260666267523185,0.8383039937867897,0.7260666267523185,0.6019546354849198
travel_cost_per_distance=1.000000e-05,205,True,False,2.0,1.0,0.31263888888888886,4.955576705357591,0.8205213616723588,0.7967476641908072,0.7117760614962104,0.7117760614962104,0.2747863855497153
travel_cost_per_distance=1.000000e-05,206,True,False,2.0,1.0,0.3223888888888889,5.047807099322171,0.8095844291179599,0.7112548688947417,0.7544960012992842,0.7112548688947417,0.5134431673238982
travel_cost_per_distance=1.000000e-05,207,True,False,2.0,1.0,0.33675,5.425889862472668,0.8653919587464606,0.8753133234193923,0.8795878267232453,0.8753133234193923,0.31408849613056
travel_cost_per_distance=1.000000e-05,208,True,False,2.0,1.0,0.32680555555555557,5.3193848214627995,0.8969053352596373,0.8201762585748652,0.7352711482100638,0.7352711482100638,0.6231334369058822
travel_cost_per_distance=1.000000e-05,209,True,False,2.0,1.0,0.33491666666666664,5.391973918918775,0.8634884725062487,0.8622636838057063,0.6894646634628193,0.6894646634628193,0.5954751764975779
travel_cost_per_distance=1.000000e-05,210,True,False,2.0,1.0,0.3318333333333333,5.285221183569443,0.8307965222783125,0.8559560287031047,0.7609187280159369,0.7609187280159369,0.636713405601268
travel_cost_per_distance=1.000000e-05,211,True,False,2.0,1.0,0.33225,5.397604071547473,0.8968359423200744,0.7755734645443878,0.6582757810232853,0.6582757810232853,0.7109496677444361
travel_cost_per_distance=1.000000e-05,212,True,False,2.0,1.0,0.32216666666666666,5.091400439559862,0.8121124781404169,0.8303328039975778,0.7816784213591107,0.7816784213591107,0.5275197767035926
travel_cost_per_distance=1.000000e-05,213,False,False,0.9424150466993458,0.9424150466993458,0.2863611111111111,4.385097768598947,0.7539320373594767,0.7652585301939628,0.6565057998919909,0.6565057998919909,0.38922576066638825
travel_cost_per_distance=1.000000e-05,214,True,False,2.0,1.0,0.3135833333333334,4.996367997042113,0.851798048884757,0.7437225543420698,0.6747834127021959,0.6747834127021959,0.6806971227675868
travel_cost_per_distance=1.000000e-05,215,False,False,0.9965356028404498,0.9965356028404498,0.3144166666666666,4.910565080243046,0.7972284822723599,0.7388379858766675,0.7167559086652825,0.7167559086652825,0.5227251301779138
travel_cost_per_distance=1.000000e-05,216,True,False,2.0,1.0,0.3045,4.929580402404394,0.9098823856888157,0.7741805629572304,0.5293640568357847,0.5293640568357847,0.5556218574963344
travel_cost_per_distance=1.000000e-05,217,True,False,2.0,1.0,0.3050277777777778,4.969348853943532,0.9045168766345032,0.755695064608008,0.6499477051914275,0.6499477051914275,0.5804320889862632
travel_cost_per_distance=1.000000e-05,218,True,False,2.0,1.0,0.34711111111111115,5.581113591793588,0.8725816731510132,0.7829619664315044,0.8111862710176931,0.7829619664315044,0.658483798939113
travel_cost_per_distance=1.000000e-05,219,False,False,0.9954443124478735,0.9954443124478735,0.3168611111111111,4.9088783846114366,0.7963554499582988,0.7554654644240648,0.7280381400635234,0.7280381400635234,0.6437259638324195
travel_cost_per_distance=1.000000e-05,220,True,False,2.0,1.0,0.30969444444444444,4.852676698343318,0.8110130012968199,0.7757550566873472,0.8137321879860836,0.7757550566873472,0.6237615647124248
travel_cost_per_distance=1.000000e-05,221,True,False,2.0,1.0,0.30913888888888885,4.90094218631659,0.8385681302734667,0.753233103717305,0.6549337038422293,0.6549337038422293,0.3467606382502819
travel_cost_per_distance=1.000000e-05,222,True,False,2.0,1.0,0.3421944444444444,5.4596497132776225,0.8517373494251607,0.8104242817798667,0.8103150273290062,0.8103150273290062,0.8167943486396306
travel_cost_per_distance=1.000000e-05,223,True,False,2.0,1.0,0.3040277777777778,4.86988910722221,0.8720237712154373,0.6446822849207988,0.7358889703440571,0.6446822849207988,0.22519248168845934
travel_cost_per_distance=1.000000e-05,224,True,False,2.0,1.0,0.3156111111111111,5.141973939731006,0.9061074800548774,0.5851510469218579,0.60993525585183,0.5851510469218579,0.42254979890539185
travel_cost_per_distance=1.000000e-05,225,True,False,2.0,1.0,0.3244166666666667,5.187314299972071,0.8458984223608353,0.8713988984762076,0.7976806734023929,0.7976806734023929,0.668089369632652
travel_cost_per_distance=1.000000e-05,226,False,False,0.9533980613100419,0.9533980613100419,0.32844444444444443,5.052754551960349,0.7627184490480335,0.8570111500571242,0.8348281873908624,0.8348281873908624,0.8356013688394579
travel_cost_per_distance=1.000000e-05,227,True,False,2.0,1.0,0.32994444444444443,5.196625571912289,0.803326514377175,0.8695062310896858,0.8598207935427165,0.8598207935427165,0.7278464291880148
travel_cost_per_distance=1.000000e-05,228,True,False,2.0,1.0,0.313,5.091755989474217,0.906310670291446,0.7829862267014037,0.7536281473464805,0.7536281473464805,0.5165122994911102
travel_cost_per_distance=1.000000e-05,229,True,False,2.0,1.0,0.30074999999999996,4.724742073142792,0.8191185419907694,0.775937425504209,0.7907088071796804,0.775937425504209,0.3074181009343413
travel_cost_per_distance=1.000000e-05,230,False,False,0.9449000274021343,0.9449000274021343,0.28747222222222224,4.43056223000024,0.7559200219217075,0.8314944671061634,0.7153623422079948,0.7153623422079948,0.47505350125634394
travel_cost_per_distance=1.000000e-05,231,True,False,2.0,1.0,0.31102777777777774,4.866137789626105,0.8040700352998632,0.7665620929402442,0.7326626707786678,0.7326626707786678,0.4009621903165898
travel_cost_per_distance=1.000000e-05,232,True,False,2.0,1.0,0.345,5.561504812033657,0.8814292729756873,0.8122053132532616,0.742039858999653,0.742039858999653,0.6180848202331476
travel_cost_per_distance=1.000000e-05,233,True,False,2.0,1.0,0.3337777777777778,5.347319937437503,0.8548804781349252,0.8172272439694819,0.697479753446942,0.697479753446942,0.520067503322983
travel_cost_per_distance=1.000000e-05,234,True,False,2.0,1.0,0.3231111111111111,5.213686677171714,0.8792862390654557,0.7826976950822977,0.6937215351204097,0.6937215351204097,0.3889575790373086
travel_cost_per_distance=1.000000e-05,235,True,False,2.0,1.0,0.3306944444444444,5.348490400701842,0.8828815863979507,0.7774350692925057,0.7804000692859336,0.7774350692925057,0.5714006998701329
travel_cost_per_distance=1.000000e-05,236,True,False,2.0,1.0,0.3398888888888889,5.38356122507606,0.8214892238139068,0.8219192065418771,0.8105351831020656,0.8105351831020656,0.729097277296434
travel_cost_per_distance=1.000000e-05,237,True,False,2.0,1.0,0.3371111111111111,5.358184674483611,0.8405944199685547,0.8263338800225905,0.8178349967560979,0.8178349967560979,0.5150482041970678
travel_cost_per_distance=1.000000e-05,238,True,False,2.0,1.0,0.33744444444444444,5.324145586195754,0.8194997982918136,0.8638388536686707,0.8459816386215713,0.8459816386215713,0.8823500937610895
travel_cost_per_distance=1.000000e-05,239,True,False,2.0,1.0,0.30819444444444444,4.848318783238246,0.8188584419924732,0.8081462465123631,0.6802995837260423,0.6802995837260423,0.7871990130351377
travel_cost_per_distance=1.000000e-05,240,True,False,2.0,1.0,0.32266666666666666,5.165201114730333,0.8428171559655243,0.79625973958466,0.7338631057267194,0.7338631057267194,0.5778652775921364
travel_cost_per_distance=1.000000e-05,241,True,False,2.0,1.0,0.2903333333333334,4.556003826930882,0.8365232663970088,0.6879705761294611,0.6308204536329529,0.6308204536329529,0.577935508833449
travel_cost_per_distance=1.000000e-05,242,True,False,2.0,1.0,0.3267222222222222,5.248837670728991,0.8743370987640012,0.7356973574383149,0.7061020859519206,0.7061020859519206,0.43982450108574334
travel_cost_per_distance=1.000000e-05,243,True,False,2.0,1.0,0.3218888888888889,5.100040519719946,0.8355241501199732,0.8205973332736708,0.7943456826417333,0.7943456826417333,0.6698808992006137
travel_cost_per_distance=1.000000e-05,244,True,False,2.0,1.0,0.32680555555555557,5.27579848249736,0.8744756596069957,0.8471601180075249,0.7646402213575509,0.7646402213575509,0.651763681837777
travel_cost_per_distance=1.000000e-05,245,True,False,2.0,1.0,0.30775,4.886852046241868,0.8298526417509271,0.7836151507943815,0.6657646206159556,0.6657646206159556,0.4512804436820885
travel_cost_per_distance=1.000000e-05,246,True,False,2.0,1.0,0.3222222222222222,5.137345903172664,0.8516103401958272,0.8343936306737212,0.7570992184377403,0.7570992184377403,0.41274164977283595
travel_cost_per_distance=1.000000e-05,247,True,False,2.0,1.0,0.3317777777777778,5.27964631012882,0.8476876610107779,0.7953765779537599,0.7438731263586261,0.7438731263586261,0.4404273091955387
travel_cost_per_distance=1.000000e-05,248,True,False,2.0,1.0,0.312,4.920675665430051,0.817132599036491,0.810451811202171,0.6646316654450953,0.6646316654450953,0.42769417776015045
travel_cost_per_distance=1.000000e-05,249,True,False,2.0,1.0,0.3466388888888889,5.586729019570814,0.8735542766610437,0.7865192722306761,0.8329943739490073,0.7865192722306761,0.22211473668374299
travel_cost_per_distance=1.000000e-05,250,True,False,2.0,1.0,0.31325000000000003,4.920376608032916,0.8107802488419703,0.7927520630176159,0.7380322025000159,0.7380322025000159,0.5241047249186762
travel_cost_per_distance=1.000000e-05,251,True,False,2.0,1.0,0.3072777777777778,4.914131679089825,0.8563598518793601,0.7412779538066236,0.7640584345461998,0.7412779538066236,0.6665889552458542
travel_cost_per_distance=1.000000e-05,252,True,False,2.0,1.0,0.31975,5.091010138972044,0.8482273349377111,0.8425879023395841,0.6189592261502077,0.6189592261502077,0.5854823284452508
travel_cost_per_distance=1.000000e-05,253,True,False,2.0,1.0,0.30572222222222223,4.877128439355385,0.861963528511519,0.6937129116570574,0.5970838081344055,0.5970838081344055,0.6180551821694387
travel_cost_per_distance=1.000000e-05,254,False,False,0.9944649356994079,0.9944649356994079,0.30227777777777776,4.699590742482573,0.7955719485595263,0.7514516798395141,0.707923748204242,0.707923748204242,0.5692018735542435
travel_cost_per_distance=1.000000e-05,255,True,False,2.0,1.0,0.32330555555555557,5.146027828657858,0.8494615744543897,0.8284664344731925,0.7379858241058822,0.7379858241058822,0.5158546660673043
travel_cost_per_distance=1.000000e-05,256,True,False,2.0,1.0,0.3115833333333333,5.016889471318143,0.8747549317747847,0.8204620810152725,0.7264308380428964,0.7264308380428964,0.24553522508355
travel_cost_per_distance=1.000000e-05,257,True,False,2.0,1.0,0.30177777777777776,4.783754280156801,0.8459669118731189,0.6950922622946129,0.723455232523666,0.6950922622946129,0.7201732893199071
travel_cost_per_distance=1.000000e-05,258,True,False,2.0,1.0,0.3158888888888889,5.011470030159017,0.8394218475159057,0.8498656559298771,0.7354388223973535,0.7354388223973535,0.5143828387462692
travel_cost_per_distance=1.000000e-05,259,True,False,2.0,1.0,0.29883333333333334,4.784371715848751,0.8682269840679314,0.7770632642312929,0.5620451263298426,0.5620451263298426,0.5438036667922016
travel_cost_per_distance=1.000000e-05,260,True,False,2.0,1.0,0.29205555555555557,4.65974961279069,0.8654105432631704,0.7960370425925795,0.6072359058174486,0.6072359058174486,0.590284287835051
travel_cost_per_distance=1.000000e-05,261,True,False,2.0,1.0,0.31444444444444447,4.945884416969651,0.8145479448810852,0.8486772458887905,0.8017286521974435,0.8017286521974435,0.8363653117517763
travel_cost_per_distance=1.000000e-05,262,True,False,2.0,1.0,0.34349999999999997,5.639203288887287,0.913860768608512,0.8909064198758752,0.8408677580541031,0.8408677580541031,0.4939878240683258
travel_cost_per_distance=1.000000e-05,263,True,False,2.0,1.0,0.31172222222222223,5.022777418000984,0.8803241154484468,0.8329277353684291,0.6722461486917507,0.6722461486917507,0.4596728719206308
travel_cost_per_distance=1.000000e-05,264,True,False,2.0,1.0,0.3253333333333333,5.296286214461889,0.8958723590959565,0.8515173097527212,0.7205092510822866,0.7205092510822866,0.6914999482222642
travel_cost_per_distance=1.000000e-05,265,True,False,2.0,1.0,0.33152777777777775,5.316854779766456,0.8554471029844968,0.8411326196849015,0.7593819993756519,0.7593819993756519,0.4236977343073416
travel_cost_per_distance=1.000000e-05,266,True,False,2.0,1.0,0.3337222222222222,5.407920166769866,0.8902802125566524,0.797313486945629,0.7730592504477692,0.7730592504477692,0.6045180940695513
travel_cost_per_distance=1.000000e-05,267,True,False,2.0,1.0,0.322,5.134454676418298,0.8547415451887789,0.821227401072202,0.7373857005914528,0.7373857005914528,0.6802115430911821
travel_cost_per_distance=1.000000e-05,268,True,False,2.0,1.0,0.3215,5.1658213640121176,0.8720095223148412,0.8451174531303712,0.6686954027838774,0.6686954027838774,0.8016648880533948
travel_cost_per_distance=1.000000e-05,269,True,False,2.0,1.0,0.33405555555555555,5.3902268783851515,0.8726632541846826,0.8199766233068756,0.600692495205768,0.600692495205768,0.4115805608298914
travel_cost_per_distance=1.000000e-05,270,True,False,2.0,1.0,0.3412222222222222,5.55330786427588,0.8893039246335982,0.8629960363864276,0.7194540080664671,0.7194540080664671,0.2615894215676802
travel_cost_per_distance=1.000000e-05,271,True,False,2.0,1.0,0.33199999999999996,5.321131404179648,0.8576585203495221,0.8009560126440914,0.8242222645560433,0.8009560126440914,0.6799215304668268
travel_cost_per_distance=1.000000e-05,272,True,False,2.0,1.0,0.2995555555555555,4.6783320244874345,0.8174972625199938,0.7615050671079031,0.6789246303763365,0.6789246303763365,0.5629311059920356
travel_cost_per_distance=1.000000e-05,273,True,False,2.0,1.0,0.31252777777777774,4.968084208751372,0.8460131966434058,0.8179436160676162,0.604466590526895,0.604466590526895,0.5406098377179156
travel_cost_per_distance=1.000000e-05,274,True,False,2.0,1.0,0.34330555555555553,5.595411468669889,0.893371300696897,0.8493560812744261,0.8116280563512195,0.8116280563512195,0.7158620802956992
travel_cost_per_distance=1.000000e-05,275,True,False,2.0,1.0,0.3126666666666667,5.0450318856584415,0.8933746899868015,0.6960189691086325,0.7412871619622047,0.6960189691086325,0.42654964668416656
travel_cost_per_distance=1.000000e-05,276,True,False,2.0,1.0,0.31,4.841676866335209,0.8218372227153955,0.7838076910629701,0.6379367988638251,0.6379367988638251,0.7916698591878735
travel_cost_per_distance=1.000000e-05,277,True,False,2.0,1.0,0.3015555555555556,4.82090521380196,0.8684657500255325,0.6704474148314632,0.6263591906068823,0.6263591906068823,0.5059289226087503
travel_cost_per_distance=1.000000e-05,278,True,False,2.0,1.0,0.3169444444444444,4.947445222117711,0.8036678726605543,0.7531431173441214,0.7789425143909701,0.7531431173441214,0.5974899369458033
travel_cost_per_distance=1.000000e-05,279,True,False,2.0,1.0,0.3282777777777778,5.182252895601424,0.8126391744588232,0.8405354953097225,0.7295612729572514,0.7295612729572514,0.6772365451717444
travel_cost_per_distance=1.000000e-05,280,True,False,2.0,1.0,0.32180555555555557,5.198536590363234,0.8725902228348225,0.8277136385861928,0.6703979623039846,0.6703979623039846,0.5083520057735976
travel_cost_per_distance=1.000000e-05,281,True,False,2.0,1.0,0.30080555555555555,4.734430331401124,0.8113952549957532,0.7727711910583097,0.722588152988706,0.722588152988706,0.5316002753939585
travel_cost_per_distance=1.000000e-05,282,True,False,2.0,1.0,0.31477777777777777,4.9980242647474915,0.84723863191734,0.7418158714079641,0.7370332337415182,0.7370332337415182,0.5773505878460142
travel_cost_per_distance=1.000000e-05,283,True,False,2.0,1.0,0.3404166666666667,5.511522053341127,0.8931349776742664,0.8172602747101049,0.7665532367647045,0.7665532367647045,0.604508485030426
travel_cost_per_distance=1.000000e-05,284,True,False,2.0,1.0,0.3332777777777778,5.399082499013088,0.8745752888695651,0.8896837699882659,0.8988265032837525,0.8896837699882659,0.45384952663239636
travel_cost_per_distance=1.000000e-05,285,True,False,2.0,1.0,0.2985,4.7960277530128055,0.8767183405740184,0.6963512211820627,0.5310166447895299,0.5310166447895299,0.21945364716619759
travel_cost_per_distance=1.000000e-05,286,True,False,2.0,1.0,0.3163611111111111,5.092896328903595,0.8793556071559344,0.801153158254806,0.8457572117937923,0.801153158254806,0.4690899860771536
travel_cost_per_distance=1.000000e-05,287,True,False,2.0,1.0,0.32905555555555555,5.279824797228815,0.85600376367162,0.815960824308623,0.5734085313907886,0.5734085313907886,0.6295875149342091
travel_cost_per_distance=1.000000e-05,288,True,False,2.0,1.0,0.32805555555555554,5.206779895299525,0.8345310411914534,0.8117706271057544,0.6943189778593575,0.6943189778593575,0.5647123980728147
travel_cost_per_distance=1.000000e-05,289,True,False,2.0,1.0,0.3333055555555556,5.3984279834402615,0.8749260786783297,0.7684622751796681,0.7863159886072384,0.7684622751796681,0.6311366926805027
travel_cost_per_distance=1.000000e-05,290,False,False,0.9796916639442435,0.9796916639442435,0.315,4.88783667686737,0.7837533311553948,0.8146361058322457,0.7705625193862035,0.7705625193862035,0.6729386229066018
travel_cost_per_distance=1.000000e-05,291,True,False,2.0,1.0,0.32169444444444445,5.163852087977506,0.8580811553062797,0.852387662295637,0.7898948924969519,0.7898948924969519,0.5387311434268429
travel_cost_per_distance=1.000000e-05,292,True,False,2.0,1.0,0.30436111111111114,4.832697454247099,0.8425158637171528,0.7819226358362038,0.5883400593073669,0.5883400593073669,0.6405079836765348
travel_cost_per_distance=1.000000e-05,293,True,False,2.0,1.0,0.3249722222222223,5.183839483212492,0.8475384164229265,0.8247003074379113,0.690284086497413,0.690284086497413,0.7439283641500218
travel_cost_per_distance=1.000000e-05,294,True,False,2.0,1.0,0.3283055555555556,5.252623767536243,0.8519845902614513,0.802984567568321,0.747579501529355,0.747579501529355,0.4131534002501841
travel_cost_per_distance=1.000000e-05,295,True,False,2.0,1.0,0.3016388888888889,4.885962716032676,0.8886362302617755,0.7453603222798134,0.5939174816076662,0.5939174816076662,0.30856024248388486
travel_cost_per_distance=1.000000e-05,296,True,False,2.0,1.0,0.31872222222222224,4.983854822015592,0.8054142866481483,0.7903161014975988,0.6541023814311931,0.6541023814311931,0.40303427874615755
travel_cost_per_distance=1.000000e-05,297,True,False,2.0,1.0,0.3314722222222222,5.396068933830506,0.8947956755861486,0.7760391442832966,0.7640046541886829,0.7640046541886829,0.3913657502916799
travel_cost_per_distance=1.000000e-05,298,True,False,2.0,1.0,0.33358333333333334,5.324765090982612,0.851180756891281,0.8330180892523688,0.727512375451165,0.727512375451165,0.607339435674681
travel_cost_per_distance=1.000000e-05,299,True,False,2.0,1.0,0.31380555555555556,5.039503185202727,0.868533381053977,0.8597119325935043,0.7057736258438598,0.7057736258438598,0.6428197784458598
travel_cost_per_distance=1.500000e-05,200,True,False,2.0,1.0,0.3392222222222222,5.298496806911213,0.8904744280767075,0.8443134644875108,0.8373597018897971,0.8373597018897971,0.5305179360010744
travel_cost_per_distance=1.500000e-05,201,True,False,2.0,1.0,0.32622222222222225,5.0015675105495685,0.8429436160897549,0.7783167925052218,0.8433943427520951,0.7783167925052218,0.4576476438441143
travel_cost_per_distance=1.500000e-05,202,True,False,2.0,1.0,0.30966666666666665,4.7761187153386695,0.8764904416950785,0.7869094681151808,0.6952889258200027,0.6952889258200027,0.21470365424382784
travel_cost_per_distance=1.500000e-05,203,False,False,0.8104172368642523,0.8104172368642523,0.3343888888888889,5.211252611620048,0.8919241609080404,0.7527989625232724,0.40520861843212613,0.40520861843212613,0.5603611636763871
travel_cost_per_distance=1.500000e-05,204,True,False,2.0,1.0,0.32455555555555554,5.069802316689647,0.8951156998035223,0.8548272282304946,0.8388797613119278,0.8388797613119278,0.2170930531222476
travel_cost_per_distance=1.500000e-05,205,False,False,0.9907160738193052,0.9907160738193052,0.31283333333333335,4.666415488724535,0.7925728590554442,0.8366147306067037,0.7307609582630882,0.7307609582630882,0.5905739434357595
travel_cost_per_distance=1.500000e-05,206,False,False,0.9495249800609996,0.9495249800609996,0.3050555555555556,4.4816284445039445,0.7596199840487997,0.7357756054660404,0.757773665093427,0.7357756054660404,0.4705035626936757
travel_cost_per_distance=1.500000e-05,207,True,False,2.0,1.0,0.31216666666666665,4.712011524668051,0.8335227493049975,0.7626980494054852,0.7031568970456296,0.7031568970456296,0.7602927486328842
travel_cost_per_distance=1.500000e-05,208,False,False,0.9917882034615982,0.9917882034615982,0.32708333333333334,4.910471090770778,0.7934305627692786,0.8333595987406337,0.7826424757117693,0.7826424757117693,0.6761389508795522
travel_cost_per_distance=1.500000e-05,209,False,False,0.9648439856381213,0.9648439856381213,0.32733333333333337,4.8847700992264205,0.7718751885104971,0.8250777958623277,0.8190464051023694,0.8190464051023694,0.5283516901540755
travel_cost_per_distance=1.500000e-05,210,True,False,2.0,1.0,0.3478333333333333,5.4239090637394805,0.8764125139006548,0.8638019793707838,0.7887305019159851,0.7887305019159851,0.704047402088598
travel_cost_per_distance=1.500000e-05,211,True,False,2.0,1.0,0.32541666666666663,5.069442651869298,0.8904441157939346,0.8093534628343294,0.8155724321607971,0.8093534628343294,0.6637215518599459
travel_cost_per_distance=1.500000e-05,212,True,False,2.0,1.0,0.3279444444444444,5.030893497091497,0.8418692777113237,0.8261530484146058,0.8272784061423504,0.8261530484146058,0.32213059087390133
travel_cost_per_distance=1.500000e-05,213,True,False,2.0,1.0,0.3145555555555556,4.791470057148288,0.8615900058455586,0.6859524580954974,0.6115197451267584,0.6115197451267584,0.37060608406982853
travel_cost_per_distance=1.500000e-05,214,True,False,2.0,1.0,0.31975,4.783969482901808,0.8087439588709723,0.7534426379119227,0.7432475534158414,0.7432475534158414,0.716765020720067
travel_cost_per_distance=1.500000e-05,215,True,False,2.0,1.0,0.32075000000000004,4.831141573438075,0.8120061050093521,0.8166278716025297,0.7397039993374965,0.7397039993374965,0.7337961664268382
travel_cost_per_distance=1.500000e-05,216,True,False,2.0,1.0,0.33255555555555555,5.208692145686617,0.89746314674431,0.8558320503790309,0.7106363509874144,0.7106363509874144,0.48289063902197127
travel_cost_per_distance=1.500000e-05,217,True,False,2.0,1.0,0.3215277777777778,5.002669763598306,0.8980450782456105,0.8383229762491451,0.6746847175130442,0.6746847175130442,0.27878770155490556
travel_cost_per_distance=1.500000e-05,218,True,False,2.0,1.0,0.3332222222222222,5.102381766876492,0.8424832725775693,0.7680826201701929,0.7626556541235255,0.7626556541235255,0.5411520890960165
travel_cost_per_distance=1.500000e-05,219,True,False,2.0,1.0,0.34494444444444444,5.306810782532476,0.8376987835852072,0.8136903114268681,0.7801207748422397,0.7801207748422397,0.40655648975924946
travel_cost_per_distance=1.500000e-05,220,True,False,2.0,1.0,0.3346666666666666,5.0919505153747995,0.8246132470801822,0.8330202479660477,0.762085107789598,0.762085107789598,0.6700017376804126
travel_cost_per_distance=1.500000e-05,221,True,False,2.0,1.0,0.2958611111111111,4.466908748434505,0.8502898652914058,0.7738429796157649,0.6441543980873327,0.6441543980873327,0.585442062020387
travel_cost_per_distance=1.500000e-05,222,True,False,2.0,1.0,0.34197222222222223,5.264753400896589,0.8585280382423707,0.8374469443472212,0.8765474063676816,0.8374469443472212,0.7863257879276382
travel_cost_per_distance=1.500000e-05,223,False,False,0.994340206203459,0.994340206203459,0.33072222222222225,4.989911582336091,0.7954721649627672,0.8221448172521323,0.7771933219363818,0.7771933219363818,0.41604672438809825
travel_cost_per_distance=1.500000e-05,224,True,False,2.0,1.0,0.3283055555555556,5.085641790263237,0.8830153440312124,0.7329173697646986,0.69642971213332,0.69642971213332,0.5261010826111154
travel_cost_per_distance=1.500000e-05,225,True,False,2.0,1.0,0.3375833333333333,5.326071642339207,0.9203060786475457,0.7663275525717922,0.7207621986134195,0.7207621986134195,0.6384412046650474
travel_cost_per_distance=1.500000e-05,226,True,False,2.0,1.0,0.3130277777777778,4.7327748365867475,0.8277233043191016,0.7477520397310884,0.5107471752376684,0.5107471752376684,0.41873461190274724
travel_cost_per_distance=1.500000e-05,227,True,False,2.0,1.0,0.30819444444444444,4.742785071872235,0.8613910853021812,0.8007103862557383,0.7765170070686399,0.7765170070686399,0.4531856568458867
travel_cost_per_distance=1.500000e-05,228,True,False,2.0,1.0,0.3431666666666667,5.301363034710648,0.8804930584356065,0.7333009831961976,0.7931991916495977,0.7333009831961976,0.7683277007175494
travel_cost_per_distance=1.500000e-05,229,True,False,2.0,1.0,0.3219444444444444,4.979288342839715,0.8641261316690498,0.8234058928816357,0.7207814319341846,0.7207814319341846,0.6875252621822379
travel_cost_per_distance=1.500000e-05,230,True,False,2.0,1.0,0.31155555555555553,4.827897555392132,0.8903164613248559,0.8344986167490006,0.6578812547228257,0.6578812547228257,0.4251932932610101
travel_cost_per_distance=1.500000e-05,231,True,False,2.0,1.0,0.32908333333333334,5.014924285110578,0.8394800275102511,0.8003270813243648,0.7848670583191797,0.7848670583191797,0.7673485179426198
travel_cost_per_distance=1.500000e-05,232,True,False,2.0,1.0,0.32816666666666666,5.032805284685208,0.8558368182887924,0.8346724628211893,0.6925233562558262,0.6925233562558262,0.361637076321302
travel_cost_per_distance=1.500000e-05,233,True,False,2.0,1.0,0.3059444444444444,4.637410721483296,0.8522418706850909,0.7964804580304253,0.7099374942711904,0.7099374942711904,0.23873401486923715
travel_cost_per_distance=1.500000e-05,234,True,False,2.0,1.0,0.3325833333333333,5.0847840165359965,0.8496927969496088,0.890327700165178,0.791407329896907,0.791407329896907,0.6815147156747835
travel_cost_per_distance=1.500000e-05,235,True,False,2.0,1.0,0.35844444444444445,5.617172847531819,0.8934715416419309,0.8619445646569909,0.7043442206474541,0.7043442206474541,0.7564338112692501
travel_cost_per_distance=1.500000e-05,236,True,False,2.0,1.0,0.3298611111111111,5.0571016589858795,0.850104156340863,0.8328573665610218,0.7716456401958368,0.7716456401958368,0.5080399024982796
travel_cost_per_distance=1.500000e-05,237,False,False,0.9905155130608503,0.9905155130608503,0.30763888888888885,4.628265572009564,0.7924124104486803,0.8158292152443251,0.8696456732581007,0.8158292152443251,0.5072037401466652
travel_cost_per_distance=1.500000e-05,238,True,False,2.0,1.0,0.3111388888888889,4.782565575212471,0.8702082835065732,0.6953769473548835,0.7519506954813455,0.6953769473548835,0.6693419143722708
travel_cost_per_distance=1.500000e-05,239,True,False,2.0,1.0,0.29933333333333334,4.521800738085423,0.8208755083892562,0.8740208491520404,0.732190867317567,0.732190867317567,0.1971235358756537
travel_cost_per_distance=1.500000e-05,240,True,False,2.0,1.0,0.3313333333333333,5.127200851103552,0.8767131934127363,0.8598263417209865,0.7241959519018147,0.7241959519018147,0.6976217324546233
travel_cost_per_distance=1.500000e-05,241,True,False,2.0,1.0,0.33066666666666666,5.0599318470001835,0.8458351426662328,0.7666019152968744,0.7302821198340971,0.7302821198340971,0.8788022677934121
travel_cost_per_distance=1.500000e-05,242,True,False,2.0,1.0,0.32566666666666666,5.129212332903629,0.9081767514569827,0.8680656980013067,0.8915940711718521,0.8680656980013067,0.6986450398316371
travel_cost_per_distance=1.500000e-05,243,True,False,2.0,1.0,0.31758333333333333,4.914524647672749,0.8907844927578353,0.7840185669074002,0.6639299310485319,0.6639299310485319,0.6010647324487688
travel_cost_per_distance=1.500000e-05,244,True,False,2.0,1.0,0.32652777777777775,5.018561349295372,0.839933474280351,0.8334733786457312,0.7783314954828231,0.7783314954828231,0.5151898127033018
travel_cost_per_distance=1.500000e-05,245,True,False,2.0,1.0,0.30924999999999997,4.755411825386939,0.8590224381330629,0.7917148079487077,0.7514061673610009,0.7514061673610009,0.4268036257061593
travel_cost_per_distance=1.500000e-05,246,True,False,2.0,1.0,0.3208611111111111,4.84202349591278,0.8160619499987197,0.706109293959266,0.6327746371899529,0.6327746371899529,0.3474533899739083
travel_cost_per_distance=1.500000e-05,247,True,False,2.0,1.0,0.3233333333333333,4.974555225822214,0.8648919036433611,0.8927421287981544,0.8313845887515221,0.8313845887515221,0.4675651232876289
travel_cost_per_distance=1.500000e-05,248,True,False,2.0,1.0,0.34569444444444447,5.384402765436808,0.9007785589060623,0.7235556873552597,0.8435000382506251,0.7235556873552597,0.4975404653060558
travel_cost_per_distance=1.500000e-05,249,True,False,2.0,1.0,0.3298888888888889,5.022685166778177,0.8349753600062522,0.7922179620674006,0.7642316879567581,0.7642316879567581,0.6791931269347742
travel_cost_per_distance=1.500000e-05,250,True,False,2.0,1.0,0.3438611111111111,5.273006151355406,0.8467737711735713,0.8594337477790702,0.7469524896778666,0.7469524896778666,0.7472645000616395
travel_cost_per_distance=1.500000e-05,251,True,False,2.0,1.0,0.33072222222222225,5.056200440002259,0.8487232212899404,0.829503449350105,0.700385699121483,0.700385699121483,0.7514196732189866
travel_cost_per_distance=1.500000e-05,252,True,False,2.0,1.0,0.3461666666666667,5.363476566476825,0.8601104950813308,0.8667838385608804,0.819503560718657,0.819503560718657,0.6002833165408864
travel_cost_per_distance=1.500000e-05,253,True,False,2.0,1.0,0.335,5.070196203296931,0.8078624527447401,0.8470143517747101,0.776122953894033,0.776122953894033,0.7687703281910803
travel_cost_per_distance=1.500000e-05,254,True,False,2.0,1.0,0.29947222222222225,4.528076947896519,0.8424979335477126,0.7474766809268797,0.8027556456753279,0.7474766809268797,0.6135849505145358
travel_cost_per_distance=1.500000e-05,255,True,False,2.0,1.0,0.32686111111111116,4.994519564258895,0.8484810242218892,0.8538412410523567,0.8086214234192681,0.8086214234192681,0.39585473902882334
travel_cost_per_distance=1.500000e-05,256,True,False,2.0,1.0,0.33277777777777773,5.077726987467357,0.8356071191535906,0.8512186219797268,0.7749918178684191,0.7749918178684191,0.4827663326788748
travel_cost_per_distance=1.500000e-05,257,True,False,2.0,1.0,0.3438055555555556,5.3393338947609505,0.8824894564748949,0.8390893570437334,0.7368178189060138,0.7368178189060138,0.7711811354672645
travel_cost_per_distance=1.500000e-05,258,True,False,2.0,1.0,0.34175,5.242867179464552,0.843053732260952,0.8205226772461174,0.787818419209767,0.787818419209767,0.3194217453918258
travel_cost_per_distance=1.500000e-05,259,True,False,2.0,1.0,0.32166666666666666,4.903753995637611,0.8314088099862539,0.7698905649980922,0.6921648171862957,0.6921648171862957,0.6596880450669506
travel_cost_per_distance=1.500000e-05,260,True,False,2.0,1.0,0.3279444444444444,4.983284573223075,0.8286031469234287,0.8525804381848869,0.6583462455198047,0.6583462455198047,0.4212385868145122
travel_cost_per_distance=1.500000e-05,261,True,False,2.0,1.0,0.33905555555555555,5.217986275269101,0.8612986601443582,0.8096644864715542,0.8458455932337218,0.8096644864715542,0.4461245675775247
travel_cost_per_distance=1.500000e-05,262,True,False,2.0,1.0,0.32686111111111116,5.019296302145728,0.8614452279146125,0.8450982995344289,0.6546060870473907,0.6546060870473907,0.652453610034923
travel_cost_per_distance=1.500000e-05,263,True,False,2.0,1.0,0.31102777777777774,4.753313341523445,0.8415896410077643,0.7643786557648237,0.7346337270403246,0.7346337270403246,0.34269320468295117
travel_cost_per_distance=1.500000e-05,264,True,False,2.0,1.0,0.31269444444444444,4.738816156801611,0.826259080156124,0.8090967421428835,0.8222298043849544,0.8090967421428835,0.4730528659345079
travel_cost_per_distance=1.500000e-05,265,True,False,2.0,1.0,0.32133333333333336,4.9042710167641665,0.8490189673251195,0.7813854008038167,0.8131344529529492,0.7813854008038167,0.3272657537748652
travel_cost_per_distance=1.500000e-05,266,True,False,2.0,1.0,0.31327777777777777,4.7620672955854015,0.8449351705536762,0.755927982745156,0.714411092580022,0.714411092580022,0.5400348687872245
travel_cost_per_distance=1.500000e-05,267,True,False,2.0,1.0,0.30541666666666667,4.651023531114401,0.8510789445606456,0.7717337483051597,0.6599916486646348,0.6599916486646348,0.5606729157196274
travel_cost_per_distance=1.500000e-05,268,True,False,2.0,1.0,0.3148055555555556,4.693524680082132,0.8076897137463613,0.8227177063796733,0.7334285393197778,0.7334285393197778,0.6201784140415371
travel_cost_per_distance=1.500000e-05,269,True,False,2.0,1.0,0.3325833333333333,5.149745691404517,0.8869334231900788,0.8552759258704872,0.8122796383054354,0.8122796383054354,0.5392092303801632
travel_cost_per_distance=1.500000e-05,270,False,False,0.9991401504882231,0.9991401504882231,0.31758333333333333,4.847882807651367,0.8563306691111827,0.7401949248950371,0.49957007524411157,0.49957007524411157,0.5052233461060839
travel_cost_per_distance=1.500000e-05,271,True,False,2.0,1.0,0.33266666666666667,5.1356525596936775,0.8648443608396902,0.7808224145307558,0.7440145725105561,0.7440145725105561,0.6864678816360701
travel_cost_per_distance=1.500000e-05,272,False,False,0.8284861733608416,0.8284861733608416,0.29044444444444445,4.46574811186263,0.8992944376775707,0.5930927072948643,0.4142430866804208,0.4142430866804208,0.6764724246124051
travel_cost_per_distance=1.500000e-05,273,True,False,2.0,1.0,0.3218888888888889,5.02995184255494,0.8945652918661781,0.8126611908888834,0.652347112092409,0.652347112092409,0.5307765558592801
travel_cost_per_distance=1.500000e-05,274,True,False,2.0,1.0,0.31074999999999997,4.7591105296573035,0.8459501820421346,0.8106294543471574,0.7920294054160896,0.7920294054160896,0.3141177465364463
travel_cost_per_distance=1.500000e-05,275,True,False,2.0,1.0,0.32169444444444445,4.976953070208648,0.8794755350908835,0.8167341683183762,0.7777921636193722,0.7777921636193722,0.5576246452397638
travel_cost_per_distance=1.500000e-05,276,True,False,2.0,1.0,0.3060833333333333,4.588945796628414,0.820825551081973,0.787245110723205,0.5384040899898768,0.5384040899898768,0.7002673954232154
travel_cost_per_distance=1.500000e-05,277,True,False,2.0,1.0,0.33222222222222225,5.0415720111858535,0.816521967825575,0.7867273740179658,0.8117075809764388,0.7867273740179658,0.2377897463340392
travel_cost_per_distance=1.500000e-05,278,True,False,2.0,1.0,0.3303611111111111,5.117996871652439,0.8783737798394757,0.7861952460069078,0.757424292927028,0.757424292927028,0.767989136875485
travel_cost_per_distance=1.500000e-05,279,True,False,2.0,1.0,0.3335,5.149472597641616,0.8690388385249264,0.8043849125435124,0.7590377298244034,0.7590377298244034,0.5512487782399187
travel_cost_per_distance=1.500000e-05,280,True,False,2.0,1.0,0.33363888888888893,5.1848581303472265,0.8673631001792074,0.866651486549383,0.7106369043334524,0.7106369043334524,0.2644130100277703
travel_cost_per_distance=1.500000e-05,281,False,False,0.9598710316676065,0.9598710316676065,0.3161388888888889,4.709387502991698,0.7678968253340852,0.842968536529477,0.7442738562277225,0.7442738562277225,0.7165094322492247
travel_cost_per_distance=1.500000e-05,282,True,False,2.0,1.0,0.3294166666666667,4.989858208606884,0.8251741706656139,0.8003669687036855,0.7169669276019006,0.7169669276019006,0.4559516487483235
travel_cost_per_distance=1.500000e-05,283,False,False,0.9623788639101007,0.9623788639101007,0.32869444444444446,4.890972082453885,0.7699030911280806,0.8257870536451466,0.6267537080135156,0.6267537080135156,0.7558370611203049
travel_cost_per_distance=1.500000e-05,284,False,False,0.9764147174164493,0.9764147174164493,0.3124166666666667,4.620400857635281,0.7811317739331595,0.8346408817955847,0.7303148221086713,0.7303148221086713,0.5488202033946158
travel_cost_per_distance=1.500000e-05,285,True,False,2.0,1.0,0.3303333333333333,5.116558889990789,0.888699766277727,0.8069386844684937,0.7036684678146933,0.7036684678146933,0.6921512649531646
travel_cost_per_distance=1.500000e-05,286,True,False,2.0,1.0,0.3254444444444445,5.063864981438191,0.9092279289762629,0.8005981325662777,0.5279118527407634,0.5279118527407634,0.8083659724411749
travel_cost_per_distance=1.500000e-05,287,True,False,2.0,1.0,0.32788888888888884,5.036023540814335,0.8683861431427401,0.7903107359768092,0.8068141664191425,0.7903107359768092,0.6812064212587886
travel_cost_per_distance=1.500000e-05,288,True,False,2.0,1.0,0.3293611111111111,5.163524828346366,0.9001629976888808,0.8199899602533974,0.7161664189558626,0.7161664189558626,0.44538874563444136
travel_cost_per_distance=1.500000e-05,289,True,False,2.0,1.0,0.34388888888888886,5.360623078405286,0.8880013477675579,0.7944046028968039,0.7367820015770008,0.7367820015770008,0.6835505524337966
travel_cost_per_distance=1.500000e-05,290,True,False,2.0,1.0,0.3243055555555555,4.977728692564313,0.8528935229762181,0.8359622437933433,0.6938662917341019,0.6938662917341019,0.8156900840653004
travel_cost_per_distance=1.500000e-05,291,True,False,2.0,1.0,0.3310833333333333,5.110010863331031,0.8683219414546729,0.826865861714517,0.6248436348838927,0.6248436348838927,0.5659762449064072
travel_cost_per_distance=1.500000e-05,292,False,False,0.9867890272136394,0.9867890272136394,0.3204166666666667,4.79044421453184,0.7894312217709115,0.8324693966770194,0.8545000584163821,0.8324693966770194,0.36532027940222267
travel_cost_per_distance=1.500000e-05,293,True,False,2.0,1.0,0.29883333333333334,4.6564546994508955,0.8943825138147734,0.7625679663381982,0.7595284947216268,0.7595284947216268,0.41685565473188785
travel_cost_per_distance=1.500000e-05,294,True,False,2.0,1.0,0.29941666666666666,4.446301179272117,0.801944872460203,0.7368495613089602,0.6358342492387349,0.6358342492387349,0.537747768558024
travel_cost_per_distance=1.500000e-05,295,True,False,2.0,1.0,0.32119444444444445,4.851562880577433,0.8206586924439534,0.7977148621813225,0.8238614062495144,0.7977148621813225,0.7905359687609752
travel_cost_per_distance=1.500000e-05,296,True,False,2.0,1.0,0.31530555555555556,4.878356971861365,0.9029852565601127,0.7746431630812709,0.5771128965091378,0.5771128965091378,0.4841074655468898
travel_cost_per_distance=1.500000e-05,297,True,False,2.0,1.0,0.33305555555555555,5.168919870584983,0.8838873705785282,0.822204099105519,0.6974186857072006,0.6974186857072006,0.5165799692072083
travel_cost_per_distance=1.500000e-05,298,False,False,0.9720310479050782,0.9720310479050782,0.3076111111111111,4.545339973359017,0.7776248383240626,0.8047076676310663,0.7307533835187768,0.7307533835187768,0.7789063932104123
travel_cost_per_distance=1.500000e-05,299,True,False,2.0,1.0,0.30569444444444444,4.688176639643482,0.8812169253044312,0.7947404084785779,0.6044286840025535,0.6044286840025535,0.50673463180866
travel_cost_per_distance=2.500000e-05,200,True,False,2.0,1.0,0.31777777777777777,4.428455336556405,0.8439160153118261,0.8460869898537937,0.7518501069683602,0.7518501069683602,0.5339467607651897
travel_cost_per_distance=2.500000e-05,201,True,False,2.0,1.0,0.33447222222222217,4.659334851962108,0.8257114820376714,0.8285549650418844,0.8144925650225179,0.8144925650225179,0.4724455741054639
travel_cost_per_distance=2.500000e-05,202,True,False,2.0,1.0,0.34747222222222224,4.9451462352951205,0.879717294133656,0.8961339259771746,0.6302062668352323,0.6302062668352323,0.7581012083360438
travel_cost_per_distance=2.500000e-05,203,True,False,2.0,1.0,0.3193888888888889,4.481076535968425,0.8695608168787525,0.7605106477143679,0.7634390192892259,0.7605106477143679,0.6407967703119273
travel_cost_per_distance=2.500000e-05,204,True,False,2.0,1.0,0.35130555555555554,5.061295381474098,0.8687141737417968,0.858225889597772,0.6844267337650092,0.6844267337650092,0.7557815675403046
travel_cost_per_distance=2.500000e-05,205,True,False,2.0,1.0,0.3164444444444445,4.427101201316589,0.8456817893291035,0.8053391578477166,0.7372668201503058,0.7372668201503058,0.6973940032447776
travel_cost_per_distance=2.500000e-05,206,True,False,2.0,1.0,0.3267777777777778,4.570592684412772,0.8504665277323653,0.8214434371775394,0.803506742012248,0.803506742012248,0.7231718478634991
travel_cost_per_distance=2.500000e-05,207,True,False,2.0,1.0,0.3138888888888889,4.342894446598028,0.8531506407586985,0.8185738682393039,0.7013243647619406,0.7013243647619406,0.6651469244474062
travel_cost_per_distance=2.500000e-05,208,True,False,2.0,1.0,0.33558333333333334,4.734457139752996,0.843837030362604,0.7893085603290276,0.7862032445468645,0.7862032445468645,0.4653023976002935
travel_cost_per_distance=2.500000e-05,209,True,False,2.0,1.0,0.316,4.350871613893232,0.8078021358406676,0.8267175319625001,0.6727173113890366,0.6727173113890366,0.5213506282430709
travel_cost_per_distance=2.500000e-05,210,True,False,2.0,1.0,0.34958333333333336,4.930585217767375,0.8427144859390042,0.7955588075610298,0.8322554649353118,0.7955588075610298,0.7945560645030445
travel_cost_per_distance=2.500000e-05,211,False,False,0.7541380587052001,0.7541380587052001,0.2826666666666667,3.4718566938437037,0.6033104469641601,0.45196976173012077,0.5278899907573821,0.45196976173012077,0.5407926487611515
travel_cost_per_distance=2.500000e-05,212,True,False,2.0,1.0,0.31580555555555556,4.405021721406603,0.8791922493241227,0.819402544417296,0.5881244304500028,0.5881244304500028,0.5922586500196251
travel_cost_per_distance=2.500000e-05,213,True,False,2.0,1.0,0.33455555555555555,4.784236653526496,0.8944157280754232,0.809932898186848,0.7845341630959745,0.7845341630959745,0.742323573324589
travel_cost_per_distance=2.500000e-05,214,True,False,2.0,1.0,0.305,4.232762146006101,0.8527263651762068,0.7792088353080135,0.667892957911832,0.667892957911832,0.6709163425303905
travel_cost_per_distance=2.500000e-05,215,True,False,2.0,1.0,0.28627777777777774,3.8320239117002814,0.8267018037357695,0.7266410917683515,0.6636482401695409,0.6636482401695409,0.793942660065212
travel_cost_per_distance=2.500000e-05,216,True,False,2.0,1.0,0.322,4.537850992207609,0.8719709156049731,0.8597131288811366,0.6495451423845633,0.6495451423845633,0.3991336808463479
travel_cost_per_distance=2.500000e-05,217,True,False,2.0,1.0,0.33855555555555555,4.850522100551319,0.8649497657151599,0.9013813286157925,0.7916215254083518,0.7916215254083518,0.6593337466609307
travel_cost_per_distance=2.500000e-05,218,True,False,2.0,1.0,0.3453333333333333,5.023613019745767,0.9094645200306607,0.857897196458895,0.8710949123817244,0.857897196458895,0.5134519157506079
travel_cost_per_distance=2.500000e-05,219,True,False,2.0,1.0,0.3103611111111111,4.273537855208204,0.8241381818009551,0.7648937242580837,0.7730973183830429,0.7648937242580837,0.6701541695989167
travel_cost_per_distance=2.500000e-05,220,True,False,2.0,1.0,0.31575000000000003,4.4151955618491945,0.8563351043890192,0.8248172501119644,0.764301268797525,0.764301268797525,0.5974580854430168
travel_cost_per_distance=2.500000e-05,221,True,False,2.0,1.0,0.31727777777777777,4.457419009561993,0.853694872580141,0.8248999070666511,0.7927716440395375,0.7927716440395375,0.662418421370507
travel_cost_per_distance=2.500000e-05,222,True,False,2.0,1.0,0.31130555555555556,4.352207254377583,0.8505505270333263,0.8399066100174296,0.5888487493991575,0.5888487493991575,0.2750190831256453
travel_cost_per_distance=2.500000e-05,223,True,False,2.0,1.0,0.3219722222222222,4.5759134261437815,0.8688224928138737,0.8768871360433214,0.8005999169219361,0.8005999169219361,0.6560070027649068
travel_cost_per_distance=2.500000e-05,224,True,False,2.0,1.0,0.3031388888888889,4.153961649554834,0.8365983705823832,0.7283125789862949,0.7816627405626028,0.7283125789862949,0.5156277081091685
travel_cost_per_distance=2.500000e-05,225,True,False,2.0,1.0,0.32766666666666666,4.641323985315822,0.8667779861503259,0.8327951850067019,0.7826711727878847,0.7826711727878847,0.39503348546824607
travel_cost_per_distance=2.500000e-05,226,True,False,2.0,1.0,0.33311111111111114,4.678948353096703,0.8479897252976509,0.8392089280709603,0.8446525673319109,0.8392089280709603,0.6973446775999821
travel_cost_per_distance=2.500000e-05,227,True,False,2.0,1.0,0.3348055555555556,4.73182724601337,0.8658586032804167,0.8227944212529513,0.8171175694983922,0.8171175694983922,0.7336192059058054
travel_cost_per_distance=2.500000e-05,228,True,False,2.0,1.0,0.33105555555555555,4.66175129834686,0.8488838564853435,0.868489425761354,0.7861303321543419,0.7861303321543419,0.6075487451263274
travel_cost_per_distance=2.500000e-05,229,True,False,2.0,1.0,0.3190555555555556,4.5315216715748345,0.8682530589277194,0.8612190595037681,0.7930498394740113,0.7930498394740113,0.23078535407370648
travel_cost_per_distance=2.500000e-05,230,True,False,2.0,1.0,0.33452777777777776,4.752050987235071,0.8692141471026441,0.8252292996730778,0.7787424792683822,0.7787424792683822,0.7137791292192085
travel_cost_per_distance=2.500000e-05,231,True,False,2.0,1.0,0.3393333333333333,4.85884729932488,0.8779620752390364,0.8618645284923184,0.8063287071611462,0.8063287071611462,0.7977805273920124
travel_cost_per_distance=2.500000e-05,232,True,False,2.0,1.0,0.3406666666666667,4.78514010443836,0.8565843211011381,0.759642116334874,0.7736455556591647,0.759642116334874,0.7092473344494873
travel_cost_per_distance=2.500000e-05,233,True,False,2.0,1.0,0.34419444444444447,4.855904837275281,0.8342986636542375,0.8167528957973447,0.8100859271395059,0.8100859271395059,0.8294429068062166
travel_cost_per_distance=2.500000e-05,234,True,False,2.0,1.0,0.31833333333333336,4.447050687402838,0.8453659602318288,0.8211473300066103,0.7795187631313191,0.7795187631313191,0.726576902554116
travel_cost_per_distance=2.500000e-05,235,True,False,2.0,1.0,0.3310833333333333,4.600536922444602,0.8174370948640617,0.812838998480452,0.8629529810521804,0.812838998480452,0.4772511296861409
travel_cost_per_distance=2.500000e-05,236,True,False,2.0,1.0,0.3196111111111111,4.595288835155712,0.8925217917529797,0.8476697798904742,0.8214274020933366,0.8214274020933366,0.2839316665062423
travel_cost_per_distance=2.500000e-05,237,True,False,2.0,1.0,0.31130555555555556,4.301959197763481,0.8338198893348806,0.7873197383067098,0.7079714049349213,0.7079714049349213,0.5725777012787746
travel_cost_per_distance=2.500000e-05,238,True,False,2.0,1.0,0.3209722222222222,4.548017059826368,0.8887944755415395,0.7240242019332607,0.6749508744311317,0.6749508744311317,0.6202120695119789
travel_cost_per_distance=2.500000e-05,239,False,False,0.9871904411986524,0.9871904411986524,0.3262777777777778,4.491039459479435,0.789752352958922,0.8623073903160748,0.8472260063308378,0.8472260063308378,0.2782909727749322
travel_cost_per_distance=2.500000e-05,240,False,False,0.8538379330874103,0.8538379330874103,0.31619444444444444,4.375704814910401,0.8509776614304343,0.759295410033901,0.42691896654370515,0.42691896654370515,0.4230447002875671
travel_cost_per_distance=2.500000e-05,241,True,False,2.0,1.0,0.3412222222222222,4.835431088730325,0.8646253774446561,0.8322682760169645,0.8261667747949374,0.8261667747949374,0.4833549018286301
travel_cost_per_distance=2.500000e-05,242,True,False,2.0,1.0,0.3287777777777778,4.7602860620232885,0.9143227727145244,0.8354814533191773,0.734240183608409,0.734240183608409,0.628484043946097
travel_cost_per_distance=2.500000e-05,243,True,False,2.0,1.0,0.3245277777777778,4.584298210211198,0.8905139056768342,0.833133275835829,0.7772254808900999,0.7772254808900999,0.24250823365735677
travel_cost_per_distance=2.500000e-05,244,True,False,2.0,1.0,0.3183888888888889,4.328759201793746,0.8137402181673644,0.7084970624291537,0.8008755048411735,0.7084970624291537,0.39966598218002686
travel_cost_per_distance=2.500000e-05,245,True,False,2.0,1.0,0.3228611111111111,4.516468331490251,0.8635679525012677,0.7550107913428449,0.6913673444438921,0.6913673444438921,0.5148431680856158
travel_cost_per_distance=2.500000e-05,246,True,False,2.0,1.0,0.32425000000000004,4.650728226785625,0.8831076770886382,0.7929955491774459,0.8306297296052603,0.7929955491774459,0.29562671852975864
travel_cost_per_distance=2.500000e-05,247,True,False,2.0,1.0,0.32505555555555554,4.562452823597419,0.8623729809554731,0.7413707045616518,0.7833409795854213,0.7413707045616518,0.6208107110387887
travel_cost_per_distance=2.500000e-05,248,True,False,2.0,1.0,0.3220555555555556,4.477042312909895,0.8527943601973448,0.7739151631766882,0.6124785164012169,0.6124785164012169,0.6604433687929968
travel_cost_per_distance=2.500000e-05,249,True,False,2.0,1.0,0.33366666666666667,4.813064219467321,0.9142235126183686,0.8118649985589301,0.8237764516208349,0.8118649985589301,0.46799629099762935
travel_cost_per_distance=2.500000e-05,250,False,False,0.8954134926215996,0.8954134926215996,0.28997222222222224,3.794707459034023,0.7163307940972797,0.7180944035008541,0.7153491628749278,0.7153491628749278,0.6604916861971935
travel_cost_per_distance=2.500000e-05,251,False,False,0.37621726794305055,0.37621726794305055,0.3224722222222222,3.603469485558596,0.37945279562109385,0.18810863397152527,0.21515977955077373,0.18810863397152527,0.39613043435325124
travel_cost_per_distance=2.500000e-05,252,True,False,2.0,1.0,0.3005555555555556,4.238221986184382,0.8724647534934163,0.8133143013054416,0.7858802594071955,0.7858802594071955,0.7289811899190867
travel_cost_per_distance=2.500000e-05,253,True,False,2.0,1.0,0.34141666666666665,4.867570708732297,0.8736141323069883,0.7834109635001106,0.7885253279518013,0.7834109635001106,0.6763959555424677
travel_cost_per_distance=2.500000e-05,254,True,False,2.0,1.0,0.3448333333333334,4.92941095908922,0.8793734896115558,0.859771343575845,0.7920708528397639,0.7920708528397639,0.624396518941796
travel_cost_per_distance=2.500000e-05,255,True,False,2.0,1.0,0.3484722222222222,4.960843199719524,0.8574933596235988,0.8992134980738199,0.8224637731663424,0.8224637731663424,0.4538422006499495
travel_cost_per_distance=2.500000e-05,256,True,False,2.0,1.0,0.3040555555555555,4.277435988323936,0.8540564355757151,0.8136756368177253,0.7837592148359316,0.7837592148359316,0.5357383802938414
travel_cost_per_distance=2.500000e-05,257,True,False,2.0,1.0,0.32005555555555554,4.454576696608796,0.8325839829737851,0.852341251802732,0.697821289657723,0.697821289657723,0.582314778973125
travel_cost_per_distance=2.500000e-05,258,True,False,2.0,1.0,0.31375,4.373528063013656,0.860412009286392,0.831816457093818,0.7442752121407513,0.7442752121407513,0.5780429575028229
travel_cost_per_distance=2.500000e-05,259,True,False,2.0,1.0,0.3319444444444445,4.634528092347993,0.8023467374059193,0.8252783592920225,0.8102122996269215,0.8102122996269215,0.6868608417700439
travel_cost_per_distance=2.500000e-05,260,True,False,2.0,1.0,0.314,4.377073824404695,0.8579218923728202,0.814951791657039,0.7206705916578182,0.7206705916578182,0.8379811901360382
travel_cost_per_distance=2.500000e-05,261,True,False,2.0,1.0,0.33144444444444443,4.735275510792094,0.8774284201374296,0.8905193149028691,0.8036932391281405,0.8036932391281405,0.45755347536054547
travel_cost_per_distance=2.500000e-05,262,True,False,2.0,1.0,0.31555555555555553,4.344567097267466,0.8238696930370023,0.7393722173583538,0.7142425501236964,0.7142425501236964,0.4856391937746799
travel_cost_per_distance=2.500000e-05,263,True,False,2.0,1.0,0.32680555555555557,4.626932068781872,0.847998170922035,0.8109347482819952,0.8261380922964522,0.8109347482819952,0.4697735931160343
travel_cost_per_distance=2.500000e-05,264,False,False,0.9837006274182983,0.9837006274182983,0.2946388888888889,4.015991929099792,0.7869605019346387,0.8341274591822861,0.7341793049423587,0.7341793049423587,0.5343320278086713
travel_cost_per_distance=2.500000e-05,265,True,False,2.0,1.0,0.3333055555555556,4.6618092916365725,0.8406849331343383,0.8513563422239494,0.6707326380799412,0.6707326380799412,0.45269503382494786
travel_cost_per_distance=2.500000e-05,266,False,False,0.9998740290553483,0.9998740290553483,0.3210277777777778,4.4159522606580275,0.7998992232442786,0.8356981326185325,0.8764329530567161,0.8356981326185325,0.7407226625002082
travel_cost_per_distance=2.500000e-05,267,True,False,2.0,1.0,0.3000555555555556,4.183962121634361,0.8666641512352732,0.7979676236915364,0.6738148039355872,0.6738148039355872,0.44427330331864645
travel_cost_per_distance=2.500000e-05,268,True,False,2.0,1.0,0.3273888888888889,4.565438497467529,0.8377146164585124,0.8155813089343105,0.7766463784500417,0.7766463784500417,0.7014600163654368
travel_cost_per_distance=2.500000e-05,269,True,False,2.0,1.0,0.3390833333333333,4.842677255912866,0.8631008142609689,0.8279381876390635,0.8597482793237166,0.8279381876390635,0.459078321070889
travel_cost_per_distance=2.500000e-05,270,True,False,2.0,1.0,0.32308333333333333,4.525661336628,0.844089911522029,0.8634202738336583,0.7222717337756035,0.7222717337756035,0.5890444525759444
travel_cost_per_distance=2.500000e-05,271,True,False,2.0,1.0,0.31655555555555553,4.378654244730006,0.8390693855941669,0.7814149045669772,0.8448574772201779,0.7814149045669772,0.7891022696551014
travel_cost_per_distance=2.500000e-05,272,True,False,2.0,1.0,0.32661111111111113,4.618846660930196,0.8742596144784265,0.8454824937517694,0.7861239573470048,0.7861239573470048,0.3034817772262934
travel_cost_per_distance=2.500000e-05,273,True,False,2.0,1.0,0.3348888888888889,4.767600182197409,0.8856921213470125,0.8219240031288985,0.7633911555227644,0.7633911555227644,0.787027452999797
travel_cost_per_distance=2.500000e-05,274,True,False,2.0,1.0,0.32875000000000004,4.640392738711896,0.868693297253185,0.7479908511367401,0.677092821926458,0.677092821926458,0.7926966134127588
travel_cost_per_distance=2.500000e-05,275,True,False,2.0,1.0,0.3155277777777778,4.355394976532145,0.8644892956087759,0.7229318988213265,0.6425447587444337,0.6425447587444337,0.6392492272936635
travel_cost_per_distance=2.500000e-05,276,False,False,0.4096927545609901,0.4096927545609901,0.29075,3.589395954915999,0.6307009183509584,0.20484637728049504,0.24496491272988355,0.20484637728049504,0.4942703323706741
travel_cost_per_distance=2.500000e-05,277,True,False,2.0,1.0,0.3235,4.530856950670771,0.8433011131004773,0.7878066218403864,0.7781903164425933,0.7781903164425933,0.42170058075685546
travel_cost_per_distance=2.500000e-05,278,True,False,2.0,1.0,0.3203888888888889,4.50413952714643,0.8778741410944197,0.8444673853580593,0.6532842003364221,0.6532842003364221,0.49623386868398645
travel_cost_per_distance=2.500000e-05,279,True,False,2.0,1.0,0.35544444444444445,5.066027958356864,0.8596809360026579,0.8060646487460504,0.818721445950051,0.8060646487460504,0.44533194727637304
travel_cost_per_distance=2.500000e-05,280,True,False,2.0,1.0,0.31875,4.463514553793797,0.8701054579783384,0.7353946579983783,0.7913423735067942,0.7353946579983783,0.3153953214223258
travel_cost_per_distance=2.500000e-05,281,True,False,2.0,1.0,0.33394444444444443,4.792210637295852,0.9009841038046305,0.790702225338604,0.7688350799539666,0.7688350799539666,0.7349665067993351
travel_cost_per_distance=2.500000e-05,282,True,False,2.0,1.0,0.3233611111111111,4.56524818444397,0.8641262889834284,0.8165589316004181,0.6431467579125427,0.6431467579125427,0.38228715176489697
travel_cost_per_distance=2.500000e-05,283,False,False,0.9764037143726202,0.9764037143726202,0.319,4.313177216223756,0.7811229714980962,0.787828888815867,0.6832475155950046,0.6832475155950046,0.5383684626299373
travel_cost_per_distance=2.500000e-05,284,True,False,2.0,1.0,0.33766666666666667,4.847839432809754,0.8806163490544645,0.8625291397205905,0.8764529571004159,0.8625291397205905,0.4984449289508817
travel_cost_per_distance=2.500000e-05,285,True,False,2.0,1.0,0.3368611111111111,4.778956283966724,0.8653915082489216,0.8589615305508234,0.7624475683156428,0.7624475683156428,0.4372154690210026
travel_cost_per_distance=2.500000e-05,286,True,False,2.0,1.0,0.3148888888888889,4.405050246934391,0.8545165957290354,0.8259797243449232,0.8654236339587631,0.8259797243449232,0.5085997932628232
travel_cost_per_distance=2.500000e-05,287,True,False,2.0,1.0,0.29813888888888884,4.060660800787024,0.8262204675271093,0.7878767339910068,0.7319313236949917,0.7319313236949917,0.59302927501113
travel_cost_per_distance=2.500000e-05,288,True,False,2.0,1.0,0.31611111111111106,4.460413725562222,0.8713100434588277,0.8272280909130262,0.5932566622704598,0.5932566622704598,0.4426297418182246
travel_cost_per_distance=2.500000e-05,289,True,False,2.0,1.0,0.3339722222222222,4.683028465690529,0.821656488900995,0.8712962220397842,0.8131956322683,0.8131956322683,0.2804331867529521
travel_cost_per_distance=2.500000e-05,290,True,False,2.0,1.0,0.338,4.733159774757959,0.8486225850643232,0.8064278527703199,0.796755222555651,0.796755222555651,0.8078550270463921
travel_cost_per_distance=2.500000e-05,291,False,False,0.9596857559952123,0.9596857559952123,0.3196111111111111,4.362601534534691,0.7677486047961699,0.7672712945047373,0.7258156355336001,0.7258156355336001,0.2627105715055823
travel_cost_per_distance=2.500000e-05,292,True,False,2.0,1.0,0.35786111111111113,5.006009334729219,0.8088062807891958,0.87326374654648,0.7845333508624459,0.7845333508624459,0.5046185887685841
travel_cost_per_distance=2.500000e-05,293,False,False,0.9873283883007176,0.9873283883007176,0.29616666666666663,4.008453192202002,0.7898627106405741,0.7508564278065525,0.6609458364902357,0.6609458364902357,0.4292378138653479
travel_cost_per_distance=2.500000e-05,294,True,False,2.0,1.0,0.3477777777777778,4.862108176863231,0.8303461303257511,0.8780174496849716,0.8504709118007168,0.8504709118007168,0.43472195007316905
travel_cost_per_distance=2.500000e-05,295,True,False,2.0,1.0,0.32749999999999996,4.65354770273793,0.8575619026772103,0.8637612154214577,0.826380704558569,0.826380704558569,0.5816498188719904
travel_cost_per_distance=2.500000e-05,296,True,False,2.0,1.0,0.34291666666666665,4.959573867997137,0.9083920677106304,0.8687222785427127,0.8090814667312308,0.8090814667312308,0.5960634167469239
travel_cost_per_distance=2.500000e-05,297,True,False,2.0,1.0,0.3175,4.453777457324814,0.8937278948531203,0.7641956935020366,0.7537664121585888,0.7537664121585888,0.5327992298420196
travel_cost_per_distance=2.500000e-05,298,True,False,2.0,1.0,0.3288888888888889,4.668346382177441,0.8740915267900855,0.7817982167283853,0.7048660267068609,0.7048660267068609,0.45967312783221675
travel_cost_per_distance=2.500000e-05,299,True,False,2.0,1.0,0.3347777777777778,4.709150280636627,0.8424725327224187,0.8520690035858801,0.8949014117907236,0.8520690035858801,0.5291379856522291
travel_cost_per_distance=3.500000e-05,200,True,False,2.0,1.0,0.32369444444444445,4.221299612677156,0.8850025948318924,0.8117548030853382,0.7179125280937243,0.7179125280937243,0.8757110215172076
travel_cost_per_distance=3.500000e-05,201,True,False,2.0,1.0,0.3261944444444444,4.223806228480113,0.8885462676772975,0.8683961048953749,0.780088898612111,0.780088898612111,0.609248392210458
travel_cost_per_distance=3.500000e-05,202,True,False,2.0,1.0,0.32469444444444445,4.112763851670094,0.8364747290092408,0.7762877117127591,0.7874905785564167,0.7762877117127591,0.582787812539688
travel_cost_per_distance=3.500000e-05,203,True,False,2.0,1.0,0.32358333333333333,4.174565745894816,0.8853888162502029,0.777019666322224,0.7620439164647423,0.7620439164647423,0.44020968623384193
travel_cost_per_distance=3.500000e-05,204,True,False,2.0,1.0,0.3268333333333333,4.115310526836216,0.8413943719212981,0.8084136089815706,0.7433643825966685,0.7433643825966685,0.5617691102495288
travel_cost_per_distance=3.500000e-05,205,True,False,2.0,1.0,0.3225,4.080710482598101,0.8401840887081277,0.8165085390763696,0.8191921247364647,0.8165085390763696,0.6838800936325722
travel_cost_per_distance=3.500000e-05,206,True,False,2.0,1.0,0.3467777777777778,4.536546117195758,0.8921554796668912,0.7929075763617006,0.8301700476736104,0.7929075763617006,0.6217288846747822
travel_cost_per_distance=3.500000e-05,207,True,False,2.0,1.0,0.3195277777777778,4.111535264076073,0.8959950717870234,0.8356458630288723,0.8325966367284132,0.8325966367284132,0.6942301854664776
travel_cost_per_distance=3.500000e-05,208,True,False,2.0,1.0,0.33505555555555555,4.467065051410837,0.9161475217089292,0.85815717427935,0.7591881958380251,0.7591881958380251,0.5808152943671144
travel_cost_per_distance=3.500000e-05,209,True,False,2.0,1.0,0.3272777777777778,4.293808260921088,0.9329985479540659,0.8010366665419277,0.7305631004010071,0.7305631004010071,0.2886493674264637
travel_cost_per_distance=3.500000e-05,210,True,False,2.0,1.0,0.3171111111111111,4.011360089320279,0.8085475584867166,0.8028732021563552,0.7917239231830231,0.7917239231830231,0.6317958541494791
travel_cost_per_distance=3.500000e-05,211,True,False,2.0,1.0,0.3374166666666667,4.388887987937503,0.8598269354756793,0.8663238045398047,0.8201088495329861,0.8201088495329861,0.6054644590937192
travel_cost_per_distance=3.500000e-05,212,True,False,2.0,1.0,0.3462222222222222,4.514021104713082,0.8719658985355113,0.8407085028787137,0.805906076670079,0.805906076670079,0.6574926933543119
travel_cost_per_distance=3.500000e-05,213,True,False,2.0,1.0,0.33975000000000005,4.379539624737339,0.8683027477755073,0.7832963566976683,0.8092662985096456,0.7832963566976683,0.598339320600708
travel_cost_per_distance=3.500000e-05,214,True,False,2.0,1.0,0.3424166666666667,4.490772499716013,0.8998270127598603,0.8381281721695866,0.8790574044675096,0.8381281721695866,0.39027744777113565
travel_cost_per_distance=3.500000e-05,215,True,False,2.0,1.0,0.32175,4.189631985185229,0.875167681673863,0.8521667031182404,0.8037057735173795,0.8037057735173795,0.5769856025340397
travel_cost_per_distance=3.500000e-05,216,True,False,2.0,1.0,0.32933333333333337,4.270895369104606,0.8561539121864031,0.8505395226695766,0.7847323770436223,0.7847323770436223,0.49635229825857924
travel_cost_per_distance=3.500000e-05,217,True,False,2.0,1.0,0.32513888888888887,4.103168400669899,0.8104970582177827,0.8464720482298219,0.8015332391377468,0.8015332391377468,0.5048447860092311
travel_cost_per_distance=3.500000e-05,218,True,False,2.0,1.0,0.3224722222222222,4.059716499048988,0.8301345423173754,0.8105787939520054,0.796498606632062,0.796498606632062,0.7450524719198813
travel_cost_per_distance=3.500000e-05,219,False,False,0.9950028113305526,0.9950028113305526,0.32611111111111113,4.043413385977553,0.7960022490644421,0.8390792894321397,0.6925683855751701,0.6925683855751701,0.5182141669607637
travel_cost_per_distance=3.500000e-05,220,True,False,2.0,1.0,0.3323055555555555,4.335896718348719,0.9017472064118491,0.7847037821319564,0.676470989855852,0.676470989855852,0.45552896174131874
travel_cost_per_distance=3.500000e-05,221,True,False,2.0,1.0,0.33208333333333334,4.30935700712209,0.8761855298968653,0.8370554930621767,0.7011120409405425,0.7011120409405425,0.6920226784761742
travel_cost_per_distance=3.500000e-05,222,True,False,2.0,1.0,0.3473888888888889,4.5286349469142655,0.8767249700026027,0.7601545656706978,0.8636123650575834,0.7601545656706978,0.624592458931333
travel_cost_per_distance=3.500000e-05,223,True,False,2.0,1.0,0.3295833333333333,4.210775967808468,0.820861436250608,0.8357149610228182,0.8171550065119594,0.8171550065119594,0.6908140925709556
travel_cost_per_distance=3.500000e-05,224,False,False,0.3425413452657649,0.3425413452657649,0.3105,3.2592459834885785,0.47068493662950456,0.28919651671690094,0.17127067263288245,0.17127067263288245,0.494820777085287
travel_cost_per_distance=3.500000e-05,225,True,False,2.0,1.0,0.34647222222222224,4.505366315609538,0.8836864872433703,0.8481028520965681,0.6612594683588531,0.6612594683588531,0.3496219328270398
travel_cost_per_distance=3.500000e-05,226,True,False,2.0,1.0,0.3174166666666667,4.087559092484244,0.8695394496913204,0.8079319984791836,0.7471095006397752,0.7471095006397752,0.6889151986689953
travel_cost_per_distance=3.500000e-05,227,True,False,2.0,1.0,0.3340833333333333,4.297217013847891,0.8716836980943458,0.8250197929065991,0.8027891531164262,0.8027891531164262,0.6631776580140453
travel_cost_per_distance=3.500000e-05,228,True,False,2.0,1.0,0.3303333333333333,4.2347849177441494,0.8565873203481712,0.8459022796821338,0.8064772764703133,0.8064772764703133,0.5542398230708897
travel_cost_per_distance=3.500000e-05,229,True,False,2.0,1.0,0.33716666666666667,4.2938110462444445,0.8402939147086773,0.8656778177058521,0.8223458742055436,0.8223458742055436,0.8188961674970813
travel_cost_per_distance=3.500000e-05,230,True,False,2.0,1.0,0.3370277777777778,4.333204785401022,0.8400750771355574,0.7924239615759393,0.8184455211907097,0.7924239615759393,0.782917332508588
travel_cost_per_distance=3.500000e-05,231,True,False,2.0,1.0,0.3254722222222222,4.161651411444987,0.8381786343473226,0.807580300938506,0.7387141878051705,0.7387141878051705,0.5253602019519058
travel_cost_per_distance=3.500000e-05,232,True,False,2.0,1.0,0.34805555555555556,4.5642097338649235,0.867607440542912,0.8584903688470252,0.8557696535674052,0.8557696535674052,0.5364653545073185
travel_cost_per_distance=3.500000e-05,233,True,False,2.0,1.0,0.31933333333333336,4.135427419722333,0.8971177870880058,0.8025222599620427,0.7145306019295379,0.7145306019295379,0.7250846614837599
travel_cost_per_distance=3.500000e-05,234,True,False,2.0,1.0,0.3431666666666667,4.477796408789959,0.8799753838346811,0.8389892549097403,0.783709097016365,0.783709097016365,0.7393600980882358
travel_cost_per_distance=3.500000e-05,235,True,False,2.0,1.0,0.29205555555555557,3.6938449384773597,0.8292961820988567,0.7913413104211713,0.7209637705140088,0.7209637705140088,0.6063785406670644
travel_cost_per_distance=3.500000e-05,236,True,False,2.0,1.0,0.3299722222222222,4.210966982565173,0.8462469268059803,0.8479498110093184,0.7418372800402158,0.7418372800402158,0.41900760559370015
travel_cost_per_distance=3.500000e-05,237,True,False,2.0,1.0,0.32502777777777775,4.17803729922109,0.8478216884869372,0.7910874522306904,0.7351410834357854,0.7351410834357854,0.6116749951616983
travel_cost_per_distance=3.500000e-05,238,False,False,0.2783891223436228,0.2783891223436228,0.3221111111111111,3.0997225507987376,0.22271129787489824,0.15421479879874067,0.22991656221792167,0.15421479879874067,0.6945890519168524
travel_cost_per_distance=3.500000e-05,239,True,False,2.0,1.0,0.32261111111111107,4.191746283547908,0.8735462149293886,0.8858132744354897,0.8828660782254776,0.8828660782254776,0.322705529277883
travel_cost_per_distance=3.500000e-05,240,True,False,2.0,1.0,0.3204722222222222,4.115667980462783,0.8740548188443332,0.8320318934656853,0.6668036684535769,0.6668036684535769,0.2738344737756468
travel_cost_per_distance=3.500000e-05,241,True,False,2.0,1.0,0.33894444444444444,4.486882354237695,0.8777842205810816,0.9182333418415305,0.7589600249137068,0.7589600249137068,0.3330285059953964
travel_cost_per_distance=3.500000e-05,242,True,False,2.0,1.0,0.3025277777777778,3.7514001911689205,0.8087534621282606,0.838455344294766,0.7700252567494255,0.7700252567494255,0.7496115948994071
travel_cost_per_distance=3.500000e-05,243,True,False,2.0,1.0,0.3416111111111111,4.425139415613697,0.8800803862230964,0.7691200404046261,0.7166150252909033,0.7166150252909033,0.7861391037239156
travel_cost_per_distance=3.500000e-05,244,True,False,2.0,1.0,0.33894444444444444,4.397744580723951,0.865785704612652,0.844344244924777,0.8378911508880446,0.8378911508880446,0.4959631207013564
travel_cost_per_distance=3.500000e-05,245,True,False,2.0,1.0,0.345,4.507045550297483,0.8856211351117195,0.8436381911178262,0.748814919877691,0.748814919877691,0.5308151016610079
travel_cost_per_distance=3.500000e-05,246,True,False,2.0,1.0,0.3318888888888889,4.223747861866993,0.8454759272712414,0.834447058909191,0.721965147713858,0.721965147713858,0.7322190683183337
travel_cost_per_distance=3.500000e-05,247,True,False,2.0,1.0,0.3256111111111111,4.211306208895191,0.8691326095076283,0.8009868372955399,0.7556413689283038,0.7556413689283038,0.5453972475712707
travel_cost_per_distance=3.500000e-05,248,True,False,2.0,1.0,0.3256111111111111,4.169462042473779,0.8218632252643887,0.8316129898761357,0.74875729460795,0.74875729460795,0.2033236193451318
travel_cost_per_distance=3.500000e-05,249,True,False,2.0,1.0,0.3502222222222222,4.491262492198225,0.8266530302783883,0.8624502223351215,0.8587642769372318,0.8587642769372318,0.7730392625641077
travel_cost_per_distance=3.500000e-05,250,True,False,2.0,1.0,0.34375,4.380435796376261,0.8226990523629675,0.828988892631211,0.8021057737957757,0.8021057737957757,0.5200360242657763
travel_cost_per_distance=3.500000e-05,251,True,False,2.0,1.0,0.338,4.373731561954724,0.8585519631145248,0.7912228566302602,0.6858169069826793,0.6858169069826793,0.6566580961663259
travel_cost_per_distance=3.500000e-05,252,True,False,2.0,1.0,0.3346666666666666,4.353893695584745,0.8642321471024024,0.8341145465863202,0.8290493665358479,0.8290493665358479,0.7013041560686397
travel_cost_per_distance=3.500000e-05,253,True,False,2.0,1.0,0.32219444444444445,4.100495360482891,0.8648020565957619,0.8277843636009233,0.8767277772511531,0.8277843636009233,0.44384679486803613
travel_cost_per_distance=3.500000e-05,254,True,False,2.0,1.0,0.31355555555555553,3.894050193781855,0.8461806645343887,0.8523944517078876,0.8003578424285461,0.8003578424285461,0.47114555520974943
travel_cost_per_distance=3.500000e-05,255,False,False,0.7000277856020001,0.7000277856020001,0.30430555555555555,3.4810116457046134,0.6812165211292953,0.41319709892098655,0.35001389280100004,0.35001389280100004,0.6469641269649195
travel_cost_per_distance=3.500000e-05,256,True,False,2.0,1.0,0.35747222222222225,4.738955951558114,0.9022311407645707,0.8230008966882599,0.7644019678080191,0.7644019678080191,0.6688466397676343
travel_cost_per_distance=3.500000e-05,257,True,False,2.0,1.0,0.3457222222222222,4.543823749869193,0.8699411228647332,0.8801745829424977,0.8545749650407387,0.8545749650407387,0.6967896801535374
travel_cost_per_distance=3.500000e-05,258,True,False,2.0,1.0,0.34436111111111106,4.507979014603122,0.8851415990801476,0.8175856326442952,0.7272471489410042,0.7272471489410042,0.7851404492508269
travel_cost_per_distance=3.500000e-05,259,True,False,2.0,1.0,0.3412777777777778,4.480928437660623,0.8769133586275168,0.8183482022652723,0.8221098631429176,0.8183482022652723,0.7668823369934665
travel_cost_per_distance=3.500000e-05,260,True,False,2.0,1.0,0.3211388888888889,4.099180111577877,0.8586652024054896,0.8186330198319068,0.7701983011005339,0.7701983011005339,0.5881566217902355
travel_cost_per_distance=3.500000e-05,261,True,False,2.0,1.0,0.3377777777777778,4.392129622099622,0.8660818915258841,0.7744067873842216,0.7331896389280855,0.7331896389280855,0.3687934547614027
travel_cost_per_distance=3.500000e-05,262,False,False,0.994543999065969,0.994543999065969,0.33597222222222217,4.226388633236438,0.7956351992527753,0.8469924956570299,0.8166138344840912,0.8166138344840912,0.6935682987237618
travel_cost_per_distance=3.500000e-05,263,False,False,0.3066597340493775,0.3066597340493775,0.31672222222222224,3.240818663615217,0.3790396258429728,0.15332986702468876,0.24641780344467798,0.15332986702468876,0.6029524237862529
travel_cost_per_distance=3.500000e-05,264,False,False,0.8929506838296917,0.8929506838296917,0.3198611111111111,3.8058323900182147,0.7143605470637534,0.9265336943241954,0.8416473967625032,0.8416473967625032,0.5338699988441795
travel_cost_per_distance=3.500000e-05,265,True,False,2.0,1.0,0.3470833333333333,4.509276172186143,0.8589216553276898,0.8108944357383346,0.8150241870130138,0.8108944357383346,0.4255989264559351
travel_cost_per_distance=3.500000e-05,266,True,False,2.0,1.0,0.3413333333333333,4.410320145395986,0.8659532996644956,0.846629184463016,0.7876779609514041,0.7876779609514041,0.39300272200334463
travel_cost_per_distance=3.500000e-05,267,True,False,2.0,1.0,0.3258888888888889,4.103887769251277,0.8150615634616393,0.7871896172461107,0.6915425853941266,0.6915425853941266,0.6141328955046064
travel_cost_per_distance=3.500000e-05,268,True,False,2.0,1.0,0.33691666666666664,4.408349341110845,0.8973959420902848,0.8346094062258177,0.8676873490614576,0.8346094062258177,0.351293180416438
travel_cost_per_distance=3.500000e-05,269,True,False,2.0,1.0,0.3233611111111111,4.073733717810127,0.8363021005103085,0.835551084999398,0.6838964600272667,0.6838964600272667,0.6821857614002951
travel_cost_per_distance=3.500000e-05,270,True,False,2.0,1.0,0.3269444444444444,4.222513536950818,0.8616234431506484,0.8790049618220742,0.7607502287991037,0.7607502287991037,0.7739296755577543
travel_cost_per_distance=3.500000e-05,271,True,False,2.0,1.0,0.33644444444444443,4.334823150742791,0.8486375046390616,0.809906939457264,0.8096780849106425,0.8096780849106425,0.5609619184103913
travel_cost_per_distance=3.500000e-05,272,True,False,2.0,1.0,0.33233333333333337,4.301378933371372,0.8794532441034922,0.8107557756292804,0.6295634209813216,0.6295634209813216,0.6730265147142163
travel_cost_per_distance=3.500000e-05,273,True,False,2.0,1.0,0.3431111111111111,4.469350474309758,0.867782721936342,0.8323579330079497,0.839718662657146,0.8323579330079497,0.6305303594452855
travel_cost_per_distance=3.500000e-05,274,True,False,2.0,1.0,0.33002777777777775,4.275954640869599,0.8666371766526304,0.8182084551551152,0.6870207996918904,0.6870207996918904,0.42915992396124486
travel_cost_per_distance=3.500000e-05,275,True,False,2.0,1.0,0.3413611111111111,4.407618569504412,0.8506273174714074,0.8457631796049812,0.8086853629058339,0.8086853629058339,0.24401216276156557
travel_cost_per_distance=3.500000e-05,276,True,False,2.0,1.0,0.34861111111111115,4.462698616392206,0.8054733984539214,0.9195158138957993,0.7832022916221617,0.7832022916221617,0.5069887774968285
travel_cost_per_distance=3.500000e-05,277,False,False,0.9993882485352342,0.9993882485352342,0.3257222222222222,4.0746054941264855,0.7995105988281874,0.8327997009930136,0.8224604843745665,0.8224604843745665,0.8024920150623929
travel_cost_per_distance=3.500000e-05,278,True,False,2.0,1.0,0.3215833333333333,4.054717059387645,0.8510469819012709,0.7958999611515919,0.7510646282587172,0.7510646282587172,0.3507866481661815
travel_cost_per_distance=3.500000e-05,279,True,False,2.0,1.0,0.32111111111111107,4.082006401178995,0.8773850085828783,0.7627744265397813,0.6946310935162306,0.6946310935162306,0.32507817942585476
travel_cost_per_distance=3.500000e-05,280,False,False,0.9631255367873944,0.9631255367873944,0.28430555555555553,3.4182762571564256,0.7705004294299156,0.6848852148927376,0.7658179196867357,0.6848852148927376,0.2890237201007285
travel_cost_per_distance=3.500000e-05,281,True,False,2.0,1.0,0.34152777777777776,4.479605500692734,0.8712691530774443,0.8275811002990265,0.7778002011848939,0.7778002011848939,0.7790604419220581
travel_cost_per_distance=3.500000e-05,282,True,False,2.0,1.0,0.33666666666666667,4.315661588020577,0.8723942010256805,0.8307071756346959,0.6579439510277854,0.6579439510277854,0.5942955447378789
travel_cost_per_distance=3.500000e-05,283,True,False,2.0,1.0,0.33544444444444443,4.31730925970171,0.8761149008409324,0.8393476240675768,0.6782438065658779,0.6782438065658779,0.7293026852834519
travel_cost_per_distance=3.500000e-05,284,True,False,2.0,1.0,0.32780555555555557,4.249015772587205,0.8854694366771725,0.7948703072055993,0.8156124167215443,0.7948703072055993,0.5418474821667739
travel_cost_per_distance=3.500000e-05,285,True,False,2.0,1.0,0.3153611111111111,3.962952935043249,0.8560704204546147,0.8619780191293498,0.7477638310167954,0.7477638310167954,0.5188695871489626
travel_cost_per_distance=3.500000e-05,286,True,False,2.0,1.0,0.3206111111111111,4.126009001676734,0.8754060684105008,0.7915339595300579,0.8238435656071936,0.7915339595300579,0.43370750155456766
travel_cost_per_distance=3.500000e-05,287,True,False,2.0,1.0,0.3256388888888889,4.089439694375755,0.8208421334611575,0.8287729151112322,0.6849143673233531,0.6849143673233531,0.4727008187621458
travel_cost_per_distance=3.500000e-05,288,True,False,2.0,1.0,0.314,3.8892399189342366,0.8210505876213182,0.8297334235188935,0.7870804222885287,0.7870804222885287,0.5961952794688118
travel_cost_per_distance=3.500000e-05,289,True,False,2.0,1.0,0.3249166666666667,4.186659748046893,0.8757686045255257,0.8180142837762676,0.727867291165218,0.727867291165218,0.23210197764643
travel_cost_per_distance=3.500000e-05,290,False,False,0.4774776788346199,0.4774776788346199,0.32658333333333334,3.4220476460874774,0.41957530054028236,0.35522552698361226,0.23873883941730994,0.23873883941730994,0.5992214160795905
travel_cost_per_distance=3.500000e-05,291,True,False,2.0,1.0,0.3227777777777778,4.165631839353132,0.8568293911577949,0.8117907115444378,0.7895059183503891,0.7895059183503891,0.4816423832796293
travel_cost_per_distance=3.500000e-05,292,True,False,2.0,1.0,0.3377222222222222,4.3676673069413505,0.8794567475407196,0.8258169368961744,0.7665966942558495,0.7665966942558495,0.6689897203267592
travel_cost_per_distance=3.500000e-05,293,True,False,2.0,1.0,0.31263888888888886,3.923432633604305,0.8696360023012872,0.7877631770355854,0.7509159235127306,0.7509159235127306,0.6110023223681053
travel_cost_per_distance=3.500000e-05,294,False,False,0.8844104759624904,0.8844104759624904,0.29330555555555554,3.7864303214834325,0.896480122986446,0.7571739479823943,0.4422052379812452,0.4422052379812452,0.3679711674636075
travel_cost_per_distance=3.500000e-05,295,True,False,2.0,1.0,0.30977777777777776,3.9055276630117093,0.8485845282556252,0.7948482308202249,0.7046067862043845,0.7046067862043845,0.6486348964462535
travel_cost_per_distance=3.500000e-05,296,True,False,2.0,1.0,0.3425,4.442134085836129,0.8655062540960343,0.8408692165748003,0.82566235677623,0.82566235677623,0.47574838680469367
travel_cost_per_distance=3.500000e-05,297,True,False,2.0,1.0,0.3291944444444444,4.219445289755108,0.8225356794587525,0.739495101795093,0.7719747263371811,0.739495101795093,0.7690985947070951
travel_cost_per_distance=3.500000e-05,298,False,False,0.9969087868553947,0.9969087868553947,0.31086111111111114,3.924546442182563,0.7975270294843159,0.8229125071522201,0.8662907752191428,0.8229125071522201,0.3330480986010144
travel_cost_per_distance=3.500000e-05,299,True,False,2.0,1.0,0.3359722222222222,4.3458520612762745,0.8546132737112478,0.8110068485636844,0.7085818614749849,0.7085818614749849,0.5298938162037249
mutation_sd=0.0400,200,False,False,0.8334387669185476,0.8334387669185476,0.2743333333333334,3.988337889160902,0.9234666402511826,0.4167193834592738,0.5537596423909333,0.4167193834592738,0.8416270425327543
mutation_sd=0.0400,201,False,False,0.28603499246516856,0.28603499246516856,0.27022222222222225,3.58017545536063,0.6918057050004299,0.14301749623258428,0.295786566235706,0.14301749623258428,0.668904047143272
mutation_sd=0.0400,202,True,False,2.0,1.0,0.32019444444444445,4.734638802087352,0.8832601279752412,0.8352283413474364,0.5617805492860459,0.5617805492860459,0.8206261403101293
mutation_sd=0.0400,203,False,False,0.9680680316908886,0.9680680316908886,0.3124166666666667,4.426537276699676,0.7953747525732191,0.4840340158454443,0.4851677787068865,0.4840340158454443,0.9127855875799575
mutation_sd=0.0400,204,False,False,0.22960043925387488,0.22960043925387488,0.2705,3.66478359116626,0.7400301114015239,0.15637236829161744,0.11480021962693744,0.11480021962693744,0.8193813732741883
mutation_sd=0.0400,205,False,False,0.6249174689584629,0.6249174689584629,0.27011111111111114,3.8688112112695734,0.8914488673852187,0.49257513968316025,0.31245873447923145,0.31245873447923145,0.7588124505494716
mutation_sd=0.0400,206,False,False,0.6686254661227091,0.6686254661227091,0.27622222222222226,3.8881616143822253,0.8476904639112555,0.33431273306135456,0.37664131624600666,0.33431273306135456,0.5610212052863628
mutation_sd=0.0400,207,True,False,2.0,1.0,0.36830555555555555,5.62553640703128,0.9311263072140975,0.8639600042325181,0.5265812577308394,0.5265812577308394,0.9290740275278647
mutation_sd=0.0400,208,False,False,0.1987613391488669,0.1987613391488669,0.3568888888888889,3.889557900739562,0.15900907131909353,0.13243629593335524,0.1402495015824788,0.13243629593335524,0.8276950128036165
mutation_sd=0.0400,209,False,False,0.4867914768815062,0.4867914768815062,0.3020555555555556,4.355801879083666,0.8711763293718476,0.4823475481651052,0.2433957384407531,0.2433957384407531,0.35630479646795676
mutation_sd=0.0400,210,False,False,0.3019125989557015,0.3019125989557015,0.3680555555555555,4.186138194359222,0.2415300791645612,0.22031834972497222,0.1672434935912227,0.1672434935912227,0.8108590219660863
mutation_sd=0.0400,211,False,False,0.4329705645037261,0.4329705645037261,0.2855,3.8979812192948873,0.7575068437255682,0.26768893072587713,0.21648528225186306,0.21648528225186306,0.5829250561355166
mutation_sd=0.0400,212,True,False,2.0,1.0,0.3,4.2920535914081235,0.8532413907301662,0.6205843097998788,0.711516865582023,0.6205843097998788,0.7718904637592873
mutation_sd=0.0400,213,False,False,0.47377044340900837,0.47377044340900837,0.2643611111111111,3.675049234549156,0.7846308891181006,0.23688522170450418,0.4220365594358384,0.23688522170450418,0.5252914601397751
mutation_sd=0.0400,214,True,False,2.0,1.0,0.3372777777777778,4.983334118759026,0.8551395580923333,0.8938800879148872,0.6283544950506111,0.6283544950506111,0.3437618944643813
mutation_sd=0.0400,215,False,False,0.2737334556455527,0.2737334556455527,0.274,3.973306545263303,0.9001458143565344,0.2615954922409841,0.13686672782277634,0.13686672782277634,0.7952984024974776
mutation_sd=0.0400,216,False,False,0.13270365800676984,0.13270365800676984,0.29286111111111107,3.8378389937551702,0.653490575017022,0.06635182900338492,0.119586517532099,0.06635182900338492,0.6946165546452547
mutation_sd=0.0400,217,False,False,0.33401792408952985,0.33401792408952985,0.34038888888888885,3.8476784012135536,0.2672143392716239,0.3099574332690695,0.1879595167171349,0.1879595167171349,0.7099369712613706
mutation_sd=0.0400,218,False,False,0.3769542520100357,0.3769542520100357,0.2735,3.9869090862265324,0.9083672105273303,0.31150238456830837,0.18847712600501784,0.18847712600501784,0.5532365868730023
mutation_sd=0.0400,219,False,False,0.5910866230151233,0.5910866230151233,0.35027777777777774,5.336981130699678,0.9568489204269877,0.7696705714653228,0.29554331150756163,0.29554331150756163,0.7919094129323786
mutation_sd=0.0400,220,True,False,2.0,1.0,0.3396111111111111,5.09905293154132,0.9090832480545004,0.8939219818707452,0.7115157040084842,0.7115157040084842,0.7931139931316179
mutation_sd=0.0400,221,False,False,0.573475944410538,0.573475944410538,0.2711111111111111,3.775500510184862,0.8171862128566649,0.286737972205269,0.36822503237377785,0.286737972205269,0.4985538841124478
mutation_sd=0.0400,222,False,False,0.42473144824569303,0.42473144824569303,0.3513611111111111,4.138930842446091,0.33978515859655445,0.23597668371342764,0.2885555277171844,0.23597668371342764,0.5145476609017119
mutation_sd=0.0400,223,False,False,0.4634251582091929,0.4634251582091929,0.28452777777777777,4.119587198764126,0.8860735654608358,0.45148826478397314,0.23171257910459644,0.23171257910459644,0.819126041265855
mutation_sd=0.0400,224,False,False,0.18071327734914497,0.18071327734914497,0.34838888888888886,3.952377126824906,0.25993758525668287,0.09035663867457248,0.34520914731850855,0.09035663867457248,0.710752521885101
mutation_sd=0.0400,225,False,False,0.6279015664655955,0.6279015664655955,0.3188888888888889,4.723465847951217,0.9139723026995509,0.8151891838318487,0.31395078323279774,0.31395078323279774,0.8856683010674108
mutation_sd=0.0400,226,False,False,0.16869684354820316,0.16869684354820316,0.33716666666666667,4.205025283703854,0.4829369392852902,0.08434842177410158,0.1466745962425216,0.08434842177410158,0.36602728140407065
mutation_sd=0.0400,227,False,False,0.7021549199095892,0.7021549199095892,0.3150277777777778,4.034533623981443,0.5617239359276714,0.42487864480176873,0.3521896346938108,0.3521896346938108,0.8355555585975749
mutation_sd=0.0400,228,False,False,0.2211960736749151,0.2211960736749151,0.26641666666666663,3.752947376646943,0.8523704674979434,0.11059803683745754,0.22235366565635786,0.11059803683745754,0.28604043250085864
mutation_sd=0.0400,229,True,False,2.0,1.0,0.3293055555555556,4.95979220825432,0.9122090077983452,0.9148868805582745,0.8561698309954282,0.8561698309954282,0.5335102757489452
mutation_sd=0.0400,230,False,False,0.4143304101498088,0.4143304101498088,0.26152777777777775,3.6633501588347497,0.8194028679238652,0.2734268048521549,0.2071652050749044,0.2071652050749044,0.9169056341342754
mutation_sd=0.0400,231,False,False,0.21091170913122634,0.21091170913122634,0.35938888888888887,4.178037026034529,0.3114298544451645,0.13128866194746333,0.10545585456561317,0.10545585456561317,0.7096359772914962
mutation_sd=0.0400,232,False,False,0.2991451033993541,0.2991451033993541,0.27016666666666667,3.9175486666420545,0.931013500011041,0.14957255169967704,0.2883124375608216,0.14957255169967704,0.6456275915957714
mutation_sd=0.0400,233,False,False,0.4631611134750602,0.4631611134750602,0.32813888888888887,4.080146783377976,0.5237283786982041,0.2315805567375301,0.2561034262410377,0.2315805567375301,0.5959979117914977
mutation_sd=0.0400,234,False,False,0.19144584048399002,0.19144584048399002,0.28425,3.7528927997544925,0.6731741263667339,0.09572292024199501,0.1412215864702131,0.09572292024199501,0.3139479667204049
mutation_sd=0.0400,235,False,False,0.6802170847493102,0.6802170847493102,0.2886111111111111,4.184698094420006,0.9051202780928801,0.46462597138555856,0.3401085423746551,0.3401085423746551,0.494702505365673
mutation_sd=0.0400,236,False,False,0.9063408694974531,0.9063408694974531,0.2791944444444444,4.0505011489061875,0.8986117776515952,0.45317043474872654,0.6078511995640395,0.45317043474872654,0.5343257496226539
mutation_sd=0.0400,237,False,False,0.8877310385706364,0.8877310385706364,0.2925277777777778,4.171346398416428,0.8454852680083512,0.6796542847338062,0.4438655192853182,0.4438655192853182,0.40836317515296183
mutation_sd=0.0400,238,True,False,2.0,1.0,0.35052777777777777,5.329642534432766,0.9210334657342697,0.8461458886624945,0.8307793462441219,0.8307793462441219,0.48940668142845306
mutation_sd=0.0400,239,False,False,0.36360572554636195,0.36360572554636195,0.30038888888888887,3.932033388076315,0.6550072261955594,0.22743005238797756,0.18180286277318097,0.18180286277318097,0.831428258044556
mutation_sd=0.0400,240,False,False,0.49571505331547827,0.49571505331547827,0.33205555555555555,4.137414258148432,0.4742935804311526,0.24785752665773914,0.2613972468741608,0.24785752665773914,0.22906211049617262
mutation_sd=0.0400,241,False,False,0.5968344041651356,0.5968344041651356,0.2678055555555556,3.852034926408706,0.894952542459285,0.31517923106341156,0.2984172020825678,0.2984172020825678,0.5663735640353881
mutation_sd=0.0400,242,False,False,0.34652094305884507,0.34652094305884507,0.2748333333333333,4.007606561175015,0.9359921287729929,0.18840735541260095,0.17326047152942253,0.17326047152942253,0.7099527180139137
mutation_sd=0.0400,243,False,False,0.2042938140345912,0.2042938140345912,0.35747222222222225,3.961429936142165,0.18330689385313784,0.1021469070172956,0.10584215213999304,0.1021469070172956,0.5397354127793126
mutation_sd=0.0400,244,False,False,0.5715916372041389,0.5715916372041389,0.2788888888888889,3.7649953100883793,0.7532740157907963,0.3323346338066571,0.28579581860206943,0.28579581860206943,0.9034426722023224
mutation_sd=0.0400,245,False,False,0.7087020654319446,0.7087020654319446,0.29694444444444446,4.181049017738878,0.8186075562570232,0.41531882247925067,0.3543510327159723,0.3543510327159723,0.8054936749628933
mutation_sd=0.0400,246,False,False,0.3227753960807577,0.3227753960807577,0.33427777777777773,4.012935532832216,0.3940704071793599,0.16138769804037886,0.2291562830252598,0.16138769804037886,0.7960239069586368
mutation_sd=0.0400,247,False,False,0.22922321492562564,0.22922321492562564,0.3685555555555556,4.072252462014442,0.18337857194050053,0.18744873601839585,0.2929319892106064,0.18744873601839585,0.5243888723425639
mutation_sd=0.0400,248,True,False,2.0,1.0,0.3598055555555556,5.44494107283514,0.9079491828591576,0.8449123739992711,0.8352914183240149,0.8352914183240149,0.7963780080640722
mutation_sd=0.0400,249,False,False,0.5177566098215025,0.5177566098215025,0.27788888888888885,4.0742213187737795,0.9228560466392409,0.642359917014786,0.25887830491075126,0.25887830491075126,0.7286674146154033
mutation_sd=0.0400,250,False,False,0.20682535167900637,0.20682535167900637,0.2883888888888889,3.9004229667402837,0.774059924411217,0.10341267583950318,0.11107883841198356,0.10341267583950318,0.8330502045061086
mutation_sd=0.0400,251,False,False,0.5764504715648512,0.5764504715648512,0.3006388888888889,3.948208334071595,0.6579454996432479,0.32658371981606266,0.2882252357824256,0.2882252357824256,0.7722414388959321
mutation_sd=0.0400,252,False,False,0.21119647204993536,0.21119647204993536,0.37425,4.4373094579980705,0.33318862942504085,0.1561083329144651,0.10559823602496768,0.10559823602496768,0.44889673519220596
mutation_sd=0.0400,253,False,False,0.24510595662221057,0.24510595662221057,0.2700833333333333,3.7851316419229755,0.8144240222790798,0.32358323738384837,0.12255297831110529,0.12255297831110529,0.6553561876670637
mutation_sd=0.0400,254,False,False,0.7810527337620754,0.7810527337620754,0.2906944444444444,4.234870906787526,0.8959329911891343,0.6618213342705047,0.3905263668810377,0.3905263668810377,0.6795923688470954
mutation_sd=0.0400,255,True,False,2.0,1.0,0.27972222222222226,4.001819815723031,0.8575307017297198,0.7445516674264334,0.5050679419420427,0.5050679419420427,0.589585876321575
mutation_sd=0.0400,256,False,False,0.7494230528856679,0.7494230528856679,0.30177777777777776,4.025562612074972,0.6657356675255385,0.511867366230148,0.37471152644283395,0.37471152644283395,0.32437598521132405
mutation_sd=0.0400,257,True,False,2.0,1.0,0.28580555555555553,4.2118900092349,0.9302079565890715,0.5221029705562991,0.5936173403849797,0.5221029705562991,0.1463759346345018
mutation_sd=0.0400,258,False,False,0.28016234324287115,0.28016234324287115,0.3302222222222222,4.133208110534223,0.5043654207338961,0.14169662629341662,0.14008117162143557,0.14008117162143557,0.6947877902531684
mutation_sd=0.0400,259,False,False,0.6100483154530532,0.6100483154530532,0.3173888888888889,4.307529879622623,0.6921638808387559,0.3050241577265266,0.3195285045415101,0.3050241577265266,0.5940437586650318
mutation_sd=0.0400,260,False,False,0.2237027771710636,0.2237027771710636,0.3413611111111111,4.043407269266282,0.3418688227517792,0.1118513885855318,0.1582612560762109,0.1118513885855318,0.6074546533421944
mutation_sd=0.0400,261,False,False,0.8142540864372613,0.8142540864372613,0.32091666666666663,4.7170969335576505,0.8870193660436675,0.6765079946864545,0.40712704321863064,0.40712704321863064,0.7986837723724246
mutation_sd=0.0400,262,False,False,0.1365710508163444,0.1365710508163444,0.34947222222222224,4.327526464610003,0.44419222115056267,0.08845207022410802,0.0682855254081722,0.0682855254081722,0.7406406315763437
mutation_sd=0.0400,263,False,False,0.3913438352679836,0.3913438352679836,0.3431111111111111,3.9275935948431333,0.3130750682143869,0.23718735783877778,0.26854367585566236,0.23718735783877778,0.5908727193174464
mutation_sd=0.0400,264,True,False,2.0,1.0,0.3518611111111111,5.3131915219797134,0.9052001418736032,0.806682667106412,0.6821804297774662,0.6821804297774662,0.885656567291392
mutation_sd=0.0400,265,False,False,0.214791173522592,0.214791173522592,0.37686111111111115,4.359725317341161,0.26787537231998915,0.19498639070777074,0.107395586761296,0.107395586761296,0.5891942967711056
mutation_sd=0.0400,266,True,False,2.0,1.0,0.2703611111111111,3.854963091744293,0.8771910434698074,0.5038069339853125,0.8327916846356573,0.5038069339853125,0.8972436164493698
mutation_sd=0.0400,267,False,False,0.8959386040244938,0.8959386040244938,0.3139444444444444,4.569453239062866,0.8804077101698538,0.6996364050641172,0.4479693020122469,0.4479693020122469,0.866037658503085
mutation_sd=0.0400,268,False,False,0.3286336354818307,0.3286336354818307,0.32255555555555554,3.883177649475891,0.4097350345382071,0.1655697572788764,0.16431681774091536,0.16431681774091536,0.6556708816210028
mutation_sd=0.0400,269,False,False,0.9074694771477795,0.9074694771477795,0.33244444444444443,4.982896051571242,0.921627458366448,0.8128496002328103,0.45373473857388974,0.45373473857388974,0.7124406748226163
mutation_sd=0.0400,270,False,False,0.26412395666062877,0.26412395666062877,0.3337777777777778,4.099098492784184,0.4458079112355352,0.13206197833031438,0.2219599358776882,0.13206197833031438,0.8400781842078378
mutation_sd=0.0400,271,False,False,0.32325575520743655,0.32325575520743655,0.27219444444444446,3.9124256853162964,0.87683098163078,0.16162787760371827,0.167373155349751,0.16162787760371827,0.7658931230833329
mutation_sd=0.0400,272,False,False,0.6366278993064913,0.6366278993064913,0.30486111111111114,3.9998304972210983,0.6353535488040969,0.3734186482527703,0.31831394965324566,0.31831394965324566,0.5769210639622435
mutation_sd=0.0400,273,False,False,0.3736340855297717,0.3736340855297717,0.26966666666666667,3.7725044117373985,0.8315842211866739,0.18681704276488584,0.2140075448568817,0.18681704276488584,0.31154917373898094
mutation_sd=0.0400,274,False,False,0.5943004651851926,0.5943004651851926,0.2751388888888889,3.9926906941848888,0.9057648878608565,0.4196794344120302,0.2971502325925963,0.2971502325925963,0.4822558572367012
mutation_sd=0.0400,275,True,False,2.0,1.0,0.35694444444444445,5.4505696759179045,0.9353701359560559,0.8798682930324866,0.5772172382768708,0.5772172382768708,0.851655311354645
mutation_sd=0.0400,276,False,False,0.7238514270410837,0.7238514270410837,0.3103611111111111,4.606909327302898,0.92398812160651,0.8339040835764777,0.36192571352054187,0.36192571352054187,0.4331375034504162
mutation_sd=0.0400,277,False,False,0.18667301704390185,0.18667301704390185,0.32519444444444445,4.007720357489259,0.4865165325841169,0.09905629513341596,0.09333650852195093,0.09333650852195093,0.7677475231347862
mutation_sd=0.0400,278,False,False,0.2793656887187306,0.2793656887187306,0.3676388888888889,4.148602946615123,0.22349255097498447,0.15966072385413224,0.29645930067644016,0.15966072385413224,0.8460021266209483
mutation_sd=0.0400,279,False,False,0.4297427174669835,0.4297427174669835,0.27569444444444446,3.7518125399009588,0.773183962253032,0.21487135873349175,0.2173925489104141,0.21487135873349175,0.5944135289457336
mutation_sd=0.0400,280,False,False,0.21765488713612188,0.21765488713612188,0.36016666666666663,3.9417344973411415,0.17412390970889752,0.21741674079381262,0.17149716974449186,0.17149716974449186,0.7512141233242263
mutation_sd=0.0400,281,True,False,2.0,1.0,0.35175,5.280555458007601,0.8837201728784189,0.9017719052759673,0.6365124415297932,0.6365124415297932,0.7648465931037104
mutation_sd=0.0400,282,False,False,0.2818953803354431,0.2818953803354431,0.34675,3.9851967157752055,0.27586609856710004,0.14425480536076632,0.14094769016772155,0.14094769016772155,0.8820168324504457
mutation_sd=0.0400,283,True,False,2.0,1.0,0.29347222222222225,4.3762127298688265,0.9461749903420172,0.7797095800110034,0.5503383892438278,0.5503383892438278,0.7727461865856267
mutation_sd=0.0400,284,False,False,0.9332390608406805,0.9332390608406805,0.29647222222222225,4.106444956512933,0.7586146357051837,0.7739708977978016,0.46661953042034027,0.46661953042034027,0.7431650804399634
mutation_sd=0.0400,285,False,False,0.4370126916105068,0.4370126916105068,0.3200277777777778,4.093818807336957,0.5805504987409706,0.28558496904173886,0.2185063458052534,0.2185063458052534,0.6557229122278649
mutation_sd=0.0400,286,False,False,0.40851253905984325,0.40851253905984325,0.26916666666666667,3.8735002930595375,0.8795128223310621,0.39825316531740257,0.20425626952992162,0.20425626952992162,0.7403619824391551
mutation_sd=0.0400,287,False,False,0.34547793484073724,0.34547793484073724,0.29930555555555555,3.9425861830832423,0.6684880225920785,0.284052165109272,0.17273896742036862,0.17273896742036862,0.7650228677870591
mutation_sd=0.0400,288,False,False,0.3471257221107372,0.3471257221107372,0.3205555555555556,3.773611707772738,0.34062273749233424,0.1735628610553686,0.20751060414426298,0.1735628610553686,0.2334185727709235
mutation_sd=0.0400,289,False,False,0.21747837477427254,0.21747837477427254,0.36316666666666664,4.131664039178479,0.2440017346100333,0.10873918738713627,0.13791243793784344,0.10873918738713627,0.45568333388600757
mutation_sd=0.0400,290,False,False,0.3501143437068637,0.3501143437068637,0.30025,4.223808543217126,0.8009658533195928,0.4332800358261447,0.17505717185343184,0.17505717185343184,0.6707522854014856
mutation_sd=0.0400,291,True,False,2.0,1.0,0.30627777777777776,4.59379076277222,0.9418805360359065,0.8931590410928757,0.5317972897976921,0.5317972897976921,0.7419938783558867
mutation_sd=0.0400,292,False,False,0.19346446980680376,0.19346446980680376,0.32816666666666666,3.917561034423154,0.3960620426828288,0.10783925220419516,0.09673223490340188,0.09673223490340188,0.8046633489852852
mutation_sd=0.0400,293,False,False,0.25358535062991167,0.25358535062991167,0.27069444444444446,3.891626168689112,0.8719241025073906,0.12679267531495583,0.22950100973511103,0.12679267531495583,0.6885672329870017
mutation_sd=0.0400,294,False,False,0.5247907761688225,0.5247907761688225,0.29986111111111113,4.1539459907468235,0.7537683093432415,0.4299338069119026,0.26239538808441126,0.26239538808441126,0.9229983186528165
mutation_sd=0.0400,295,False,False,0.38502288898132603,0.38502288898132603,0.33525,3.8993457110229035,0.35364342919934183,0.19251144449066301,0.33339949117354767,0.19251144449066301,0.6265244128916588
mutation_sd=0.0400,296,False,False,0.594513356711932,0.594513356711932,0.2768611111111111,3.884063347098759,0.8278481178458461,0.297256678355966,0.3606240889428218,0.297256678355966,0.783109643773077
mutation_sd=0.0400,297,False,False,0.32139947676333036,0.32139947676333036,0.2825277777777778,4.074889431506855,0.9213158738120072,0.4057952154685031,0.16069973838166518,0.16069973838166518,0.8506193298335651
mutation_sd=0.0400,298,False,False,0.33412939447124707,0.33412939447124707,0.3524444444444444,4.024837638671863,0.26730351557699766,0.2463162235839237,0.2502734902124003,0.2463162235839237,0.7789057827966146
mutation_sd=0.0400,299,False,False,0.26849541721062153,0.26849541721062153,0.34902777777777777,3.922123550836007,0.25678056271167854,0.16587395741899724,0.13424770860531077,0.13424770860531077,0.797940454329089
mutation_sd=0.0600,200,True,False,2.0,1.0,0.3280277777777778,4.844911713682127,0.8807858584433637,0.7146201502067246,0.7006737140660735,0.7006737140660735,0.7430291879459093
mutation_sd=0.0600,201,True,False,2.0,1.0,0.35480555555555554,5.286546867488201,0.8682314948474036,0.8889324167911059,0.8614675115421883,0.8614675115421883,0.4245345563207568
mutation_sd=0.0600,202,True,False,2.0,1.0,0.3447777777777778,5.164839701357107,0.8819984776929182,0.8444529379295745,0.7777876880228958,0.7777876880228958,0.34950300053385935
mutation_sd=0.0600,203,False,False,0.23604436639753332,0.23604436639753332,0.3341388888888889,3.8171413502478755,0.2727802619550869,0.14463601732178732,0.11802218319876666,0.11802218319876666,0.8066366541188138
mutation_sd=0.0600,204,True,False,2.0,1.0,0.32519444444444445,4.8168409087965935,0.8666537365834465,0.7800586469220819,0.5249720724425968,0.5249720724425968,0.31071081419541086
mutation_sd=0.0600,205,True,False,2.0,1.0,0.32469444444444445,4.820622249167646,0.8786256869357152,0.8376363305031499,0.7575681752317976,0.7575681752317976,0.5823181334062257
mutation_sd=0.0600,206,True,False,2.0,1.0,0.3164722222222222,4.5909010646977455,0.845982852378529,0.8402905711283865,0.8598799443221342,0.8402905711283865,0.49110693466480715
mutation_sd=0.0600,207,True,False,2.0,1.0,0.3042222222222222,4.499800659955355,0.8994986603335462,0.783103572240129,0.6134119525137955,0.6134119525137955,0.5297091008031879
mutation_sd=0.0600,208,True,False,2.0,1.0,0.34275,5.112122128443588,0.8848309386327051,0.8388410963916582,0.6723827980224151,0.6723827980224151,0.8004895804964516
mutation_sd=0.0600,209,False,False,0.9016397641496533,0.9016397641496533,0.28344444444444444,4.128553558391369,0.8949289356990194,0.5652277682696076,0.45081988207482665,0.45081988207482665,0.5872251190588228
mutation_sd=0.0600,210,False,False,0.9485114203455354,0.9485114203455354,0.3189444444444444,4.451334421036592,0.7588091362764283,0.8287735684682169,0.49637895553405975,0.49637895553405975,0.38299467187779074
mutation_sd=0.0600,211,False,False,0.9575402237770606,0.9575402237770606,0.34980555555555554,5.307503437944589,0.9293287330341848,0.8723374513714239,0.4787701118885303,0.4787701118885303,0.7178864388267083
mutation_sd=0.0600,212,False,False,0.5795850775561213,0.5795850775561213,0.30816666666666664,4.553803039494901,0.9160922051726967,0.7741900466283604,0.28979253877806066,0.28979253877806066,0.4868344844877968
mutation_sd=0.0600,213,False,False,0.41683239929072874,0.41683239929072874,0.29411111111111116,3.682522379316191,0.5254371512095031,0.2346119399289043,0.20841619964536437,0.20841619964536437,0.4344765839356609
mutation_sd=0.0600,214,True,False,2.0,1.0,0.3538888888888889,5.3536668273340915,0.9115375998509916,0.8769944350683135,0.724959102673927,0.724959102673927,0.6147972468419586
mutation_sd=0.0600,215,True,False,2.0,1.0,0.33516666666666667,4.950545964396042,0.8633973604606661,0.8817313241624432,0.6153440306116787,0.6153440306116787,0.6316181027840976
mutation_sd=0.0600,216,True,False,2.0,1.0,0.35327777777777775,5.251419896820049,0.8599305026068944,0.8658538335392744,0.8510197341817503,0.8510197341817503,0.8133677272015325
mutation_sd=0.0600,217,False,False,0.5826996329337317,0.5826996329337317,0.2732777777777778,3.8343990369805634,0.8377377750217312,0.29134981646686586,0.4567545929257289,0.29134981646686586,0.4047477808745957
mutation_sd=0.0600,218,True,False,2.0,1.0,0.3610833333333333,5.42998214044056,0.8987766501265916,0.8765285993518951,0.8740028467326033,0.8740028467326033,0.5302048114659583
mutation_sd=0.0600,219,False,False,0.9182325815539453,0.9182325815539453,0.29525,4.314234779452184,0.8915007352021095,0.6597482791468351,0.45911629077697264,0.45911629077697264,0.6378606928106164
mutation_sd=0.0600,220,True,False,2.0,1.0,0.3550833333333333,5.3899254502709475,0.9292135874607637,0.8673211439733957,0.8557343362276063,0.8557343362276063,0.877900929077694
mutation_sd=0.0600,221,True,False,2.0,1.0,0.3555,5.409953679228921,0.9005812534261859,0.8889849408814371,0.71296522087535,0.71296522087535,0.2249304423339935
mutation_sd=0.0600,222,True,False,2.0,1.0,0.34808333333333336,5.176365813048653,0.8546335318709855,0.8686249102461543,0.797826943902595,0.797826943902595,0.8168258250212151
mutation_sd=0.0600,223,False,False,0.29422778015945344,0.29422778015945344,0.34680555555555553,3.912447198164563,0.23538222412756277,0.1883663231055631,0.3208265715999088,0.1883663231055631,0.5418121277356315
mutation_sd=0.0600,224,True,False,2.0,1.0,0.3194166666666666,4.7402361473223165,0.8984909771410445,0.7914611500782095,0.70997228924741,0.70997228924741,0.5448589573870064
mutation_sd=0.0600,225,True,False,2.0,1.0,0.31594444444444447,4.652547717223764,0.8749358506417324,0.8226552678133547,0.7142737023459532,0.7142737023459532,0.267240603329188
mutation_sd=0.0600,226,False,False,0.914080499806501,0.914080499806501,0.3381388888888889,4.783986114488203,0.7723057492568446,0.45755589128852925,0.4570402499032505,0.4570402499032505,0.600577112865058
mutation_sd=0.0600,227,False,False,0.3598399310202911,0.3598399310202911,0.33513888888888893,4.04544942994702,0.41361466641300365,0.28466795776277176,0.17991996551014555,0.17991996551014555,0.8258613700096542
mutation_sd=0.0600,228,True,False,2.0,1.0,0.35475,5.345425667273886,0.8859350392630092,0.8559373187423659,0.7793207966109142,0.7793207966109142,0.6881467385582147
mutation_sd=0.0600,229,True,False,2.0,1.0,0.36291666666666667,5.449620992894574,0.8849410940263384,0.8725157916786108,0.7590732442565008,0.7590732442565008,0.6663038385525575
mutation_sd=0.0600,230,False,False,0.5499929838515673,0.5499929838515673,0.3115,4.101577843838011,0.6209956463623821,0.467143766138253,0.2749964919257836,0.2749964919257836,0.7686378158610564
mutation_sd=0.0600,231,True,False,2.0,1.0,0.3318055555555556,4.995587811358919,0.903967336398926,0.852302418750973,0.7905906071366452,0.7905906071366452,0.25758551287636666
mutation_sd=0.0600,232,True,False,2.0,1.0,0.3601111111111111,5.410077332841145,0.884991387821334,0.8059703249907914,0.8508759993256085,0.8059703249907914,0.5930233532840286
mutation_sd=0.0600,233,False,False,0.47962885084044393,0.47962885084044393,0.3226388888888889,3.801445069813425,0.3981178464989133,0.4729182263575098,0.23981442542022197,0.23981442542022197,0.666197250857286
mutation_sd=0.0600,234,False,False,0.6678569551295085,0.6678569551295085,0.2723611111111111,3.856573174606682,0.8424446239521547,0.5586862431307045,0.33392847756475424,0.33392847756475424,0.7033253868910788
mutation_sd=0.0600,235,True,False,2.0,1.0,0.34077777777777774,4.955759059438422,0.8195937367528773,0.840044240151063,0.7820868086100724,0.7820868086100724,0.4221368236719739
mutation_sd=0.0600,236,True,False,2.0,1.0,0.3468611111111111,5.1773259604858755,0.8777415365710034,0.7809732027350111,0.8838928580046855,0.7809732027350111,0.27680483790514576
mutation_sd=0.0600,237,True,False,2.0,1.0,0.35050000000000003,5.28048720314743,0.9132221802149699,0.8797626603928728,0.7453829670468348,0.7453829670468348,0.7798039356923162
mutation_sd=0.0600,238,True,False,2.0,1.0,0.356,5.334587752277029,0.8786775332022396,0.903556811642093,0.8394211036142711,0.8394211036142711,0.8303472290292357
mutation_sd=0.0600,239,True,False,2.0,1.0,0.3575277777777778,5.3353920591536905,0.869421917863668,0.8871938253051957,0.769026416164846,0.769026416164846,0.7688792413950093
mutation_sd=0.0600,240,False,False,0.9225247525783284,0.9225247525783284,0.31886111111111115,4.65144223939323,0.8511348286353625,0.8003938550167907,0.4612623762891642,0.4612623762891642,0.3283661034483981
mutation_sd=0.0600,241,True,False,2.0,1.0,0.35691666666666666,5.356961775117095,0.8799987911492086,0.8781407086144061,0.8578945855691962,0.8578945855691962,0.32806390281985814
mutation_sd=0.0600,242,False,False,0.4702525187642544,0.4702525187642544,0.32466666666666666,3.8626267639914658,0.38106128181538385,0.27263503391064636,0.2351262593821272,0.2351262593821272,0.6265512193971255
mutation_sd=0.0600,243,True,False,2.0,1.0,0.31972222222222224,4.74964968693804,0.8885424261527628,0.8511946567277967,0.8303071774524471,0.8303071774524471,0.6618963414998275
mutation_sd=0.0600,244,True,False,2.0,1.0,0.3433333333333334,5.015594518809602,0.8371323462619458,0.8503286105221716,0.7061645123628463,0.7061645123628463,0.6057441946644174
mutation_sd=0.0600,245,True,False,2.0,1.0,0.34475,5.068765850079994,0.8314189696206761,0.8739853915496273,0.9024593058421811,0.8739853915496273,0.24007941587937462
mutation_sd=0.0600,246,True,False,2.0,1.0,0.3428888888888889,5.012973762652722,0.8339623081824504,0.8189023297384178,0.7326492586365111,0.7326492586365111,0.7816065721660586
mutation_sd=0.0600,247,False,False,0.6351966579965879,0.6351966579965879,0.30822222222222223,4.05506613282411,0.6350992992377368,0.3971161846296686,0.31759832899829393,0.31759832899829393,0.35680323164915767
mutation_sd=0.0600,248,True,False,2.0,1.0,0.3262777777777778,4.887142332048771,0.9124373245942393,0.8601246410468374,0.9143868662148091,0.8601246410468374,0.7927945488467308
mutation_sd=0.0600,249,True,False,2.0,1.0,0.3509444444444444,5.1537811625502306,0.8414226770960679,0.8151351295808849,0.7869054605074108,0.7869054605074108,0.4837841619684638
mutation_sd=0.0600,250,False,False,0.3101275181264351,0.3101275181264351,0.31697222222222227,3.977272681085142,0.5339374900417084,0.15506375906321754,0.16379146249103732,0.15506375906321754,0.5400694356315388
mutation_sd=0.0600,251,False,False,0.6511631872316064,0.6511631872316064,0.2988055555555556,4.299175392632801,0.8642731349318951,0.7459824650640615,0.3255815936158032,0.3255815936158032,0.42953368211716947
mutation_sd=0.0600,252,False,False,0.8964563393849567,0.8964563393849567,0.33219444444444446,4.977843631738287,0.9132399085549816,0.7798025280605294,0.44822816969247836,0.44822816969247836,0.8636544216754342
mutation_sd=0.0600,253,False,False,0.35521234480678465,0.35521234480678465,0.34875,3.9691931579858037,0.28416987584542774,0.24387399310760494,0.21606031046885915,0.21606031046885915,0.7190520583284797
mutation_sd=0.0600,254,True,False,2.0,1.0,0.3475555555555555,5.165507743908268,0.8729965038782138,0.8699124542757192,0.7277541825874018,0.7277541825874018,0.6027550835905158
mutation_sd=0.0600,255,False,False,0.987323832841485,0.987323832841485,0.3137777777777778,4.480208747974907,0.789859066273188,0.7725870750305828,0.6018124825154341,0.6018124825154341,0.1961563738095982
mutation_sd=0.0600,256,False,False,0.2834274894091632,0.2834274894091632,0.3063333333333333,3.880359284596732,0.5637801528022878,0.1417137447045816,0.14845996458288893,0.1417137447045816,0.7266801231672679
mutation_sd=0.0600,257,True,False,2.0,1.0,0.35547222222222224,5.319962257276841,0.8782404170221442,0.8191276869539749,0.7187468888363298,0.7187468888363298,0.611984368516696
mutation_sd=0.0600,258,False,False,0.9970630509687747,0.9970630509687747,0.2916666666666667,4.114375933514318,0.7976504407750198,0.8053188675921373,0.6566847908800393,0.6566847908800393,0.5657141910210821
mutation_sd=0.0600,259,False,False,0.9670574145628764,0.9670574145628764,0.29647222222222225,4.265682935265647,0.8419285182045433,0.6270478086153309,0.4835287072814382,0.4835287072814382,0.1402366945914762
mutation_sd=0.0600,260,True,False,2.0,1.0,0.3670555555555556,5.631692764665247,0.9233788213470012,0.8361014851454143,0.7364851402667928,0.7364851402667928,0.30147544715078445
mutation_sd=0.0600,261,True,False,2.0,1.0,0.3220555555555556,4.799827862886759,0.8675181820093911,0.8599582257516993,0.6109997758754488,0.6109997758754488,0.4322962210121662
mutation_sd=0.0600,262,True,False,2.0,1.0,0.3469166666666667,5.224650649862235,0.911031983245646,0.7527540822410933,0.8281756190544675,0.7527540822410933,0.3619458914205122
mutation_sd=0.0600,263,True,False,2.0,1.0,0.34680555555555553,5.071045201574203,0.8276893790295854,0.837305164055651,0.8614499895220312,0.837305164055651,0.812064143917699
mutation_sd=0.0600,264,True,False,2.0,1.0,0.31719444444444445,4.771088239061052,0.9207754712794577,0.8828637766331046,0.7665292354997917,0.7665292354997917,0.16360366331034593
mutation_sd=0.0600,265,True,False,2.0,1.0,0.3540277777777778,5.2762333941997435,0.8619007620284498,0.815521463141198,0.8451973162952914,0.815521463141198,0.4797417194589136
mutation_sd=0.0600,266,True,False,2.0,1.0,0.3617777777777778,5.388658083012597,0.8554791844335057,0.8943177676668573,0.8361536743267652,0.8361536743267652,0.7444015036752617
mutation_sd=0.0600,267,True,False,2.0,1.0,0.34341666666666665,5.2470443895755885,0.9383622951820346,0.8465418740092031,0.8174908492576829,0.8174908492576829,0.3561201936572505
mutation_sd=0.0600,268,True,False,2.0,1.0,0.33575,5.037600444065799,0.91330842251957,0.8242816698225915,0.6072381169218397,0.6072381169218397,0.7795534620531827
mutation_sd=0.0600,269,False,False,0.3139155105173137,0.3139155105173137,0.3057777777777778,3.8551284004801567,0.5555978510347629,0.15695775525865685,0.24648795578628235,0.15695775525865685,0.5883336908900141
mutation_sd=0.0600,270,False,False,0.8431365310073179,0.8431365310073179,0.2951388888888889,4.263342878073826,0.8453169201516577,0.5634552983777237,0.42156826550365895,0.42156826550365895,0.19729526798746694
mutation_sd=0.0600,271,True,False,2.0,1.0,0.3441388888888889,5.206050396454024,0.9186276889871683,0.8892991895930441,0.7972280445623643,0.7972280445623643,0.7435408824432984
mutation_sd=0.0600,272,False,False,0.9980174235018314,0.9980174235018314,0.3404166666666667,4.935572894126455,0.7984139388014652,0.882569870215188,0.8885822245052888,0.882569870215188,0.727412114544789
mutation_sd=0.0600,273,False,False,0.4870472650129882,0.4870472650129882,0.2766388888888889,3.9396935564372964,0.8400330726128167,0.6654191707725949,0.2435236325064941,0.2435236325064941,0.8385764254798059
mutation_sd=0.0600,274,True,False,2.0,1.0,0.3635277777777778,5.4281851423616425,0.8641963950213539,0.9062296731194813,0.8076910746815479,0.8076910746815479,0.7666952647420452
mutation_sd=0.0600,275,True,False,2.0,1.0,0.3213611111111111,4.668350000557736,0.8406320220265303,0.7958849070592046,0.6622880667325834,0.6622880667325834,0.3591128720900556
mutation_sd=0.0600,276,True,False,2.0,1.0,0.3383333333333333,4.994399945921462,0.8550845216245636,0.8583965180185398,0.8909659137190961,0.8583965180185398,0.8627016825021503
mutation_sd=0.0600,277,True,False,2.0,1.0,0.34802777777777777,5.1118946258587865,0.8483922584697837,0.8651023558219162,0.7459106773128161,0.7459106773128161,0.70181350772615
mutation_sd=0.0600,278,True,False,2.0,1.0,0.35691666666666666,5.456278023637906,0.9333651438065459,0.8177473540510808,0.8234997685811652,0.8177473540510808,0.8434971338897451
mutation_sd=0.0600,279,True,False,2.0,1.0,0.33699999999999997,4.961431818329314,0.8563072208885968,0.8040623234707647,0.807911789258721,0.8040623234707647,0.658019955556932
mutation_sd=0.0600,280,True,False,2.0,1.0,0.27241666666666664,3.894412955584325,0.8469397515045575,0.6614704680465202,0.6428090135209279,0.6428090135209279,0.6622033021813521
mutation_sd=0.0600,281,False,False,0.9149689145900612,0.9149689145900612,0.3421944444444444,4.993423134374266,0.8350440812364223,0.653797988309529,0.4574844572950306,0.4574844572950306,0.5157129138701869
mutation_sd=0.0600,282,False,False,0.3707824089037735,0.3707824089037735,0.3273611111111111,3.9546456269146577,0.4178695496105009,0.18539120445188675,0.20109251592359279,0.18539120445188675,0.5155009189145944
mutation_sd=0.0600,283,True,False,2.0,1.0,0.3588888888888889,5.355452078594693,0.8586048410221054,0.8481381420493331,0.8709429894959827,0.8481381420493331,0.34332693215758486
mutation_sd=0.0600,284,True,False,2.0,1.0,0.35397222222222224,5.405901312792371,0.9290968523035505,0.9227856307317948,0.6050142038364794,0.6050142038364794,0.46020142451377544
mutation_sd=0.0600,285,True,False,2.0,1.0,0.32933333333333337,4.78420422608748,0.8349009434158907,0.7385337153802005,0.7861187610366993,0.7385337153802005,0.42760691448851046
mutation_sd=0.0600,286,False,False,0.38370179560676476,0.38370179560676476,0.2821111111111111,3.621972430067754,0.6013882279163868,0.28636300789612634,0.19185089780338238,0.19185089780338238,0.7198505652942043
mutation_sd=0.0600,287,True,False,2.0,1.0,0.3456388888888889,5.166597294274788,0.8983667884177678,0.8393348335290667,0.8331588685376908,0.8331588685376908,0.6791859544692219
mutation_sd=0.0600,288,False,False,0.4366661398961539,0.4366661398961539,0.30180555555555555,4.109198755308252,0.7525160414500672,0.42586823156671816,0.21833306994807694,0.21833306994807694,0.5529184827840813
mutation_sd=0.0600,289,True,False,2.0,1.0,0.29986111111111113,4.456009270820476,0.8956262038683016,0.8158573328678325,0.6330853196313616,0.6330853196313616,0.679002964329015
mutation_sd=0.0600,290,True,False,2.0,1.0,0.3527222222222222,5.266636326146606,0.8644132383854173,0.8594655533153881,0.7671545894716477,0.7671545894716477,0.4257298946307109
mutation_sd=0.0600,291,True,False,2.0,1.0,0.3475555555555555,5.253226974600289,0.9016243849063458,0.8659954516996538,0.6599565386309638,0.6599565386309638,0.23902848552569253
mutation_sd=0.0600,292,False,False,0.25006627570735745,0.25006627570735745,0.30819444444444444,3.9007277280069936,0.5570839500019169,0.12503313785367873,0.2125428918352152,0.12503313785367873,0.6102268013319387
mutation_sd=0.0600,293,True,False,2.0,1.0,0.30613888888888885,4.522701125511561,0.8996690987248609,0.7298384985585941,0.6220119458257541,0.6220119458257541,0.35577278440227167
mutation_sd=0.0600,294,True,False,2.0,1.0,0.34055555555555556,4.947407638467196,0.8200632652327825,0.836721174762511,0.7143052639069272,0.7143052639069272,0.6907061112148264
mutation_sd=0.0600,295,True,False,2.0,1.0,0.2970833333333333,4.254023802394817,0.8454923605550387,0.776150010933952,0.6062547965528116,0.6062547965528116,0.8146337169760706
mutation_sd=0.0600,296,True,False,2.0,1.0,0.32741666666666663,4.946483047307021,0.9162572816366465,0.778380618615421,0.7485215976484546,0.7485215976484546,0.09315222450514708
mutation_sd=0.0600,297,True,False,2.0,1.0,0.3442777777777778,5.106079034208239,0.8602376627011188,0.894353569761534,0.8469120858375735,0.8469120858375735,0.4420501911260972
mutation_sd=0.0600,298,True,False,2.0,1.0,0.33516666666666667,5.05182373092384,0.8929300179802481,0.8697756644362963,0.7640291854054051,0.7640291854054051,0.306015084531691
mutation_sd=0.0600,299,True,False,2.0,1.0,0.3040555555555555,4.490530178344198,0.8937461848539158,0.7807836978561833,0.6974093766724445,0.6974093766724445,0.45707697475430964
mutation_sd=0.0700,200,True,False,2.0,1.0,0.34149999999999997,5.049169326880403,0.8532737646274673,0.8605717940755857,0.8821995755515282,0.8605717940755857,0.7028739732190743
mutation_sd=0.0700,201,True,False,2.0,1.0,0.34791666666666665,5.238172654958211,0.8967128407877845,0.7939714598783347,0.7436698573104794,0.7436698573104794,0.7139275220192448
mutation_sd=0.0700,202,True,False,2.0,1.0,0.2811666666666667,3.996407067942384,0.8358761152292099,0.7435538904325086,0.6911938065346563,0.6911938065346563,0.6443051010896105
mutation_sd=0.0700,203,True,False,2.0,1.0,0.3352222222222222,5.023351966451342,0.8733681645445278,0.8503863495452926,0.8273314564342301,0.8273314564342301,0.7545360401589017
mutation_sd=0.0700,204,False,False,0.30729074954468893,0.30729074954468893,0.3353055555555555,3.9817914276254265,0.37758026277887996,0.15364537477234447,0.27498000187980265,0.15364537477234447,0.7200287183879287
mutation_sd=0.0700,205,True,False,2.0,1.0,0.3378055555555556,5.043563721363961,0.8879011103294943,0.7638149944658832,0.6081310487835384,0.6081310487835384,0.49736805683407065
mutation_sd=0.0700,206,False,False,0.7291217599838039,0.7291217599838039,0.29197222222222224,3.9570467059597134,0.7585286312974243,0.3727411449474589,0.36456087999190195,0.36456087999190195,0.44297015288048175
mutation_sd=0.0700,207,True,False,2.0,1.0,0.33272222222222225,4.974861023861624,0.9003242529372274,0.828455986890385,0.7638624811837876,0.7638624811837876,0.43131101688441936
mutation_sd=0.0700,208,True,False,2.0,1.0,0.3303611111111111,4.788214428825179,0.8270216359241823,0.8272551903427445,0.670073930996386,0.670073930996386,0.7207360868685904
mutation_sd=0.0700,209,True,False,2.0,1.0,0.32708333333333334,4.85670511592225,0.860630305941322,0.8495582269422586,0.723766724823635,0.723766724823635,0.2578278431803881
mutation_sd=0.0700,210,True,False,2.0,1.0,0.33502777777777776,5.021527070370198,0.8998750302159475,0.849893742299892,0.8024846350187338,0.8024846350187338,0.5230777003192347
mutation_sd=0.0700,211,False,False,0.5442392768682883,0.5442392768682883,0.30883333333333335,3.701388786142671,0.4353914214946307,0.29211882304275494,0.3083968571065003,0.29211882304275494,0.7622375884644714
mutation_sd=0.0700,212,False,False,0.3911817116034096,0.3911817116034096,0.3133888888888889,3.571001537936636,0.3129453692827277,0.30649487847574536,0.4192785436211088,0.30649487847574536,0.4679245078451044
mutation_sd=0.0700,213,True,False,2.0,1.0,0.34355555555555556,5.132500172018194,0.8884079806941276,0.8153363337229709,0.6909905468213818,0.6909905468213818,0.6343574546471058
mutation_sd=0.0700,214,True,False,2.0,1.0,0.33669444444444446,5.089287743667101,0.9126295855598728,0.8060006205879355,0.8000257320901968,0.8000257320901968,0.29742995193754757
mutation_sd=0.0700,215,True,False,2.0,1.0,0.3575833333333333,5.32401440541286,0.8468974141008796,0.9068297258206955,0.848200646272979,0.848200646272979,0.24565360988566723
mutation_sd=0.0700,216,True,False,2.0,1.0,0.3319444444444445,5.006178914991265,0.9288477062509363,0.8527759466158354,0.7474574726089389,0.7474574726089389,0.5065949244544478
mutation_sd=0.0700,217,True,False,2.0,1.0,0.34522222222222226,5.087905800835932,0.8474698498712656,0.8840866303365729,0.7443131816048895,0.7443131816048895,0.5025712609819701
mutation_sd=0.0700,218,True,False,2.0,1.0,0.3427222222222222,5.029207592888181,0.8302882709083603,0.8687259949989176,0.8128376876072301,0.8128376876072301,0.3665700009790426
mutation_sd=0.0700,219,True,False,2.0,1.0,0.33349999999999996,4.965074304777502,0.8817110988872797,0.8153191032159324,0.76846787743894,0.76846787743894,0.30058994944949613
mutation_sd=0.0700,220,False,False,0.3823758315163247,0.3823758315163247,0.3030277777777778,3.8728140313274744,0.5912154600441588,0.22794091178992487,0.19118791575816235,0.19118791575816235,0.60522512184702
mutation_sd=0.0700,221,True,False,2.0,1.0,0.34411111111111115,5.218799453660969,0.9148108944471302,0.874239307179322,0.7024922466263109,0.7024922466263109,0.2729942274125666
mutation_sd=0.0700,222,True,False,2.0,1.0,0.31805555555555554,4.642158655198451,0.842643250044619,0.8113163949874448,0.7261035960280451,0.7261035960280451,0.38965276332721427
mutation_sd=0.0700,223,True,False,2.0,1.0,0.3207777777777778,4.762021279647471,0.8785562698045312,0.8165394932912572,0.7052535443079635,0.7052535443079635,0.3987005316703118
mutation_sd=0.0700,224,True,False,2.0,1.0,0.34794444444444445,5.223181347246577,0.8791955694892093,0.8793992856053593,0.831732867943827,0.831732867943827,0.6391131823411591
mutation_sd=0.0700,225,True,False,2.0,1.0,0.33469444444444446,5.019617704309633,0.9144669224106861,0.8642384444257121,0.7103978340475959,0.7103978340475959,0.6087686454354785
mutation_sd=0.0700,226,False,False,0.32239533258943304,0.32239533258943304,0.32536111111111116,4.019736959258638,0.49330837158275653,0.16119766629471652,0.2087367562783438,0.16119766629471652,0.7172683552201115
mutation_sd=0.0700,227,False,False,0.3226522689019473,0.3226522689019473,0.32411111111111107,3.9787658735402887,0.4844445459112385,0.23573022981600064,0.16132613445097366,0.16132613445097366,0.6865373015004245
mutation_sd=0.0700,228,True,False,2.0,1.0,0.35236111111111107,5.2562405673743475,0.8714127358175833,0.8883459228795535,0.846849498712449,0.846849498712449,0.6748738470206807
mutation_sd=0.0700,229,True,False,2.0,1.0,0.3148055555555555,4.627278293046972,0.8948219982230377,0.7270150761259919,0.5887418497927647,0.5887418497927647,0.5186281556396336
mutation_sd=0.0700,230,True,False,2.0,1.0,0.3492777777777778,5.156639363365463,0.8527042931269598,0.8673548023604093,0.8676010321223041,0.8673548023604093,0.734955155498109
mutation_sd=0.0700,231,True,False,2.0,1.0,0.35644444444444445,5.305211178202941,0.8642407804416774,0.8932867962972549,0.8300731945874542,0.8300731945874542,0.6196920473745492
mutation_sd=0.0700,232,True,False,2.0,1.0,0.32030555555555557,4.796277396980652,0.8951397260693468,0.7734303149611315,0.748226000347042,0.748226000347042,0.2678186405442535
mutation_sd=0.0700,233,True,False,2.0,1.0,0.3588888888888889,5.374360489000158,0.8734389289640627,0.8760588148440764,0.7925411007406935,0.7925411007406935,0.6618036846482135
mutation_sd=0.0700,234,True,False,2.0,1.0,0.3373055555555556,5.044623380130708,0.8916435586245736,0.7545958037889172,0.7620462550405193,0.7545958037889172,0.27029993105184863
mutation_sd=0.0700,235,True,False,2.0,1.0,0.32375000000000004,4.792845886664788,0.8887920872799618,0.7716216123071565,0.7532358957532365,0.7532358957532365,0.778776627137814
mutation_sd=0.0700,236,True,False,2.0,1.0,0.3403333333333334,5.072834952162396,0.877232121336018,0.8397386615226385,0.5828017992407122,0.5828017992407122,0.6342807706162694
mutation_sd=0.0700,237,True,False,2.0,1.0,0.3306111111111111,4.783804504181634,0.811186117286941,0.8352041436359057,0.7671153916530772,0.7671153916530772,0.5135518070510021
mutation_sd=0.0700,238,True,False,2.0,1.0,0.3098888888888889,4.494578559090588,0.8528674403608595,0.8502849947184459,0.6992581415807871,0.6992581415807871,0.42313758320569217
mutation_sd=0.0700,239,True,False,2.0,1.0,0.34497222222222224,5.000668263516626,0.8202757318007772,0.7975857224213453,0.763167083025989,0.763167083025989,0.8091645640209584
mutation_sd=0.0700,240,True,False,2.0,1.0,0.33255555555555555,4.917111680605393,0.8668047162614083,0.8223756375321525,0.7393807066619787,0.7393807066619787,0.26342997590128187
mutation_sd=0.0700,241,True,False,2.0,1.0,0.3565833333333333,5.261358663890013,0.8412464301533785,0.8811258183631506,0.8037595892923715,0.8037595892923715,0.5202342084192206
mutation_sd=0.0700,242,True,False,2.0,1.0,0.32922222222222225,4.854891417908288,0.8462314337704261,0.8404761630045189,0.8935684625626634,0.8404761630045189,0.7978431344400185
mutation_sd=0.0700,243,True,False,2.0,1.0,0.3178888888888889,4.695141108226841,0.8960282902549253,0.7426001523526874,0.5110453640241213,0.5110453640241213,0.3382212468901464
mutation_sd=0.0700,244,True,False,2.0,1.0,0.3315,4.861481774627994,0.8326056511946915,0.824513142665359,0.793077983447294,0.793077983447294,0.7467097016820398
mutation_sd=0.0700,245,True,False,2.0,1.0,0.35452777777777783,5.297787025021472,0.88114542008957,0.8567104522682032,0.7952033330732948,0.7952033330732948,0.7415826535541581
mutation_sd=0.0700,246,True,False,2.0,1.0,0.3442222222222222,5.125457873924445,0.8652592386588771,0.8817183981910452,0.778608997062088,0.778608997062088,0.7209305351503583
mutation_sd=0.0700,247,True,False,2.0,1.0,0.3507777777777778,5.26314388256105,0.8852835286458938,0.8659930780844853,0.8234257367728701,0.8234257367728701,0.8686708810755293
mutation_sd=0.0700,248,True,False,2.0,1.0,0.3219722222222222,4.695201988165982,0.8516650813861809,0.8024765112038643,0.7671968699789222,0.7671968699789222,0.7303089992118219
mutation_sd=0.0700,249,True,False,2.0,1.0,0.3002222222222222,4.296651443764981,0.847148848852956,0.6708628009545142,0.6463503533780428,0.6463503533780428,0.6312062034913366
mutation_sd=0.0700,250,True,False,2.0,1.0,0.3138333333333333,4.506563741556206,0.8214813866853585,0.7258991139322238,0.7399174462958708,0.7258991139322238,0.7792102388934324
mutation_sd=0.0700,251,True,False,2.0,1.0,0.3245277777777778,4.798561062131331,0.852124127774752,0.8020919140875826,0.7829294119649516,0.7829294119649516,0.5931227326017069
mutation_sd=0.0700,252,True,False,2.0,1.0,0.3579166666666667,5.3476321594233225,0.8764256619000739,0.8946051022675336,0.7037759767798714,0.7037759767798714,0.7797158602059047
mutation_sd=0.0700,253,True,False,2.0,1.0,0.34491666666666665,5.22832160201356,0.9107957880344766,0.8460641976920987,0.753989599115108,0.753989599115108,0.37241016262625937
mutation_sd=0.0700,254,True,False,2.0,1.0,0.3481944444444444,5.161271184332386,0.8579473291718591,0.9008598495452728,0.8822827188753875,0.8822827188753875,0.779116471019745
mutation_sd=0.0700,255,True,False,2.0,1.0,0.3249444444444444,4.866286512467942,0.9079918079363541,0.812612129679093,0.7300933108458685,0.7300933108458685,0.7752787797260126
mutation_sd=0.0700,256,True,False,2.0,1.0,0.31980555555555557,4.778962491239185,0.8782073815586251,0.8238212379994032,0.730833842281258,0.730833842281258,0.2410374552115928
mutation_sd=0.0700,257,True,False,2.0,1.0,0.3114166666666666,4.491054708863613,0.838636002630685,0.7737621328921024,0.5942350286849958,0.5942350286849958,0.6737399579592432
mutation_sd=0.0700,258,True,False,2.0,1.0,0.34094444444444444,5.059542122985627,0.8725026555158605,0.8462480873391688,0.6797576768640986,0.6797576768640986,0.42697646281078705
mutation_sd=0.0700,259,False,False,0.44502309232791665,0.44502309232791665,0.34569444444444447,4.087805710650533,0.3560184738623333,0.3091432684427111,0.322074828897836,0.3091432684427111,0.4128470682820568
mutation_sd=0.0700,260,True,False,2.0,1.0,0.34947222222222224,5.260564115047937,0.8827113622595778,0.9084946666540858,0.6981553035052264,0.6981553035052264,0.6864097237156341
mutation_sd=0.0700,261,True,False,2.0,1.0,0.3152777777777778,4.525563224420468,0.8206554822439472,0.6906299268893719,0.5988230329710426,0.5988230329710426,0.23423069984842887
mutation_sd=0.0700,262,True,False,2.0,1.0,0.3388611111111111,5.03400862013012,0.8645752471442822,0.8297581940274511,0.8640435345909742,0.8297581940274511,0.3268859914115566
mutation_sd=0.0700,263,True,False,2.0,1.0,0.3446944444444444,5.201486038896883,0.9161373028056866,0.791505593831179,0.7034996222363552,0.7034996222363552,0.4953772553570651
mutation_sd=0.0700,264,True,False,2.0,1.0,0.3338055555555555,4.988830398458679,0.9093106620232547,0.7191115600177558,0.5409437934844661,0.5409437934844661,0.6052013693592568
mutation_sd=0.0700,265,False,False,0.6376954524389036,0.6376954524389036,0.2836388888888889,4.053781494792825,0.8624249268564923,0.3829756816948392,0.3188477262194518,0.3188477262194518,0.40472623008592895
mutation_sd=0.0700,266,True,False,2.0,1.0,0.35786111111111113,5.362457008426263,0.8789252381791405,0.8661739155123499,0.8493862331468601,0.8493862331468601,0.7827821674634194
mutation_sd=0.0700,267,True,False,2.0,1.0,0.3264722222222222,4.724334996842572,0.8388929155967512,0.7905245092945673,0.7560362765303241,0.7560362765303241,0.7259095895639324
mutation_sd=0.0700,268,True,False,2.0,1.0,0.3271388888888889,4.750810615431409,0.8303399476661235,0.8433359108980736,0.6598572424940863,0.6598572424940863,0.3924657462510198
mutation_sd=0.0700,269,False,False,0.24593651975005065,0.24593651975005065,0.3504722222222222,3.9080574738397957,0.19980225230413004,0.12296825987502533,0.1251034187283378,0.12296825987502533,0.47983968213418304
mutation_sd=0.0700,270,True,False,2.0,1.0,0.35147222222222224,5.245300415379657,0.86989051741684,0.8665582955754585,0.7679280276402279,0.7679280276402279,0.7210820951896497
mutation_sd=0.0700,271,True,False,2.0,1.0,0.3267777777777778,4.864013521244968,0.8920116189169717,0.721192595553154,0.7967550813320357,0.721192595553154,0.3886701656599152
mutation_sd=0.0700,272,False,False,0.2714424109927259,0.2714424109927259,0.31799999999999995,3.7716154647452496,0.3871986581963883,0.13572120549636296,0.26410817604837056,0.13572120549636296,0.555321957508575
mutation_sd=0.0700,273,True,False,2.0,1.0,0.3381388888888889,5.049582415046942,0.8942624968115632,0.8579394030378317,0.7006916795674518,0.7006916795674518,0.7649763578427975
mutation_sd=0.0700,274,True,False,2.0,1.0,0.3268888888888889,4.742071430302457,0.827418294338741,0.8590788797461025,0.7091229626101456,0.7091229626101456,0.4161671092387732
mutation_sd=0.0700,275,True,False,2.0,1.0,0.33577777777777773,5.005148020868129,0.8823790393249953,0.8457560000209995,0.8583715986682463,0.8457560000209995,0.574627954805033
mutation_sd=0.0700,276,False,False,0.3593948022661968,0.3593948022661968,0.27930555555555553,3.889865025963403,0.8000936419255584,0.4255262065807966,0.1796974011330984,0.1796974011330984,0.42923002279550587
mutation_sd=0.0700,277,True,False,2.0,1.0,0.32955555555555555,4.930336060821309,0.8872431597209565,0.7826274283180018,0.7636331698665124,0.7636331698665124,0.35984046321481633
mutation_sd=0.0700,278,True,False,2.0,1.0,0.3477777777777778,5.2344671670638,0.9031793944143974,0.841294743868125,0.6251841349282373,0.6251841349282373,0.7706604366157771
mutation_sd=0.0700,279,True,False,2.0,1.0,0.33825000000000005,5.028474568175887,0.8597149973255733,0.8975082780333825,0.7207901038228414,0.7207901038228414,0.2677576957090601
mutation_sd=0.0700,280,False,False,0.24809548737854936,0.24809548737854936,0.32905555555555555,3.881335610615876,0.369061861677787,0.24813395132410626,0.12404774368927468,0.12404774368927468,0.3933082322246692
mutation_sd=0.0700,281,False,False,0.6845798755158711,0.6845798755158711,0.3299722222222222,4.242335800893569,0.5476639004126969,0.6209671664585455,0.5000731310579848,0.5000731310579848,0.6233936135209583
mutation_sd=0.0700,282,True,False,2.0,1.0,0.3561944444444444,5.390318271572055,0.9092796424616817,0.8367515686370818,0.7438870931148106,0.7438870931148106,0.6995009932526141
mutation_sd=0.0700,283,True,False,2.0,1.0,0.3556666666666667,5.295652972863533,0.8659680997956603,0.8805563641100977,0.8260405239948839,0.8260405239948839,0.5041399170383036
mutation_sd=0.0700,284,True,False,2.0,1.0,0.341,4.998094779211986,0.8544393930835584,0.7568308727891658,0.5378757799512076,0.5378757799512076,0.6591825401731181
mutation_sd=0.0700,285,False,False,0.46690916979772173,0.46690916979772173,0.32716666666666666,3.9129719873699473,0.41237030445327577,0.3210805509091136,0.23345458489886087,0.23345458489886087,0.5284950734395125
mutation_sd=0.0700,286,True,False,2.0,1.0,0.30430555555555555,4.364677672294103,0.820358611173542,0.7473521359042027,0.5428289632383066,0.5428289632383066,0.5056920105131285
mutation_sd=0.0700,287,True,False,2.0,1.0,0.3503611111111111,5.226234241973549,0.8825560116966146,0.7743225659135554,0.722635501514852,0.722635501514852,0.5812814801603583
mutation_sd=0.0700,288,True,False,2.0,1.0,0.33358333333333334,5.019644329704835,0.9040412620147557,0.8758871142521997,0.7509729496024967,0.7509729496024967,0.3632801606740903
mutation_sd=0.0700,289,True,False,2.0,1.0,0.33752777777777776,4.932322838858469,0.8362195156547255,0.8636421307524481,0.8321741002540202,0.8321741002540202,0.5702590373720787
mutation_sd=0.0700,290,True,False,2.0,1.0,0.3185,4.616738736518946,0.8121625556765681,0.7687294709467667,0.8671858502036048,0.7687294709467667,0.49095974623358657
mutation_sd=0.0700,291,True,False,2.0,1.0,0.3555555555555555,5.246805051552212,0.8360197807538425,0.898659531695982,0.8355989283059131,0.8355989283059131,0.4692028069683712
mutation_sd=0.0700,292,True,False,2.0,1.0,0.3458888888888889,5.180142368891156,0.8688015351148738,0.8218268307285991,0.8403334895763085,0.8218268307285991,0.1769620885003187
mutation_sd=0.0700,293,True,False,2.0,1.0,0.31355555555555553,4.590849527753357,0.8504938530649238,0.8634237747749974,0.7043860534628598,0.7043860534628598,0.37364044850318573
mutation_sd=0.0700,294,True,False,2.0,1.0,0.3646111111111111,5.503900846013907,0.8851531979038783,0.8231138070770249,0.8346405518320275,0.8231138070770249,0.4339424131052075
mutation_sd=0.0700,295,False,False,0.857949746093789,0.857949746093789,0.3130555555555556,4.56866250716542,0.8814281794420376,0.6801067588672566,0.4289748730468945,0.4289748730468945,0.48092832309752637
mutation_sd=0.0700,296,True,False,2.0,1.0,0.35294444444444445,5.297813489648188,0.8747669341981886,0.8889192157366398,0.8619455845723858,0.8619455845723858,0.359933937418086
mutation_sd=0.0700,297,True,False,2.0,1.0,0.3462222222222222,5.211411603484696,0.9131997135053355,0.8389421309964253,0.7239791574225187,0.7239791574225187,0.35123088296300936
mutation_sd=0.0700,298,False,False,0.9779286576729136,0.9779286576729136,0.31827777777777777,4.715484338705985,0.8835046984262199,0.7589792294136657,0.4889643288364568,0.4889643288364568,0.35124657973207557
mutation_sd=0.0700,299,True,False,2.0,1.0,0.35200000000000004,5.114559448511141,0.816179661599869,0.809476385265896,0.7054251158939213,0.7054251158939213,0.7520220341291819
mutation_sd=0.1100,200,True,False,2.0,1.0,0.3100277777777778,4.476458293867124,0.8323179262247005,0.7816090591307385,0.7828148603367918,0.7816090591307385,0.6578399037593591
mutation_sd=0.1100,201,False,False,0.9869231899788401,0.9869231899788401,0.3045,4.318208623962011,0.7895385519830721,0.8088832169396846,0.6655950078044062,0.6655950078044062,0.5853317576030336
mutation_sd=0.1100,202,True,False,2.0,1.0,0.31555555555555553,4.619479903280567,0.8450935745737218,0.8457176877656296,0.6204225008180985,0.6204225008180985,0.6321187604065879
mutation_sd=0.1100,203,True,False,2.0,1.0,0.32091666666666663,4.7285959101087816,0.8782826422587834,0.707867499129108,0.6557617280645104,0.6557617280645104,0.5953646612677674
mutation_sd=0.1100,204,True,False,2.0,1.0,0.31177777777777776,4.6048815760963135,0.8741676216450501,0.7690391737555403,0.667186573383096,0.667186573383096,0.5764694844146138
mutation_sd=0.1100,205,True,False,2.0,1.0,0.32702777777777775,4.805223712002278,0.8301621465864285,0.8513771217755608,0.7994013010352211,0.7994013010352211,0.5003161180618105
mutation_sd=0.1100,206,True,False,2.0,1.0,0.3112222222222222,4.5293061969335975,0.828503130770783,0.7890516349432819,0.7872928609048274,0.7872928609048274,0.31234267115183284
mutation_sd=0.1100,207,True,False,2.0,1.0,0.33352777777777776,4.969172486561845,0.8830573810361916,0.7987251788362338,0.8281756548529484,0.7987251788362338,0.60494989331877
mutation_sd=0.1100,208,True,False,2.0,1.0,0.32899999999999996,4.826712912083644,0.8380383975402846,0.8442812683574186,0.708623563384219,0.708623563384219,0.598365172503777
mutation_sd=0.1100,209,True,False,2.0,1.0,0.3191388888888889,4.664619252362613,0.8330247915549841,0.8684353341491018,0.8276948591456681,0.8276948591456681,0.46249662045603807
mutation_sd=0.1100,210,False,False,0.9636862920202945,0.9636862920202945,0.29825,4.219045540033856,0.7709490336162357,0.8398049629718377,0.7488734143228621,0.7488734143228621,0.29478833514104724
mutation_sd=0.1100,211,True,False,2.0,1.0,0.30447222222222226,4.4442210096461325,0.8318475980268566,0.7845507377330168,0.7420709142947532,0.7420709142947532,0.46546762361723976
mutation_sd=0.1100,212,True,False,2.0,1.0,0.32816666666666666,4.818940474149732,0.8577273027048289,0.758565533740865,0.7579004466940341,0.7579004466940341,0.5587432334110783
mutation_sd=0.1100,213,False,False,0.9871032497166718,0.9871032497166718,0.3174722222222222,4.572453285701727,0.7896825997733375,0.7984139581884826,0.7670663787231901,0.7670663787231901,0.5575757736079925
mutation_sd=0.1100,214,True,False,2.0,1.0,0.29527777777777775,4.320217323694217,0.8705207118223897,0.7303685255342443,0.7266987834769052,0.7266987834769052,0.594586077898111
mutation_sd=0.1100,215,True,False,2.0,1.0,0.32213888888888886,4.691428032499997,0.8320044102473523,0.823126510669182,0.724226042899716,0.724226042899716,0.3742700113705631
mutation_sd=0.1100,216,True,False,2.0,1.0,0.28358333333333335,4.101512153377683,0.8813241332675726,0.6006417407119844,0.8235901086518095,0.6006417407119844,0.5777767250621982
mutation_sd=0.1100,217,True,False,2.0,1.0,0.29336111111111113,4.17866766685595,0.802250844723334,0.7985304478877688,0.7433033524256741,0.7433033524256741,0.6016465355020013
mutation_sd=0.1100,218,True,False,2.0,1.0,0.3010555555555555,4.3296477178895545,0.8270925785017549,0.7880123979562759,0.6345160688291824,0.6345160688291824,0.24760303565784378
mutation_sd=0.1100,219,True,False,2.0,1.0,0.30238888888888893,4.402882394294459,0.8429395233491509,0.7437026363640161,0.6877927479610328,0.6877927479610328,0.4932466961510035
mutation_sd=0.1100,220,True,False,2.0,1.0,0.30969444444444444,4.42435678601757,0.8004101466635583,0.8475528946709379,0.8306151107339239,0.8306151107339239,0.6223052201829272
mutation_sd=0.1100,221,True,False,2.0,1.0,0.3001388888888889,4.289792589406256,0.816302553415525,0.7222518644279616,0.6047973172144311,0.6047973172144311,0.373993294564862
mutation_sd=0.1100,222,False,False,0.9279345215150766,0.9279345215150766,0.2911388888888889,4.02204408524104,0.7423476172120613,0.7486922148249884,0.6902420661423215,0.6902420661423215,0.5695322329639345
mutation_sd=0.1100,223,True,False,2.0,1.0,0.30258333333333337,4.446226417588955,0.8762906195758384,0.7598560469136639,0.6103898336644823,0.6103898336644823,0.4793925107440837
mutation_sd=0.1100,224,False,False,0.9502933549386388,0.9502933549386388,0.2840277777777778,3.9188558424287576,0.7813394038764845,0.5200768402733973,0.4751466774693194,0.4751466774693194,0.6629211609603357
mutation_sd=0.1100,225,True,False,2.0,1.0,0.33775,5.007324869376565,0.8659280524445898,0.805007648058684,0.7222344834035189,0.7222344834035189,0.44390816725636684
mutation_sd=0.1100,226,True,False,2.0,1.0,0.32419444444444445,4.734559638229691,0.8407527767203345,0.7743106463670987,0.7305985954123121,0.7305985954123121,0.7666387034637047
mutation_sd=0.1100,227,True,False,2.0,1.0,0.3148611111111111,4.632885072242854,0.8505059831287841,0.837087741782439,0.7726889240858071,0.7726889240858071,0.6371482880667898
mutation_sd=0.1100,228,True,False,2.0,1.0,0.3019722222222222,4.431013062305849,0.8687481537416027,0.7983959924131321,0.728331756057957,0.728331756057957,0.4439930124121324
mutation_sd=0.1100,229,True,False,2.0,1.0,0.32405555555555554,4.810655868128553,0.8825842224758607,0.7935691861965058,0.7136405237033446,0.7136405237033446,0.3021000438766783
mutation_sd=0.1100,230,True,False,2.0,1.0,0.29980555555555555,4.312349580580034,0.84058169854396,0.725710567116616,0.7478529147872793,0.725710567116616,0.6484105421634717
mutation_sd=0.1100,231,True,False,2.0,1.0,0.32458333333333333,4.797636075675767,0.8667686464847982,0.8214628507932884,0.832877661138739,0.8214628507932884,0.5745716487113174
mutation_sd=0.1100,232,False,False,0.98890739052684,0.98890739052684,0.31666666666666665,4.494202712100291,0.791125912421472,0.7068798704204827,0.749863142579617,0.7068798704204827,0.5739913911896685
mutation_sd=0.1100,233,True,False,2.0,1.0,0.308,4.450563192343375,0.8125741020755212,0.7962568028291777,0.8015670299673194,0.7962568028291777,0.689600965319246
mutation_sd=0.1100,234,True,False,2.0,1.0,0.31975,4.658299992558147,0.8324057775144804,0.8013896218065244,0.7452841158781123,0.7452841158781123,0.3749002428366351
mutation_sd=0.1100,235,True,False,2.0,1.0,0.3352222222222222,4.854466846313417,0.8085060805637233,0.8382873558870299,0.8116849503443517,0.8116849503443517,0.3931534294751077
mutation_sd=0.1100,236,True,False,2.0,1.0,0.32208333333333333,4.676523212502309,0.8398241185920009,0.7600818802380637,0.7804899179901781,0.7600818802380637,0.8051543277687249
mutation_sd=0.1100,237,True,False,2.0,1.0,0.31830555555555556,4.561555945539155,0.8171626572415094,0.6239163196439598,0.6232123690357185,0.6232123690357185,0.6784622189697479
mutation_sd=0.1100,238,True,False,2.0,1.0,0.31294444444444447,4.568616856295424,0.8514366288674253,0.7903975106561101,0.6959698399266453,0.6959698399266453,0.38560773330921094
mutation_sd=0.1100,239,True,False,2.0,1.0,0.31280555555555556,4.530519445188159,0.8427749467040236,0.7441995099904493,0.7936498105082596,0.7441995099904493,0.43329240230719174
mutation_sd=0.1100,240,True,False,2.0,1.0,0.33611111111111114,4.935563825278458,0.8330066769034403,0.8264531108054833,0.7945469151822054,0.7945469151822054,0.5220731103563588
mutation_sd=0.1100,241,False,False,0.9755581940365783,0.9755581940365783,0.30627777777777776,4.3582608336585515,0.7804465552292627,0.7940351418153949,0.7239535305646856,0.7239535305646856,0.4665079782026066
mutation_sd=0.1100,242,True,False,2.0,1.0,0.32180555555555557,4.650281726779143,0.8263835709408461,0.8023795356672394,0.6983373634810496,0.6983373634810496,0.6954593390857092
mutation_sd=0.1100,243,True,False,2.0,1.0,0.33275,4.977629478504332,0.8895809781138682,0.8313868277087596,0.7651439797230399,0.7651439797230399,0.6027986686690576
mutation_sd=0.1100,244,True,False,2.0,1.0,0.29591666666666666,4.349708521406329,0.8595947152835779,0.7572805765703645,0.6390961292798031,0.6390961292798031,0.4826573655889851
mutation_sd=0.1100,245,True,False,2.0,1.0,0.31705555555555553,4.577280883946305,0.8162621601095384,0.8193246562667117,0.7828770677558734,0.7828770677558734,0.7367290391814824
mutation_sd=0.1100,246,True,False,2.0,1.0,0.30730555555555555,4.419264091878674,0.8365503759132281,0.7884200833048473,0.7898452112890336,0.7884200833048473,0.3636358429710411
mutation_sd=0.1100,247,True,False,2.0,1.0,0.3276944444444444,4.797769170827129,0.843849429161108,0.8345490742561393,0.764672051308609,0.764672051308609,0.42064353451713976
mutation_sd=0.1100,248,False,False,0.9699536760043209,0.9699536760043209,0.30388888888888893,4.277671845436291,0.7759629408034567,0.82746257761185,0.6217307220427821,0.6217307220427821,0.4995822484878013
mutation_sd=0.1100,249,True,False,2.0,1.0,0.29266666666666663,4.2879449630673845,0.8754445027338932,0.8186846877210047,0.7205451135589251,0.7205451135589251,0.6927218659679296
mutation_sd=0.1100,250,True,False,2.0,1.0,0.33875,5.130769607772414,0.9126649291529052,0.8237393203698861,0.6820228240082663,0.6820228240082663,0.4397213907478151
mutation_sd=0.1100,251,True,False,2.0,1.0,0.2991944444444445,4.285116775198054,0.8210596146340537,0.7266821440715137,0.6945421243681665,0.6945421243681665,0.38441785522268374
mutation_sd=0.1100,252,True,False,2.0,1.0,0.29411111111111116,4.211731898536735,0.81569721258286,0.7060435508590884,0.7376628281693869,0.7060435508590884,0.36077253444141133
mutation_sd=0.1100,253,True,False,2.0,1.0,0.313,4.647760855997957,0.8956678309102194,0.7966846610430552,0.7489999206392586,0.7489999206392586,0.4950177006558209
mutation_sd=0.1100,254,True,False,2.0,1.0,0.3336111111111111,4.934333125035389,0.8787441081894463,0.8624253384451455,0.6104887447248609,0.6104887447248609,0.6609101249336309
mutation_sd=0.1100,255,True,False,2.0,1.0,0.28558333333333336,4.046818069692525,0.8429147795749894,0.6424402874720383,0.6609260628170303,0.6424402874720383,0.5486793437052652
mutation_sd=0.1100,256,True,False,2.0,1.0,0.3066388888888889,4.456779950455416,0.8378480360908612,0.7727285428569599,0.7481828388250137,0.7481828388250137,0.31834594054900706
mutation_sd=0.1100,257,False,False,0.9807365266405139,0.9807365266405139,0.30366666666666664,4.338292410894154,0.7845892213124112,0.7940735542385539,0.8009699095430256,0.7940735542385539,0.26246054466540086
mutation_sd=0.1100,258,True,False,2.0,1.0,0.30641666666666667,4.42534876178843,0.8114672179768937,0.8311801564633667,0.7157579525633964,0.7157579525633964,0.35971313672816435
mutation_sd=0.1100,259,False,False,0.9145122078965058,0.9145122078965058,0.3015555555555556,4.113920728777478,0.7316097663172046,0.5924310457341101,0.5554933392518194,0.5554933392518194,0.4382562008074376
mutation_sd=0.1100,260,True,False,2.0,1.0,0.32558333333333334,4.779819943332446,0.8538152291796618,0.8537313772326947,0.7983249026085837,0.7983249026085837,0.6954243180673494
mutation_sd=0.1100,261,True,False,2.0,1.0,0.3176111111111111,4.684565824677557,0.8795296839306389,0.7741534026513618,0.8266981924138344,0.7741534026513618,0.6767673115482017
mutation_sd=0.1100,262,True,False,2.0,1.0,0.3029444444444444,4.3889931533053765,0.8303380902895046,0.7506752023395166,0.7069666743423896,0.7069666743423896,0.4506367185563481
mutation_sd=0.1100,263,True,False,2.0,1.0,0.3098888888888889,4.482534903792419,0.8277848905050633,0.7696270657055648,0.7704366932428145,0.7696270657055648,0.35602944526920677
mutation_sd=0.1100,264,True,False,2.0,1.0,0.31805555555555554,4.636681982019405,0.8562833167006482,0.7369871227677314,0.7867701294808233,0.7369871227677314,0.7261229240369792
mutation_sd=0.1100,265,True,False,2.0,1.0,0.32480555555555557,4.781083055319512,0.8423056093981333,0.8576807325369351,0.8495441328634169,0.8495441328634169,0.5530545690304177
mutation_sd=0.1100,266,True,False,2.0,1.0,0.30075,4.305947445121057,0.8227662233163389,0.8194355145490151,0.7066214139384968,0.7066214139384968,0.2610357874318957
mutation_sd=0.1100,267,True,False,2.0,1.0,0.3228888888888889,4.703156381230917,0.8175684394675931,0.8038832440002006,0.7268030683522696,0.7268030683522696,0.4976883007889548
mutation_sd=0.1100,268,True,False,2.0,1.0,0.32480555555555557,4.745654752794327,0.8331565967215304,0.862752581127051,0.7056982975215529,0.7056982975215529,0.7573973097499686
mutation_sd=0.1100,269,True,False,2.0,1.0,0.31216666666666665,4.634451639495994,0.8914317378938142,0.8378975100948168,0.7947767614603146,0.7947767614603146,0.6782395094278587
mutation_sd=0.1100,270,True,False,2.0,1.0,0.29688888888888887,4.43975559985366,0.8961568986855973,0.8379882332834693,0.8798697370081316,0.8379882332834693,0.5819089868919696
mutation_sd=0.1100,271,False,False,0.9734956595787859,0.9734956595787859,0.2886666666666667,4.049200580781614,0.7787965276630288,0.7478759506933218,0.6610450490955618,0.6610450490955618,0.4413900878384087
mutation_sd=0.1100,272,False,False,0.7755331336043494,0.7755331336043494,0.29530555555555554,4.256926639031525,0.8528345037681638,0.7845911425204737,0.3877665668021747,0.3877665668021747,0.2297997293222104
mutation_sd=0.1100,273,True,False,2.0,1.0,0.3035,4.397070870999531,0.8331402283548494,0.7772994701930632,0.8293502060200529,0.7772994701930632,0.5235966695615297
mutation_sd=0.1100,274,True,False,2.0,1.0,0.31444444444444447,4.527426569755152,0.8179635346050881,0.7929617578927249,0.6438919850600686,0.6438919850600686,0.34923265249123964
mutation_sd=0.1100,275,True,False,2.0,1.0,0.2967777777777778,4.353875628058926,0.8728457926681162,0.7766701027625272,0.7074803601743035,0.7074803601743035,0.7036983959113206
mutation_sd=0.1100,276,True,False,2.0,1.0,0.33505555555555555,4.925482461578019,0.858042176409031,0.7657380853320586,0.8021518105516299,0.7657380853320586,0.5867474894741318
mutation_sd=0.1100,277,True,False,2.0,1.0,0.28588888888888886,4.092968558914261,0.8283579840881992,0.7142020048761382,0.7220866119099963,0.7142020048761382,0.4971004712293304
mutation_sd=0.1100,278,True,False,2.0,1.0,0.34355555555555556,5.124879548473837,0.8767636979903904,0.8004621969325361,0.802581180681791,0.8004621969325361,0.6235714800276884
mutation_sd=0.1100,279,False,False,0.9828196191843406,0.9828196191843406,0.31825,4.52871389021179,0.7862556953474725,0.7943482428086752,0.6941132503563497,0.6941132503563497,0.6264916313072331
mutation_sd=0.1100,280,True,False,2.0,1.0,0.3093888888888889,4.448662351067564,0.8092463592435555,0.8153397058051092,0.7088476839711871,0.7088476839711871,0.3656443340967664
mutation_sd=0.1100,281,True,False,2.0,1.0,0.2930277777777778,4.30175833015456,0.8847010575804413,0.8094269497459989,0.549050965833442,0.549050965833442,0.35537434722206956
mutation_sd=0.1100,282,True,False,2.0,1.0,0.3207222222222222,4.8356688038895,0.8974058614827883,0.8373856668326255,0.7587520314082759,0.7587520314082759,0.5227153814999604
mutation_sd=0.1100,283,True,False,2.0,1.0,0.32811111111111113,4.847168473801059,0.8738111230075704,0.8190879201619929,0.7878856926827598,0.7878856926827598,0.7605620406566198
mutation_sd=0.1100,284,False,False,0.7331933179855274,0.7331933179855274,0.2837222222222222,3.9855230282448697,0.8007174500341626,0.7930093032017663,0.3665966589927637,0.3665966589927637,0.5647703870035327
mutation_sd=0.1100,285,True,False,2.0,1.0,0.3233333333333333,4.71747626504617,0.8396871573659904,0.8357432145383784,0.8302434999645707,0.8302434999645707,0.6833719869679289
mutation_sd=0.1100,286,True,False,2.0,1.0,0.30980555555555556,4.503639875662036,0.8408865249312202,0.8671400746733094,0.7919971475354975,0.7919971475354975,0.4350145813154705
mutation_sd=0.1100,287,True,False,2.0,1.0,0.32122222222222224,4.655041254842302,0.8324022550717564,0.8129136742686865,0.7178714196952998,0.7178714196952998,0.41133966145055656
mutation_sd=0.1100,288,True,False,2.0,1.0,0.30258333333333337,4.32217049100198,0.8120960155111414,0.7490730448769759,0.5817241883791068,0.5817241883791068,0.4549317136872966
mutation_sd=0.1100,289,False,False,0.9831656978502806,0.9831656978502806,0.30194444444444446,4.297317334249963,0.7865325582802245,0.8112999222563865,0.6129945142334683,0.6129945142334683,0.39526019637917587
mutation_sd=0.1100,290,False,False,0.9936658154924056,0.9936658154924056,0.31311111111111106,4.457320452604723,0.7949326523939245,0.7286224997868956,0.7073422870269045,0.7073422870269045,0.5836306623652986
mutation_sd=0.1100,291,True,False,2.0,1.0,0.32402777777777775,4.763834969818683,0.8442692380047236,0.781060276143144,0.7528562212602439,0.7528562212602439,0.28305640206219057
mutation_sd=0.1100,292,True,False,2.0,1.0,0.30044444444444446,4.39572526710661,0.869299697128177,0.7706337145708446,0.6815382597700942,0.6815382597700942,0.4819363695274855
mutation_sd=0.1100,293,True,False,2.0,1.0,0.2894722222222222,4.087424865906938,0.8028997671541588,0.7194383028713643,0.6716700043872302,0.6716700043872302,0.32866911617291095
mutation_sd=0.1100,294,True,False,2.0,1.0,0.2768333333333333,3.9979309939627714,0.8508174785169377,0.6268955900713168,0.6455551156920959,0.6268955900713168,0.5271241278395343
mutation_sd=0.1100,295,True,False,2.0,1.0,0.3244166666666667,4.72724839648242,0.8348315477097811,0.8631403611055493,0.7654237588227899,0.7654237588227899,0.7625685851423856
mutation_sd=0.1100,296,True,False,2.0,1.0,0.3027222222222222,4.390921115149419,0.8254424279902045,0.8087925298014524,0.7579450803315055,0.7579450803315055,0.4323367955889231
mutation_sd=0.1100,297,True,False,2.0,1.0,0.31775000000000003,4.715236025395119,0.8780204632291887,0.823894073555028,0.7906670529526842,0.7906670529526842,0.5538169835967888
mutation_sd=0.1100,298,True,False,2.0,1.0,0.3426111111111111,5.063373176372067,0.8616123297802194,0.77415986611224,0.8412019957075391,0.77415986611224,0.3130713645597971
mutation_sd=0.1100,299,True,False,2.0,1.0,0.3129166666666666,4.703862797971774,0.9117686962215625,0.8623810195273494,0.6490015263857157,0.6490015263857157,0.5201875234719033
transposition_mutation_correlation=0.0000,200,False,False,0.9889917446381619,0.9889917446381619,0.29986111111111113,4.236772733820034,0.7911933957105295,0.6530731872969155,0.5628863572555223,0.5628863572555223,0.7508224567129853
transposition_mutation_correlation=0.0000,201,True,False,2.0,1.0,0.31263888888888886,4.666731819629129,0.8949450409664457,0.7831513486388396,0.7736504992648725,0.7736504992648725,0.47169756438596294
transposition_mutation_correlation=0.0000,202,True,False,2.0,1.0,0.33819444444444446,4.991720328331618,0.84988599976059,0.7780862209590468,0.7939821968747752,0.7780862209590468,0.6684575003852659
transposition_mutation_correlation=0.0000,203,True,False,2.0,1.0,0.3341944444444444,4.923293779347781,0.8421680281101512,0.8671367821044477,0.7374660798855661,0.7374660798855661,0.6293370744543272
transposition_mutation_correlation=0.0000,204,True,False,2.0,1.0,0.2995555555555555,4.376812287533255,0.858094988302242,0.8626956268103085,0.5031283440027203,0.5031283440027203,0.7025737958474694
transposition_mutation_correlation=0.0000,205,True,False,2.0,1.0,0.3176388888888889,4.731988985668921,0.8811361212485088,0.8240244132587237,0.7510855133279326,0.7510855133279326,0.5731637574136071
transposition_mutation_correlation=0.0000,206,True,False,2.0,1.0,0.3383888888888889,4.964478165545482,0.8401611142752546,0.8708931633283011,0.7717057440794776,0.7717057440794776,0.4812981915523969
transposition_mutation_correlation=0.0000,207,True,False,2.0,1.0,0.29222222222222227,4.231682295806742,0.8445135707877023,0.6958300222941489,0.6534005192345361,0.6534005192345361,0.4964426088015885
transposition_mutation_correlation=0.0000,208,True,False,2.0,1.0,0.3124444444444444,4.560811733390526,0.8506913798902533,0.7983301276192286,0.5820383934509075,0.5820383934509075,0.6538554802661876
transposition_mutation_correlation=0.0000,209,True,False,2.0,1.0,0.34825,5.172898829295903,0.858827033169302,0.8538388785179892,0.8626761111761014,0.8538388785179892,0.6678801788124928
transposition_mutation_correlation=0.0000,210,False,False,0.9234894308057544,0.9234894308057544,0.30930555555555556,4.445306464789403,0.8340679523474221,0.7150171496711338,0.4617447154028772,0.4617447154028772,0.2803758575796854
transposition_mutation_correlation=0.0000,211,True,False,2.0,1.0,0.34419444444444447,5.120779061191256,0.8832792430725294,0.7965074660711294,0.7628025021347498,0.7628025021347498,0.4814645874293945
transposition_mutation_correlation=0.0000,212,True,False,2.0,1.0,0.33191666666666664,4.922351802131965,0.8663281923300478,0.7832910937830734,0.8050415639107841,0.7832910937830734,0.3541378559560012
transposition_mutation_correlation=0.0000,213,True,False,2.0,1.0,0.3275277777777778,4.789656186295166,0.8706414234208008,0.7426130831533041,0.5639715883528618,0.5639715883528618,0.45283111022558614
transposition_mutation_correlation=0.0000,214,True,False,2.0,1.0,0.2931388888888889,4.1440089627602825,0.8102164940229051,0.821624748737122,0.5734134838546435,0.5734134838546435,0.7341558145983812
transposition_mutation_correlation=0.0000,215,True,False,2.0,1.0,0.32708333333333334,4.8257935542746475,0.8690346325581643,0.8406734206362868,0.6083112171408106,0.6083112171408106,0.6833670785401604
transposition_mutation_correlation=0.0000,216,True,False,2.0,1.0,0.3218611111111111,4.766022159346906,0.8725336190341905,0.8114810026898297,0.6768701575645529,0.6768701575645529,0.8301897327657474
transposition_mutation_correlation=0.0000,217,True,False,2.0,1.0,0.31677777777777777,4.601116766535363,0.8225130207504388,0.8241875171275551,0.7882573728927548,0.7882573728927548,0.2838984688206511
transposition_mutation_correlation=0.0000,218,True,False,2.0,1.0,0.31505555555555553,4.621590308844086,0.8542568345115612,0.8132378912554111,0.7804743863931493,0.7804743863931493,0.5301709222990268
transposition_mutation_correlation=0.0000,219,True,False,2.0,1.0,0.3122777777777778,4.623982800092563,0.8732930960137417,0.779158578403279,0.7108790760787048,0.7108790760787048,0.28385669881092535
transposition_mutation_correlation=0.0000,220,True,False,2.0,1.0,0.32869444444444446,4.837659899811595,0.8459545059141976,0.8621690949059153,0.6536785636798991,0.6536785636798991,0.39647935529588796
transposition_mutation_correlation=0.0000,221,True,False,2.0,1.0,0.33213888888888893,4.950585885268177,0.9023247309303627,0.8623590474272941,0.7290114525414739,0.7290114525414739,0.5736668567753788
transposition_mutation_correlation=0.0000,222,False,False,0.9898229890458191,0.9898229890458191,0.27219444444444446,3.858809704230087,0.8480861773377285,0.49491149452290956,0.6328032309962449,0.49491149452290956,0.65757195914463
transposition_mutation_correlation=0.0000,223,True,False,2.0,1.0,0.3248333333333333,4.822933716900161,0.8605455845986503,0.792623511879789,0.7721234978241439,0.7721234978241439,0.58795676498437
transposition_mutation_correlation=0.0000,224,True,False,2.0,1.0,0.32411111111111107,4.664792336233989,0.8036132641416184,0.8557838869687725,0.6799255893534836,0.6799255893534836,0.49644136955021423
transposition_mutation_correlation=0.0000,225,True,False,2.0,1.0,0.3215,4.683642446709685,0.8458304427866449,0.7357415397122403,0.7357244865979894,0.7357244865979894,0.5547436110914845
transposition_mutation_correlation=0.0000,226,True,False,2.0,1.0,0.3363888888888889,5.009245645708559,0.8905936323444448,0.8319486372203315,0.6022233992444324,0.6022233992444324,0.644794853429651
transposition_mutation_correlation=0.0000,227,True,False,2.0,1.0,0.3214722222222222,4.646094662204879,0.8203035114212479,0.7970620723310734,0.6762962759530222,0.6762962759530222,0.6332770128811929
transposition_mutation_correlation=0.0000,228,True,False,2.0,1.0,0.3238333333333333,4.7027439354258265,0.8322869689539745,0.7408565708318462,0.6775185944042269,0.6775185944042269,0.3778940711232293
transposition_mutation_correlation=0.0000,229,True,False,2.0,1.0,0.32861111111111113,4.771650627289989,0.8279822889914862,0.8172345990411997,0.8132627230761219,0.8132627230761219,0.4720456860304921
transposition_mutation_correlation=0.0000,230,True,False,2.0,1.0,0.33513888888888893,4.9829418546524264,0.8650715364453817,0.805148290345875,0.7681414270498866,0.7681414270498866,0.6992859083241305
transposition_mutation_correlation=0.0000,231,True,False,2.0,1.0,0.312,4.5650917843349905,0.8517464949574769,0.8381973146865572,0.6260244931586463,0.6260244931586463,0.42065964874501266
transposition_mutation_correlation=0.0000,232,True,False,2.0,1.0,0.31525,4.594143965306074,0.8131070530863339,0.7905755934875487,0.6610477253599315,0.6610477253599315,0.6463137805674021
transposition_mutation_correlation=0.0000,233,True,False,2.0,1.0,0.31611111111111106,4.546467579119844,0.8279464847146922,0.807667732129472,0.5557950537965698,0.5557950537965698,0.49122933066922886
transposition_mutation_correlation=0.0000,234,True,False,2.0,1.0,0.3151388888888889,4.569043607477948,0.8248206251918302,0.7692783837607141,0.8536620724962085,0.7692783837607141,0.5953579622553725
transposition_mutation_correlation=0.0000,235,True,False,2.0,1.0,0.33722222222222226,5.031301250335456,0.8864993572190457,0.8942235915750404,0.7502282119936724,0.7502282119936724,0.48211539423286254
transposition_mutation_correlation=0.0000,236,True,False,2.0,1.0,0.3378888888888889,5.088499939275599,0.8996112861162869,0.8732639769057724,0.728591064820616,0.728591064820616,0.5542872028225692
transposition_mutation_correlation=0.0000,237,True,False,2.0,1.0,0.3243611111111111,4.7853162603733415,0.8557838743988501,0.8499278009376424,0.747055260848683,0.747055260848683,0.6154962518486662
transposition_mutation_correlation=0.0000,238,True,False,2.0,1.0,0.27725000000000005,4.01430125312508,0.8661941334500913,0.7516069141644912,0.5330591085133736,0.5330591085133736,0.808290392099566
transposition_mutation_correlation=0.0000,239,True,False,2.0,1.0,0.3148611111111111,4.562780589733053,0.8400740383666577,0.8190518483106423,0.5652822111235148,0.5652822111235148,0.7506720482762025
transposition_mutation_correlation=0.0000,240,True,False,2.0,1.0,0.31969444444444445,4.760341029326961,0.889444214292445,0.8358305018447224,0.7791043244290303,0.7791043244290303,0.3976173716218929
transposition_mutation_correlation=0.0000,241,True,False,2.0,1.0,0.3039722222222222,4.469465570655697,0.8734744694704333,0.764472431157785,0.7577498273808762,0.7577498273808762,0.6497707625009884
transposition_mutation_correlation=0.0000,242,True,False,2.0,1.0,0.3310833333333333,5.019007275195734,0.9163929524218127,0.8531316373554587,0.6297628932806147,0.6297628932806147,0.5752015538483913
transposition_mutation_correlation=0.0000,243,True,False,2.0,1.0,0.3238333333333333,4.804458261360236,0.8685585708950551,0.7558230770969698,0.6890672096784448,0.6890672096784448,0.3555623076371914
transposition_mutation_correlation=0.0000,244,True,False,2.0,1.0,0.3347222222222222,4.93049261399215,0.8537858458080885,0.8400276413863176,0.7016370323281406,0.7016370323281406,0.6554869026534902
transposition_mutation_correlation=0.0000,245,False,False,0.9785479341507556,0.9785479341507556,0.3168888888888889,4.5551046186765864,0.7828383473206045,0.8227206061762419,0.7119071103236062,0.7119071103236062,0.2829884536433837
transposition_mutation_correlation=0.0000,246,True,False,2.0,1.0,0.33816666666666667,5.05323429015508,0.8879118983162677,0.8030059106073408,0.8391153553128714,0.8030059106073408,0.5368091994344935
transposition_mutation_correlation=0.0000,247,True,False,2.0,1.0,0.33272222222222225,4.964526979997979,0.8783807526207732,0.7866032979284413,0.7445399545208959,0.7445399545208959,0.4444487925251803
transposition_mutation_correlation=0.0000,248,True,False,2.0,1.0,0.30494444444444446,4.448088360254304,0.8718358893881583,0.8233378156992353,0.5539642610364431,0.5539642610364431,0.744511578640251
transposition_mutation_correlation=0.0000,249,True,False,2.0,1.0,0.32611111111111113,4.843878861406307,0.8850416581577875,0.7885352519564758,0.5328721403803679,0.5328721403803679,0.5941441049812265
transposition_mutation_correlation=0.0000,250,True,False,2.0,1.0,0.286,4.121679593912895,0.8599591997295589,0.7472217547572041,0.8112972155712017,0.7472217547572041,0.4520525264170645
transposition_mutation_correlation=0.0000,251,True,False,2.0,1.0,0.30216666666666664,4.3283408717515535,0.8130237231882803,0.8343497536507949,0.7441059760836252,0.7441059760836252,0.4841372013714446
transposition_mutation_correlation=0.0000,252,True,False,2.0,1.0,0.32166666666666666,4.815377701102312,0.9115062480046634,0.7596847606607259,0.7376910199462697,0.7376910199462697,0.5131817628169292
transposition_mutation_correlation=0.0000,253,True,False,2.0,1.0,0.3368888888888889,5.042466194026696,0.8858248473032092,0.8624229799816682,0.7397655309435202,0.7397655309435202,0.5406259734409514
transposition_mutation_correlation=0.0000,254,True,False,2.0,1.0,0.3352777777777778,5.000469262682186,0.8913453907232837,0.7923291278903767,0.7759639577010783,0.7759639577010783,0.7000121147713704
transposition_mutation_correlation=0.0000,255,True,False,2.0,1.0,0.33238888888888884,4.926710014026837,0.8708965761995736,0.8430602637226113,0.7394463591296102,0.7394463591296102,0.4571344033865302
transposition_mutation_correlation=0.0000,256,True,False,2.0,1.0,0.3184444444444444,4.57572738210931,0.8061506673552146,0.6862989937805946,0.8162381873549568,0.6862989937805946,0.4305018505345823
transposition_mutation_correlation=0.0000,257,True,False,2.0,1.0,0.31413888888888886,4.6986197918331145,0.9115601595061984,0.7649734077115938,0.667582782095271,0.667582782095271,0.3984326608291694
transposition_mutation_correlation=0.0000,258,True,False,2.0,1.0,0.33602777777777776,5.017616439398002,0.8775409336191745,0.8705852246323,0.8885531319131075,0.8705852246323,0.5501784758459867
transposition_mutation_correlation=0.0000,259,True,False,2.0,1.0,0.32419444444444445,4.754630210277268,0.8505471437028629,0.803814902103754,0.6915083356571312,0.6915083356571312,0.1734511800823331
transposition_mutation_correlation=0.0000,260,True,False,2.0,1.0,0.32219444444444445,4.704935004749383,0.8436632918233186,0.8064591359742239,0.6430687496317659,0.6430687496317659,0.5718821142568868
transposition_mutation_correlation=0.0000,261,True,False,2.0,1.0,0.3141111111111111,4.551166598883532,0.8209224202034655,0.8452593494058647,0.7116406470857022,0.7116406470857022,0.4997486163845745
transposition_mutation_correlation=0.0000,262,True,False,2.0,1.0,0.3086388888888889,4.430192600158984,0.835630885899061,0.754236257327035,0.6637375461252261,0.6637375461252261,0.42336396661867703
transposition_mutation_correlation=0.0000,263,True,False,2.0,1.0,0.3264166666666667,4.860093199461647,0.8953709583410335,0.7763001807513882,0.6708818774234133,0.6708818774234133,0.5666439888664044
transposition_mutation_correlation=0.0000,264,False,False,0.8423619751760135,0.8423619751760135,0.2958055555555556,4.2674061649648865,0.8664347379660672,0.7557010292850133,0.42118098758800676,0.42118098758800676,0.6755181339390168
transposition_mutation_correlation=0.0000,265,True,False,2.0,1.0,0.32805555555555554,4.839103350371961,0.8590126932122669,0.8774973417149445,0.6305459440491712,0.6305459440491712,0.3825148657746418
transposition_mutation_correlation=0.0000,266,True,False,2.0,1.0,0.31955555555555554,4.644956196457829,0.8277753580141625,0.8649580594781049,0.7649045502862983,0.7649045502862983,0.2984152593033726
transposition_mutation_correlation=0.0000,267,True,False,2.0,1.0,0.32358333333333333,4.819074883894556,0.8644462276698299,0.8185888630935129,0.7543817287392435,0.7543817287392435,0.3284596425149445
transposition_mutation_correlation=0.0000,268,True,False,2.0,1.0,0.34227777777777774,5.166901662258997,0.9128524461595044,0.8506233394079828,0.8415700608698595,0.8415700608698595,0.7091272044234829
transposition_mutation_correlation=0.0000,269,True,False,2.0,1.0,0.3160555555555556,4.609405575362791,0.8458702224718356,0.8007863257237813,0.6821012578641581,0.6821012578641581,0.3582529139183548
transposition_mutation_correlation=0.0000,270,True,False,2.0,1.0,0.33261111111111114,4.979509204304196,0.8917693173794301,0.7808237263628126,0.7391611392456376,0.7391611392456376,0.5020939361850996
transposition_mutation_correlation=0.0000,271,True,False,2.0,1.0,0.29877777777777775,4.296910665843287,0.8104497232115259,0.8716100813879096,0.693394412974943,0.693394412974943,0.469222053979991
transposition_mutation_correlation=0.0000,272,True,False,2.0,1.0,0.32180555555555557,4.785163904045033,0.8860977349388973,0.7689045443835861,0.5015009641354937,0.5015009641354937,0.7379298360187044
transposition_mutation_correlation=0.0000,273,True,False,2.0,1.0,0.3225555555555556,4.833078641838528,0.8948529168185526,0.8416194026329776,0.6867701352602519,0.6867701352602519,0.3707500868379342
transposition_mutation_correlation=0.0000,274,True,False,2.0,1.0,0.3160555555555556,4.550206242783548,0.8246878362792442,0.7846940472602574,0.716373085417689,0.716373085417689,0.46305305494817345
transposition_mutation_correlation=0.0000,275,True,False,2.0,1.0,0.29877777777777775,4.295165509016471,0.8129723112905861,0.7968734145251108,0.7793095279936738,0.7793095279936738,0.5277192007813059
transposition_mutation_correlation=0.0000,276,True,False,2.0,1.0,0.332,4.937526085557617,0.8671408494741083,0.8629126392943249,0.7817659613251908,0.7817659613251908,0.4231680526354429
transposition_mutation_correlation=0.0000,277,True,False,2.0,1.0,0.29733333333333334,4.349276567884657,0.8691660292394426,0.7814834515155322,0.5808172870802546,0.5808172870802546,0.33998834708051967
transposition_mutation_correlation=0.0000,278,True,False,2.0,1.0,0.31752777777777774,4.54732273002584,0.8110426991810706,0.8223048735086689,0.7158451664978208,0.7158451664978208,0.6180291607996129
transposition_mutation_correlation=0.0000,279,True,False,2.0,1.0,0.33305555555555555,4.915440826778874,0.879024861403818,0.7992326925716237,0.7897287139397907,0.7897287139397907,0.6078027382247456
transposition_mutation_correlation=0.0000,280,True,False,2.0,1.0,0.33872222222222226,5.04314866234547,0.8604197111038769,0.8175253090466966,0.8338433735031615,0.8175253090466966,0.44718832441261325
transposition_mutation_correlation=0.0000,281,False,False,0.9500887874309422,0.9500887874309422,0.30786111111111114,4.324267854346307,0.7600710299447537,0.7973723851900252,0.7898125838251817,0.7898125838251817,0.5743229610379917
transposition_mutation_correlation=0.0000,282,True,False,2.0,1.0,0.31816666666666665,4.628124357937,0.8447429498641253,0.7905168960814648,0.7219995338207013,0.7219995338207013,0.3878107415514748
transposition_mutation_correlation=0.0000,283,True,False,2.0,1.0,0.3233333333333333,4.743338958157936,0.8460898559825444,0.8233179750808571,0.6892138323061278,0.6892138323061278,0.3835339790250903
transposition_mutation_correlation=0.0000,284,True,False,2.0,1.0,0.32661111111111113,4.8684023241080725,0.8843723037753791,0.8070864032533887,0.6370265484156744,0.6370265484156744,0.6222698604620788
transposition_mutation_correlation=0.0000,285,True,False,2.0,1.0,0.3019722222222222,4.430626953160779,0.8627489099202368,0.7837118005047116,0.7321910190926995,0.7321910190926995,0.40878565257001787
transposition_mutation_correlation=0.0000,286,True,False,2.0,1.0,0.31808333333333333,4.708508851959724,0.8755218456138855,0.8424058836626037,0.7921646331501219,0.7921646331501219,0.7757282806941049
transposition_mutation_correlation=0.0000,287,True,False,2.0,1.0,0.2976388888888889,4.412710471190734,0.9011034195019757,0.7274785396708688,0.8655665375500065,0.7274785396708688,0.4552061046499618
transposition_mutation_correlation=0.0000,288,True,False,2.0,1.0,0.34955555555555556,5.225811060245714,0.8811770074629244,0.8384036810869588,0.8074883143428622,0.8074883143428622,0.5950017311775749
transposition_mutation_correlation=0.0000,289,False,False,0.9830305381334477,0.9830305381334477,0.31275000000000003,4.443076228580308,0.7864244305067581,0.8076223361339021,0.6569625345696071,0.6569625345696071,0.3984478880632448
transposition_mutation_correlation=0.0000,290,True,False,2.0,1.0,0.31033333333333335,4.4406480273594315,0.8052659356918591,0.7690491483808134,0.6249719702425126,0.6249719702425126,0.6279771560633297
transposition_mutation_correlation=0.0000,291,False,False,0.9898820086384948,0.9898820086384948,0.3116388888888889,4.461287836037944,0.7919056069107959,0.8297295532353117,0.7771152813406954,0.7771152813406954,0.6398228095989646
transposition_mutation_correlation=0.0000,292,True,False,2.0,1.0,0.32819444444444446,4.807767097770347,0.8410643176305341,0.7876421281005079,0.830543774710221,0.7876421281005079,0.29033779149558625
transposition_mutation_correlation=0.0000,293,True,False,2.0,1.0,0.31475000000000003,4.6254951027756,0.8588812804360134,0.8385005274418925,0.8194980243460428,0.8194980243460428,0.3365224595434252
transposition_mutation_correlation=0.0000,294,True,False,2.0,1.0,0.31425000000000003,4.680536848544944,0.9106580725541722,0.8019781717555907,0.5325954088531516,0.5325954088531516,0.17249166426862877
transposition_mutation_correlation=0.0000,295,False,False,0.928661433771969,0.928661433771969,0.29733333333333334,4.106259489359934,0.7429291470175752,0.8089109483354625,0.6213493135767967,0.6213493135767967,0.4432699292890388
transposition_mutation_correlation=0.0000,296,True,False,2.0,1.0,0.3203888888888889,4.808751635579132,0.9123194936676228,0.794149145159719,0.65036417093881,0.65036417093881,0.4330033360352192
transposition_mutation_correlation=0.0000,297,True,False,2.0,1.0,0.30830555555555555,4.421238573254081,0.8019427149981,0.8465002061159492,0.7494988792768544,0.7494988792768544,0.7624121917980667
transposition_mutation_correlation=0.0000,298,True,False,2.0,1.0,0.3371944444444444,5.026313654926619,0.8771174229451143,0.8366671033116896,0.7447378434009528,0.7447378434009528,0.5735524571979743
transposition_mutation_correlation=0.0000,299,False,False,0.9750702822083487,0.9750702822083487,0.31572222222222224,4.465666621712826,0.780056225766679,0.7887055171432198,0.6926266971697186,0.6926266971697186,0.828471036445866
transposition_mutation_correlation=0.1500,200,True,False,2.0,1.0,0.3241388888888889,4.730542212966508,0.857671130981423,0.8749232523927594,0.7613156093234547,0.7613156093234547,0.5828436786742495
transposition_mutation_correlation=0.1500,201,True,False,2.0,1.0,0.3178611111111111,4.64437701089515,0.8507534789463705,0.8171773449855123,0.7355259583467076,0.7355259583467076,0.6724494030675907
transposition_mutation_correlation=0.1500,202,False,False,0.9809054389101556,0.9809054389101556,0.3133888888888889,4.682508732567245,0.9001514279129345,0.8373870926801776,0.4904527194550778,0.4904527194550778,0.6326880600804363
transposition_mutation_correlation=0.1500,203,True,False,2.0,1.0,0.3171111111111111,4.651327476043074,0.8705078368790562,0.7010549855654364,0.7152788625399076,0.7010549855654364,0.5287528002613396
transposition_mutation_correlation=0.1500,204,False,False,0.9769911751231436,0.9769911751231436,0.31444444444444447,4.495278846025794,0.7815929400985149,0.7316586089456045,0.821714362882828,0.7316586089456045,0.7003644518279313
transposition_mutation_correlation=0.1500,205,True,False,2.0,1.0,0.3298888888888889,4.873635162623889,0.8703190311380704,0.7788805077236015,0.7603478564677819,0.7603478564677819,0.854268901897512
transposition_mutation_correlation=0.1500,206,True,False,2.0,1.0,0.31086111111111114,4.532012918383275,0.8380073675914569,0.7921812242727461,0.8081633942951364,0.7921812242727461,0.5616090331070612
transposition_mutation_correlation=0.1500,207,True,False,2.0,1.0,0.30733333333333335,4.456522191050955,0.842040520754106,0.8577491964759806,0.7037731241137463,0.7037731241137463,0.5031730948796855
transposition_mutation_correlation=0.1500,208,True,False,2.0,1.0,0.31858333333333333,4.666515318252532,0.8525280801616474,0.825241815469841,0.7287939926555145,0.7287939926555145,0.6242710633096186
transposition_mutation_correlation=0.1500,209,True,False,2.0,1.0,0.3354722222222222,4.934992486407315,0.8416933848865592,0.8265801457592533,0.7688149501403703,0.7688149501403703,0.7972330111596826
transposition_mutation_correlation=0.1500,210,True,False,2.0,1.0,0.3348333333333333,5.008946248882585,0.8936285758247096,0.8789826255758898,0.773906127163841,0.773906127163841,0.7104708039154709
transposition_mutation_correlation=0.1500,211,True,False,2.0,1.0,0.28925,4.148339000463668,0.8188859555776733,0.6858767614798083,0.6763764401543507,0.6763764401543507,0.2980824821183277
transposition_mutation_correlation=0.1500,212,True,False,2.0,1.0,0.32899999999999996,4.86052078092283,0.8720168853174232,0.8093300825522458,0.7403194257228798,0.7403194257228798,0.3127409895108639
transposition_mutation_correlation=0.1500,213,True,False,2.0,1.0,0.33405555555555555,4.941898990392974,0.8568807117231879,0.8380810047435924,0.6585729819127928,0.6585729819127928,0.660457176719532
transposition_mutation_correlation=0.1500,214,True,False,2.0,1.0,0.31252777777777774,4.59630794139562,0.8710863078450449,0.7870194196106767,0.7496388290723744,0.7496388290723744,0.45861809379708124
transposition_mutation_correlation=0.1500,215,False,False,0.9973582999168619,0.9973582999168619,0.32469444444444445,4.660936493492539,0.7978866399334895,0.7809635134756906,0.7182791835780261,0.7182791835780261,0.457130624730292
transposition_mutation_correlation=0.1500,216,True,False,2.0,1.0,0.32125,4.651515930878324,0.8205484395445701,0.8850132524031594,0.6980699038289884,0.6980699038289884,0.33168269528991384
transposition_mutation_correlation=0.1500,217,True,False,2.0,1.0,0.31466666666666665,4.634464259992326,0.8677712034859404,0.834457816608611,0.6294108560256223,0.6294108560256223,0.701270838527192
transposition_mutation_correlation=0.1500,218,True,False,2.0,1.0,0.3183611111111111,4.607435807768877,0.8407294550843293,0.8190091440317838,0.6960920350963147,0.6960920350963147,0.7213872123638222
transposition_mutation_correlation=0.1500,219,True,False,2.0,1.0,0.31633333333333336,4.550412461624033,0.805774933501206,0.8172885151662523,0.6455648622483824,0.6455648622483824,0.7704756275123359
transposition_mutation_correlation=0.1500,220,True,False,2.0,1.0,0.32058333333333333,4.795719042357288,0.9132173803225545,0.8282115172460685,0.6234067712681459,0.6234067712681459,0.7207433867735629
transposition_mutation_correlation=0.1500,221,True,False,2.0,1.0,0.3235,4.721127364961055,0.8294953584865807,0.8952779063787766,0.6559321857246568,0.6559321857246568,0.42580945249666546
transposition_mutation_correlation=0.1500,222,False,False,0.9947986494270885,0.9947986494270885,0.31980555555555557,4.575621716805541,0.7958389195416709,0.8021657155272385,0.7301998120515799,0.7301998120515799,0.5875792804526271
transposition_mutation_correlation=0.1500,223,True,False,2.0,1.0,0.3318055555555556,4.931971475148192,0.8672184026387076,0.8766235479184978,0.8349744080941554,0.8349744080941554,0.711762299605514
transposition_mutation_correlation=0.1500,224,True,False,2.0,1.0,0.32111111111111107,4.688270147578666,0.8546716414665071,0.8008793728597612,0.7669787288156626,0.7669787288156626,0.7339710931109075
transposition_mutation_correlation=0.1500,225,True,False,2.0,1.0,0.3033888888888889,4.400828922834756,0.837040482407395,0.8118503370521544,0.7637995577208863,0.7637995577208863,0.41557473183379956
transposition_mutation_correlation=0.1500,226,False,False,0.9998993204615961,0.9998993204615961,0.3251666666666667,4.680123724737479,0.799919456369277,0.7863565363631783,0.7830654959263426,0.7830654959263426,0.7748317350244162
transposition_mutation_correlation=0.1500,227,True,False,2.0,1.0,0.33125,4.93680218486618,0.8811931926968181,0.7996049602104472,0.7350145251658174,0.7350145251658174,0.6182612444399471
transposition_mutation_correlation=0.1500,228,True,False,2.0,1.0,0.34680555555555553,5.015231101142093,0.8027027075145874,0.8433304146045726,0.747861945843408,0.747861945843408,0.7232998476702988
transposition_mutation_correlation=0.1500,229,True,False,2.0,1.0,0.34030555555555553,5.017961559113279,0.8568170123879375,0.8302632024109141,0.797889494408906,0.797889494408906,0.615791680664869
transposition_mutation_correlation=0.1500,230,False,False,0.9936141844514164,0.9936141844514164,0.3128888888888889,4.449593060305437,0.7948913475611331,0.7768791517487268,0.8348716171211039,0.7768791517487268,0.8242929324800069
transposition_mutation_correlation=0.1500,231,True,False,2.0,1.0,0.34688888888888886,5.094610179822096,0.8420483828328038,0.8200192394544233,0.7474452819200432,0.7474452819200432,0.6271576685059927
transposition_mutation_correlation=0.1500,232,True,False,2.0,1.0,0.30844444444444447,4.508276402044189,0.8647992024327371,0.7662157935437042,0.7831860072763146,0.7662157935437042,0.723480571401348
transposition_mutation_correlation=0.1500,233,False,False,0.9461789679833328,0.9461789679833328,0.30769444444444444,4.27783918469123,0.7569431743866663,0.688486579653231,0.522933632124652,0.522933632124652,0.3616028004062307
transposition_mutation_correlation=0.1500,234,True,False,2.0,1.0,0.3356388888888889,5.0124995416786176,0.8793611780097023,0.8202891588246725,0.7421699982201955,0.7421699982201955,0.6307149008031593
transposition_mutation_correlation=0.1500,235,True,False,2.0,1.0,0.3408611111111111,4.974567478312096,0.8250414229718539,0.802497898463032,0.766934838845319,0.766934838845319,0.6162442085290871
transposition_mutation_correlation=0.1500,236,True,False,2.0,1.0,0.3193888888888889,4.583232643720231,0.804529853530142,0.786981583501991,0.7916860136352865,0.786981583501991,0.6434842976762976
transposition_mutation_correlation=0.1500,237,True,False,2.0,1.0,0.31519444444444444,4.540690552108272,0.8226406332907793,0.7901496203880968,0.7316309008852514,0.7316309008852514,0.5774796016820611
transposition_mutation_correlation=0.1500,238,True,False,2.0,1.0,0.34675,5.062978277568217,0.8329187433778408,0.7510840278987749,0.7204010513994406,0.7204010513994406,0.7020452464189695
transposition_mutation_correlation=0.1500,239,False,False,0.995190655081011,0.995190655081011,0.30672222222222223,4.339198963970065,0.7961525240648089,0.7725833386395781,0.721173866831461,0.721173866831461,0.4502811111416215
transposition_mutation_correlation=0.1500,240,True,False,2.0,1.0,0.32530555555555557,4.823686673109316,0.8823676671796392,0.8616040871764425,0.6197343767435818,0.6197343767435818,0.5006921557804906
transposition_mutation_correlation=0.1500,241,True,False,2.0,1.0,0.3298333333333333,4.779885569535578,0.8273507526313156,0.7909023274208612,0.8402635082009982,0.7909023274208612,0.8257290203457714
transposition_mutation_correlation=0.1500,242,False,False,0.9500633196614066,0.9500633196614066,0.30369444444444443,4.425654135360634,0.8686721163641666,0.763702538755373,0.4750316598307033,0.4750316598307033,0.3477699913542676
transposition_mutation_correlation=0.1500,243,True,False,2.0,1.0,0.32461111111111113,4.730868037864243,0.8365941636204983,0.7819741983347002,0.7912219744057977,0.7819741983347002,0.5975788769546189
transposition_mutation_correlation=0.1500,244,True,False,2.0,1.0,0.3175555555555556,4.596964493670674,0.8196684427877687,0.7832448321797579,0.7770442879825242,0.7770442879825242,0.5049406690570325
transposition_mutation_correlation=0.1500,245,True,False,2.0,1.0,0.31769444444444445,4.569176066410206,0.8116524843348901,0.7462940592896531,0.5510159108844498,0.5510159108844498,0.7535755375482001
transposition_mutation_correlation=0.1500,246,True,False,2.0,1.0,0.32505555555555554,4.752874544049089,0.8423125219162372,0.785551129857614,0.7664958298751117,0.7664958298751117,0.4002858683670136
transposition_mutation_correlation=0.1500,247,False,False,0.6075773665572017,0.6075773665572017,0.30636111111111114,3.84532739340013,0.48606189324576143,0.40879840114943317,0.42189914285539737,0.40879840114943317,0.5208172183741361
transposition_mutation_correlation=0.1500,248,True,False,2.0,1.0,0.30574999999999997,4.469685045399903,0.8640334907514597,0.7655269965801669,0.7651308454112935,0.7651308454112935,0.5618271916189861
transposition_mutation_correlation=0.1500,249,True,False,2.0,1.0,0.32658333333333334,4.870334473405504,0.9071287987790612,0.8347913116958776,0.6187153687163516,0.6187153687163516,0.6809023538977217
transposition_mutation_correlation=0.1500,250,True,False,2.0,1.0,0.31316666666666665,4.600552891458103,0.8471586668545401,0.7828395747105971,0.8796240946505193,0.7828395747105971,0.22827645398235405
transposition_mutation_correlation=0.1500,251,True,False,2.0,1.0,0.31380555555555556,4.578975519142047,0.8531141319385792,0.6779448943461738,0.6137312145745432,0.6137312145745432,0.33700377819138244
transposition_mutation_correlation=0.1500,252,True,False,2.0,1.0,0.32330555555555557,4.6348352027826705,0.8218033000234688,0.6929400519897888,0.738772614218591,0.6929400519897888,0.7694681451042401
transposition_mutation_correlation=0.1500,253,True,False,2.0,1.0,0.3085555555555555,4.596618867676832,0.9098329195079765,0.8424774636731269,0.553858973744575,0.553858973744575,0.8408798779938614
transposition_mutation_correlation=0.1500,254,True,False,2.0,1.0,0.34094444444444444,5.160658729919931,0.9048284678138114,0.8352202811973712,0.8378243080508514,0.8352202811973712,0.501300721104636
transposition_mutation_correlation=0.1500,255,True,False,2.0,1.0,0.2996111111111111,4.271937953848488,0.8036461445283696,0.7006081213452842,0.5850299067834089,0.5850299067834089,0.2803943673140061
transposition_mutation_correlation=0.1500,256,False,False,0.4286430654071927,0.4286430654071927,0.3130833333333333,3.658330187800576,0.3429144523257542,0.5418700321643671,0.523965644454687,0.523965644454687,0.49144378306949077
transposition_mutation_correlation=0.1500,257,True,False,2.0,1.0,0.31769444444444445,4.642666023165434,0.8403053267391601,0.8658815547868216,0.7332475424207817,0.7332475424207817,0.6052326500897227
transposition_mutation_correlation=0.1500,258,True,False,2.0,1.0,0.3244166666666667,4.779781887198094,0.8540975780716717,0.7808729833285221,0.7049912178809589,0.7049912178809589,0.35640461875519003
transposition_mutation_correlation=0.1500,259,True,False,2.0,1.0,0.3378611111111111,4.957491424234048,0.845017873731013,0.8166021329426475,0.662881509998691,0.662881509998691,0.49054033728492424
transposition_mutation_correlation=0.1500,260,True,False,2.0,1.0,0.3264444444444444,4.802736655742559,0.8660641751921067,0.8443827444715232,0.577191044979923,0.577191044979923,0.45529540624498377
transposition_mutation_correlation=0.1500,261,True,False,2.0,1.0,0.32741666666666663,4.789178740333525,0.8508384838745187,0.8307198424927447,0.6167604530725491,0.6167604530725491,0.47752131730042463
transposition_mutation_correlation=0.1500,262,True,False,2.0,1.0,0.3298888888888889,4.859817568934828,0.8623038031641516,0.8031627536385404,0.7636193153319566,0.7636193153319566,0.654922945364403
transposition_mutation_correlation=0.1500,263,True,False,2.0,1.0,0.3199444444444444,4.6826354507304035,0.8421922181325553,0.8191178905302328,0.5601923930264765,0.5601923930264765,0.3050216059146265
transposition_mutation_correlation=0.1500,264,True,False,2.0,1.0,0.33658333333333335,4.957610474079747,0.8509010889750181,0.833933317381156,0.7423868217220556,0.7423868217220556,0.4655022377494301
transposition_mutation_correlation=0.1500,265,False,False,0.9822321018968407,0.9822321018968407,0.30133333333333334,4.316557580878336,0.8067002571976523,0.8826798069670948,0.49111605094842037,0.49111605094842037,0.3739526149790986
transposition_mutation_correlation=0.1500,266,True,False,2.0,1.0,0.3011111111111111,4.423540006807695,0.8523297618004697,0.7593231572477472,0.8224133395269042,0.7593231572477472,0.41177601877688824
transposition_mutation_correlation=0.1500,267,True,False,2.0,1.0,0.32122222222222224,4.766255887251101,0.8718941853265078,0.8138552296601902,0.6271954400814271,0.6271954400814271,0.23508514063241745
transposition_mutation_correlation=0.1500,268,True,False,2.0,1.0,0.3035555555555556,4.401468624596197,0.825207698763976,0.7711587158531991,0.7762495048066252,0.7711587158531991,0.3600575778042671
transposition_mutation_correlation=0.1500,269,True,False,2.0,1.0,0.312,4.558799503691648,0.8563518225636013,0.7911901669296082,0.7585154505099994,0.7585154505099994,0.7283750558662372
transposition_mutation_correlation=0.1500,270,True,False,2.0,1.0,0.31130555555555556,4.411958509042958,0.8162313216073372,0.6235452614806667,0.622714208730904,0.622714208730904,0.6758938023267089
transposition_mutation_correlation=0.1500,271,True,False,2.0,1.0,0.31372222222222224,4.613983532600616,0.8871376674883382,0.8046440915958182,0.7381190850375895,0.7381190850375895,0.6897992016416196
transposition_mutation_correlation=0.1500,272,True,False,2.0,1.0,0.3303888888888889,4.876288519703754,0.8655978877568025,0.8130526725905539,0.815260995017081,0.8130526725905539,0.7673984581970197
transposition_mutation_correlation=0.1500,273,True,False,2.0,1.0,0.33122222222222225,4.944954561298984,0.8673488590184216,0.8495257714848587,0.9044797668938517,0.8495257714848587,0.6236026054041586
transposition_mutation_correlation=0.1500,274,True,False,2.0,1.0,0.33297222222222217,4.892932474774614,0.8386589433462693,0.8058970054030092,0.7959903415639045,0.7959903415639045,0.37822321977717216
transposition_mutation_correlation=0.1500,275,True,False,2.0,1.0,0.3181388888888889,4.6157042327580715,0.8320409608203171,0.7823902052025058,0.7465393609776675,0.7465393609776675,0.7816729675006601
transposition_mutation_correlation=0.1500,276,True,False,2.0,1.0,0.32480555555555557,4.742593720455844,0.8411432111263388,0.7723049261960395,0.7511822088941773,0.7511822088941773,0.37595287546588907
transposition_mutation_correlation=0.1500,277,True,False,2.0,1.0,0.31666666666666665,4.630679694903306,0.8593447051076282,0.8222763005092129,0.709477645287523,0.709477645287523,0.5716108824488665
transposition_mutation_correlation=0.1500,278,True,False,2.0,1.0,0.33,4.787692852417758,0.8189355096452041,0.8342749685570314,0.7571208993254746,0.7571208993254746,0.43054137919061014
transposition_mutation_correlation=0.1500,279,True,False,2.0,1.0,0.32411111111111107,4.771071303544051,0.8549042366554437,0.8549373196287878,0.7324037384179823,0.7324037384179823,0.5276511215714002
transposition_mutation_correlation=0.1500,280,True,False,2.0,1.0,0.3302222222222222,4.870137703239667,0.8682880137617157,0.8087774275962698,0.6288995638222634,0.6288995638222634,0.6463427532276239
transposition_mutation_correlation=0.1500,281,True,False,2.0,1.0,0.32019444444444445,4.743526605117584,0.8690904366157822,0.8139061081690545,0.8093806035684652,0.8093806035684652,0.4548240005859783
transposition_mutation_correlation=0.1500,282,True,False,2.0,1.0,0.30775,4.568924068555782,0.8978717450783511,0.7926039795416868,0.6067136867025934,0.6067136867025934,0.6543599068151345
transposition_mutation_correlation=0.1500,283,True,False,2.0,1.0,0.33013888888888887,4.835408588706029,0.8597237992854716,0.8203038497526093,0.5986295699546014,0.5986295699546014,0.6790247901371421
transposition_mutation_correlation=0.1500,284,True,False,2.0,1.0,0.33491666666666664,5.0088203218215,0.8826733001231649,0.7952260503141956,0.8277974691788812,0.7952260503141956,0.44464188950425076
transposition_mutation_correlation=0.1500,285,True,False,2.0,1.0,0.3399444444444445,4.997186507209289,0.8479233883952717,0.860366279915413,0.7136614783717707,0.7136614783717707,0.43064091942804855
transposition_mutation_correlation=0.1500,286,False,False,0.9349280029781374,0.9349280029781374,0.2921944444444444,4.2622375340414935,0.8805471102716975,0.7733941367333617,0.4674640014890687,0.4674640014890687,0.7295911686957831
transposition_mutation_correlation=0.1500,287,False,False,0.9955306227610735,0.9955306227610735,0.3243611111111111,4.667676615644118,0.7964244982088589,0.8678105331905961,0.773081897482886,0.773081897482886,0.7982356122579343
transposition_mutation_correlation=0.1500,288,True,False,2.0,1.0,0.31586111111111115,4.5945733654358065,0.8446747113809636,0.7111243531456753,0.5970797984817151,0.5970797984817151,0.5215163930675211
transposition_mutation_correlation=0.1500,289,True,False,2.0,1.0,0.3125555555555556,4.6675273479922925,0.9023666773396882,0.8351531349708788,0.6913051258632158,0.6913051258632158,0.5467342089825737
transposition_mutation_correlation=0.1500,290,True,False,2.0,1.0,0.29830555555555555,4.224119059776055,0.8094225139367168,0.8345837637001504,0.6492264460665919,0.6492264460665919,0.4906152542347088
transposition_mutation_correlation=0.1500,291,True,False,2.0,1.0,0.3185277777777778,4.621573714129545,0.8238382912852664,0.8438514759776936,0.7475941913450984,0.7475941913450984,0.679641964328047
transposition_mutation_correlation=0.1500,292,True,False,2.0,1.0,0.33016666666666666,4.840090894129661,0.8334381867660688,0.8841033342804308,0.6373072972862314,0.6373072972862314,0.2561569061293386
transposition_mutation_correlation=0.1500,293,True,False,2.0,1.0,0.3511111111111111,5.315691298646769,0.8877713931890961,0.8903847709823096,0.7924956781952501,0.7924956781952501,0.36234887336375643
transposition_mutation_correlation=0.1500,294,True,False,2.0,1.0,0.3352777777777778,4.901259284075659,0.8156285510778127,0.8272410989184864,0.7472101519904747,0.7472101519904747,0.22379606872489824
transposition_mutation_correlation=0.1500,295,True,False,2.0,1.0,0.3081111111111111,4.483428176496748,0.8446824705631039,0.8230985369372852,0.6970511392761681,0.6970511392761681,0.48681609638623413
transposition_mutation_correlation=0.1500,296,True,False,2.0,1.0,0.33447222222222217,4.930675970580752,0.8461110132320175,0.8376013344073949,0.7243273005912595,0.7243273005912595,0.48508148867388484
transposition_mutation_correlation=0.1500,297,True,False,2.0,1.0,0.3071111111111111,4.434407222385902,0.848443078832735,0.6678724735744581,0.6692576289844727,0.6678724735744581,0.7303622041037274
transposition_mutation_correlation=0.1500,298,True,False,2.0,1.0,0.3138888888888889,4.564734725187744,0.8070350160990581,0.8128009213642946,0.8208941600889297,0.8128009213642946,0.3976480784287759
transposition_mutation_correlation=0.1500,299,True,False,2.0,1.0,0.3108333333333333,4.506578545949163,0.8274513270015713,0.8430102029745521,0.5129759933529663,0.5129759933529663,0.7565439443882455
transposition_mutation_correlation=0.6500,200,True,False,2.0,1.0,0.3399444444444445,5.004805042593222,0.8469035600926839,0.8392857249161287,0.8804056940401368,0.8392857249161287,0.672449957108966
transposition_mutation_correlation=0.6500,201,True,False,2.0,1.0,0.3451666666666667,5.1367080595409895,0.8756403176864411,0.8658082913725536,0.8771885218695719,0.8658082913725536,0.5612411110666305
transposition_mutation_correlation=0.6500,202,True,False,2.0,1.0,0.3251666666666667,4.812855870322451,0.8702817963262006,0.841428357941387,0.7422405498034894,0.7422405498034894,0.353441385401482
transposition_mutation_correlation=0.6500,203,True,False,2.0,1.0,0.33255555555555555,5.000452292564133,0.8961708553791722,0.8128051137770852,0.8229183692603174,0.8128051137770852,0.20932704516661438
transposition_mutation_correlation=0.6500,204,True,False,2.0,1.0,0.34049999999999997,5.023844077805092,0.8487259261478382,0.8035349352866378,0.7705514077105089,0.7705514077105089,0.5455735691637907
transposition_mutation_correlation=0.6500,205,True,False,2.0,1.0,0.3152777777777778,4.585626903739402,0.8396025702557588,0.8177090577219305,0.6605992252074139,0.6605992252074139,0.4424918747336984
transposition_mutation_correlation=0.6500,206,True,False,2.0,1.0,0.3453611111111111,5.15056063038528,0.8782010680476943,0.8433637199995511,0.781592803890279,0.781592803890279,0.3982491080338017
transposition_mutation_correlation=0.6500,207,True,False,2.0,1.0,0.32766666666666666,4.800338281604855,0.8495431681942256,0.781721222339236,0.8074275735809899,0.781721222339236,0.5599213246067737
transposition_mutation_correlation=0.6500,208,True,False,2.0,1.0,0.3318055555555556,4.845416475148185,0.8088862321115136,0.8464296983859965,0.7079098725212474,0.7079098725212474,0.19740796559296536
transposition_mutation_correlation=0.6500,209,True,False,2.0,1.0,0.34441666666666665,5.143769461455292,0.8834458813974294,0.8269487097846493,0.7992042324630508,0.7992042324630508,0.6799482377333839
transposition_mutation_correlation=0.6500,210,True,False,2.0,1.0,0.33991666666666664,5.036067226690807,0.8540181390656207,0.8925906562716023,0.8905626936502189,0.8905626936502189,0.3827064662651379
transposition_mutation_correlation=0.6500,211,True,False,2.0,1.0,0.3109166666666667,4.506109046564784,0.8430229884171271,0.7920290792281796,0.8149929848978422,0.7920290792281796,0.384991443575119
transposition_mutation_correlation=0.6500,212,True,False,2.0,1.0,0.31633333333333336,4.592618988419848,0.8237880213905862,0.739710005920147,0.6039878344768108,0.6039878344768108,0.26306447008329775
transposition_mutation_correlation=0.6500,213,True,False,2.0,1.0,0.32836111111111116,4.776170621897324,0.8294771867979359,0.8017294065221373,0.7782756049860987,0.7782756049860987,0.6262068487172393
transposition_mutation_correlation=0.6500,214,True,False,2.0,1.0,0.32369444444444445,4.709222015508471,0.8347187963657771,0.8506353136787426,0.7600637119836162,0.7600637119836162,0.6145203869538279
transposition_mutation_correlation=0.6500,215,True,False,2.0,1.0,0.32122222222222224,4.698413512745788,0.8462711691256615,0.84143624873999,0.8062152767630256,0.8062152767630256,0.6926623738016512
transposition_mutation_correlation=0.6500,216,True,False,2.0,1.0,0.3289444444444445,4.845484191985727,0.8353968661177495,0.8777259896233575,0.855753058874503,0.855753058874503,0.8075314535816054
transposition_mutation_correlation=0.6500,217,True,False,2.0,1.0,0.34119444444444447,5.0779578845187805,0.8820259125728277,0.8306122066701072,0.7981486788314908,0.7981486788314908,0.457263388244605
transposition_mutation_correlation=0.6500,218,True,False,2.0,1.0,0.32961111111111113,4.873584796976967,0.8790019664674619,0.7494152814144867,0.6253094484521192,0.6253094484521192,0.7520921574037194
transposition_mutation_correlation=0.6500,219,True,False,2.0,1.0,0.3046666666666667,4.335493101047588,0.8182754128203087,0.6386241820779852,0.6888584743409122,0.6386241820779852,0.5139028909673756
transposition_mutation_correlation=0.6500,220,True,False,2.0,1.0,0.31277777777777777,4.578175793384499,0.8843614365342501,0.7146790029168456,0.6678574827610378,0.6678574827610378,0.3174510801241301
transposition_mutation_correlation=0.6500,221,True,False,2.0,1.0,0.3435833333333333,5.127597593569396,0.8808820547295746,0.7816553630363143,0.8648010034888258,0.7816553630363143,0.7363850931523459
transposition_mutation_correlation=0.6500,222,True,False,2.0,1.0,0.3068888888888889,4.446965598133437,0.8398098736580347,0.731543379605753,0.775843863947476,0.731543379605753,0.3782082345460215
transposition_mutation_correlation=0.6500,223,True,False,2.0,1.0,0.3466111111111111,5.237638894925789,0.9028615319712109,0.873341073211853,0.8798527433632338,0.873341073211853,0.6605269345123914
transposition_mutation_correlation=0.6500,224,True,False,2.0,1.0,0.32269444444444445,4.857055917562109,0.9262688820420848,0.8659510082524655,0.5715802816911518,0.5715802816911518,0.3179979021948879
transposition_mutation_correlation=0.6500,225,True,False,2.0,1.0,0.3298333333333333,4.899253937371259,0.8603820403870899,0.8801029376826642,0.8377960099954016,0.8377960099954016,0.6471709054780436
transposition_mutation_correlation=0.6500,226,True,False,2.0,1.0,0.3448333333333334,5.156189269655702,0.8834366973673117,0.8354892946585082,0.8185356487251764,0.8185356487251764,0.7201682398338083
transposition_mutation_correlation=0.6500,227,True,False,2.0,1.0,0.34491666666666665,5.06438042695026,0.8510612873966645,0.8866365783079629,0.8219965266198764,0.8219965266198764,0.6651560968126049
transposition_mutation_correlation=0.6500,228,True,False,2.0,1.0,0.32380555555555557,4.78710944639032,0.8753103944926565,0.7180339175415752,0.7683016334469563,0.7180339175415752,0.3424479182869692
transposition_mutation_correlation=0.6500,229,True,False,2.0,1.0,0.3259166666666667,4.74240776976928,0.8161996229843057,0.8223073458089952,0.7585361432117294,0.7585361432117294,0.5463060131716811
transposition_mutation_correlation=0.6500,230,True,False,2.0,1.0,0.3208611111111111,4.634335314159572,0.8132042329644508,0.7560539794521205,0.7995560918782854,0.7560539794521205,0.7380781222229401
transposition_mutation_correlation=0.6500,231,True,False,2.0,1.0,0.3401944444444444,5.030135035488002,0.8495671519084425,0.8800579809455494,0.8093266037256703,0.8093266037256703,0.35239418067651107
transposition_mutation_correlation=0.6500,232,True,False,2.0,1.0,0.3210277777777778,4.728416849480285,0.8534461236718841,0.8426301390854937,0.8179617815792789,0.8179617815792789,0.569945317770467
transposition_mutation_correlation=0.6500,233,True,False,2.0,1.0,0.3473333333333333,5.190380862788499,0.8895342717563672,0.8051744670240724,0.7847289536598759,0.7847289536598759,0.7304103370286208
transposition_mutation_correlation=0.6500,234,True,False,2.0,1.0,0.32036111111111115,4.627946520127537,0.8163204926473399,0.7564575454767241,0.708489655760988,0.708489655760988,0.6620390334720092
transposition_mutation_correlation=0.6500,235,True,False,2.0,1.0,0.29727777777777775,4.357334792888177,0.8682756324013996,0.7935538869496533,0.7558910895791158,0.7558910895791158,0.7016857087314242
transposition_mutation_correlation=0.6500,236,True,False,2.0,1.0,0.33602777777777776,4.910330464451107,0.8148070291965136,0.8456562961580907,0.7517588293378563,0.7517588293378563,0.550667872447031
transposition_mutation_correlation=0.6500,237,True,False,2.0,1.0,0.34619444444444447,5.175957559801522,0.8793056452980311,0.8787092938891997,0.8144002697543792,0.8144002697543792,0.7254832344536293
transposition_mutation_correlation=0.6500,238,True,False,2.0,1.0,0.29380555555555554,4.196206680733481,0.8000639874450602,0.7651151788095516,0.7456999825664982,0.7456999825664982,0.6477518828422683
transposition_mutation_correlation=0.6500,239,True,False,2.0,1.0,0.32608333333333334,4.824579422203483,0.8535976007841926,0.8187109510796646,0.7892791517900402,0.7892791517900402,0.31655723920862044
transposition_mutation_correlation=0.6500,240,True,False,2.0,1.0,0.34149999999999997,5.001913088680985,0.8377479176649095,0.8416363715333254,0.8649885500166524,0.8416363715333254,0.6555610553502174
transposition_mutation_correlation=0.6500,241,True,False,2.0,1.0,0.3181388888888889,4.66922651411534,0.8593276987830998,0.7611436591919328,0.8030185256315048,0.7611436591919328,0.33936171676962157
transposition_mutation_correlation=0.6500,242,True,False,2.0,1.0,0.3275277777777778,4.697101482386334,0.8031814851492197,0.8052273102096486,0.6109813628111512,0.6109813628111512,0.7306911981965553
transposition_mutation_correlation=0.6500,243,True,False,2.0,1.0,0.3075,4.5271252779165705,0.8714583633571511,0.7692772629512888,0.752883870651203,0.752883870651203,0.644315827853775
transposition_mutation_correlation=0.6500,244,True,False,2.0,1.0,0.34988888888888886,5.172566696682823,0.8404407594340498,0.8820887030614162,0.9096161737645049,0.8820887030614162,0.6072227188133431
transposition_mutation_correlation=0.6500,245,True,False,2.0,1.0,0.3328055555555556,4.829926225764493,0.8212389767127797,0.7777052586289863,0.7715990592564016,0.7715990592564016,0.3451030037047734
transposition_mutation_correlation=0.6500,246,True,False,2.0,1.0,0.30088888888888893,4.387777126427838,0.8454768990998816,0.7465660330126362,0.5751251883807487,0.5751251883807487,0.747688255784816
transposition_mutation_correlation=0.6500,247,False,False,0.9685158305342281,0.9685158305342281,0.3258611111111111,4.6124582932905875,0.7748126644273825,0.8741544627804274,0.8884118680224184,0.8741544627804274,0.7383978323798494
transposition_mutation_correlation=0.6500,248,False,False,0.9866839628729135,0.9866839628729135,0.2861666666666667,4.059025335118196,0.7893471702983308,0.7404385909397249,0.6901595885834776,0.6901595885834776,0.41907059941243563
transposition_mutation_correlation=0.6500,249,True,False,2.0,1.0,0.3196388888888889,4.685647655073538,0.8590292241512548,0.765599168374708,0.7503967277326745,0.7503967277326745,0.3934742672932286
transposition_mutation_correlation=0.6500,250,True,False,2.0,1.0,0.3140555555555556,4.677081733429168,0.900483643937185,0.8421828946015547,0.5543320595946584,0.5543320595946584,0.21563411769313529
transposition_mutation_correlation=0.6500,251,True,False,2.0,1.0,0.3560833333333333,5.2526945971226375,0.8339254325769886,0.8645555121122505,0.8018322526333085,0.8018322526333085,0.37654440402667255
transposition_mutation_correlation=0.6500,252,True,False,2.0,1.0,0.34525,5.165879117870002,0.8822844567701229,0.8598511979173845,0.7342067092597054,0.7342067092597054,0.7059000280802584
transposition_mutation_correlation=0.6500,253,True,False,2.0,1.0,0.33144444444444443,4.912049648377121,0.8655390246699209,0.7864847759675527,0.7627918646222475,0.7627918646222475,0.24104090625161587
transposition_mutation_correlation=0.6500,254,False,False,0.9978600636745355,0.9978600636745355,0.3233611111111111,4.640457632711311,0.7982880509396284,0.8374821600479252,0.7428935677953058,0.7428935677953058,0.590647431130127
transposition_mutation_correlation=0.6500,255,True,False,2.0,1.0,0.31419444444444444,4.6779745590501935,0.8834831471203441,0.8342340856619265,0.8320926682193398,0.8320926682193398,0.6863367801565705
transposition_mutation_correlation=0.6500,256,True,False,2.0,1.0,0.3573888888888889,5.195366594475302,0.8065385985241915,0.8662641737946029,0.8377973731292652,0.8377973731292652,0.6536440510005453
transposition_mutation_correlation=0.6500,257,False,False,0.8443129253272433,0.8443129253272433,0.3130833333333333,4.243717376149339,0.6754503402617947,0.5557797510937869,0.5703075815974425,0.5557797510937869,0.6337156807226908
transposition_mutation_correlation=0.6500,258,True,False,2.0,1.0,0.314,4.682491133510768,0.9084934972885093,0.8120355536837169,0.7935569062065078,0.7935569062065078,0.40088333900332285
transposition_mutation_correlation=0.6500,259,True,False,2.0,1.0,0.3442222222222222,5.170303803656618,0.8959554832667546,0.8201854063530315,0.7578761908541537,0.7578761908541537,0.28678512396194594
transposition_mutation_correlation=0.6500,260,True,False,2.0,1.0,0.32702777777777775,4.857691372115756,0.886158414459477,0.7683116122935191,0.7719844323156774,0.7683116122935191,0.4814079370113364
transposition_mutation_correlation=0.6500,261,True,False,2.0,1.0,0.3418333333333334,5.134364612332813,0.8864472667476745,0.8383953822543614,0.8148059529654632,0.8148059529654632,0.393026583789142
transposition_mutation_correlation=0.6500,262,True,False,2.0,1.0,0.32675,4.741253415443895,0.8205719548728381,0.7937331570607724,0.7637791631941832,0.7637791631941832,0.46757000857851805
transposition_mutation_correlation=0.6500,263,True,False,2.0,1.0,0.3447777777777778,5.074676891510773,0.8498605397793889,0.8161559047826699,0.77977990960872,0.77977990960872,0.7682714989480214
transposition_mutation_correlation=0.6500,264,True,False,2.0,1.0,0.3303055555555556,4.854719065909911,0.8492558084561288,0.8176740928522176,0.8358556528545229,0.8176740928522176,0.27675245874489035
transposition_mutation_correlation=0.6500,265,True,False,2.0,1.0,0.3408333333333333,5.124115843259464,0.8887665472517491,0.9004257855377152,0.8001427162678609,0.8001427162678609,0.44398340625144483
transposition_mutation_correlation=0.6500,266,True,False,2.0,1.0,0.3233611111111111,4.6336588777708,0.8032395070980635,0.8010991890214512,0.6989042292162586,0.6989042292162586,0.5518432934472918
transposition_mutation_correlation=0.6500,267,True,False,2.0,1.0,0.32375000000000004,4.687699512844308,0.8326258982764786,0.783226385215079,0.7439947318264462,0.7439947318264462,0.553821680798792
transposition_mutation_correlation=0.6500,268,False,False,0.9884111033792803,0.9884111033792803,0.30630555555555555,4.3679420991044715,0.7907288827034242,0.8387013135930156,0.7351435463504795,0.7351435463504795,0.5532862795930531
transposition_mutation_correlation=0.6500,269,True,False,2.0,1.0,0.3386111111111111,4.937008625468655,0.823391875950528,0.8375571433868326,0.8469990325067213,0.8375571433868326,0.47846755369185573
transposition_mutation_correlation=0.6500,270,True,False,2.0,1.0,0.3263888888888889,4.786542703973909,0.8505082216669246,0.7316259355579331,0.7610675935509242,0.7316259355579331,0.7517624482840457
transposition_mutation_correlation=0.6500,271,True,False,2.0,1.0,0.3257777777777778,4.800983144082449,0.8589955693712915,0.8471875103313905,0.8731342064594361,0.8471875103313905,0.7028125393774898
transposition_mutation_correlation=0.6500,272,True,False,2.0,1.0,0.3008611111111111,4.358193120572391,0.8337985530759743,0.7642347247996987,0.6900240841475026,0.6900240841475026,0.6471449436603811
transposition_mutation_correlation=0.6500,273,True,False,2.0,1.0,0.32825,4.86330152691921,0.8713001939162676,0.8614900114697881,0.8024658597478477,0.8024658597478477,0.35699164954895857
transposition_mutation_correlation=0.6500,274,True,False,2.0,1.0,0.3353888888888889,4.991499659585556,0.8743593655715406,0.8398202180692593,0.7812265722556421,0.7812265722556421,0.7128064515413889
transposition_mutation_correlation=0.6500,275,True,False,2.0,1.0,0.34600000000000003,5.094779625736738,0.8399511662632049,0.8743439693744038,0.7837032189293072,0.7837032189293072,0.39431719642116014
transposition_mutation_correlation=0.6500,276,True,False,2.0,1.0,0.3451111111111111,5.096570202840737,0.8457491402150709,0.8757084821508679,0.8556302385925014,0.8556302385925014,0.6409907806440951
transposition_mutation_correlation=0.6500,277,True,False,2.0,1.0,0.3342777777777778,4.996671750214799,0.9027547058623757,0.7994392095697171,0.8342393628813323,0.7994392095697171,0.7272085692501495
transposition_mutation_correlation=0.6500,278,True,False,2.0,1.0,0.32327777777777783,4.788737178882928,0.8741132632461629,0.7673095608700584,0.8472387730845641,0.7673095608700584,0.629990099167964
transposition_mutation_correlation=0.6500,279,True,False,2.0,1.0,0.3113888888888889,4.577042500750945,0.8818902575309463,0.7831101259364333,0.7381688444320412,0.7381688444320412,0.4512325146967876
transposition_mutation_correlation=0.6500,280,True,False,2.0,1.0,0.331,4.85598738995086,0.8414378544993333,0.8767378721347554,0.8153835573409559,0.8153835573409559,0.7698918535866472
transposition_mutation_correlation=0.6500,281,True,False,2.0,1.0,0.29616666666666663,4.275424605292049,0.8356495307169365,0.7937305914946279,0.7082360694896774,0.7082360694896774,0.31341196457542786
transposition_mutation_correlation=0.6500,282,False,False,0.9867504954443614,0.9867504954443614,0.3071111111111111,4.39603371063315,0.7894003963554892,0.7941307595596986,0.7545143410045918,0.7545143410045918,0.5461672097184618
transposition_mutation_correlation=0.6500,283,True,False,2.0,1.0,0.3347777777777778,5.017249285520526,0.886533497764184,0.8630043128692695,0.8157107614862149,0.8157107614862149,0.367925611122205
transposition_mutation_correlation=0.6500,284,True,False,2.0,1.0,0.3347222222222222,4.931669188890378,0.8600565781798601,0.794461177016368,0.8088016375854241,0.794461177016368,0.6612583573965698
transposition_mutation_correlation=0.6500,285,True,False,2.0,1.0,0.3238611111111111,4.797239403962048,0.8745402822237753,0.8335085940022924,0.7358523782170064,0.7358523782170064,0.45354637502236395
transposition_mutation_correlation=0.6500,286,True,False,2.0,1.0,0.31022222222222223,4.553871835415882,0.8755597572999562,0.6524541433479694,0.6885022493092124,0.6524541433479694,0.7282527442880088
transposition_mutation_correlation=0.6500,287,True,False,2.0,1.0,0.3257777777777778,4.8424598644818495,0.8861305428412003,0.7499182921009561,0.7629683915313217,0.7499182921009561,0.28712762023742117
transposition_mutation_correlation=0.6500,288,False,False,0.4246874857669591,0.4246874857669591,0.28075,3.687196696936479,0.6476380293727264,0.21234374288347954,0.34353186521469076,0.21234374288347954,0.6574703155843781
transposition_mutation_correlation=0.6500,289,True,False,2.0,1.0,0.31705555555555553,4.707266388795289,0.8826565496711326,0.7589754105546185,0.7825204015958575,0.7589754105546185,0.2902507510606565
transposition_mutation_correlation=0.6500,290,True,False,2.0,1.0,0.3424166666666667,5.097818260310349,0.8658928781846803,0.8197936020513723,0.8323121208554458,0.8197936020513723,0.669084674866509
transposition_mutation_correlation=0.6500,291,False,False,0.9931760138892045,0.9931760138892045,0.31355555555555553,4.494682428696291,0.7945408111113637,0.7930804737345611,0.7992853220648113,0.7930804737345611,0.3774909600811537
transposition_mutation_correlation=0.6500,292,True,False,2.0,1.0,0.3181944444444444,4.743919080804622,0.8748351772195752,0.8598662161047447,0.8582493641225288,0.8582493641225288,0.6331129767880698
transposition_mutation_correlation=0.6500,293,False,False,0.9913533762379312,0.9913533762379312,0.30572222222222223,4.360003628732053,0.793082700990345,0.7614559862441098,0.7422831070341517,0.7422831070341517,0.5439990187733357
transposition_mutation_correlation=0.6500,294,True,False,2.0,1.0,0.3497777777777778,5.142561970449477,0.8345636174453951,0.8588019697467096,0.8845402541378699,0.8588019697467096,0.6029479772987905
transposition_mutation_correlation=0.6500,295,True,False,2.0,1.0,0.3323055555555555,4.911941549657157,0.862009742527657,0.7346725640109875,0.7391347116990219,0.7346725640109875,0.6323857249437058
transposition_mutation_correlation=0.6500,296,True,False,2.0,1.0,0.3313055555555556,4.929445048450036,0.8885700527348879,0.8149164033115647,0.7352100719092192,0.7352100719092192,0.39378043370322485
transposition_mutation_correlation=0.6500,297,True,False,2.0,1.0,0.3302777777777778,4.795093016518056,0.8299200848670127,0.8091615952755687,0.7498588238196711,0.7498588238196711,0.6068680874521377
transposition_mutation_correlation=0.6500,298,True,False,2.0,1.0,0.3123888888888889,4.487087704361583,0.809887656240822,0.7815571132123665,0.7590512860654969,0.7590512860654969,0.24792754516981985
transposition_mutation_correlation=0.6500,299,True,False,2.0,1.0,0.3409722222222222,5.06085228478247,0.8705962478737838,0.8367494735325405,0.8246385115422845,0.8246385115422845,0.7645583137191108
transposition_mutation_correlation=0.9000,200,True,False,2.0,1.0,0.33422222222222225,4.960787716273747,0.8533443748318685,0.8747753447858686,0.8154392015417219,0.8154392015417219,0.6488550375519133
transposition_mutation_correlation=0.9000,201,True,False,2.0,1.0,0.3417222222222222,5.147442705228216,0.8905999664556626,0.7635221530722037,0.7838661201720886,0.7635221530722037,0.48122536961256834
transposition_mutation_correlation=0.9000,202,True,False,2.0,1.0,0.35288888888888886,5.209861005538234,0.8401582027312966,0.8125650742314093,0.8005320560730719,0.8005320560730719,0.7398793219447416
transposition_mutation_correlation=0.9000,203,True,False,2.0,1.0,0.3160833333333333,4.524567019187444,0.8024779417630763,0.8138864987738724,0.7934360222845093,0.7934360222845093,0.5860350362732212
transposition_mutation_correlation=0.9000,204,True,False,2.0,1.0,0.3358611111111111,4.901418157780074,0.8131105559998719,0.871480212432038,0.8280748322009372,0.8280748322009372,0.5201668922585303
transposition_mutation_correlation=0.9000,205,True,False,2.0,1.0,0.3324166666666667,4.886774143207566,0.8526326435785322,0.8615115056671233,0.8594187647512463,0.8594187647512463,0.4985996205184959
transposition_mutation_correlation=0.9000,206,False,False,0.9380931373039061,0.9380931373039061,0.3302222222222222,4.7223497380697665,0.7504745098431249,0.8123404632160364,0.8099557077978492,0.8099557077978492,0.7429960919073461
transposition_mutation_correlation=0.9000,207,True,False,2.0,1.0,0.32858333333333334,4.8097332413576845,0.8224763370831235,0.8326597620593045,0.8140327164106964,0.8140327164106964,0.6034936609817575
transposition_mutation_correlation=0.9000,208,True,False,2.0,1.0,0.3264166666666667,4.905851529919594,0.888449300005652,0.8531695309198126,0.8390023291695844,0.8390023291695844,0.7162876964741793
transposition_mutation_correlation=0.9000,209,True,False,2.0,1.0,0.30763888888888885,4.405863623999823,0.8199110914850967,0.842004744644732,0.8504873751787642,0.842004744644732,0.6843597693043829
transposition_mutation_correlation=0.9000,210,True,False,2.0,1.0,0.3405277777777778,5.087693406388502,0.8866934966275514,0.8072070584471382,0.7864703040936621,0.7864703040936621,0.5051003535750657
transposition_mutation_correlation=0.9000,211,True,False,2.0,1.0,0.32558333333333334,4.7802888004745245,0.8463983568756132,0.8104081364277846,0.7822077554550187,0.7822077554550187,0.6159123781397621
transposition_mutation_correlation=0.9000,212,True,False,2.0,1.0,0.33605555555555555,4.9811426802238765,0.8717560946551665,0.8167129014217166,0.7996292592784335,0.7996292592784335,0.6096921491808401
transposition_mutation_correlation=0.9000,213,False,False,0.9911194289103832,0.9911194289103832,0.3023611111111111,4.296552055093655,0.7928955431283066,0.7147821126631331,0.6703816686824119,0.6703816686824119,0.5075560345077251
transposition_mutation_correlation=0.9000,214,True,False,2.0,1.0,0.32408333333333333,4.725150063084192,0.8222437551037524,0.7808599981689507,0.7859519117265336,0.7808599981689507,0.4280957523405314
transposition_mutation_correlation=0.9000,215,True,False,2.0,1.0,0.31505555555555553,4.667821212776462,0.878902503390907,0.6912813026414706,0.7012400853676503,0.6912813026414706,0.35725330403365946
transposition_mutation_correlation=0.9000,216,True,False,2.0,1.0,0.3317777777777778,4.912362177560095,0.8570597392691088,0.835765750460924,0.7925241373176349,0.7925241373176349,0.4985775187808538
transposition_mutation_correlation=0.9000,217,True,False,2.0,1.0,0.3204722222222222,4.624569999101173,0.8220783112165916,0.7719160565302104,0.7500995749539356,0.7500995749539356,0.7844302614331757
transposition_mutation_correlation=0.9000,218,True,False,2.0,1.0,0.3253888888888889,4.777927333862412,0.8297556119003232,0.8063699792343751,0.7974681216794415,0.7974681216794415,0.4984231489595262
transposition_mutation_correlation=0.9000,219,True,False,2.0,1.0,0.34697222222222224,5.2266403645106045,0.897811891549989,0.8397781325741828,0.8346374640706887,0.8346374640706887,0.5856192822417117
transposition_mutation_correlation=0.9000,220,True,False,2.0,1.0,0.3298888888888889,4.901450578830134,0.8655413121491033,0.8334948519520216,0.7547673659681323,0.7547673659681323,0.7858730032462845
transposition_mutation_correlation=0.9000,221,True,False,2.0,1.0,0.33144444444444443,4.791531986765802,0.8270019854424615,0.7685027784066772,0.7249683297294697,0.7249683297294697,0.3881003476759023
transposition_mutation_correlation=0.9000,222,True,False,2.0,1.0,0.33075,4.863898199438475,0.8638128691431886,0.7195200478881228,0.7004152950767948,0.7004152950767948,0.7223350553991403
transposition_mutation_correlation=0.9000,223,False,False,0.9864269495532368,0.9864269495532368,0.3089166666666667,4.393438407152044,0.7891415596425895,0.7359133961236224,0.7048790956647483,0.7048790956647483,0.38842769566207314
transposition_mutation_correlation=0.9000,224,True,False,2.0,1.0,0.3205,4.7013062428415076,0.849300419469019,0.8064834761664407,0.7917470023811016,0.7917470023811016,0.7507166438200474
transposition_mutation_correlation=0.9000,225,True,False,2.0,1.0,0.3358055555555556,5.020928903336041,0.8758615447988513,0.8524354392080963,0.825380001338602,0.825380001338602,0.5200164814706715
transposition_mutation_correlation=0.9000,226,True,False,2.0,1.0,0.32772222222222225,4.849229727089207,0.8606534942157563,0.8005317181397905,0.7156620272460235,0.7156620272460235,0.7035144252822414
transposition_mutation_correlation=0.9000,227,True,False,2.0,1.0,0.3269722222222222,4.740296642023208,0.8097760383215324,0.7294816010217352,0.7361859645958558,0.7294816010217352,0.47166072443484214
transposition_mutation_correlation=0.9000,228,True,False,2.0,1.0,0.32622222222222225,4.7641625461955295,0.8370253643291259,0.8757434353479197,0.872993313286885,0.872993313286885,0.5660355126885096
transposition_mutation_correlation=0.9000,229,True,False,2.0,1.0,0.32741666666666663,4.786526167485807,0.8377530835165748,0.853047894263972,0.8377649363966284,0.8377649363966284,0.31314866911676054
transposition_mutation_correlation=0.9000,230,True,False,2.0,1.0,0.29875,4.2802555330250955,0.8388677758290611,0.7436442095146367,0.6625734557124279,0.6625734557124279,0.53399755985003
transposition_mutation_correlation=0.9000,231,True,False,2.0,1.0,0.3421666666666667,5.065311510859773,0.8478488841225361,0.8712100382277039,0.8558790224727316,0.8558790224727316,0.47390335485073504
transposition_mutation_correlation=0.9000,232,True,False,2.0,1.0,0.30924999999999997,4.436850565351483,0.8240623235501345,0.6999508746130867,0.7176001167272602,0.6999508746130867,0.6973923122003799
transposition_mutation_correlation=0.9000,233,True,False,2.0,1.0,0.33249999999999996,4.988676273419016,0.903919785813773,0.8254027550000287,0.7496389825117774,0.7496389825117774,0.6205554858675852
transposition_mutation_correlation=0.9000,234,True,False,2.0,1.0,0.3104166666666667,4.556683688109482,0.8683589392597356,0.7949720132761318,0.7956232240408065,0.7949720132761318,0.3881357497523849
transposition_mutation_correlation=0.9000,235,True,False,2.0,1.0,0.3546944444444444,5.3537688853359535,0.9049413503057918,0.8486910081173218,0.8443015590368993,0.8443015590368993,0.5327982843688763
transposition_mutation_correlation=0.9000,236,False,False,0.9775737709568961,0.9775737709568961,0.3199166666666667,4.591050849342079,0.7820590167655169,0.8613533875401941,0.8645293159117381,0.8613533875401941,0.31541782840205657
transposition_mutation_correlation=0.9000,237,True,False,2.0,1.0,0.33399999999999996,4.918262721348403,0.8680359299879314,0.8044849113886544,0.8180842105799982,0.8044849113886544,0.5236924072890784
transposition_mutation_correlation=0.9000,238,True,False,2.0,1.0,0.341,5.046972491587758,0.852617792373533,0.802671229247866,0.8404436609255577,0.802671229247866,0.5863016989460491
transposition_mutation_correlation=0.9000,239,True,False,2.0,1.0,0.35138888888888886,5.289299309119284,0.8940101509088922,0.8085331054290553,0.7563085895940174,0.7563085895940174,0.5727057963715243
transposition_mutation_correlation=0.9000,240,True,False,2.0,1.0,0.33122222222222225,4.827605125188623,0.8215469089160586,0.7966602888500259,0.7860390653886807,0.7860390653886807,0.3470845018506617
transposition_mutation_correlation=0.9000,241,True,False,2.0,1.0,0.3226388888888889,4.75613164420912,0.8746281868500166,0.7953282968324954,0.7440750889543843,0.7440750889543843,0.7201987262562182
transposition_mutation_correlation=0.9000,242,True,False,2.0,1.0,0.31919444444444445,4.728212529348348,0.8983136211081949,0.7783754098337697,0.8071420989343489,0.7783754098337697,0.830513873800696
transposition_mutation_correlation=0.9000,243,True,False,2.0,1.0,0.3249166666666667,4.860497899259045,0.8940613947202698,0.8991120633409492,0.9130207747413653,0.8991120633409492,0.6750869618701751
transposition_mutation_correlation=0.9000,244,True,False,2.0,1.0,0.3383055555555555,5.054253873228119,0.877305934154041,0.7603404324473906,0.7364682793119274,0.7364682793119274,0.32103909190246843
transposition_mutation_correlation=0.9000,245,True,False,2.0,1.0,0.32686111111111116,4.82802300155379,0.8589265510194063,0.7491202534438713,0.7608148855204053,0.7491202534438713,0.30397528176974514
transposition_mutation_correlation=0.9000,246,True,False,2.0,1.0,0.3408055555555556,5.064082942364064,0.8553624746992756,0.8763424025731664,0.8748254152665509,0.8748254152665509,0.4409892632056542
transposition_mutation_correlation=0.9000,247,False,False,0.9870210904579653,0.9870210904579653,0.3378611111111111,4.828831881128219,0.7896168723663722,0.7840649983617625,0.7397832713805526,0.7397832713805526,0.8731245350047464
transposition_mutation_correlation=0.9000,248,True,False,2.0,1.0,0.322,4.6851513793131545,0.826235325876764,0.8072597420222244,0.764571555319304,0.764571555319304,0.5051307339473017
transposition_mutation_correlation=0.9000,249,True,False,2.0,1.0,0.30591666666666667,4.452714959266656,0.8460227719807312,0.7953981440505872,0.7750572701318627,0.7750572701318627,0.5801536014420022
transposition_mutation_correlation=0.9000,250,False,False,0.9866453489293087,0.9866453489293087,0.32433333333333336,4.69040425986061,0.7893162791434469,0.7943211150641412,0.7897459500203069,0.7897459500203069,0.7065090999416391
transposition_mutation_correlation=0.9000,251,True,False,2.0,1.0,0.3237777777777778,4.6769767176202315,0.8028143738736896,0.8611441357383182,0.8473006927099963,0.8473006927099963,0.4999208569373048
transposition_mutation_correlation=0.9000,252,True,False,2.0,1.0,0.30591666666666667,4.530724870038364,0.8508539147201427,0.8714942258240274,0.8459140136078513,0.8459140136078513,0.39983736655160634
transposition_mutation_correlation=0.9000,253,True,False,2.0,1.0,0.3303055555555556,4.804734059445552,0.8154157261424122,0.7435942298799477,0.7707982359322803,0.7435942298799477,0.6377895944854138
transposition_mutation_correlation=0.9000,254,False,False,0.9685501449758741,0.9685501449758741,0.31977777777777777,4.5046435714028625,0.7748401159806994,0.7081714409071378,0.6081486148137392,0.6081486148137392,0.4560012275469912
transposition_mutation_correlation=0.9000,255,True,False,2.0,1.0,0.3288611111111111,4.8179186117377775,0.8355344125362524,0.8403115712730819,0.8097400101884914,0.8097400101884914,0.5822539846921526
transposition_mutation_correlation=0.9000,256,False,False,0.9677852589093683,0.9677852589093683,0.3176111111111111,4.502686690603626,0.7742282071274946,0.8598609031749748,0.8030658303471473,0.8030658303471473,0.5329286534937016
transposition_mutation_correlation=0.9000,257,True,False,2.0,1.0,0.3148611111111111,4.641340518654872,0.8766903524320452,0.8109171879772787,0.8196918985942169,0.8109171879772787,0.4246692722162245
transposition_mutation_correlation=0.9000,258,True,False,2.0,1.0,0.3287777777777778,4.836623981183588,0.8595672745761397,0.772036992609308,0.7248074883407053,0.7248074883407053,0.7305066773550006
transposition_mutation_correlation=0.9000,259,True,False,2.0,1.0,0.3233611111111111,4.65310323428317,0.8078204418770752,0.7541736598797598,0.7517492399369741,0.7517492399369741,0.36936174113117026
transposition_mutation_correlation=0.9000,260,True,False,2.0,1.0,0.3378055555555556,4.9518340449412115,0.8475662014923847,0.7078380787021596,0.5673500018134265,0.5673500018134265,0.34873383316573986
transposition_mutation_correlation=0.9000,261,True,False,2.0,1.0,0.3223611111111111,4.775585631743037,0.8680473306208688,0.7809473124224225,0.7177223842319684,0.7177223842319684,0.5442077893635642
transposition_mutation_correlation=0.9000,262,True,False,2.0,1.0,0.33644444444444443,5.025636116872652,0.8989162855532487,0.7444608727475243,0.7065797746432201,0.7065797746432201,0.4367050735689258
transposition_mutation_correlation=0.9000,263,True,False,2.0,1.0,0.34538888888888886,5.126231065080435,0.8533908517695136,0.8336578484130197,0.8017917160182152,0.8017917160182152,0.6118223294716242
transposition_mutation_correlation=0.9000,264,True,False,2.0,1.0,0.317,4.577539790782729,0.8121500506924823,0.7938821101133574,0.7991132089474088,0.7938821101133574,0.19612537398346488
transposition_mutation_correlation=0.9000,265,True,False,2.0,1.0,0.3528611111111111,5.245943923219896,0.8508841534188287,0.8062018088258266,0.8030167045904919,0.8030167045904919,0.6755576419856194
transposition_mutation_correlation=0.9000,266,True,False,2.0,1.0,0.33708333333333335,4.98125375453299,0.8648124700652164,0.8365392544154103,0.7558854026193502,0.7558854026193502,0.6298612755225895
transposition_mutation_correlation=0.9000,267,True,False,2.0,1.0,0.34294444444444444,5.070225854986707,0.8436741034220974,0.8068943067339915,0.8145186454680338,0.8068943067339915,0.590652193735121
transposition_mutation_correlation=0.9000,268,True,False,2.0,1.0,0.31719444444444445,4.53426863575442,0.8011429592562993,0.7125338593131844,0.709063094823179,0.709063094823179,0.7500042014458371
transposition_mutation_correlation=0.9000,269,True,False,2.0,1.0,0.34297222222222223,5.123034793264671,0.8748436109050494,0.8593685224465386,0.805420069573337,0.805420069573337,0.5719011152005089
transposition_mutation_correlation=0.9000,270,True,False,2.0,1.0,0.31275000000000003,4.56089316984949,0.8681538764099657,0.7415914984126337,0.7692310348298756,0.7415914984126337,0.6280841726558527
transposition_mutation_correlation=0.9000,271,True,False,2.0,1.0,0.3385277777777778,5.033181939900438,0.8662143878542157,0.8054010967350698,0.8324727597326838,0.8054010967350698,0.24802125597615984
transposition_mutation_correlation=0.9000,272,True,False,2.0,1.0,0.31758333333333333,4.611626509816914,0.8304788499963404,0.8218271458240137,0.8145991227597008,0.8145991227597008,0.5242810021083119
transposition_mutation_correlation=0.9000,273,True,False,2.0,1.0,0.30286111111111114,4.423112772586654,0.856936868050718,0.8720027915515266,0.8485780014933264,0.8485780014933264,0.3713144662701095
transposition_mutation_correlation=0.9000,274,True,False,2.0,1.0,0.3218888888888889,4.717945131981953,0.8692502355894597,0.7220088377051617,0.6760248277233901,0.6760248277233901,0.611136154942214
transposition_mutation_correlation=0.9000,275,False,False,0.9899780726368327,0.9899780726368327,0.3101944444444445,4.447437294552391,0.7919824581094662,0.7480269777782776,0.7602076261308834,0.7480269777782776,0.420547670106244
transposition_mutation_correlation=0.9000,276,True,False,2.0,1.0,0.3362222222222222,4.894634607992637,0.8178223972623242,0.7796878181969604,0.7379625567739262,0.7379625567739262,0.7476446756214481
transposition_mutation_correlation=0.9000,277,True,False,2.0,1.0,0.31555555555555553,4.559593876207277,0.8241676991351603,0.8054110367960613,0.8105325287613814,0.8054110367960613,0.606032960730995
transposition_mutation_correlation=0.9000,278,True,False,2.0,1.0,0.34419444444444447,5.128826112610295,0.8645990042186146,0.8187343390338863,0.7647536596540063,0.7647536596540063,0.5077522208859793
transposition_mutation_correlation=0.9000,279,True,False,2.0,1.0,0.3259722222222222,4.735220668585955,0.8442323942086848,0.7978328350286683,0.6971712749909172,0.6971712749909172,0.7710459015515474
transposition_mutation_correlation=0.9000,280,True,False,2.0,1.0,0.31533333333333335,4.583877004032731,0.8468492947730896,0.7475300117637238,0.7848030439075679,0.7475300117637238,0.567202000477129
transposition_mutation_correlation=0.9000,281,True,False,2.0,1.0,0.32663888888888887,4.784621575955009,0.8401865433816478,0.7729257076226155,0.7937327452986994,0.7729257076226155,0.4422251918907564
transposition_mutation_correlation=0.9000,282,True,False,2.0,1.0,0.33947222222222223,5.062903077282735,0.8840013369778867,0.8346348966252745,0.8437210991993135,0.8346348966252745,0.8027580721497064
transposition_mutation_correlation=0.9000,283,True,False,2.0,1.0,0.32811111111111113,4.864846224219822,0.8791750932807535,0.8001462521513858,0.8043672962461552,0.8001462521513858,0.6983421209396673
transposition_mutation_correlation=0.9000,284,True,False,2.0,1.0,0.325,4.7711504512364975,0.8499651297151389,0.8796174848963173,0.8748652334246793,0.8748652334246793,0.4529435100158266
transposition_mutation_correlation=0.9000,285,True,False,2.0,1.0,0.32669444444444445,4.820341237222695,0.8521838252092981,0.7402989270110416,0.6719117150867638,0.6719117150867638,0.40695566630508556
transposition_mutation_correlation=0.9000,286,True,False,2.0,1.0,0.3328611111111111,4.865992061546911,0.8412135882898313,0.8748793878279945,0.8611462409351494,0.8611462409351494,0.43982840094181813
transposition_mutation_correlation=0.9000,287,True,False,2.0,1.0,0.30944444444444447,4.5191289310756195,0.8433135388038662,0.838860891178426,0.8122734516616323,0.8122734516616323,0.8023248028802812
transposition_mutation_correlation=0.9000,288,True,False,2.0,1.0,0.3371944444444444,5.000591869861356,0.8603723654800689,0.8782929226679542,0.8508357712680763,0.8508357712680763,0.48406637419268067
transposition_mutation_correlation=0.9000,289,True,False,2.0,1.0,0.3191111111111111,4.590043455641761,0.8133438653673343,0.7591680914111371,0.7639866298986742,0.7591680914111371,0.6664371751700565
transposition_mutation_correlation=0.9000,290,True,False,2.0,1.0,0.34255555555555556,5.062211052695575,0.8470222448662613,0.8526736927390591,0.8590528543642609,0.8526736927390591,0.46517316758118277
transposition_mutation_correlation=0.9000,291,True,False,2.0,1.0,0.32022222222222224,4.708937020169087,0.8660303218857421,0.8604565829863794,0.6139672773370766,0.6139672773370766,0.6778787717996728
transposition_mutation_correlation=0.9000,292,True,False,2.0,1.0,0.3259722222222222,4.845369779232007,0.8789716774985633,0.7155127393688059,0.6850978609843176,0.6850978609843176,0.4179203585432237
transposition_mutation_correlation=0.9000,293,True,False,2.0,1.0,0.34094444444444444,5.102503904268734,0.860395636550119,0.813928921771674,0.8511809940918812,0.813928921771674,0.367556479677752
transposition_mutation_correlation=0.9000,294,True,False,2.0,1.0,0.33341666666666664,4.900697351628807,0.8445914839190731,0.7872101688604101,0.7231168384404346,0.7231168384404346,0.7491488656718027
transposition_mutation_correlation=0.9000,295,True,False,2.0,1.0,0.3146388888888889,4.574005793797292,0.8471043364864695,0.6732979147068954,0.6714231078670051,0.6714231078670051,0.7553741794683806
transposition_mutation_correlation=0.9000,296,False,False,0.9935957644114549,0.9935957644114549,0.3181111111111111,4.532103779292399,0.794876611529164,0.7928195014751475,0.8056984357514684,0.7928195014751475,0.7329359908087633
transposition_mutation_correlation=0.9000,297,True,False,2.0,1.0,0.324,4.75274613720671,0.8435871742237031,0.7827100986656711,0.76286259041471,0.76286259041471,0.7479179034630475
transposition_mutation_correlation=0.9000,298,False,False,0.9816684865903422,0.9816684865903422,0.3273611111111111,4.703927895132344,0.7853347892722738,0.7752090492905064,0.7937025609225123,0.7752090492905064,0.799707502077928
transposition_mutation_correlation=0.9000,299,True,False,2.0,1.0,0.31555555555555553,4.659533202358717,0.8540941554405171,0.7730454603979412,0.7847534190982054,0.7730454603979412,0.6370500588712492
