candidate,seed,stable,collapsed,score,progress,final_success,final_payoff,final_comb_tilt,final_sender_transposition,final_receiver_transposition,final_min_transposition,final_dance_propensity
baseline,200,True,False,2.0,1.0,0.1952222222222222,2.4429194179626794,0.8686022986191093,0.8328169162923917,0.8328169162923917,0.8328169162923917,0.36420540256554523
baseline,201,False,False,0.9920949857890021,0.9920949857890021,0.19277777777777777,2.3440143454502875,0.7936759886312017,0.8272762623287515,0.8272762623287515,0.8272762623287515,0.5223556698693542
baseline,202,True,False,2.0,1.0,0.18916666666666665,2.2912523677753214,0.81491495235818,0.8277516755830399,0.8277516755830399,0.8277516755830399,0.5791174579777665
baseline,203,True,False,2.0,1.0,0.20669444444444446,2.672710573247164,0.8870026617276857,0.854378334226895,0.854378334226895,0.854378334226895,0.6436648775872452
baseline,204,True,False,2.0,1.0,0.19675,2.4723672996674617,0.8313727612493635,0.8301167770154372,0.8301167770154372,0.8301167770154372,0.5983164828714277
baseline,205,True,False,2.0,1.0,0.20622222222222222,2.623834315765047,0.8633721083109173,0.8066407823857712,0.8066407823857712,0.8066407823857712,0.7819152543862301
baseline,206,False,False,0.9851870033794078,0.9851870033794078,0.1978888888888889,2.4373836650774847,0.7881496027035263,0.8177943826252781,0.8177943826252781,0.8177943826252781,0.6630908219809489
baseline,207,True,False,2.0,1.0,0.18963888888888888,2.3186736409232966,0.8554208068848445,0.7384574670399019,0.7384574670399019,0.7384574670399019,0.5447308716709409
baseline,208,True,False,2.0,1.0,0.20769444444444443,2.646181933732518,0.8624092487514218,0.8326985138320265,0.8326985138320265,0.8326985138320265,0.6282584670810539
baseline,209,True,False,2.0,1.0,0.21155555555555555,2.792170572553761,0.9123733114612499,0.8671186941807293,0.8671186941807293,0.8671186941807293,0.6665456781689534
baseline,210,True,False,2.0,1.0,0.1941388888888889,2.3868826319217153,0.8032638021576979,0.7895072935051612,0.7895072935051612,0.7895072935051612,0.3574254411037043
baseline,211,True,False,2.0,1.0,0.19127777777777777,2.407133129461324,0.8297846875534745,0.8539505017306116,0.8539505017306116,0.8539505017306116,0.4130215786273938
baseline,212,True,False,2.0,1.0,0.18730555555555556,2.3005626562298374,0.8335684370151262,0.8105711793513016,0.8105711793513016,0.8105711793513016,0.4977099764045358
baseline,213,True,False,2.0,1.0,0.21025,2.7616722553451596,0.9106768717252571,0.8506424496246084,0.8506424496246084,0.8506424496246084,0.48970593410831303
baseline,214,True,False,2.0,1.0,0.17816666666666667,2.103096744401889,0.805106155074177,0.7562105709214747,0.7562105709214747,0.7562105709214747,0.6193477332459809
baseline,215,True,False,2.0,1.0,0.19022222222222224,2.359619767421199,0.8176369802245583,0.772527485669462,0.772527485669462,0.772527485669462,0.7056902869967916
baseline,216,True,False,2.0,1.0,0.19533333333333333,2.414039188301771,0.8175058277738849,0.7583992454547726,0.7583992454547726,0.7583992454547726,0.5816544404138678
baseline,217,True,False,2.0,1.0,0.18880555555555556,2.2927796055258445,0.8280949663135568,0.7889227820518875,0.7889227820518875,0.7889227820518875,0.3176195517950223
baseline,218,True,False,2.0,1.0,0.20219444444444443,2.610436288333001,0.8856736139004762,0.8136897321565233,0.8136897321565233,0.8136897321565233,0.6653347944612825
baseline,219,True,False,2.0,1.0,0.20155555555555557,2.5443745679218663,0.8322618398724982,0.866771610217816,0.866771610217816,0.866771610217816,0.47512701770657817
baseline,220,True,False,2.0,1.0,0.19111111111111112,2.377712915782622,0.8489168818252841,0.8221615884310247,0.8221615884310247,0.8221615884310247,0.5228564795375876
baseline,221,True,False,2.0,1.0,0.20238888888888887,2.5564467231329346,0.8555099620341814,0.7765813600501912,0.7765813600501912,0.7765813600501912,0.6147216857757049
baseline,222,True,False,2.0,1.0,0.2028888888888889,2.5744615542803073,0.8357716647113274,0.8566925089534357,0.8566925089534357,0.8566925089534357,0.6289418328433032
baseline,223,True,False,2.0,1.0,0.2088611111111111,2.6675346729180873,0.8448560513227056,0.8467840548036142,0.8467840548036142,0.8467840548036142,0.6981029134128557
baseline,224,True,False,2.0,1.0,0.19383333333333336,2.4438811543947305,0.8949054559517359,0.8502640066653354,0.8502640066653354,0.8502640066653354,0.38951568126823516
baseline,225,True,False,2.0,1.0,0.1985833333333333,2.4900444169653704,0.8175097409231759,0.8190008989420818,0.8190008989420818,0.8190008989420818,0.3384209832146315
baseline,226,True,False,2.0,1.0,0.20152777777777778,2.5406963205016533,0.8513566668129781,0.8484712090993883,0.8484712090993883,0.8484712090993883,0.5735892289593105
baseline,227,True,False,2.0,1.0,0.19,2.4260096238897164,0.8735832913535598,0.7950197491660628,0.7950197491660628,0.7950197491660628,0.6942637653376256
baseline,228,True,False,2.0,1.0,0.19883333333333333,2.5293524348114667,0.8608195068205959,0.8219016360018775,0.8219016360018775,0.8219016360018775,0.6051634317634454
baseline,229,True,False,2.0,1.0,0.19080555555555556,2.376888216638126,0.8250359302005422,0.8149489379821908,0.8149489379821908,0.8149489379821908,0.37746649898976614
baseline,230,True,False,2.0,1.0,0.18391666666666667,2.280976362409331,0.8370655186890424,0.7486717341856789,0.7486717341856789,0.7486717341856789,0.5120947721363266
baseline,231,True,False,2.0,1.0,0.19758333333333333,2.4666912510053995,0.8772638947941495,0.7135765724704,0.7135765724704,0.7135765724704,0.3160546630687129
baseline,232,True,False,2.0,1.0,0.1866388888888889,2.353026125269763,0.8538697782745349,0.8159787683485864,0.8159787683485864,0.8159787683485864,0.4609349161693584
baseline,233,True,False,2.0,1.0,0.20547222222222222,2.66793712664211,0.8878613075728317,0.8239993731656935,0.8239993731656935,0.8239993731656935,0.7501823218239029
baseline,234,True,False,2.0,1.0,0.20425000000000001,2.6128757371419,0.8339374830271392,0.8890299940631924,0.8890299940631924,0.8890299940631924,0.4961711330897641
baseline,235,True,False,2.0,1.0,0.2085,2.7077130934665314,0.8708112532433366,0.8614458401554697,0.8614458401554697,0.8614458401554697,0.8076329757922281
baseline,236,True,False,2.0,1.0,0.20705555555555558,2.601359433034882,0.8270654147585893,0.8669577297574832,0.8669577297574832,0.8669577297574832,0.5995680034887052
baseline,237,True,False,2.0,1.0,0.1882222222222222,2.3428069439591086,0.8418959606229232,0.8346210955578557,0.8346210955578557,0.8346210955578557,0.4398984865615457
baseline,238,True,False,2.0,1.0,0.1905,2.3669113977280127,0.8196460183490413,0.8551069799280104,0.8551069799280104,0.8551069799280104,0.6086050986663316
baseline,239,True,False,2.0,1.0,0.19794444444444445,2.5059614613879893,0.8660948410726127,0.846414273666065,0.846414273666065,0.846414273666065,0.26881572394341496
baseline,240,True,False,2.0,1.0,0.2140277777777778,2.7734351054273723,0.8797228131230355,0.8332385495533754,0.8332385495533754,0.8332385495533754,0.41061783682265574
baseline,241,True,False,2.0,1.0,0.1993888888888889,2.531537069407396,0.8412927863666311,0.8683352973895528,0.8683352973895528,0.8683352973895528,0.503050319592364
baseline,242,True,False,2.0,1.0,0.1943888888888889,2.4218286938375764,0.8481888234373407,0.7455832941682573,0.7455832941682573,0.7455832941682573,0.6434941292934914
baseline,243,True,False,2.0,1.0,0.19833333333333333,2.5087037238587873,0.8259637212364973,0.868000025792727,0.868000025792727,0.868000025792727,0.7463040851981524
baseline,244,True,False,2.0,1.0,0.20252777777777778,2.6142099003097177,0.8711648808729919,0.830923438789693,0.830923438789693,0.830923438789693,0.43826106456978203
baseline,245,True,False,2.0,1.0,0.21855555555555556,2.8608863048374946,0.8812790241112577,0.8800906377562294,0.8800906377562294,0.8800906377562294,0.7556223181918731
baseline,246,True,False,2.0,1.0,0.19,2.317993268369582,0.844217700984554,0.6324870568836225,0.6324870568836225,0.6324870568836225,0.6197119378538676
baseline,247,True,False,2.0,1.0,0.20775,2.693259300882283,0.886252277957805,0.8265087665331904,0.8265087665331904,0.8265087665331904,0.3240624362029017
baseline,248,True,False,2.0,1.0,0.18688888888888888,2.2679672926290184,0.8210057320345394,0.8180128240543184,0.8180128240543184,0.8180128240543184,0.5834416630761197
baseline,249,True,False,2.0,1.0,0.20375,2.5525201066976195,0.8514489774790593,0.8070466116446248,0.8070466116446248,0.8070466116446248,0.7644594925164168
baseline,250,True,False,2.0,1.0,0.19908333333333333,2.5228054806394016,0.8484995028383578,0.8657312659046887,0.8657312659046887,0.8657312659046887,0.5333268325570308
baseline,251,True,False,2.0,1.0,0.20116666666666666,2.5029199675556386,0.8026474061471045,0.8278923673646214,0.8278923673646214,0.8278923673646214,0.28846368993134686
baseline,252,True,False,2.0,1.0,0.20500000000000002,2.628478040777959,0.8809966138580277,0.8168990575341633,0.8168990575341633,0.8168990575341633,0.46425273988470134
baseline,253,True,False,2.0,1.0,0.19294444444444445,2.463812880118584,0.8856585390884251,0.8680677853203683,0.8680677853203683,0.8680677853203683,0.6999346020140788
baseline,254,False,False,0.996247648942475,0.996247648942475,0.20638888888888887,2.556802622572768,0.79699811915398,0.8651606101881241,0.8651606101881241,0.8651606101881241,0.6354415216964164
baseline,255,True,False,2.0,1.0,0.20622222222222222,2.6467536083327805,0.85283601369107,0.8004983763720291,0.8004983763720291,0.8004983763720291,0.866209399201569
baseline,256,True,False,2.0,1.0,0.2011388888888889,2.5223555916136724,0.8144347000121633,0.8220990494103845,0.8220990494103845,0.8220990494103845,0.49549635120485935
baseline,257,True,False,2.0,1.0,0.19155555555555556,2.375440548958259,0.8542971683766754,0.8401510992976171,0.8401510992976171,0.8401510992976171,0.4672067761367657
baseline,258,True,False,2.0,1.0,0.19983333333333334,2.5493766183115243,0.8823980670371194,0.8358046214192772,0.8358046214192772,0.8358046214192772,0.8550504174125316
baseline,259,True,False,2.0,1.0,0.20880555555555555,2.642214456789816,0.8184712722504267,0.8124016030091308,0.8124016030091308,0.8124016030091308,0.6518302719271595
baseline,260,True,False,2.0,1.0,0.1898611111111111,2.347227417475549,0.8337232739509256,0.8310684096522151,0.8310684096522151,0.8310684096522151,0.4107749749825357
baseline,261,True,False,2.0,1.0,0.19322222222222224,2.4111998839178095,0.8389678113737211,0.8339904226821389,0.8339904226821389,0.8339904226821389,0.7840418005617881
baseline,262,False,False,0.9304433094951943,0.9304433094951943,0.19233333333333333,2.2817645980537185,0.7443546475961554,0.7029441473956856,0.7029441473956856,0.7029441473956856,0.36738250585693805
baseline,263,True,False,2.0,1.0,0.2101111111111111,2.692148493147025,0.8696787882723858,0.840867079512148,0.840867079512148,0.840867079512148,0.6250435941728288
baseline,264,True,False,2.0,1.0,0.20563888888888887,2.6658962201212204,0.8833922224426884,0.844414775951678,0.844414775951678,0.844414775951678,0.7939319606438819
baseline,265,True,False,2.0,1.0,0.2088611111111111,2.662543962367177,0.8262438361383811,0.8136871067383851,0.8136871067383851,0.8136871067383851,0.6444609127670792
baseline,266,True,False,2.0,1.0,0.19883333333333333,2.5564797834419273,0.9047032482784305,0.8118880191185319,0.8118880191185319,0.8118880191185319,0.5416074952965947
baseline,267,True,False,2.0,1.0,0.1965,2.475965627687386,0.8322407498289525,0.8320301301525159,0.8320301301525159,0.8320301301525159,0.5843346826867978
baseline,268,True,False,2.0,1.0,0.20463888888888887,2.598025404671021,0.8725171976983022,0.8613025758151284,0.8613025758151284,0.8613025758151284,0.752273959618444
baseline,269,True,False,2.0,1.0,0.20305555555555557,2.58016700952838,0.8527553954903975,0.8432331589171237,0.8432331589171237,0.8432331589171237,0.5686582363953895
baseline,270,True,False,2.0,1.0,0.20541666666666666,2.610406915534808,0.831332762634302,0.7758899094339141,0.7758899094339141,0.7758899094339141,0.3898928783977484
baseline,271,True,False,2.0,1.0,0.19466666666666665,2.4597913308854027,0.8324419993183317,0.8541233994999807,0.8541233994999807,0.8541233994999807,0.39687067749590205
baseline,272,True,False,2.0,1.0,0.21027777777777779,2.725590391736924,0.8649599443457654,0.8262066608867795,0.8262066608867795,0.8262066608867795,0.6248515228931225
baseline,273,True,False,2.0,1.0,0.1951388888888889,2.42959139350373,0.8205443445941671,0.8327206084942512,0.8327206084942512,0.8327206084942512,0.601202887971582
baseline,274,True,False,2.0,1.0,0.20344444444444446,2.626077915740657,0.8683381353863028,0.8591191657784787,0.8591191657784787,0.8591191657784787,0.7666852723232049
baseline,275,True,False,2.0,1.0,0.19925,2.54006462426519,0.8882112392553752,0.8460046597831354,0.8460046597831354,0.8460046597831354,0.6236186957798661
baseline,276,True,False,2.0,1.0,0.20647222222222222,2.6303701171841434,0.8649490906286813,0.8652914896840086,0.8652914896840086,0.8652914896840086,0.3159971287571247
baseline,277,True,False,2.0,1.0,0.1955277777777778,2.505504525588757,0.8923764484742019,0.8212367163115316,0.8212367163115316,0.8212367163115316,0.4289913362071945
baseline,278,True,False,2.0,1.0,0.19897222222222222,2.4887692778746873,0.8007435816436604,0.8422430937916059,0.8422430937916059,0.8422430937916059,0.5087870061962743
baseline,279,True,False,2.0,1.0,0.20316666666666666,2.5752097031147985,0.8433711882396858,0.8861679977312185,0.8861679977312185,0.8861679977312185,0.6568985287846627
baseline,280,True,False,2.0,1.0,0.20166666666666666,2.5506383403864437,0.8342135328849849,0.8456027338973107,0.8456027338973107,0.8456027338973107,0.3756434806781846
baseline,281,True,False,2.0,1.0,0.19027777777777777,2.4137706096755127,0.8778640259455036,0.8604007195940419,0.8604007195940419,0.8604007195940419,0.5220377582596875
baseline,282,True,False,2.0,1.0,0.20152777777777778,2.56421158863845,0.8349440841438487,0.8440605501083724,0.8440605501083724,0.8440605501083724,0.7807306566386528
baseline,283,True,False,2.0,1.0,0.19286111111111112,2.3576223890382253,0.8000965819051961,0.8265445278221114,0.8265445278221114,0.8265445278221114,0.5690452657864677
baseline,284,True,False,2.0,1.0,0.1941111111111111,2.4761509277193414,0.8426609099504601,0.8372951520363939,0.8372951520363939,0.8372951520363939,0.6696182718520283
baseline,285,True,False,2.0,1.0,0.21625,2.780873805085955,0.8599474267999713,0.8302785909104937,0.8302785909104937,0.8302785909104937,0.5442457033537204
baseline,286,True,False,2.0,1.0,0.21511111111111111,2.7783561095300224,0.8747363414804511,0.8198348610711741,0.8198348610711741,0.8198348610711741,0.7252724462512157
baseline,287,True,False,2.0,1.0,0.1953611111111111,2.491840775389674,0.8870818041894671,0.7957038532478322,0.7957038532478322,0.7957038532478322,0.6988547679464062
baseline,288,True,False,2.0,1.0,0.19744444444444445,2.4953377644402663,0.8592908297870268,0.8293096128756061,0.8293096128756061,0.8293096128756061,0.6786100038689232
baseline,289,True,False,2.0,1.0,0.19899999999999998,2.535540995843035,0.882821471784368,0.7692055429007906,0.7692055429007906,0.7692055429007906,0.5767237641422204
baseline,290,True,False,2.0,1.0,0.20727777777777778,2.6446459141285286,0.850500000641491,0.8481522868767767,0.8481522868767767,0.8481522868767767,0.7028563822010291
baseline,291,True,False,2.0,1.0,0.21827777777777777,2.780313639041141,0.8244919314449359,0.8504317843650744,0.8504317843650744,0.8504317843650744,0.5770221913567588
baseline,292,True,False,2.0,1.0,0.2115,2.78464178069306,0.8881392042429298,0.8981705452677954,0.8981705452677954,0.8981705452677954,0.5460957797515377
baseline,293,True,False,2.0,1.0,0.201,2.5210744537875214,0.8431807218823215,0.8376195729145629,0.8376195729145629,0.8376195729145629,0.5520884052512863
baseline,294,False,False,0.9683328380221482,0.9683328380221482,0.20172222222222222,2.4523058367598356,0.7746662704177186,0.8810957010499086,0.8810957010499086,0.8810957010499086,0.4384331905424505
baseline,295,True,False,2.0,1.0,0.19761111111111113,2.49300222448523,0.8620596858270352,0.8091313778308872,0.8091313778308872,0.8091313778308872,0.4464634724976984
baseline,296,True,False,2.0,1.0,0.1904722222222222,2.3571214488853247,0.8948236450580126,0.7875673054053115,0.7875673054053115,0.7875673054053115,0.6550684797476881
baseline,297,True,False,2.0,1.0,0.20938888888888887,2.659177093092038,0.8310007264430258,0.8309086446142261,0.8309086446142261,0.8309086446142261,0.7166371903330601
baseline,298,True,False,2.0,1.0,0.20752777777777778,2.655672966659176,0.8482964333336291,0.8704303996203734,0.8704303996203734,0.8704303996203734,0.5378872907137329
baseline,299,True,False,2.0,1.0,0.19772222222222222,2.456309697616278,0.8234087057182092,0.7593475067856582,0.7593475067856582,0.7593475067856582,0.5054279222896964
food_site_count=2,200,False,False,0.17782285260522948,0.17782285260522948,0.10566666666666666,0.5449372774343977,0.1422582820841836,0.29243339328298407,0.29243339328298407,0.29243339328298407,0.5488749462384482
food_site_count=2,201,False,False,0.22870360247217605,0.22870360247217605,0.10583333333333332,0.5943533401504779,0.18296288197774085,0.16811474377907484,0.16811474377907484,0.16811474377907484,0.6071756614029696
food_site_count=2,202,False,False,0.11182390090774809,0.11182390090774809,0.10066666666666667,0.5050740817211019,0.08945912072619848,0.19228216036732967,0.19228216036732967,0.19228216036732967,0.3474627260194183
food_site_count=2,203,False,False,0.2554342196891556,0.2554342196891556,0.08880555555555555,0.39279191907497163,0.20434737575132447,0.15382096752874688,0.15382096752874688,0.15382096752874688,0.7554633219847708
food_site_count=2,204,False,False,0.18721971219740205,0.18721971219740205,0.10236111111111111,0.5398467004408622,0.14977576975792165,0.11712464909719035,0.11712464909719035,0.11712464909719035,0.4774870200302292
food_site_count=2,205,False,False,0.2206576195319871,0.2206576195319871,0.10413888888888888,0.563872520356891,0.17652609562558969,0.25067057399314396,0.25067057399314396,0.25067057399314396,0.8809034070773459
food_site_count=2,206,False,False,0.2928033054419221,0.2928033054419221,0.10166666666666666,0.5380249278205251,0.2342426443535377,0.2218225441816261,0.2218225441816261,0.2218225441816261,0.47005082174159946
food_site_count=2,207,False,False,0.19985969265050635,0.19985969265050635,0.09916666666666667,0.49842531561421316,0.1598877541204051,0.3129857912874319,0.3129857912874319,0.3129857912874319,0.37157064441209847
food_site_count=2,208,True,False,2.0,1.0,0.10975,0.8377975706696359,0.8528567756410872,0.9105548496126501,0.9105548496126501,0.9105548496126501,0.7259832362235445
food_site_count=2,209,False,False,0.24563756421018756,0.24563756421018756,0.09777777777777777,0.532407561117176,0.19651005136815006,0.21917358421149885,0.21917358421149885,0.21917358421149885,0.6889166451266711
food_site_count=2,210,False,False,0.22009598396947805,0.22009598396947805,0.09980555555555555,0.4899516785156646,0.17607678717558245,0.1788710779066013,0.1788710779066013,0.1788710779066013,0.6539124557301244
food_site_count=2,211,False,False,0.26658764441542293,0.26658764441542293,0.09491666666666668,0.4705563153298022,0.21327011553233838,0.18944319314983457,0.18944319314983457,0.18944319314983457,0.6214580891944393
food_site_count=2,212,False,False,0.2762498171681889,0.2762498171681889,0.09947222222222223,0.5382339669384462,0.22099985373455114,0.18668409224464502,0.18668409224464502,0.18668409224464502,0.7204502816656139
food_site_count=2,213,False,False,0.2654464277327257,0.2654464277327257,0.09455555555555556,0.46709756935355257,0.21235714218618057,0.18936180343452083,0.18936180343452083,0.18936180343452083,0.6077480671142449
food_site_count=2,214,False,False,0.18208564168828675,0.18208564168828675,0.09866666666666667,0.5122056209882032,0.2049429227786126,0.09104282084414338,0.09104282084414338,0.09104282084414338,0.5850857712889556
food_site_count=2,215,False,False,0.19571145638680487,0.19571145638680487,0.09975,0.49200993866263426,0.1565691651094439,0.15034946462934873,0.15034946462934873,0.15034946462934873,0.49388646308097084
food_site_count=2,216,False,False,0.12031140136535828,0.12031140136535828,0.10277777777777779,0.5243885983865225,0.09624912109228663,0.17672496747676877,0.17672496747676877,0.17672496747676877,0.3938259660932608
food_site_count=2,217,True,False,2.0,1.0,0.0973888888888889,0.6570197181647537,0.8399627830942799,0.8252608708947065,0.8252608708947065,0.8252608708947065,0.8706931756797114
food_site_count=2,218,False,False,0.1885042478132945,0.1885042478132945,0.09905555555555555,0.5306111019279653,0.24127804654839055,0.09425212390664725,0.09425212390664725,0.09425212390664725,0.4158726786692517
food_site_count=2,219,False,False,0.15110270316748275,0.15110270316748275,0.10194444444444445,0.5196011059025807,0.1208821625339862,0.2568914778111695,0.2568914778111695,0.2568914778111695,0.534536024932183
food_site_count=2,220,False,False,0.17569195546135674,0.17569195546135674,0.10055555555555555,0.5417681535714868,0.1405535643690854,0.18181534134787575,0.18181534134787575,0.18181534134787575,0.5358949629759121
food_site_count=2,221,False,False,0.22647270809037365,0.22647270809037365,0.09469444444444444,0.480486492389021,0.18117816647229892,0.24326251707317773,0.24326251707317773,0.24326251707317773,0.6582498638901821
food_site_count=2,222,False,False,0.2084959344469373,0.2084959344469373,0.10258333333333333,0.5385398351419669,0.16679674755754983,0.13279245184073668,0.13279245184073668,0.13279245184073668,0.6484235034150204
food_site_count=2,223,False,False,0.22483891248110643,0.22483891248110643,0.10152777777777779,0.5514969282181956,0.17987112998488516,0.17747712169319943,0.17747712169319943,0.17747712169319943,0.4353620638456406
food_site_count=2,224,False,False,0.2903661831488265,0.2903661831488265,0.10908333333333334,0.6469128170703422,0.23229294651906124,0.16932751910102203,0.16932751910102203,0.16932751910102203,0.6157409859652417
food_site_count=2,225,False,False,0.20682376376752734,0.20682376376752734,0.10280555555555555,0.520241458225589,0.16545901101402188,0.27638988174990864,0.27638988174990864,0.27638988174990864,0.6829613847644889
food_site_count=2,226,False,False,0.1873086886871872,0.1873086886871872,0.09605555555555556,0.4640984822412721,0.14984695094974976,0.24037682566237,0.24037682566237,0.24037682566237,0.8210175236467873
food_site_count=2,227,False,False,0.3217695951935737,0.3217695951935737,0.10094444444444445,0.5383491358762847,0.25741567615485894,0.1848389886254748,0.1848389886254748,0.1848389886254748,0.7390558827546069
food_site_count=2,228,False,False,0.2767003849070436,0.2767003849070436,0.10652777777777778,0.6091654949005144,0.22136030792563485,0.2918028678304055,0.2918028678304055,0.2918028678304055,0.6258335559497293
food_site_count=2,229,False,False,0.31102892425732903,0.31102892425732903,0.10683333333333334,0.6182624125181841,0.24882313940586323,0.21710780174831512,0.21710780174831512,0.21710780174831512,0.6367390869270545
food_site_count=2,230,False,False,0.2818077278128327,0.2818077278128327,0.09694444444444444,0.4619676191544323,0.2254461822502662,0.1847389995833876,0.1847389995833876,0.1847389995833876,0.6988417524490386
food_site_count=2,231,False,False,0.1827353807540873,0.1827353807540873,0.08705555555555557,0.3963728672483892,0.14618830460326984,0.45638144541484166,0.45638144541484166,0.45638144541484166,0.8280067552840726
food_site_count=2,232,False,False,0.33198567271679486,0.33198567271679486,0.09938888888888889,0.49955333868923185,0.2655885381734359,0.19240424788707197,0.19240424788707197,0.19240424788707197,0.6508344704534481
food_site_count=2,233,False,False,0.3112757644957627,0.3112757644957627,0.10377777777777777,0.5523117702393104,0.2490206115966102,0.18843741854595641,0.18843741854595641,0.18843741854595641,0.6558310774726712
food_site_count=2,234,True,False,2.0,1.0,0.0936111111111111,0.6242372162481328,0.867644005601129,0.8924242948573915,0.8924242948573915,0.8924242948573915,0.8528592394985856
food_site_count=2,235,False,False,0.262608641773426,0.262608641773426,0.09525,0.49026264669259556,0.21008691341874083,0.18414573052274752,0.18414573052274752,0.18414573052274752,0.40401669454376926
food_site_count=2,236,False,False,0.2584088785371786,0.2584088785371786,0.09680555555555556,0.4598147730224328,0.20672710282974288,0.17488940724539664,0.17488940724539664,0.17488940724539664,0.5482125526103484
food_site_count=2,237,False,False,0.21691825058293437,0.21691825058293437,0.10277777777777779,0.5246677977538966,0.1735346004663475,0.29598953210321005,0.29598953210321005,0.29598953210321005,0.7577909817559816
food_site_count=2,238,False,False,0.287742853842335,0.287742853842335,0.10430555555555557,0.5542061859965235,0.24103480368462413,0.1438714269211675,0.1438714269211675,0.1438714269211675,0.7227008991567292
food_site_count=2,239,False,False,0.1562044466916924,0.1562044466916924,0.10138888888888889,0.5081692526362187,0.12496355735335393,0.17531497449731198,0.17531497449731198,0.17531497449731198,0.6241741521549027
food_site_count=2,240,False,False,0.1955266214815024,0.1955266214815024,0.09372222222222222,0.5090774477362143,0.20350330007053968,0.0977633107407512,0.0977633107407512,0.0977633107407512,0.7937143889341979
food_site_count=2,241,False,False,0.17025127560589146,0.17025127560589146,0.09444444444444446,0.4758254734385903,0.13620102048471316,0.21344551289033664,0.21344551289033664,0.21344551289033664,0.6251893548219783
food_site_count=2,242,False,False,0.21076898374735936,0.21076898374735936,0.09527777777777778,0.4702967258899163,0.1686151869978875,0.12134652520986515,0.12134652520986515,0.12134652520986515,0.5429726417342519
food_site_count=2,243,False,False,0.19563040183100464,0.19563040183100464,0.09591666666666666,0.48858484331320295,0.15650432146480373,0.22428898006503797,0.22428898006503797,0.22428898006503797,0.7733014568906108
food_site_count=2,244,False,False,0.25154291880898794,0.25154291880898794,0.1001388888888889,0.5046511474254577,0.20123433504719035,0.14506900715368837,0.14506900715368837,0.14506900715368837,0.5298730963842362
food_site_count=2,245,False,False,0.19975115065408658,0.19975115065408658,0.10044444444444443,0.5141521036975005,0.15980092052326927,0.1992349163029204,0.1992349163029204,0.1992349163029204,0.4823452656672878
food_site_count=2,246,False,False,0.2649758207521862,0.2649758207521862,0.09333333333333332,0.4980242484718292,0.21198065660174895,0.20168893145204694,0.20168893145204694,0.20168893145204694,0.6306802248026283
food_site_count=2,247,False,False,0.2180903296217134,0.2180903296217134,0.09238888888888888,0.4404317536325128,0.2610493257581587,0.1090451648108567,0.1090451648108567,0.1090451648108567,0.42798317190684393
food_site_count=2,248,True,False,2.0,1.0,0.09477777777777778,0.5925760455439472,0.8823998285573744,0.865326701057216,0.865326701057216,0.865326701057216,0.8720351489367558
food_site_count=2,249,True,False,2.0,1.0,0.10233333333333333,0.7256229605848182,0.8450140509991516,0.8503200506886824,0.8503200506886824,0.8503200506886824,0.6959919931632896
food_site_count=2,250,False,False,0.2337747622821983,0.2337747622821983,0.09494444444444444,0.451770455852493,0.18701980982575864,0.15457101670971615,0.15457101670971615,0.15457101670971615,0.615016507049323
food_site_count=2,251,False,False,0.30459274600474406,0.30459274600474406,0.09880555555555556,0.5180367670274264,0.24367419680379526,0.2396958448013727,0.2396958448013727,0.2396958448013727,0.5545282480139517
food_site_count=2,252,False,False,0.1989289080275009,0.1989289080275009,0.09855555555555555,0.4769397970973177,0.15914312642200074,0.2267504111196796,0.2267504111196796,0.2267504111196796,0.7617614267290206
food_site_count=2,253,False,False,0.2162928413840077,0.2162928413840077,0.10091666666666667,0.5079356362663143,0.17303427310720618,0.17746114284413103,0.17746114284413103,0.17746114284413103,0.5024521856436539
food_site_count=2,254,False,False,0.2542768505697822,0.2542768505697822,0.09577777777777778,0.4744055758733035,0.20342148045582578,0.2753117174818619,0.2753117174818619,0.2753117174818619,0.4956861971197526
food_site_count=2,255,False,False,0.16442543974168342,0.16442543974168342,0.09316666666666666,0.4300580751644913,0.13154035179334675,0.2161773854982515,0.2161773854982515,0.2161773854982515,0.5673027696140575
food_site_count=2,256,False,False,0.29574588492799214,0.29574588492799214,0.10130555555555555,0.5365980685165489,0.2365967079423937,0.15658606754999607,0.15658606754999607,0.15658606754999607,0.6934899036304383
food_site_count=2,257,False,False,0.25086593332813684,0.25086593332813684,0.09088888888888888,0.44800423210455786,0.2006927466625095,0.16945002212805493,0.16945002212805493,0.16945002212805493,0.6411759681914698
food_site_count=2,258,False,False,0.27287608524856716,0.27287608524856716,0.09386111111111112,0.4729785962156333,0.21830086819885375,0.20160888409281427,0.20160888409281427,0.20160888409281427,0.570900552574244
food_site_count=2,259,False,False,0.19736426475007446,0.19736426475007446,0.10400000000000001,0.5555640784055549,0.15789141180005958,0.2711229877335854,0.2711229877335854,0.2711229877335854,0.6801826833937199
food_site_count=2,260,False,False,0.2781021055902353,0.2781021055902353,0.09494444444444444,0.4637308915567925,0.22248168447218825,0.18704297042955556,0.18704297042955556,0.18704297042955556,0.6282258492230267
food_site_count=2,261,False,False,0.32769503341759615,0.32769503341759615,0.09994444444444445,0.5081057915972316,0.26215602673407695,0.17628317643266728,0.17628317643266728,0.17628317643266728,0.7555032025635732
food_site_count=2,262,False,False,0.21151269075933468,0.21151269075933468,0.10202777777777779,0.5285887809435253,0.16921015260746775,0.320315261461657,0.320315261461657,0.320315261461657,0.5164544409819308
food_site_count=2,263,True,False,2.0,1.0,0.10005555555555555,0.6778806858010447,0.8200197704227904,0.8629847414735843,0.8629847414735843,0.8629847414735843,0.7245017480784522
food_site_count=2,264,False,False,0.2639480587125531,0.2639480587125531,0.09458333333333332,0.4213345922904089,0.2111584469700425,0.19479280114022668,0.19479280114022668,0.19479280114022668,0.6152801304496198
food_site_count=2,265,False,False,0.18073270508060568,0.18073270508060568,0.10327777777777777,0.5282346125940398,0.14458616406448455,0.21871304668465844,0.21871304668465844,0.21871304668465844,0.6066473501461587
food_site_count=2,266,False,False,0.24777252672629513,0.24777252672629513,0.10138888888888889,0.5535937043392217,0.1982180213810361,0.16316237157523922,0.16316237157523922,0.16316237157523922,0.45476631383961
food_site_count=2,267,True,False,2.0,1.0,0.10127777777777779,0.7617403335932758,0.9186152181824082,0.9048876299025288,0.9048876299025288,0.9048876299025288,0.6608183406029983
food_site_count=2,268,True,False,2.0,1.0,0.09291666666666668,0.6341555141643617,0.872292895526534,0.8951795217388571,0.8951795217388571,0.8951795217388571,0.7712298702086307
food_site_count=2,269,False,False,0.25023352631036266,0.25023352631036266,0.10091666666666667,0.5151022448687982,0.20018682104829014,0.1324958727212478,0.1324958727212478,0.1324958727212478,0.38792920447825946
food_site_count=2,270,False,False,0.29626326590662444,0.29626326590662444,0.09880555555555556,0.5192622732703601,0.23701061272529955,0.2788141967161335,0.2788141967161335,0.2788141967161335,0.6155905157182981
food_site_count=2,271,False,False,0.239978567869803,0.239978567869803,0.09327777777777778,0.4757714273858309,0.19198285429584241,0.20706351114369978,0.20706351114369978,0.20706351114369978,0.6349156719914103
food_site_count=2,272,False,False,0.21476625559390602,0.21476625559390602,0.10033333333333334,0.5127634757179668,0.17181300447512482,0.1227336068904173,0.1227336068904173,0.1227336068904173,0.44717455227152997
food_site_count=2,273,False,False,0.24075488582269255,0.24075488582269255,0.10308333333333333,0.558560989686962,0.19260390865815405,0.2577566525895481,0.2577566525895481,0.2577566525895481,0.8288759076658149
food_site_count=2,274,False,False,0.22385797897587603,0.22385797897587603,0.08983333333333333,0.45524670328575884,0.17908638318070083,0.2987152024895779,0.2987152024895779,0.2987152024895779,0.6654196958220054
food_site_count=2,275,False,False,0.2506644000510987,0.2506644000510987,0.09644444444444446,0.4994633325283555,0.25436313249776243,0.12533220002554935,0.12533220002554935,0.12533220002554935,0.7030602204118739
food_site_count=2,276,False,False,0.20715096713839073,0.20715096713839073,0.10019444444444445,0.5210994655509542,0.19589156651692088,0.10357548356919537,0.10357548356919537,0.10357548356919537,0.8298355455648818
food_site_count=2,277,False,False,0.3100689166263308,0.3100689166263308,0.10088888888888889,0.5557970019144889,0.24805513330106463,0.22109726622297954,0.22109726622297954,0.22109726622297954,0.4184740376773008
food_site_count=2,278,False,False,0.2952769914875111,0.2952769914875111,0.10069444444444445,0.5149804950802207,0.23622159319000888,0.2087668398172774,0.2087668398172774,0.2087668398172774,0.5720877977264607
food_site_count=2,279,False,False,0.26390063664624147,0.26390063664624147,0.09627777777777777,0.48386730413579465,0.2111205093169932,0.22377299664289474,0.22377299664289474,0.22377299664289474,0.37637950814447485
food_site_count=2,280,False,False,0.2494834101192877,0.2494834101192877,0.10138888888888889,0.5458134033602099,0.19958672809543018,0.13073799521726384,0.13073799521726384,0.13073799521726384,0.6410384460671799
food_site_count=2,281,False,False,0.2276534355707114,0.2276534355707114,0.08783333333333335,0.41808790034150417,0.18212274845656914,0.15444535571599838,0.15444535571599838,0.15444535571599838,0.4812773109015423
food_site_count=2,282,False,False,0.30981797305785136,0.30981797305785136,0.09047222222222223,0.47159710497680474,0.24785437844628108,0.16620387154797828,0.16620387154797828,0.16620387154797828,0.4286454298263379
food_site_count=2,283,False,False,0.19894990130916881,0.19894990130916881,0.10791666666666666,0.6069890763236344,0.16333260782177358,0.09947495065458441,0.09947495065458441,0.09947495065458441,0.8585757848031949
food_site_count=2,284,False,False,0.19786940654402654,0.19786940654402654,0.10149999999999999,0.5381251521071639,0.15829552523522125,0.207488856969633,0.207488856969633,0.207488856969633,0.6633548799695753
food_site_count=2,285,True,False,2.0,1.0,0.10219444444444445,0.7361992127394112,0.8471361713463559,0.8405972375222176,0.8405972375222176,0.8405972375222176,0.8235021261565479
food_site_count=2,286,False,False,0.20594612652182345,0.20594612652182345,0.10055555555555555,0.513556835255261,0.2563305642772013,0.10297306326091173,0.10297306326091173,0.10297306326091173,0.5914884929560272
food_site_count=2,287,False,False,0.3250563210540742,0.3250563210540742,0.10038888888888889,0.5554551652862114,0.2600450568432594,0.22319024542395596,0.22319024542395596,0.22319024542395596,0.4670904396766471
food_site_count=2,288,False,False,0.3565176126497793,0.3565176126497793,0.10244444444444444,0.5471709865514093,0.28521409011982346,0.23256381750774535,0.23256381750774535,0.23256381750774535,0.7345210905606199
food_site_count=2,289,False,False,0.19250712144239976,0.19250712144239976,0.09902777777777777,0.4992926251651068,0.15400569715391982,0.2664778047168578,0.2664778047168578,0.2664778047168578,0.6725479778729173
food_site_count=2,290,False,False,0.17257702947454467,0.17257702947454467,0.09988888888888889,0.4775816827170606,0.13806162357963575,0.38265474629162116,0.38265474629162116,0.38265474629162116,0.7576778897969586
food_site_count=2,291,False,False,0.18010892166820325,0.18010892166820325,0.09347222222222222,0.4408930665466624,0.1440871373345626,0.32379094299219685,0.32379094299219685,0.32379094299219685,0.5268381905304047
food_site_count=2,292,False,False,0.17306378182693014,0.17306378182693014,0.10330555555555555,0.5193091734353064,0.1384510254615441,0.20346178261738024,0.20346178261738024,0.20346178261738024,0.5958069347084459
food_site_count=2,293,False,True,-0.7963070330468983,0.2036929669531017,0.09047222222222223,0.4277755520791622,0.16295437356248138,0.3921589727891711,0.3921589727891711,0.3921589727891711,0.5040734831492475
food_site_count=2,294,False,False,0.2289943498542303,0.2289943498542303,0.09480555555555556,0.4540908137897471,0.18319547988338425,0.38052904575161584,0.38052904575161584,0.38052904575161584,0.7786716005339441
food_site_count=2,295,False,False,0.16111322928421995,0.16111322928421995,0.10183333333333335,0.5064068175623064,0.12889058342737597,0.21483334316949207,0.21483334316949207,0.21483334316949207,0.7314073561283153
food_site_count=2,296,True,False,2.0,1.0,0.09047222222222223,0.5729218970266959,0.8508239322829658,0.8834183765624403,0.8834183765624403,0.8834183765624403,0.42924166535051234
food_site_count=2,297,False,False,0.1925847168082691,0.1925847168082691,0.09341666666666668,0.4649648802830916,0.1540677734466153,0.348655235727076,0.348655235727076,0.348655235727076,0.7151077987135791
food_site_count=2,298,False,False,0.22451192860446367,0.22451192860446367,0.11177777777777778,0.6394857761994072,0.17960954288357095,0.12612504088320214,0.12612504088320214,0.12612504088320214,0.819345862479056
food_site_count=2,299,False,False,0.2653789000641243,0.2653789000641243,0.09966666666666667,0.5240761074443276,0.21230312005129945,0.1998845569705098,0.1998845569705098,0.1998845569705098,0.4682456519207739
food_site_count=3,200,True,False,2.0,1.0,0.13805555555555554,1.432373127694063,0.8644101989833347,0.8152409861558229,0.8152409861558229,0.8152409861558229,0.7068145143410178
food_site_count=3,201,False,False,0.3741839329131909,0.3741839329131909,0.12833333333333333,0.9716177445664055,0.29934714633055276,0.24946930579083706,0.24946930579083706,0.24946930579083706,0.7735138778811742
food_site_count=3,202,False,False,0.9968805890197463,0.9968805890197463,0.13949999999999999,1.4010176634304174,0.797504471215797,0.8691374023250451,0.8691374023250451,0.8691374023250451,0.5475960313506658
food_site_count=3,203,True,False,2.0,1.0,0.14613888888888887,1.4987804999769816,0.869188272401369,0.8820036986838111,0.8820036986838111,0.8820036986838111,0.8521754203526336
food_site_count=3,204,False,False,0.48514297550409496,0.48514297550409496,0.13105555555555556,0.972290741416645,0.388114380403276,0.299172536312945,0.299172536312945,0.299172536312945,0.5398297768376673
food_site_count=3,205,False,False,0.3004285730355531,0.3004285730355531,0.14733333333333334,1.1466297318429604,0.24034285842844247,0.23770086245715766,0.23770086245715766,0.23770086245715766,0.5699187989832681
food_site_count=3,206,False,False,0.29432218578301705,0.29432218578301705,0.14125,1.0917806993097103,0.2694218523549125,0.14716109289150853,0.14716109289150853,0.14716109289150853,0.37599939231048424
food_site_count=3,207,True,False,2.0,1.0,0.12677777777777777,1.2299738887158687,0.8524627429729118,0.8400569102635663,0.8400569102635663,0.8400569102635663,0.6365084536990039
food_site_count=3,208,True,False,2.0,1.0,0.13316666666666668,1.2718272275957458,0.8363403418560126,0.8050430552139274,0.8050430552139274,0.8050430552139274,0.5630768499211177
food_site_count=3,209,False,False,0.29762193440282275,0.29762193440282275,0.13352777777777777,1.0214068824913032,0.34975854949275936,0.14881096720141138,0.14881096720141138,0.14881096720141138,0.6610499189739333
food_site_count=3,210,True,False,2.0,1.0,0.1368888888888889,1.4016139036229658,0.8543058586020039,0.863096924205345,0.863096924205345,0.863096924205345,0.6426870315755466
food_site_count=3,211,False,False,0.27087320507796314,0.27087320507796314,0.1378611111111111,1.0324396103944955,0.2166985640623705,0.2954064714050167,0.2954064714050167,0.2954064714050167,0.5582247088034976
food_site_count=3,212,True,False,2.0,1.0,0.14797222222222223,1.5870329606014824,0.9150228163488439,0.8360528075326565,0.8360528075326565,0.8360528075326565,0.4682236738427328
food_site_count=3,213,True,False,2.0,1.0,0.13205555555555554,1.2957183556044534,0.8669032576128538,0.8449654996608472,0.8449654996608472,0.8449654996608472,0.5173060836419551
food_site_count=3,214,True,False,2.0,1.0,0.13083333333333333,1.2860254178776909,0.8784943297720996,0.8613258342862244,0.8613258342862244,0.8613258342862244,0.6409975955735994
food_site_count=3,215,True,False,2.0,1.0,0.11913888888888889,1.0923358143795248,0.8490618200725695,0.7411347563923284,0.7411347563923284,0.7411347563923284,0.5177032912014462
food_site_count=3,216,False,False,0.2886746212052497,0.2886746212052497,0.13291666666666666,0.9937288878599301,0.23093969696419978,0.2920440337137173,0.2920440337137173,0.2920440337137173,0.5780874418435382
food_site_count=3,217,True,False,2.0,1.0,0.13191666666666665,1.3722429502967652,0.9119759331537534,0.8985179083313479,0.8985179083313479,0.8985179083313479,0.6315993174389367
food_site_count=3,218,True,False,2.0,1.0,0.12844444444444444,1.2591591255506305,0.8973038529524687,0.8160628123905688,0.8160628123905688,0.8160628123905688,0.6553966433687568
food_site_count=3,219,False,False,0.3582415175824963,0.3582415175824963,0.13916666666666666,1.0557941927591616,0.286593214065997,0.2246175016550397,0.2246175016550397,0.2246175016550397,0.7116057162111754
food_site_count=3,220,False,False,0.45955468903216046,0.45955468903216046,0.13119444444444445,1.0214182035303487,0.3676437512257284,0.3012478207390303,0.3012478207390303,0.3012478207390303,0.4931326420358038
food_site_count=3,221,True,False,2.0,1.0,0.12341666666666667,1.0966647269050769,0.8041872579763797,0.8518487873649752,0.8518487873649752,0.8518487873649752,0.49104128064140407
food_site_count=3,222,False,False,0.2271672179392891,0.2271672179392891,0.13769444444444445,1.0058265536571762,0.1817337743514313,0.21585576497549264,0.21585576497549264,0.21585576497549264,0.74385145698908
food_site_count=3,223,False,False,0.2120312901778779,0.2120312901778779,0.13444444444444445,0.9946737160578214,0.2184098723519108,0.10601564508893895,0.10601564508893895,0.10601564508893895,0.7517609664664853
food_site_count=3,224,False,False,0.3887134142749452,0.3887134142749452,0.1436388888888889,1.1340836408579773,0.31671178407967215,0.1943567071374726,0.1943567071374726,0.1943567071374726,0.695343241336904
food_site_count=3,225,True,False,2.0,1.0,0.12758333333333333,1.236761517830805,0.8277400221608368,0.8519226937925183,0.8519226937925183,0.8519226937925183,0.6388679628077221
food_site_count=3,226,False,False,0.3902252084466311,0.3902252084466311,0.13769444444444445,1.0369026531583472,0.3121801667573049,0.2779381153949583,0.2779381153949583,0.2779381153949583,0.594759929165696
food_site_count=3,227,True,False,2.0,1.0,0.1331111111111111,1.3585936779688814,0.9023483466015522,0.8865945346332024,0.8865945346332024,0.8865945346332024,0.7186577098506003
food_site_count=3,228,True,False,2.0,1.0,0.1371666666666667,1.3489238489663948,0.8730567840136244,0.809278274431669,0.809278274431669,0.809278274431669,0.6402458142972696
food_site_count=3,229,True,False,2.0,1.0,0.13974999999999999,1.4570171870447957,0.8508457373616749,0.7928651120303946,0.7928651120303946,0.7928651120303946,0.6033669471634944
food_site_count=3,230,True,False,2.0,1.0,0.12205555555555556,1.1179181041266164,0.8092880318029915,0.8284513643442382,0.8284513643442382,0.8284513643442382,0.3921987541605497
food_site_count=3,231,False,False,0.245950478525551,0.245950478525551,0.1445,1.0925223168758125,0.1967603828204408,0.20657883911323996,0.20657883911323996,0.20657883911323996,0.6236676764083576
food_site_count=3,232,True,False,2.0,1.0,0.13508333333333333,1.3257827139814495,0.8281977748992552,0.8034596955519906,0.8034596955519906,0.8034596955519906,0.5710315685284162
food_site_count=3,233,True,False,2.0,1.0,0.13791666666666666,1.4187375215358198,0.8771635061667474,0.8645594347613711,0.8645594347613711,0.8645594347613711,0.6539076938319028
food_site_count=3,234,True,False,2.0,1.0,0.13330555555555554,1.309122584032079,0.8371979304026952,0.8117710913337839,0.8117710913337839,0.8117710913337839,0.6694601968349072
food_site_count=3,235,True,False,2.0,1.0,0.14022222222222222,1.43948253313432,0.8782169484775432,0.867062204951314,0.867062204951314,0.867062204951314,0.7513189949625073
food_site_count=3,236,True,False,2.0,1.0,0.13736111111111113,1.4309858145915402,0.8732602420308582,0.8560985100632811,0.8560985100632811,0.8560985100632811,0.8144814124738934
food_site_count=3,237,False,False,0.6702893722028564,0.6702893722028564,0.13025,1.108962484596267,0.5362314977622852,0.4540606226747025,0.4540606226747025,0.4540606226747025,0.4654129323480781
food_site_count=3,238,True,False,2.0,1.0,0.13913888888888887,1.3898448156816778,0.8530685232908546,0.8223330609716187,0.8223330609716187,0.8223330609716187,0.5129758504083659
food_site_count=3,239,True,False,2.0,1.0,0.14194444444444446,1.456159757898028,0.8529209644407977,0.8428813233384432,0.8428813233384432,0.8428813233384432,0.5319133611446704
food_site_count=3,240,True,False,2.0,1.0,0.1225,1.1307773881991057,0.8744739288898551,0.8316290823611374,0.8316290823611374,0.8316290823611374,0.22985272777951207
food_site_count=3,241,True,False,2.0,1.0,0.13933333333333334,1.4131303741093981,0.8718877517173115,0.8211814528684742,0.8211814528684742,0.8211814528684742,0.7454031157403735
food_site_count=3,242,True,False,2.0,1.0,0.14425,1.5326366086118852,0.8896425300829698,0.8565967352691363,0.8565967352691363,0.8565967352691363,0.6383732525085174
food_site_count=3,243,True,False,2.0,1.0,0.12563888888888888,1.2010907413038758,0.8447432435038805,0.8500400966828875,0.8500400966828875,0.8500400966828875,0.4522804112919109
food_site_count=3,244,True,False,2.0,1.0,0.12480555555555556,1.1760048702015233,0.8446910775022783,0.8379894869139437,0.8379894869139437,0.8379894869139437,0.5776791122192606
food_site_count=3,245,True,False,2.0,1.0,0.14580555555555555,1.54166429213485,0.8892829629804084,0.8516712163618282,0.8516712163618282,0.8516712163618282,0.6245835000129585
food_site_count=3,246,False,False,0.35399324998322135,0.35399324998322135,0.13075,0.9957715945972226,0.2831945999865771,0.2232110691473221,0.2232110691473221,0.2232110691473221,0.6942245000246584
food_site_count=3,247,True,False,2.0,1.0,0.14211111111111113,1.4843099577544578,0.853348737445465,0.8727444439043882,0.8727444439043882,0.8727444439043882,0.7439773158664891
food_site_count=3,248,True,False,2.0,1.0,0.13472222222222224,1.3734323961879091,0.8660638228927501,0.840629252664409,0.840629252664409,0.840629252664409,0.5395618011362313
food_site_count=3,249,True,False,2.0,1.0,0.12997222222222224,1.3156403030741222,0.8632090681706107,0.8573751259283356,0.8573751259283356,0.8573751259283356,0.5771653437419455
food_site_count=3,250,True,False,2.0,1.0,0.14047222222222222,1.4238938256357554,0.8504471288979064,0.8551600650334321,0.8551600650334321,0.8551600650334321,0.7084033651528853
food_site_count=3,251,True,False,2.0,1.0,0.12769444444444444,1.2754734161238437,0.8611220275917003,0.8322869263541082,0.8322869263541082,0.8322869263541082,0.6806144144766537
food_site_count=3,252,True,False,2.0,1.0,0.14272222222222222,1.483078854578799,0.8809341004551228,0.8609142823366941,0.8609142823366941,0.8609142823366941,0.7415575332209213
food_site_count=3,253,True,False,2.0,1.0,0.12452777777777778,1.1439912791216584,0.8434700211849736,0.7984384539556759,0.7984384539556759,0.7984384539556759,0.5658233285812341
food_site_count=3,254,True,False,2.0,1.0,0.13316666666666668,1.3031505625886928,0.8402715243372056,0.8784835953565728,0.8784835953565728,0.8784835953565728,0.7875379611911835
food_site_count=3,255,False,False,0.21237505116348773,0.21237505116348773,0.14416666666666667,1.105213328743152,0.1699000409307902,0.26334849993817294,0.26334849993817294,0.26334849993817294,0.6138892876678502
food_site_count=3,256,False,False,0.30765868441169775,0.30765868441169775,0.12025,0.8031773839294373,0.2461269475293582,0.2595317583129168,0.2595317583129168,0.2595317583129168,0.633237670005569
food_site_count=3,257,True,False,2.0,1.0,0.13375,1.3506397203423053,0.8557861770162439,0.8785070888929175,0.8785070888929175,0.8785070888929175,0.4716493869441552
food_site_count=3,258,False,False,0.2863709249332892,0.2863709249332892,0.13436111111111113,0.9752325113304183,0.24717476089586238,0.1431854624666446,0.1431854624666446,0.1431854624666446,0.7833187432688543
food_site_count=3,259,True,False,2.0,1.0,0.1335,1.3066928663438508,0.8404306523265394,0.7783328840594009,0.7783328840594009,0.7783328840594009,0.47752867022198714
food_site_count=3,260,False,False,0.4996556502300637,0.4996556502300637,0.127,0.9670436563934686,0.39972452018405097,0.2515725176098006,0.2515725176098006,0.2515725176098006,0.5618549696997733
food_site_count=3,261,True,False,2.0,1.0,0.12427777777777778,1.2224952459761484,0.8653700581395259,0.8568309114079737,0.8568309114079737,0.8568309114079737,0.6199083458567487
food_site_count=3,262,False,False,0.3673733586147725,0.3673733586147725,0.13969444444444443,1.0822137936476501,0.29389868689181803,0.22754602656413236,0.22754602656413236,0.22754602656413236,0.7035769268645856
food_site_count=3,263,False,False,0.2162293713905069,0.2162293713905069,0.13519444444444445,0.9560572441767687,0.17298349711240554,0.29986659918484054,0.29986659918484054,0.29986659918484054,0.7704642953510864
food_site_count=3,264,True,False,2.0,1.0,0.13541666666666666,1.3631604772195216,0.8697072045206133,0.8798290885462943,0.8798290885462943,0.8798290885462943,0.4229284853448092
food_site_count=3,265,True,False,2.0,1.0,0.1338611111111111,1.3359999979559423,0.8618371756588317,0.8881623649864687,0.8881623649864687,0.8881623649864687,0.47016393964845987
food_site_count=3,266,False,False,0.24529384917256997,0.24529384917256997,0.13649999999999998,1.0099703858098104,0.19623507933805598,0.17416586803623021,0.17416586803623021,0.17416586803623021,0.5948097430900486
food_site_count=3,267,False,False,0.9512307186593636,0.9512307186593636,0.13144444444444445,1.2456955805987773,0.7609845749274909,0.8641329874081121,0.8641329874081121,0.8641329874081121,0.3823187906485324
food_site_count=3,268,True,False,2.0,1.0,0.12177777777777778,1.1074282379340592,0.8608998385863702,0.8705506269228479,0.8705506269228479,0.8705506269228479,0.5664231899584525
food_site_count=3,269,False,False,0.905167036025881,0.905167036025881,0.14138888888888887,1.3726213410639414,0.7241336288207049,0.6683312914953129,0.6683312914953129,0.6683312914953129,0.6133226159223142
food_site_count=3,270,False,False,0.2653869442583352,0.2653869442583352,0.13927777777777778,1.0398078061319338,0.21230955540666815,0.2145281117593391,0.2145281117593391,0.2145281117593391,0.7141983687206778
food_site_count=3,271,False,False,0.3604677975128824,0.3604677975128824,0.14594444444444443,1.141102409524001,0.2883742380103059,0.2848017224382,0.2848017224382,0.2848017224382,0.6289796984870972
food_site_count=3,272,True,False,2.0,1.0,0.12766666666666668,1.2567622876235534,0.8135937434604179,0.8600005523552869,0.8600005523552869,0.8600005523552869,0.5113775519210402
food_site_count=3,273,True,False,2.0,1.0,0.12775,1.2259518127518982,0.8592431696129122,0.7711251930226682,0.7711251930226682,0.7711251930226682,0.5485694437420499
food_site_count=3,274,True,False,2.0,1.0,0.13475,1.3912524668380861,0.8685566652988951,0.8231598502266134,0.8231598502266134,0.8231598502266134,0.6622730951789021
food_site_count=3,275,False,False,0.37707040661847074,0.37707040661847074,0.12763888888888889,0.9223637091960112,0.3016563252947766,0.24248887865099103,0.24248887865099103,0.24248887865099103,0.7221728198305258
food_site_count=3,276,True,False,2.0,1.0,0.13997222222222222,1.4207524650301233,0.8787787089690867,0.8337037764301244,0.8337037764301244,0.8337037764301244,0.4877078812419385
food_site_count=3,277,False,False,0.23589876442715518,0.23589876442715518,0.13058333333333333,0.9194818312938916,0.18871901154172416,0.27998507141227236,0.27998507141227236,0.27998507141227236,0.42166503664580424
food_site_count=3,278,True,False,2.0,1.0,0.1368888888888889,1.3528348889054012,0.8423365776064171,0.9067926195651236,0.9067926195651236,0.9067926195651236,0.5827744211874377
food_site_count=3,279,True,False,2.0,1.0,0.13483333333333333,1.2945258946612201,0.8447041320077423,0.8242579974937256,0.8242579974937256,0.8242579974937256,0.4697589075715511
food_site_count=3,280,True,False,2.0,1.0,0.12813888888888889,1.2647080032519276,0.9060197585989999,0.86667286795311,0.86667286795311,0.86667286795311,0.5590712493010096
food_site_count=3,281,False,False,0.32170943833391186,0.32170943833391186,0.13144444444444445,0.9926345882490644,0.2573675506671295,0.1967845482469463,0.1967845482469463,0.1967845482469463,0.7028056922865566
food_site_count=3,282,True,False,2.0,1.0,0.13052777777777777,1.2410058322777673,0.8260169578117846,0.8015137686493574,0.8015137686493574,0.8015137686493574,0.5572115560205082
food_site_count=3,283,True,False,2.0,1.0,0.13586111111111113,1.3763082602045587,0.8214264561894011,0.8846719831803463,0.8846719831803463,0.8846719831803463,0.42469689626370927
food_site_count=3,284,False,False,0.2658266194301987,0.2658266194301987,0.13497222222222222,1.0511840958136986,0.21266129554415897,0.2929938086584683,0.2929938086584683,0.2929938086584683,0.5998740893147566
food_site_count=3,285,False,False,0.24362480122153837,0.24362480122153837,0.13816666666666666,1.001358591073962,0.1948998409772307,0.22999076462214896,0.22999076462214896,0.22999076462214896,0.41702784435625484
food_site_count=3,286,False,False,0.2692434216718655,0.2692434216718655,0.13336111111111112,0.9737016998186506,0.2153947373374924,0.1829179020748776,0.1829179020748776,0.1829179020748776,0.5631677766944225
food_site_count=3,287,True,False,2.0,1.0,0.13899999999999998,1.429952832871955,0.8990295135290304,0.8573352530640705,0.8573352530640705,0.8573352530640705,0.6709536134820734
food_site_count=3,288,True,False,2.0,1.0,0.13880555555555554,1.3995916043194014,0.8511334222165893,0.8643260041185142,0.8643260041185142,0.8643260041185142,0.43310903708440385
food_site_count=3,289,True,False,2.0,1.0,0.12688888888888888,1.1980677946405534,0.8397729604303374,0.773009482347496,0.773009482347496,0.773009482347496,0.4742640717741416
food_site_count=3,290,False,False,0.3611654629558284,0.3611654629558284,0.13147222222222224,1.0045004660703543,0.36776783946345,0.1805827314779142,0.1805827314779142,0.1805827314779142,0.616645237015797
food_site_count=3,291,True,False,2.0,1.0,0.13597222222222222,1.3591876991832743,0.8551487307766876,0.8468599082416158,0.8468599082416158,0.8468599082416158,0.6670859472404225
food_site_count=3,292,True,False,2.0,1.0,0.13675,1.4014910931489863,0.8708420324509033,0.8784477012272291,0.8784477012272291,0.8784477012272291,0.5903877152335373
food_site_count=3,293,True,False,2.0,1.0,0.14522222222222222,1.5479361836284573,0.8891703521541131,0.82758892125589,0.82758892125589,0.82758892125589,0.6878754116146142
food_site_count=3,294,True,False,2.0,1.0,0.13130555555555554,1.315343961083373,0.8587762373649065,0.7993653466617621,0.7993653466617621,0.7993653466617621,0.5046697212861495
food_site_count=3,295,True,False,2.0,1.0,0.14977777777777776,1.525509100888717,0.8107825294263709,0.7603317883091644,0.7603317883091644,0.7603317883091644,0.783795411553699
food_site_count=3,296,True,False,2.0,1.0,0.12644444444444444,1.1929719859093124,0.8302271588872929,0.6700469517914153,0.6700469517914153,0.6700469517914153,0.6158089203414201
food_site_count=3,297,False,False,0.9963376704712742,0.9963376704712742,0.14402777777777778,1.4992020674311843,0.7970701363770194,0.8856678983279094,0.8856678983279094,0.8856678983279094,0.6346588457142228
food_site_count=3,298,True,False,2.0,1.0,0.1348888888888889,1.3261327526771713,0.8229446905150463,0.8818085571000034,0.8818085571000034,0.8818085571000034,0.5754422349224714
food_site_count=3,299,False,False,0.9131512507723974,0.9131512507723974,0.12402777777777778,1.1145132455025006,0.730521000617918,0.7660365955392608,0.7660365955392608,0.7660365955392608,0.7529101263402669
food_site_count=4,200,True,False,2.0,1.0,0.16325,1.8935087853417019,0.8859062728692885,0.8601059778697782,0.8601059778697782,0.8601059778697782,0.47989759971374535
food_site_count=4,201,True,False,2.0,1.0,0.15730555555555553,1.7671930750582603,0.8691847771213354,0.7921369267011247,0.7921369267011247,0.7921369267011247,0.6117022456179684
food_site_count=4,202,True,False,2.0,1.0,0.16924999999999998,1.952805629241827,0.8488673089663359,0.8493670604877787,0.8493670604877787,0.8493670604877787,0.4114453057387803
food_site_count=4,203,True,False,2.0,1.0,0.15988888888888889,1.9153990980466375,0.9140778295820294,0.8341237051536698,0.8341237051536698,0.8341237051536698,0.5163514506453758
food_site_count=4,204,True,False,2.0,1.0,0.17477777777777778,2.0647658867836025,0.8550523693086767,0.8813888383825748,0.8813888383825748,0.8813888383825748,0.6182544502888476
food_site_count=4,205,True,False,2.0,1.0,0.16872222222222222,1.934339225407219,0.8545657379900738,0.7555347186521326,0.7555347186521326,0.7555347186521326,0.6854522963593457
food_site_count=4,206,True,False,2.0,1.0,0.16897222222222222,1.9836063420046404,0.8552932440620515,0.7851167951191813,0.7851167951191813,0.7851167951191813,0.3658208703831998
food_site_count=4,207,True,False,2.0,1.0,0.18000000000000002,2.1824077328951392,0.897967102220516,0.8724443045314269,0.8724443045314269,0.8724443045314269,0.8862411222268481
food_site_count=4,208,True,False,2.0,1.0,0.15894444444444444,1.7804903341175211,0.8333129085916056,0.787377617165554,0.787377617165554,0.787377617165554,0.7044124863931691
food_site_count=4,209,True,False,2.0,1.0,0.15430555555555556,1.7674453433647985,0.8876835473026393,0.8215137787222203,0.8215137787222203,0.8215137787222203,0.22086404097678652
food_site_count=4,210,True,False,2.0,1.0,0.17169444444444443,2.01826153620775,0.8787699037171147,0.8198117587038904,0.8198117587038904,0.8198117587038904,0.5156324996921365
food_site_count=4,211,True,False,2.0,1.0,0.16880555555555557,1.9599204808802735,0.8490563901248246,0.8515185814878201,0.8515185814878201,0.8515185814878201,0.6783673462494991
food_site_count=4,212,False,False,0.9939422873790651,0.9939422873790651,0.17405555555555555,1.970635780025747,0.7951538299032521,0.8601637257207755,0.8601637257207755,0.8601637257207755,0.529801640466996
food_site_count=4,213,True,False,2.0,1.0,0.16155555555555556,1.8731441104979398,0.8566625144140303,0.8267582699155079,0.8267582699155079,0.8267582699155079,0.6584614441714236
food_site_count=4,214,True,False,2.0,1.0,0.16552777777777777,1.9677759590242399,0.8802474473739931,0.843121618911007,0.843121618911007,0.843121618911007,0.7329220122784474
food_site_count=4,215,True,False,2.0,1.0,0.1686388888888889,1.9545438278529914,0.8480714274792402,0.8374557253922887,0.8374557253922887,0.8374557253922887,0.7273161920967481
food_site_count=4,216,True,False,2.0,1.0,0.17813888888888887,2.1780880936950573,0.8982415645247268,0.8605187605593947,0.8605187605593947,0.8605187605593947,0.36666040036804837
food_site_count=4,217,True,False,2.0,1.0,0.166,1.8442097675451024,0.8163617466186986,0.7427001348572333,0.7427001348572333,0.7427001348572333,0.33885140021509635
food_site_count=4,218,True,False,2.0,1.0,0.1643611111111111,1.8944986976981824,0.8610177903222381,0.8271798906948599,0.8271798906948599,0.8271798906948599,0.39557284490959116
food_site_count=4,219,True,False,2.0,1.0,0.16591666666666666,1.914432589844899,0.8703931524957652,0.8439132770570534,0.8439132770570534,0.8439132770570534,0.5848743132722543
food_site_count=4,220,True,False,2.0,1.0,0.17927777777777776,2.139859451406672,0.8947099391717369,0.8737485861331057,0.8737485861331057,0.8737485861331057,0.7556213984498956
food_site_count=4,221,True,False,2.0,1.0,0.17752777777777778,2.1544864421556125,0.8773474215975336,0.855473554407429,0.855473554407429,0.855473554407429,0.6899179769063849
food_site_count=4,222,True,False,2.0,1.0,0.17555555555555555,2.0381610274053408,0.8274077471534302,0.8193979593907602,0.8193979593907602,0.8193979593907602,0.5981254218034532
food_site_count=4,223,True,False,2.0,1.0,0.15041666666666667,1.7473490552791093,0.8603644143519193,0.8187009334044884,0.8187009334044884,0.8187009334044884,0.5565428820569288
food_site_count=4,224,True,False,2.0,1.0,0.16980555555555554,1.9482742732186196,0.8533962511829497,0.7650673208196757,0.7650673208196757,0.7650673208196757,0.7876942736871374
food_site_count=4,225,True,False,2.0,1.0,0.16791666666666666,1.9680711175816474,0.9065245671643853,0.8175974911554512,0.8175974911554512,0.8175974911554512,0.6814908602720329
food_site_count=4,226,True,False,2.0,1.0,0.16280555555555554,1.8853121586486496,0.8484502775760409,0.8033071292905956,0.8033071292905956,0.8033071292905956,0.7730218648271191
food_site_count=4,227,True,False,2.0,1.0,0.1686388888888889,1.9802434773417827,0.8649498649707603,0.7977064861642477,0.7977064861642477,0.7977064861642477,0.6794293392229188
food_site_count=4,228,True,False,2.0,1.0,0.17108333333333334,2.0380542627201197,0.8693863351293406,0.8439599479831743,0.8439599479831743,0.8439599479831743,0.45543860083069865
food_site_count=4,229,True,False,2.0,1.0,0.1725,2.0291312878624113,0.8558957339208533,0.8473082568980632,0.8473082568980632,0.8473082568980632,0.6640851036353688
food_site_count=4,230,True,False,2.0,1.0,0.1797777777777778,2.196094691951831,0.8901180488697414,0.8212514532215258,0.8212514532215258,0.8212514532215258,0.7568780982951776
food_site_count=4,231,True,False,2.0,1.0,0.15438888888888888,1.709888649693182,0.8393062265558042,0.7828088341422036,0.7828088341422036,0.7828088341422036,0.5290330485148729
food_site_count=4,232,True,False,2.0,1.0,0.17555555555555555,2.0343611018819066,0.8451342160687022,0.8567617806670474,0.8567617806670474,0.8567617806670474,0.6863625888308135
food_site_count=4,233,True,False,2.0,1.0,0.17600000000000002,2.068326685627205,0.8324610370554801,0.8469868508681174,0.8469868508681174,0.8469868508681174,0.6782313901357602
food_site_count=4,234,True,False,2.0,1.0,0.17255555555555555,1.972650025544078,0.8284704789606642,0.8046504927681599,0.8046504927681599,0.8046504927681599,0.5931705405756639
food_site_count=4,235,True,False,2.0,1.0,0.17541666666666667,2.05233615111207,0.8169247979971341,0.8353088428598812,0.8353088428598812,0.8353088428598812,0.5576715935542891
food_site_count=4,236,True,False,2.0,1.0,0.16794444444444442,2.021175036885591,0.8963912664103615,0.8583232025841349,0.8583232025841349,0.8583232025841349,0.4016244901484802
food_site_count=4,237,True,False,2.0,1.0,0.18233333333333332,2.145366738018215,0.8109400201576678,0.8448582750376388,0.8448582750376388,0.8448582750376388,0.8232487230062074
food_site_count=4,238,True,False,2.0,1.0,0.1476111111111111,1.7031238761161058,0.9022400428435556,0.801578137950074,0.801578137950074,0.801578137950074,0.6395384087274346
food_site_count=4,239,False,False,0.9765103364200592,0.9765103364200592,0.16075,1.7633887425745356,0.7812082691360475,0.7821507875335072,0.7821507875335072,0.7821507875335072,0.539446735168929
food_site_count=4,240,True,False,2.0,1.0,0.16405555555555557,1.8625432270308704,0.8510891910805046,0.828446159610611,0.828446159610611,0.828446159610611,0.4383740438859109
food_site_count=4,241,True,False,2.0,1.0,0.16047222222222224,1.8070835778876415,0.8552189267260767,0.7151290851207766,0.7151290851207766,0.7151290851207766,0.75260138823258
food_site_count=4,242,True,False,2.0,1.0,0.16080555555555556,1.8387858689733794,0.8657444084499051,0.8053384848693574,0.8053384848693574,0.8053384848693574,0.7076479838612733
food_site_count=4,243,True,False,2.0,1.0,0.1614722222222222,1.8569699319125588,0.8681114834968063,0.8370738632765602,0.8370738632765602,0.8370738632765602,0.7729432102571233
food_site_count=4,244,True,False,2.0,1.0,0.1756111111111111,2.076687558708666,0.8738445276728158,0.8558361474742555,0.8558361474742555,0.8558361474742555,0.6382797347691792
food_site_count=4,245,True,False,2.0,1.0,0.1695,1.9566832802973848,0.8562684388560149,0.824816975563449,0.824816975563449,0.824816975563449,0.546527762534113
food_site_count=4,246,True,False,2.0,1.0,0.15855555555555556,1.8085015229580939,0.8445422030389286,0.8491007512263128,0.8491007512263128,0.8491007512263128,0.608291732445113
food_site_count=4,247,False,False,0.9108639928629367,0.9108639928629367,0.15261111111111111,1.5963631717754536,0.7286911942903495,0.6822749395735285,0.6822749395735285,0.6822749395735285,0.3933717382340383
food_site_count=4,248,True,False,2.0,1.0,0.17752777777777778,2.1216998651646373,0.8807726594875988,0.8646361555052523,0.8646361555052523,0.8646361555052523,0.5829070126932266
food_site_count=4,249,True,False,2.0,1.0,0.17330555555555555,1.995195530727784,0.8016232970954854,0.8208292676298866,0.8208292676298866,0.8208292676298866,0.6684046204652645
food_site_count=4,250,True,False,2.0,1.0,0.17024999999999998,1.9930168640709802,0.8277627744453061,0.8181721730651094,0.8181721730651094,0.8181721730651094,0.623561600484826
food_site_count=4,251,True,False,2.0,1.0,0.15783333333333335,1.8390147600028866,0.8805276308452703,0.8012855312541195,0.8012855312541195,0.8012855312541195,0.5527907313809856
food_site_count=4,252,True,False,2.0,1.0,0.16927777777777778,1.9823525588390178,0.8393098597857496,0.8432134678175043,0.8432134678175043,0.8432134678175043,0.7917457411526362
food_site_count=4,253,True,False,2.0,1.0,0.16719444444444445,1.9306062041017387,0.8539718595032351,0.8893787325569822,0.8893787325569822,0.8893787325569822,0.7065925021917333
food_site_count=4,254,True,False,2.0,1.0,0.17024999999999998,1.9635644228337206,0.8565046979673098,0.8022392260161822,0.8022392260161822,0.8022392260161822,0.557389309764971
food_site_count=4,255,True,False,2.0,1.0,0.16255555555555556,1.9484821541669282,0.8796110925925809,0.8872879327139412,0.8872879327139412,0.8872879327139412,0.7306356848768395
food_site_count=4,256,True,False,2.0,1.0,0.17125,1.999614926992079,0.8589182116971209,0.7588313241940904,0.7588313241940904,0.7588313241940904,0.556613840980893
food_site_count=4,257,True,False,2.0,1.0,0.17255555555555555,2.0078740538553643,0.8210769538165181,0.8351453835355148,0.8351453835355148,0.8351453835355148,0.6992287822727956
food_site_count=4,258,True,False,2.0,1.0,0.17111111111111113,2.0170093815302983,0.8620376626475709,0.8815556189947048,0.8815556189947048,0.8815556189947048,0.634358646768135
food_site_count=4,259,True,False,2.0,1.0,0.16224999999999998,1.853941168092129,0.8480440536570126,0.7019544016858774,0.7019544016858774,0.7019544016858774,0.4486460032837582
food_site_count=4,260,True,False,2.0,1.0,0.16066666666666668,1.8120002089600922,0.8451216851734191,0.8356005738260148,0.8356005738260148,0.8356005738260148,0.606281739808374
food_site_count=4,261,True,False,2.0,1.0,0.1540277777777778,1.6947039293076076,0.840934378418462,0.7468693056135726,0.7468693056135726,0.7468693056135726,0.48087474116686196
food_site_count=4,262,True,False,2.0,1.0,0.1668888888888889,1.8976357185194876,0.8322948962045467,0.8293940507651402,0.8293940507651402,0.8293940507651402,0.7552291626750213
food_site_count=4,263,False,False,0.8740237901439962,0.8740237901439962,0.16130555555555554,1.7102762135030494,0.699219032115197,0.6613167332567627,0.6613167332567627,0.6613167332567627,0.7033797650120351
food_site_count=4,264,True,False,2.0,1.0,0.1715,2.016724994837821,0.8947138915741021,0.8058829028307752,0.8058829028307752,0.8058829028307752,0.6695525174570182
food_site_count=4,265,True,False,2.0,1.0,0.16497222222222221,1.907668573624657,0.890261557884198,0.7998022459529753,0.7998022459529753,0.7998022459529753,0.5765714471280038
food_site_count=4,266,True,False,2.0,1.0,0.17024999999999998,2.0057998613560466,0.8935723196623382,0.8094513606134593,0.8094513606134593,0.8094513606134593,0.4687629232557137
food_site_count=4,267,True,False,2.0,1.0,0.16719444444444445,1.9207965014479516,0.8285508738834974,0.8689269831568,0.8689269831568,0.8689269831568,0.4104302618676468
food_site_count=4,268,False,False,0.16043521029188454,0.16043521029188454,0.16958333333333334,1.401317858724869,0.12834816823350764,0.2596194345620785,0.2596194345620785,0.2596194345620785,0.43663641726342184
food_site_count=4,269,True,False,2.0,1.0,0.1625,1.8459888700924956,0.8046861126206724,0.7879809811571922,0.7879809811571922,0.7879809811571922,0.5305728784333211
food_site_count=4,270,True,False,2.0,1.0,0.15352777777777776,1.7205243133494774,0.8675828636400874,0.701552896161646,0.701552896161646,0.701552896161646,0.4229740220006314
food_site_count=4,271,True,False,2.0,1.0,0.16908333333333334,2.000758959133507,0.8750838626157973,0.897212393284343,0.897212393284343,0.897212393284343,0.6453110274946775
food_site_count=4,272,True,False,2.0,1.0,0.16624999999999998,1.9196479681950926,0.8625937507928678,0.8720693773929672,0.8720693773929672,0.8720693773929672,0.5490653638903765
food_site_count=4,273,False,False,0.9965684174958723,0.9965684174958723,0.1720833333333333,1.9819868815075532,0.7972547339966979,0.846517717626782,0.846517717626782,0.846517717626782,0.6968852860074927
food_site_count=4,274,True,False,2.0,1.0,0.15419444444444444,1.762843579657562,0.8697017725829994,0.8166666172665081,0.8166666172665081,0.8166666172665081,0.3522131676339796
food_site_count=4,275,True,False,2.0,1.0,0.18661111111111112,2.2757373386059445,0.8696239459089834,0.8986712041044937,0.8986712041044937,0.8986712041044937,0.787426462695095
food_site_count=4,276,True,False,2.0,1.0,0.17180555555555557,1.9783846875669442,0.8368235442987341,0.8710150888939793,0.8710150888939793,0.8710150888939793,0.5815752083950475
food_site_count=4,277,True,False,2.0,1.0,0.17408333333333334,2.0313880240323647,0.8428456136164238,0.8460020872932643,0.8460020872932643,0.8460020872932643,0.8149784717304457
food_site_count=4,278,True,False,2.0,1.0,0.16705555555555557,1.9087247146412412,0.8159719990689136,0.8407852977631372,0.8407852977631372,0.8407852977631372,0.5787236645739315
food_site_count=4,279,True,False,2.0,1.0,0.18386111111111111,2.2288685531309036,0.8791999750076435,0.808378263405298,0.808378263405298,0.808378263405298,0.42275413495626585
food_site_count=4,280,True,False,2.0,1.0,0.17200000000000001,2.017961485534031,0.8594891386873311,0.8128807809724363,0.8128807809724363,0.8128807809724363,0.6870546709583643
food_site_count=4,281,True,False,2.0,1.0,0.16236111111111112,1.809710206624054,0.8507612549679774,0.7770984819388504,0.7770984819388504,0.7770984819388504,0.6432486545594732
food_site_count=4,282,True,False,2.0,1.0,0.15966666666666668,1.811255724624388,0.8896872408350777,0.7072970883107533,0.7072970883107533,0.7072970883107533,0.6790327063287073
food_site_count=4,283,True,False,2.0,1.0,0.16699999999999998,1.8798875519508287,0.8044014566628622,0.8184497992611895,0.8184497992611895,0.8184497992611895,0.45438729366903513
food_site_count=4,284,True,False,2.0,1.0,0.16616666666666668,1.8883640348130994,0.8129221365534521,0.8613116508447006,0.8613116508447006,0.8613116508447006,0.5276407493116388
food_site_count=4,285,False,False,0.9875398710450661,0.9875398710450661,0.17252777777777778,1.9502202434462328,0.7900318968360529,0.8971785609539734,0.8971785609539734,0.8971785609539734,0.5863073506592166
food_site_count=4,286,False,False,0.9407708297572537,0.9407708297572537,0.16075,1.7543172210685063,0.7526166638058029,0.7472226782477882,0.7472226782477882,0.7472226782477882,0.4657523982154587
food_site_count=4,287,True,False,2.0,1.0,0.1684166666666667,1.9744580982457738,0.8495595224200502,0.8990549146766144,0.8990549146766144,0.8990549146766144,0.47460821108351964
food_site_count=4,288,False,False,0.9555195307277934,0.9555195307277934,0.15919444444444444,1.793030148179518,0.7644156245822348,0.6744376382609268,0.6744376382609268,0.6744376382609268,0.49145144454619505
food_site_count=4,289,True,False,2.0,1.0,0.16494444444444445,1.8622887430487687,0.8436724767377921,0.7866671476920222,0.7866671476920222,0.7866671476920222,0.5900211329383503
food_site_count=4,290,True,False,2.0,1.0,0.18258333333333335,2.19078323209782,0.8549685138450107,0.7997337453029211,0.7997337453029211,0.7997337453029211,0.5295192689823153
food_site_count=4,291,False,False,0.9981525743123857,0.9981525743123857,0.15766666666666668,1.7249624265935737,0.7985220594499086,0.8393773473773386,0.8393773473773386,0.8393773473773386,0.6755257120411655
food_site_count=4,292,True,False,2.0,1.0,0.18394444444444444,2.249682679638207,0.889285177210691,0.8474843063391646,0.8474843063391646,0.8474843063391646,0.3725831319101724
food_site_count=4,293,True,False,2.0,1.0,0.17183333333333334,2.054726207071116,0.8827653064469253,0.8738547967435552,0.8738547967435552,0.8738547967435552,0.5968498668143147
food_site_count=4,294,True,False,2.0,1.0,0.16858333333333334,2.059899378028575,0.9168790107668581,0.9218275759235721,0.9218275759235721,0.9218275759235721,0.42829551358279006
food_site_count=4,295,True,False,2.0,1.0,0.1743611111111111,2.016421609189243,0.833637807485213,0.863788837890548,0.863788837890548,0.863788837890548,0.4950889424549072
food_site_count=4,296,True,False,2.0,1.0,0.15805555555555553,1.7540232609988382,0.8323977524519127,0.875135294434282,0.875135294434282,0.875135294434282,0.7938639390002503
food_site_count=4,297,False,False,0.45480008802965893,0.45480008802965893,0.1603888888888889,1.4495118179080426,0.3638400704237272,0.23234863352141896,0.23234863352141896,0.23234863352141896,0.5303309968313463
food_site_count=4,298,True,False,2.0,1.0,0.16166666666666665,1.8561806837987012,0.8424845214317531,0.8274837338302304,0.8274837338302304,0.8274837338302304,0.588219208788913
food_site_count=4,299,True,False,2.0,1.0,0.1820277777777778,2.16979880410261,0.8626199700926411,0.8811244678150456,0.8811244678150456,0.8811244678150456,0.3861448905851142
food_site_count=6,200,True,False,2.0,1.0,0.23755555555555558,3.194518449087171,0.8690326812582444,0.7746899245814165,0.7746899245814165,0.7746899245814165,0.6736525728043526
food_site_count=6,201,True,False,2.0,1.0,0.23625000000000002,3.1723122405837283,0.8629055153608276,0.8194850109925814,0.8194850109925814,0.8194850109925814,0.8220188231678616
food_site_count=6,202,True,False,2.0,1.0,0.23908333333333334,3.2515122860868835,0.8547780787583944,0.79276849450477,0.79276849450477,0.79276849450477,0.747440924078719
food_site_count=6,203,True,False,2.0,1.0,0.22186111111111112,2.98422652050007,0.8751688853719249,0.8597504852710448,0.8597504852710448,0.8597504852710448,0.5582942258315857
food_site_count=6,204,True,False,2.0,1.0,0.23108333333333334,3.075651330935204,0.8419777467274107,0.858459017385114,0.858459017385114,0.858459017385114,0.5090466259379813
food_site_count=6,205,True,False,2.0,1.0,0.2378333333333333,3.1856956648540424,0.8290762096900636,0.7830037870799191,0.7830037870799191,0.7830037870799191,0.5932925342310585
food_site_count=6,206,True,False,2.0,1.0,0.23483333333333334,3.1959688783618794,0.8950777081225769,0.8063232574774848,0.8063232574774848,0.8063232574774848,0.5706420829519186
food_site_count=6,207,True,False,2.0,1.0,0.22305555555555553,2.9785672010355566,0.8744009288814045,0.795072806598029,0.795072806598029,0.795072806598029,0.7109389265815282
food_site_count=6,208,False,False,0.9568319934242916,0.9568319934242916,0.22113888888888888,2.829610919905804,0.7654655947394333,0.80382755786992,0.80382755786992,0.80382755786992,0.24972499812160645
food_site_count=6,209,True,False,2.0,1.0,0.23308333333333334,3.1526521443196476,0.8671332286914631,0.8606645876470476,0.8606645876470476,0.8606645876470476,0.612635940591785
food_site_count=6,210,True,False,2.0,1.0,0.23605555555555557,3.187677129273718,0.8562543661354965,0.8233999620942196,0.8233999620942196,0.8233999620942196,0.7835843184968876
food_site_count=6,211,True,False,2.0,1.0,0.23775000000000002,3.1672337931590095,0.801261645474139,0.8170501837535517,0.8170501837535517,0.8170501837535517,0.8325146859986341
food_site_count=6,212,True,False,2.0,1.0,0.23183333333333334,3.1070563437686523,0.8578989070534214,0.8491343378176778,0.8491343378176778,0.8491343378176778,0.6535158738032785
food_site_count=6,213,True,False,2.0,1.0,0.22777777777777777,2.973005360262023,0.8067739986964343,0.8037241211119014,0.8037241211119014,0.8037241211119014,0.4159780809826363
food_site_count=6,214,True,False,2.0,1.0,0.24066666666666667,3.3147823289864666,0.8883831729886768,0.8284718865275054,0.8284718865275054,0.8284718865275054,0.29872052951334055
food_site_count=6,215,True,False,2.0,1.0,0.22430555555555556,2.9107645718609145,0.8111729732198,0.7426713626710518,0.7426713626710518,0.7426713626710518,0.6138905413085105
food_site_count=6,216,True,False,2.0,1.0,0.23455555555555557,3.2554038911984273,0.9056351595296949,0.8306285241456236,0.8306285241456236,0.8306285241456236,0.5697921225083038
food_site_count=6,217,True,False,2.0,1.0,0.23930555555555558,3.2688017527376947,0.8716297801429523,0.8363236541660997,0.8363236541660997,0.8363236541660997,0.4519479654242931
food_site_count=6,218,True,False,2.0,1.0,0.22327777777777777,2.971998871887304,0.853279443547674,0.7347192594734403,0.7347192594734403,0.7347192594734403,0.4415192445155522
food_site_count=6,219,True,False,2.0,1.0,0.22675,3.0896205592472366,0.8815119200857233,0.8574481101761112,0.8574481101761112,0.8574481101761112,0.21081944702756397
food_site_count=6,220,False,False,0.4908739724766217,0.4908739724766217,0.19349999999999998,2.3710134288341336,0.8100536157889362,0.24543698623831084,0.24543698623831084,0.24543698623831084,0.4420229620089552
food_site_count=6,221,True,False,2.0,1.0,0.24275,3.2778799839865647,0.8404508789980819,0.8615390545986934,0.8615390545986934,0.8615390545986934,0.5332956036767426
food_site_count=6,222,True,False,2.0,1.0,0.22469444444444445,2.9786354485686113,0.8580492940125486,0.7623579368289243,0.7623579368289243,0.7623579368289243,0.6968800587565157
food_site_count=6,223,True,False,2.0,1.0,0.22919444444444445,3.0402513965019105,0.8465691358625426,0.8740934132625162,0.8740934132625162,0.8740934132625162,0.470127155611651
food_site_count=6,224,False,False,0.9491556925249875,0.9491556925249875,0.22305555555555553,2.842448835432193,0.7593245540199901,0.788585233205545,0.788585233205545,0.788585233205545,0.6350378473096819
food_site_count=6,225,True,False,2.0,1.0,0.21677777777777776,2.841773513083013,0.8153546117615584,0.8419886216509235,0.8419886216509235,0.8419886216509235,0.4173635246871618
food_site_count=6,226,True,False,2.0,1.0,0.232,3.102082869217576,0.8590515432388369,0.8344078003723496,0.8344078003723496,0.8344078003723496,0.6250881260095699
food_site_count=6,227,False,False,0.9975877546696995,0.9975877546696995,0.22805555555555557,2.973274240802814,0.7980702037357597,0.8710015386742473,0.8710015386742473,0.8710015386742473,0.5677387131803716
food_site_count=6,228,True,False,2.0,1.0,0.20794444444444443,2.7370657846928785,0.8669146661484596,0.8015610017056178,0.8015610017056178,0.8015610017056178,0.513223545886994
food_site_count=6,229,True,False,2.0,1.0,0.23702777777777775,3.2119683108605552,0.8590754661514235,0.8736137489443695,0.8736137489443695,0.8736137489443695,0.7562228875180612
food_site_count=6,230,True,False,2.0,1.0,0.21,2.8040650741903024,0.8620231094080155,0.8288170408788048,0.8288170408788048,0.8288170408788048,0.5563527260258055
food_site_count=6,231,True,False,2.0,1.0,0.21941666666666665,2.8752804828723,0.8519690845136035,0.8119146398576328,0.8119146398576328,0.8119146398576328,0.5536147025531812
food_site_count=6,232,True,False,2.0,1.0,0.22575,2.9719275583219145,0.8117783124302752,0.8665573427298625,0.8665573427298625,0.8665573427298625,0.6501999255404691
food_site_count=6,233,True,False,2.0,1.0,0.22258333333333333,2.9269687708811927,0.8409352553051108,0.8335255957344513,0.8335255957344513,0.8335255957344513,0.4425698631914969
food_site_count=6,234,True,False,2.0,1.0,0.242,3.2900057586255786,0.8535531022449719,0.8596437034013713,0.8596437034013713,0.8596437034013713,0.7095369058080068
food_site_count=6,235,True,False,2.0,1.0,0.24719444444444444,3.4111938952852867,0.8911625086088114,0.8823535363381327,0.8823535363381327,0.8823535363381327,0.6516158235498818
food_site_count=6,236,True,False,2.0,1.0,0.21483333333333335,2.8170252183440607,0.8629555196706915,0.6780641404934571,0.6780641404934571,0.6780641404934571,0.5909588517725554
food_site_count=6,237,True,False,2.0,1.0,0.23202777777777778,3.1017474019449933,0.82861596807046,0.8170123855661401,0.8170123855661401,0.8170123855661401,0.7881692915906195
food_site_count=6,238,True,False,2.0,1.0,0.2333888888888889,3.1179457657706604,0.8387897501829973,0.7731273429166527,0.7731273429166527,0.7731273429166527,0.5283996697696632
food_site_count=6,239,False,False,0.9739702615745712,0.9739702615745712,0.21888888888888888,2.8178927103474813,0.779176209259657,0.6967765372821646,0.6967765372821646,0.6967765372821646,0.7363371573774692
food_site_count=6,240,True,False,2.0,1.0,0.2243611111111111,3.022987264504281,0.8554587108614747,0.7795582299815905,0.7795582299815905,0.7795582299815905,0.5482593853954788
food_site_count=6,241,True,False,2.0,1.0,0.22372222222222224,3.000942507519784,0.8604024906207479,0.8128709416236318,0.8128709416236318,0.8128709416236318,0.5838909064621816
food_site_count=6,242,False,False,0.9746176252787329,0.9746176252787329,0.19983333333333334,2.494072833935723,0.7796941002229864,0.7845312046508442,0.7845312046508442,0.7845312046508442,0.6924032475314913
food_site_count=6,243,True,False,2.0,1.0,0.23394444444444445,3.1637565817302944,0.8725188062636712,0.844066228272688,0.844066228272688,0.844066228272688,0.3127703306503811
food_site_count=6,244,True,False,2.0,1.0,0.22841666666666666,3.0439891668784593,0.8276847440486352,0.7736301949072028,0.7736301949072028,0.7736301949072028,0.7169215501552701
food_site_count=6,245,True,False,2.0,1.0,0.23583333333333334,3.2149292292999645,0.9029341160994838,0.770618380152667,0.770618380152667,0.770618380152667,0.4925155008840058
food_site_count=6,246,True,False,2.0,1.0,0.22491666666666668,2.9684028875354156,0.8393394967864078,0.7318736520308108,0.7318736520308108,0.7318736520308108,0.7729911487839793
food_site_count=6,247,True,False,2.0,1.0,0.22541666666666668,2.9770756126203386,0.8291836937626093,0.8521320128015294,0.8521320128015294,0.8521320128015294,0.4913467049923689
food_site_count=6,248,True,False,2.0,1.0,0.21594444444444444,2.8055719523086244,0.8015470184210417,0.8002177353527896,0.8002177353527896,0.8002177353527896,0.5430940637499495
food_site_count=6,249,True,False,2.0,1.0,0.211,2.735673662396757,0.8339472494567349,0.8274359541579064,0.8274359541579064,0.8274359541579064,0.17646688851816258
food_site_count=6,250,True,False,2.0,1.0,0.234,3.1539000816219898,0.834845413640543,0.8306570101155819,0.8306570101155819,0.8306570101155819,0.4259858290491834
food_site_count=6,251,True,False,2.0,1.0,0.22658333333333333,3.013348977784337,0.8568467004301884,0.6972357200572841,0.6972357200572841,0.6972357200572841,0.6625779775098003
food_site_count=6,252,True,False,2.0,1.0,0.21325,2.800248983881244,0.8719796171803667,0.845621342209687,0.845621342209687,0.845621342209687,0.5961122136626782
food_site_count=6,253,True,False,2.0,1.0,0.2451388888888889,3.3539026206961404,0.8518660230164278,0.8949392662772431,0.8949392662772431,0.8949392662772431,0.6650376128180393
food_site_count=6,254,True,False,2.0,1.0,0.2228611111111111,2.9791360063465393,0.8731385819009577,0.7881888939413259,0.7881888939413259,0.7881888939413259,0.5801695154803114
food_site_count=6,255,True,False,2.0,1.0,0.2236388888888889,2.962801891645871,0.8344710314685106,0.7997998599686351,0.7997998599686351,0.7997998599686351,0.6053925464210421
food_site_count=6,256,True,False,2.0,1.0,0.2315277777777778,3.1027275161736223,0.8385517659899046,0.7784237716228462,0.7784237716228462,0.7784237716228462,0.506619915197996
food_site_count=6,257,True,False,2.0,1.0,0.22233333333333333,3.0085000747112165,0.8902866734255406,0.835878362973436,0.835878362973436,0.835878362973436,0.5984930753133733
food_site_count=6,258,True,False,2.0,1.0,0.22855555555555554,3.0649178618551924,0.870653959086441,0.8349529295766074,0.8349529295766074,0.8349529295766074,0.2746787815137444
food_site_count=6,259,False,False,0.9804866966041577,0.9804866966041577,0.23158333333333334,3.0647735756779366,0.7843893572833261,0.7938967764657368,0.7938967764657368,0.7938967764657368,0.3303102100197183
food_site_count=6,260,True,False,2.0,1.0,0.22933333333333333,3.025645481775124,0.8015921703171794,0.8802883875017479,0.8802883875017479,0.8802883875017479,0.7280304526495253
food_site_count=6,261,True,False,2.0,1.0,0.23419444444444443,3.098224101271319,0.8044415372102485,0.8269180474986146,0.8269180474986146,0.8269180474986146,0.6229729193447872
food_site_count=6,262,True,False,2.0,1.0,0.2231388888888889,3.0567090545058178,0.8923445992520412,0.8282912634559678,0.8282912634559678,0.8282912634559678,0.6588231636820768
food_site_count=6,263,True,False,2.0,1.0,0.22827777777777777,3.0667014377255457,0.8735565053602509,0.7930304527156286,0.7930304527156286,0.7930304527156286,0.4635164295416632
food_site_count=6,264,True,False,2.0,1.0,0.23525000000000001,3.141757801391903,0.84398539247386,0.8438149065698997,0.8438149065698997,0.8438149065698997,0.48876848857797384
food_site_count=6,265,True,False,2.0,1.0,0.23047222222222222,3.059570870521756,0.8393847890875453,0.8054099590928627,0.8054099590928627,0.8054099590928627,0.49902600505443456
food_site_count=6,266,True,False,2.0,1.0,0.221,2.86929874442076,0.8111927665510021,0.7686980381167089,0.7686980381167089,0.7686980381167089,0.7577519343043578
food_site_count=6,267,True,False,2.0,1.0,0.22027777777777777,2.8841582796525196,0.83978415918651,0.8036453034371338,0.8036453034371338,0.8036453034371338,0.3198432565403923
food_site_count=6,268,True,False,2.0,1.0,0.21647222222222223,2.8767222721457504,0.8602968115825042,0.8006226225587614,0.8006226225587614,0.8006226225587614,0.7983560077885004
food_site_count=6,269,False,False,0.9886401222115663,0.9886401222115663,0.22311111111111112,2.9247103450850047,0.7909120977692531,0.8020806705587896,0.8020806705587896,0.8020806705587896,0.6203015055247232
food_site_count=6,270,True,False,2.0,1.0,0.23119444444444442,3.062603104024028,0.8410216659994655,0.9005460197214156,0.9005460197214156,0.9005460197214156,0.46861686249664586
food_site_count=6,271,True,False,2.0,1.0,0.21408333333333335,2.8415610352473495,0.8508059687946292,0.8246606699290564,0.8246606699290564,0.8246606699290564,0.5820377450995496
food_site_count=6,272,True,False,2.0,1.0,0.23008333333333333,3.113427070472942,0.8891915032432247,0.8571101197459303,0.8571101197459303,0.8571101197459303,0.5054176209376706
food_site_count=6,273,True,False,2.0,1.0,0.22894444444444445,3.0810568555580184,0.8638705546203667,0.8120300870835084,0.8120300870835084,0.8120300870835084,0.7295419416406654
food_site_count=6,274,True,False,2.0,1.0,0.22847222222222224,3.058178490637596,0.8626003123684433,0.8669404611768537,0.8669404611768537,0.8669404611768537,0.7048985885642671
food_site_count=6,275,True,False,2.0,1.0,0.2248888888888889,2.94301233559,0.8369291022273472,0.7883654596308146,0.7883654596308146,0.7883654596308146,0.494173100646101
food_site_count=6,276,False,False,0.974825138060908,0.974825138060908,0.21316666666666664,2.7139943679638976,0.7798601104487264,0.7351720680819435,0.7351720680819435,0.7351720680819435,0.6066367102692094
food_site_count=6,277,True,False,2.0,1.0,0.22477777777777777,3.0457628386208566,0.9000539391091558,0.745893305020301,0.745893305020301,0.745893305020301,0.5146551994852866
food_site_count=6,278,True,False,2.0,1.0,0.22447222222222224,3.042109170759318,0.8715867374332791,0.8524305510566593,0.8524305510566593,0.8524305510566593,0.8498391046742211
food_site_count=6,279,True,False,2.0,1.0,0.2291111111111111,2.9774466976385665,0.820317983730293,0.7716478014605183,0.7716478014605183,0.7716478014605183,0.5090993262042367
food_site_count=6,280,True,False,2.0,1.0,0.22555555555555556,2.9916731981833666,0.8611542111012388,0.8155203118324301,0.8155203118324301,0.8155203118324301,0.40920763999547755
food_site_count=6,281,True,False,2.0,1.0,0.2376111111111111,3.212835605628955,0.8728103042833734,0.787476006800656,0.787476006800656,0.787476006800656,0.5311544014161939
food_site_count=6,282,True,False,2.0,1.0,0.23925000000000002,3.2586886984028482,0.9010640575350133,0.8150505893838657,0.8150505893838657,0.8150505893838657,0.8132935555160234
food_site_count=6,283,True,False,2.0,1.0,0.2268611111111111,3.029727980856458,0.8409817243719101,0.8594125352702512,0.8594125352702512,0.8594125352702512,0.7914278223933859
food_site_count=6,284,True,False,2.0,1.0,0.21633333333333335,2.8267555798678026,0.8285143991942417,0.842268144349411,0.842268144349411,0.842268144349411,0.43500865758306956
food_site_count=6,285,True,False,2.0,1.0,0.235,3.175159126022026,0.8607953435065496,0.8248917090650476,0.8248917090650476,0.8248917090650476,0.49536200030038346
food_site_count=6,286,True,False,2.0,1.0,0.23430555555555557,3.1345905335642144,0.85576211847484,0.8080771503865801,0.8080771503865801,0.8080771503865801,0.4252543131937487
food_site_count=6,287,True,False,2.0,1.0,0.24655555555555556,3.394598032650872,0.8653928983766617,0.837009092904919,0.837009092904919,0.837009092904919,0.6102772739363399
food_site_count=6,288,True,False,2.0,1.0,0.2283888888888889,3.036863742490255,0.8718508867036625,0.8465079545868649,0.8465079545868649,0.8465079545868649,0.5289208536314239
food_site_count=6,289,True,False,2.0,1.0,0.2276388888888889,2.991512202937594,0.8253405986924388,0.8213821315272851,0.8213821315272851,0.8213821315272851,0.561095788836127
food_site_count=6,290,True,False,2.0,1.0,0.2348888888888889,3.2060501577779648,0.8785596525081673,0.8084222169020144,0.8084222169020144,0.8084222169020144,0.6295908513435169
food_site_count=6,291,True,False,2.0,1.0,0.22719444444444442,3.1040494099271996,0.8980096767224042,0.7871138727821402,0.7871138727821402,0.7871138727821402,0.5778601461762657
food_site_count=6,292,True,False,2.0,1.0,0.24013888888888887,3.2645565950881035,0.8786767182788547,0.8721417407619079,0.8721417407619079,0.8721417407619079,0.7111126533680476
food_site_count=6,293,True,False,2.0,1.0,0.24547222222222223,3.4110978028142895,0.8922971430067599,0.8851080562069273,0.8851080562069273,0.8851080562069273,0.5778433739767844
food_site_count=6,294,True,False,2.0,1.0,0.24052777777777778,3.1942001990837223,0.8327014639245462,0.8223048075630882,0.8223048075630882,0.8223048075630882,0.6045455902449489
food_site_count=6,295,True,False,2.0,1.0,0.2348611111111111,3.0765077012890507,0.8071690057494052,0.858650306523543,0.858650306523543,0.858650306523543,0.5029232894033567
food_site_count=6,296,True,False,2.0,1.0,0.22624999999999998,2.9856366203242817,0.8494305455665386,0.7980808418402101,0.7980808418402101,0.7980808418402101,0.754268180149344
food_site_count=6,297,True,False,2.0,1.0,0.21191666666666667,2.8196173430457874,0.8653717129954522,0.8482615579580641,0.8482615579580641,0.8482615579580641,0.3514323306139584
food_site_count=6,298,True,False,2.0,1.0,0.2261388888888889,3.039785214860166,0.8478452201430237,0.8686391382016596,0.8686391382016596,0.8686391382016596,0.5788274291590312
food_site_count=6,299,True,False,2.0,1.0,0.2227222222222222,2.94598372367396,0.8470573975571594,0.806734047035036,0.806734047035036,0.806734047035036,0.6447638785592258
food_site_count=7,200,True,False,2.0,1.0,0.23705555555555555,3.2821349050121524,0.8865128499453471,0.7610501141223474,0.7610501141223474,0.7610501141223474,0.6039119085717218
food_site_count=7,201,True,False,2.0,1.0,0.2554444444444444,3.524229204389916,0.8379909697164892,0.8218064620568111,0.8218064620568111,0.8218064620568111,0.6862889198671609
food_site_count=7,202,False,False,0.9967665820453292,0.9967665820453292,0.25627777777777777,3.4455071643750608,0.7974132656362634,0.7879514151348199,0.7879514151348199,0.7879514151348199,0.810912450533184
food_site_count=7,203,True,False,2.0,1.0,0.2348888888888889,3.1978575819301853,0.8608685269569134,0.81820223834762,0.81820223834762,0.81820223834762,0.3910071918371466
food_site_count=7,204,True,False,2.0,1.0,0.2521111111111111,3.479724370376576,0.8469397061804903,0.8172052077738301,0.8172052077738301,0.8172052077738301,0.7360008210149215
food_site_count=7,205,True,False,2.0,1.0,0.27258333333333334,3.8112606645712797,0.8535283024757151,0.8540425188792444,0.8540425188792444,0.8540425188792444,0.21848941882119008
food_site_count=7,206,True,False,2.0,1.0,0.25505555555555554,3.5068980065907573,0.8143018283825117,0.8535089434804989,0.8535089434804989,0.8535089434804989,0.42880120069794775
food_site_count=7,207,True,False,2.0,1.0,0.23780555555555555,3.2374446385944347,0.8407150655095558,0.8016914928213509,0.8016914928213509,0.8016914928213509,0.5159244345592611
food_site_count=7,208,True,False,2.0,1.0,0.25783333333333336,3.60061292138782,0.8636619222433974,0.877720178143507,0.877720178143507,0.877720178143507,0.44411760199868006
food_site_count=7,209,True,False,2.0,1.0,0.2564166666666667,3.6230411291187754,0.8994162580570043,0.812244806654323,0.812244806654323,0.812244806654323,0.40149552664835386
food_site_count=7,210,True,False,2.0,1.0,0.23913888888888887,3.174955325924709,0.8027791123817426,0.680913075977841,0.680913075977841,0.680913075977841,0.40524615064026126
food_site_count=7,211,True,False,2.0,1.0,0.2589722222222222,3.521898803769124,0.8070462573664717,0.8069098348461037,0.8069098348461037,0.8069098348461037,0.5239523146284958
food_site_count=7,212,True,False,2.0,1.0,0.26269444444444445,3.7203391430662958,0.8823890283363023,0.8218960041007137,0.8218960041007137,0.8218960041007137,0.671515971835046
food_site_count=7,213,True,False,2.0,1.0,0.2419722222222222,3.3008421380858883,0.8281198626849329,0.7565402695005559,0.7565402695005559,0.7565402695005559,0.5477748030125722
food_site_count=7,214,True,False,2.0,1.0,0.2559722222222222,3.544857886500467,0.8310416446512069,0.8649254350927446,0.8649254350927446,0.8649254350927446,0.6271575506328804
food_site_count=7,215,False,False,0.9782796247483552,0.9782796247483552,0.2566111111111111,3.466657349676767,0.7826236997986842,0.7353366211525376,0.7353366211525376,0.7353366211525376,0.2818055275783657
food_site_count=7,216,True,False,2.0,1.0,0.21297222222222223,2.8201741980937745,0.8111908055268023,0.7125482470407146,0.7125482470407146,0.7125482470407146,0.46995163728121897
food_site_count=7,217,True,False,2.0,1.0,0.2559722222222222,3.570653244195741,0.8643552118403218,0.771785515150878,0.771785515150878,0.771785515150878,0.3817132972683564
food_site_count=7,218,True,False,2.0,1.0,0.24691666666666665,3.398025272679554,0.832687860643079,0.868077845570146,0.868077845570146,0.868077845570146,0.5132198629395263
food_site_count=7,219,True,False,2.0,1.0,0.25236111111111115,3.503106903359911,0.8641874363734929,0.8287195646229107,0.8287195646229107,0.8287195646229107,0.8200432546406322
food_site_count=7,220,True,False,2.0,1.0,0.24736111111111111,3.4206645614768547,0.8490648284156086,0.7434229485108393,0.7434229485108393,0.7434229485108393,0.4772927002364943
food_site_count=7,221,False,False,0.97831323328991,0.97831323328991,0.24102777777777776,3.1828417853910422,0.7826505866319281,0.7368063427767695,0.7368063427767695,0.7368063427767695,0.8241499651908838
food_site_count=7,222,True,False,2.0,1.0,0.23875,3.3374281626780853,0.8681170703611933,0.8415580056107042,0.8415580056107042,0.8415580056107042,0.42127551134803726
food_site_count=7,223,True,False,2.0,1.0,0.24133333333333334,3.2871416198193106,0.831598575928157,0.8385856921063838,0.8385856921063838,0.8385856921063838,0.717237921018072
food_site_count=7,224,True,False,2.0,1.0,0.25466666666666665,3.546876628356462,0.865406860620835,0.8505903345338643,0.8505903345338643,0.8505903345338643,0.708028951927113
food_site_count=7,225,True,False,2.0,1.0,0.2576388888888889,3.528417083976062,0.8397626680448673,0.7442514645365924,0.7442514645365924,0.7442514645365924,0.5963333484060523
food_site_count=7,226,True,False,2.0,1.0,0.24080555555555558,3.307399142135243,0.8515917067991938,0.7092087378800525,0.7092087378800525,0.7092087378800525,0.45736716086170637
food_site_count=7,227,True,False,2.0,1.0,0.24891666666666667,3.435107767710064,0.8436966617294748,0.7811871968287143,0.7811871968287143,0.7811871968287143,0.6945619417645355
food_site_count=7,228,True,False,2.0,1.0,0.24069444444444443,3.2660978431507943,0.8354863018051614,0.8708172959922778,0.8708172959922778,0.8708172959922778,0.37129986807429594
food_site_count=7,229,True,False,2.0,1.0,0.24469444444444444,3.3548750886503655,0.8663979719971305,0.7606329808901404,0.7606329808901404,0.7606329808901404,0.3736653462991483
food_site_count=7,230,True,False,2.0,1.0,0.2714166666666667,3.7506143286025444,0.8263919680312574,0.8504158291156846,0.8504158291156846,0.8504158291156846,0.6855909773694245
food_site_count=7,231,True,False,2.0,1.0,0.24055555555555555,3.2815168767435683,0.845548928849818,0.6920377202860609,0.6920377202860609,0.6920377202860609,0.6502483282501875
food_site_count=7,232,False,False,0.991202277857291,0.991202277857291,0.25969444444444445,3.538712285885735,0.7929618222858328,0.8016969793933553,0.8016969793933553,0.8016969793933553,0.5660193144341452
food_site_count=7,233,True,False,2.0,1.0,0.24125,3.247018111336781,0.8199033836955376,0.771948456827983,0.771948456827983,0.771948456827983,0.3509838802090774
food_site_count=7,234,True,False,2.0,1.0,0.25566666666666665,3.5748514010017414,0.8572823059715439,0.8781354752275446,0.8781354752275446,0.8781354752275446,0.6352634818667534
food_site_count=7,235,True,False,2.0,1.0,0.24994444444444444,3.445314147334995,0.8396640987755707,0.7845476999914183,0.7845476999914183,0.7845476999914183,0.5763839449109371
food_site_count=7,236,True,False,2.0,1.0,0.24605555555555556,3.3805888743281867,0.8501807990116936,0.7606697000972021,0.7606697000972021,0.7606697000972021,0.4424428748742027
food_site_count=7,237,True,False,2.0,1.0,0.2585,3.5257074694971706,0.8245254100518549,0.7777678153445488,0.7777678153445488,0.7777678153445488,0.4695477325525247
food_site_count=7,238,False,False,0.9655353662296303,0.9655353662296303,0.2643888888888889,3.5930967105031075,0.7724282929837043,0.8358595543161813,0.8358595543161813,0.8358595543161813,0.5676205568251096
food_site_count=7,239,True,False,2.0,1.0,0.25902777777777775,3.510042623858527,0.8070283840559314,0.8403091311993632,0.8403091311993632,0.8403091311993632,0.7771388863434605
food_site_count=7,240,False,False,0.9792292393846957,0.9792292393846957,0.25177777777777777,3.3942048972118184,0.7833833915077566,0.8338192334634252,0.8338192334634252,0.8338192334634252,0.5505950502120217
food_site_count=7,241,True,False,2.0,1.0,0.2581111111111111,3.6339061758914992,0.8589346666108091,0.8855690688009007,0.8855690688009007,0.8855690688009007,0.6724359829129767
food_site_count=7,242,True,False,2.0,1.0,0.26266666666666666,3.6394026642865778,0.8419261826548688,0.8423177707612072,0.8423177707612072,0.8423177707612072,0.5648091651128652
food_site_count=7,243,True,False,2.0,1.0,0.25216666666666665,3.4997834963367334,0.8433147627734371,0.8348362404711714,0.8348362404711714,0.8348362404711714,0.7576069410454045
food_site_count=7,244,True,False,2.0,1.0,0.26255555555555554,3.672795378867481,0.8491662753074484,0.8183367197909599,0.8183367197909599,0.8183367197909599,0.550786811627005
food_site_count=7,245,True,False,2.0,1.0,0.23444444444444443,3.2567993168782525,0.8557851659949968,0.7601382380484567,0.7601382380484567,0.7601382380484567,0.7163592942094072
food_site_count=7,246,True,False,2.0,1.0,0.2783055555555556,3.8967275401175034,0.8355815552431377,0.804207347285022,0.804207347285022,0.804207347285022,0.5427922330624575
food_site_count=7,247,True,False,2.0,1.0,0.26602777777777775,3.715603205375076,0.8568548002595318,0.7713209702022368,0.7713209702022368,0.7713209702022368,0.35883156538703526
food_site_count=7,248,False,False,0.9694183987242591,0.9694183987242591,0.22991666666666666,3.039809282878348,0.7755347189794073,0.8366229575850762,0.8366229575850762,0.8366229575850762,0.4579470630791592
food_site_count=7,249,True,False,2.0,1.0,0.26511111111111113,3.6825536933336394,0.8191831142701435,0.8431304086954778,0.8431304086954778,0.8431304086954778,0.7379955605255512
food_site_count=7,250,True,False,2.0,1.0,0.24575000000000002,3.2846906914891902,0.8064407701682269,0.7935880540851444,0.7935880540851444,0.7935880540851444,0.6417373665974073
food_site_count=7,251,True,False,2.0,1.0,0.25430555555555556,3.467364015457538,0.8401494243313646,0.820921680892324,0.820921680892324,0.820921680892324,0.3774573126918461
food_site_count=7,252,True,False,2.0,1.0,0.2544722222222222,3.486636457350179,0.8229599146159631,0.8047746775600491,0.8047746775600491,0.8047746775600491,0.7519568683438406
food_site_count=7,253,True,False,2.0,1.0,0.2428611111111111,3.311738442967516,0.8276236884884988,0.8110460799642494,0.8110460799642494,0.8110460799642494,0.29084374650010975
food_site_count=7,254,True,False,2.0,1.0,0.2514166666666667,3.509803789073902,0.8899961823823277,0.8225235872819906,0.8225235872819906,0.8225235872819906,0.413205161709904
food_site_count=7,255,True,False,2.0,1.0,0.25122222222222224,3.4662796201124544,0.8346345944053266,0.8195199206780764,0.8195199206780764,0.8195199206780764,0.43633468048478996
food_site_count=7,256,False,False,0.9920037947270539,0.9920037947270539,0.24919444444444444,3.356718401911866,0.7936030357816432,0.7668805476213375,0.7668805476213375,0.7668805476213375,0.6877838988099307
food_site_count=7,257,True,False,2.0,1.0,0.2474722222222222,3.3592076526231693,0.8034860702348168,0.7800461773239215,0.7800461773239215,0.7800461773239215,0.778423059511411
food_site_count=7,258,False,False,0.9816668047503787,0.9816668047503787,0.24650000000000002,3.3205223467878198,0.8372868640403708,0.49083340237518935,0.49083340237518935,0.49083340237518935,0.7221688455732307
food_site_count=7,259,True,False,2.0,1.0,0.26491666666666663,3.710381462470899,0.8618613583783069,0.8655887523186441,0.8655887523186441,0.8655887523186441,0.6979704338328921
food_site_count=7,260,True,False,2.0,1.0,0.24319444444444444,3.31518505216114,0.8385765446214234,0.8135823958505137,0.8135823958505137,0.8135823958505137,0.77351212939206
food_site_count=7,261,True,False,2.0,1.0,0.24102777777777776,3.3272924356259415,0.8468612587439152,0.8181393211277252,0.8181393211277252,0.8181393211277252,0.4224379704800721
food_site_count=7,262,True,False,2.0,1.0,0.25030555555555556,3.5067704545572385,0.8951604740086453,0.8051025655134735,0.8051025655134735,0.8051025655134735,0.6404436743133263
food_site_count=7,263,True,False,2.0,1.0,0.2513888888888889,3.44852402866646,0.8209332938579083,0.7947426410105557,0.7947426410105557,0.7947426410105557,0.7427390483861096
food_site_count=7,264,True,False,2.0,1.0,0.24575,3.3097898856550376,0.8212766460789979,0.81363024910188,0.81363024910188,0.81363024910188,0.6877042530067549
food_site_count=7,265,True,False,2.0,1.0,0.26683333333333337,3.7745408592783263,0.8660509514883414,0.8036150046962504,0.8036150046962504,0.8036150046962504,0.5733978543246026
food_site_count=7,266,True,False,2.0,1.0,0.25775,3.6136148985127816,0.8551659573627846,0.8439375820210161,0.8439375820210161,0.8439375820210161,0.51513935468254
food_site_count=7,267,True,False,2.0,1.0,0.2568611111111111,3.5721265857974136,0.8470415618354965,0.8975080253243994,0.8975080253243994,0.8975080253243994,0.3431998540993797
food_site_count=7,268,True,False,2.0,1.0,0.26369444444444445,3.7148764822566944,0.8726866112420354,0.8527195930441391,0.8527195930441391,0.8527195930441391,0.7726509489596007
food_site_count=7,269,False,False,0.9521823019300601,0.9521823019300601,0.2303888888888889,3.0223493169864133,0.7617458415440481,0.7670376030304954,0.7670376030304954,0.7670376030304954,0.6836034363920274
food_site_count=7,270,True,False,2.0,1.0,0.2564166666666667,3.5615861676209546,0.8539442228577876,0.8660893502183433,0.8660893502183433,0.8660893502183433,0.48337257689142454
food_site_count=7,271,True,False,2.0,1.0,0.26272222222222225,3.6832254315070148,0.8562703196207075,0.8380147988516973,0.8380147988516973,0.8380147988516973,0.6423735011457375
food_site_count=7,272,True,False,2.0,1.0,0.23066666666666666,3.164629603634943,0.8446839426372702,0.8078468252111864,0.8078468252111864,0.8078468252111864,0.5721775329021791
food_site_count=7,273,True,False,2.0,1.0,0.2505833333333333,3.4960765931636715,0.8755378301996112,0.8244072465072316,0.8244072465072316,0.8244072465072316,0.6050268858428112
food_site_count=7,274,True,False,2.0,1.0,0.24488888888888888,3.3347023373233657,0.8502712603499283,0.7384605114278683,0.7384605114278683,0.7384605114278683,0.7469587596822397
food_site_count=7,275,True,False,2.0,1.0,0.2632222222222222,3.7453546299682134,0.8695143739325559,0.8376695477086122,0.8376695477086122,0.8376695477086122,0.8165697166616785
food_site_count=7,276,True,False,2.0,1.0,0.2530833333333333,3.5118559061937598,0.848790332137931,0.8423325535625188,0.8423325535625188,0.8423325535625188,0.29083308346990866
food_site_count=7,277,False,False,0.9881361704906912,0.9881361704906912,0.24863888888888888,3.38333408213478,0.790508936392553,0.8601135092394098,0.8601135092394098,0.8601135092394098,0.499537744980621
food_site_count=7,278,True,False,2.0,1.0,0.26013888888888886,3.6136675139162118,0.8477689991950716,0.8180453208878818,0.8180453208878818,0.8180453208878818,0.4729672411006552
food_site_count=7,279,False,False,0.921220602032963,0.921220602032963,0.2435,3.1779814093635235,0.7369764816263704,0.6619802902196814,0.6619802902196814,0.6619802902196814,0.5397529575176795
food_site_count=7,280,True,False,2.0,1.0,0.26663888888888887,3.7309968183768425,0.8542340302799402,0.8698048714735855,0.8698048714735855,0.8698048714735855,0.6672753399362766
food_site_count=7,281,True,False,2.0,1.0,0.26075,3.683842965402734,0.9034086715703299,0.8292454021608698,0.8292454021608698,0.8292454021608698,0.408820422607457
food_site_count=7,282,False,False,0.9964039252562393,0.9964039252562393,0.2569722222222222,3.474406141759791,0.7971231402049915,0.7424946866233524,0.7424946866233524,0.7424946866233524,0.6792916468857069
food_site_count=7,283,True,False,2.0,1.0,0.22966666666666666,3.1114910248891947,0.8432584043286779,0.8142333033630815,0.8142333033630815,0.8142333033630815,0.3331343258264844
food_site_count=7,284,True,False,2.0,1.0,0.2627777777777778,3.7185904974270922,0.8892160214418082,0.8284073418444995,0.8284073418444995,0.8284073418444995,0.5213390605784726
food_site_count=7,285,True,False,2.0,1.0,0.25327777777777777,3.4774071317395348,0.8230225704624766,0.7902106158579837,0.7902106158579837,0.7902106158579837,0.588279088044127
food_site_count=7,286,True,False,2.0,1.0,0.2573888888888889,3.593184152977864,0.8523991174848969,0.8054749320024237,0.8054749320024237,0.8054749320024237,0.7679690619872585
food_site_count=7,287,True,False,2.0,1.0,0.23455555555555557,3.167273539738788,0.8243439078380105,0.7708357117421366,0.7708357117421366,0.7708357117421366,0.5354593817436694
food_site_count=7,288,True,False,2.0,1.0,0.26619444444444446,3.72555587518008,0.8543979424714734,0.8138895507057674,0.8138895507057674,0.8138895507057674,0.22828374502686888
food_site_count=7,289,False,False,0.9967639795608414,0.9967639795608414,0.252,3.4619486947638842,0.7974111836486731,0.8841322167315102,0.8841322167315102,0.8841322167315102,0.5267269123798761
food_site_count=7,290,True,False,2.0,1.0,0.2526388888888889,3.502656743054162,0.8566373672057639,0.7196116618699342,0.7196116618699342,0.7196116618699342,0.6449587625910628
food_site_count=7,291,True,False,2.0,1.0,0.2545,3.486612793811026,0.8149231619766942,0.7582808152154232,0.7582808152154232,0.7582808152154232,0.47626228519825453
food_site_count=7,292,True,False,2.0,1.0,0.2591388888888889,3.63145121734975,0.8782144812788172,0.7924006488136415,0.7924006488136415,0.7924006488136415,0.584254036762364
food_site_count=7,293,False,False,0.9953769584948559,0.9953769584948559,0.2612777777777778,3.5854973789072773,0.7963015667958847,0.8889346614135476,0.8889346614135476,0.8889346614135476,0.3981093544773075
food_site_count=7,294,False,False,0.9880547617775327,0.9880547617775327,0.23680555555555557,3.157263937370055,0.7904438094220262,0.747224681288781,0.747224681288781,0.747224681288781,0.44675810886125095
food_site_count=7,295,False,False,0.9874983583443894,0.9874983583443894,0.2511111111111111,3.371323541546331,0.7899986866755115,0.7409697756006943,0.7409697756006943,0.7409697756006943,0.4827493970729178
food_site_count=7,296,True,False,2.0,1.0,0.2415,3.3081004627517543,0.8449054608212023,0.672532736320829,0.672532736320829,0.672532736320829,0.49286092609366244
food_site_count=7,297,True,False,2.0,1.0,0.23913888888888887,3.2446659635883903,0.8140817486943934,0.8096250702375833,0.8096250702375833,0.8096250702375833,0.49142694063551784
food_site_count=7,298,True,False,2.0,1.0,0.2692777777777778,3.803231323219274,0.8695217706463175,0.8077266737244895,0.8077266737244895,0.8077266737244895,0.4936659613676165
food_site_count=7,299,True,False,2.0,1.0,0.2563611111111111,3.564714402559302,0.8373962656849058,0.8148497840391395,0.8148497840391395,0.8148497840391395,0.5353391213435572
food_site_radius=255.0000,200,True,False,2.0,1.0,0.1448611111111111,1.525239413768295,0.8585370988204473,0.8276289932225864,0.8276289932225864,0.8276289932225864,0.6215428980385423
food_site_radius=255.0000,201,True,False,2.0,1.0,0.14433333333333334,1.5471827153364406,0.8569768399881968,0.8645846820659622,0.8645846820659622,0.8645846820659622,0.3549338843517124
food_site_radius=255.0000,202,True,False,2.0,1.0,0.14247222222222222,1.4653735588167736,0.8422525355457223,0.8704670784633382,0.8704670784633382,0.8704670784633382,0.32459630545018203
food_site_radius=255.0000,203,True,False,2.0,1.0,0.14191666666666666,1.4651587216745494,0.8640022565963078,0.7382393160454547,0.7382393160454547,0.7382393160454547,0.8230176424675428
food_site_radius=255.0000,204,True,False,2.0,1.0,0.14475000000000002,1.5680891596510547,0.9002617475658979,0.8458335564079451,0.8458335564079451,0.8458335564079451,0.4332503303157891
food_site_radius=255.0000,205,True,False,2.0,1.0,0.14266666666666666,1.4354555114861502,0.8356906878104222,0.7325256358298025,0.7325256358298025,0.7325256358298025,0.37544262469514755
food_site_radius=255.0000,206,True,False,2.0,1.0,0.14608333333333334,1.5159129678009449,0.8276251023632669,0.8856657804715132,0.8856657804715132,0.8856657804715132,0.5300931310244015
food_site_radius=255.0000,207,True,False,2.0,1.0,0.14155555555555557,1.4700011917340632,0.8629839176799793,0.8270002038719722,0.8270002038719722,0.8270002038719722,0.7057021985493821
food_site_radius=255.0000,208,False,False,0.5898623896091888,0.5898623896091888,0.13322222222222221,1.1310315186546442,0.47188991168735106,0.3116953502185112,0.3116953502185112,0.3116953502185112,0.4231961124628768
food_site_radius=255.0000,209,True,False,2.0,1.0,0.1440833333333333,1.5057345606521109,0.8386535115860082,0.8190788761539584,0.8190788761539584,0.8190788761539584,0.7034963003634007
food_site_radius=255.0000,210,True,False,2.0,1.0,0.1435,1.4889806085141608,0.849748973598029,0.831749862349733,0.831749862349733,0.831749862349733,0.5650226104206737
food_site_radius=255.0000,211,True,False,2.0,1.0,0.13433333333333333,1.4034859122614065,0.8482406588043647,0.8606007134941823,0.8606007134941823,0.8606007134941823,0.6088302232303298
food_site_radius=255.0000,212,True,False,2.0,1.0,0.15341666666666667,1.6599597469091456,0.8645736595025841,0.8838287769793624,0.8838287769793624,0.8838287769793624,0.4810488986721277
food_site_radius=255.0000,213,False,False,0.38356308398088557,0.38356308398088557,0.13994444444444445,1.0818741569393515,0.3068504671847085,0.2624108804911935,0.2624108804911935,0.2624108804911935,0.43660873105062425
food_site_radius=255.0000,214,True,False,2.0,1.0,0.15163888888888888,1.6309699645171283,0.8688323814481872,0.893478139637463,0.893478139637463,0.893478139637463,0.6717653192234752
food_site_radius=255.0000,215,True,False,2.0,1.0,0.14577777777777776,1.4930136384445103,0.8301227396265037,0.8025498132427115,0.8025498132427115,0.8025498132427115,0.6522115619395602
food_site_radius=255.0000,216,True,False,2.0,1.0,0.14250000000000002,1.477710793759866,0.8282380370722054,0.872208062759855,0.872208062759855,0.872208062759855,0.882055395902132
food_site_radius=255.0000,217,True,False,2.0,1.0,0.14152777777777778,1.4395896355029083,0.8543158212858776,0.7621432678756717,0.7621432678756717,0.7621432678756717,0.3779069026344933
food_site_radius=255.0000,218,False,False,0.4833744054161469,0.4833744054161469,0.13533333333333333,1.116230053162892,0.38669952433291754,0.4201949332380382,0.4201949332380382,0.4201949332380382,0.5220506115853779
food_site_radius=255.0000,219,True,False,2.0,1.0,0.1463611111111111,1.5535851614828964,0.8193946671002351,0.843133609694696,0.843133609694696,0.843133609694696,0.6522739306373924
food_site_radius=255.0000,220,False,False,0.2775381233674073,0.2775381233674073,0.14252777777777775,1.081571692326765,0.22203049869392585,0.2426532263373021,0.2426532263373021,0.2426532263373021,0.7296804692053478
food_site_radius=255.0000,221,True,False,2.0,1.0,0.14569444444444446,1.5080048359071305,0.8102034355756423,0.8316335722516258,0.8316335722516258,0.8316335722516258,0.7005816447967386
food_site_radius=255.0000,222,False,False,0.9869570032041504,0.9869570032041504,0.15119444444444446,1.5851380610319998,0.7895656025633203,0.7603673955630104,0.7603673955630104,0.7603673955630104,0.76513544580424
food_site_radius=255.0000,223,True,False,2.0,1.0,0.14483333333333331,1.5481691406309943,0.8778740104249843,0.8372451146943894,0.8372451146943894,0.8372451146943894,0.5997055263870269
food_site_radius=255.0000,224,True,False,2.0,1.0,0.13772222222222222,1.3395731411647744,0.8169674303122243,0.8242824707492145,0.8242824707492145,0.8242824707492145,0.5661689599399039
food_site_radius=255.0000,225,True,False,2.0,1.0,0.146,1.5247824281378919,0.8788489814697745,0.8319474176573972,0.8319474176573972,0.8319474176573972,0.7268521736633727
food_site_radius=255.0000,226,True,False,2.0,1.0,0.15058333333333335,1.5946948229730453,0.8405258718393073,0.8291350091301943,0.8291350091301943,0.8291350091301943,0.7983731054801054
food_site_radius=255.0000,227,True,False,2.0,1.0,0.14308333333333334,1.4992238065881287,0.8997050543688637,0.8368212502712596,0.8368212502712596,0.8368212502712596,0.4436305854752968
food_site_radius=255.0000,228,True,False,2.0,1.0,0.14558333333333331,1.5455059362869896,0.8987022805912328,0.887493281809535,0.887493281809535,0.887493281809535,0.7291855049434215
food_site_radius=255.0000,229,True,False,2.0,1.0,0.1435,1.491923209988167,0.9029199305914599,0.7741663670912584,0.7741663670912584,0.7741663670912584,0.6485183878900248
food_site_radius=255.0000,230,True,False,2.0,1.0,0.1403611111111111,1.48499397781933,0.8610917136772117,0.7821605431078252,0.7821605431078252,0.7821605431078252,0.6202765470480424
food_site_radius=255.0000,231,True,False,2.0,1.0,0.1501111111111111,1.628033088927942,0.8936706635786211,0.792464726538645,0.792464726538645,0.792464726538645,0.42457760558803187
food_site_radius=255.0000,232,True,False,2.0,1.0,0.14969444444444446,1.5568102199811642,0.8275025113721867,0.8352595996524957,0.8352595996524957,0.8352595996524957,0.7312580514185183
food_site_radius=255.0000,233,True,False,2.0,1.0,0.14325000000000002,1.5215066949153806,0.8922852585017701,0.8511780769630789,0.8511780769630789,0.8511780769630789,0.39890979472061233
food_site_radius=255.0000,234,True,False,2.0,1.0,0.1555,1.6928927877484057,0.850061129894905,0.8887912602505814,0.8887912602505814,0.8887912602505814,0.7898162355122852
food_site_radius=255.0000,235,True,False,2.0,1.0,0.15444444444444447,1.690699833630964,0.8962058769342404,0.8268109937584456,0.8268109937584456,0.8268109937584456,0.6834773606232102
food_site_radius=255.0000,236,True,False,2.0,1.0,0.15030555555555555,1.5810908972548858,0.8855065369219784,0.8426235935944654,0.8426235935944654,0.8426235935944654,0.6049329595012901
food_site_radius=255.0000,237,True,False,2.0,1.0,0.14213888888888887,1.5325208670039403,0.8993211731792559,0.8132959597214507,0.8132959597214507,0.8132959597214507,0.6174085702848555
food_site_radius=255.0000,238,False,False,0.7327966250990405,0.7327966250990405,0.14933333333333335,1.4066111562267782,0.5862373000792325,0.6102260449221382,0.6102260449221382,0.6102260449221382,0.6718609426366758
food_site_radius=255.0000,239,False,False,0.9806797410166374,0.9806797410166374,0.1426388888888889,1.4277549541484655,0.7845437928133099,0.7910596257210616,0.7910596257210616,0.7910596257210616,0.7056843747482909
food_site_radius=255.0000,240,True,False,2.0,1.0,0.1423611111111111,1.5328442697582831,0.8700172567548385,0.8359886606196821,0.8359886606196821,0.8359886606196821,0.3847798275874882
food_site_radius=255.0000,241,True,False,2.0,1.0,0.13777777777777775,1.47589184330361,0.8679489585346192,0.8221729916693967,0.8221729916693967,0.8221729916693967,0.46596151355394233
food_site_radius=255.0000,242,True,False,2.0,1.0,0.15475,1.6804213155888903,0.8898152769420472,0.7912145218708575,0.7912145218708575,0.7912145218708575,0.6160406967004859
food_site_radius=255.0000,243,True,False,2.0,1.0,0.14544444444444443,1.5140168217773475,0.8578152183763331,0.8414466223862074,0.8414466223862074,0.8414466223862074,0.6192159492967059
food_site_radius=255.0000,244,True,False,2.0,1.0,0.13691666666666666,1.451046747853738,0.8815773935563129,0.8352764680524231,0.8352764680524231,0.8352764680524231,0.5727975013951354
food_site_radius=255.0000,245,True,False,2.0,1.0,0.14680555555555555,1.602341091063568,0.8411220720190973,0.7587555565449348,0.7587555565449348,0.7587555565449348,0.6019031075643375
food_site_radius=255.0000,246,True,False,2.0,1.0,0.14294444444444443,1.467100570438914,0.8300975007357142,0.8617285929590593,0.8617285929590593,0.8617285929590593,0.663349727133827
food_site_radius=255.0000,247,True,False,2.0,1.0,0.15272222222222223,1.6388985391463795,0.8427587256655763,0.8298788756881652,0.8298788756881652,0.8298788756881652,0.429255694703609
food_site_radius=255.0000,248,True,False,2.0,1.0,0.12863888888888889,1.2707528117750149,0.835778249389228,0.8142315620991633,0.8142315620991633,0.8142315620991633,0.6411210118742438
food_site_radius=255.0000,249,True,False,2.0,1.0,0.1491388888888889,1.6199699487746093,0.8599113714490554,0.8825470192601071,0.8825470192601071,0.8825470192601071,0.5067419745950331
food_site_radius=255.0000,250,False,False,0.5317759617992114,0.5317759617992114,0.1418888888888889,1.1606532915217327,0.42542076943936913,0.30401932240052076,0.30401932240052076,0.30401932240052076,0.5759773384579794
food_site_radius=255.0000,251,True,False,2.0,1.0,0.14452777777777778,1.5172104379752167,0.8503854896888157,0.861565469695165,0.861565469695165,0.861565469695165,0.5363728657256611
food_site_radius=255.0000,252,True,False,2.0,1.0,0.13944444444444445,1.4674827056325837,0.8605652308110835,0.8816667955902768,0.8816667955902768,0.8816667955902768,0.4857946920040047
food_site_radius=255.0000,253,True,False,2.0,1.0,0.1443888888888889,1.4836403299991219,0.8214315204179421,0.8589593898722485,0.8589593898722485,0.8589593898722485,0.705648043871783
food_site_radius=255.0000,254,True,False,2.0,1.0,0.1545,1.7291873773859143,0.9193372974481396,0.8209817821781478,0.8209817821781478,0.8209817821781478,0.6779322544841658
food_site_radius=255.0000,255,True,False,2.0,1.0,0.1491388888888889,1.6231566321931914,0.8811569669235253,0.8724954163207757,0.8724954163207757,0.8724954163207757,0.4855872792767843
food_site_radius=255.0000,256,True,False,2.0,1.0,0.14680555555555555,1.548871860637841,0.8460441397927252,0.8223094738654261,0.8223094738654261,0.8223094738654261,0.5333168139706899
food_site_radius=255.0000,257,True,False,2.0,1.0,0.14758333333333334,1.56214644677316,0.8566625698140025,0.8737347222255007,0.8737347222255007,0.8737347222255007,0.6628978375353091
food_site_radius=255.0000,258,True,False,2.0,1.0,0.15194444444444447,1.5974524023953443,0.8629154430981002,0.824347552427638,0.824347552427638,0.824347552427638,0.6510027443595462
food_site_radius=255.0000,259,False,False,0.35509777114114816,0.35509777114114816,0.13441666666666666,1.0893864836788474,0.47884579071065636,0.17754888557057408,0.17754888557057408,0.17754888557057408,0.33384142897488034
food_site_radius=255.0000,260,True,False,2.0,1.0,0.14169444444444446,1.4767544310420937,0.8774436232292325,0.8703597258524589,0.8703597258524589,0.8703597258524589,0.43020918024299504
food_site_radius=255.0000,261,True,False,2.0,1.0,0.1435,1.5223121005060627,0.8688421152212911,0.8456171552281836,0.8456171552281836,0.8456171552281836,0.6651531341668921
food_site_radius=255.0000,262,True,False,2.0,1.0,0.14455555555555558,1.4928217717647354,0.8322338612117453,0.8472872126240902,0.8472872126240902,0.8472872126240902,0.5773978916035458
food_site_radius=255.0000,263,True,False,2.0,1.0,0.15441666666666667,1.712155127607318,0.8606578118531316,0.8847109009657769,0.8847109009657769,0.8847109009657769,0.6547666972121877
food_site_radius=255.0000,264,True,False,2.0,1.0,0.13616666666666666,1.3913918243335146,0.9160313918977391,0.8280297046701638,0.8280297046701638,0.8280297046701638,0.3100029526838611
food_site_radius=255.0000,265,True,False,2.0,1.0,0.14505555555555555,1.5213253653789773,0.8727282810994682,0.8201288448321045,0.8201288448321045,0.8201288448321045,0.5868904650775045
food_site_radius=255.0000,266,True,False,2.0,1.0,0.1486111111111111,1.6285418506338087,0.8611365124283351,0.8825874160153091,0.8825874160153091,0.8825874160153091,0.5211309900288675
food_site_radius=255.0000,267,True,False,2.0,1.0,0.14344444444444446,1.4784664445440234,0.8442752127046346,0.8318685968734801,0.8318685968734801,0.8318685968734801,0.5600799262519053
food_site_radius=255.0000,268,True,False,2.0,1.0,0.13719444444444445,1.3785049873304338,0.8343917665789432,0.7810067473965172,0.7810067473965172,0.7810067473965172,0.8386635229059592
food_site_radius=255.0000,269,True,False,2.0,1.0,0.15491666666666667,1.7160677186958113,0.8809735273919592,0.9159100677547846,0.9159100677547846,0.9159100677547846,0.8465169735048617
food_site_radius=255.0000,270,True,False,2.0,1.0,0.1547777777777778,1.6540567641202986,0.8536883104342401,0.8218667218813266,0.8218667218813266,0.8218667218813266,0.6750741025545716
food_site_radius=255.0000,271,True,False,2.0,1.0,0.13830555555555557,1.3756152346905717,0.8034378846004766,0.8822061627849926,0.8822061627849926,0.8822061627849926,0.39706944859090904
food_site_radius=255.0000,272,True,False,2.0,1.0,0.142,1.4811212178127495,0.8419454358274019,0.8797088076654365,0.8797088076654365,0.8797088076654365,0.37611709997680615
food_site_radius=255.0000,273,True,False,2.0,1.0,0.15377777777777776,1.70532519471726,0.8982898750571497,0.8552739733086018,0.8552739733086018,0.8552739733086018,0.7653991549656769
food_site_radius=255.0000,274,True,False,2.0,1.0,0.1423333333333333,1.460248708486696,0.8772149345006933,0.8328385512312454,0.8328385512312454,0.8328385512312454,0.7823503637616678
food_site_radius=255.0000,275,False,False,0.470445739897259,0.470445739897259,0.149,1.2674164224075948,0.3903972553876266,0.2352228699486295,0.2352228699486295,0.2352228699486295,0.7025025960625978
food_site_radius=255.0000,276,True,False,2.0,1.0,0.13205555555555556,1.3333649672312273,0.8600636568619012,0.826635312666497,0.826635312666497,0.826635312666497,0.6750540218827238
food_site_radius=255.0000,277,False,False,0.9987409520381604,0.9987409520381604,0.13011111111111112,1.2780300689386483,0.7989927616305283,0.8636514361754923,0.8636514361754923,0.8636514361754923,0.28364504548993796
food_site_radius=255.0000,278,True,False,2.0,1.0,0.15119444444444446,1.6299177332622443,0.8698236417897914,0.8394512610375692,0.8394512610375692,0.8394512610375692,0.63363611411065
food_site_radius=255.0000,279,True,False,2.0,1.0,0.14797222222222223,1.604695449684357,0.8637293793170786,0.8728304185610066,0.8728304185610066,0.8728304185610066,0.7101781960494868
food_site_radius=255.0000,280,True,False,2.0,1.0,0.13691666666666666,1.3576853163869622,0.8252869741732961,0.8425582508198179,0.8425582508198179,0.8425582508198179,0.6957434360414037
food_site_radius=255.0000,281,False,False,0.9899843566794672,0.9899843566794672,0.13552777777777777,1.3488067152101941,0.7919874853435738,0.8473114399599992,0.8473114399599992,0.8473114399599992,0.5748843699058938
food_site_radius=255.0000,282,False,False,0.5384338044697271,0.5384338044697271,0.13724999999999998,1.1540125996581978,0.43074704357578175,0.3011687474563557,0.3011687474563557,0.3011687474563557,0.6995537473833875
food_site_radius=255.0000,283,True,False,2.0,1.0,0.14455555555555558,1.4972741823036766,0.8609080417326119,0.8748697364317388,0.8748697364317388,0.8748697364317388,0.784124935342647
food_site_radius=255.0000,284,True,False,2.0,1.0,0.14369444444444443,1.5162953495125222,0.8404876192645924,0.8044265744551748,0.8044265744551748,0.8044265744551748,0.6083244496296875
food_site_radius=255.0000,285,True,False,2.0,1.0,0.14388888888888887,1.5054186739776596,0.8775591147824671,0.8258258115408753,0.8258258115408753,0.8258258115408753,0.5547455656592781
food_site_radius=255.0000,286,True,False,2.0,1.0,0.1451388888888889,1.5152083412409942,0.8507624824507277,0.8463458592770421,0.8463458592770421,0.8463458592770421,0.7613653739656531
food_site_radius=255.0000,287,True,False,2.0,1.0,0.13972222222222222,1.4559694175808315,0.8655009214125898,0.7638180137781279,0.7638180137781279,0.7638180137781279,0.7046129996312386
food_site_radius=255.0000,288,True,False,2.0,1.0,0.14566666666666667,1.5069175616663637,0.8293126444675119,0.8265502760461771,0.8265502760461771,0.8265502760461771,0.5212250210212758
food_site_radius=255.0000,289,True,False,2.0,1.0,0.14905555555555555,1.5403529126574962,0.8398111342130533,0.8885792519559905,0.8885792519559905,0.8885792519559905,0.6901510843051174
food_site_radius=255.0000,290,True,False,2.0,1.0,0.13908333333333334,1.4120815888104636,0.8754583444989656,0.7933356609738709,0.7933356609738709,0.7933356609738709,0.6698844015600164
food_site_radius=255.0000,291,True,False,2.0,1.0,0.14202777777777778,1.4675568913730863,0.8831378970778369,0.7656921433310423,0.7656921433310423,0.7656921433310423,0.47403262565415244
food_site_radius=255.0000,292,True,False,2.0,1.0,0.14908333333333335,1.587850568763734,0.9054639075182727,0.796041919173278,0.796041919173278,0.796041919173278,0.8715553191958898
food_site_radius=255.0000,293,True,False,2.0,1.0,0.15244444444444444,1.6883000263261516,0.9049315346653672,0.8795615694780838,0.8795615694780838,0.8795615694780838,0.5342490285384112
food_site_radius=255.0000,294,False,False,0.37515650297769176,0.37515650297769176,0.13,1.0085455055157795,0.38191977199314214,0.18757825148884588,0.18757825148884588,0.18757825148884588,0.6332584170164989
food_site_radius=255.0000,295,True,False,2.0,1.0,0.14080555555555557,1.4652025207254367,0.8853278614941377,0.8594923188628382,0.8594923188628382,0.8594923188628382,0.5815856983866454
food_site_radius=255.0000,296,True,False,2.0,1.0,0.15238888888888888,1.6263065630505078,0.8612628230004071,0.8535353192328049,0.8535353192328049,0.8535353192328049,0.5604467015014597
food_site_radius=255.0000,297,True,False,2.0,1.0,0.14102777777777778,1.4674662693230518,0.8787746771062879,0.827614652929484,0.827614652929484,0.827614652929484,0.7148961961382282
food_site_radius=255.0000,298,True,False,2.0,1.0,0.15375,1.6668272169609262,0.8854119912517056,0.9083088653368424,0.9083088653368424,0.9083088653368424,0.39057195360911334
food_site_radius=255.0000,299,True,False,2.0,1.0,0.14352777777777778,1.4599819604150326,0.8754704699137427,0.8344415483351025,0.8344415483351025,0.8344415483351025,0.8442853225867198
food_site_radius=300.0000,200,False,False,0.9967144051867322,0.9967144051867322,0.17350000000000002,1.98971678825152,0.7973715241493857,0.8590700943723265,0.8590700943723265,0.8590700943723265,0.7432279514845465
food_site_radius=300.0000,201,True,False,2.0,1.0,0.17544444444444446,2.046459637794078,0.8368708897709288,0.833237277629341,0.833237277629341,0.833237277629341,0.7385509380367936
food_site_radius=300.0000,202,True,False,2.0,1.0,0.16011111111111112,1.8812857736186694,0.845354344783442,0.7802369425463157,0.7802369425463157,0.7802369425463157,0.5062509148035687
food_site_radius=300.0000,203,True,False,2.0,1.0,0.17941666666666667,2.1536133382339613,0.8704123195280794,0.8209244506375815,0.8209244506375815,0.8209244506375815,0.5575750100646574
food_site_radius=300.0000,204,True,False,2.0,1.0,0.1754722222222222,2.009237552607483,0.8177016676060552,0.8591309497025911,0.8591309497025911,0.8591309497025911,0.3883592280984105
food_site_radius=300.0000,205,True,False,2.0,1.0,0.18644444444444447,2.2499469662175438,0.8769094460538281,0.8781472875065824,0.8781472875065824,0.8781472875065824,0.7537556439768678
food_site_radius=300.0000,206,True,False,2.0,1.0,0.18391666666666667,2.218463760220543,0.87520641889112,0.8586282537267136,0.8586282537267136,0.8586282537267136,0.6714902853845895
food_site_radius=300.0000,207,True,False,2.0,1.0,0.17174999999999999,1.9787243938949257,0.8376231709088472,0.7907282876700127,0.7907282876700127,0.7907282876700127,0.7150714063334264
food_site_radius=300.0000,208,True,False,2.0,1.0,0.17777777777777776,2.074777025544918,0.8256186922376265,0.8239672643442446,0.8239672643442446,0.8239672643442446,0.8579393724953287
food_site_radius=300.0000,209,True,False,2.0,1.0,0.17455555555555555,2.0355911979858132,0.8416802399286664,0.8684266616201736,0.8684266616201736,0.8684266616201736,0.7105693726144605
food_site_radius=300.0000,210,True,False,2.0,1.0,0.15830555555555556,1.8092727695059216,0.8675870532421283,0.8117560723252109,0.8117560723252109,0.8117560723252109,0.5811665456842291
food_site_radius=300.0000,211,True,False,2.0,1.0,0.1723611111111111,2.001262909853207,0.8076655920641526,0.7954235287234046,0.7954235287234046,0.7954235287234046,0.5404610510405823
food_site_radius=300.0000,212,True,False,2.0,1.0,0.17808333333333334,2.099154454994245,0.8485677312688623,0.8988592565669482,0.8988592565669482,0.8988592565669482,0.7172919007836371
food_site_radius=300.0000,213,False,False,0.9680919187697737,0.9680919187697737,0.1693888888888889,1.9566744954512723,0.7744735350158191,0.7811434983539435,0.7811434983539435,0.7811434983539435,0.6240255462130521
food_site_radius=300.0000,214,True,False,2.0,1.0,0.16930555555555554,1.9639696210849273,0.8458268808907212,0.8269591576325467,0.8269591576325467,0.8269591576325467,0.7613399812745975
food_site_radius=300.0000,215,True,False,2.0,1.0,0.1758611111111111,2.1029894756356744,0.8877698044661908,0.8264937671105528,0.8264937671105528,0.8264937671105528,0.500969894992439
food_site_radius=300.0000,216,True,False,2.0,1.0,0.16544444444444442,1.9080135480359472,0.8536690084839993,0.756562258918524,0.756562258918524,0.756562258918524,0.4025927111496769
food_site_radius=300.0000,217,True,False,2.0,1.0,0.174,2.083880047579936,0.8744152908346573,0.8264678210433032,0.8264678210433032,0.8264678210433032,0.3559830435084935
food_site_radius=300.0000,218,True,False,2.0,1.0,0.168,2.013904100876626,0.9032338625680354,0.8560318538469633,0.8560318538469633,0.8560318538469633,0.6901297031481292
food_site_radius=300.0000,219,True,False,2.0,1.0,0.17566666666666667,2.082389570355112,0.8515023774490109,0.8701317720794458,0.8701317720794458,0.8701317720794458,0.7747129420874137
food_site_radius=300.0000,220,True,False,2.0,1.0,0.1733888888888889,2.056923130045553,0.8791681089514607,0.8552532216920746,0.8552532216920746,0.8552532216920746,0.5920102834975408
food_site_radius=300.0000,221,True,False,2.0,1.0,0.18680555555555556,2.300559929700955,0.9089301991345712,0.8276570296367548,0.8276570296367548,0.8276570296367548,0.6615054496338519
food_site_radius=300.0000,222,True,False,2.0,1.0,0.17952777777777779,2.159286123721071,0.8620583197770387,0.7767973958611776,0.7767973958611776,0.7767973958611776,0.7191976562034251
food_site_radius=300.0000,223,True,False,2.0,1.0,0.1691111111111111,1.9873171609311393,0.8698898877228209,0.8409770924367849,0.8409770924367849,0.8409770924367849,0.5069538289492272
food_site_radius=300.0000,224,True,False,2.0,1.0,0.16377777777777777,1.8560358850562717,0.8281977119216487,0.8568546617139192,0.8568546617139192,0.8568546617139192,0.3367368617543008
food_site_radius=300.0000,225,True,False,2.0,1.0,0.18133333333333335,2.2313931980040995,0.8818516436121974,0.8663003239556339,0.8663003239556339,0.8663003239556339,0.7266616685369521
food_site_radius=300.0000,226,False,False,0.9854765436613502,0.9854765436613502,0.16638888888888886,1.8911734122308197,0.7883812349290802,0.8447191389350995,0.8447191389350995,0.8447191389350995,0.6754029166103147
food_site_radius=300.0000,227,True,False,2.0,1.0,0.179,2.132601359319223,0.8571685448800477,0.8445804303878608,0.8445804303878608,0.8445804303878608,0.4493472147731323
food_site_radius=300.0000,228,False,False,0.3851167695795538,0.3851167695795538,0.15655555555555553,1.533350580949855,0.541454177784139,0.1925583847897769,0.1925583847897769,0.1925583847897769,0.6700806692347651
food_site_radius=300.0000,229,False,False,0.9064174816859952,0.9064174816859952,0.16197222222222224,1.7788476881082669,0.7251339853487963,0.8299129092196741,0.8299129092196741,0.8299129092196741,0.7978000159559424
food_site_radius=300.0000,230,True,False,2.0,1.0,0.18397222222222223,2.299329621206156,0.8939613345729026,0.8795286470064685,0.8795286470064685,0.8795286470064685,0.672649366424941
food_site_radius=300.0000,231,True,False,2.0,1.0,0.16972222222222222,1.966597224176074,0.8462761925824935,0.8348431109867221,0.8348431109867221,0.8348431109867221,0.29672244590957325
food_site_radius=300.0000,232,True,False,2.0,1.0,0.17186111111111113,2.076689186210443,0.8668010279718642,0.8524815707273141,0.8524815707273141,0.8524815707273141,0.5456574666129137
food_site_radius=300.0000,233,True,False,2.0,1.0,0.1778611111111111,2.1170372407560536,0.8601974607597209,0.8990176565863749,0.8990176565863749,0.8990176565863749,0.8233478245236603
food_site_radius=300.0000,234,True,False,2.0,1.0,0.18138888888888888,2.171024988216439,0.8395944733532628,0.8550434211853113,0.8550434211853113,0.8550434211853113,0.6413018662980349
food_site_radius=300.0000,235,True,False,2.0,1.0,0.17083333333333334,1.9964374392993036,0.8473609866463677,0.8443045665756627,0.8443045665756627,0.8443045665756627,0.2891499575565519
food_site_radius=300.0000,236,True,False,2.0,1.0,0.18341666666666667,2.2335407962523797,0.8969257216489631,0.8719300985810636,0.8719300985810636,0.8719300985810636,0.4511784629423321
food_site_radius=300.0000,237,True,False,2.0,1.0,0.16569444444444445,1.8973390677355038,0.8617158114627055,0.8526820722398746,0.8526820722398746,0.8526820722398746,0.5848941937076896
food_site_radius=300.0000,238,True,False,2.0,1.0,0.16905555555555554,2.005707192928367,0.8422740374536843,0.8853781341787104,0.8853781341787104,0.8853781341787104,0.35827105801390857
food_site_radius=300.0000,239,True,False,2.0,1.0,0.17350000000000002,2.043827376310504,0.8573789160758754,0.8597166304772217,0.8597166304772217,0.8597166304772217,0.7768067840493917
food_site_radius=300.0000,240,True,False,2.0,1.0,0.17394444444444446,2.0684450857491616,0.8970491359090663,0.8415016512751439,0.8415016512751439,0.8415016512751439,0.657841571973142
food_site_radius=300.0000,241,True,False,2.0,1.0,0.17097222222222222,2.0647559559607735,0.9233080220173527,0.8525071800465989,0.8525071800465989,0.8525071800465989,0.33687495737015766
food_site_radius=300.0000,242,True,False,2.0,1.0,0.17341666666666666,2.0825366867380684,0.8655095933849087,0.7938526659412637,0.7938526659412637,0.7938526659412637,0.42746702594449654
food_site_radius=300.0000,243,False,False,0.9887256714269278,0.9887256714269278,0.1641388888888889,1.82455686427999,0.7909805371415423,0.8505657560330036,0.8505657560330036,0.8505657560330036,0.5208130409983635
food_site_radius=300.0000,244,True,False,2.0,1.0,0.1629722222222222,1.9648572769903672,0.8800658627687081,0.860013046492798,0.860013046492798,0.860013046492798,0.6120026329501461
food_site_radius=300.0000,245,True,False,2.0,1.0,0.19499999999999998,2.3900782502857596,0.8476995313695278,0.8801546166844891,0.8801546166844891,0.8801546166844891,0.7143247924440288
food_site_radius=300.0000,246,True,False,2.0,1.0,0.18247222222222223,2.155842503403252,0.8579787869438947,0.8616485247978903,0.8616485247978903,0.8616485247978903,0.4480195877793665
food_site_radius=300.0000,247,True,False,2.0,1.0,0.16894444444444445,1.9590013291538655,0.8619611932733982,0.8183579098756906,0.8183579098756906,0.8183579098756906,0.43205005006018754
food_site_radius=300.0000,248,True,False,2.0,1.0,0.17758333333333332,2.1486129939796843,0.8807574131666162,0.8696577944462519,0.8696577944462519,0.8696577944462519,0.7283681515771139
food_site_radius=300.0000,249,True,False,2.0,1.0,0.1681111111111111,1.9389132331700005,0.8263657256816451,0.7982695736493601,0.7982695736493601,0.7982695736493601,0.5378906564248054
food_site_radius=300.0000,250,True,False,2.0,1.0,0.18058333333333335,2.172945387885227,0.8853794902221692,0.8320997966248476,0.8320997966248476,0.8320997966248476,0.4447277006267879
food_site_radius=300.0000,251,True,False,2.0,1.0,0.17816666666666667,2.1054327216741187,0.8548497305034639,0.8514491208809626,0.8514491208809626,0.8514491208809626,0.7895266038307635
food_site_radius=300.0000,252,True,False,2.0,1.0,0.18555555555555556,2.2580521009599437,0.8876203878063403,0.8482614698313087,0.8482614698313087,0.8482614698313087,0.7893725771474768
food_site_radius=300.0000,253,True,False,2.0,1.0,0.17252777777777778,2.0315850121021013,0.8626572534775591,0.8438972810937314,0.8438972810937314,0.8438972810937314,0.735181770856755
food_site_radius=300.0000,254,True,False,2.0,1.0,0.17805555555555555,2.1345716577326797,0.9205229290540206,0.8158976933457347,0.8158976933457347,0.8158976933457347,0.8242536163646934
food_site_radius=300.0000,255,True,False,2.0,1.0,0.16505555555555557,1.9122523639264648,0.8516050827042488,0.8223741652488381,0.8223741652488381,0.8223741652488381,0.44970295045430875
food_site_radius=300.0000,256,True,False,2.0,1.0,0.1695,1.9252829097051465,0.8251943865905268,0.7398607566127401,0.7398607566127401,0.7398607566127401,0.6738036671059595
food_site_radius=300.0000,257,True,False,2.0,1.0,0.17425,2.088053721131433,0.8623710483609515,0.8817772801922708,0.8817772801922708,0.8817772801922708,0.46241226100358135
food_site_radius=300.0000,258,True,False,2.0,1.0,0.18369444444444444,2.179755720958566,0.8357956782744727,0.8646279252731698,0.8646279252731698,0.8646279252731698,0.6803292954535126
food_site_radius=300.0000,259,True,False,2.0,1.0,0.16080555555555556,1.8763997044726082,0.8954530519572876,0.8286792775101414,0.8286792775101414,0.8286792775101414,0.6555699508301259
food_site_radius=300.0000,260,True,False,2.0,1.0,0.17119444444444445,1.987836748022372,0.8748464009912879,0.8343891767852948,0.8343891767852948,0.8343891767852948,0.6774583488884286
food_site_radius=300.0000,261,True,False,2.0,1.0,0.16577777777777777,1.8784691349062816,0.8240487245469463,0.826543635995305,0.826543635995305,0.826543635995305,0.5750409783102544
food_site_radius=300.0000,262,True,False,2.0,1.0,0.16908333333333334,1.9272752729861862,0.8123817830099076,0.8084434090180631,0.8084434090180631,0.8084434090180631,0.6105730272121136
food_site_radius=300.0000,263,True,False,2.0,1.0,0.15677777777777777,1.748635374274161,0.8464033797471726,0.7462982549727744,0.7462982549727744,0.7462982549727744,0.3800886049923312
food_site_radius=300.0000,264,True,False,2.0,1.0,0.17425,2.028135785822893,0.8173370320567231,0.7415130564446193,0.7415130564446193,0.7415130564446193,0.527120608087512
food_site_radius=300.0000,265,True,False,2.0,1.0,0.16794444444444442,1.9442373918980638,0.9120459078568732,0.7118480677676383,0.7118480677676383,0.7118480677676383,0.48037882678147664
food_site_radius=300.0000,266,True,False,2.0,1.0,0.17305555555555555,2.0637923448751048,0.8861053207099495,0.8337062538750042,0.8337062538750042,0.8337062538750042,0.6263317474872359
food_site_radius=300.0000,267,True,False,2.0,1.0,0.18594444444444444,2.25027688085172,0.8460707004620517,0.8530273940147267,0.8530273940147267,0.8530273940147267,0.4918829925444197
food_site_radius=300.0000,268,True,False,2.0,1.0,0.17280555555555557,2.0160518394266664,0.8537516718179756,0.8899528150821313,0.8899528150821313,0.8899528150821313,0.5676652512959882
food_site_radius=300.0000,269,True,False,2.0,1.0,0.17027777777777778,2.0313426847061593,0.9210405714649517,0.7663594253884326,0.7663594253884326,0.7663594253884326,0.5819281891241764
food_site_radius=300.0000,270,True,False,2.0,1.0,0.162,1.8838663595055318,0.8998215246933142,0.7714951154447446,0.7714951154447446,0.7714951154447446,0.5929247022729766
food_site_radius=300.0000,271,False,False,0.9982642394356285,0.9982642394356285,0.16855555555555554,1.9211307720211412,0.7986113915485028,0.8583574405590265,0.8583574405590265,0.8583574405590265,0.49361854017604767
food_site_radius=300.0000,272,True,False,2.0,1.0,0.16861111111111113,2.0001694284013785,0.8767629721132896,0.8798806797913781,0.8798806797913781,0.8798806797913781,0.4933035576398728
food_site_radius=300.0000,273,True,False,2.0,1.0,0.17958333333333334,2.149769060599177,0.8632617459629779,0.8610043004241954,0.8610043004241954,0.8610043004241954,0.6228928129640466
food_site_radius=300.0000,274,True,False,2.0,1.0,0.16822222222222222,1.945764849627954,0.8565963335417808,0.7401959076305961,0.7401959076305961,0.7401959076305961,0.55571480714923
food_site_radius=300.0000,275,True,False,2.0,1.0,0.18147222222222223,2.1641802985359084,0.864685297572353,0.9031532763328778,0.9031532763328778,0.9031532763328778,0.6582029609456351
food_site_radius=300.0000,276,False,False,0.9532720742525009,0.9532720742525009,0.16494444444444445,1.829651099218208,0.7626176594020008,0.7809174789877246,0.7809174789877246,0.7809174789877246,0.44183501410416515
food_site_radius=300.0000,277,True,False,2.0,1.0,0.17011111111111113,1.957279789467787,0.8356009940926303,0.8230890421871522,0.8230890421871522,0.8230890421871522,0.6061488869081254
food_site_radius=300.0000,278,True,False,2.0,1.0,0.16955555555555557,2.0365972981272287,0.882795450397044,0.8547411923459615,0.8547411923459615,0.8547411923459615,0.7046354898154529
food_site_radius=300.0000,279,True,False,2.0,1.0,0.17758333333333332,2.105630692564132,0.8537402254721302,0.8926654809247251,0.8926654809247251,0.8926654809247251,0.7113259103068482
food_site_radius=300.0000,280,True,False,2.0,1.0,0.16277777777777777,1.884112006110881,0.8560612938181621,0.7863313413219558,0.7863313413219558,0.7863313413219558,0.5402833328248338
food_site_radius=300.0000,281,True,False,2.0,1.0,0.177,2.049841717572318,0.8308272015133471,0.8099689318937728,0.8099689318937728,0.8099689318937728,0.5736556727774658
food_site_radius=300.0000,282,True,False,2.0,1.0,0.16877777777777778,1.9978872150670162,0.8491826822855274,0.8829723196584035,0.8829723196584035,0.8829723196584035,0.40270487147925643
food_site_radius=300.0000,283,True,False,2.0,1.0,0.17472222222222225,2.032099846104791,0.8422441860499247,0.8331323100230421,0.8331323100230421,0.8331323100230421,0.6580859229590447
food_site_radius=300.0000,284,True,False,2.0,1.0,0.17905555555555558,2.2000402007499464,0.8845399438860682,0.8924288790333594,0.8924288790333594,0.8924288790333594,0.7103705165418719
food_site_radius=300.0000,285,True,False,2.0,1.0,0.1723611111111111,2.010759875623884,0.8550198291889547,0.7165561581301929,0.7165561581301929,0.7165561581301929,0.3915794180177945
food_site_radius=300.0000,286,True,False,2.0,1.0,0.1753611111111111,2.1026311108727938,0.8476734624177964,0.8445480616965871,0.8445480616965871,0.8445480616965871,0.4871383936059764
food_site_radius=300.0000,287,True,False,2.0,1.0,0.17177777777777778,2.0496011764410125,0.861772589956679,0.8146533014877557,0.8146533014877557,0.8146533014877557,0.688125797036082
food_site_radius=300.0000,288,True,False,2.0,1.0,0.18438888888888888,2.227733600540204,0.844768203395929,0.8794828153172652,0.8794828153172652,0.8794828153172652,0.3414918537390042
food_site_radius=300.0000,289,False,False,0.9590170089032374,0.9590170089032374,0.17266666666666666,1.9897086677099551,0.7672136071225899,0.8278813479943898,0.8278813479943898,0.8278813479943898,0.6865003047285803
food_site_radius=300.0000,290,True,False,2.0,1.0,0.18369444444444444,2.236682853341347,0.8762562591721913,0.8708846183152215,0.8708846183152215,0.8708846183152215,0.6587054600197901
food_site_radius=300.0000,291,True,False,2.0,1.0,0.16433333333333333,1.8846996949386394,0.8512737457892995,0.7858159368589684,0.7858159368589684,0.7858159368589684,0.4211992135553006
food_site_radius=300.0000,292,True,False,2.0,1.0,0.16216666666666668,1.9235062767143403,0.8741969135878046,0.8459984416018383,0.8459984416018383,0.8459984416018383,0.7781904208053109
food_site_radius=300.0000,293,True,False,2.0,1.0,0.17502777777777778,2.0705918978649867,0.8671088143708268,0.8048538636782698,0.8048538636782698,0.8048538636782698,0.4509172409147198
food_site_radius=300.0000,294,True,False,2.0,1.0,0.17483333333333334,2.089720005390738,0.8700887555108257,0.8277607359707017,0.8277607359707017,0.8277607359707017,0.7279979249597621
food_site_radius=300.0000,295,True,False,2.0,1.0,0.16308333333333333,1.869503035755549,0.8379350600971786,0.8378612712332308,0.8378612712332308,0.8378612712332308,0.7272545114120036
food_site_radius=300.0000,296,True,False,2.0,1.0,0.17341666666666666,2.0555983462875407,0.872739839385292,0.8235814041287363,0.8235814041287363,0.8235814041287363,0.6754093157487612
food_site_radius=300.0000,297,True,False,2.0,1.0,0.17350000000000002,2.032959048217035,0.8264919026529195,0.799320879794205,0.799320879794205,0.799320879794205,0.6759000632487202
food_site_radius=300.0000,298,True,False,2.0,1.0,0.17186111111111113,2.007849674937204,0.8770050810522563,0.8454962397029463,0.8454962397029463,0.8454962397029463,0.6477341747819395
food_site_radius=300.0000,299,True,False,2.0,1.0,0.17944444444444446,2.113703050532515,0.849972865964384,0.8527307859693106,0.8527307859693106,0.8527307859693106,0.5968188762918457
food_site_radius=360.0000,200,True,False,2.0,1.0,0.21458333333333332,2.7831028958916044,0.8576543090469535,0.7620356977254212,0.7620356977254212,0.7620356977254212,0.6038971371795018
food_site_radius=360.0000,201,True,False,2.0,1.0,0.20563888888888887,2.594900193704899,0.8255822668217431,0.8152458821029069,0.8152458821029069,0.8152458821029069,0.6973128056392002
food_site_radius=360.0000,202,True,False,2.0,1.0,0.21494444444444444,2.804785382737807,0.8497549756045495,0.8490431983714815,0.8490431983714815,0.8490431983714815,0.7570132997720521
food_site_radius=360.0000,203,True,False,2.0,1.0,0.19858333333333336,2.5547626939858983,0.8828335085426715,0.7864516341194782,0.7864516341194782,0.7864516341194782,0.7458290521491147
food_site_radius=360.0000,204,True,False,2.0,1.0,0.21052777777777776,2.7047368639152207,0.8251944496419262,0.832110784170929,0.832110784170929,0.832110784170929,0.6266424510359522
food_site_radius=360.0000,205,True,False,2.0,1.0,0.21255555555555555,2.713052347231103,0.8078900702310629,0.7648922662020713,0.7648922662020713,0.7648922662020713,0.3677170255865764
food_site_radius=360.0000,206,True,False,2.0,1.0,0.21305555555555555,2.8286683553226437,0.8784841514938131,0.8726916210637389,0.8726916210637389,0.8726916210637389,0.7023320739412521
food_site_radius=360.0000,207,True,False,2.0,1.0,0.2115,2.7582079634318597,0.8881504990868877,0.7382593093043189,0.7382593093043189,0.7382593093043189,0.5361729663663688
food_site_radius=360.0000,208,True,False,2.0,1.0,0.20180555555555554,2.538759519552744,0.8024507562892249,0.8212909006533571,0.8212909006533571,0.8212909006533571,0.47408360086120105
food_site_radius=360.0000,209,True,False,2.0,1.0,0.18805555555555556,2.3297835732265044,0.8306292251257442,0.6641719530670737,0.6641719530670737,0.6641719530670737,0.683306034441243
food_site_radius=360.0000,210,True,False,2.0,1.0,0.20108333333333334,2.6029960753056907,0.8667108743039971,0.8238471649220429,0.8238471649220429,0.8238471649220429,0.6059975834592677
food_site_radius=360.0000,211,True,False,2.0,1.0,0.20744444444444446,2.6843685955521157,0.859470946999018,0.8244624232360398,0.8244624232360398,0.8244624232360398,0.7573947979044644
food_site_radius=360.0000,212,True,False,2.0,1.0,0.2234722222222222,2.930605560045492,0.8634260755556654,0.8092105679077778,0.8092105679077778,0.8092105679077778,0.3519592137867563
food_site_radius=360.0000,213,True,False,2.0,1.0,0.19602777777777777,2.5090436276090355,0.8607512074263894,0.8639863526795916,0.8639863526795916,0.8639863526795916,0.6549392078288508
food_site_radius=360.0000,214,True,False,2.0,1.0,0.2278888888888889,3.0738938094412473,0.9023374165049859,0.8908382764540194,0.8908382764540194,0.8908382764540194,0.8275479552897956
food_site_radius=360.0000,215,True,False,2.0,1.0,0.19680555555555557,2.5152379816477857,0.8316776636005542,0.8833238008606066,0.8833238008606066,0.8833238008606066,0.5400117921869146
food_site_radius=360.0000,216,True,False,2.0,1.0,0.20252777777777778,2.5795037417051216,0.8519060095050184,0.8705823647061274,0.8705823647061274,0.8705823647061274,0.6429783140037049
food_site_radius=360.0000,217,True,False,2.0,1.0,0.21536111111111111,2.7602842103752514,0.8274414109863336,0.8105144246624635,0.8105144246624635,0.8105144246624635,0.5488586368825471
food_site_radius=360.0000,218,True,False,2.0,1.0,0.20969444444444446,2.662712229388292,0.839402661654161,0.6853851257597741,0.6853851257597741,0.6853851257597741,0.7128649317202063
food_site_radius=360.0000,219,True,False,2.0,1.0,0.2146388888888889,2.745081622175945,0.8192582813993036,0.8604241799134831,0.8604241799134831,0.8604241799134831,0.7507168288388846
food_site_radius=360.0000,220,True,False,2.0,1.0,0.2131388888888889,2.798222136596231,0.8812477201982579,0.7938201525738589,0.7938201525738589,0.7938201525738589,0.6573049259373244
food_site_radius=360.0000,221,True,False,2.0,1.0,0.21419444444444444,2.787513871786392,0.8373107200108226,0.8290231045941641,0.8290231045941641,0.8290231045941641,0.5128989569025831
food_site_radius=360.0000,222,True,False,2.0,1.0,0.20536111111111113,2.5813103806788757,0.8131598197709025,0.7151304713180089,0.7151304713180089,0.7151304713180089,0.5992307217593423
food_site_radius=360.0000,223,True,False,2.0,1.0,0.2111111111111111,2.71680113108331,0.8544946526549324,0.7952728931725328,0.7952728931725328,0.7952728931725328,0.49835527667718277
food_site_radius=360.0000,224,True,False,2.0,1.0,0.21986111111111112,2.910868894330286,0.8776640533302075,0.8848700778726768,0.8848700778726768,0.8848700778726768,0.4003923646213068
food_site_radius=360.0000,225,True,False,2.0,1.0,0.19622222222222221,2.497875599756545,0.8413394931815187,0.7994950322677664,0.7994950322677664,0.7994950322677664,0.44197713387792453
food_site_radius=360.0000,226,True,False,2.0,1.0,0.2252777777777778,2.979636051621219,0.8641608305273588,0.8361157305574679,0.8361157305574679,0.8361157305574679,0.6794013779071804
food_site_radius=360.0000,227,True,False,2.0,1.0,0.21,2.6764893454152068,0.820685147013144,0.7825869037348664,0.7825869037348664,0.7825869037348664,0.6358614283751419
food_site_radius=360.0000,228,False,False,0.9914766674249759,0.9914766674249759,0.19625,2.383119973502264,0.7931813339399807,0.7463954178387533,0.7463954178387533,0.7463954178387533,0.6493944675161477
food_site_radius=360.0000,229,False,False,0.9703645608516204,0.9703645608516204,0.21219444444444446,2.6435005707455637,0.7762916486812963,0.7616468349125161,0.7616468349125161,0.7616468349125161,0.3961297667724812
food_site_radius=360.0000,230,True,False,2.0,1.0,0.19469444444444445,2.4050939855881732,0.8336821882523684,0.7730406511425094,0.7730406511425094,0.7730406511425094,0.3693317449073782
food_site_radius=360.0000,231,True,False,2.0,1.0,0.20855555555555555,2.7025265431932084,0.8505312209054006,0.8078118765341091,0.8078118765341091,0.8078118765341091,0.6576651118761738
food_site_radius=360.0000,232,True,False,2.0,1.0,0.20472222222222222,2.6318333682240858,0.8382125016232406,0.8784524244933059,0.8784524244933059,0.8784524244933059,0.5207871588482905
food_site_radius=360.0000,233,False,False,0.9377657036711715,0.9377657036711715,0.18986111111111112,2.263290668407095,0.7502125629369373,0.7476506250285255,0.7476506250285255,0.7476506250285255,0.6060464695713741
food_site_radius=360.0000,234,True,False,2.0,1.0,0.22583333333333336,3.008073386605845,0.8892588815754459,0.8718033869535694,0.8718033869535694,0.8718033869535694,0.6885564836296276
food_site_radius=360.0000,235,True,False,2.0,1.0,0.22238888888888889,2.9207106357240673,0.8857738079172844,0.8560011417340274,0.8560011417340274,0.8560011417340274,0.7550428337635129
food_site_radius=360.0000,236,True,False,2.0,1.0,0.20302777777777778,2.6284227271894536,0.8842782720813156,0.7905000379644235,0.7905000379644235,0.7905000379644235,0.3815341240687511
food_site_radius=360.0000,237,False,False,0.9421107744142798,0.9421107744142798,0.18425,2.1690468855431204,0.7536886195314239,0.7604551821119073,0.7604551821119073,0.7604551821119073,0.5626755266563863
food_site_radius=360.0000,238,True,False,2.0,1.0,0.22175,2.9140855151889005,0.8284637032011128,0.8451259732937052,0.8451259732937052,0.8451259732937052,0.7485196099701688
food_site_radius=360.0000,239,True,False,2.0,1.0,0.21972222222222224,2.8820744276134187,0.8660285655617065,0.8296134256430114,0.8296134256430114,0.8296134256430114,0.6231377087486331
food_site_radius=360.0000,240,True,False,2.0,1.0,0.2182777777777778,2.8460385606065524,0.8751934929490682,0.7586501587677377,0.7586501587677377,0.7586501587677377,0.4797200200895012
food_site_radius=360.0000,241,True,False,2.0,1.0,0.21025,2.7193457725118626,0.829565136537667,0.7971916147680383,0.7971916147680383,0.7971916147680383,0.5821998677920719
food_site_radius=360.0000,242,True,False,2.0,1.0,0.21561111111111111,2.799896578102488,0.8577698291176433,0.8201602315957918,0.8201602315957918,0.8201602315957918,0.6203504229904806
food_site_radius=360.0000,243,True,False,2.0,1.0,0.222,2.899660062033255,0.8328148546190692,0.8328435243656158,0.8328435243656158,0.8328435243656158,0.6854301214357895
food_site_radius=360.0000,244,True,False,2.0,1.0,0.21822222222222223,2.9001208106609684,0.9085015353784058,0.8891436529182253,0.8891436529182253,0.8891436529182253,0.6860791185941407
food_site_radius=360.0000,245,True,False,2.0,1.0,0.2165277777777778,2.766027363069967,0.827199154320996,0.8649793578520641,0.8649793578520641,0.8649793578520641,0.6673682509039381
food_site_radius=360.0000,246,True,False,2.0,1.0,0.22294444444444445,2.9009461844347326,0.8272848383759221,0.8600544974085068,0.8600544974085068,0.8600544974085068,0.6874957304356368
food_site_radius=360.0000,247,True,False,2.0,1.0,0.20963888888888887,2.708053444130579,0.8258435687397924,0.851473326370225,0.851473326370225,0.851473326370225,0.533975536149143
food_site_radius=360.0000,248,True,False,2.0,1.0,0.2136111111111111,2.7539009711874245,0.844478442337655,0.7870167233724072,0.7870167233724072,0.7870167233724072,0.516461180099703
food_site_radius=360.0000,249,True,False,2.0,1.0,0.20019444444444445,2.4897816736217617,0.8182229956948218,0.8534497540061232,0.8534497540061232,0.8534497540061232,0.50027470680484
food_site_radius=360.0000,250,True,False,2.0,1.0,0.21069444444444446,2.7147227275925605,0.8479023911630967,0.7916655138518789,0.7916655138518789,0.7916655138518789,0.5439834133642865
food_site_radius=360.0000,251,True,False,2.0,1.0,0.1971388888888889,2.4941612463406275,0.8482491044225142,0.7773255487024943,0.7773255487024943,0.7773255487024943,0.44005269967278515
food_site_radius=360.0000,252,True,False,2.0,1.0,0.2157777777777778,2.8208375968992185,0.8555274799192019,0.8348639336788705,0.8348639336788705,0.8348639336788705,0.6006326028695895
food_site_radius=360.0000,253,True,False,2.0,1.0,0.21883333333333335,2.8898303985315716,0.89027724702498,0.8931388318975471,0.8931388318975471,0.8931388318975471,0.6552264680209295
food_site_radius=360.0000,254,False,False,0.9743506114375402,0.9743506114375402,0.20447222222222222,2.5312889110488275,0.7794804891500322,0.8164437637692924,0.8164437637692924,0.8164437637692924,0.6234328356951988
food_site_radius=360.0000,255,False,False,0.9903383068467239,0.9903383068467239,0.21836111111111112,2.810781972763728,0.7922706454773791,0.836793744611933,0.836793744611933,0.836793744611933,0.5919791497816147
food_site_radius=360.0000,256,True,False,2.0,1.0,0.20083333333333334,2.563328761432862,0.8306057224399362,0.8660857900346163,0.8660857900346163,0.8660857900346163,0.5547281159670802
food_site_radius=360.0000,257,True,False,2.0,1.0,0.19622222222222221,2.4800891361602155,0.8353594814736874,0.765688346940082,0.765688346940082,0.765688346940082,0.22583496795219152
food_site_radius=360.0000,258,True,False,2.0,1.0,0.20975000000000002,2.6896708190639615,0.8270262056159894,0.776017559583797,0.776017559583797,0.776017559583797,0.7041337806425133
food_site_radius=360.0000,259,True,False,2.0,1.0,0.21202777777777776,2.763711529014001,0.8679240175886916,0.7990837211882831,0.7990837211882831,0.7990837211882831,0.6632597710980566
food_site_radius=360.0000,260,True,False,2.0,1.0,0.21255555555555555,2.780631465951085,0.8477523049318788,0.8221745755609245,0.8221745755609245,0.8221745755609245,0.6102590318975959
food_site_radius=360.0000,261,True,False,2.0,1.0,0.21030555555555558,2.6623337332887638,0.8160402625444011,0.8172819314182699,0.8172819314182699,0.8172819314182699,0.6597452761426159
food_site_radius=360.0000,262,True,False,2.0,1.0,0.201,2.6003315926110013,0.8816833352441195,0.8659054377115661,0.8659054377115661,0.8659054377115661,0.6944156899861242
food_site_radius=360.0000,263,True,False,2.0,1.0,0.20322222222222222,2.6246311924585752,0.8668264624595948,0.8563622695287365,0.8563622695287365,0.8563622695287365,0.5774263064372995
food_site_radius=360.0000,264,True,False,2.0,1.0,0.22177777777777777,2.9186930988819584,0.8798019425506806,0.8584985876197766,0.8584985876197766,0.8584985876197766,0.5941149967387315
food_site_radius=360.0000,265,False,False,0.9910752045388924,0.9910752045388924,0.19380555555555556,2.3879915069399305,0.792860163631114,0.7719102560689792,0.7719102560689792,0.7719102560689792,0.5890225592046082
food_site_radius=360.0000,266,True,False,2.0,1.0,0.20491666666666666,2.6415401000252303,0.8640748829247792,0.8433869851651152,0.8433869851651152,0.8433869851651152,0.6608128678227582
food_site_radius=360.0000,267,True,False,2.0,1.0,0.21291666666666667,2.8276934354114704,0.8649979661083463,0.8628843002964532,0.8628843002964532,0.8628843002964532,0.6566388766941965
food_site_radius=360.0000,268,True,False,2.0,1.0,0.20400000000000001,2.625660072322561,0.8811558466485764,0.8162227945329922,0.8162227945329922,0.8162227945329922,0.5634315070151031
food_site_radius=360.0000,269,True,False,2.0,1.0,0.20577777777777778,2.6415010507943744,0.8429663113845859,0.8834807679503113,0.8834807679503113,0.8834807679503113,0.26434765214734873
food_site_radius=360.0000,270,True,False,2.0,1.0,0.20897222222222223,2.6977408702506716,0.8480682252544146,0.8245941972698329,0.8245941972698329,0.8245941972698329,0.6115685668064934
food_site_radius=360.0000,271,True,False,2.0,1.0,0.21166666666666664,2.799762013642511,0.8826551839861752,0.8738490664782652,0.8738490664782652,0.8738490664782652,0.436270416480788
food_site_radius=360.0000,272,False,False,0.9829828798753806,0.9829828798753806,0.20077777777777778,2.5148379170743813,0.7863863039003045,0.8112112343706687,0.8112112343706687,0.8112112343706687,0.5511565877960909
food_site_radius=360.0000,273,True,False,2.0,1.0,0.22519444444444445,3.042543423190258,0.8960440920058231,0.8806040664149821,0.8806040664149821,0.8806040664149821,0.46711094506999007
food_site_radius=360.0000,274,True,False,2.0,1.0,0.21636111111111112,2.8152881402869956,0.813073422894958,0.8452098877607168,0.8452098877607168,0.8452098877607168,0.5365998580888806
food_site_radius=360.0000,275,True,False,2.0,1.0,0.2162222222222222,2.8066483847305466,0.8359253436733993,0.8612181994585916,0.8612181994585916,0.8612181994585916,0.49799267469724856
food_site_radius=360.0000,276,True,False,2.0,1.0,0.20908333333333334,2.6347297331090207,0.831039407284387,0.8301572340507268,0.8301572340507268,0.8301572340507268,0.6133641038775007
food_site_radius=360.0000,277,True,False,2.0,1.0,0.20158333333333334,2.559252348844053,0.8443514766718195,0.8309902847119541,0.8309902847119541,0.8309902847119541,0.4090412029805229
food_site_radius=360.0000,278,True,False,2.0,1.0,0.20652777777777778,2.6423566886428045,0.8530661017949436,0.7544436281822797,0.7544436281822797,0.7544436281822797,0.5644521800914392
food_site_radius=360.0000,279,True,False,2.0,1.0,0.20775,2.619964950173238,0.8120821359702906,0.8388111348804917,0.8388111348804917,0.8388111348804917,0.6024619240436239
food_site_radius=360.0000,280,True,False,2.0,1.0,0.21511111111111111,2.746275553006482,0.8199886840618658,0.8127244736785058,0.8127244736785058,0.8127244736785058,0.7157830495067057
food_site_radius=360.0000,281,False,False,0.9759559704263449,0.9759559704263449,0.20311111111111113,2.4840070878599323,0.7807647763410759,0.636056443673674,0.636056443673674,0.636056443673674,0.7665006945307461
food_site_radius=360.0000,282,True,False,2.0,1.0,0.20575000000000002,2.6335659895542394,0.8573716278155276,0.8525185925085664,0.8525185925085664,0.8525185925085664,0.5105792601200301
food_site_radius=360.0000,283,True,False,2.0,1.0,0.21133333333333332,2.6826978772703987,0.8277558565855097,0.8519840228667853,0.8519840228667853,0.8519840228667853,0.7399387610232933
food_site_radius=360.0000,284,True,False,2.0,1.0,0.20094444444444445,2.4898044645149797,0.8168879779125645,0.8513000794724058,0.8513000794724058,0.8513000794724058,0.3687928916129461
food_site_radius=360.0000,285,True,False,2.0,1.0,0.2033611111111111,2.5996908395110503,0.8567539185686193,0.7869778316091435,0.7869778316091435,0.7869778316091435,0.6301669314270885
food_site_radius=360.0000,286,True,False,2.0,1.0,0.2,2.5525009352482746,0.8294609548085193,0.8405718327523608,0.8405718327523608,0.8405718327523608,0.5980497796727657
food_site_radius=360.0000,287,True,False,2.0,1.0,0.21525,2.783521359801631,0.8518784221047205,0.7792538989400767,0.7792538989400767,0.7792538989400767,0.6989795297934411
food_site_radius=360.0000,288,True,False,2.0,1.0,0.20844444444444443,2.6997693814664867,0.8573434242650761,0.8724729872050017,0.8724729872050017,0.8724729872050017,0.5898595467825327
food_site_radius=360.0000,289,True,False,2.0,1.0,0.21433333333333332,2.6879246185844137,0.8062377708832319,0.8580824996382173,0.8580824996382173,0.8580824996382173,0.828093118112431
food_site_radius=360.0000,290,True,False,2.0,1.0,0.2073888888888889,2.6792231386380374,0.845109358650552,0.8403715922385054,0.8403715922385054,0.8403715922385054,0.47335477327493947
food_site_radius=360.0000,291,True,False,2.0,1.0,0.21219444444444446,2.7526946027632966,0.853800691180531,0.7918847835029111,0.7918847835029111,0.7918847835029111,0.4208506355125711
food_site_radius=360.0000,292,True,False,2.0,1.0,0.21441666666666667,2.8418422608721152,0.8925906317208813,0.8066444572410667,0.8066444572410667,0.8066444572410667,0.5238200859453614
food_site_radius=360.0000,293,True,False,2.0,1.0,0.2185,2.8157747528574055,0.8098918727924928,0.8348221402711576,0.8348221402711576,0.8348221402711576,0.5622299915730824
food_site_radius=360.0000,294,True,False,2.0,1.0,0.19119444444444447,2.4267909027039902,0.8716488585886405,0.8182499363988648,0.8182499363988648,0.8182499363988648,0.4429179236960688
food_site_radius=360.0000,295,True,False,2.0,1.0,0.21363888888888888,2.779381539389207,0.8668481836242434,0.8163228176768661,0.8163228176768661,0.8163228176768661,0.7069998933051622
food_site_radius=360.0000,296,True,False,2.0,1.0,0.20294444444444443,2.559974804852654,0.842723339668178,0.6971803199063691,0.6971803199063691,0.6971803199063691,0.582175248142057
food_site_radius=360.0000,297,True,False,2.0,1.0,0.21263888888888888,2.7205967726548095,0.8094814489203643,0.8094489602256159,0.8094489602256159,0.8094489602256159,0.6651848039250564
food_site_radius=360.0000,298,True,False,2.0,1.0,0.22530555555555554,2.9292433757226566,0.8085093041458408,0.8613380676070637,0.8613380676070637,0.8613380676070637,0.6159298895089189
food_site_radius=360.0000,299,True,False,2.0,1.0,0.21758333333333332,2.8860303994173364,0.8673966130895167,0.8549446872625267,0.8549446872625267,0.8549446872625267,0.7758878048746066
food_site_capacity=6,200,False,False,0.9782564371490073,0.9782564371490073,0.1678888888888889,1.918192793988528,0.7826051497192059,0.5988587646309028,0.5988587646309028,0.5988587646309028,0.6903007515299725
food_site_capacity=6,201,True,False,2.0,1.0,0.19727777777777777,2.461931564657392,0.8326429947942255,0.8139538243386137,0.8139538243386137,0.8139538243386137,0.6097325932872629
food_site_capacity=6,202,True,False,2.0,1.0,0.20224999999999999,2.5885713394186323,0.860487637282898,0.8664735790074556,0.8664735790074556,0.8664735790074556,0.7321150191820675
food_site_capacity=6,203,True,False,2.0,1.0,0.20149999999999998,2.5897650534497774,0.8844226274172275,0.8411257251097498,0.8411257251097498,0.8411257251097498,0.35543012378574523
food_site_capacity=6,204,True,False,2.0,1.0,0.21080555555555555,2.7689481225294954,0.8876972948558585,0.8593945231369079,0.8593945231369079,0.8593945231369079,0.42138597178423104
food_site_capacity=6,205,True,False,2.0,1.0,0.21166666666666664,2.7022632627071297,0.8595366560160922,0.8610401814284608,0.8610401814284608,0.8610401814284608,0.571885160617461
food_site_capacity=6,206,True,False,2.0,1.0,0.19275,2.4158767488131994,0.8483967711533736,0.8478228495914965,0.8478228495914965,0.8478228495914965,0.6240859162110529
food_site_capacity=6,207,True,False,2.0,1.0,0.20386111111111113,2.600341776731829,0.8608834701914411,0.8034147249586174,0.8034147249586174,0.8034147249586174,0.699065370825662
food_site_capacity=6,208,True,False,2.0,1.0,0.20102777777777778,2.504117985309627,0.8159362796466662,0.8773812027758209,0.8773812027758209,0.8773812027758209,0.6941565471751879
food_site_capacity=6,209,True,False,2.0,1.0,0.19772222222222222,2.466886335302923,0.8262582203490647,0.7983008420408295,0.7983008420408295,0.7983008420408295,0.4580846980502511
food_site_capacity=6,210,True,False,2.0,1.0,0.20255555555555554,2.577533578049035,0.8537734728610052,0.8257673806026126,0.8257673806026126,0.8257673806026126,0.4987090931190235
food_site_capacity=6,211,True,False,2.0,1.0,0.18811111111111112,2.401193979930429,0.8299067919067056,0.8146333423592218,0.8146333423592218,0.8146333423592218,0.7976788992363697
food_site_capacity=6,212,True,False,2.0,1.0,0.19266666666666668,2.391099773402108,0.8361068296410917,0.7591560534544279,0.7591560534544279,0.7591560534544279,0.4241466463677857
food_site_capacity=6,213,True,False,2.0,1.0,0.19541666666666666,2.4315940626077053,0.8443145312169311,0.8153952675257442,0.8153952675257442,0.8153952675257442,0.6226511915376117
food_site_capacity=6,214,True,False,2.0,1.0,0.21794444444444444,2.8925742016183444,0.893860425770887,0.842407207339675,0.842407207339675,0.842407207339675,0.3592112648800481
food_site_capacity=6,215,True,False,2.0,1.0,0.20350000000000001,2.6174318031548527,0.8253244173383917,0.8394494674204052,0.8394494674204052,0.8394494674204052,0.3569686106831621
food_site_capacity=6,216,True,False,2.0,1.0,0.20183333333333334,2.5512691613660787,0.8774140403298986,0.8007351216237686,0.8007351216237686,0.8007351216237686,0.6651432134525912
food_site_capacity=6,217,True,False,2.0,1.0,0.20925,2.7179326875483842,0.8959820505327816,0.8208439603235669,0.8208439603235669,0.8208439603235669,0.8024999088527228
food_site_capacity=6,218,True,False,2.0,1.0,0.19611111111111112,2.4914131513336972,0.8752328142385515,0.8092129834502834,0.8092129834502834,0.8092129834502834,0.3314680609181911
food_site_capacity=6,219,False,False,0.9860437207087981,0.9860437207087981,0.18725,2.2725593490208604,0.7888349765670385,0.8202296898944474,0.8202296898944474,0.8202296898944474,0.4285308541813083
food_site_capacity=6,220,False,False,0.9730746079019527,0.9730746079019527,0.1923611111111111,2.3337527438477603,0.7784596863215621,0.7804722320846946,0.7804722320846946,0.7804722320846946,0.7099516181711231
food_site_capacity=6,221,True,False,2.0,1.0,0.19322222222222224,2.4436925034557544,0.8538769205867441,0.8348479532495653,0.8348479532495653,0.8348479532495653,0.6724835342071847
food_site_capacity=6,222,True,False,2.0,1.0,0.18847222222222224,2.3722158097378827,0.8695357690517583,0.7528579967596628,0.7528579967596628,0.7528579967596628,0.6297814488726067
food_site_capacity=6,223,False,False,0.9763842100101225,0.9763842100101225,0.19499999999999998,2.373799616176203,0.7811073680080981,0.8370541435066692,0.8370541435066692,0.8370541435066692,0.7433164400911004
food_site_capacity=6,224,True,False,2.0,1.0,0.19983333333333334,2.507383778746315,0.8479249742864958,0.8490088981903638,0.8490088981903638,0.8490088981903638,0.5451505141174618
food_site_capacity=6,225,True,False,2.0,1.0,0.20863888888888887,2.6829326205714987,0.8502717600750752,0.9083017200625836,0.9083017200625836,0.9083017200625836,0.523421931751819
food_site_capacity=6,226,True,False,2.0,1.0,0.20344444444444446,2.6281086639724602,0.8775357415701941,0.8216789782122569,0.8216789782122569,0.8216789782122569,0.7925145361090633
food_site_capacity=6,227,True,False,2.0,1.0,0.20416666666666666,2.617866375351233,0.881450446822294,0.8324224118187558,0.8324224118187558,0.8324224118187558,0.26546137316715507
food_site_capacity=6,228,True,False,2.0,1.0,0.19433333333333333,2.4549915044308217,0.8865959495855912,0.7878025186776443,0.7878025186776443,0.7878025186776443,0.6813829527295211
food_site_capacity=6,229,True,False,2.0,1.0,0.21608333333333332,2.8139364898767676,0.8665865170385324,0.8683369763502184,0.8683369763502184,0.8683369763502184,0.8285984013869022
food_site_capacity=6,230,True,False,2.0,1.0,0.18891666666666668,2.415014772343488,0.895462781042585,0.8394115540967552,0.8394115540967552,0.8394115540967552,0.6648604454499962
food_site_capacity=6,231,True,False,2.0,1.0,0.18755555555555556,2.302770868926965,0.8127768983776821,0.824364699645635,0.824364699645635,0.824364699645635,0.5589540111871502
food_site_capacity=6,232,True,False,2.0,1.0,0.2063611111111111,2.5923069054492154,0.8116122346025126,0.7958356960681132,0.7958356960681132,0.7958356960681132,0.7014009780605536
food_site_capacity=6,233,True,False,2.0,1.0,0.1944722222222222,2.466731453213339,0.8664306411345998,0.7846585447425395,0.7846585447425395,0.7846585447425395,0.4112840941756602
food_site_capacity=6,234,True,False,2.0,1.0,0.2135,2.8100920639432716,0.89882288071418,0.8631655987132043,0.8631655987132043,0.8631655987132043,0.7389867868469578
food_site_capacity=6,235,True,False,2.0,1.0,0.1953888888888889,2.4260379986158793,0.820117106713503,0.8530614850708286,0.8530614850708286,0.8530614850708286,0.7090043114939194
food_site_capacity=6,236,False,False,0.9954306429241736,0.9954306429241736,0.18577777777777776,2.255012290240602,0.796344514339339,0.6554685922959747,0.6554685922959747,0.6554685922959747,0.36636950973064736
food_site_capacity=6,237,True,False,2.0,1.0,0.19574999999999998,2.4882137510355884,0.8485476444260226,0.8439373786128753,0.8439373786128753,0.8439373786128753,0.4613707798508957
food_site_capacity=6,238,True,False,2.0,1.0,0.189,2.3708724164867183,0.8518053941023112,0.8143693819656393,0.8143693819656393,0.8143693819656393,0.40824105605961997
food_site_capacity=6,239,True,False,2.0,1.0,0.18175,2.270715188353886,0.8526597242776977,0.7676708108182002,0.7676708108182002,0.7676708108182002,0.7199546658139381
food_site_capacity=6,240,False,False,0.984628594904984,0.984628594904984,0.19855555555555557,2.402461724140699,0.7877028759239872,0.8225306964177981,0.8225306964177981,0.8225306964177981,0.5767131059224437
food_site_capacity=6,241,True,False,2.0,1.0,0.20386111111111113,2.592079837642191,0.8466929503507094,0.8441861355327588,0.8441861355327588,0.8441861355327588,0.6965758065896748
food_site_capacity=6,242,True,False,2.0,1.0,0.20377777777777778,2.6072412732089645,0.8444234979558126,0.8176904931046228,0.8176904931046228,0.8176904931046228,0.41432906857620466
food_site_capacity=6,243,True,False,2.0,1.0,0.16958333333333334,2.0801353244669274,0.8741509675100396,0.773530730715753,0.773530730715753,0.773530730715753,0.49522612358966583
food_site_capacity=6,244,False,False,0.9791529045246885,0.9791529045246885,0.2061666666666667,2.585513098892997,0.7833223236197508,0.8726485437514511,0.8726485437514511,0.8726485437514511,0.65517872287087
food_site_capacity=6,245,True,False,2.0,1.0,0.21647222222222223,2.795906093243888,0.8570699176518973,0.8743773550908596,0.8743773550908596,0.8743773550908596,0.4608009350066094
food_site_capacity=6,246,False,False,0.9838597943590521,0.9838597943590521,0.1802777777777778,2.1981583814690793,0.7870878354872417,0.8768688293409099,0.8768688293409099,0.8768688293409099,0.6053649600330728
food_site_capacity=6,247,True,False,2.0,1.0,0.17891666666666667,2.2061534800913525,0.8575536469913048,0.7752817639550712,0.7752817639550712,0.7752817639550712,0.4142635289361009
food_site_capacity=6,248,False,False,0.9995206411942906,0.9995206411942906,0.20305555555555557,2.518894792834167,0.7996165129554326,0.8697086902962278,0.8697086902962278,0.8697086902962278,0.6715550792599654
food_site_capacity=6,249,True,False,2.0,1.0,0.19158333333333333,2.398529693292267,0.8251911638024848,0.8265450042070107,0.8265450042070107,0.8265450042070107,0.5264495991810255
food_site_capacity=6,250,True,False,2.0,1.0,0.20127777777777778,2.5555426046034375,0.8690960239275749,0.8372044164058903,0.8372044164058903,0.8372044164058903,0.4990244231866875
food_site_capacity=6,251,True,False,2.0,1.0,0.20297222222222222,2.5425894416765673,0.8307914933553034,0.8577632772006266,0.8577632772006266,0.8577632772006266,0.5152209332609021
food_site_capacity=6,252,True,False,2.0,1.0,0.19136111111111112,2.345678267987476,0.853551692288742,0.8440708416476632,0.8440708416476632,0.8440708416476632,0.7810049535043418
food_site_capacity=6,253,True,False,2.0,1.0,0.19344444444444445,2.4399360647952464,0.8545629440658582,0.7459453312462097,0.7459453312462097,0.7459453312462097,0.39975524988551275
food_site_capacity=6,254,True,False,2.0,1.0,0.1874722222222222,2.359507367524097,0.8563151342608152,0.8592102018602612,0.8592102018602612,0.8592102018602612,0.5755744786614889
food_site_capacity=6,255,True,False,2.0,1.0,0.20119444444444445,2.5311128045545317,0.8192532759578283,0.8613191195056551,0.8613191195056551,0.8613191195056551,0.6288932134594614
food_site_capacity=6,256,True,False,2.0,1.0,0.19947222222222222,2.5356875263011225,0.88276498705062,0.8186151257251321,0.8186151257251321,0.8186151257251321,0.6797453046946883
food_site_capacity=6,257,True,False,2.0,1.0,0.17188888888888887,2.054165963131266,0.8368138327803611,0.789922225264382,0.789922225264382,0.789922225264382,0.662514816856339
food_site_capacity=6,258,True,False,2.0,1.0,0.20016666666666666,2.585337720483999,0.8891610399673179,0.8293569355719815,0.8293569355719815,0.8293569355719815,0.6023544092915982
food_site_capacity=6,259,True,False,2.0,1.0,0.20161111111111113,2.5092761298489394,0.838700810358812,0.7908824558450895,0.7908824558450895,0.7908824558450895,0.7534042016012167
food_site_capacity=6,260,True,False,2.0,1.0,0.19219444444444445,2.3997581752292674,0.8453886355634067,0.7932627519877257,0.7932627519877257,0.7932627519877257,0.615062184650661
food_site_capacity=6,261,True,False,2.0,1.0,0.20294444444444443,2.5892958899536884,0.844617076054951,0.8409343059305431,0.8409343059305431,0.8409343059305431,0.6825418860462148
food_site_capacity=6,262,True,False,2.0,1.0,0.20980555555555555,2.6734796246200605,0.8262308998960516,0.8262883056625534,0.8262883056625534,0.8262883056625534,0.4882755286590744
food_site_capacity=6,263,False,False,0.9371734765962403,0.9371734765962403,0.19444444444444445,2.354355084125005,0.7497387812769922,0.831901907091977,0.831901907091977,0.831901907091977,0.496891760117552
food_site_capacity=6,264,True,False,2.0,1.0,0.20044444444444445,2.536965551406946,0.8658838786969068,0.8448792930497461,0.8448792930497461,0.8448792930497461,0.7249959230087337
food_site_capacity=6,265,True,False,2.0,1.0,0.19233333333333333,2.4224856611685923,0.8284939861767081,0.8230328770345866,0.8230328770345866,0.8230328770345866,0.599333465171471
food_site_capacity=6,266,True,False,2.0,1.0,0.21058333333333332,2.690653409940032,0.8661735823332221,0.8619993918718989,0.8619993918718989,0.8619993918718989,0.5898062080386931
food_site_capacity=6,267,True,False,2.0,1.0,0.19080555555555556,2.3996278476311184,0.8589394175867623,0.8363116393137254,0.8363116393137254,0.8363116393137254,0.5986828951148682
food_site_capacity=6,268,True,False,2.0,1.0,0.19452777777777777,2.384547261399786,0.8082133827356617,0.7751973774262525,0.7751973774262525,0.7751973774262525,0.3598027367092274
food_site_capacity=6,269,True,False,2.0,1.0,0.18880555555555556,2.3940745728540973,0.8701435303616528,0.8042454722283108,0.8042454722283108,0.8042454722283108,0.4472042626314025
food_site_capacity=6,270,True,False,2.0,1.0,0.19441666666666665,2.4211532912044844,0.8170318333259342,0.8403436128706183,0.8403436128706183,0.8403436128706183,0.5596571566304465
food_site_capacity=6,271,False,False,0.9959052401267335,0.9959052401267335,0.1993333333333333,2.4685140641661363,0.7967241921013869,0.8284045916096312,0.8284045916096312,0.8284045916096312,0.7491244332533499
food_site_capacity=6,272,True,False,2.0,1.0,0.21441666666666667,2.7615067982562604,0.8571976762007522,0.8125107770729425,0.8125107770729425,0.8125107770729425,0.6565958453326964
food_site_capacity=6,273,False,False,0.979041945819849,0.979041945819849,0.19166666666666668,2.2795309700049646,0.7832335566558792,0.8876535268353677,0.8876535268353677,0.8876535268353677,0.4323847132616727
food_site_capacity=6,274,True,False,2.0,1.0,0.20897222222222223,2.6161737478985723,0.8270235673424868,0.8389441000666967,0.8389441000666967,0.8389441000666967,0.6392218252248545
food_site_capacity=6,275,True,False,2.0,1.0,0.19877777777777778,2.5375959674230137,0.9100805179818394,0.8136323682096129,0.8136323682096129,0.8136323682096129,0.6372998050820816
food_site_capacity=6,276,True,False,2.0,1.0,0.19225,2.3920160197530764,0.8369151787938947,0.7431465933319147,0.7431465933319147,0.7431465933319147,0.5210448687593343
food_site_capacity=6,277,True,False,2.0,1.0,0.20269444444444445,2.572026972898796,0.8556391687017345,0.8296897970514469,0.8296897970514469,0.8296897970514469,0.4599214170863756
food_site_capacity=6,278,False,False,0.9736238826107796,0.9736238826107796,0.19088888888888889,2.2815561327960117,0.7788991060886237,0.8095692549116374,0.8095692549116374,0.8095692549116374,0.44618161493611963
food_site_capacity=6,279,True,False,2.0,1.0,0.19858333333333336,2.4614427685405986,0.8180246074071361,0.8415428917309739,0.8415428917309739,0.8415428917309739,0.5629279970233259
food_site_capacity=6,280,True,False,2.0,1.0,0.19805555555555554,2.5061930128922625,0.8429644965712716,0.8243492819781048,0.8243492819781048,0.8243492819781048,0.6089513104804741
food_site_capacity=6,281,True,False,2.0,1.0,0.21083333333333334,2.7128516468431765,0.8782043895639406,0.8045504737267509,0.8045504737267509,0.8045504737267509,0.5927695542733312
food_site_capacity=6,282,True,False,2.0,1.0,0.21105555555555558,2.686915649244097,0.8348632195464475,0.8486452955150142,0.8486452955150142,0.8486452955150142,0.8197235904843371
food_site_capacity=6,283,True,False,2.0,1.0,0.207,2.6320630978197133,0.8680769574455056,0.8372874972202101,0.8372874972202101,0.8372874972202101,0.5624387121771898
food_site_capacity=6,284,True,False,2.0,1.0,0.20433333333333334,2.6361011282754787,0.8462528068121702,0.8411800806908925,0.8411800806908925,0.8411800806908925,0.7794561389898027
food_site_capacity=6,285,True,False,2.0,1.0,0.18525,2.359362635259896,0.8957554983286923,0.8569492585009902,0.8569492585009902,0.8569492585009902,0.5827931209125395
food_site_capacity=6,286,True,False,2.0,1.0,0.20733333333333331,2.673629091080655,0.8791751668014797,0.8386428274176245,0.8386428274176245,0.8386428274176245,0.4522880423865747
food_site_capacity=6,287,True,False,2.0,1.0,0.20405555555555557,2.572989557832344,0.8383451097315714,0.8371408438753755,0.8371408438753755,0.8371408438753755,0.6500766925054513
food_site_capacity=6,288,True,False,2.0,1.0,0.19647222222222224,2.5080420329614133,0.8454130885664866,0.8145507218651907,0.8145507218651907,0.8145507218651907,0.5489285070664504
food_site_capacity=6,289,True,False,2.0,1.0,0.18330555555555555,2.309287341627119,0.8494356625229738,0.728889399849573,0.728889399849573,0.728889399849573,0.7182915010339551
food_site_capacity=6,290,True,False,2.0,1.0,0.20305555555555557,2.6617149885198073,0.9089209155850103,0.8315938366222742,0.8315938366222742,0.8315938366222742,0.43653042455080715
food_site_capacity=6,291,True,False,2.0,1.0,0.2076666666666667,2.6345935630876647,0.8246739739657571,0.8787195475221684,0.8787195475221684,0.8787195475221684,0.8236306953093532
food_site_capacity=6,292,True,False,2.0,1.0,0.20016666666666666,2.519229757241175,0.8462963217386178,0.8064240447699363,0.8064240447699363,0.8064240447699363,0.7318330535160391
food_site_capacity=6,293,True,False,2.0,1.0,0.21030555555555558,2.742983201111842,0.8948204872080183,0.851996298522253,0.851996298522253,0.851996298522253,0.6250508709161042
food_site_capacity=6,294,True,False,2.0,1.0,0.19391666666666665,2.366146938609675,0.8394071351976629,0.7729534662633298,0.7729534662633298,0.7729534662633298,0.6310011040532923
food_site_capacity=6,295,True,False,2.0,1.0,0.19958333333333333,2.4856934870058356,0.833870759818914,0.8263430283338127,0.8263430283338127,0.8263430283338127,0.6953035191023087
food_site_capacity=6,296,False,False,0.39431879985407964,0.39431879985407964,0.1925,1.8510471652974159,0.31545503988326373,0.2720419719858465,0.2720419719858465,0.2720419719858465,0.4727896874535337
food_site_capacity=6,297,True,False,2.0,1.0,0.21175,2.754720818272555,0.8683609854685957,0.8388830195311132,0.8388830195311132,0.8388830195311132,0.7211687584617283
food_site_capacity=6,298,True,False,2.0,1.0,0.20094444444444445,2.52209575611563,0.8105019689758102,0.8383029542176831,0.8383029542176831,0.8383029542176831,0.5966161253758631
food_site_capacity=6,299,True,False,2.0,1.0,0.19547222222222221,2.505607534376276,0.9018890473575235,0.8368506013036379,0.8368506013036379,0.8368506013036379,0.6741011686961446
food_site_capacity=7,200,True,False,2.0,1.0,0.19955555555555554,2.4877784254415634,0.8286039570067257,0.8732354865489108,0.8732354865489108,0.8732354865489108,0.40072605950743106
food_site_capacity=7,201,True,False,2.0,1.0,0.20222222222222222,2.6423668026270066,0.9042951381464482,0.8328566766301886,0.8328566766301886,0.8328566766301886,0.49316462945615863
food_site_capacity=7,202,True,False,2.0,1.0,0.21616666666666667,2.820845506251134,0.8856758514069579,0.8313756073667632,0.8313756073667632,0.8313756073667632,0.7366662360881293
food_site_capacity=7,203,False,False,0.9589453662034176,0.9589453662034176,0.19747222222222222,2.3967549461599438,0.7671562929627341,0.7401717055207669,0.7401717055207669,0.7401717055207669,0.4878999850574079
food_site_capacity=7,204,True,False,2.0,1.0,0.19325,2.448910046353724,0.884946598730271,0.839501648984371,0.839501648984371,0.839501648984371,0.7378035264814541
food_site_capacity=7,205,True,False,2.0,1.0,0.19316666666666665,2.4381506469175096,0.851890763422627,0.8805296209263912,0.8805296209263912,0.8805296209263912,0.5361578193455855
food_site_capacity=7,206,False,False,0.9513326684809859,0.9513326684809859,0.19580555555555554,2.394261371763835,0.7610661347847887,0.6846010674805391,0.6846010674805391,0.6846010674805391,0.7185571243238963
food_site_capacity=7,207,True,False,2.0,1.0,0.20977777777777776,2.7357829772165343,0.8866208186147861,0.796213320325374,0.796213320325374,0.796213320325374,0.4382158029319774
food_site_capacity=7,208,True,False,2.0,1.0,0.19422222222222224,2.4380910774846947,0.8279113159892378,0.7326480710388077,0.7326480710388077,0.7326480710388077,0.6946550011522409
food_site_capacity=7,209,True,False,2.0,1.0,0.20852777777777778,2.692772660906645,0.8627977771819091,0.8332915547845343,0.8332915547845343,0.8332915547845343,0.44066137134204403
food_site_capacity=7,210,True,False,2.0,1.0,0.1988888888888889,2.4913389463052287,0.8511363430794326,0.8497867038866536,0.8497867038866536,0.8497867038866536,0.4734148404927821
food_site_capacity=7,211,True,False,2.0,1.0,0.19688888888888886,2.519414418310812,0.8977794875331057,0.7890270955632186,0.7890270955632186,0.7890270955632186,0.631284922387445
food_site_capacity=7,212,True,False,2.0,1.0,0.19683333333333333,2.485566535759974,0.879593118682708,0.8872375561139122,0.8872375561139122,0.8872375561139122,0.6810394722436646
food_site_capacity=7,213,True,False,2.0,1.0,0.1915277777777778,2.3846078342678436,0.8638089456088289,0.815613881563371,0.815613881563371,0.815613881563371,0.5755786979113547
food_site_capacity=7,214,True,False,2.0,1.0,0.19458333333333336,2.4275214017681934,0.8286541987566053,0.8096546188609292,0.8096546188609292,0.8096546188609292,0.5011670011477946
food_site_capacity=7,215,True,False,2.0,1.0,0.17952777777777779,2.242967386746226,0.852549182632174,0.799439147232927,0.799439147232927,0.799439147232927,0.4544180127375047
food_site_capacity=7,216,True,False,2.0,1.0,0.20616666666666666,2.6279580835733967,0.8552473522374453,0.8902178868438888,0.8902178868438888,0.8902178868438888,0.7825723794970377
food_site_capacity=7,217,True,False,2.0,1.0,0.20572222222222222,2.6543021576646706,0.8795872842023233,0.8312414960637927,0.8312414960637927,0.8312414960637927,0.48960451674894084
food_site_capacity=7,218,True,False,2.0,1.0,0.20294444444444443,2.5995069925164294,0.8612062769252276,0.8687946177457686,0.8687946177457686,0.8687946177457686,0.586949493217194
food_site_capacity=7,219,True,False,2.0,1.0,0.19383333333333336,2.4081484588579087,0.8710012285900158,0.8397752647063307,0.8397752647063307,0.8397752647063307,0.663276681630945
food_site_capacity=7,220,True,False,2.0,1.0,0.18566666666666667,2.2251483702711323,0.8096226354657972,0.7856175260747039,0.7856175260747039,0.7856175260747039,0.4602415125799116
food_site_capacity=7,221,True,False,2.0,1.0,0.1925,2.4443267508997293,0.891902191031274,0.8461001380467518,0.8461001380467518,0.8461001380467518,0.7181011394347655
food_site_capacity=7,222,True,False,2.0,1.0,0.1936388888888889,2.40487719641512,0.8340900397247311,0.7902342247763934,0.7902342247763934,0.7902342247763934,0.7520591735041017
food_site_capacity=7,223,True,False,2.0,1.0,0.2045,2.6325297458390633,0.8878969542511407,0.7972865818767061,0.7972865818767061,0.7972865818767061,0.5281801448316805
food_site_capacity=7,224,True,False,2.0,1.0,0.19952777777777778,2.52828747202509,0.8131533701591009,0.9092880240849497,0.9092880240849497,0.9092880240849497,0.7957574419118493
food_site_capacity=7,225,True,False,2.0,1.0,0.1998888888888889,2.4887114325850166,0.8436894213092941,0.8369366349806746,0.8369366349806746,0.8369366349806746,0.6366885322662712
food_site_capacity=7,226,True,False,2.0,1.0,0.20116666666666666,2.4909956918151415,0.823855358708661,0.833025545392753,0.833025545392753,0.833025545392753,0.5107732052385369
food_site_capacity=7,227,True,False,2.0,1.0,0.20130555555555554,2.5380504395682615,0.8446824344079715,0.8475243127495709,0.8475243127495709,0.8475243127495709,0.6364913676103051
food_site_capacity=7,228,True,False,2.0,1.0,0.2033611111111111,2.575064061850822,0.8435832201810071,0.8249553686469301,0.8249553686469301,0.8249553686469301,0.4561282004602088
food_site_capacity=7,229,True,False,2.0,1.0,0.20591666666666666,2.649944612182748,0.8608276460127348,0.8185011559458348,0.8185011559458348,0.8185011559458348,0.7020170018916755
food_site_capacity=7,230,True,False,2.0,1.0,0.18433333333333335,2.2597069649981023,0.8420252233345435,0.7983907585953282,0.7983907585953282,0.7983907585953282,0.5787513512096495
food_site_capacity=7,231,True,False,2.0,1.0,0.18688888888888888,2.3350769882471742,0.8328254373806444,0.8496655581003927,0.8496655581003927,0.8496655581003927,0.4656907596211337
food_site_capacity=7,232,True,False,2.0,1.0,0.20297222222222222,2.607168951084492,0.887164126419545,0.8055345867696218,0.8055345867696218,0.8055345867696218,0.4814351922242944
food_site_capacity=7,233,True,False,2.0,1.0,0.19922222222222222,2.585654278658358,0.8904357704965891,0.8388132840918938,0.8388132840918938,0.8388132840918938,0.6374584731072019
food_site_capacity=7,234,True,False,2.0,1.0,0.21233333333333335,2.7458950617339557,0.8616628035471818,0.8483544100217821,0.8483544100217821,0.8483544100217821,0.45815455190578513
food_site_capacity=7,235,False,False,0.9566489127253403,0.9566489127253403,0.1842777777777778,2.166307074873548,0.7653191301802722,0.6974823371696792,0.6974823371696792,0.6974823371696792,0.724624079964098
food_site_capacity=7,236,True,False,2.0,1.0,0.18891666666666668,2.296458379996211,0.8204805500447253,0.7138869573269911,0.7138869573269911,0.7138869573269911,0.7224603276035296
food_site_capacity=7,237,True,False,2.0,1.0,0.20049999999999998,2.501819035561819,0.8322720483388216,0.8022464381849269,0.8022464381849269,0.8022464381849269,0.5433426824104891
food_site_capacity=7,238,True,False,2.0,1.0,0.19,2.3959501294930923,0.8875515450774799,0.8438070871255161,0.8438070871255161,0.8438070871255161,0.6063621812444079
food_site_capacity=7,239,True,False,2.0,1.0,0.20575000000000002,2.6242489440852066,0.8487396681237744,0.8196591849816549,0.8196591849816549,0.8196591849816549,0.6572670200164734
food_site_capacity=7,240,True,False,2.0,1.0,0.19361111111111112,2.4819278566281695,0.8726271677440959,0.8297098496514638,0.8297098496514638,0.8297098496514638,0.8324735629804632
food_site_capacity=7,241,True,False,2.0,1.0,0.18952777777777777,2.3483185643838165,0.8516171095154952,0.8072975839873483,0.8072975839873483,0.8072975839873483,0.4592181720885375
food_site_capacity=7,242,True,False,2.0,1.0,0.2038888888888889,2.5833704068691454,0.8588905617031798,0.8733338391397726,0.8733338391397726,0.8733338391397726,0.5037350871286127
food_site_capacity=7,243,True,False,2.0,1.0,0.20175,2.6005829872427233,0.8267335603401426,0.8341337471647031,0.8341337471647031,0.8341337471647031,0.4839983196796185
food_site_capacity=7,244,True,False,2.0,1.0,0.2041388888888889,2.6204506095442293,0.8597378905570926,0.8326705064288523,0.8326705064288523,0.8326705064288523,0.49852919712036964
food_site_capacity=7,245,True,False,2.0,1.0,0.19211111111111112,2.3918641707489647,0.8468029358157915,0.792950485009787,0.792950485009787,0.792950485009787,0.5075251647605953
food_site_capacity=7,246,True,False,2.0,1.0,0.19419444444444445,2.3985580984666925,0.8221339723347661,0.8071240306160821,0.8071240306160821,0.8071240306160821,0.4725500139421125
food_site_capacity=7,247,True,False,2.0,1.0,0.19941666666666666,2.551377140358583,0.872604174173415,0.8500737168494865,0.8500737168494865,0.8500737168494865,0.546045379740357
food_site_capacity=7,248,True,False,2.0,1.0,0.19847222222222222,2.5339628761745017,0.8639303928701569,0.7912384787686301,0.7912384787686301,0.7912384787686301,0.4591343688034055
food_site_capacity=7,249,True,False,2.0,1.0,0.18980555555555556,2.3497247741820484,0.8342930039097605,0.7518868713635684,0.7518868713635684,0.7518868713635684,0.458049520361799
food_site_capacity=7,250,True,False,2.0,1.0,0.19266666666666668,2.4129168711700837,0.8351945584442284,0.7824780931124808,0.7824780931124808,0.7824780931124808,0.1590386437236822
food_site_capacity=7,251,True,False,2.0,1.0,0.2026388888888889,2.5769959940800136,0.8401375131988849,0.8286792221774771,0.8286792221774771,0.8286792221774771,0.5539949700758763
food_site_capacity=7,252,True,False,2.0,1.0,0.1945,2.420764761125633,0.8742701601264362,0.7224774842905565,0.7224774842905565,0.7224774842905565,0.4335049473401502
food_site_capacity=7,253,True,False,2.0,1.0,0.19925,2.551383138402193,0.8826521989855629,0.8190936246572325,0.8190936246572325,0.8190936246572325,0.7254565312634778
food_site_capacity=7,254,True,False,2.0,1.0,0.21308333333333335,2.7445231156831467,0.8620558472676692,0.8071693081299594,0.8071693081299594,0.8071693081299594,0.6746076230289775
food_site_capacity=7,255,True,False,2.0,1.0,0.21861111111111112,2.8690334531233566,0.8896151455992157,0.8247907965158899,0.8247907965158899,0.8247907965158899,0.5632028956300115
food_site_capacity=7,256,False,False,0.9915095437467245,0.9915095437467245,0.1952222222222222,2.3860171295538657,0.7932076349973797,0.7675515240277264,0.7675515240277264,0.7675515240277264,0.3465491716706555
food_site_capacity=7,257,False,False,0.9610264716443508,0.9610264716443508,0.1947777777777778,2.3866057338856184,0.7688211773154807,0.8373815408166757,0.8373815408166757,0.8373815408166757,0.4157004358301211
food_site_capacity=7,258,True,False,2.0,1.0,0.2073611111111111,2.6673711034629206,0.8683597115912256,0.877409202628357,0.877409202628357,0.877409202628357,0.27611779849826035
food_site_capacity=7,259,False,False,0.9799240513526328,0.9799240513526328,0.18225,2.1309264511369714,0.7839392410821063,0.7829613763323818,0.7829613763323818,0.7829613763323818,0.7033980527886067
food_site_capacity=7,260,True,False,2.0,1.0,0.18988888888888888,2.4293608395505046,0.855641458188911,0.8134867781276454,0.8134867781276454,0.8134867781276454,0.6608521763633647
food_site_capacity=7,261,True,False,2.0,1.0,0.1963888888888889,2.401890688286104,0.8173159557776166,0.8433756619591979,0.8433756619591979,0.8433756619591979,0.5228265857957465
food_site_capacity=7,262,True,False,2.0,1.0,0.2139722222222222,2.789765619285112,0.8857782940253855,0.8713461547989655,0.8713461547989655,0.8713461547989655,0.7429780034298593
food_site_capacity=7,263,True,False,2.0,1.0,0.20536111111111113,2.6014998590972263,0.8442954397316055,0.8610465849900572,0.8610465849900572,0.8610465849900572,0.7522208220906155
food_site_capacity=7,264,True,False,2.0,1.0,0.21594444444444444,2.802062902184204,0.8458583775882424,0.9478228761518621,0.9478228761518621,0.9478228761518621,0.6460215684957192
food_site_capacity=7,265,True,False,2.0,1.0,0.1993611111111111,2.47692124379342,0.8058725783592546,0.8384373294608399,0.8384373294608399,0.8384373294608399,0.44383130967234524
food_site_capacity=7,266,True,False,2.0,1.0,0.21025,2.686017701823093,0.8223077123982254,0.8489640385432827,0.8489640385432827,0.8489640385432827,0.734028287654246
food_site_capacity=7,267,True,False,2.0,1.0,0.1996666666666667,2.5807701035373523,0.9089040056747921,0.8131224235600898,0.8131224235600898,0.8131224235600898,0.4177844225571026
food_site_capacity=7,268,True,False,2.0,1.0,0.2018888888888889,2.598593049910608,0.8851442781798723,0.8219665176993952,0.8219665176993952,0.8219665176993952,0.626456981131546
food_site_capacity=7,269,True,False,2.0,1.0,0.20283333333333334,2.611660594955221,0.865701507331135,0.8689086486544958,0.8689086486544958,0.8689086486544958,0.5177952534312543
food_site_capacity=7,270,True,False,2.0,1.0,0.1867222222222222,2.2757792760416375,0.8522515820824533,0.7973449357757505,0.7973449357757505,0.7973449357757505,0.3975022325751004
food_site_capacity=7,271,True,False,2.0,1.0,0.19427777777777777,2.499027091099235,0.8954704921969353,0.825530106681302,0.825530106681302,0.825530106681302,0.5152281645999245
food_site_capacity=7,272,True,False,2.0,1.0,0.1864722222222222,2.34774522776113,0.8572882202056444,0.7861230046471983,0.7861230046471983,0.7861230046471983,0.4560752032635454
food_site_capacity=7,273,True,False,2.0,1.0,0.20905555555555555,2.6745060427201985,0.8342943590052786,0.8654370607049989,0.8654370607049989,0.8654370607049989,0.6942958766497453
food_site_capacity=7,274,True,False,2.0,1.0,0.20119444444444445,2.579223931640951,0.8793815467892114,0.8553825609464465,0.8553825609464465,0.8553825609464465,0.5442467655158592
food_site_capacity=7,275,True,False,2.0,1.0,0.20388888888888887,2.562612446718933,0.8431232268396194,0.7466297899158342,0.7466297899158342,0.7466297899158342,0.6966902219281633
food_site_capacity=7,276,False,False,0.9679737788722629,0.9679737788722629,0.19441666666666665,2.370623294215714,0.7743790230978104,0.8162181632199361,0.8162181632199361,0.8162181632199361,0.39543930102207503
food_site_capacity=7,277,True,False,2.0,1.0,0.19205555555555556,2.4068136430993645,0.8733405160801959,0.8263545711419494,0.8263545711419494,0.8263545711419494,0.4440057166364136
food_site_capacity=7,278,True,False,2.0,1.0,0.21094444444444443,2.7422353300771287,0.8805121625023047,0.8595863379787259,0.8595863379787259,0.8595863379787259,0.38774408089138007
food_site_capacity=7,279,False,False,0.9938451996157003,0.9938451996157003,0.21080555555555555,2.650370879163812,0.7950761596925603,0.8491903791576605,0.8491903791576605,0.8491903791576605,0.6299288938768799
food_site_capacity=7,280,False,False,0.9855808446519067,0.9855808446519067,0.1746388888888889,2.050347195514881,0.7884646757215253,0.652193943300922,0.652193943300922,0.652193943300922,0.21460886923763794
food_site_capacity=7,281,True,False,2.0,1.0,0.1947777777777778,2.491450680384313,0.8908663550432577,0.837255332252813,0.837255332252813,0.837255332252813,0.42163937560986825
food_site_capacity=7,282,True,False,2.0,1.0,0.21911111111111112,2.937241041996195,0.893437519919123,0.8812015154117592,0.8812015154117592,0.8812015154117592,0.5810915121983684
food_site_capacity=7,283,True,False,2.0,1.0,0.21219444444444446,2.7391510253337827,0.8549046168906368,0.8233564218426146,0.8233564218426146,0.8233564218426146,0.5557524508833988
food_site_capacity=7,284,True,False,2.0,1.0,0.19686111111111113,2.4388388426746834,0.8100162147825342,0.7999858288308254,0.7999858288308254,0.7999858288308254,0.7547244800151822
food_site_capacity=7,285,True,False,2.0,1.0,0.183,2.2540965926649843,0.8580840928150989,0.8022745309222652,0.8022745309222652,0.8022745309222652,0.7143068092318781
food_site_capacity=7,286,True,False,2.0,1.0,0.20205555555555554,2.6102446704067206,0.8859833219821965,0.7322849203352194,0.7322849203352194,0.7322849203352194,0.6225014219128916
food_site_capacity=7,287,True,False,2.0,1.0,0.19291666666666665,2.4277467417144942,0.85509375722048,0.8195770278012602,0.8195770278012602,0.8195770278012602,0.8474687700800474
food_site_capacity=7,288,True,False,2.0,1.0,0.1981388888888889,2.507466846895272,0.8674433300249039,0.7367064579675598,0.7367064579675598,0.7367064579675598,0.6136161265208012
food_site_capacity=7,289,True,False,2.0,1.0,0.19519444444444442,2.4505873440097354,0.834771608915474,0.824795002251316,0.824795002251316,0.824795002251316,0.4165251812435835
food_site_capacity=7,290,True,False,2.0,1.0,0.21275000000000002,2.6998047513866426,0.8191390907255968,0.8566951411095661,0.8566951411095661,0.8566951411095661,0.3597197159523831
food_site_capacity=7,291,True,False,2.0,1.0,0.19869444444444445,2.5459456169367263,0.885308729788242,0.8448504510011687,0.8448504510011687,0.8448504510011687,0.5240172729563228
food_site_capacity=7,292,True,False,2.0,1.0,0.2,2.646595787738177,0.9218351186778478,0.8928847348422411,0.8928847348422411,0.8928847348422411,0.7438940175722062
food_site_capacity=7,293,True,False,2.0,1.0,0.20802777777777778,2.660161759435294,0.8490545734597775,0.8550480663420889,0.8550480663420889,0.8550480663420889,0.7457114713116564
food_site_capacity=7,294,True,False,2.0,1.0,0.1925,2.3635617351793883,0.8295130651893898,0.8077574670981557,0.8077574670981557,0.8077574670981557,0.3972839945273235
food_site_capacity=7,295,True,False,2.0,1.0,0.20022222222222222,2.5244120959184295,0.8441497380433025,0.8204979256002538,0.8204979256002538,0.8204979256002538,0.7655894957123053
food_site_capacity=7,296,True,False,2.0,1.0,0.21555555555555556,2.784790074819475,0.8388088629793635,0.8750532088065911,0.8750532088065911,0.8750532088065911,0.7887635898133589
food_site_capacity=7,297,True,False,2.0,1.0,0.1947777777777778,2.411476339853239,0.8237950109636983,0.8214431506202616,0.8214431506202616,0.8214431506202616,0.6195777867342541
food_site_capacity=7,298,True,False,2.0,1.0,0.1875277777777778,2.312456485562291,0.8622379622381668,0.7179306967309764,0.7179306967309764,0.7179306967309764,0.6771468491064098
food_site_capacity=7,299,True,False,2.0,1.0,0.20130555555555554,2.578634903092068,0.8811736843728727,0.7947054159896431,0.7947054159896431,0.7947054159896431,0.628766885479073
food_site_capacity=8,200,True,False,2.0,1.0,0.2003888888888889,2.5067777441926937,0.8406200470466721,0.8058218399952162,0.8058218399952162,0.8058218399952162,0.3948127971943791
food_site_capacity=8,201,True,False,2.0,1.0,0.19911111111111113,2.5431979004279053,0.9196532029804387,0.772860607159129,0.772860607159129,0.772860607159129,0.6690575163721729
food_site_capacity=8,202,True,False,2.0,1.0,0.19480555555555554,2.4009433207751316,0.8166984296044046,0.8206522831006313,0.8206522831006313,0.8206522831006313,0.5475720679565922
food_site_capacity=8,203,True,False,2.0,1.0,0.18552777777777776,2.2970123249268557,0.8566015899596088,0.797516280944225,0.797516280944225,0.797516280944225,0.46130121541833147
food_site_capacity=8,204,True,False,2.0,1.0,0.19080555555555556,2.4381795315629557,0.8558062088784413,0.8996815149776576,0.8996815149776576,0.8996815149776576,0.5276494662455554
food_site_capacity=8,205,True,False,2.0,1.0,0.20311111111111113,2.602654519289213,0.8891570670862662,0.8552068964422898,0.8552068964422898,0.8552068964422898,0.4271692181554922
food_site_capacity=8,206,True,False,2.0,1.0,0.20866666666666667,2.630633415066766,0.8367664750474995,0.8219742590500579,0.8219742590500579,0.8219742590500579,0.443236026701715
food_site_capacity=8,207,True,False,2.0,1.0,0.19475,2.4484004453566617,0.8579067606828706,0.8733337927198012,0.8733337927198012,0.8733337927198012,0.22345797887688726
food_site_capacity=8,208,False,False,0.9592478577856707,0.9592478577856707,0.1973888888888889,2.425758810628126,0.7673982862285366,0.853588368291259,0.853588368291259,0.853588368291259,0.3866623599950879
food_site_capacity=8,209,True,False,2.0,1.0,0.1927222222222222,2.3513350435455345,0.8183450513736183,0.723407225274769,0.723407225274769,0.723407225274769,0.5017350929406169
food_site_capacity=8,210,False,False,0.9823765955799663,0.9823765955799663,0.18783333333333332,2.2344379371206915,0.785901276463973,0.8123083470425801,0.8123083470425801,0.8123083470425801,0.46878880672953827
food_site_capacity=8,211,True,False,2.0,1.0,0.19016666666666668,2.359594846935414,0.8494437833251707,0.8127008773798913,0.8127008773798913,0.8127008773798913,0.76640058619266
food_site_capacity=8,212,True,False,2.0,1.0,0.19327777777777777,2.4571083327592786,0.8723304164508617,0.7946426903533882,0.7946426903533882,0.7946426903533882,0.46723530774607297
food_site_capacity=8,213,True,False,2.0,1.0,0.20377777777777778,2.6023043741545804,0.8691835546343294,0.8020121490588531,0.8020121490588531,0.8020121490588531,0.7763209202801213
food_site_capacity=8,214,True,False,2.0,1.0,0.20708333333333334,2.621993815599603,0.8432122953998168,0.8074129389525334,0.8074129389525334,0.8074129389525334,0.4247319930794396
food_site_capacity=8,215,True,False,2.0,1.0,0.1923888888888889,2.4141437165144994,0.8521262172779445,0.8210503444597469,0.8210503444597469,0.8210503444597469,0.6553651970896901
food_site_capacity=8,216,True,False,2.0,1.0,0.21663888888888888,2.830612833384373,0.8611837268582487,0.8453329130233513,0.8453329130233513,0.8453329130233513,0.56391330306917
food_site_capacity=8,217,True,False,2.0,1.0,0.19875,2.466783046425753,0.8301071743784086,0.7816915073922853,0.7816915073922853,0.7816915073922853,0.8383119163378727
food_site_capacity=8,218,True,False,2.0,1.0,0.19241666666666665,2.4184789859194433,0.8518987382252248,0.8304610859087284,0.8304610859087284,0.8304610859087284,0.558946604133148
food_site_capacity=8,219,True,False,2.0,1.0,0.20744444444444446,2.6798829338607706,0.8690296668252273,0.8742763044462228,0.8742763044462228,0.8742763044462228,0.5193622471545049
food_site_capacity=8,220,True,False,2.0,1.0,0.20041666666666666,2.5108050641846686,0.8221319682201013,0.851718903313064,0.851718903313064,0.851718903313064,0.5521874142821808
food_site_capacity=8,221,True,False,2.0,1.0,0.18833333333333335,2.3220468874372595,0.847154144331616,0.7955143153982924,0.7955143153982924,0.7955143153982924,0.31994239273977865
food_site_capacity=8,222,True,False,2.0,1.0,0.18908333333333335,2.411262480488317,0.8550242473776056,0.8225695950753599,0.8225695950753599,0.8225695950753599,0.3370404011635654
food_site_capacity=8,223,True,False,2.0,1.0,0.19052777777777777,2.3259083348854057,0.8179653843767947,0.8321229546637506,0.8321229546637506,0.8321229546637506,0.2746426774396806
food_site_capacity=8,224,True,False,2.0,1.0,0.19541666666666666,2.455956044875391,0.8530333159377549,0.862891925132211,0.862891925132211,0.862891925132211,0.4640196756066645
food_site_capacity=8,225,True,False,2.0,1.0,0.19108333333333333,2.314548397138457,0.8127920109668215,0.7895436276931763,0.7895436276931763,0.7895436276931763,0.5175955472596329
food_site_capacity=8,226,True,False,2.0,1.0,0.19780555555555557,2.44129983695817,0.8053527284072067,0.7630751117120271,0.7630751117120271,0.7630751117120271,0.6299391788373667
food_site_capacity=8,227,True,False,2.0,1.0,0.19013888888888889,2.3678350043338243,0.8425703046443195,0.7504656869449864,0.7504656869449864,0.7504656869449864,0.5604800453432287
food_site_capacity=8,228,True,False,2.0,1.0,0.18477777777777776,2.290314288037365,0.8881721413624873,0.7693285225513146,0.7693285225513146,0.7693285225513146,0.27023267841193316
food_site_capacity=8,229,True,False,2.0,1.0,0.20316666666666666,2.589436448026435,0.84778746623988,0.8511658507110397,0.8511658507110397,0.8511658507110397,0.5402009506807154
food_site_capacity=8,230,True,False,2.0,1.0,0.19899999999999998,2.4926434354020293,0.8000447968434046,0.8596632684298516,0.8596632684298516,0.8596632684298516,0.49495769345094964
food_site_capacity=8,231,True,False,2.0,1.0,0.20433333333333334,2.5992797535709666,0.8697006647905409,0.8307054330716539,0.8307054330716539,0.8307054330716539,0.49042737589998187
food_site_capacity=8,232,False,False,0.98208686728858,0.98208686728858,0.1826388888888889,2.1941519693342633,0.785669493830864,0.8757821416723869,0.8757821416723869,0.8757821416723869,0.4367642249089062
food_site_capacity=8,233,True,False,2.0,1.0,0.2088611111111111,2.688791518909275,0.8568729835938683,0.8642239805877783,0.8642239805877783,0.8642239805877783,0.6104287989100076
food_site_capacity=8,234,True,False,2.0,1.0,0.1986388888888889,2.5261252261029274,0.8618348878840726,0.8719427384802051,0.8719427384802051,0.8719427384802051,0.6605611614771747
food_site_capacity=8,235,True,False,2.0,1.0,0.19008333333333333,2.381340451848816,0.8664390953221137,0.8347028645164447,0.8347028645164447,0.8347028645164447,0.6050213552519236
food_site_capacity=8,236,True,False,2.0,1.0,0.19897222222222222,2.5027358699951674,0.859506099324079,0.8395972555768926,0.8395972555768926,0.8395972555768926,0.7035620813978015
food_site_capacity=8,237,True,False,2.0,1.0,0.20919444444444446,2.7413848481919008,0.8769545809752175,0.8395839894967947,0.8395839894967947,0.8395839894967947,0.4957233357229702
food_site_capacity=8,238,True,False,2.0,1.0,0.20572222222222222,2.6161639262123204,0.8251754232042539,0.8094514102523895,0.8094514102523895,0.8094514102523895,0.6144893793322942
food_site_capacity=8,239,True,False,2.0,1.0,0.2025833333333333,2.5357608913997276,0.812657112252777,0.8179786602929944,0.8179786602929944,0.8179786602929944,0.3042978104622152
food_site_capacity=8,240,True,False,2.0,1.0,0.19869444444444445,2.494522181191025,0.8094712543347623,0.8549886250642715,0.8549886250642715,0.8549886250642715,0.7022661548694893
food_site_capacity=8,241,True,False,2.0,1.0,0.2116388888888889,2.726440459754668,0.8709836329576409,0.8364722864688201,0.8364722864688201,0.8364722864688201,0.6774208174331728
food_site_capacity=8,242,True,False,2.0,1.0,0.1996666666666667,2.5210251183700736,0.8499521628691881,0.8014639537423042,0.8014639537423042,0.8014639537423042,0.48845732599174363
food_site_capacity=8,243,True,False,2.0,1.0,0.2197777777777778,2.87203566543219,0.8567168650509202,0.881399907534013,0.881399907534013,0.881399907534013,0.5760233854406293
food_site_capacity=8,244,True,False,2.0,1.0,0.20819444444444446,2.672996076175569,0.8994198879701951,0.8473668901232402,0.8473668901232402,0.8473668901232402,0.3722460953331851
food_site_capacity=8,245,True,False,2.0,1.0,0.19822222222222222,2.5306370336267046,0.8730933290424274,0.8193674927902914,0.8193674927902914,0.8193674927902914,0.2814785128726808
food_site_capacity=8,246,True,False,2.0,1.0,0.20355555555555555,2.616372875175624,0.8926819455325743,0.8803008565783822,0.8803008565783822,0.8803008565783822,0.6651442617635162
food_site_capacity=8,247,True,False,2.0,1.0,0.2018888888888889,2.5843942029732836,0.8525815441238926,0.8379489979744487,0.8379489979744487,0.8379489979744487,0.7307922614812185
food_site_capacity=8,248,True,False,2.0,1.0,0.2083611111111111,2.6730658896526647,0.8898187891142896,0.8437135644478314,0.8437135644478314,0.8437135644478314,0.6828998133676228
food_site_capacity=8,249,True,False,2.0,1.0,0.2095,2.6608320206159646,0.8661243639367844,0.7336619312515965,0.7336619312515965,0.7336619312515965,0.5668493546088043
food_site_capacity=8,250,True,False,2.0,1.0,0.20433333333333334,2.631901928367058,0.8518162150826427,0.8430626415040519,0.8430626415040519,0.8430626415040519,0.6589018218906748
food_site_capacity=8,251,True,False,2.0,1.0,0.19397222222222224,2.3927899829798154,0.826085838537506,0.7910331711772495,0.7910331711772495,0.7910331711772495,0.7600921779326703
food_site_capacity=8,252,True,False,2.0,1.0,0.20224999999999999,2.5681310835861173,0.8349293854698187,0.8465341875558844,0.8465341875558844,0.8465341875558844,0.6479368244589331
food_site_capacity=8,253,True,False,2.0,1.0,0.19630555555555557,2.4786203372979454,0.8427992643371215,0.8428835033381196,0.8428835033381196,0.8428835033381196,0.40254282399358304
food_site_capacity=8,254,True,False,2.0,1.0,0.20572222222222222,2.6381884269667824,0.8513147166568602,0.8186600554222736,0.8186600554222736,0.8186600554222736,0.4400646176407427
food_site_capacity=8,255,True,False,2.0,1.0,0.18322222222222223,2.245900260534218,0.8735958722815899,0.7762550658177907,0.7762550658177907,0.7762550658177907,0.6144853611508461
food_site_capacity=8,256,True,False,2.0,1.0,0.18797222222222223,2.2777942172581134,0.8013165307474861,0.8386817193577015,0.8386817193577015,0.8386817193577015,0.6133315844377502
food_site_capacity=8,257,True,False,2.0,1.0,0.1915,2.4354794181167887,0.8534323957445982,0.8356075718133317,0.8356075718133317,0.8356075718133317,0.41818109503315626
food_site_capacity=8,258,True,False,2.0,1.0,0.1948611111111111,2.4050418352123653,0.8172637776489997,0.8188683139197417,0.8188683139197417,0.8188683139197417,0.5458467782103174
food_site_capacity=8,259,True,False,2.0,1.0,0.2036388888888889,2.6243297518602025,0.869907761085269,0.8199649832751948,0.8199649832751948,0.8199649832751948,0.4697809491255622
food_site_capacity=8,260,True,False,2.0,1.0,0.22069444444444444,2.9209870832900333,0.8909148282170491,0.8458740242826931,0.8458740242826931,0.8458740242826931,0.516345801144189
food_site_capacity=8,261,True,False,2.0,1.0,0.19241666666666665,2.4064279497380907,0.8658881547272549,0.8063142052403529,0.8063142052403529,0.8063142052403529,0.7238901511030862
food_site_capacity=8,262,False,False,0.9986840231597345,0.9986840231597345,0.18041666666666664,2.1558293442752334,0.7989472185277876,0.7216106223679835,0.7216106223679835,0.7216106223679835,0.3402677818031536
food_site_capacity=8,263,True,False,2.0,1.0,0.20677777777777778,2.6595186577048535,0.8640016087675533,0.7876854881264795,0.7876854881264795,0.7876854881264795,0.6303948863654605
food_site_capacity=8,264,True,False,2.0,1.0,0.21244444444444444,2.7554733756922984,0.8599171426178783,0.8313081907315029,0.8313081907315029,0.8313081907315029,0.7973559646995612
food_site_capacity=8,265,True,False,2.0,1.0,0.20569444444444446,2.6718256443647257,0.8810686806308297,0.8970410767503735,0.8970410767503735,0.8970410767503735,0.445290497830281
food_site_capacity=8,266,True,False,2.0,1.0,0.2116111111111111,2.7441576305263817,0.9011659478474691,0.7849000865475632,0.7849000865475632,0.7849000865475632,0.6683676111206202
food_site_capacity=8,267,True,False,2.0,1.0,0.18655555555555556,2.4048126422354383,0.9081673240280179,0.8571474582140526,0.8571474582140526,0.8571474582140526,0.4517429518360548
food_site_capacity=8,268,True,False,2.0,1.0,0.19775,2.5089713932133675,0.8671590612079944,0.8397320507340178,0.8397320507340178,0.8397320507340178,0.8655404389394918
food_site_capacity=8,269,True,False,2.0,1.0,0.194,2.411427999234057,0.8243766947974019,0.7733073192241124,0.7733073192241124,0.7733073192241124,0.6659859653403231
food_site_capacity=8,270,True,False,2.0,1.0,0.20494444444444446,2.6056448108140655,0.8302208356394516,0.8353753069277606,0.8353753069277606,0.8353753069277606,0.5913731799588998
food_site_capacity=8,271,True,False,2.0,1.0,0.20283333333333334,2.5416209358771136,0.8454978279173749,0.7653045345958029,0.7653045345958029,0.7653045345958029,0.46723649435967973
food_site_capacity=8,272,True,False,2.0,1.0,0.201,2.503601332272533,0.8310213304957093,0.8120919003623486,0.8120919003623486,0.8120919003623486,0.40378142641254444
food_site_capacity=8,273,True,False,2.0,1.0,0.2067222222222222,2.60379783369268,0.8293894106901639,0.7680096577011137,0.7680096577011137,0.7680096577011137,0.39559726070752954
food_site_capacity=8,274,True,False,2.0,1.0,0.19352777777777777,2.4211683830224064,0.8586814379023336,0.7588416313446262,0.7588416313446262,0.7588416313446262,0.8311835292241772
food_site_capacity=8,275,True,False,2.0,1.0,0.19466666666666665,2.426049288095205,0.842032808179588,0.8101320713912987,0.8101320713912987,0.8101320713912987,0.5799521942424717
food_site_capacity=8,276,True,False,2.0,1.0,0.19844444444444445,2.5696008006590167,0.8745836454769222,0.8369618226269709,0.8369618226269709,0.8369618226269709,0.7314047733634215
food_site_capacity=8,277,True,False,2.0,1.0,0.19380555555555556,2.4439672825401213,0.8560246779501939,0.8844908752310852,0.8844908752310852,0.8844908752310852,0.6744803723287092
food_site_capacity=8,278,True,False,2.0,1.0,0.2076111111111111,2.642791135314733,0.8377410914913983,0.8399391596717167,0.8399391596717167,0.8399391596717167,0.5311889051068601
food_site_capacity=8,279,True,False,2.0,1.0,0.20536111111111113,2.5987340001383057,0.8337702593960725,0.833694247102349,0.833694247102349,0.833694247102349,0.49737319542780567
food_site_capacity=8,280,True,False,2.0,1.0,0.19841666666666666,2.5082632354042635,0.8461466984135931,0.8174988345074983,0.8174988345074983,0.8174988345074983,0.33231696881996636
food_site_capacity=8,281,True,False,2.0,1.0,0.21041666666666667,2.654121435656833,0.8579354960916148,0.7578352997052242,0.7578352997052242,0.7578352997052242,0.4985120550400586
food_site_capacity=8,282,True,False,2.0,1.0,0.20872222222222223,2.669565041565608,0.838253702907142,0.8722598398725757,0.8722598398725757,0.8722598398725757,0.7491192107924439
food_site_capacity=8,283,True,False,2.0,1.0,0.20433333333333334,2.601742994312852,0.8748856227708762,0.8075964103539216,0.8075964103539216,0.8075964103539216,0.7747041232001504
food_site_capacity=8,284,False,False,0.9840659969438673,0.9840659969438673,0.20525,2.566791349300685,0.7872527975550939,0.8934629459319642,0.8934629459319642,0.8934629459319642,0.5573861349742995
food_site_capacity=8,285,True,False,2.0,1.0,0.20308333333333334,2.565426309345611,0.8509111822398764,0.828802773517476,0.828802773517476,0.828802773517476,0.5848679973943149
food_site_capacity=8,286,True,False,2.0,1.0,0.18847222222222224,2.453362472067322,0.88437133558988,0.8916276530052495,0.8916276530052495,0.8916276530052495,0.7148256693122448
food_site_capacity=8,287,True,False,2.0,1.0,0.20536111111111113,2.7057265179078347,0.8870108366990109,0.8312440345584865,0.8312440345584865,0.8312440345584865,0.6938147234737869
food_site_capacity=8,288,True,False,2.0,1.0,0.1944722222222222,2.4133307552378227,0.8368320882980538,0.8335343175847395,0.8335343175847395,0.8335343175847395,0.6052334259645293
food_site_capacity=8,289,True,False,2.0,1.0,0.215,2.7723203965534093,0.8444110774642479,0.8091385663059714,0.8091385663059714,0.8091385663059714,0.7399852981999064
food_site_capacity=8,290,True,False,2.0,1.0,0.1973888888888889,2.497455280874042,0.8427720715500719,0.7346124877982839,0.7346124877982839,0.7346124877982839,0.5393096737573239
food_site_capacity=8,291,True,False,2.0,1.0,0.19091666666666668,2.4072998823297356,0.8492437856594309,0.821770971219348,0.821770971219348,0.821770971219348,0.5760819497894568
food_site_capacity=8,292,True,False,2.0,1.0,0.1986388888888889,2.480634705565932,0.8400983713738771,0.8131644720729245,0.8131644720729245,0.8131644720729245,0.6701254919006694
food_site_capacity=8,293,True,False,2.0,1.0,0.20652777777777778,2.647775869496287,0.8637991510519708,0.8479727797247406,0.8479727797247406,0.8479727797247406,0.6475551727177108
food_site_capacity=8,294,True,False,2.0,1.0,0.2038888888888889,2.592391539091565,0.8600144968421687,0.7700504372133544,0.7700504372133544,0.7700504372133544,0.7962915429155448
food_site_capacity=8,295,True,False,2.0,1.0,0.20455555555555555,2.655345592895626,0.8682599840545956,0.8667938537955553,0.8667938537955553,0.8667938537955553,0.5994061964406809
food_site_capacity=8,296,True,False,2.0,1.0,0.20952777777777779,2.6616302528103377,0.8202767804190596,0.8383675792376651,0.8383675792376651,0.8383675792376651,0.45287482553482133
food_site_capacity=8,297,False,False,0.957452080899991,0.957452080899991,0.1912222222222222,2.31509129291951,0.7659616647199928,0.765792954581146,0.765792954581146,0.765792954581146,0.5101415581641799
food_site_capacity=8,298,True,False,2.0,1.0,0.20133333333333334,2.534637673487825,0.8514435132901462,0.7961407382975678,0.7961407382975678,0.7961407382975678,0.5690431301767893
food_site_capacity=8,299,False,False,0.4245762878640536,0.4245762878640536,0.19063888888888889,1.8581125907461726,0.3396610302912429,0.42939125667713424,0.42939125667713424,0.42939125667713424,0.517097678187541
food_site_capacity=10,200,True,False,2.0,1.0,0.1915,2.3941674149153584,0.8528677439705908,0.8514873918670375,0.8514873918670375,0.8514873918670375,0.47393691387369163
food_site_capacity=10,201,True,False,2.0,1.0,0.19424999999999998,2.408563597500261,0.8443256241879757,0.802143095960773,0.802143095960773,0.802143095960773,0.36066207270584805
food_site_capacity=10,202,True,False,2.0,1.0,0.19516666666666665,2.415663291378288,0.8608468211433457,0.7107289674014488,0.7107289674014488,0.7107289674014488,0.7555016005112073
food_site_capacity=10,203,True,False,2.0,1.0,0.20283333333333334,2.521648111714565,0.8147862941402864,0.8530167407883464,0.8530167407883464,0.8530167407883464,0.5026606052328946
food_site_capacity=10,204,True,False,2.0,1.0,0.1876111111111111,2.3166845682226502,0.8693727318332655,0.8360329392122121,0.8360329392122121,0.8360329392122121,0.4985221005337085
food_site_capacity=10,205,True,False,2.0,1.0,0.1822777777777778,2.251368597436466,0.8649075111060134,0.7591363818409046,0.7591363818409046,0.7591363818409046,0.832835935605276
food_site_capacity=10,206,True,False,2.0,1.0,0.19430555555555556,2.3829768101778472,0.8312393628222393,0.7405935385712534,0.7405935385712534,0.7405935385712534,0.4931542634483172
food_site_capacity=10,207,True,False,2.0,1.0,0.193,2.425040454934229,0.8042557224717035,0.8212883114194476,0.8212883114194476,0.8212883114194476,0.5297980390104319
food_site_capacity=10,208,True,False,2.0,1.0,0.20311111111111113,2.5733201368972813,0.8457746336410552,0.8216684665415337,0.8216684665415337,0.8216684665415337,0.7329673742641769
food_site_capacity=10,209,True,False,2.0,1.0,0.1881388888888889,2.3206313018276408,0.8410561512856634,0.7860875169381909,0.7860875169381909,0.7860875169381909,0.5245398733334937
food_site_capacity=10,210,True,False,2.0,1.0,0.19461111111111112,2.3694746146777725,0.8008799154952716,0.8462195385454317,0.8462195385454317,0.8462195385454317,0.5024569147737187
food_site_capacity=10,211,True,False,2.0,1.0,0.20752777777777778,2.6375538793416706,0.8495866554676209,0.8775137203259017,0.8775137203259017,0.8775137203259017,0.6108816985143383
food_site_capacity=10,212,True,False,2.0,1.0,0.18513888888888888,2.332990472159129,0.834861316003484,0.8457043649198389,0.8457043649198389,0.8457043649198389,0.42853197605445564
food_site_capacity=10,213,True,False,2.0,1.0,0.19880555555555554,2.5395261252537256,0.8626827835943925,0.7930899313954693,0.7930899313954693,0.7930899313954693,0.6306219613347168
food_site_capacity=10,214,True,False,2.0,1.0,0.19894444444444445,2.501392260337075,0.852237034673138,0.7946223458035356,0.7946223458035356,0.7946223458035356,0.5746691475382878
food_site_capacity=10,215,True,False,2.0,1.0,0.2033333333333333,2.637153915063567,0.8528884304632505,0.8428569823548426,0.8428569823548426,0.8428569823548426,0.44436461384985854
food_site_capacity=10,216,True,False,2.0,1.0,0.1925,2.3759518467903336,0.8160099574081754,0.8390843276264255,0.8390843276264255,0.8390843276264255,0.4043209841755943
food_site_capacity=10,217,True,False,2.0,1.0,0.20016666666666666,2.5990240693822995,0.899723677075415,0.8349723756473506,0.8349723756473506,0.8349723756473506,0.6879247067877394
food_site_capacity=10,218,True,False,2.0,1.0,0.19366666666666665,2.422973451686365,0.8111729867269489,0.7878889650821124,0.7878889650821124,0.7878889650821124,0.5281106487565179
food_site_capacity=10,219,True,False,2.0,1.0,0.20680555555555555,2.674205715583886,0.8866042069941465,0.8745816398042692,0.8745816398042692,0.8745816398042692,0.6612124842387137
food_site_capacity=10,220,True,False,2.0,1.0,0.19319444444444445,2.4354948015856683,0.8461527222736067,0.8149655269333725,0.8149655269333725,0.8149655269333725,0.43845181442864894
food_site_capacity=10,221,True,False,2.0,1.0,0.19605555555555557,2.430172313402205,0.8076236321065433,0.8669847611587677,0.8669847611587677,0.8669847611587677,0.36290436917621655
food_site_capacity=10,222,True,False,2.0,1.0,0.20244444444444445,2.599770002864464,0.8620403192915868,0.8344987137183506,0.8344987137183506,0.8344987137183506,0.6940966601108735
food_site_capacity=10,223,False,False,0.9861720389635457,0.9861720389635457,0.2021111111111111,2.520437280749334,0.7889376311708366,0.8785435086973072,0.8785435086973072,0.8785435086973072,0.6465507022938791
food_site_capacity=10,224,True,False,2.0,1.0,0.2099722222222222,2.7286990687495765,0.8625635825623044,0.821546212313784,0.821546212313784,0.821546212313784,0.615672119487656
food_site_capacity=10,225,True,False,2.0,1.0,0.2136111111111111,2.773207218707872,0.8859004395649667,0.8547469247668246,0.8547469247668246,0.8547469247668246,0.7331997158215116
food_site_capacity=10,226,True,False,2.0,1.0,0.20855555555555555,2.684842721798996,0.852701319124826,0.8617955585459572,0.8617955585459572,0.8617955585459572,0.8173760421537052
food_site_capacity=10,227,True,False,2.0,1.0,0.20269444444444445,2.6376062089089953,0.8921760265842499,0.8388956576701381,0.8388956576701381,0.8388956576701381,0.2853487625809257
food_site_capacity=10,228,True,False,2.0,1.0,0.20894444444444446,2.6313520564637116,0.8247783259649549,0.8463468389539752,0.8463468389539752,0.8463468389539752,0.8148481264333606
food_site_capacity=10,229,True,False,2.0,1.0,0.1991388888888889,2.5883316650057835,0.8865092348809468,0.8355623397065897,0.8355623397065897,0.8355623397065897,0.7002767294041284
food_site_capacity=10,230,False,False,0.9472738560221967,0.9472738560221967,0.18513888888888888,2.201104513805604,0.7578190848177574,0.7558268974404132,0.7558268974404132,0.7558268974404132,0.35751539370661156
food_site_capacity=10,231,True,False,2.0,1.0,0.19708333333333333,2.5089964126535365,0.8669129882955209,0.8515907765905689,0.8515907765905689,0.8515907765905689,0.5834880764470728
food_site_capacity=10,232,True,False,2.0,1.0,0.2021388888888889,2.5563564282842064,0.8747662627458094,0.8374405514024648,0.8374405514024648,0.8374405514024648,0.49048975967284786
food_site_capacity=10,233,True,False,2.0,1.0,0.21708333333333335,2.8752360682336353,0.9040310739904514,0.8866211629588503,0.8866211629588503,0.8866211629588503,0.429586454853922
food_site_capacity=10,234,False,False,0.980099723166007,0.980099723166007,0.1912222222222222,2.2765058654048653,0.7840797785328056,0.8659029197400859,0.8659029197400859,0.8659029197400859,0.7261824593652559
food_site_capacity=10,235,True,False,2.0,1.0,0.20308333333333334,2.5697984273242764,0.8529890121074775,0.8198796211290883,0.8198796211290883,0.8198796211290883,0.7571834871120096
food_site_capacity=10,236,True,False,2.0,1.0,0.20124999999999998,2.5133100352468367,0.8281182819602141,0.8528630854392883,0.8528630854392883,0.8528630854392883,0.6522547969384828
food_site_capacity=10,237,True,False,2.0,1.0,0.20455555555555555,2.5979630262629985,0.8573227144646766,0.8276483828446951,0.8276483828446951,0.8276483828446951,0.6739973271012958
food_site_capacity=10,238,False,False,0.9975004876463013,0.9975004876463013,0.1973888888888889,2.4213181011080187,0.798000390117041,0.7776755007743769,0.7776755007743769,0.7776755007743769,0.6189300574736748
food_site_capacity=10,239,True,False,2.0,1.0,0.1938888888888889,2.4870311271028713,0.8808825485822152,0.8596378366481965,0.8596378366481965,0.8596378366481965,0.50447417513571
food_site_capacity=10,240,True,False,2.0,1.0,0.2053888888888889,2.591433335868539,0.8506311782592166,0.8384519790855175,0.8384519790855175,0.8384519790855175,0.8427850335211122
food_site_capacity=10,241,True,False,2.0,1.0,0.20388888888888887,2.563750700004921,0.8583948359748707,0.8494719227489207,0.8494719227489207,0.8494719227489207,0.3040452031481871
food_site_capacity=10,242,True,False,2.0,1.0,0.21861111111111112,2.8969684222997287,0.8658959239603253,0.9116972778773906,0.9116972778773906,0.9116972778773906,0.4595051280536634
food_site_capacity=10,243,True,False,2.0,1.0,0.19794444444444445,2.4917538850590604,0.8548679649185061,0.7360469919781101,0.7360469919781101,0.7360469919781101,0.4516277870164741
food_site_capacity=10,244,True,False,2.0,1.0,0.19455555555555556,2.4442813735005373,0.8425678165733902,0.8450833192286192,0.8450833192286192,0.8450833192286192,0.7637371168202739
food_site_capacity=10,245,False,False,0.5151498508673307,0.5151498508673307,0.18419444444444444,1.8780526515583846,0.45516977201504755,0.25757492543366534,0.25757492543366534,0.25757492543366534,0.5732174241178017
food_site_capacity=10,246,True,False,2.0,1.0,0.20552777777777778,2.6480328414223115,0.8373713261228399,0.8643026813550818,0.8643026813550818,0.8643026813550818,0.6427249139317244
food_site_capacity=10,247,True,False,2.0,1.0,0.22233333333333333,2.9517257124132765,0.8893481303369754,0.8802490325779931,0.8802490325779931,0.8802490325779931,0.67407081680845
food_site_capacity=10,248,True,False,2.0,1.0,0.20316666666666666,2.559983576057888,0.818541218739028,0.8790817578781227,0.8790817578781227,0.8790817578781227,0.6313037030433226
food_site_capacity=10,249,True,False,2.0,1.0,0.20124999999999998,2.5532054020389845,0.8847582581894573,0.8287424494683914,0.8287424494683914,0.8287424494683914,0.4802866745957795
food_site_capacity=10,250,True,False,2.0,1.0,0.21452777777777776,2.7905165832331122,0.8925854117477485,0.8310327551216814,0.8310327551216814,0.8310327551216814,0.617442779829018
food_site_capacity=10,251,True,False,2.0,1.0,0.20458333333333334,2.598451250946977,0.8285596578641629,0.8598650448192381,0.8598650448192381,0.8598650448192381,0.666585674583914
food_site_capacity=10,252,True,False,2.0,1.0,0.19541666666666666,2.3758940776669486,0.8210449469289721,0.7186127812908629,0.7186127812908629,0.7186127812908629,0.5511640144087494
food_site_capacity=10,253,True,False,2.0,1.0,0.20680555555555555,2.633805977392726,0.837003450846589,0.8588985425304421,0.8588985425304421,0.8588985425304421,0.7172396294726885
food_site_capacity=10,254,True,False,2.0,1.0,0.20394444444444443,2.5966893039779584,0.8588044245331118,0.892961978607982,0.892961978607982,0.892961978607982,0.4477126695285832
food_site_capacity=10,255,True,False,2.0,1.0,0.20802777777777778,2.644389221886804,0.8371054979618994,0.8399230333878156,0.8399230333878156,0.8399230333878156,0.3669296089598867
food_site_capacity=10,256,True,False,2.0,1.0,0.19616666666666666,2.4466906361064913,0.8285204986532102,0.8314075438554093,0.8314075438554093,0.8314075438554093,0.44025486737311026
food_site_capacity=10,257,False,False,0.9538391482893663,0.9538391482893663,0.1907222222222222,2.303397588313888,0.7630713186314931,0.809253047582345,0.809253047582345,0.809253047582345,0.21943706033725702
food_site_capacity=10,258,True,False,2.0,1.0,0.20608333333333334,2.6335076052209567,0.866314677760666,0.8483043187689198,0.8483043187689198,0.8483043187689198,0.5450154868609639
food_site_capacity=10,259,True,False,2.0,1.0,0.20494444444444446,2.607482650733916,0.8475593822957216,0.817912866817374,0.817912866817374,0.817912866817374,0.7232122636597431
food_site_capacity=10,260,True,False,2.0,1.0,0.2051111111111111,2.613953439279109,0.8375860246648086,0.799288084537025,0.799288084537025,0.799288084537025,0.5517877817136535
food_site_capacity=10,261,True,False,2.0,1.0,0.17888888888888888,2.2081245263241254,0.8653338222095944,0.799919641909618,0.799919641909618,0.799919641909618,0.47247611813503443
food_site_capacity=10,262,True,False,2.0,1.0,0.18252777777777776,2.221853577864462,0.8311303159759943,0.7999818521138504,0.7999818521138504,0.7999818521138504,0.40127039074939663
food_site_capacity=10,263,True,False,2.0,1.0,0.20533333333333334,2.6313884283516313,0.8778551318035679,0.8791632614584624,0.8791632614584624,0.8791632614584624,0.6882694683371499
food_site_capacity=10,264,True,False,2.0,1.0,0.20180555555555554,2.591741976583639,0.8485099132357832,0.8291316213138398,0.8291316213138398,0.8291316213138398,0.6777070277164687
food_site_capacity=10,265,True,False,2.0,1.0,0.1947222222222222,2.4136421640496812,0.8096852389666693,0.8781621984791163,0.8781621984791163,0.8781621984791163,0.5719467498952607
food_site_capacity=10,266,True,False,2.0,1.0,0.18872222222222224,2.379183920920025,0.8845101521161097,0.8496054474850664,0.8496054474850664,0.8496054474850664,0.7561318935210585
food_site_capacity=10,267,True,False,2.0,1.0,0.19330555555555554,2.412295475460704,0.8261679592376258,0.7658653707862195,0.7658653707862195,0.7658653707862195,0.34821787562032613
food_site_capacity=10,268,True,False,2.0,1.0,0.19594444444444442,2.482904970286324,0.868482122759686,0.8324743787458968,0.8324743787458968,0.8324743787458968,0.5358746930044451
food_site_capacity=10,269,True,False,2.0,1.0,0.19908333333333333,2.5656034776084824,0.8777944976928986,0.8064837707003181,0.8064837707003181,0.8064837707003181,0.4195453046475964
food_site_capacity=10,270,True,False,2.0,1.0,0.20777777777777778,2.668464010532768,0.8346428936086188,0.8508140279872566,0.8508140279872566,0.8508140279872566,0.8189447711574467
food_site_capacity=10,271,True,False,2.0,1.0,0.20808333333333331,2.732371406144201,0.8808955305970436,0.8474597837411234,0.8474597837411234,0.8474597837411234,0.36857459199551174
food_site_capacity=10,272,True,False,2.0,1.0,0.19541666666666666,2.476678513990161,0.8686924574150287,0.760642709410177,0.760642709410177,0.760642709410177,0.44781879934089525
food_site_capacity=10,273,True,False,2.0,1.0,0.19927777777777778,2.488671110055371,0.8259340086679013,0.8061209622538648,0.8061209622538648,0.8061209622538648,0.6382917692152588
food_site_capacity=10,274,True,False,2.0,1.0,0.18550000000000003,2.2350170643019527,0.8414520092487298,0.7390845458593819,0.7390845458593819,0.7390845458593819,0.6524591907218701
food_site_capacity=10,275,True,False,2.0,1.0,0.19830555555555557,2.5216662092401685,0.8503298693705857,0.8581252142247859,0.8581252142247859,0.8581252142247859,0.38492620762904384
food_site_capacity=10,276,False,False,0.4940013067072684,0.4940013067072684,0.21180555555555555,2.174224065512115,0.39520104536581474,0.3012744087456161,0.3012744087456161,0.3012744087456161,0.5176316701618352
food_site_capacity=10,277,True,False,2.0,1.0,0.2095,2.6870601173881936,0.8428030666204767,0.827123285238829,0.827123285238829,0.827123285238829,0.5090825929363646
food_site_capacity=10,278,True,False,2.0,1.0,0.18280555555555555,2.2450453228926572,0.8277722116063101,0.7803910968185009,0.7803910968185009,0.7803910968185009,0.4742529448363688
food_site_capacity=10,279,True,False,2.0,1.0,0.19925,2.516987611963394,0.8703915511852288,0.8693664840887732,0.8693664840887732,0.8693664840887732,0.6792558514698381
food_site_capacity=10,280,True,False,2.0,1.0,0.19508333333333333,2.431318402018542,0.8128040102467495,0.8273466730157686,0.8273466730157686,0.8273466730157686,0.5645433705199421
food_site_capacity=10,281,True,False,2.0,1.0,0.21319444444444444,2.6911149572023363,0.8140841958067156,0.8386477001562113,0.8386477001562113,0.8386477001562113,0.6067980469512085
food_site_capacity=10,282,True,False,2.0,1.0,0.1922222222222222,2.47085731915333,0.859849879660377,0.8679769395482926,0.8679769395482926,0.8679769395482926,0.6613305913853326
food_site_capacity=10,283,True,False,2.0,1.0,0.193,2.409158682048687,0.8227319260301368,0.7664442886725642,0.7664442886725642,0.7664442886725642,0.39222855340236396
food_site_capacity=10,284,True,False,2.0,1.0,0.2008611111111111,2.582448343243291,0.8634220184133411,0.9023157426629702,0.9023157426629702,0.9023157426629702,0.4116490178958498
food_site_capacity=10,285,True,False,2.0,1.0,0.20191666666666666,2.5596105472969812,0.8570014938287762,0.8478304600398752,0.8478304600398752,0.8478304600398752,0.6311826709400538
food_site_capacity=10,286,True,False,2.0,1.0,0.2063611111111111,2.660637495280253,0.8720463873781259,0.8953703185999521,0.8953703185999521,0.8953703185999521,0.6643902373939559
food_site_capacity=10,287,True,False,2.0,1.0,0.19983333333333334,2.5149210906298345,0.8740457309591104,0.8040256011857634,0.8040256011857634,0.8040256011857634,0.4853907497891709
food_site_capacity=10,288,True,False,2.0,1.0,0.18866666666666668,2.2932360538987284,0.8327847437858718,0.826262775148012,0.826262775148012,0.826262775148012,0.508367262755123
food_site_capacity=10,289,True,False,2.0,1.0,0.20369444444444443,2.5958935798302365,0.8609877707700596,0.7510569685695171,0.7510569685695171,0.7510569685695171,0.613520774662128
food_site_capacity=10,290,True,False,2.0,1.0,0.21608333333333332,2.799303109208493,0.8454354470360513,0.8133055019239913,0.8133055019239913,0.8133055019239913,0.623910994842762
food_site_capacity=10,291,True,False,2.0,1.0,0.20277777777777778,2.5969204523581184,0.841745649143079,0.8485221926761748,0.8485221926761748,0.8485221926761748,0.5155686757729198
food_site_capacity=10,292,True,False,2.0,1.0,0.1936388888888889,2.4404947839816016,0.8729426323789329,0.7710076618682895,0.7710076618682895,0.7710076618682895,0.6229309003199585
food_site_capacity=10,293,True,False,2.0,1.0,0.21266666666666667,2.7615517150041495,0.8386421635973946,0.8801296078793954,0.8801296078793954,0.8801296078793954,0.644634572949379
food_site_capacity=10,294,True,False,2.0,1.0,0.20149999999999998,2.5243151503234693,0.8284108771942822,0.8610800028538137,0.8610800028538137,0.8610800028538137,0.6646539830680978
food_site_capacity=10,295,True,False,2.0,1.0,0.20405555555555557,2.6503295535431843,0.8981642048465532,0.7433176220116118,0.7433176220116118,0.7433176220116118,0.5890145055460346
food_site_capacity=10,296,True,False,2.0,1.0,0.18825,2.3266305930123936,0.8531431560360553,0.8304678631206613,0.8304678631206613,0.8304678631206613,0.7633174762103057
food_site_capacity=10,297,True,False,2.0,1.0,0.21091666666666667,2.728889856285172,0.8449721788946822,0.9147780266018317,0.9147780266018317,0.9147780266018317,0.8132735566130529
food_site_capacity=10,298,True,False,2.0,1.0,0.20641666666666666,2.6947839612276243,0.9123342219927341,0.8035784200546762,0.8035784200546762,0.8035784200546762,0.6339191320205976
food_site_capacity=10,299,True,False,2.0,1.0,0.2051111111111111,2.676230379823084,0.8594760532650029,0.8746801392204764,0.8746801392204764,0.8746801392204764,0.8064460480887856
food_site_capacity=11,200,True,False,2.0,1.0,0.20299999999999999,2.6030342005048768,0.8741364859238717,0.8314117498994704,0.8314117498994704,0.8314117498994704,0.6982646448469481
food_site_capacity=11,201,True,False,2.0,1.0,0.20505555555555555,2.595468202162145,0.840550062718337,0.8524317781527195,0.8524317781527195,0.8524317781527195,0.7519674858644534
food_site_capacity=11,202,True,False,2.0,1.0,0.19780555555555557,2.4876598334815654,0.8449954219879688,0.8590059251642036,0.8590059251642036,0.8590059251642036,0.5859037809154407
food_site_capacity=11,203,True,False,2.0,1.0,0.20541666666666666,2.6078907905602517,0.8537411821828838,0.8202343047479549,0.8202343047479549,0.8202343047479549,0.6470985892259521
food_site_capacity=11,204,True,False,2.0,1.0,0.21241666666666664,2.741899467357166,0.8568113131858521,0.8094314914312869,0.8094314914312869,0.8094314914312869,0.44512903216665484
food_site_capacity=11,205,True,False,2.0,1.0,0.19544444444444445,2.3993458169349364,0.8203855536643253,0.7655996357809787,0.7655996357809787,0.7655996357809787,0.7525094009097105
food_site_capacity=11,206,True,False,2.0,1.0,0.20977777777777776,2.6987035381383633,0.8570189655789043,0.8654818007453698,0.8654818007453698,0.8654818007453698,0.5234891355993123
food_site_capacity=11,207,True,False,2.0,1.0,0.19433333333333333,2.5098255421838718,0.8820121580654201,0.8095771540456951,0.8095771540456951,0.8095771540456951,0.4461056826271088
food_site_capacity=11,208,True,False,2.0,1.0,0.21141666666666667,2.7548001412155103,0.8586117374277015,0.8613351897494411,0.8613351897494411,0.8613351897494411,0.6084705540765046
food_site_capacity=11,209,True,False,2.0,1.0,0.19225,2.4580357562608075,0.8761870293696391,0.8460675895597324,0.8460675895597324,0.8460675895597324,0.5869535902736269
food_site_capacity=11,210,True,False,2.0,1.0,0.20805555555555555,2.672579157377103,0.8404480783383284,0.8628776177238393,0.8628776177238393,0.8628776177238393,0.40874521280117015
food_site_capacity=11,211,False,False,0.9893031911377154,0.9893031911377154,0.19497222222222224,2.3751423931562483,0.7914425529101723,0.8201297864226548,0.8201297864226548,0.8201297864226548,0.27912452540018584
food_site_capacity=11,212,True,False,2.0,1.0,0.2033611111111111,2.6046148318820146,0.8719113719162994,0.7806901525365191,0.7806901525365191,0.7806901525365191,0.6210563119364638
food_site_capacity=11,213,True,False,2.0,1.0,0.18744444444444444,2.2876722164165844,0.8532303947622758,0.6183174851576319,0.6183174851576319,0.6183174851576319,0.42604569342051113
food_site_capacity=11,214,False,False,0.9816358479266882,0.9816358479266882,0.2103611111111111,2.6397444850577996,0.7853086783413507,0.8323591129583331,0.8323591129583331,0.8323591129583331,0.5437600025063642
food_site_capacity=11,215,True,False,2.0,1.0,0.21966666666666665,2.8735548207303534,0.8746194130870856,0.9010460513147064,0.9010460513147064,0.9010460513147064,0.4979936752078377
food_site_capacity=11,216,True,False,2.0,1.0,0.1923611111111111,2.4355689530465976,0.8593511920953187,0.7115104908257632,0.7115104908257632,0.7115104908257632,0.40849220836077815
food_site_capacity=11,217,True,False,2.0,1.0,0.2026388888888889,2.5464614182532324,0.8147759420969133,0.819594764578129,0.819594764578129,0.819594764578129,0.672137596189793
food_site_capacity=11,218,False,False,0.7684367213083955,0.7684367213083955,0.19983333333333334,2.2817223440045433,0.6147493770467164,0.47668982482410976,0.47668982482410976,0.47668982482410976,0.8027765830760052
food_site_capacity=11,219,True,False,2.0,1.0,0.2075,2.610240872917146,0.825066375735389,0.7882144368242218,0.7882144368242218,0.7882144368242218,0.5540696430774564
food_site_capacity=11,220,True,False,2.0,1.0,0.1916388888888889,2.347529457931401,0.8712128139804912,0.7831004362591508,0.7831004362591508,0.7831004362591508,0.2229332766597326
food_site_capacity=11,221,True,False,2.0,1.0,0.19666666666666668,2.473722927596862,0.8469507730097761,0.728851516179139,0.728851516179139,0.728851516179139,0.5225024958689335
food_site_capacity=11,222,True,False,2.0,1.0,0.2138611111111111,2.765339994019302,0.8347411463691528,0.8540197078933408,0.8540197078933408,0.8540197078933408,0.6367003495257466
food_site_capacity=11,223,True,False,2.0,1.0,0.19633333333333333,2.465111277913136,0.8423581691212443,0.7810108124328118,0.7810108124328118,0.7810108124328118,0.4004632338652096
food_site_capacity=11,224,True,False,2.0,1.0,0.20541666666666666,2.6041338296359653,0.8878469287903271,0.8291935721631843,0.8291935721631843,0.8291935721631843,0.6493444334396071
food_site_capacity=11,225,False,False,0.8392094548783158,0.8392094548783158,0.18141666666666667,2.097678606835948,0.6713675639026526,0.7837625185108453,0.7837625185108453,0.7837625185108453,0.44742836765944805
food_site_capacity=11,226,True,False,2.0,1.0,0.20541666666666666,2.6681983785707986,0.8890425830241792,0.8822581467737016,0.8822581467737016,0.8822581467737016,0.420223808028547
food_site_capacity=11,227,True,False,2.0,1.0,0.19633333333333333,2.4682005951911874,0.8745805312129599,0.7990554768384992,0.7990554768384992,0.7990554768384992,0.3787889340399415
food_site_capacity=11,228,True,False,2.0,1.0,0.2110277777777778,2.6733016636343354,0.8285758308085873,0.8121241089808432,0.8121241089808432,0.8121241089808432,0.5835037239368768
food_site_capacity=11,229,True,False,2.0,1.0,0.20469444444444443,2.6414130896875743,0.8721115811953423,0.8636866719119672,0.8636866719119672,0.8636866719119672,0.4504737671035286
food_site_capacity=11,230,True,False,2.0,1.0,0.20505555555555555,2.578975787593199,0.8464278390635985,0.744773797238049,0.744773797238049,0.744773797238049,0.6133725306101432
food_site_capacity=11,231,True,False,2.0,1.0,0.21025,2.6403287775175994,0.8261323697570674,0.8693235348032875,0.8693235348032875,0.8693235348032875,0.6800965398531305
food_site_capacity=11,232,True,False,2.0,1.0,0.20222222222222222,2.558119783321572,0.8775108809923782,0.8502763062276384,0.8502763062276384,0.8502763062276384,0.35104729752239694
food_site_capacity=11,233,True,False,2.0,1.0,0.21033333333333332,2.729414934768482,0.8702704862041485,0.8019587408766874,0.8019587408766874,0.8019587408766874,0.8244940577797399
food_site_capacity=11,234,True,False,2.0,1.0,0.21216666666666667,2.7356710579196846,0.865165248973909,0.8069386175960651,0.8069386175960651,0.8069386175960651,0.7241510969161074
food_site_capacity=11,235,True,False,2.0,1.0,0.20619444444444443,2.6227634811787888,0.8703495235248787,0.8462011348801594,0.8462011348801594,0.8462011348801594,0.30274516742994606
food_site_capacity=11,236,True,False,2.0,1.0,0.20633333333333334,2.6264825082011285,0.8604961485401162,0.8329255425261703,0.8329255425261703,0.8329255425261703,0.5156177891042381
food_site_capacity=11,237,False,False,0.982043896266458,0.982043896266458,0.20075,2.4617330507415067,0.7856351170131665,0.8272977124241011,0.8272977124241011,0.8272977124241011,0.5802903112477875
food_site_capacity=11,238,True,False,2.0,1.0,0.21744444444444444,2.8679709015958355,0.894413115184678,0.8561557279636577,0.8561557279636577,0.8561557279636577,0.618463021439318
food_site_capacity=11,239,True,False,2.0,1.0,0.20069444444444443,2.5643733106995983,0.8711025569165176,0.7707934252107225,0.7707934252107225,0.7707934252107225,0.37845781047590155
food_site_capacity=11,240,True,False,2.0,1.0,0.2013888888888889,2.542513249108571,0.867409802608203,0.8056551916933885,0.8056551916933885,0.8056551916933885,0.692646463468353
food_site_capacity=11,241,True,False,2.0,1.0,0.197,2.482789491008754,0.8715988192976598,0.7953277031454803,0.7953277031454803,0.7953277031454803,0.6907297396876927
food_site_capacity=11,242,True,False,2.0,1.0,0.21752777777777776,2.809642780498859,0.8803838721623356,0.8229726838061977,0.8229726838061977,0.8229726838061977,0.687866341147816
food_site_capacity=11,243,True,False,2.0,1.0,0.19416666666666668,2.4656072409953094,0.8574284736153156,0.8009379692744708,0.8009379692744708,0.8009379692744708,0.5965675306000476
food_site_capacity=11,244,True,False,2.0,1.0,0.19030555555555556,2.368269367992844,0.848980410905266,0.8186235690638931,0.8186235690638931,0.8186235690638931,0.5564437583026675
food_site_capacity=11,245,True,False,2.0,1.0,0.19647222222222224,2.458262732643126,0.8306623225873031,0.7861337485435683,0.7861337485435683,0.7861337485435683,0.7442820508347533
food_site_capacity=11,246,True,False,2.0,1.0,0.2098611111111111,2.710536198407754,0.8748849246580317,0.8339818724303023,0.8339818724303023,0.8339818724303023,0.7510106723470371
food_site_capacity=11,247,True,False,2.0,1.0,0.2028888888888889,2.5855323501465,0.8547706051213625,0.8298709359621016,0.8298709359621016,0.8298709359621016,0.46509148272120276
food_site_capacity=11,248,True,False,2.0,1.0,0.2121388888888889,2.7390566878401468,0.8779009994756594,0.7348534418215124,0.7348534418215124,0.7348534418215124,0.5861529157811437
food_site_capacity=11,249,True,False,2.0,1.0,0.21347222222222223,2.8047047261169626,0.8703671136316551,0.8982051186670277,0.8982051186670277,0.8982051186670277,0.4290435576960269
food_site_capacity=11,250,True,False,2.0,1.0,0.20233333333333334,2.515938606438987,0.8304079685236709,0.7574485276251827,0.7574485276251827,0.7574485276251827,0.506037863192695
food_site_capacity=11,251,True,False,2.0,1.0,0.18102777777777776,2.2366359311727924,0.8546699761004154,0.7898941695756501,0.7898941695756501,0.7898941695756501,0.43526106658842323
food_site_capacity=11,252,True,False,2.0,1.0,0.19955555555555554,2.5444721553848857,0.8765362346433544,0.8235683167975967,0.8235683167975967,0.8235683167975967,0.3796753235148361
food_site_capacity=11,253,True,False,2.0,1.0,0.19352777777777777,2.455014407022715,0.8858169216400485,0.8145982547231373,0.8145982547231373,0.8145982547231373,0.5466787500914181
food_site_capacity=11,254,True,False,2.0,1.0,0.18872222222222224,2.423008314658409,0.8830869170877502,0.8733144408676751,0.8733144408676751,0.8733144408676751,0.7759629820623682
food_site_capacity=11,255,True,False,2.0,1.0,0.2075,2.6794102173116086,0.8412906826758256,0.856853780001358,0.856853780001358,0.856853780001358,0.7640869117108728
food_site_capacity=11,256,True,False,2.0,1.0,0.20016666666666666,2.554242522192054,0.8751829242303373,0.848603284021707,0.848603284021707,0.848603284021707,0.6537522890301051
food_site_capacity=11,257,True,False,2.0,1.0,0.21005555555555555,2.7044907272651293,0.8755496947185508,0.8464906658118709,0.8464906658118709,0.8464906658118709,0.7189893785371049
food_site_capacity=11,258,True,False,2.0,1.0,0.19925,2.517567472571487,0.863063587517534,0.8221657900637609,0.8221657900637609,0.8221657900637609,0.48254366949410826
food_site_capacity=11,259,True,False,2.0,1.0,0.19766666666666666,2.5164584727647834,0.8711673877015501,0.7404048389746618,0.7404048389746618,0.7404048389746618,0.7110396309953184
food_site_capacity=11,260,True,False,2.0,1.0,0.20922222222222223,2.7213382831035227,0.8753623077517007,0.8586277198396571,0.8586277198396571,0.8586277198396571,0.6049576692041282
food_site_capacity=11,261,True,False,2.0,1.0,0.20466666666666666,2.6530598891280643,0.9089633260913728,0.8552117603989109,0.8552117603989109,0.8552117603989109,0.5250272846516812
food_site_capacity=11,262,True,False,2.0,1.0,0.22069444444444444,2.8926724657494725,0.88670310044909,0.8418442786592046,0.8418442786592046,0.8418442786592046,0.7330988936539806
food_site_capacity=11,263,True,False,2.0,1.0,0.19113888888888889,2.4204328531182573,0.8901149386767261,0.8265669600360105,0.8265669600360105,0.8265669600360105,0.41189422256845654
food_site_capacity=11,264,True,False,2.0,1.0,0.20680555555555555,2.607926996001523,0.8363757478415091,0.8759984416093821,0.8759984416093821,0.8759984416093821,0.7529960183987358
food_site_capacity=11,265,True,False,2.0,1.0,0.19683333333333333,2.51275736541035,0.9135167529042395,0.8436322145805859,0.8436322145805859,0.8436322145805859,0.40534438462498984
food_site_capacity=11,266,True,False,2.0,1.0,0.19930555555555557,2.5511816613923717,0.8751481742594099,0.8170544982133852,0.8170544982133852,0.8170544982133852,0.7154638330687824
food_site_capacity=11,267,True,False,2.0,1.0,0.19480555555555554,2.446262736046715,0.8045582084339779,0.8043456057827032,0.8043456057827032,0.8043456057827032,0.3885502325218129
food_site_capacity=11,268,True,False,2.0,1.0,0.20488888888888887,2.605247165981962,0.8229409585043057,0.8367874976270336,0.8367874976270336,0.8367874976270336,0.5393893780995245
food_site_capacity=11,269,True,False,2.0,1.0,0.19702777777777777,2.4983707047186754,0.8452386845031367,0.8604539939282537,0.8604539939282537,0.8604539939282537,0.6700403953911926
food_site_capacity=11,270,True,False,2.0,1.0,0.20502777777777778,2.5652148037877565,0.813239000132983,0.8353319574228151,0.8353319574228151,0.8353319574228151,0.6737412273617401
food_site_capacity=11,271,True,False,2.0,1.0,0.20297222222222222,2.58515179922396,0.8662855199353857,0.8300524897095438,0.8300524897095438,0.8300524897095438,0.4532509307566947
food_site_capacity=11,272,True,False,2.0,1.0,0.18958333333333333,2.3819024656473604,0.863335697084451,0.8121844158772507,0.8121844158772507,0.8121844158772507,0.553988297580769
food_site_capacity=11,273,True,False,2.0,1.0,0.2006388888888889,2.5162790992484423,0.8398316164353264,0.8224361418693025,0.8224361418693025,0.8224361418693025,0.46200508787093103
food_site_capacity=11,274,True,False,2.0,1.0,0.19191666666666668,2.4098338032046973,0.8558329027490955,0.8717838718744365,0.8717838718744365,0.8717838718744365,0.4155832365948419
food_site_capacity=11,275,True,False,2.0,1.0,0.19194444444444445,2.395991157774126,0.8600569284920393,0.8317572207642142,0.8317572207642142,0.8317572207642142,0.6412665884151973
food_site_capacity=11,276,True,False,2.0,1.0,0.20224999999999999,2.5546974574782833,0.836013708100714,0.8675189344132653,0.8675189344132653,0.8675189344132653,0.4186666375019851
food_site_capacity=11,277,True,False,2.0,1.0,0.2091388888888889,2.6837886990440363,0.8758214430640725,0.8156751326946489,0.8156751326946489,0.8156751326946489,0.6259008028578148
food_site_capacity=11,278,True,False,2.0,1.0,0.2085,2.6603231613199965,0.8480829146346173,0.8567220273243781,0.8567220273243781,0.8567220273243781,0.6367539685529382
food_site_capacity=11,279,True,False,2.0,1.0,0.20505555555555555,2.5730889518641846,0.8386219917631468,0.873180471059142,0.873180471059142,0.873180471059142,0.5329076259006664
food_site_capacity=11,280,True,False,2.0,1.0,0.19608333333333333,2.404072707082451,0.80067380906472,0.7333158973613025,0.7333158973613025,0.7333158973613025,0.4264946747888876
food_site_capacity=11,281,False,False,0.9932682402345467,0.9932682402345467,0.20002777777777778,2.4162797978524333,0.7946145921876374,0.7940475603762527,0.7940475603762527,0.7940475603762527,0.6383023239799943
food_site_capacity=11,282,True,False,2.0,1.0,0.1995,2.561057597359399,0.8753342913585886,0.837424898924471,0.837424898924471,0.837424898924471,0.746256161912809
food_site_capacity=11,283,True,False,2.0,1.0,0.19466666666666665,2.4102089704061105,0.8199944991365438,0.7952429273547639,0.7952429273547639,0.7952429273547639,0.7576161614599074
food_site_capacity=11,284,True,False,2.0,1.0,0.18155555555555555,2.2849532582188976,0.8620486108999039,0.811508167609342,0.811508167609342,0.811508167609342,0.3267804458933412
food_site_capacity=11,285,True,False,2.0,1.0,0.2068888888888889,2.653015337747223,0.872321005396513,0.8446399167915869,0.8446399167915869,0.8446399167915869,0.21694389758469493
food_site_capacity=11,286,True,False,2.0,1.0,0.19730555555555554,2.43454721945254,0.812668699332529,0.8275726765842446,0.8275726765842446,0.8275726765842446,0.47117945547862766
food_site_capacity=11,287,True,False,2.0,1.0,0.20350000000000001,2.618648457839628,0.8782321760428522,0.8320649068453291,0.8320649068453291,0.8320649068453291,0.4739948781270158
food_site_capacity=11,288,True,False,2.0,1.0,0.1988611111111111,2.5777604221996855,0.9026988194116063,0.7954799785894107,0.7954799785894107,0.7954799785894107,0.4006958916722387
food_site_capacity=11,289,True,False,2.0,1.0,0.18380555555555558,2.273201423860256,0.8667251743004173,0.8221642790262407,0.8221642790262407,0.8221642790262407,0.6553783767554006
food_site_capacity=11,290,True,False,2.0,1.0,0.20641666666666666,2.67442986090604,0.9055555499410989,0.8491705688074163,0.8491705688074163,0.8491705688074163,0.7410429400749595
food_site_capacity=11,291,True,False,2.0,1.0,0.20002777777777778,2.551756400495286,0.8492911974476759,0.8819729344847086,0.8819729344847086,0.8819729344847086,0.5702645794729803
food_site_capacity=11,292,True,False,2.0,1.0,0.20566666666666666,2.642031346762062,0.8562217161348612,0.85953888454536,0.85953888454536,0.85953888454536,0.6341059792634494
food_site_capacity=11,293,True,False,2.0,1.0,0.20477777777777778,2.572698861217775,0.8368048460083326,0.8136721581001548,0.8136721581001548,0.8136721581001548,0.6202541784624026
food_site_capacity=11,294,True,False,2.0,1.0,0.20044444444444445,2.5296763220045273,0.834515987908516,0.8110075420008408,0.8110075420008408,0.8110075420008408,0.6509928635426724
food_site_capacity=11,295,True,False,2.0,1.0,0.20750000000000002,2.7197330429396085,0.9078064548344464,0.8564369714003034,0.8564369714003034,0.8564369714003034,0.6734912184889743
food_site_capacity=11,296,True,False,2.0,1.0,0.18063888888888888,2.192569637836213,0.8448547390677433,0.7814947776052922,0.7814947776052922,0.7814947776052922,0.4394195130230084
food_site_capacity=11,297,True,False,2.0,1.0,0.21308333333333335,2.7585929430275558,0.8526660142565631,0.8418653918517228,0.8418653918517228,0.8418653918517228,0.39780200365801843
food_site_capacity=11,298,True,False,2.0,1.0,0.19666666666666668,2.4461711960014254,0.8620925516270506,0.7286046257981807,0.7286046257981807,0.7286046257981807,0.7679441503796356
food_site_capacity=11,299,True,False,2.0,1.0,0.20805555555555555,2.6913774142642706,0.867654188543105,0.877828079628032,0.877828079628032,0.877828079628032,0.528079152484575
vertical_comb_benefit=0.4800,200,True,False,2.0,1.0,0.1953888888888889,2.2539022913749376,0.8296000558281484,0.8709022507024018,0.8709022507024018,0.8709022507024018,0.7063592944734772
vertical_comb_benefit=0.4800,201,True,False,2.0,1.0,0.20272222222222222,2.416989338457669,0.8691347456001289,0.8249191681160811,0.8249191681160811,0.8249191681160811,0.7356751873920669
vertical_comb_benefit=0.4800,202,True,False,2.0,1.0,0.21980555555555553,2.7048046480997723,0.8785976177971816,0.9016290347221558,0.9016290347221558,0.9016290347221558,0.7992082810800079
vertical_comb_benefit=0.4800,203,False,False,0.9901607473225617,0.9901607473225617,0.18486111111111111,2.095980516397083,0.7921285978580493,0.6660944291130659,0.6660944291130659,0.6660944291130659,0.6019032505791583
vertical_comb_benefit=0.4800,204,True,False,2.0,1.0,0.19127777777777777,2.2832923625996404,0.8778786765200248,0.8446054362569668,0.8446054362569668,0.8446054362569668,0.4337787685185341
vertical_comb_benefit=0.4800,205,True,False,2.0,1.0,0.19733333333333333,2.3060873904975323,0.8306728126718027,0.8856746342803191,0.8856746342803191,0.8856746342803191,0.40424341142510617
vertical_comb_benefit=0.4800,206,True,False,2.0,1.0,0.19647222222222224,2.279679559264438,0.8067501341520151,0.8171623620950345,0.8171623620950345,0.8171623620950345,0.4640301691107854
vertical_comb_benefit=0.4800,207,True,False,2.0,1.0,0.2025833333333333,2.4290542819691834,0.8461326990489355,0.8766950225760646,0.8766950225760646,0.8766950225760646,0.5973371935704862
vertical_comb_benefit=0.4800,208,True,False,2.0,1.0,0.20619444444444443,2.4737299618193447,0.8855136483317445,0.870592571774935,0.870592571774935,0.870592571774935,0.7433223569604431
vertical_comb_benefit=0.4800,209,True,False,2.0,1.0,0.20591666666666666,2.4475183127454736,0.8524150717864291,0.8004261329848464,0.8004261329848464,0.8004261329848464,0.6999635464444504
vertical_comb_benefit=0.4800,210,True,False,2.0,1.0,0.20633333333333334,2.464840811497263,0.80419599527755,0.761720917478304,0.761720917478304,0.761720917478304,0.4946693110804199
vertical_comb_benefit=0.4800,211,True,False,2.0,1.0,0.20122222222222225,2.4098056278075215,0.8691508530464245,0.8348331973903641,0.8348331973903641,0.8348331973903641,0.6600440306848262
vertical_comb_benefit=0.4800,212,True,False,2.0,1.0,0.18925,2.232490478861244,0.8724173590907908,0.8243424926786681,0.8243424926786681,0.8243424926786681,0.6934957494085298
vertical_comb_benefit=0.4800,213,False,False,0.2828234303480326,0.2828234303480326,0.19063888888888889,1.7864156507829856,0.36767785275848275,0.1414117151740163,0.1414117151740163,0.1414117151740163,0.6389606242446484
vertical_comb_benefit=0.4800,214,True,False,2.0,1.0,0.19483333333333333,2.218419737338175,0.8441669877800402,0.7699452965330745,0.7699452965330745,0.7699452965330745,0.5904088067686757
vertical_comb_benefit=0.4800,215,True,False,2.0,1.0,0.19355555555555556,2.212324952659768,0.8192140522442449,0.8504480125755473,0.8504480125755473,0.8504480125755473,0.5562273513210775
vertical_comb_benefit=0.4800,216,True,False,2.0,1.0,0.19294444444444445,2.2240928887084985,0.8281500398928704,0.7721094023648926,0.7721094023648926,0.7721094023648926,0.4646243202371935
vertical_comb_benefit=0.4800,217,True,False,2.0,1.0,0.20147222222222222,2.414308051322819,0.8744092518286368,0.8018458939686756,0.8018458939686756,0.8018458939686756,0.6732555860929075
vertical_comb_benefit=0.4800,218,True,False,2.0,1.0,0.2025,2.4251581631457713,0.8787042284971812,0.8324439528549141,0.8324439528549141,0.8324439528549141,0.6772508810111274
vertical_comb_benefit=0.4800,219,True,False,2.0,1.0,0.20827777777777776,2.469811973388561,0.8399455596332515,0.8465232589534932,0.8465232589534932,0.8465232589534932,0.5633106763192418
vertical_comb_benefit=0.4800,220,True,False,2.0,1.0,0.21019444444444443,2.5309284845631805,0.8663054041625756,0.8608720395634286,0.8608720395634286,0.8608720395634286,0.7049173542030053
vertical_comb_benefit=0.4800,221,True,False,2.0,1.0,0.19208333333333333,2.2460141136510288,0.86841203321936,0.8217660682149261,0.8217660682149261,0.8217660682149261,0.6350075068329418
vertical_comb_benefit=0.4800,222,True,False,2.0,1.0,0.21091666666666667,2.53315799521385,0.8485401178860267,0.8970696854067831,0.8970696854067831,0.8970696854067831,0.7129712895556
vertical_comb_benefit=0.4800,223,True,False,2.0,1.0,0.20069444444444443,2.3690115218105503,0.8707866966244489,0.8535970378383343,0.8535970378383343,0.8535970378383343,0.47484115959806505
vertical_comb_benefit=0.4800,224,False,False,0.6352026594725897,0.6352026594725897,0.18438888888888888,1.930601286661185,0.6020559240584694,0.31760132973629485,0.31760132973629485,0.31760132973629485,0.541957404854752
vertical_comb_benefit=0.4800,225,True,False,2.0,1.0,0.19941666666666666,2.3375269403438717,0.8560208599793397,0.8399022991348531,0.8399022991348531,0.8399022991348531,0.5884912298590217
vertical_comb_benefit=0.4800,226,False,False,0.9366488355236622,0.9366488355236622,0.18986111111111112,2.1602172419218837,0.7493190684189298,0.8019835590584778,0.8019835590584778,0.8019835590584778,0.6660120869291165
vertical_comb_benefit=0.4800,227,True,False,2.0,1.0,0.2036111111111111,2.390339912281068,0.8578179290410677,0.7935617862619454,0.7935617862619454,0.7935617862619454,0.8275486712333657
vertical_comb_benefit=0.4800,228,True,False,2.0,1.0,0.20891666666666667,2.5163519847992175,0.8852018750190981,0.8088662727505511,0.8088662727505511,0.8088662727505511,0.5779153484440872
vertical_comb_benefit=0.4800,229,True,False,2.0,1.0,0.18297222222222223,2.0665583502605287,0.821886863831644,0.7322697090116332,0.7322697090116332,0.7322697090116332,0.354933665237625
vertical_comb_benefit=0.4800,230,True,False,2.0,1.0,0.20508333333333334,2.448086682118856,0.8551364396480843,0.8380666208113137,0.8380666208113137,0.8380666208113137,0.6376683728436806
vertical_comb_benefit=0.4800,231,False,False,0.9265740645857932,0.9265740645857932,0.20866666666666667,2.4065643620809873,0.7412592516686346,0.8621396721419845,0.8621396721419845,0.8621396721419845,0.37836206323046795
vertical_comb_benefit=0.4800,232,True,False,2.0,1.0,0.20619444444444443,2.4986232705558558,0.9072891248701882,0.8592882355653533,0.8592882355653533,0.8592882355653533,0.6281352848648508
vertical_comb_benefit=0.4800,233,True,False,2.0,1.0,0.2014166666666667,2.389622203427911,0.842225540040186,0.8547555876551363,0.8547555876551363,0.8547555876551363,0.6649955753527281
vertical_comb_benefit=0.4800,234,True,False,2.0,1.0,0.18844444444444444,2.1462849227777463,0.8227511359342634,0.7779810221835425,0.7779810221835425,0.7779810221835425,0.4693677191920342
vertical_comb_benefit=0.4800,235,True,False,2.0,1.0,0.19844444444444445,2.3559537492942884,0.8402609561143097,0.8695119122776999,0.8695119122776999,0.8695119122776999,0.6423740918163222
vertical_comb_benefit=0.4800,236,True,False,2.0,1.0,0.19583333333333333,2.303466975570678,0.8197783571295612,0.7965240671673722,0.7965240671673722,0.7965240671673722,0.3708102587835308
vertical_comb_benefit=0.4800,237,True,False,2.0,1.0,0.1897222222222222,2.2180997242126828,0.8294123509586204,0.8713719054789261,0.8713719054789261,0.8713719054789261,0.5702379532316949
vertical_comb_benefit=0.4800,238,True,False,2.0,1.0,0.19558333333333333,2.2721390032554796,0.8562653852790596,0.749249310619972,0.749249310619972,0.749249310619972,0.6371469733345401
vertical_comb_benefit=0.4800,239,False,False,0.9890291494238624,0.9890291494238624,0.18411111111111111,2.0321073258940507,0.79122331953909,0.8716035855257463,0.8716035855257463,0.8716035855257463,0.5642177080732119
vertical_comb_benefit=0.4800,240,True,False,2.0,1.0,0.19669444444444442,2.3019489039407732,0.8677674594361494,0.8101781227201439,0.8101781227201439,0.8101781227201439,0.6930548989156564
vertical_comb_benefit=0.4800,241,True,False,2.0,1.0,0.19677777777777777,2.3057718928280537,0.865332363596276,0.8912823459792887,0.8912823459792887,0.8912823459792887,0.35793315764780725
vertical_comb_benefit=0.4800,242,True,False,2.0,1.0,0.2111111111111111,2.5770191592241987,0.8815035912436164,0.8475111220150482,0.8475111220150482,0.8475111220150482,0.4848003772126161
vertical_comb_benefit=0.4800,243,True,False,2.0,1.0,0.20047222222222225,2.3677722137949497,0.8870814660713411,0.8214989013618198,0.8214989013618198,0.8214989013618198,0.6700621540787758
vertical_comb_benefit=0.4800,244,True,False,2.0,1.0,0.18961111111111112,2.1773691555974124,0.8288396218449006,0.8644637763702184,0.8644637763702184,0.8644637763702184,0.5061237107310694
vertical_comb_benefit=0.4800,245,True,False,2.0,1.0,0.188,2.1965329122697685,0.8637583773005352,0.7421919069463135,0.7421919069463135,0.7421919069463135,0.6374343311027328
vertical_comb_benefit=0.4800,246,False,False,0.9908273957332099,0.9908273957332099,0.18327777777777776,2.0715914280573196,0.7926619165865679,0.7964430175898146,0.7964430175898146,0.7964430175898146,0.7285647790275109
vertical_comb_benefit=0.4800,247,True,False,2.0,1.0,0.19030555555555556,2.13126489997322,0.8021624215724051,0.7500909077068961,0.7500909077068961,0.7500909077068961,0.45066874876087987
vertical_comb_benefit=0.4800,248,True,False,2.0,1.0,0.1933888888888889,2.2257034118365713,0.8106168174300852,0.7800308317032899,0.7800308317032899,0.7800308317032899,0.28103650188863327
vertical_comb_benefit=0.4800,249,True,False,2.0,1.0,0.20372222222222222,2.448964624256275,0.8523402700498234,0.8532663581366149,0.8532663581366149,0.8532663581366149,0.68485199093058
vertical_comb_benefit=0.4800,250,False,False,0.4300145364833885,0.4300145364833885,0.20677777777777778,2.0069634731578225,0.3440116291867108,0.23705088297694285,0.23705088297694285,0.23705088297694285,0.4894432823739289
vertical_comb_benefit=0.4800,251,True,False,2.0,1.0,0.1908611111111111,2.146125880686673,0.8161434827971448,0.8324542492477851,0.8324542492477851,0.8324542492477851,0.2028621665804413
vertical_comb_benefit=0.4800,252,False,False,0.9939505998847583,0.9939505998847583,0.19819444444444445,2.2841492578619906,0.7951604799078067,0.7580288546898176,0.7580288546898176,0.7580288546898176,0.6111164264336834
vertical_comb_benefit=0.4800,253,True,False,2.0,1.0,0.18825,2.124330327116279,0.8114383043655274,0.8729307814991636,0.8729307814991636,0.8729307814991636,0.3821790347520468
vertical_comb_benefit=0.4800,254,True,False,2.0,1.0,0.20519444444444446,2.4455160444422357,0.8657791408320853,0.7909307138843303,0.7909307138843303,0.7909307138843303,0.6685268472359944
vertical_comb_benefit=0.4800,255,True,False,2.0,1.0,0.19441666666666665,2.300615516366224,0.8586480675688661,0.8387440002578466,0.8387440002578466,0.8387440002578466,0.7016750107517784
vertical_comb_benefit=0.4800,256,True,False,2.0,1.0,0.20875000000000002,2.528376327871202,0.8887457993241632,0.8126163335796204,0.8126163335796204,0.8126163335796204,0.6841087596362462
vertical_comb_benefit=0.4800,257,True,False,2.0,1.0,0.19741666666666668,2.3327357267247804,0.889401675513412,0.8321252631707831,0.8321252631707831,0.8321252631707831,0.4636177746671672
vertical_comb_benefit=0.4800,258,True,False,2.0,1.0,0.22180555555555556,2.673631546578285,0.8558570324435736,0.9016643934436108,0.9016643934436108,0.9016643934436108,0.7078659745837288
vertical_comb_benefit=0.4800,259,True,False,2.0,1.0,0.19677777777777777,2.261621348720813,0.8027441821525749,0.9052818304802581,0.9052818304802581,0.9052818304802581,0.6887076129607619
vertical_comb_benefit=0.4800,260,False,False,0.9997328285239295,0.9997328285239295,0.20308333333333334,2.356583661288546,0.7997862628191437,0.7327283403171104,0.7327283403171104,0.7327283403171104,0.5068139335133689
vertical_comb_benefit=0.4800,261,False,False,0.9442041609113628,0.9442041609113628,0.19622222222222221,2.2090467015028152,0.7553633287290903,0.8202342140753777,0.8202342140753777,0.8202342140753777,0.6173395471427242
vertical_comb_benefit=0.4800,262,False,False,0.9916049528386391,0.9916049528386391,0.17908333333333332,2.009301990315855,0.7932839622709114,0.8315122301784503,0.8315122301784503,0.8315122301784503,0.39657858464621837
vertical_comb_benefit=0.4800,263,True,False,2.0,1.0,0.19716666666666666,2.326928068460688,0.8634512516865457,0.8186684240402748,0.8186684240402748,0.8186684240402748,0.41472785926880346
vertical_comb_benefit=0.4800,264,True,False,2.0,1.0,0.21358333333333332,2.58423387339334,0.8909462132946058,0.8095087291139726,0.8095087291139726,0.8095087291139726,0.5378731731426442
vertical_comb_benefit=0.4800,265,True,False,2.0,1.0,0.20094444444444445,2.361492403506855,0.8457646477112275,0.7435549761859609,0.7435549761859609,0.7435549761859609,0.30633484895699553
vertical_comb_benefit=0.4800,266,True,False,2.0,1.0,0.18688888888888888,2.14316938414777,0.8244475183840562,0.7796179111681915,0.7796179111681915,0.7796179111681915,0.5447047928615747
vertical_comb_benefit=0.4800,267,True,False,2.0,1.0,0.1868611111111111,2.1284109372347895,0.8625310272377359,0.7672096707613828,0.7672096707613828,0.7672096707613828,0.4876305989143755
vertical_comb_benefit=0.4800,268,False,False,0.998183813045377,0.998183813045377,0.18794444444444444,2.1029864777544907,0.7985470504363016,0.8072795680195074,0.8072795680195074,0.8072795680195074,0.397545219128239
vertical_comb_benefit=0.4800,269,True,False,2.0,1.0,0.1993333333333333,2.3547041772183928,0.8490374362103381,0.8239278294343658,0.8239278294343658,0.8239278294343658,0.6558231898508138
vertical_comb_benefit=0.4800,270,True,False,2.0,1.0,0.20572222222222222,2.497533116299594,0.8732085664811345,0.8707139569936203,0.8707139569936203,0.8707139569936203,0.37337094020862627
vertical_comb_benefit=0.4800,271,True,False,2.0,1.0,0.22155555555555556,2.7322384659466246,0.8538324176524353,0.8830405906939176,0.8830405906939176,0.8830405906939176,0.4917035655993305
vertical_comb_benefit=0.4800,272,True,False,2.0,1.0,0.20647222222222222,2.435470061645941,0.8340747072702113,0.8040412636330584,0.8040412636330584,0.8040412636330584,0.5782485109985097
vertical_comb_benefit=0.4800,273,True,False,2.0,1.0,0.1946388888888889,2.245147228476928,0.8321264074322356,0.8879876708685556,0.8879876708685556,0.8879876708685556,0.46730926746125256
vertical_comb_benefit=0.4800,274,True,False,2.0,1.0,0.1953888888888889,2.334991204974629,0.8656582589704332,0.8363568658614997,0.8363568658614997,0.8363568658614997,0.5582882705206382
vertical_comb_benefit=0.4800,275,False,False,0.9640209563109811,0.9640209563109811,0.19155555555555556,2.1656758528646742,0.7712167650487849,0.8024478610628717,0.8024478610628717,0.8024478610628717,0.5477626659134726
vertical_comb_benefit=0.4800,276,False,False,0.2517180036135587,0.2517180036135587,0.21527777777777776,2.0226975543654477,0.201374402890847,0.14355567219027512,0.14355567219027512,0.14355567219027512,0.43476832659693165
vertical_comb_benefit=0.4800,277,True,False,2.0,1.0,0.17716666666666667,2.016251262926932,0.8614303489936188,0.7689371490685631,0.7689371490685631,0.7689371490685631,0.623743956019836
vertical_comb_benefit=0.4800,278,True,False,2.0,1.0,0.2083611111111111,2.4503352999728256,0.817974639539368,0.8533358631610742,0.8533358631610742,0.8533358631610742,0.484502158814147
vertical_comb_benefit=0.4800,279,True,False,2.0,1.0,0.19416666666666668,2.2211080299273123,0.8115743663279431,0.7541418238726404,0.7541418238726404,0.7541418238726404,0.3012326864635732
vertical_comb_benefit=0.4800,280,True,False,2.0,1.0,0.20344444444444446,2.417377692809492,0.8712710974632368,0.8112945168301612,0.8112945168301612,0.8112945168301612,0.34651655128647807
vertical_comb_benefit=0.4800,281,True,False,2.0,1.0,0.20391666666666666,2.395775497045045,0.8339012442225272,0.8867180350115095,0.8867180350115095,0.8867180350115095,0.6081870640204523
vertical_comb_benefit=0.4800,282,False,False,0.5149078903580014,0.5149078903580014,0.18808333333333332,1.850468806742269,0.41192631228640114,0.40978294670802,0.40978294670802,0.40978294670802,0.4466420785164006
vertical_comb_benefit=0.4800,283,True,False,2.0,1.0,0.1978611111111111,2.323430612083629,0.829424304685471,0.8101062027862309,0.8101062027862309,0.8101062027862309,0.6041289507970264
vertical_comb_benefit=0.4800,284,True,False,2.0,1.0,0.1888888888888889,2.215613384562371,0.8628437717956967,0.7891903347502021,0.7891903347502021,0.7891903347502021,0.783164733566348
vertical_comb_benefit=0.4800,285,True,False,2.0,1.0,0.20755555555555555,2.5044354483533486,0.877415640938167,0.8817969736779995,0.8817969736779995,0.8817969736779995,0.7667122858123497
vertical_comb_benefit=0.4800,286,True,False,2.0,1.0,0.21908333333333332,2.6666995509857987,0.8713336336249607,0.8531600022784596,0.8531600022784596,0.8531600022784596,0.7430189672978659
vertical_comb_benefit=0.4800,287,True,False,2.0,1.0,0.19516666666666668,2.257543996258188,0.8246268186157377,0.8330143109820991,0.8330143109820991,0.8330143109820991,0.6786000277643557
vertical_comb_benefit=0.4800,288,True,False,2.0,1.0,0.2011388888888889,2.396559336538231,0.867883187028358,0.8648133742916023,0.8648133742916023,0.8648133742916023,0.7348464234721344
vertical_comb_benefit=0.4800,289,True,False,2.0,1.0,0.20388888888888887,2.436888816346582,0.8575655625514575,0.8663213057716683,0.8663213057716683,0.8663213057716683,0.637310787301818
vertical_comb_benefit=0.4800,290,True,False,2.0,1.0,0.2011111111111111,2.4205982933766412,0.8734585527961312,0.8644496578137952,0.8644496578137952,0.8644496578137952,0.47981506378717786
vertical_comb_benefit=0.4800,291,False,False,0.9987399052575552,0.9987399052575552,0.19808333333333333,2.2708059365274624,0.7989919242060441,0.8388720252140338,0.8388720252140338,0.8388720252140338,0.5229963260870842
vertical_comb_benefit=0.4800,292,True,False,2.0,1.0,0.19275,2.2019436126615517,0.8219687408834199,0.7449279825854612,0.7449279825854612,0.7449279825854612,0.4809242547955394
vertical_comb_benefit=0.4800,293,True,False,2.0,1.0,0.20147222222222222,2.408044306266277,0.8646926271791812,0.882385999854016,0.882385999854016,0.882385999854016,0.5899482985912194
vertical_comb_benefit=0.4800,294,True,False,2.0,1.0,0.1926388888888889,2.1890704962147756,0.8123709640398633,0.7430970105949068,0.7430970105949068,0.7430970105949068,0.44640633677106545
vertical_comb_benefit=0.4800,295,True,False,2.0,1.0,0.21591666666666667,2.5850243371434396,0.8286571015446907,0.834065655070429,0.834065655070429,0.834065655070429,0.65205385702105
vertical_comb_benefit=0.4800,296,True,False,2.0,1.0,0.20461111111111113,2.415042488725533,0.8395588877997866,0.7915272151192585,0.7915272151192585,0.7915272151192585,0.6365329469624509
vertical_comb_benefit=0.4800,297,True,False,2.0,1.0,0.2107222222222222,2.5146271156687203,0.8611005463330236,0.8119787059419278,0.8119787059419278,0.8119787059419278,0.7678585511988405
vertical_comb_benefit=0.4800,298,True,False,2.0,1.0,0.2068888888888889,2.4110567816974897,0.8297427807362135,0.8250101003682989,0.8250101003682989,0.8250101003682989,0.3728449580762137
vertical_comb_benefit=0.4800,299,True,False,2.0,1.0,0.20733333333333331,2.4973045223128674,0.8448511734828438,0.8170900947470828,0.8170900947470828,0.8170900947470828,0.6516498399757396
vertical_comb_benefit=0.5200,200,True,False,2.0,1.0,0.20075,2.390751233996586,0.8271383872046483,0.8012549615660453,0.8012549615660453,0.8012549615660453,0.4641528934450662
vertical_comb_benefit=0.5200,201,True,False,2.0,1.0,0.19947222222222222,2.430402287193324,0.8755074823633461,0.8182006727141737,0.8182006727141737,0.8182006727141737,0.69503504829165
vertical_comb_benefit=0.5200,202,True,False,2.0,1.0,0.18775,2.205584308752138,0.8175426074798657,0.628096220623385,0.628096220623385,0.628096220623385,0.2835282907104631
vertical_comb_benefit=0.5200,203,True,False,2.0,1.0,0.18861111111111112,2.2449044218526577,0.8305586310978543,0.7900371956292387,0.7900371956292387,0.7900371956292387,0.41498672989881386
vertical_comb_benefit=0.5200,204,True,False,2.0,1.0,0.20788888888888887,2.513686917929085,0.8483334534312493,0.7941819602776683,0.7941819602776683,0.7941819602776683,0.4861981036351475
vertical_comb_benefit=0.5200,205,True,False,2.0,1.0,0.188,2.2102736111176684,0.8535610184517541,0.790286561161248,0.790286561161248,0.790286561161248,0.21437596806829615
vertical_comb_benefit=0.5200,206,True,False,2.0,1.0,0.20991666666666667,2.596698838013502,0.8548168183339349,0.8717581815919723,0.8717581815919723,0.8717581815919723,0.44103483058933896
vertical_comb_benefit=0.5200,207,True,False,2.0,1.0,0.20252777777777778,2.4035145523206967,0.8541253635907593,0.7371167774957347,0.7371167774957347,0.7371167774957347,0.6385707612923726
vertical_comb_benefit=0.5200,208,True,False,2.0,1.0,0.19602777777777777,2.382492123096168,0.889159138245212,0.8298925237398777,0.8298925237398777,0.8298925237398777,0.4657231054782299
vertical_comb_benefit=0.5200,209,True,False,2.0,1.0,0.20800000000000002,2.5425744254999456,0.859407802257684,0.828421417552908,0.828421417552908,0.828421417552908,0.7036247053930521
vertical_comb_benefit=0.5200,210,True,False,2.0,1.0,0.20955555555555558,2.545848758788941,0.8493578674052757,0.8086290079783874,0.8086290079783874,0.8086290079783874,0.600026335155191
vertical_comb_benefit=0.5200,211,True,False,2.0,1.0,0.21013888888888888,2.5991495187979865,0.9032190873586493,0.8772122953891548,0.8772122953891548,0.8772122953891548,0.680485338753858
vertical_comb_benefit=0.5200,212,True,False,2.0,1.0,0.21019444444444443,2.556514640858901,0.8648292194329452,0.7859896133561338,0.7859896133561338,0.7859896133561338,0.7183681318982544
vertical_comb_benefit=0.5200,213,True,False,2.0,1.0,0.19875,2.3221184629315053,0.820306493112828,0.8512145800665272,0.8512145800665272,0.8512145800665272,0.5481617424530548
vertical_comb_benefit=0.5200,214,True,False,2.0,1.0,0.21205555555555555,2.678367728839343,0.868947544088663,0.8749760267723469,0.8749760267723469,0.8749760267723469,0.7637624259385374
vertical_comb_benefit=0.5200,215,True,False,2.0,1.0,0.2091388888888889,2.5832731593776797,0.8862881102713638,0.8820962235798445,0.8820962235798445,0.8820962235798445,0.4953246042987734
vertical_comb_benefit=0.5200,216,True,False,2.0,1.0,0.17883333333333334,2.076237982890773,0.8264557145621093,0.8906762216628686,0.8906762216628686,0.8906762216628686,0.3084942510240792
vertical_comb_benefit=0.5200,217,True,False,2.0,1.0,0.18925,2.2389262442880846,0.8365144494400724,0.8422502397744697,0.8422502397744697,0.8422502397744697,0.2076848106969543
vertical_comb_benefit=0.5200,218,True,False,2.0,1.0,0.196,2.32650401212487,0.8255419577911116,0.8145243515634448,0.8145243515634448,0.8145243515634448,0.5547699107001729
vertical_comb_benefit=0.5200,219,False,False,0.9863033845644779,0.9863033845644779,0.1953611111111111,2.3290311406322557,0.7890427076515824,0.8751662450638484,0.8751662450638484,0.8751662450638484,0.4932390000531476
vertical_comb_benefit=0.5200,220,True,False,2.0,1.0,0.197,2.3575643659503576,0.871441365465125,0.7669314721332359,0.7669314721332359,0.7669314721332359,0.40843819282893445
vertical_comb_benefit=0.5200,221,True,False,2.0,1.0,0.18863888888888888,2.259694135390537,0.8607203283220848,0.8259467237429422,0.8259467237429422,0.8259467237429422,0.569968113348026
vertical_comb_benefit=0.5200,222,True,False,2.0,1.0,0.19508333333333333,2.3423873517443696,0.8441118334748169,0.778460843059819,0.778460843059819,0.778460843059819,0.5007349248723417
vertical_comb_benefit=0.5200,223,True,False,2.0,1.0,0.20925,2.6190809770228203,0.8954067788008758,0.7853883320892685,0.7853883320892685,0.7853883320892685,0.6984989023601591
vertical_comb_benefit=0.5200,224,True,False,2.0,1.0,0.19055555555555556,2.212688816399755,0.8214967043678374,0.8642868390577054,0.8642868390577054,0.8642868390577054,0.6336465562815278
vertical_comb_benefit=0.5200,225,True,False,2.0,1.0,0.21144444444444446,2.610301833965703,0.8469882292360009,0.8404719893584928,0.8404719893584928,0.8404719893584928,0.7761064636633364
vertical_comb_benefit=0.5200,226,True,False,2.0,1.0,0.2021111111111111,2.4484403275569298,0.8665351712687389,0.8162559625361002,0.8162559625361002,0.8162559625361002,0.7492328579783974
vertical_comb_benefit=0.5200,227,True,False,2.0,1.0,0.2014166666666667,2.414016050711456,0.8266398998515642,0.8210356000148701,0.8210356000148701,0.8210356000148701,0.5207013571043485
vertical_comb_benefit=0.5200,228,True,False,2.0,1.0,0.20547222222222222,2.4779957367342993,0.8343486443590684,0.8682873396298213,0.8682873396298213,0.8682873396298213,0.6889459041926743
vertical_comb_benefit=0.5200,229,True,False,2.0,1.0,0.2126111111111111,2.637147263531878,0.8971518364760622,0.8286190698933394,0.8286190698933394,0.8286190698933394,0.6604842305927724
vertical_comb_benefit=0.5200,230,True,False,2.0,1.0,0.19791666666666666,2.3866693402350467,0.8811754228048715,0.6988639337420269,0.6988639337420269,0.6988639337420269,0.6231057632717663
vertical_comb_benefit=0.5200,231,True,False,2.0,1.0,0.1923611111111111,2.3138515282780343,0.8631187101636512,0.8260683120981692,0.8260683120981692,0.8260683120981692,0.6894885164185208
vertical_comb_benefit=0.5200,232,True,False,2.0,1.0,0.2014166666666667,2.401600982954699,0.8326747056931921,0.8336333314513188,0.8336333314513188,0.8336333314513188,0.7019852183836267
vertical_comb_benefit=0.5200,233,True,False,2.0,1.0,0.19652777777777777,2.36147122348913,0.8395251290175971,0.814391351992969,0.814391351992969,0.814391351992969,0.6231973381623438
vertical_comb_benefit=0.5200,234,False,False,0.9996306387613437,0.9996306387613437,0.20947222222222223,2.531376805025559,0.799704511009075,0.8720048227834933,0.8720048227834933,0.8720048227834933,0.7752771010893025
vertical_comb_benefit=0.5200,235,True,False,2.0,1.0,0.19138888888888891,2.235389655620462,0.8100845812093798,0.7948884134620174,0.7948884134620174,0.7948884134620174,0.4890640150840531
vertical_comb_benefit=0.5200,236,True,False,2.0,1.0,0.19827777777777778,2.358724157596116,0.8200467297487023,0.8055805193317919,0.8055805193317919,0.8055805193317919,0.7248165313965751
vertical_comb_benefit=0.5200,237,True,False,2.0,1.0,0.19230555555555556,2.276435973631856,0.8200109974701824,0.8147618775808596,0.8147618775808596,0.8147618775808596,0.5864779570246953
vertical_comb_benefit=0.5200,238,True,False,2.0,1.0,0.19583333333333333,2.2774712886594424,0.8093741012667172,0.7795674814436472,0.7795674814436472,0.7795674814436472,0.6416385390536771
vertical_comb_benefit=0.5200,239,True,False,2.0,1.0,0.21661111111111112,2.7108912387430446,0.8785221370273487,0.8520803853520349,0.8520803853520349,0.8520803853520349,0.6576483354366925
vertical_comb_benefit=0.5200,240,True,False,2.0,1.0,0.20430555555555555,2.5350126860352007,0.8870446484289272,0.7894772416704323,0.7894772416704323,0.7894772416704323,0.44411526075137764
vertical_comb_benefit=0.5200,241,True,False,2.0,1.0,0.22066666666666668,2.7320730735278658,0.8475054536307146,0.8373494380089496,0.8373494380089496,0.8373494380089496,0.7070634326221383
vertical_comb_benefit=0.5200,242,True,False,2.0,1.0,0.20030555555555554,2.404685159446489,0.846751675321818,0.8555575846423724,0.8555575846423724,0.8555575846423724,0.7556790149620266
vertical_comb_benefit=0.5200,243,True,False,2.0,1.0,0.21219444444444446,2.566775970232131,0.8081958494347022,0.8755797983557575,0.8755797983557575,0.8755797983557575,0.6084418786510016
vertical_comb_benefit=0.5200,244,True,False,2.0,1.0,0.19955555555555554,2.404563364039528,0.8723837240576305,0.9008027212337244,0.9008027212337244,0.9008027212337244,0.42927712303750626
vertical_comb_benefit=0.5200,245,True,False,2.0,1.0,0.19755555555555557,2.385732019226761,0.8724170367333558,0.777882407414513,0.777882407414513,0.777882407414513,0.3937933049503888
vertical_comb_benefit=0.5200,246,False,False,0.9998814488633071,0.9998814488633071,0.19380555555555556,2.331010144940711,0.7999051590906457,0.8282464446123765,0.8282464446123765,0.8282464446123765,0.5001712536553715
vertical_comb_benefit=0.5200,247,True,False,2.0,1.0,0.20274999999999999,2.4363256660076,0.81447050205425,0.8334104642359097,0.8334104642359097,0.8334104642359097,0.4605849044266349
vertical_comb_benefit=0.5200,248,True,False,2.0,1.0,0.191,2.287822751902458,0.8058566852796082,0.8458415496878526,0.8458415496878526,0.8458415496878526,0.20139020245597009
vertical_comb_benefit=0.5200,249,True,False,2.0,1.0,0.18458333333333332,2.204525052743415,0.8318887439528163,0.75614654968111,0.75614654968111,0.75614654968111,0.37388994563262135
vertical_comb_benefit=0.5200,250,False,False,0.3034868766517836,0.3034868766517836,0.1945,1.7800943341808422,0.2427895013214269,0.2979869472089893,0.2979869472089893,0.2979869472089893,0.5320369253595022
vertical_comb_benefit=0.5200,251,True,False,2.0,1.0,0.1934722222222222,2.284204750182592,0.8404245985239643,0.844225266541763,0.844225266541763,0.844225266541763,0.5735734632914842
vertical_comb_benefit=0.5200,252,True,False,2.0,1.0,0.1867222222222222,2.1744657183783276,0.8059962364874326,0.7948106655098861,0.7948106655098861,0.7948106655098861,0.500756052356016
vertical_comb_benefit=0.5200,253,True,False,2.0,1.0,0.19480555555555554,2.379811138992553,0.8405596779827981,0.8512435304426149,0.8512435304426149,0.8512435304426149,0.6114255872085713
vertical_comb_benefit=0.5200,254,True,False,2.0,1.0,0.1981388888888889,2.4280644013532866,0.8859565848150941,0.8263902175840488,0.8263902175840488,0.8263902175840488,0.6928230034806439
vertical_comb_benefit=0.5200,255,True,False,2.0,1.0,0.19036111111111112,2.2492315618942853,0.8278892326509593,0.7491072752094572,0.7491072752094572,0.7491072752094572,0.4913761352014589
vertical_comb_benefit=0.5200,256,True,False,2.0,1.0,0.1996666666666667,2.3486138422754697,0.8160056804679188,0.8469551864058625,0.8469551864058625,0.8469551864058625,0.4332277964159562
vertical_comb_benefit=0.5200,257,True,False,2.0,1.0,0.19616666666666666,2.4204669454936476,0.8824734856468079,0.7997120441905614,0.7997120441905614,0.7997120441905614,0.7703151799049947
vertical_comb_benefit=0.5200,258,True,False,2.0,1.0,0.19908333333333333,2.384753516937185,0.836326401600416,0.7662995844801056,0.7662995844801056,0.7662995844801056,0.589653046601428
vertical_comb_benefit=0.5200,259,True,False,2.0,1.0,0.20744444444444446,2.5240601008886974,0.8677965686639129,0.8426345903029184,0.8426345903029184,0.8426345903029184,0.686962754797311
vertical_comb_benefit=0.5200,260,True,False,2.0,1.0,0.20866666666666667,2.5229245480374476,0.804719071180783,0.8602904019657104,0.8602904019657104,0.8602904019657104,0.7934037634831653
vertical_comb_benefit=0.5200,261,True,False,2.0,1.0,0.19972222222222222,2.3902657639061764,0.8280626695554865,0.8368381109591271,0.8368381109591271,0.8368381109591271,0.754484728863464
vertical_comb_benefit=0.5200,262,True,False,2.0,1.0,0.20149999999999998,2.434722407909202,0.8613353712214368,0.8145841379323848,0.8145841379323848,0.8145841379323848,0.6371906763772536
vertical_comb_benefit=0.5200,263,False,False,0.5072828554321079,0.5072828554321079,0.19155555555555556,1.900678037345316,0.4058262843456864,0.36703735154666955,0.36703735154666955,0.36703735154666955,0.630785423460631
vertical_comb_benefit=0.5200,264,True,False,2.0,1.0,0.19991666666666666,2.4756858433693556,0.8680373121213505,0.8494604836745192,0.8494604836745192,0.8494604836745192,0.5472796767772283
vertical_comb_benefit=0.5200,265,True,False,2.0,1.0,0.19261111111111112,2.3584353661745974,0.8944899101669945,0.8320535070649827,0.8320535070649827,0.8320535070649827,0.5148445549230259
vertical_comb_benefit=0.5200,266,True,False,2.0,1.0,0.20380555555555555,2.4132872411883337,0.8266155561845346,0.7975195030232628,0.7975195030232628,0.7975195030232628,0.7418239230454369
vertical_comb_benefit=0.5200,267,True,False,2.0,1.0,0.20197222222222225,2.463571291150108,0.8632443611315885,0.8027330427821416,0.8027330427821416,0.8027330427821416,0.7058778603367327
vertical_comb_benefit=0.5200,268,True,False,2.0,1.0,0.20274999999999999,2.535830566957076,0.8816472234498884,0.9068171646921371,0.9068171646921371,0.9068171646921371,0.6209640930373431
vertical_comb_benefit=0.5200,269,True,False,2.0,1.0,0.19594444444444442,2.3638159747110103,0.8197072833878123,0.8750419437575273,0.8750419437575273,0.8750419437575273,0.4501196215216653
vertical_comb_benefit=0.5200,270,False,False,0.978190859688441,0.978190859688441,0.19641666666666666,2.314534668633547,0.7825526877507528,0.8630554304246213,0.8630554304246213,0.8630554304246213,0.582742095645416
vertical_comb_benefit=0.5200,271,True,False,2.0,1.0,0.1963611111111111,2.354302392991696,0.841669936215365,0.8511335748137839,0.8511335748137839,0.8511335748137839,0.6332030342405974
vertical_comb_benefit=0.5200,272,True,False,2.0,1.0,0.1861111111111111,2.1628268556314656,0.8327089924951665,0.635939871539169,0.635939871539169,0.635939871539169,0.7986248606631328
vertical_comb_benefit=0.5200,273,True,False,2.0,1.0,0.17919444444444446,2.0862271601705418,0.831388475131242,0.699625968408964,0.699625968408964,0.699625968408964,0.3062569297938642
vertical_comb_benefit=0.5200,274,True,False,2.0,1.0,0.19169444444444445,2.250307698983803,0.8186061622700814,0.7670768088159519,0.7670768088159519,0.7670768088159519,0.5905035610732721
vertical_comb_benefit=0.5200,275,True,False,2.0,1.0,0.19775,2.3762922028898426,0.8420207418106218,0.7806086624317341,0.7806086624317341,0.7806086624317341,0.6347676257488772
vertical_comb_benefit=0.5200,276,True,False,2.0,1.0,0.2028611111111111,2.553214428784509,0.9061291508377626,0.8614108959936427,0.8614108959936427,0.8614108959936427,0.7480966637124031
vertical_comb_benefit=0.5200,277,True,False,2.0,1.0,0.1981111111111111,2.397186743754637,0.8149016878313092,0.8631199812526033,0.8631199812526033,0.8631199812526033,0.6683163335014587
vertical_comb_benefit=0.5200,278,True,False,2.0,1.0,0.20208333333333334,2.4026441680749397,0.8066033771811852,0.8332405609265187,0.8332405609265187,0.8332405609265187,0.5338009818777234
vertical_comb_benefit=0.5200,279,False,False,0.9514082222979697,0.9514082222979697,0.17833333333333332,1.9701971505678386,0.7611265778383758,0.8508296543738515,0.8508296543738515,0.8508296543738515,0.40478875366706146
vertical_comb_benefit=0.5200,280,True,False,2.0,1.0,0.19661111111111113,2.360165963638493,0.8173911347475878,0.788581217429358,0.788581217429358,0.788581217429358,0.5303951559324612
vertical_comb_benefit=0.5200,281,False,False,0.40869641568255377,0.40869641568255377,0.19847222222222222,1.9094184496151472,0.32695713254604303,0.2697080724913032,0.2697080724913032,0.2697080724913032,0.7500428910411187
vertical_comb_benefit=0.5200,282,True,False,2.0,1.0,0.2081388888888889,2.5646709944417596,0.8521480739123832,0.817352414794997,0.817352414794997,0.817352414794997,0.432906253481184
vertical_comb_benefit=0.5200,283,True,False,2.0,1.0,0.19022222222222224,2.1954374451994685,0.8252719407824033,0.7220715534613239,0.7220715534613239,0.7220715534613239,0.7662500515272855
vertical_comb_benefit=0.5200,284,True,False,2.0,1.0,0.19722222222222224,2.320639590325986,0.8295221663513952,0.8307414742161858,0.8307414742161858,0.8307414742161858,0.6293974632366535
vertical_comb_benefit=0.5200,285,True,False,2.0,1.0,0.20708333333333334,2.5059866148018983,0.8436851267705305,0.8865476694266228,0.8865476694266228,0.8865476694266228,0.6752315433140341
vertical_comb_benefit=0.5200,286,True,False,2.0,1.0,0.20894444444444446,2.552802930616386,0.8670852573172048,0.8428260523026972,0.8428260523026972,0.8428260523026972,0.5076938098278062
vertical_comb_benefit=0.5200,287,True,False,2.0,1.0,0.20058333333333334,2.444163494544817,0.852584753199433,0.8439831635298991,0.8439831635298991,0.8439831635298991,0.7129930429166257
vertical_comb_benefit=0.5200,288,True,False,2.0,1.0,0.20083333333333334,2.4483749980755998,0.8692346942426006,0.8100115774656746,0.8100115774656746,0.8100115774656746,0.5940121595375246
vertical_comb_benefit=0.5200,289,True,False,2.0,1.0,0.1885,2.2115346000099474,0.838926327014479,0.7885216316592355,0.7885216316592355,0.7885216316592355,0.6613275958713193
vertical_comb_benefit=0.5200,290,True,False,2.0,1.0,0.19319444444444445,2.324862574265611,0.8860201058410033,0.7447827487681848,0.7447827487681848,0.7447827487681848,0.6313212766865895
vertical_comb_benefit=0.5200,291,True,False,2.0,1.0,0.20247222222222222,2.442219477739662,0.8360977646080833,0.8070275542638509,0.8070275542638509,0.8070275542638509,0.6186218605897944
vertical_comb_benefit=0.5200,292,True,False,2.0,1.0,0.19038888888888889,2.300535543286114,0.8812097446034488,0.8064331999248255,0.8064331999248255,0.8064331999248255,0.5201836949277951
vertical_comb_benefit=0.5200,293,True,False,2.0,1.0,0.21047222222222223,2.6105074517082985,0.8721461028412485,0.8977880481659312,0.8977880481659312,0.8977880481659312,0.5435355183055357
vertical_comb_benefit=0.5200,294,True,False,2.0,1.0,0.20066666666666666,2.3717467898471507,0.8168488017937355,0.8464523901014765,0.8464523901014765,0.8464523901014765,0.6188404174736051
vertical_comb_benefit=0.5200,295,True,False,2.0,1.0,0.19391666666666665,2.3062670847985363,0.8107952991197436,0.8737754777110048,0.8737754777110048,0.8737754777110048,0.761082496887492
vertical_comb_benefit=0.5200,296,True,False,2.0,1.0,0.19141666666666665,2.273517200209192,0.8134153504853139,0.8440733864869636,0.8440733864869636,0.8440733864869636,0.46243588189226703
vertical_comb_benefit=0.5200,297,True,False,2.0,1.0,0.20049999999999998,2.4057646348145543,0.8243398257664202,0.7161145614642782,0.7161145614642782,0.7161145614642782,0.24437126345111768
vertical_comb_benefit=0.5200,298,True,False,2.0,1.0,0.19977777777777778,2.445843817304904,0.8610517053690552,0.824048140697937,0.824048140697937,0.824048140697937,0.3826419076676785
vertical_comb_benefit=0.5200,299,True,False,2.0,1.0,0.19708333333333333,2.3827651097282443,0.8311017867930378,0.8243046033833187,0.8243046033833187,0.8243046033833187,0.4495541131865258
vertical_comb_benefit=0.5600,200,False,False,0.9853163925514165,0.9853163925514165,0.19380555555555556,2.3497627335289564,0.7882531140411332,0.8399671124222654,0.8399671124222654,0.8399671124222654,0.6557661345411144
vertical_comb_benefit=0.5600,201,True,False,2.0,1.0,0.20152777777777778,2.4653331969436776,0.8144331216011855,0.8700344616154104,0.8700344616154104,0.8700344616154104,0.5692770666193006
vertical_comb_benefit=0.5600,202,True,False,2.0,1.0,0.2011111111111111,2.4754179335073534,0.8383573083359129,0.8071289048954766,0.8071289048954766,0.8071289048954766,0.7332848431641151
vertical_comb_benefit=0.5600,203,True,False,2.0,1.0,0.18372222222222223,2.196003810732298,0.8200813186242025,0.761687689638226,0.761687689638226,0.761687689638226,0.6741833252531482
vertical_comb_benefit=0.5600,204,True,False,2.0,1.0,0.21144444444444446,2.645270541865354,0.8462564026954627,0.8163263267083363,0.8163263267083363,0.8163263267083363,0.5310610323623638
vertical_comb_benefit=0.5600,205,True,False,2.0,1.0,0.20552777777777778,2.5980402752956238,0.8709799703061992,0.8460024439825248,0.8460024439825248,0.8460024439825248,0.6585140279827415
vertical_comb_benefit=0.5600,206,True,False,2.0,1.0,0.20638888888888887,2.5755508407747674,0.8520905282872098,0.8017226649928776,0.8017226649928776,0.8017226649928776,0.29177899487760345
vertical_comb_benefit=0.5600,207,True,False,2.0,1.0,0.19580555555555554,2.3884602715999113,0.8113923257327031,0.8644351422365583,0.8644351422365583,0.8644351422365583,0.3876123426557571
vertical_comb_benefit=0.5600,208,True,False,2.0,1.0,0.1956111111111111,2.344157513326689,0.8064377246628095,0.7901808866407527,0.7901808866407527,0.7901808866407527,0.593952446538425
vertical_comb_benefit=0.5600,209,True,False,2.0,1.0,0.19330555555555554,2.3524849314365293,0.8632598875109022,0.7873778277206471,0.7873778277206471,0.7873778277206471,0.2188444353209749
vertical_comb_benefit=0.5600,210,True,False,2.0,1.0,0.20444444444444443,2.4960104122718416,0.8325212265770383,0.8382664661784599,0.8382664661784599,0.8382664661784599,0.5723988000610932
vertical_comb_benefit=0.5600,211,True,False,2.0,1.0,0.20680555555555555,2.5213453994946033,0.80075993819247,0.8152710286683698,0.8152710286683698,0.8152710286683698,0.3943738603499655
vertical_comb_benefit=0.5600,212,True,False,2.0,1.0,0.18616666666666667,2.2372719737406475,0.8514389687873992,0.7539711848299482,0.7539711848299482,0.7539711848299482,0.530418689756253
vertical_comb_benefit=0.5600,213,True,False,2.0,1.0,0.20705555555555558,2.5602066705373514,0.8429649023017511,0.8607161262034998,0.8607161262034998,0.8607161262034998,0.45757111055619754
vertical_comb_benefit=0.5600,214,True,False,2.0,1.0,0.2003888888888889,2.484046776010156,0.8020504031985133,0.8251300986796694,0.8251300986796694,0.8251300986796694,0.2840785460961467
vertical_comb_benefit=0.5600,215,True,False,2.0,1.0,0.19974999999999998,2.5046463285596494,0.8678614306096006,0.8371148522409281,0.8371148522409281,0.8371148522409281,0.5920705614145496
vertical_comb_benefit=0.5600,216,True,False,2.0,1.0,0.19333333333333333,2.3447585617063367,0.8197890227670487,0.8198219618473186,0.8198219618473186,0.8198219618473186,0.6383104989719628
vertical_comb_benefit=0.5600,217,True,False,2.0,1.0,0.2008611111111111,2.505020859567064,0.8552432397797036,0.8066762488871907,0.8066762488871907,0.8066762488871907,0.5270709957461425
vertical_comb_benefit=0.5600,218,True,False,2.0,1.0,0.1948888888888889,2.4075554750757577,0.8229278707726521,0.847225209450513,0.847225209450513,0.847225209450513,0.44508715296606927
vertical_comb_benefit=0.5600,219,True,False,2.0,1.0,0.18925,2.399310015366414,0.8990281302545274,0.8460674129857648,0.8460674129857648,0.8460674129857648,0.6241059890873968
vertical_comb_benefit=0.5600,220,True,False,2.0,1.0,0.19233333333333336,2.3343851468777057,0.8230460990162112,0.8393557538506435,0.8393557538506435,0.8393557538506435,0.6894755913808066
vertical_comb_benefit=0.5600,221,True,False,2.0,1.0,0.20755555555555555,2.5329862766016835,0.8085294809500547,0.8079083903655587,0.8079083903655587,0.8079083903655587,0.6634538927812578
vertical_comb_benefit=0.5600,222,True,False,2.0,1.0,0.20625,2.563994749549887,0.8373543445008472,0.8353905277495328,0.8353905277495328,0.8353905277495328,0.8481221201698838
vertical_comb_benefit=0.5600,223,True,False,2.0,1.0,0.19997222222222222,2.5169478754270282,0.874294465302207,0.8293648139582906,0.8293648139582906,0.8293648139582906,0.5102110063180653
vertical_comb_benefit=0.5600,224,True,False,2.0,1.0,0.21033333333333332,2.6484994822866557,0.8297687437984994,0.8762253583440534,0.8762253583440534,0.8762253583440534,0.7491032367144305
vertical_comb_benefit=0.5600,225,False,False,0.8904591246717014,0.8904591246717014,0.19202777777777777,2.2049919770083775,0.7123672997373611,0.7950123792998756,0.7950123792998756,0.7950123792998756,0.6301736948175407
vertical_comb_benefit=0.5600,226,True,False,2.0,1.0,0.1881388888888889,2.2608282787283307,0.8436687378007904,0.7027756588170018,0.7027756588170018,0.7027756588170018,0.6400069432924961
vertical_comb_benefit=0.5600,227,True,False,2.0,1.0,0.19683333333333333,2.4347619878133786,0.8579610286138296,0.8439068504501452,0.8439068504501452,0.8439068504501452,0.38466803718019454
vertical_comb_benefit=0.5600,228,True,False,2.0,1.0,0.19641666666666666,2.3774056913814423,0.8284234635457057,0.801501238430026,0.801501238430026,0.801501238430026,0.5665278995412828
vertical_comb_benefit=0.5600,229,True,False,2.0,1.0,0.19919444444444442,2.5277230122645196,0.8893415856082502,0.8664903408363068,0.8664903408363068,0.8664903408363068,0.7260796593030977
vertical_comb_benefit=0.5600,230,True,False,2.0,1.0,0.18905555555555556,2.2640846031213417,0.8343723195672681,0.846670084210857,0.846670084210857,0.846670084210857,0.4250916119486684
vertical_comb_benefit=0.5600,231,True,False,2.0,1.0,0.18869444444444444,2.278480531571569,0.8429998632992728,0.6759121447600259,0.6759121447600259,0.6759121447600259,0.7070857342900986
vertical_comb_benefit=0.5600,232,False,False,0.9946797701404205,0.9946797701404205,0.20841666666666667,2.544804892218086,0.7957438161123365,0.8437255793479028,0.8437255793479028,0.8437255793479028,0.77573385280079
vertical_comb_benefit=0.5600,233,True,False,2.0,1.0,0.18780555555555553,2.239100994988029,0.8046378772035961,0.7780477875805131,0.7780477875805131,0.7780477875805131,0.6680343092837127
vertical_comb_benefit=0.5600,234,True,False,2.0,1.0,0.19572222222222224,2.4362732427514255,0.8472125949464961,0.7951669251358575,0.7951669251358575,0.7951669251358575,0.6094545283302354
vertical_comb_benefit=0.5600,235,False,False,0.9459552012183278,0.9459552012183278,0.20255555555555554,2.3991814392428177,0.7567641609746623,0.8846974912713836,0.8846974912713836,0.8846974912713836,0.5465054145511405
vertical_comb_benefit=0.5600,236,True,False,2.0,1.0,0.19547222222222221,2.412699409714197,0.8418884143518786,0.8231111526902428,0.8231111526902428,0.8231111526902428,0.4752676877368541
vertical_comb_benefit=0.5600,237,True,False,2.0,1.0,0.20152777777777778,2.4551424686995786,0.837723392653668,0.7579293749353627,0.7579293749353627,0.7579293749353627,0.4496921458015747
vertical_comb_benefit=0.5600,238,True,False,2.0,1.0,0.19275,2.3109904137231556,0.8433564786336354,0.730782164509487,0.730782164509487,0.730782164509487,0.6549056180482925
vertical_comb_benefit=0.5600,239,True,False,2.0,1.0,0.1996666666666667,2.423613330506004,0.8389499116775405,0.7412838886621106,0.7412838886621106,0.7412838886621106,0.7177316186427168
vertical_comb_benefit=0.5600,240,False,False,0.39360162635797963,0.39360162635797963,0.19441666666666665,1.8550148613363584,0.31488130108638374,0.2581690439314678,0.2581690439314678,0.2581690439314678,0.6530847277909679
vertical_comb_benefit=0.5600,241,True,False,2.0,1.0,0.18719444444444447,2.272389884163429,0.8719933077709947,0.7336583019969715,0.7336583019969715,0.7336583019969715,0.3784618128130279
vertical_comb_benefit=0.5600,242,True,False,2.0,1.0,0.20344444444444446,2.4763421131305132,0.8037619543422554,0.8156972022082385,0.8156972022082385,0.8156972022082385,0.6496393166549833
vertical_comb_benefit=0.5600,243,True,False,2.0,1.0,0.2041388888888889,2.5256863430346193,0.8291392316347507,0.7942572429490072,0.7942572429490072,0.7942572429490072,0.7353013824151097
vertical_comb_benefit=0.5600,244,False,False,0.9936835117703152,0.9936835117703152,0.2006388888888889,2.4040407346953256,0.7949468094162522,0.8240443626677789,0.8240443626677789,0.8240443626677789,0.846802867437523
vertical_comb_benefit=0.5600,245,True,False,2.0,1.0,0.20433333333333334,2.547992172154233,0.8630261675515869,0.8964791294141736,0.8964791294141736,0.8964791294141736,0.5332255318976086
vertical_comb_benefit=0.5600,246,True,False,2.0,1.0,0.20533333333333334,2.5141170354663624,0.8203906300871441,0.8472036083542569,0.8472036083542569,0.8472036083542569,0.3518133819128233
vertical_comb_benefit=0.5600,247,True,False,2.0,1.0,0.19155555555555556,2.324498743819883,0.8236964742764712,0.7388870360711213,0.7388870360711213,0.7388870360711213,0.5964256921915075
vertical_comb_benefit=0.5600,248,True,False,2.0,1.0,0.20966666666666667,2.6182805036912256,0.8778290040669499,0.8738745233037057,0.8738745233037057,0.8738745233037057,0.4073709225967209
vertical_comb_benefit=0.5600,249,True,False,2.0,1.0,0.19724999999999998,2.388585926337354,0.8035212718011374,0.8640731081766967,0.8640731081766967,0.8640731081766967,0.6508797697747017
vertical_comb_benefit=0.5600,250,True,False,2.0,1.0,0.1966388888888889,2.3952870419713506,0.8201065611260786,0.8148787717611982,0.8148787717611982,0.8148787717611982,0.6427541026876614
vertical_comb_benefit=0.5600,251,True,False,2.0,1.0,0.20786111111111114,2.609009699412667,0.8966329637175778,0.8194633398067803,0.8194633398067803,0.8194633398067803,0.49755322319841955
vertical_comb_benefit=0.5600,252,True,False,2.0,1.0,0.19302777777777777,2.4051333755981186,0.8612567617885041,0.8571477784610766,0.8571477784610766,0.8571477784610766,0.6878495244871581
vertical_comb_benefit=0.5600,253,True,False,2.0,1.0,0.18819444444444444,2.2687146940500744,0.8262211175483617,0.8088622357231631,0.8088622357231631,0.8088622357231631,0.6110776282055765
vertical_comb_benefit=0.5600,254,True,False,2.0,1.0,0.20480555555555557,2.535320197517765,0.8519672274591342,0.888503357030452,0.888503357030452,0.888503357030452,0.7043196086978096
vertical_comb_benefit=0.5600,255,True,False,2.0,1.0,0.21008333333333334,2.5875651645586,0.808259415446568,0.8694597569811109,0.8694597569811109,0.8694597569811109,0.47116105757047
vertical_comb_benefit=0.5600,256,True,False,2.0,1.0,0.18205555555555555,2.182181904395141,0.8148490746063487,0.8028397361515754,0.8028397361515754,0.8028397361515754,0.7049500567825775
vertical_comb_benefit=0.5600,257,True,False,2.0,1.0,0.2101111111111111,2.661067966243122,0.8420317782743771,0.8579189775448877,0.8579189775448877,0.8579189775448877,0.7252565249998609
vertical_comb_benefit=0.5600,258,False,False,0.9865868643492132,0.9865868643492132,0.20569444444444446,2.514030320956884,0.7892694914793705,0.7954702871487012,0.7954702871487012,0.7954702871487012,0.7398470668708893
vertical_comb_benefit=0.5600,259,True,False,2.0,1.0,0.20891666666666667,2.6394827038325657,0.8661684181597286,0.864745469810213,0.864745469810213,0.864745469810213,0.7842578436625858
vertical_comb_benefit=0.5600,260,True,False,2.0,1.0,0.1875277777777778,2.3346533243715117,0.897119699797199,0.7895894993544885,0.7895894993544885,0.7895894993544885,0.37666093110891413
vertical_comb_benefit=0.5600,261,True,False,2.0,1.0,0.20983333333333334,2.6448126222910755,0.8789953566769688,0.8083348232593094,0.8083348232593094,0.8083348232593094,0.8530138157777268
vertical_comb_benefit=0.5600,262,True,False,2.0,1.0,0.21091666666666667,2.684517062355085,0.8897505728432112,0.8587616283840973,0.8587616283840973,0.8587616283840973,0.42925387838889834
vertical_comb_benefit=0.5600,263,True,False,2.0,1.0,0.20305555555555557,2.556464635246025,0.8335314769012869,0.8698308213613201,0.8698308213613201,0.8698308213613201,0.5314465621779206
vertical_comb_benefit=0.5600,264,True,False,2.0,1.0,0.21027777777777779,2.6214794182638164,0.82911977221248,0.8524141705087099,0.8524141705087099,0.8524141705087099,0.6246405683025648
vertical_comb_benefit=0.5600,265,False,False,0.9683585528237451,0.9683585528237451,0.19994444444444442,2.3717668616642777,0.7746868422589961,0.8143854547988224,0.8143854547988224,0.8143854547988224,0.591217048754288
vertical_comb_benefit=0.5600,266,True,False,2.0,1.0,0.1922777777777778,2.333013517185195,0.851102476503891,0.7977701956893364,0.7977701956893364,0.7977701956893364,0.3203377982202463
vertical_comb_benefit=0.5600,267,True,False,2.0,1.0,0.19955555555555554,2.460090685621994,0.8156414588393139,0.8440307932801834,0.8440307932801834,0.8440307932801834,0.7251100767782487
vertical_comb_benefit=0.5600,268,True,False,2.0,1.0,0.21030555555555555,2.6372963579817967,0.8531544923452042,0.8590396859629068,0.8590396859629068,0.8590396859629068,0.7073300892887622
vertical_comb_benefit=0.5600,269,True,False,2.0,1.0,0.19797222222222224,2.410064083615672,0.8568575517155285,0.730217049821931,0.730217049821931,0.730217049821931,0.7505444725578021
vertical_comb_benefit=0.5600,270,True,False,2.0,1.0,0.20444444444444446,2.51300517496984,0.8183537860049446,0.7786930629061496,0.7786930629061496,0.7786930629061496,0.661971838025336
vertical_comb_benefit=0.5600,271,True,False,2.0,1.0,0.1933888888888889,2.3682416180651327,0.8420489140020239,0.797911229439974,0.797911229439974,0.797911229439974,0.7810510661041197
vertical_comb_benefit=0.5600,272,True,False,2.0,1.0,0.1933888888888889,2.3737003419035996,0.8660003609628822,0.7970159693056377,0.7970159693056377,0.7970159693056377,0.38814949818351224
vertical_comb_benefit=0.5600,273,True,False,2.0,1.0,0.19325,2.3022804500140013,0.8155726089842076,0.7772976526020965,0.7772976526020965,0.7772976526020965,0.7229185533085999
vertical_comb_benefit=0.5600,274,True,False,2.0,1.0,0.2001111111111111,2.488309975628501,0.8761769871874129,0.8299246948363617,0.8299246948363617,0.8299246948363617,0.6015818980734223
vertical_comb_benefit=0.5600,275,False,False,0.9831479338898758,0.9831479338898758,0.1826111111111111,2.137848687346347,0.7865183471119006,0.7665523900562771,0.7665523900562771,0.7665523900562771,0.3996143366795902
vertical_comb_benefit=0.5600,276,True,False,2.0,1.0,0.18416666666666667,2.2002708555380264,0.8500063786877832,0.7902999889361226,0.7902999889361226,0.7902999889361226,0.4817295812122286
vertical_comb_benefit=0.5600,277,True,False,2.0,1.0,0.2036666666666667,2.458371242118089,0.8072934286956184,0.8336600102220107,0.8336600102220107,0.8336600102220107,0.8044519711178654
vertical_comb_benefit=0.5600,278,True,False,2.0,1.0,0.19088888888888889,2.2409185091786497,0.8065269226230387,0.8114276468780932,0.8114276468780932,0.8114276468780932,0.365996458755668
vertical_comb_benefit=0.5600,279,True,False,2.0,1.0,0.1996388888888889,2.4563631499426544,0.8539326016274272,0.8152974801878425,0.8152974801878425,0.8152974801878425,0.7252006003391358
vertical_comb_benefit=0.5600,280,True,False,2.0,1.0,0.20313888888888887,2.5654124114358843,0.8667241390293561,0.8570240838468551,0.8570240838468551,0.8570240838468551,0.2625020086820288
vertical_comb_benefit=0.5600,281,True,False,2.0,1.0,0.20347222222222222,2.5104098773548604,0.8507390405772408,0.8903298876617127,0.8903298876617127,0.8903298876617127,0.6633529358785939
vertical_comb_benefit=0.5600,282,True,False,2.0,1.0,0.20702777777777778,2.605666172682173,0.8448129213911034,0.8151394648020861,0.8151394648020861,0.8151394648020861,0.5487609827859706
vertical_comb_benefit=0.5600,283,True,False,2.0,1.0,0.1940277777777778,2.3458899311595607,0.8319581671574241,0.7624833758106644,0.7624833758106644,0.7624833758106644,0.36616521373376926
vertical_comb_benefit=0.5600,284,True,False,2.0,1.0,0.20094444444444445,2.5152098929801334,0.8857484996172947,0.8491891746777228,0.8491891746777228,0.8491891746777228,0.6360637888415166
vertical_comb_benefit=0.5600,285,True,False,2.0,1.0,0.21288888888888888,2.7193694063145757,0.8857124036836764,0.8433295200678851,0.8433295200678851,0.8433295200678851,0.4045023677403853
vertical_comb_benefit=0.5600,286,True,False,2.0,1.0,0.19802777777777777,2.4290127417233207,0.8549309894381831,0.7781906624893078,0.7781906624893078,0.7781906624893078,0.7905492355798898
vertical_comb_benefit=0.5600,287,True,False,2.0,1.0,0.21133333333333332,2.6154531657299995,0.8285946674906985,0.8317352301435635,0.8317352301435635,0.8317352301435635,0.5735933823691907
vertical_comb_benefit=0.5600,288,True,False,2.0,1.0,0.20677777777777778,2.5231741246371957,0.8143692699014639,0.8490161535458882,0.8490161535458882,0.8490161535458882,0.6044378326599997
vertical_comb_benefit=0.5600,289,True,False,2.0,1.0,0.19777777777777777,2.4441418950398304,0.8776926757561198,0.8310975858056893,0.8310975858056893,0.8310975858056893,0.4303053102546318
vertical_comb_benefit=0.5600,290,True,False,2.0,1.0,0.19977777777777778,2.4290956654639486,0.8385822034867031,0.7941257083144326,0.7941257083144326,0.7941257083144326,0.6048686969256399
vertical_comb_benefit=0.5600,291,True,False,2.0,1.0,0.19091666666666668,2.279869781443723,0.8084878593791045,0.7619588786179574,0.7619588786179574,0.7619588786179574,0.49839168581470844
vertical_comb_benefit=0.5600,292,True,False,2.0,1.0,0.1798611111111111,2.172521986415757,0.8281071318900753,0.8468512844082409,0.8468512844082409,0.8468512844082409,0.48377345498345936
vertical_comb_benefit=0.5600,293,True,False,2.0,1.0,0.1882777777777778,2.311942848956869,0.8712929354574281,0.7855975871071053,0.7855975871071053,0.7855975871071053,0.6590170885767338
vertical_comb_benefit=0.5600,294,False,False,0.9927274896172803,0.9927274896172803,0.2036388888888889,2.4706103014453515,0.7941819916938243,0.8213613621640168,0.8213613621640168,0.8213613621640168,0.6855162146522141
vertical_comb_benefit=0.5600,295,True,False,2.0,1.0,0.21522222222222223,2.768924286659802,0.8997290338101857,0.8672898442673204,0.8672898442673204,0.8672898442673204,0.6153115172977945
vertical_comb_benefit=0.5600,296,True,False,2.0,1.0,0.19688888888888886,2.356809781725894,0.8131756827474416,0.8002970497908471,0.8002970497908471,0.8002970497908471,0.42437282573772245
vertical_comb_benefit=0.5600,297,True,False,2.0,1.0,0.19408333333333333,2.417286945356257,0.8349547919103144,0.8316077042275207,0.8316077042275207,0.8316077042275207,0.6210815899644081
vertical_comb_benefit=0.5600,298,True,False,2.0,1.0,0.1988611111111111,2.4625028292151314,0.8693457916004952,0.8294100713918154,0.8294100713918154,0.8294100713918154,0.28941179240907045
vertical_comb_benefit=0.5600,299,False,False,0.7840143855287551,0.7840143855287551,0.19125,2.078309709867274,0.6272115084230041,0.4764989876546046,0.4764989876546046,0.4764989876546046,0.4915835299314162
food_site_max_distance=3750.0000,200,False,False,0.9525960509001155,0.9525960509001155,0.25808333333333333,3.709206802955478,0.7620768407200924,0.8274219721023397,0.8274219721023397,0.8274219721023397,0.733817195214939
food_site_max_distance=3750.0000,201,True,False,2.0,1.0,0.2679444444444445,3.9466751416080847,0.8117906216633564,0.7807571896286004,0.7807571896286004,0.7807571896286004,0.4651962311713458
food_site_max_distance=3750.0000,202,True,False,2.0,1.0,0.2609444444444444,3.9271185124108756,0.8709474164650148,0.8300155787864917,0.8300155787864917,0.8300155787864917,0.3467527627814269
food_site_max_distance=3750.0000,203,True,False,2.0,1.0,0.28155555555555556,4.263902437632626,0.8425795749125035,0.8232857015019474,0.8232857015019474,0.8232857015019474,0.8069080097370205
food_site_max_distance=3750.0000,204,True,False,2.0,1.0,0.2685,4.062480612950972,0.8801451659227677,0.7240528638135569,0.7240528638135569,0.7240528638135569,0.5917800033400689
food_site_max_distance=3750.0000,205,True,False,2.0,1.0,0.2511111111111111,3.741270850974372,0.8396676039033522,0.8652324221009388,0.8652324221009388,0.8652324221009388,0.289295604303059
food_site_max_distance=3750.0000,206,True,False,2.0,1.0,0.27802777777777776,4.170810974389752,0.837453010270705,0.7882341162107059,0.7882341162107059,0.7882341162107059,0.7451400238935008
food_site_max_distance=3750.0000,207,True,False,2.0,1.0,0.26069444444444445,3.9135333656452995,0.8596336779163473,0.7373905270077383,0.7373905270077383,0.7373905270077383,0.5609709148968365
food_site_max_distance=3750.0000,208,True,False,2.0,1.0,0.2723888888888889,4.135589154247265,0.8669125728984192,0.8471948427964527,0.8471948427964527,0.8471948427964527,0.7142575144166262
food_site_max_distance=3750.0000,209,True,False,2.0,1.0,0.25125,3.644852528020029,0.8027453153899909,0.6776999479426037,0.6776999479426037,0.6776999479426037,0.563353745455936
food_site_max_distance=3750.0000,210,True,False,2.0,1.0,0.25413888888888886,3.806459024510023,0.8505400777208877,0.8553458629480928,0.8553458629480928,0.8553458629480928,0.44454329724202146
food_site_max_distance=3750.0000,211,True,False,2.0,1.0,0.2629166666666667,3.9638371455964627,0.8597061058833935,0.868514979995542,0.868514979995542,0.868514979995542,0.7316307479279115
food_site_max_distance=3750.0000,212,True,False,2.0,1.0,0.25858333333333333,3.908580746705858,0.8853929521045812,0.821261729487755,0.821261729487755,0.821261729487755,0.29981435810896767
food_site_max_distance=3750.0000,213,True,False,2.0,1.0,0.27752777777777776,4.144533152462507,0.8261236569958234,0.8617530390382638,0.8617530390382638,0.8617530390382638,0.34355763756694985
food_site_max_distance=3750.0000,214,True,False,2.0,1.0,0.27208333333333334,4.090660076878849,0.8492555939736934,0.7948708195196575,0.7948708195196575,0.7948708195196575,0.6708290581669886
food_site_max_distance=3750.0000,215,True,False,2.0,1.0,0.2534166666666667,3.831217426340124,0.8675490390950208,0.8797445525085335,0.8797445525085335,0.8797445525085335,0.7313764181902658
food_site_max_distance=3750.0000,216,True,False,2.0,1.0,0.2513888888888889,3.72408554648764,0.853800124334167,0.7543634420962838,0.7543634420962838,0.7543634420962838,0.661812872622457
food_site_max_distance=3750.0000,217,True,False,2.0,1.0,0.24394444444444444,3.5360561770883483,0.8082999879351622,0.7283286922441126,0.7283286922441126,0.7283286922441126,0.4414038549830971
food_site_max_distance=3750.0000,218,True,False,2.0,1.0,0.24497222222222223,3.6220444229746627,0.8515971220829487,0.7353668111300814,0.7353668111300814,0.7353668111300814,0.5239225620442443
food_site_max_distance=3750.0000,219,True,False,2.0,1.0,0.26725,3.9757107257528204,0.8452046762162342,0.7974800766566863,0.7974800766566863,0.7974800766566863,0.40459409589954803
food_site_max_distance=3750.0000,220,True,False,2.0,1.0,0.27108333333333334,4.071461649306854,0.8481912111336535,0.8622756106474653,0.8622756106474653,0.8622756106474653,0.36215604276190067
food_site_max_distance=3750.0000,221,True,False,2.0,1.0,0.2658888888888889,3.9463122585775405,0.8241157916716643,0.806712306808833,0.806712306808833,0.806712306808833,0.49109138506391997
food_site_max_distance=3750.0000,222,True,False,2.0,1.0,0.26594444444444443,3.9469855696794243,0.8222943237755831,0.7603369965038901,0.7603369965038901,0.7603369965038901,0.4940107276368188
food_site_max_distance=3750.0000,223,True,False,2.0,1.0,0.2592222222222222,3.8698200137628067,0.846524563643246,0.7574216874856252,0.7574216874856252,0.7574216874856252,0.560441366111206
food_site_max_distance=3750.0000,224,True,False,2.0,1.0,0.27225,4.084261183839136,0.8456328057869115,0.8416030938558641,0.8416030938558641,0.8416030938558641,0.6681611107608293
food_site_max_distance=3750.0000,225,True,False,2.0,1.0,0.26413888888888887,4.0737030568167905,0.9052968109173875,0.8092959702257786,0.8092959702257786,0.8092959702257786,0.3996752985861883
food_site_max_distance=3750.0000,226,True,False,2.0,1.0,0.28094444444444444,4.245034921621035,0.870412676620486,0.8374060416782266,0.8374060416782266,0.8374060416782266,0.6369269207484812
food_site_max_distance=3750.0000,227,False,False,0.9701435983418305,0.9701435983418305,0.24755555555555556,3.5908510960056383,0.7761148786734644,0.7910852148611495,0.7910852148611495,0.7910852148611495,0.6549157364895071
food_site_max_distance=3750.0000,228,True,False,2.0,1.0,0.2715833333333333,4.0573980597303505,0.827716051512629,0.8806173528782169,0.8806173528782169,0.8806173528782169,0.756643777483153
food_site_max_distance=3750.0000,229,True,False,2.0,1.0,0.2640277777777778,3.9196167034355147,0.8289478745869283,0.8667548229205039,0.8667548229205039,0.8667548229205039,0.3487819097482999
food_site_max_distance=3750.0000,230,True,False,2.0,1.0,0.2685833333333333,4.080248663777733,0.8739343804141487,0.8086320526640898,0.8086320526640898,0.8086320526640898,0.6681057225141966
food_site_max_distance=3750.0000,231,True,False,2.0,1.0,0.25502777777777774,3.8344085316199554,0.8706428308002965,0.8437142482877533,0.8437142482877533,0.8437142482877533,0.793454121667436
food_site_max_distance=3750.0000,232,False,False,0.991419021150331,0.991419021150331,0.26183333333333336,3.838644926243702,0.7931352169202648,0.8510198475205845,0.8510198475205845,0.8510198475205845,0.3087954517599563
food_site_max_distance=3750.0000,233,True,False,2.0,1.0,0.2632222222222222,3.927060969234654,0.8445736454472679,0.755759612950612,0.755759612950612,0.755759612950612,0.43921820161549824
food_site_max_distance=3750.0000,234,True,False,2.0,1.0,0.2637777777777778,3.8762393212923922,0.8156797905090858,0.8582924366662824,0.8582924366662824,0.8582924366662824,0.572671649038441
food_site_max_distance=3750.0000,235,False,False,0.9987589563924895,0.9987589563924895,0.25758333333333333,3.7536281382650594,0.7990071651139916,0.8057295971751183,0.8057295971751183,0.8057295971751183,0.4071807914908997
food_site_max_distance=3750.0000,236,True,False,2.0,1.0,0.26861111111111113,4.01933196092664,0.8526251201532627,0.7447735905039072,0.7447735905039072,0.7447735905039072,0.5980836195299537
food_site_max_distance=3750.0000,237,True,False,2.0,1.0,0.2638888888888889,3.940489557829145,0.8386483159261079,0.7767954551406038,0.7767954551406038,0.7767954551406038,0.5459330790955048
food_site_max_distance=3750.0000,238,False,False,0.9852782550013147,0.9852782550013147,0.26455555555555554,3.8811434201436628,0.7882226040010518,0.7990089772555282,0.7990089772555282,0.7990089772555282,0.35424066965338113
food_site_max_distance=3750.0000,239,True,False,2.0,1.0,0.2746111111111111,4.176390508505055,0.8863115855033085,0.8486445274986724,0.8486445274986724,0.8486445274986724,0.49469786366450347
food_site_max_distance=3750.0000,240,True,False,2.0,1.0,0.27661111111111114,4.261987892983522,0.8990770807230343,0.8422448458547023,0.8422448458547023,0.8422448458547023,0.6142065752950404
food_site_max_distance=3750.0000,241,True,False,2.0,1.0,0.27505555555555555,4.14630684899113,0.8487121814234516,0.7563897661489567,0.7563897661489567,0.7563897661489567,0.7235209057009148
food_site_max_distance=3750.0000,242,True,False,2.0,1.0,0.25016666666666665,3.6710905522755697,0.8153071728687518,0.8301246887898083,0.8301246887898083,0.8301246887898083,0.6679511766851088
food_site_max_distance=3750.0000,243,True,False,2.0,1.0,0.25577777777777777,3.841489977357273,0.8688612981206438,0.81490262961411,0.81490262961411,0.81490262961411,0.7024276203104435
food_site_max_distance=3750.0000,244,True,False,2.0,1.0,0.27458333333333335,4.218263113940781,0.9017930819288563,0.7073558703856292,0.7073558703856292,0.7073558703856292,0.5302423059160366
food_site_max_distance=3750.0000,245,True,False,2.0,1.0,0.2509722222222222,3.7937604543036034,0.8878834642402625,0.8681622658111049,0.8681622658111049,0.8681622658111049,0.5678041356454757
food_site_max_distance=3750.0000,246,True,False,2.0,1.0,0.26152777777777775,3.937308932224045,0.8818424386627067,0.8331074626086461,0.8331074626086461,0.8331074626086461,0.5694603683021682
food_site_max_distance=3750.0000,247,True,False,2.0,1.0,0.2526388888888889,3.7571179556129306,0.8375716943977345,0.8382742582514647,0.8382742582514647,0.8382742582514647,0.7212701781255997
food_site_max_distance=3750.0000,248,True,False,2.0,1.0,0.26416666666666666,3.9838958277143606,0.8698114600514287,0.7943401387236422,0.7943401387236422,0.7943401387236422,0.7393158148669556
food_site_max_distance=3750.0000,249,True,False,2.0,1.0,0.24691666666666665,3.694699044835416,0.8639256300782527,0.7408357527742189,0.7408357527742189,0.7408357527742189,0.32278320120189136
food_site_max_distance=3750.0000,250,True,False,2.0,1.0,0.2594444444444444,3.854579591537425,0.840941260691899,0.7983878592031571,0.7983878592031571,0.7983878592031571,0.6063474220585642
food_site_max_distance=3750.0000,251,True,False,2.0,1.0,0.2654166666666667,4.04202248670189,0.884660099653974,0.8611725008338644,0.8611725008338644,0.8611725008338644,0.3410024618212824
food_site_max_distance=3750.0000,252,True,False,2.0,1.0,0.2689166666666667,4.068478089339421,0.872256963020226,0.8423396351618938,0.8423396351618938,0.8423396351618938,0.25853925693824326
food_site_max_distance=3750.0000,253,True,False,2.0,1.0,0.2677222222222222,4.002174675134063,0.8422091409278377,0.7476622194379955,0.7476622194379955,0.7476622194379955,0.6881168754766054
food_site_max_distance=3750.0000,254,True,False,2.0,1.0,0.25116666666666665,3.672090769677057,0.823217434166072,0.8032603464035698,0.8032603464035698,0.8032603464035698,0.6150181403531643
food_site_max_distance=3750.0000,255,True,False,2.0,1.0,0.2773888888888889,4.107568564686897,0.806547527431271,0.828596373057967,0.828596373057967,0.828596373057967,0.7451302660922394
food_site_max_distance=3750.0000,256,False,False,0.9148351975034537,0.9148351975034537,0.2583611111111111,3.6713549682827056,0.731868158002763,0.7292173379749749,0.7292173379749749,0.7292173379749749,0.4600439101984241
food_site_max_distance=3750.0000,257,True,False,2.0,1.0,0.257,3.8309324185031417,0.8422264230810957,0.8078552576034304,0.8078552576034304,0.8078552576034304,0.5049713872893594
food_site_max_distance=3750.0000,258,True,False,2.0,1.0,0.2633888888888889,3.998084438191717,0.8852791428070084,0.7861288957381501,0.7861288957381501,0.7861288957381501,0.6702332397780093
food_site_max_distance=3750.0000,259,True,False,2.0,1.0,0.24163888888888888,3.540460501464196,0.8219769860248497,0.8096761569968602,0.8096761569968602,0.8096761569968602,0.77525565661741
food_site_max_distance=3750.0000,260,True,False,2.0,1.0,0.27844444444444444,4.205230465023884,0.8578661185171601,0.8764227693777449,0.8764227693777449,0.8764227693777449,0.6980879557617344
food_site_max_distance=3750.0000,261,True,False,2.0,1.0,0.23883333333333334,3.5281009654817,0.8810150390570247,0.6859627214922062,0.6859627214922062,0.6859627214922062,0.5985031387113253
food_site_max_distance=3750.0000,262,True,False,2.0,1.0,0.2662777777777778,4.01430613169073,0.8625488719405511,0.8043679582445346,0.8043679582445346,0.8043679582445346,0.681691781667872
food_site_max_distance=3750.0000,263,True,False,2.0,1.0,0.2549444444444445,3.774655925659231,0.8427677943019449,0.8040646706097547,0.8040646706097547,0.8040646706097547,0.6149675608090537
food_site_max_distance=3750.0000,264,False,False,0.9783971907943378,0.9783971907943378,0.25277777777777777,3.647438809887094,0.7827177526354703,0.7063923386444462,0.7063923386444462,0.7063923386444462,0.6386518200738306
food_site_max_distance=3750.0000,265,True,False,2.0,1.0,0.25255555555555553,3.700445190053728,0.807982256454829,0.729912213434408,0.729912213434408,0.729912213434408,0.3836000658134726
food_site_max_distance=3750.0000,266,True,False,2.0,1.0,0.24975,3.698684477947488,0.8497326656723376,0.7355655626225804,0.7355655626225804,0.7355655626225804,0.6899598283186338
food_site_max_distance=3750.0000,267,False,False,0.9429679696285312,0.9429679696285312,0.23394444444444445,3.3061463511406273,0.7543743757028251,0.7897858021071096,0.7897858021071096,0.7897858021071096,0.394935629928647
food_site_max_distance=3750.0000,268,True,False,2.0,1.0,0.26569444444444446,3.9686216515959334,0.8381541048305168,0.8065028773084929,0.8065028773084929,0.8065028773084929,0.5601195401215638
food_site_max_distance=3750.0000,269,True,False,2.0,1.0,0.2524444444444444,3.7552045396945024,0.853111346626341,0.7970539979962797,0.7970539979962797,0.7970539979962797,0.46820724243797324
food_site_max_distance=3750.0000,270,True,False,2.0,1.0,0.2712777777777778,4.160935621431267,0.9007477461621869,0.8240581608418548,0.8240581608418548,0.8240581608418548,0.472486819674029
food_site_max_distance=3750.0000,271,True,False,2.0,1.0,0.23744444444444443,3.531126895342393,0.8533774732636378,0.7652192636844152,0.7652192636844152,0.7652192636844152,0.70447839285784
food_site_max_distance=3750.0000,272,True,False,2.0,1.0,0.24355555555555555,3.581366291192935,0.8264735380165669,0.7191719829807403,0.7191719829807403,0.7191719829807403,0.5565110954025785
food_site_max_distance=3750.0000,273,True,False,2.0,1.0,0.28,4.269023074651716,0.8900515945949264,0.8637725091194873,0.8637725091194873,0.8637725091194873,0.4050673586871248
food_site_max_distance=3750.0000,274,True,False,2.0,1.0,0.27311111111111114,4.176808555598274,0.893024242963641,0.8253718450499344,0.8253718450499344,0.8253718450499344,0.35927693285969203
food_site_max_distance=3750.0000,275,True,False,2.0,1.0,0.2462777777777778,3.7135631008639436,0.8698700236863512,0.8265465397942194,0.8265465397942194,0.8265465397942194,0.3757406390901265
food_site_max_distance=3750.0000,276,True,False,2.0,1.0,0.27091666666666664,4.096760029030781,0.8703411038658716,0.6901692226491978,0.6901692226491978,0.6901692226491978,0.41751367709277515
food_site_max_distance=3750.0000,277,True,False,2.0,1.0,0.2521111111111111,3.8324881520201663,0.8864137562215135,0.7340509897488835,0.7340509897488835,0.7340509897488835,0.5310967323102864
food_site_max_distance=3750.0000,278,True,False,2.0,1.0,0.24786111111111112,3.711443683382844,0.8709654392905758,0.7357839928112949,0.7357839928112949,0.7357839928112949,0.71666628435729
food_site_max_distance=3750.0000,279,True,False,2.0,1.0,0.2629444444444445,3.8546823048616257,0.8074154377104743,0.835813211611543,0.835813211611543,0.835813211611543,0.7550136139034129
food_site_max_distance=3750.0000,280,True,False,2.0,1.0,0.26330555555555557,3.9059402665489884,0.8151514351586736,0.7444679478161708,0.7444679478161708,0.7444679478161708,0.7891065234886753
food_site_max_distance=3750.0000,281,True,False,2.0,1.0,0.2509722222222222,3.7169281434411507,0.8416872128438398,0.7728400353753642,0.7728400353753642,0.7728400353753642,0.20034387571532616
food_site_max_distance=3750.0000,282,True,False,2.0,1.0,0.28122222222222226,4.205724256524061,0.834893268654406,0.8072522013717207,0.8072522013717207,0.8072522013717207,0.8028336857552492
food_site_max_distance=3750.0000,283,True,False,2.0,1.0,0.2614444444444445,3.9509257420513078,0.8785411018870027,0.7550241530788423,0.7550241530788423,0.7550241530788423,0.5718949057789078
food_site_max_distance=3750.0000,284,True,False,2.0,1.0,0.27708333333333335,4.224827063656159,0.8832862926581733,0.8284334292873713,0.8284334292873713,0.8284334292873713,0.6280115202738578
food_site_max_distance=3750.0000,285,False,False,0.9987970650231287,0.9987970650231287,0.24930555555555556,3.624820078755749,0.799037652018503,0.8701670349586845,0.8701670349586845,0.8701670349586845,0.4732094467856727
food_site_max_distance=3750.0000,286,True,False,2.0,1.0,0.26988888888888884,4.13863503871585,0.9010578896266417,0.8468432505204063,0.8468432505204063,0.8468432505204063,0.5587054681619305
food_site_max_distance=3750.0000,287,True,False,2.0,1.0,0.2436111111111111,3.651185222331847,0.8833393631656825,0.8090456704189017,0.8090456704189017,0.8090456704189017,0.44793454399461846
food_site_max_distance=3750.0000,288,True,False,2.0,1.0,0.2603888888888889,3.8970658045420445,0.8459327230905611,0.8520327828946336,0.8520327828946336,0.8520327828946336,0.7565503058206854
food_site_max_distance=3750.0000,289,True,False,2.0,1.0,0.26744444444444443,4.002568299106125,0.8440266701863783,0.8353507498970257,0.8353507498970257,0.8353507498970257,0.49928261115928707
food_site_max_distance=3750.0000,290,True,False,2.0,1.0,0.26483333333333337,3.9783156863111557,0.8506148093687191,0.783483450260066,0.783483450260066,0.783483450260066,0.5494335331584168
food_site_max_distance=3750.0000,291,True,False,2.0,1.0,0.24744444444444447,3.62455837111572,0.8283546110978537,0.7186656256748625,0.7186656256748625,0.7186656256748625,0.6233546879447307
food_site_max_distance=3750.0000,292,True,False,2.0,1.0,0.2501111111111111,3.7360163003406104,0.850525889680524,0.7245893544388537,0.7245893544388537,0.7245893544388537,0.6009664310524806
food_site_max_distance=3750.0000,293,True,False,2.0,1.0,0.27375,4.153973846289518,0.872601117411295,0.8025683278915163,0.8025683278915163,0.8025683278915163,0.684125713041033
food_site_max_distance=3750.0000,294,True,False,2.0,1.0,0.2829166666666667,4.228537885273801,0.8276055741894399,0.8032601064865329,0.8032601064865329,0.8032601064865329,0.5535281047715218
food_site_max_distance=3750.0000,295,True,False,2.0,1.0,0.27944444444444444,4.2299679043987854,0.8508267098568776,0.8541764086126449,0.8541764086126449,0.8541764086126449,0.7837044831427048
food_site_max_distance=3750.0000,296,True,False,2.0,1.0,0.2718333333333333,4.062523239094381,0.8104704133433119,0.8402917363147245,0.8402917363147245,0.8402917363147245,0.49199501767768783
food_site_max_distance=3750.0000,297,True,False,2.0,1.0,0.27252777777777776,4.09742224960327,0.8361632696306963,0.8330931101581663,0.8330931101581663,0.8330931101581663,0.8078110242454474
food_site_max_distance=3750.0000,298,True,False,2.0,1.0,0.2541111111111111,3.821953913140578,0.8821731998041221,0.7928091828472774,0.7928091828472774,0.7928091828472774,0.7003367578166376
food_site_max_distance=3750.0000,299,True,False,2.0,1.0,0.2589166666666667,3.9483617953813024,0.875183767976857,0.8180276292177102,0.8180276292177102,0.8180276292177102,0.19270018344988435
food_site_max_distance=4500.0000,200,True,False,2.0,1.0,0.2033888888888889,2.7532584795865285,0.846133468448381,0.7403068175518343,0.7403068175518343,0.7403068175518343,0.4793415711557318
food_site_max_distance=4500.0000,201,True,False,2.0,1.0,0.23380555555555554,3.2920291834407744,0.8783803242140756,0.8548096563034289,0.8548096563034289,0.8548096563034289,0.6692210172618825
food_site_max_distance=4500.0000,202,True,False,2.0,1.0,0.22902777777777777,3.1618262684337646,0.830162285066475,0.7688109858613766,0.7688109858613766,0.7688109858613766,0.3989803072248708
food_site_max_distance=4500.0000,203,True,False,2.0,1.0,0.2283611111111111,3.18134783428111,0.8444768681905703,0.8312580094193953,0.8312580094193953,0.8312580094193953,0.8092510625875556
food_site_max_distance=4500.0000,204,True,False,2.0,1.0,0.23302777777777778,3.3286490908575406,0.903573727961147,0.7600554799148326,0.7600554799148326,0.7600554799148326,0.3363353297937498
food_site_max_distance=4500.0000,205,True,False,2.0,1.0,0.218,2.95657570032629,0.8250045466044141,0.8272559484627572,0.8272559484627572,0.8272559484627572,0.570505687549542
food_site_max_distance=4500.0000,206,True,False,2.0,1.0,0.22158333333333333,3.1152655157726765,0.8685260901178021,0.7872538218036947,0.7872538218036947,0.7872538218036947,0.6503280738623881
food_site_max_distance=4500.0000,207,True,False,2.0,1.0,0.2311666666666667,3.258452896119191,0.8440491895979821,0.8380154419044542,0.8380154419044542,0.8380154419044542,0.7965375541151342
food_site_max_distance=4500.0000,208,True,False,2.0,1.0,0.23730555555555555,3.360684433672287,0.8821077210256935,0.7651205953528304,0.7651205953528304,0.7651205953528304,0.71157012678011
food_site_max_distance=4500.0000,209,False,False,0.9204543323042883,0.9204543323042883,0.22133333333333333,2.928977095373364,0.7363634658434307,0.8316914669550076,0.8316914669550076,0.8316914669550076,0.6136895768278038
food_site_max_distance=4500.0000,210,True,False,2.0,1.0,0.22130555555555556,3.139114989855384,0.8874126406431435,0.8254304864925217,0.8254304864925217,0.8254304864925217,0.6303990682937016
food_site_max_distance=4500.0000,211,True,False,2.0,1.0,0.2408611111111111,3.4267070400015576,0.8876812157028534,0.8723356181406756,0.8723356181406756,0.8723356181406756,0.795359311291538
food_site_max_distance=4500.0000,212,True,False,2.0,1.0,0.22980555555555557,3.295825702778716,0.8973725921802536,0.8353259663274478,0.8353259663274478,0.8353259663274478,0.7620049607461431
food_site_max_distance=4500.0000,213,True,False,2.0,1.0,0.2232222222222222,3.0610055387233444,0.8258956021864027,0.7775878959811019,0.7775878959811019,0.7775878959811019,0.5175150460658055
food_site_max_distance=4500.0000,214,True,False,2.0,1.0,0.21605555555555556,2.9570221637043894,0.8098210307113256,0.784987413155959,0.784987413155959,0.784987413155959,0.3616494046196204
food_site_max_distance=4500.0000,215,True,False,2.0,1.0,0.24491666666666667,3.52833159197337,0.8932036881602742,0.8773784361294588,0.8773784361294588,0.8773784361294588,0.6883235223195108
food_site_max_distance=4500.0000,216,True,False,2.0,1.0,0.21883333333333335,2.980267956958477,0.8240145928628247,0.7770091322815111,0.7770091322815111,0.7770091322815111,0.3067796464978882
food_site_max_distance=4500.0000,217,True,False,2.0,1.0,0.2138888888888889,2.941655160474118,0.8590022139294384,0.8472655637297051,0.8472655637297051,0.8472655637297051,0.6886695602225359
food_site_max_distance=4500.0000,218,True,False,2.0,1.0,0.22208333333333333,3.0658669701018497,0.8469453618192453,0.7957508608400536,0.7957508608400536,0.7957508608400536,0.7465016585700429
food_site_max_distance=4500.0000,219,True,False,2.0,1.0,0.23688888888888887,3.3923977209356075,0.8972299246051615,0.8178978665572411,0.8178978665572411,0.8178978665572411,0.6165956943466835
food_site_max_distance=4500.0000,220,True,False,2.0,1.0,0.22430555555555556,3.023293626471049,0.8001680320996292,0.6877708863527873,0.6877708863527873,0.6877708863527873,0.588353394953151
food_site_max_distance=4500.0000,221,True,False,2.0,1.0,0.22591666666666665,3.1452103877930386,0.8518259711791892,0.8687465957542689,0.8687465957542689,0.8687465957542689,0.3889122002254667
food_site_max_distance=4500.0000,222,True,False,2.0,1.0,0.22455555555555554,3.0871529739965626,0.8607198582743212,0.7899414381600515,0.7899414381600515,0.7899414381600515,0.6588996085457791
food_site_max_distance=4500.0000,223,False,False,0.7935462697719351,0.7935462697719351,0.19469444444444445,2.3598322201742072,0.6348370158175481,0.45973793849491934,0.45973793849491934,0.45973793849491934,0.5014631241600749
food_site_max_distance=4500.0000,224,True,False,2.0,1.0,0.22908333333333333,3.1322925686600183,0.8214781310208701,0.7686255571198177,0.7686255571198177,0.7686255571198177,0.5989279428984997
food_site_max_distance=4500.0000,225,True,False,2.0,1.0,0.23355555555555557,3.2360206760525374,0.8312887822795906,0.7158059467469441,0.7158059467469441,0.7158059467469441,0.4569569719388997
food_site_max_distance=4500.0000,226,True,False,2.0,1.0,0.23183333333333334,3.188316145720897,0.8120417228863968,0.847211995845449,0.847211995845449,0.847211995845449,0.7011248547869804
food_site_max_distance=4500.0000,227,True,False,2.0,1.0,0.21708333333333335,3.0124995602516162,0.8577106604730199,0.7100448773818686,0.7100448773818686,0.7100448773818686,0.5568623746568679
food_site_max_distance=4500.0000,228,True,False,2.0,1.0,0.22330555555555556,3.0631123747132625,0.8310025677345176,0.7884459720350261,0.7884459720350261,0.7884459720350261,0.4753004872287307
food_site_max_distance=4500.0000,229,True,False,2.0,1.0,0.23683333333333334,3.324851686937314,0.846561245470143,0.7590381945902109,0.7590381945902109,0.7590381945902109,0.517799380563667
food_site_max_distance=4500.0000,230,False,False,0.9962481461671608,0.9962481461671608,0.23366666666666666,3.2043951969948306,0.7969985169337287,0.8223581712424325,0.8223581712424325,0.8223581712424325,0.6361205875039607
food_site_max_distance=4500.0000,231,True,False,2.0,1.0,0.21530555555555556,2.981556758970218,0.8387661802507071,0.7500192797048781,0.7500192797048781,0.7500192797048781,0.3736502791246341
food_site_max_distance=4500.0000,232,True,False,2.0,1.0,0.235,3.304105963251577,0.8724929859923058,0.7938261927526445,0.7938261927526445,0.7938261927526445,0.5715149811674053
food_site_max_distance=4500.0000,233,True,False,2.0,1.0,0.2155,2.9351823323894264,0.8161826904792941,0.8685728947849264,0.8685728947849264,0.8685728947849264,0.32610145700971943
food_site_max_distance=4500.0000,234,True,False,2.0,1.0,0.22811111111111113,3.168190047679311,0.8240941278267797,0.8562844913944189,0.8562844913944189,0.8562844913944189,0.45079539857707535
food_site_max_distance=4500.0000,235,True,False,2.0,1.0,0.23272222222222222,3.2231948173841913,0.8234605354857656,0.8704632918146952,0.8704632918146952,0.8704632918146952,0.39431949983956854
food_site_max_distance=4500.0000,236,True,False,2.0,1.0,0.20880555555555555,2.7751092370167987,0.8058068717812532,0.7537312219668567,0.7537312219668567,0.7537312219668567,0.3985353636887723
food_site_max_distance=4500.0000,237,True,False,2.0,1.0,0.24458333333333335,3.490720983438611,0.8957758146785783,0.8620793239985413,0.8620793239985413,0.8620793239985413,0.6780459765555896
food_site_max_distance=4500.0000,238,True,False,2.0,1.0,0.2256388888888889,3.124273297688101,0.83033183395967,0.8520597240380875,0.8520597240380875,0.8520597240380875,0.6904571095796508
food_site_max_distance=4500.0000,239,False,False,0.9995016291147186,0.9995016291147186,0.2147777777777778,2.8654452553479985,0.7996013032917749,0.7834309797002764,0.7834309797002764,0.7834309797002764,0.6807051050540293
food_site_max_distance=4500.0000,240,True,False,2.0,1.0,0.22372222222222224,3.0306519261489417,0.8245049573094462,0.7752219944727173,0.7752219944727173,0.7752219944727173,0.533804487016806
food_site_max_distance=4500.0000,241,True,False,2.0,1.0,0.20788888888888887,2.8962264230296646,0.8602265690947468,0.8435034593032525,0.8435034593032525,0.8435034593032525,0.6115284333835381
food_site_max_distance=4500.0000,242,True,False,2.0,1.0,0.19580555555555554,2.5752047803280704,0.8292551961579505,0.6875749209786675,0.6875749209786675,0.6875749209786675,0.5095562739888968
food_site_max_distance=4500.0000,243,False,False,0.9794350196061644,0.9794350196061644,0.23330555555555554,3.1805037378667347,0.7835480156849316,0.8099713679872301,0.8099713679872301,0.8099713679872301,0.3660270854315648
food_site_max_distance=4500.0000,244,True,False,2.0,1.0,0.21075,2.9158395994133683,0.8738141088401181,0.8246434810928126,0.8246434810928126,0.8246434810928126,0.5428031662991797
food_site_max_distance=4500.0000,245,True,False,2.0,1.0,0.2178888888888889,2.956840964455169,0.8116255055519833,0.8070611484002225,0.8070611484002225,0.8070611484002225,0.59279442953915
food_site_max_distance=4500.0000,246,True,False,2.0,1.0,0.22033333333333335,3.074883023654709,0.8663585606932613,0.8675660961577445,0.8675660961577445,0.8675660961577445,0.668878436489786
food_site_max_distance=4500.0000,247,True,False,2.0,1.0,0.2236388888888889,3.084320115635115,0.8375300776800975,0.7699247191759107,0.7699247191759107,0.7699247191759107,0.5817107883788062
food_site_max_distance=4500.0000,248,True,False,2.0,1.0,0.2141111111111111,2.9753819269578514,0.8621785499376711,0.7914792198759903,0.7914792198759903,0.7914792198759903,0.5760399155009126
food_site_max_distance=4500.0000,249,True,False,2.0,1.0,0.23294444444444445,3.293389747803475,0.8829320929432686,0.7236541028648407,0.7236541028648407,0.7236541028648407,0.5113810100252484
food_site_max_distance=4500.0000,250,True,False,2.0,1.0,0.21855555555555556,2.9774650615252716,0.8333016065609103,0.7911261810235504,0.7911261810235504,0.7911261810235504,0.6061786962779069
food_site_max_distance=4500.0000,251,True,False,2.0,1.0,0.21263888888888888,2.8736064511408377,0.8236397682442452,0.8180205927643723,0.8180205927643723,0.8180205927643723,0.24006478609297277
food_site_max_distance=4500.0000,252,True,False,2.0,1.0,0.23083333333333333,3.1716471139425133,0.8273190355817913,0.7611262216946225,0.7611262216946225,0.7611262216946225,0.6863417069916408
food_site_max_distance=4500.0000,253,True,False,2.0,1.0,0.23477777777777778,3.287981472258623,0.8480021498272464,0.887249184810465,0.887249184810465,0.887249184810465,0.7388178591937805
food_site_max_distance=4500.0000,254,True,False,2.0,1.0,0.2378611111111111,3.359132776770744,0.8596585532292347,0.8521108723585179,0.8521108723585179,0.8521108723585179,0.6788999982432009
food_site_max_distance=4500.0000,255,True,False,2.0,1.0,0.22041666666666665,3.090444809983251,0.8859827140069642,0.8117789562787726,0.8117789562787726,0.8117789562787726,0.7524983377309952
food_site_max_distance=4500.0000,256,True,False,2.0,1.0,0.22944444444444445,3.159984409846287,0.8224686970192636,0.8299523918982498,0.8299523918982498,0.8299523918982498,0.2492073206892548
food_site_max_distance=4500.0000,257,True,False,2.0,1.0,0.22394444444444445,3.0660884688090753,0.831027097735954,0.8190845161089004,0.8190845161089004,0.8190845161089004,0.6294955106162079
food_site_max_distance=4500.0000,258,True,False,2.0,1.0,0.21605555555555556,2.9129421390748265,0.8075630893210807,0.7151348108858506,0.7151348108858506,0.7151348108858506,0.41295736811273087
food_site_max_distance=4500.0000,259,True,False,2.0,1.0,0.23111111111111113,3.213040136502462,0.8426240207101708,0.8424163311044313,0.8424163311044313,0.8424163311044313,0.8289899655731935
food_site_max_distance=4500.0000,260,True,False,2.0,1.0,0.2316388888888889,3.1524387878416023,0.8167862265413639,0.7992394909210385,0.7992394909210385,0.7992394909210385,0.7522872018550972
food_site_max_distance=4500.0000,261,False,False,0.998038028421931,0.998038028421931,0.23605555555555557,3.2085959687398047,0.7984304227375448,0.7979794721981108,0.7979794721981108,0.7979794721981108,0.7356373452930718
food_site_max_distance=4500.0000,262,True,False,2.0,1.0,0.2316111111111111,3.2373735270553783,0.8375075240084301,0.8731926754131459,0.8731926754131459,0.8731926754131459,0.33591973351274085
food_site_max_distance=4500.0000,263,True,False,2.0,1.0,0.24905555555555556,3.5776162493596213,0.881456814413102,0.9075614116977702,0.9075614116977702,0.9075614116977702,0.33997563831519234
food_site_max_distance=4500.0000,264,True,False,2.0,1.0,0.2118611111111111,2.926257923412577,0.8500029071730569,0.8705935091599689,0.8705935091599689,0.8705935091599689,0.592484547986525
food_site_max_distance=4500.0000,265,True,False,2.0,1.0,0.24394444444444444,3.4160532893930053,0.8219510337335769,0.8305440888180062,0.8305440888180062,0.8305440888180062,0.6716227723415094
food_site_max_distance=4500.0000,266,True,False,2.0,1.0,0.23022222222222222,3.164069108585941,0.8079392593805301,0.8004061722867774,0.8004061722867774,0.8004061722867774,0.3615212703797788
food_site_max_distance=4500.0000,267,True,False,2.0,1.0,0.2455277777777778,3.5028578459590793,0.8762091518302938,0.8795873714996619,0.8795873714996619,0.8795873714996619,0.5598764689562582
food_site_max_distance=4500.0000,268,True,False,2.0,1.0,0.22219444444444444,3.073803945848049,0.8732667688781045,0.816232239688979,0.816232239688979,0.816232239688979,0.7053230988343174
food_site_max_distance=4500.0000,269,True,False,2.0,1.0,0.21866666666666665,3.015081199028099,0.8538951576473526,0.8220779281432014,0.8220779281432014,0.8220779281432014,0.5541179472033462
food_site_max_distance=4500.0000,270,True,False,2.0,1.0,0.20416666666666666,2.772039594886735,0.8558557364666942,0.756897580985626,0.756897580985626,0.756897580985626,0.7722243097847518
food_site_max_distance=4500.0000,271,True,False,2.0,1.0,0.24100000000000002,3.4559295191261827,0.9034578842555202,0.8359064903966745,0.8359064903966745,0.8359064903966745,0.6203147234095177
food_site_max_distance=4500.0000,272,True,False,2.0,1.0,0.24325000000000002,3.4188304089595367,0.8551096045544149,0.835100178880685,0.835100178880685,0.835100178880685,0.7062506511562302
food_site_max_distance=4500.0000,273,True,False,2.0,1.0,0.23672222222222222,3.324710333464976,0.8600398823255276,0.8065735042418539,0.8065735042418539,0.8065735042418539,0.6828740931610641
food_site_max_distance=4500.0000,274,True,False,2.0,1.0,0.22219444444444444,3.03823124376729,0.806456975800879,0.8597480654073487,0.8597480654073487,0.8597480654073487,0.5866252895080812
food_site_max_distance=4500.0000,275,True,False,2.0,1.0,0.2495277777777778,3.54963377739992,0.8714453157042797,0.7954927893974256,0.7954927893974256,0.7954927893974256,0.8262607596098465
food_site_max_distance=4500.0000,276,True,False,2.0,1.0,0.23777777777777778,3.383702592582513,0.8762333562813686,0.8545534412484238,0.8545534412484238,0.8545534412484238,0.4779316782802213
food_site_max_distance=4500.0000,277,False,False,0.9894279119688606,0.9894279119688606,0.22183333333333335,2.990234404897948,0.7915423295750885,0.7788860497012335,0.7788860497012335,0.7788860497012335,0.6524437027421761
food_site_max_distance=4500.0000,278,True,False,2.0,1.0,0.2118611111111111,2.8950889411615597,0.8387898559704353,0.7822629500010544,0.7822629500010544,0.7822629500010544,0.6350194282621439
food_site_max_distance=4500.0000,279,True,False,2.0,1.0,0.23808333333333334,3.366513113208212,0.8496957132877114,0.8555507013724081,0.8555507013724081,0.8555507013724081,0.4402093956555065
food_site_max_distance=4500.0000,280,True,False,2.0,1.0,0.2353611111111111,3.3378966539146537,0.8674854094448639,0.9075721975023616,0.9075721975023616,0.9075721975023616,0.32943765039917866
food_site_max_distance=4500.0000,281,True,False,2.0,1.0,0.22991666666666666,3.24839881982014,0.8528873692141339,0.8332755561903646,0.8332755561903646,0.8332755561903646,0.6416950077924635
food_site_max_distance=4500.0000,282,True,False,2.0,1.0,0.23141666666666666,3.2190991593553635,0.8246318916737528,0.8116557056523703,0.8116557056523703,0.8116557056523703,0.7761091612930802
food_site_max_distance=4500.0000,283,True,False,2.0,1.0,0.22619444444444445,3.1848656424883264,0.8656031761251762,0.836956819301025,0.836956819301025,0.836956819301025,0.4298819122023775
food_site_max_distance=4500.0000,284,True,False,2.0,1.0,0.21075,2.9223941699448246,0.8538471633125494,0.8056758703418461,0.8056758703418461,0.8056758703418461,0.5648327098526943
food_site_max_distance=4500.0000,285,True,False,2.0,1.0,0.21380555555555555,2.9825467499502136,0.8970598932561611,0.7934260825404247,0.7934260825404247,0.7934260825404247,0.47834748868226046
food_site_max_distance=4500.0000,286,True,False,2.0,1.0,0.22775,3.1505240950958924,0.836878733918783,0.8208213282378035,0.8208213282378035,0.8208213282378035,0.5242024265075736
food_site_max_distance=4500.0000,287,False,False,0.9767845290223792,0.9767845290223792,0.22297222222222224,2.985073056450525,0.7814276232179034,0.7780885453173596,0.7780885453173596,0.7780885453173596,0.3922205453776692
food_site_max_distance=4500.0000,288,True,False,2.0,1.0,0.2224722222222222,3.0701250561032443,0.846287330813823,0.7703599178904164,0.7703599178904164,0.7703599178904164,0.4286573160505382
food_site_max_distance=4500.0000,289,True,False,2.0,1.0,0.23405555555555554,3.284227519677858,0.8816599768931174,0.8410955448347539,0.8410955448347539,0.8410955448347539,0.6216967618215535
food_site_max_distance=4500.0000,290,True,False,2.0,1.0,0.23455555555555557,3.22009116283968,0.8341144994883563,0.7916269623172406,0.7916269623172406,0.7916269623172406,0.6272076677661418
food_site_max_distance=4500.0000,291,True,False,2.0,1.0,0.22869444444444445,3.250768832612714,0.9006881597831888,0.7538895556465877,0.7538895556465877,0.7538895556465877,0.2302543630948219
food_site_max_distance=4500.0000,292,True,False,2.0,1.0,0.23155555555555554,3.222114028273755,0.8426214739894163,0.8455467314510071,0.8455467314510071,0.8455467314510071,0.5355118625396671
food_site_max_distance=4500.0000,293,True,False,2.0,1.0,0.22474999999999998,3.154059461547588,0.8712455530444279,0.81766686652266,0.81766686652266,0.81766686652266,0.364316743399279
food_site_max_distance=4500.0000,294,True,False,2.0,1.0,0.21052777777777779,2.9351838384167808,0.8644665574940585,0.8270567584319374,0.8270567584319374,0.8270567584319374,0.6826183361415834
food_site_max_distance=4500.0000,295,True,False,2.0,1.0,0.22708333333333333,3.1430456538472753,0.8490053349833754,0.7957158950574947,0.7957158950574947,0.7957158950574947,0.6593100547187543
food_site_max_distance=4500.0000,296,True,False,2.0,1.0,0.22630555555555557,3.076478914611359,0.8075875391412883,0.7856118450274813,0.7856118450274813,0.7856118450274813,0.5565501159841578
food_site_max_distance=4500.0000,297,True,False,2.0,1.0,0.2219722222222222,3.0008581432110315,0.8226577501039892,0.7498327150004471,0.7498327150004471,0.7498327150004471,0.5114900147574032
food_site_max_distance=4500.0000,298,True,False,2.0,1.0,0.19980555555555554,2.749487636825355,0.8361006972517561,0.8458660412199742,0.8458660412199742,0.8458660412199742,0.44089787037931705
food_site_max_distance=4500.0000,299,True,False,2.0,1.0,0.21688888888888888,3.0389232228885663,0.8872107453868241,0.7479165707932436,0.7479165707932436,0.7479165707932436,0.41632690405551215
food_site_max_distance=6000.0000,200,True,False,2.0,1.0,0.17205555555555557,1.8595859167290218,0.8049849877473413,0.8111713050118449,0.8111713050118449,0.8111713050118449,0.45127593754159806
food_site_max_distance=6000.0000,201,False,False,0.9912258539021895,0.9912258539021895,0.1833888888888889,2.0495190470068994,0.7929806831217516,0.8504823105142818,0.8504823105142818,0.8504823105142818,0.511211260943538
food_site_max_distance=6000.0000,202,True,False,2.0,1.0,0.1900277777777778,2.191106303199668,0.8411397705448145,0.8782592173423723,0.8782592173423723,0.8782592173423723,0.43772468694394745
food_site_max_distance=6000.0000,203,True,False,2.0,1.0,0.189,2.1880356086769703,0.8812759272147849,0.8728225957660318,0.8728225957660318,0.8728225957660318,0.7513023686204914
food_site_max_distance=6000.0000,204,True,False,2.0,1.0,0.16891666666666666,1.8205542544043898,0.8286454445006167,0.8170707760928477,0.8170707760928477,0.8170707760928477,0.6119093710101488
food_site_max_distance=6000.0000,205,True,False,2.0,1.0,0.1803888888888889,2.058779994375423,0.8614857391866383,0.8978137758107201,0.8978137758107201,0.8978137758107201,0.5669235923495521
food_site_max_distance=6000.0000,206,True,False,2.0,1.0,0.17233333333333334,1.8285039862646388,0.8221106987149523,0.7563074692744066,0.7563074692744066,0.7563074692744066,0.3574302024668484
food_site_max_distance=6000.0000,207,True,False,2.0,1.0,0.18963888888888888,2.162744511638907,0.8312864502577385,0.8014874212154165,0.8014874212154165,0.8014874212154165,0.6240703397459182
food_site_max_distance=6000.0000,208,True,False,2.0,1.0,0.18166666666666667,1.9798892147956835,0.8082183709728771,0.8817562571730294,0.8817562571730294,0.8817562571730294,0.716507096724587
food_site_max_distance=6000.0000,209,True,False,2.0,1.0,0.17922222222222223,2.110239156674219,0.890555308336873,0.8590699701055888,0.8590699701055888,0.8590699701055888,0.6137945847226465
food_site_max_distance=6000.0000,210,True,False,2.0,1.0,0.18150000000000002,2.0875772622786326,0.9109268742183174,0.8445929716369939,0.8445929716369939,0.8445929716369939,0.40134342412599733
food_site_max_distance=6000.0000,211,True,False,2.0,1.0,0.18616666666666667,2.1725697454650237,0.9038008835412225,0.8312547799328303,0.8312547799328303,0.8312547799328303,0.45927366088091126
food_site_max_distance=6000.0000,212,True,False,2.0,1.0,0.16702777777777778,1.8319070935499562,0.8592131015624981,0.855182877005283,0.855182877005283,0.855182877005283,0.5603208239799861
food_site_max_distance=6000.0000,213,False,False,0.8448190960858649,0.8448190960858649,0.16822222222222222,1.6921064868654663,0.675855276868692,0.6731437683502527,0.6731437683502527,0.6731437683502527,0.5624533646925223
food_site_max_distance=6000.0000,214,True,False,2.0,1.0,0.18041666666666664,1.9962140647588988,0.8167250043328093,0.8080920348740769,0.8080920348740769,0.8080920348740769,0.586163204065434
food_site_max_distance=6000.0000,215,True,False,2.0,1.0,0.1934722222222222,2.2153402024392572,0.8225876357502725,0.8761962712174374,0.8761962712174374,0.8761962712174374,0.6761636632206499
food_site_max_distance=6000.0000,216,True,False,2.0,1.0,0.18025,1.9859923430949213,0.8489784084839239,0.8140745643923946,0.8140745643923946,0.8140745643923946,0.38155735747995456
food_site_max_distance=6000.0000,217,True,False,2.0,1.0,0.17655555555555555,2.002420487387014,0.9062396091717738,0.7811329872783713,0.7811329872783713,0.7811329872783713,0.5068289002354182
food_site_max_distance=6000.0000,218,True,False,2.0,1.0,0.17555555555555555,1.93657608234197,0.8349542122329884,0.7286079989170469,0.7286079989170469,0.7286079989170469,0.6057455508666048
food_site_max_distance=6000.0000,219,True,False,2.0,1.0,0.18005555555555555,2.0036363051174177,0.8437783860508982,0.8215883804892884,0.8215883804892884,0.8215883804892884,0.4364394507256575
food_site_max_distance=6000.0000,220,True,False,2.0,1.0,0.1802777777777778,2.0043729783808444,0.8448557747988371,0.8012462006494899,0.8012462006494899,0.8012462006494899,0.7572773110669455
food_site_max_distance=6000.0000,221,True,False,2.0,1.0,0.17769444444444446,1.9528200967573557,0.8237343342688542,0.8532239518964322,0.8532239518964322,0.8532239518964322,0.6628510715764608
food_site_max_distance=6000.0000,222,True,False,2.0,1.0,0.17738888888888887,1.9972439280689331,0.8691239436373805,0.847407132594184,0.847407132594184,0.847407132594184,0.4502787683091738
food_site_max_distance=6000.0000,223,True,False,2.0,1.0,0.17525000000000002,2.0100792322272594,0.8914571139630211,0.8526815619278059,0.8526815619278059,0.8526815619278059,0.4523664507121954
food_site_max_distance=6000.0000,224,True,False,2.0,1.0,0.1716388888888889,1.9437793907748169,0.8264902069861327,0.8630749818777549,0.8630749818777549,0.8630749818777549,0.7380770957817524
food_site_max_distance=6000.0000,225,False,False,0.3662777474604851,0.3662777474604851,0.15822222222222224,1.3221889201109092,0.34077180457874595,0.18313887373024254,0.18313887373024254,0.18313887373024254,0.6009309681591178
food_site_max_distance=6000.0000,226,True,False,2.0,1.0,0.18622222222222223,2.1395556853641495,0.8769954419812825,0.8900439657371285,0.8900439657371285,0.8900439657371285,0.8068179097126897
food_site_max_distance=6000.0000,227,True,False,2.0,1.0,0.18619444444444444,2.1462638794509714,0.8709473752615953,0.7834558661720185,0.7834558661720185,0.7834558661720185,0.5146433804928685
food_site_max_distance=6000.0000,228,True,False,2.0,1.0,0.17130555555555554,1.8500493792859136,0.8277379371818746,0.7813080063101088,0.7813080063101088,0.7813080063101088,0.5431713581425774
food_site_max_distance=6000.0000,229,True,False,2.0,1.0,0.17830555555555558,2.0019545947589314,0.8406526436829379,0.8302701354875685,0.8302701354875685,0.8302701354875685,0.7102103657315416
food_site_max_distance=6000.0000,230,True,False,2.0,1.0,0.18008333333333332,2.04715747919094,0.890198580202852,0.7955617228932643,0.7955617228932643,0.7955617228932643,0.8037167381342392
food_site_max_distance=6000.0000,231,True,False,2.0,1.0,0.18725,2.203701803219997,0.915310450911976,0.8362979446555651,0.8362979446555651,0.8362979446555651,0.30803938115195056
food_site_max_distance=6000.0000,232,True,False,2.0,1.0,0.1947777777777778,2.2732202058507878,0.8869233239014885,0.8496084621871527,0.8496084621871527,0.8496084621871527,0.4775740359376159
food_site_max_distance=6000.0000,233,True,False,2.0,1.0,0.18230555555555555,2.0834779326604744,0.8612458469277766,0.8805291604387335,0.8805291604387335,0.8805291604387335,0.5507898576521485
food_site_max_distance=6000.0000,234,True,False,2.0,1.0,0.16772222222222222,1.7985830290756417,0.8353508349459876,0.8461322425722637,0.8461322425722637,0.8461322425722637,0.5996557170758549
food_site_max_distance=6000.0000,235,True,False,2.0,1.0,0.17491666666666666,1.941083296494488,0.8520288611688148,0.7597635351295762,0.7597635351295762,0.7597635351295762,0.6247097346530613
food_site_max_distance=6000.0000,236,True,False,2.0,1.0,0.1724166666666667,1.8872992022226354,0.8411861447953805,0.8690280571056769,0.8690280571056769,0.8690280571056769,0.462487850556718
food_site_max_distance=6000.0000,237,True,False,2.0,1.0,0.18341666666666667,2.1374100352845895,0.872869938444231,0.8173718389895641,0.8173718389895641,0.8173718389895641,0.6961319907202234
food_site_max_distance=6000.0000,238,True,False,2.0,1.0,0.17127777777777778,1.883575130654419,0.8418245531247192,0.8407058450405568,0.8407058450405568,0.8407058450405568,0.6187029137298018
food_site_max_distance=6000.0000,239,True,False,2.0,1.0,0.16955555555555557,1.8289262252214822,0.8458949398706438,0.8207884283444693,0.8207884283444693,0.8207884283444693,0.6286286943302596
food_site_max_distance=6000.0000,240,True,False,2.0,1.0,0.19208333333333333,2.305090960040394,0.9052539115634649,0.8786065475635894,0.8786065475635894,0.8786065475635894,0.6110946946092175
food_site_max_distance=6000.0000,241,True,False,2.0,1.0,0.18538888888888888,2.1108652724141015,0.8741203469502001,0.8153880720627441,0.8153880720627441,0.8153880720627441,0.6357741158102648
food_site_max_distance=6000.0000,242,False,False,0.9261716797590644,0.9261716797590644,0.18266666666666667,1.9620483523836318,0.7409373438072516,0.5941934572976117,0.5941934572976117,0.5941934572976117,0.49827952583738355
food_site_max_distance=6000.0000,243,True,False,2.0,1.0,0.18344444444444444,2.042270435850015,0.8294036352681696,0.8609311012408049,0.8609311012408049,0.8609311012408049,0.7392795800441622
food_site_max_distance=6000.0000,244,True,False,2.0,1.0,0.16580555555555557,1.7955837702862676,0.8200699000840471,0.8115215710096293,0.8115215710096293,0.8115215710096293,0.6274000110973538
food_site_max_distance=6000.0000,245,True,False,2.0,1.0,0.1867222222222222,2.1183993535241155,0.8971651455723728,0.8302265063551427,0.8302265063551427,0.8302265063551427,0.6542016319230755
food_site_max_distance=6000.0000,246,True,False,2.0,1.0,0.1765,1.984874102948599,0.8924422036922491,0.8158516682370134,0.8158516682370134,0.8158516682370134,0.6609612688741774
food_site_max_distance=6000.0000,247,True,False,2.0,1.0,0.17569444444444443,1.9179658083186804,0.8512763138019981,0.7942566212415395,0.7942566212415395,0.7942566212415395,0.7533142694603344
food_site_max_distance=6000.0000,248,True,False,2.0,1.0,0.17866666666666667,2.0124478849371674,0.859309725389076,0.8712868928046007,0.8712868928046007,0.8712868928046007,0.3549877685467605
food_site_max_distance=6000.0000,249,True,False,2.0,1.0,0.19233333333333336,2.1923027194626314,0.8292777643407907,0.8325831819110887,0.8325831819110887,0.8325831819110887,0.7249578128027742
food_site_max_distance=6000.0000,250,True,False,2.0,1.0,0.18147222222222223,2.055346297035499,0.8764311570391798,0.8234423020520005,0.8234423020520005,0.8234423020520005,0.6001528760769302
food_site_max_distance=6000.0000,251,True,False,2.0,1.0,0.17408333333333334,1.9230339052109284,0.8649772692746291,0.7998499394342332,0.7998499394342332,0.7998499394342332,0.5808729899706526
food_site_max_distance=6000.0000,252,True,False,2.0,1.0,0.17905555555555558,2.064622562847426,0.8872825345492718,0.8639428993311646,0.8639428993311646,0.8639428993311646,0.5659113387936581
food_site_max_distance=6000.0000,253,True,False,2.0,1.0,0.17630555555555555,1.9854974447542415,0.8490465932553379,0.8473852692094938,0.8473852692094938,0.8473852692094938,0.5225723510721405
food_site_max_distance=6000.0000,254,True,False,2.0,1.0,0.19252777777777777,2.212451207591279,0.8573942557768366,0.8916504081776292,0.8916504081776292,0.8916504081776292,0.7677813740626565
food_site_max_distance=6000.0000,255,False,False,0.3578530892176696,0.3578530892176696,0.1794722222222222,1.5301414749404956,0.2862824713741357,0.2341654170696594,0.2341654170696594,0.2341654170696594,0.5957971265415759
food_site_max_distance=6000.0000,256,True,False,2.0,1.0,0.17252777777777778,1.863185251139584,0.8297582069963767,0.7877990291279602,0.7877990291279602,0.7877990291279602,0.6089801575282051
food_site_max_distance=6000.0000,257,True,False,2.0,1.0,0.17394444444444446,1.8876742608951567,0.8435978456901014,0.7634743113874463,0.7634743113874463,0.7634743113874463,0.47957305194397254
food_site_max_distance=6000.0000,258,True,False,2.0,1.0,0.17291666666666666,1.866608731224102,0.8376429028309267,0.7074345764082393,0.7074345764082393,0.7074345764082393,0.7852755408514209
food_site_max_distance=6000.0000,259,True,False,2.0,1.0,0.1713333333333333,1.889417031783463,0.8691981962517005,0.7959650874432026,0.7959650874432026,0.7959650874432026,0.4697563718478118
food_site_max_distance=6000.0000,260,False,False,0.9426043187509088,0.9426043187509088,0.18408333333333332,2.007026322452149,0.754083455000727,0.8621557859236871,0.8621557859236871,0.8621557859236871,0.5482766916978133
food_site_max_distance=6000.0000,261,True,False,2.0,1.0,0.16855555555555554,1.850384189215476,0.8617087650615814,0.8084242461915829,0.8084242461915829,0.8084242461915829,0.3842268608035268
food_site_max_distance=6000.0000,262,True,False,2.0,1.0,0.17308333333333334,1.9504985522349305,0.8752373342841155,0.8132340160397438,0.8132340160397438,0.8132340160397438,0.3797657667956944
food_site_max_distance=6000.0000,263,True,False,2.0,1.0,0.18144444444444444,2.058235807239766,0.9074216626118687,0.8323257125774937,0.8323257125774937,0.8323257125774937,0.6707824103732288
food_site_max_distance=6000.0000,264,True,False,2.0,1.0,0.1797777777777778,2.010261604886907,0.8790569533376834,0.8047744960815844,0.8047744960815844,0.8047744960815844,0.572377000663273
food_site_max_distance=6000.0000,265,True,False,2.0,1.0,0.1706388888888889,1.8725605850986802,0.8657692371716431,0.7694745839927896,0.7694745839927896,0.7694745839927896,0.34193821462278134
food_site_max_distance=6000.0000,266,True,False,2.0,1.0,0.1663888888888889,1.829548144852921,0.8745384596812482,0.8181705659193843,0.8181705659193843,0.8181705659193843,0.653756153997243
food_site_max_distance=6000.0000,267,True,False,2.0,1.0,0.18166666666666667,2.0360732120691365,0.8692545670525781,0.821849876231825,0.821849876231825,0.821849876231825,0.7295709189114687
food_site_max_distance=6000.0000,268,True,False,2.0,1.0,0.1676111111111111,1.7984099250428427,0.8006890822367875,0.7816884614686496,0.7816884614686496,0.7816884614686496,0.29400234935449643
food_site_max_distance=6000.0000,269,True,False,2.0,1.0,0.19036111111111112,2.1768821883284555,0.8921559352003001,0.8948902397169217,0.8948902397169217,0.8948902397169217,0.45128087941238343
food_site_max_distance=6000.0000,270,True,False,2.0,1.0,0.16952777777777778,1.8166122558466833,0.825692444239613,0.8093282716413739,0.8093282716413739,0.8093282716413739,0.4009080431506245
food_site_max_distance=6000.0000,271,True,False,2.0,1.0,0.1831111111111111,2.045060067403537,0.8485683429956552,0.7803632492125813,0.7803632492125813,0.7803632492125813,0.6408733973229886
food_site_max_distance=6000.0000,272,True,False,2.0,1.0,0.1861111111111111,2.104386420604888,0.8547546871837551,0.8438115558322572,0.8438115558322572,0.8438115558322572,0.599092134048125
food_site_max_distance=6000.0000,273,True,False,2.0,1.0,0.18225,2.0571068007671576,0.8711872794763027,0.7688207357973432,0.7688207357973432,0.7688207357973432,0.6026904876291516
food_site_max_distance=6000.0000,274,True,False,2.0,1.0,0.17780555555555555,2.0498962786424735,0.8551217985593491,0.8737320050150906,0.8737320050150906,0.8737320050150906,0.5845047263463748
food_site_max_distance=6000.0000,275,True,False,2.0,1.0,0.18613888888888888,2.1590876359903217,0.8887267311393836,0.874291235646601,0.874291235646601,0.874291235646601,0.5935280872224397
food_site_max_distance=6000.0000,276,True,False,2.0,1.0,0.1827222222222222,2.006404422507447,0.8063840398709784,0.8108085506375163,0.8108085506375163,0.8108085506375163,0.548311406982972
food_site_max_distance=6000.0000,277,True,False,2.0,1.0,0.16691666666666669,1.800985121301421,0.8316000559785539,0.8540444592362916,0.8540444592362916,0.8540444592362916,0.6312767772062136
food_site_max_distance=6000.0000,278,True,False,2.0,1.0,0.16774999999999998,1.8250246565363433,0.837405250090156,0.820209596311697,0.820209596311697,0.820209596311697,0.4255702371822133
food_site_max_distance=6000.0000,279,True,False,2.0,1.0,0.1881388888888889,2.183451646371014,0.8694844833184379,0.8487583955568921,0.8487583955568921,0.8487583955568921,0.6011078278795996
food_site_max_distance=6000.0000,280,True,False,2.0,1.0,0.18119444444444444,2.1130522798610087,0.8985570306381355,0.837014606266262,0.837014606266262,0.837014606266262,0.35415625789632943
food_site_max_distance=6000.0000,281,True,False,2.0,1.0,0.17011111111111113,1.8496162062230463,0.8394162459891998,0.8053060342110717,0.8053060342110717,0.8053060342110717,0.7947335826127703
food_site_max_distance=6000.0000,282,True,False,2.0,1.0,0.17644444444444443,1.9487507411959302,0.8315273401532716,0.8542815952920789,0.8542815952920789,0.8542815952920789,0.4319430071675184
food_site_max_distance=6000.0000,283,False,False,0.9991436291821285,0.9991436291821285,0.17738888888888887,1.9334834951701303,0.7993149033457029,0.8041229991114517,0.8041229991114517,0.8041229991114517,0.7131564517194432
food_site_max_distance=6000.0000,284,True,False,2.0,1.0,0.17716666666666667,2.0286549207556317,0.8626008893178931,0.8387515532909091,0.8387515532909091,0.8387515532909091,0.6231307192863912
food_site_max_distance=6000.0000,285,True,False,2.0,1.0,0.174,1.9497858259891032,0.8530400967636208,0.7927134644187537,0.7927134644187537,0.7927134644187537,0.6993602751510785
food_site_max_distance=6000.0000,286,True,False,2.0,1.0,0.18177777777777776,2.0145778588242305,0.836582650096225,0.8902957175488779,0.8902957175488779,0.8902957175488779,0.85977062527369
food_site_max_distance=6000.0000,287,True,False,2.0,1.0,0.16544444444444442,1.7866751472113542,0.8254712243147702,0.8804984618076511,0.8804984618076511,0.8804984618076511,0.5440463923172456
food_site_max_distance=6000.0000,288,True,False,2.0,1.0,0.18319444444444447,2.109074240970904,0.8154907548646722,0.8533303678900761,0.8533303678900761,0.8533303678900761,0.7537096306764478
food_site_max_distance=6000.0000,289,True,False,2.0,1.0,0.18719444444444447,2.1896010318574555,0.8823952931646482,0.850131823451959,0.850131823451959,0.850131823451959,0.6104765982170234
food_site_max_distance=6000.0000,290,True,False,2.0,1.0,0.17033333333333334,1.8266947270693916,0.8121715036058273,0.7984487495342036,0.7984487495342036,0.7984487495342036,0.33951976469789447
food_site_max_distance=6000.0000,291,True,False,2.0,1.0,0.17566666666666667,1.997282607797694,0.8628928868780584,0.8241490708671879,0.8241490708671879,0.8241490708671879,0.6526144541111557
food_site_max_distance=6000.0000,292,True,False,2.0,1.0,0.17077777777777778,1.9382966286318084,0.8857392620910882,0.8505975010648273,0.8505975010648273,0.8505975010648273,0.5361743679881009
food_site_max_distance=6000.0000,293,True,False,2.0,1.0,0.16758333333333333,1.880906181314791,0.8718706089555387,0.8444223358983002,0.8444223358983002,0.8444223358983002,0.7026017397301811
food_site_max_distance=6000.0000,294,True,False,2.0,1.0,0.18555555555555556,2.162224226142652,0.8606492113583856,0.9092141304341561,0.9092141304341561,0.9092141304341561,0.337039665535068
food_site_max_distance=6000.0000,295,False,False,0.7226408094605298,0.7226408094605298,0.16922222222222225,1.6636301863884042,0.6761345707475581,0.3613204047302649,0.3613204047302649,0.3613204047302649,0.5073100588289923
food_site_max_distance=6000.0000,296,True,False,2.0,1.0,0.19041666666666668,2.2103293423212786,0.8384757169650565,0.873157742961783,0.873157742961783,0.873157742961783,0.6501438599092747
food_site_max_distance=6000.0000,297,True,False,2.0,1.0,0.17572222222222222,1.9756773760575925,0.8484783620825413,0.8977706714463257,0.8977706714463257,0.8977706714463257,0.46507039063351613
food_site_max_distance=6000.0000,298,True,False,2.0,1.0,0.19527777777777777,2.302562646631306,0.8790685470290323,0.859804161256362,0.859804161256362,0.859804161256362,0.4025162325970519
food_site_max_distance=6000.0000,299,True,False,2.0,1.0,0.18711111111111112,2.0902464015763575,0.8311385429594118,0.8208966534801151,0.8208966534801151,0.8208966534801151,0.3094920369373761
food_site_max_distance=6750.0000,200,True,False,2.0,1.0,0.1626388888888889,1.583061937980059,0.8348638251198534,0.8841827513035042,0.8841827513035042,0.8841827513035042,0.627615157106446
food_site_max_distance=6750.0000,201,True,False,2.0,1.0,0.17258333333333334,1.7297429876824861,0.8649864361237127,0.9181499740681817,0.9181499740681817,0.9181499740681817,0.6802207619095403
food_site_max_distance=6750.0000,202,True,False,2.0,1.0,0.16108333333333333,1.4853584745590382,0.8487752486416743,0.862081712453983,0.862081712453983,0.862081712453983,0.6112389574870912
food_site_max_distance=6750.0000,203,False,False,0.9314772243822002,0.9314772243822002,0.14550000000000002,1.232289530231802,0.7451817795057601,0.7917774581924838,0.7917774581924838,0.7917774581924838,0.4423973130037471
food_site_max_distance=6750.0000,204,True,False,2.0,1.0,0.16066666666666668,1.5492479176264065,0.8773559240962311,0.8659663305207911,0.8659663305207911,0.8659663305207911,0.6187364204797667
food_site_max_distance=6750.0000,205,False,False,0.47082865403228963,0.47082865403228963,0.15425000000000003,1.1703196702909078,0.455242931996007,0.23541432701614481,0.23541432701614481,0.23541432701614481,0.6728228171474101
food_site_max_distance=6750.0000,206,True,False,2.0,1.0,0.16791666666666666,1.6651333436728855,0.8219628105111314,0.8850259423954939,0.8850259423954939,0.8850259423954939,0.5536732662556243
food_site_max_distance=6750.0000,207,True,False,2.0,1.0,0.1693888888888889,1.7188745187215841,0.8809049816837302,0.8338844143502869,0.8338844143502869,0.8338844143502869,0.7238790144144236
food_site_max_distance=6750.0000,208,True,False,2.0,1.0,0.16383333333333333,1.611416401940765,0.8559520350340134,0.8615631335223791,0.8615631335223791,0.8615631335223791,0.5636089590590196
food_site_max_distance=6750.0000,209,True,False,2.0,1.0,0.15247222222222223,1.4239704421434556,0.859282581476861,0.8714805005233107,0.8714805005233107,0.8714805005233107,0.7864835704149223
food_site_max_distance=6750.0000,210,True,False,2.0,1.0,0.1521111111111111,1.5202407701537017,0.8340492761769273,0.8832059320634912,0.8832059320634912,0.8832059320634912,0.5595872501834137
food_site_max_distance=6750.0000,211,True,False,2.0,1.0,0.16644444444444445,1.6531054276324268,0.8888683576810827,0.8440157237343391,0.8440157237343391,0.8440157237343391,0.5206709458512834
food_site_max_distance=6750.0000,212,False,False,0.28957245164067874,0.28957245164067874,0.1801388888888889,1.3646609827854512,0.25015753508761746,0.14478622582033937,0.14478622582033937,0.14478622582033937,0.8090043747484715
food_site_max_distance=6750.0000,213,True,False,2.0,1.0,0.1504722222222222,1.3217057584883107,0.8561014566121111,0.7886855447531829,0.7886855447531829,0.7886855447531829,0.4557350232519256
food_site_max_distance=6750.0000,214,True,False,2.0,1.0,0.15736111111111112,1.5133302498210892,0.8492061661426558,0.8774509908248274,0.8774509908248274,0.8774509908248274,0.6287993039508947
food_site_max_distance=6750.0000,215,True,False,2.0,1.0,0.16341666666666665,1.5428245923936634,0.8361199196588192,0.7982655091262002,0.7982655091262002,0.7982655091262002,0.5710948119326764
food_site_max_distance=6750.0000,216,True,False,2.0,1.0,0.15088888888888888,1.4343193103617131,0.8415046701137762,0.8757324133187628,0.8757324133187628,0.8757324133187628,0.44064352503612275
food_site_max_distance=6750.0000,217,False,False,0.325731999752142,0.325731999752142,0.17041666666666666,1.2560177925224771,0.26058559980171364,0.21232735752162263,0.21232735752162263,0.21232735752162263,0.5913460795286519
food_site_max_distance=6750.0000,218,False,False,0.3186050916323036,0.3186050916323036,0.15972222222222224,1.0950697264958502,0.2548840733058429,0.2078527750845605,0.2078527750845605,0.2078527750845605,0.5914883581278878
food_site_max_distance=6750.0000,219,False,False,0.899681517798682,0.899681517798682,0.1515,1.3588842157755865,0.7197452142389457,0.6475012656417574,0.6475012656417574,0.6475012656417574,0.43543710592167456
food_site_max_distance=6750.0000,220,False,False,0.22943444554533574,0.22943444554533574,0.15936111111111112,1.0901393775687396,0.1835475564362686,0.2517115464918763,0.2517115464918763,0.2517115464918763,0.5469885933963815
food_site_max_distance=6750.0000,221,True,False,2.0,1.0,0.158,1.5045063002218977,0.891202096521559,0.8238145431823938,0.8238145431823938,0.8238145431823938,0.6329473287706152
food_site_max_distance=6750.0000,222,True,False,2.0,1.0,0.1448888888888889,1.3384938272053517,0.856004994815697,0.8232009565186758,0.8232009565186758,0.8232009565186758,0.5923418928422328
food_site_max_distance=6750.0000,223,True,False,2.0,1.0,0.16552777777777777,1.5796330382253954,0.8649807421150902,0.8206047109380648,0.8206047109380648,0.8206047109380648,0.5375581015219512
food_site_max_distance=6750.0000,224,True,False,2.0,1.0,0.15197222222222223,1.398898448485989,0.8562496286630742,0.7987437357539737,0.7987437357539737,0.7987437357539737,0.590932679129723
food_site_max_distance=6750.0000,225,False,False,0.2791387518851036,0.2791387518851036,0.16244444444444445,1.1522143571256824,0.2233110015080829,0.20613421620522218,0.20613421620522218,0.20613421620522218,0.8308733439906911
food_site_max_distance=6750.0000,226,True,False,2.0,1.0,0.16772222222222222,1.667876736967465,0.8693930209133225,0.9157738006380605,0.9157738006380605,0.9157738006380605,0.6734054280603702
food_site_max_distance=6750.0000,227,True,False,2.0,1.0,0.15166666666666667,1.4541836518162072,0.8538235222921601,0.8341904883826324,0.8341904883826324,0.8341904883826324,0.4701636298016484
food_site_max_distance=6750.0000,228,True,False,2.0,1.0,0.15869444444444444,1.5241667026128398,0.8567580513280704,0.8776696257066969,0.8776696257066969,0.8776696257066969,0.6983746931751739
food_site_max_distance=6750.0000,229,True,False,2.0,1.0,0.16972222222222222,1.6942761783479707,0.8742951700310578,0.8934871587848053,0.8934871587848053,0.8934871587848053,0.6571016546069232
food_site_max_distance=6750.0000,230,True,False,2.0,1.0,0.15508333333333332,1.473666751038302,0.8539283494723413,0.8441398421235279,0.8441398421235279,0.8441398421235279,0.7895437156086192
food_site_max_distance=6750.0000,231,True,False,2.0,1.0,0.1673333333333333,1.6367208317542534,0.8625242332933166,0.8520852070603927,0.8520852070603927,0.8520852070603927,0.6988348621005168
food_site_max_distance=6750.0000,232,False,False,0.3605465879949543,0.3605465879949543,0.16999999999999998,1.2772225571798146,0.28843727039596345,0.19286228733708924,0.19286228733708924,0.19286228733708924,0.6614611379755388
food_site_max_distance=6750.0000,233,True,False,2.0,1.0,0.16030555555555556,1.5058782344002353,0.8437644965031941,0.8453207227784101,0.8453207227784101,0.8453207227784101,0.5579750811774596
food_site_max_distance=6750.0000,234,False,False,0.33373672060000004,0.33373672060000004,0.15844444444444444,1.1341996808439148,0.30511872095284154,0.16686836030000002,0.16686836030000002,0.16686836030000002,0.5743447082868425
food_site_max_distance=6750.0000,235,True,False,2.0,1.0,0.15747222222222224,1.4865086872121642,0.8379455443765829,0.8696375690084468,0.8696375690084468,0.8696375690084468,0.4046406731879452
food_site_max_distance=6750.0000,236,True,False,2.0,1.0,0.16647222222222222,1.652299964683827,0.8917286756875672,0.8677984325995338,0.8677984325995338,0.8677984325995338,0.5342325262508278
food_site_max_distance=6750.0000,237,True,False,2.0,1.0,0.1530277777777778,1.4017279116860666,0.8763484149041184,0.7805864646657752,0.7805864646657752,0.7805864646657752,0.6236056380110225
food_site_max_distance=6750.0000,238,True,False,2.0,1.0,0.1522777777777778,1.3819055912176137,0.8465006816673204,0.7537648496405713,0.7537648496405713,0.7537648496405713,0.777369056662205
food_site_max_distance=6750.0000,239,False,False,0.3859924935764448,0.3859924935764448,0.15891666666666668,1.1341897070395173,0.36037808185550185,0.1929962467882224,0.1929962467882224,0.1929962467882224,0.5958099373152158
food_site_max_distance=6750.0000,240,False,False,0.2914432375722618,0.2914432375722618,0.16158333333333333,1.126472607818376,0.23315459005780945,0.3124779964918642,0.3124779964918642,0.3124779964918642,0.2583489915430638
food_site_max_distance=6750.0000,241,True,False,2.0,1.0,0.1553888888888889,1.5149607446550777,0.8627481184069908,0.8986007823726037,0.8986007823726037,0.8986007823726037,0.7690072893270525
food_site_max_distance=6750.0000,242,True,False,2.0,1.0,0.16944444444444443,1.749959576884268,0.8786230808351666,0.9009495782631329,0.9009495782631329,0.9009495782631329,0.6797945171224395
food_site_max_distance=6750.0000,243,True,False,2.0,1.0,0.16544444444444442,1.673057534974952,0.8656627620242769,0.8816137307138425,0.8816137307138425,0.8816137307138425,0.6116524567158036
food_site_max_distance=6750.0000,244,False,False,0.9608035932942723,0.9608035932942723,0.1575,1.4371534313852767,0.7686428746354179,0.8983221101407131,0.8983221101407131,0.8983221101407131,0.5006991421199537
food_site_max_distance=6750.0000,245,True,False,2.0,1.0,0.17022222222222222,1.660305422727085,0.8553098367534175,0.8580856539446415,0.8580856539446415,0.8580856539446415,0.5062629616881066
food_site_max_distance=6750.0000,246,True,False,2.0,1.0,0.1693888888888889,1.669436112757153,0.8788073494364104,0.8750342777592447,0.8750342777592447,0.8750342777592447,0.607463550239183
food_site_max_distance=6750.0000,247,True,False,2.0,1.0,0.15055555555555555,1.3712525157823923,0.8617659824516787,0.8057122421212065,0.8057122421212065,0.8057122421212065,0.5991589808390336
food_site_max_distance=6750.0000,248,True,False,2.0,1.0,0.17497222222222222,1.7994257648659528,0.875669363518756,0.8800829805140297,0.8800829805140297,0.8800829805140297,0.5252370573931394
food_site_max_distance=6750.0000,249,True,False,2.0,1.0,0.1585,1.4570828891373573,0.8126646616701448,0.8229782779275304,0.8229782779275304,0.8229782779275304,0.7231268234716702
food_site_max_distance=6750.0000,250,False,False,0.7985953882167743,0.7985953882167743,0.1513611111111111,1.2630652651771865,0.6388763105734195,0.6082762807829012,0.6082762807829012,0.6082762807829012,0.6572818003118804
food_site_max_distance=6750.0000,251,False,False,0.3263430411632957,0.3263430411632957,0.16994444444444445,1.256455827980148,0.2610744329306366,0.21929086050189403,0.21929086050189403,0.21929086050189403,0.5892062843698782
food_site_max_distance=6750.0000,252,True,False,2.0,1.0,0.1562777777777778,1.4396162318356156,0.8397290637718002,0.8248095439525526,0.8248095439525526,0.8248095439525526,0.541471470825309
food_site_max_distance=6750.0000,253,True,False,2.0,1.0,0.15169444444444444,1.32049832483522,0.8069681570366989,0.7801352969421462,0.7801352969421462,0.7801352969421462,0.3980396251905542
food_site_max_distance=6750.0000,254,True,False,2.0,1.0,0.15808333333333333,1.5105962138122615,0.8718632882841523,0.750229248267066,0.750229248267066,0.750229248267066,0.7767779277122309
food_site_max_distance=6750.0000,255,False,False,0.31162306421608815,0.31162306421608815,0.16369444444444445,1.186341008836467,0.24929845137287052,0.2702288367942555,0.2702288367942555,0.2702288367942555,0.4056077461048826
food_site_max_distance=6750.0000,256,True,False,2.0,1.0,0.1607222222222222,1.5384585321900923,0.8807440171818702,0.7825295596238242,0.7825295596238242,0.7825295596238242,0.4554460268422777
food_site_max_distance=6750.0000,257,False,False,0.2755390474227539,0.2755390474227539,0.16025,1.1379833147756644,0.22043123793820316,0.19143890075400152,0.19143890075400152,0.19143890075400152,0.5174717968866481
food_site_max_distance=6750.0000,258,True,False,2.0,1.0,0.15094444444444444,1.3304796031265609,0.8067191875748212,0.8192393885770249,0.8192393885770249,0.8192393885770249,0.8130548062466973
food_site_max_distance=6750.0000,259,True,False,2.0,1.0,0.1618611111111111,1.5295674863316329,0.8863882387929753,0.8683392701949576,0.8683392701949576,0.8683392701949576,0.6920732286959297
food_site_max_distance=6750.0000,260,True,False,2.0,1.0,0.16530555555555554,1.6120059278715322,0.8916618840573396,0.8408739065206831,0.8408739065206831,0.8408739065206831,0.5736845511732517
food_site_max_distance=6750.0000,261,True,False,2.0,1.0,0.15508333333333332,1.4345634524983824,0.8748957818330264,0.8281385158271862,0.8281385158271862,0.8281385158271862,0.7236063970108487
food_site_max_distance=6750.0000,262,False,False,0.9925562249826623,0.9925562249826623,0.17222222222222222,1.6573608843472882,0.7940449799861299,0.8380196452173225,0.8380196452173225,0.8380196452173225,0.7886878991644585
food_site_max_distance=6750.0000,263,True,False,2.0,1.0,0.15425000000000003,1.5288915226675142,0.923663046522974,0.7877971858638967,0.7877971858638967,0.7877971858638967,0.6543070505133521
food_site_max_distance=6750.0000,264,False,False,0.2584618160093975,0.2584618160093975,0.1627777777777778,1.145361854751769,0.20676945280751802,0.21706934200702205,0.21706934200702205,0.21706934200702205,0.5138998120019171
food_site_max_distance=6750.0000,265,True,False,2.0,1.0,0.1686388888888889,1.6720424933220568,0.868458690417368,0.9096032312430585,0.9096032312430585,0.9096032312430585,0.5507837501389535
food_site_max_distance=6750.0000,266,True,False,2.0,1.0,0.1587777777777778,1.582763739407374,0.8841448591367852,0.8354440477098559,0.8354440477098559,0.8354440477098559,0.6064987698776425
food_site_max_distance=6750.0000,267,True,False,2.0,1.0,0.16283333333333333,1.6264514700778503,0.8530528727154632,0.9146080400428115,0.9146080400428115,0.9146080400428115,0.7378219288092954
food_site_max_distance=6750.0000,268,True,False,2.0,1.0,0.16622222222222222,1.600554022157481,0.8584502169042953,0.7906966120387984,0.7906966120387984,0.7906966120387984,0.756446906000543
food_site_max_distance=6750.0000,269,True,False,2.0,1.0,0.15586111111111112,1.470283329366693,0.8729720531576821,0.7953753896792405,0.7953753896792405,0.7953753896792405,0.5352055333800558
food_site_max_distance=6750.0000,270,True,False,2.0,1.0,0.15313888888888888,1.4720620520331713,0.882067165694844,0.8416185534369917,0.8416185534369917,0.8416185534369917,0.32084609317650964
food_site_max_distance=6750.0000,271,True,False,2.0,1.0,0.1515277777777778,1.3815287013089734,0.8227492432955789,0.8244597813348002,0.8244597813348002,0.8244597813348002,0.6097822156457958
food_site_max_distance=6750.0000,272,False,False,0.7157995686999316,0.7157995686999316,0.16127777777777777,1.3016507335278016,0.5726396549599453,0.42367734249066497,0.42367734249066497,0.42367734249066497,0.7577700338871327
food_site_max_distance=6750.0000,273,False,False,0.35708916510151917,0.35708916510151917,0.15369444444444444,1.0769551082820632,0.28567133208121537,0.2660591895260988,0.2660591895260988,0.2660591895260988,0.6009412594892722
food_site_max_distance=6750.0000,274,True,False,2.0,1.0,0.15925,1.5425052462038729,0.8246449132178592,0.8928603797417763,0.8928603797417763,0.8928603797417763,0.7208822799583202
food_site_max_distance=6750.0000,275,True,False,2.0,1.0,0.16944444444444443,1.694108210506659,0.8777522256896257,0.8560757644460122,0.8560757644460122,0.8560757644460122,0.5485611914661974
food_site_max_distance=6750.0000,276,True,False,2.0,1.0,0.1466388888888889,1.2921854040648049,0.8129039726559394,0.8495578647942631,0.8495578647942631,0.8495578647942631,0.4601220783425193
food_site_max_distance=6750.0000,277,True,False,2.0,1.0,0.16019444444444444,1.5400804322271355,0.8416540496086206,0.7966628198729349,0.7966628198729349,0.7966628198729349,0.8398744808136723
food_site_max_distance=6750.0000,278,True,False,2.0,1.0,0.16563888888888892,1.6806502472312381,0.8831277347346007,0.8780844509163045,0.8780844509163045,0.8780844509163045,0.5491643449081075
food_site_max_distance=6750.0000,279,True,False,2.0,1.0,0.1716666666666667,1.7308670525370513,0.8640814299858819,0.8899315889485193,0.8899315889485193,0.8899315889485193,0.5420451087582481
food_site_max_distance=6750.0000,280,True,False,2.0,1.0,0.15205555555555555,1.4660010074351404,0.8611615280739978,0.8462862938124435,0.8462862938124435,0.8462862938124435,0.5453077493111466
food_site_max_distance=6750.0000,281,True,False,2.0,1.0,0.15752777777777777,1.5014873128454704,0.8621968553079238,0.7595300426481427,0.7595300426481427,0.7595300426481427,0.5691948795902214
food_site_max_distance=6750.0000,282,True,False,2.0,1.0,0.16719444444444445,1.6688734700138363,0.9067502270739801,0.8406734788844878,0.8406734788844878,0.8406734788844878,0.3763876874888616
food_site_max_distance=6750.0000,283,True,False,2.0,1.0,0.16522222222222224,1.6375760767697725,0.8693827199982432,0.8808937451747012,0.8808937451747012,0.8808937451747012,0.7577315458417214
food_site_max_distance=6750.0000,284,False,False,0.4638549737845421,0.4638549737845421,0.1488611111111111,1.084300435221227,0.3710839790276337,0.28827725541807897,0.28827725541807897,0.28827725541807897,0.4370369138429248
food_site_max_distance=6750.0000,285,True,False,2.0,1.0,0.16197222222222224,1.5603813707883663,0.8295381052719927,0.8613338581923372,0.8613338581923372,0.8613338581923372,0.5820985449206583
food_site_max_distance=6750.0000,286,True,False,2.0,1.0,0.16224999999999998,1.5685803687068354,0.8992464305824708,0.8078158639071661,0.8078158639071661,0.8078158639071661,0.46233549195440254
food_site_max_distance=6750.0000,287,False,False,0.45922165135253007,0.45922165135253007,0.1443611111111111,1.0663379571066731,0.575179935024613,0.22961082567626503,0.22961082567626503,0.22961082567626503,0.5718475518565209
food_site_max_distance=6750.0000,288,True,False,2.0,1.0,0.15638888888888888,1.463704471161147,0.8481071164829398,0.8197964607170569,0.8197964607170569,0.8197964607170569,0.6805623048986893
food_site_max_distance=6750.0000,289,True,False,2.0,1.0,0.15555555555555556,1.430789310734159,0.8197420991311761,0.8283521745002039,0.8283521745002039,0.8283521745002039,0.45099339012894807
food_site_max_distance=6750.0000,290,False,False,0.3174891372314316,0.3174891372314316,0.16672222222222224,1.2408019801888917,0.2539913097851453,0.24331006647420358,0.24331006647420358,0.24331006647420358,0.6773620550664223
food_site_max_distance=6750.0000,291,True,False,2.0,1.0,0.1688611111111111,1.6362817865941055,0.8246688023823148,0.8851613818399159,0.8851613818399159,0.8851613818399159,0.7351010510209257
food_site_max_distance=6750.0000,292,False,False,0.2551607672412133,0.2551607672412133,0.16777777777777778,1.232232167611957,0.20412861379297065,0.22491610311892882,0.22491610311892882,0.22491610311892882,0.7722162918555072
food_site_max_distance=6750.0000,293,True,False,2.0,1.0,0.17275000000000001,1.753637769700231,0.8842168168498997,0.857565904744485,0.857565904744485,0.857565904744485,0.7903767112244094
food_site_max_distance=6750.0000,294,False,False,0.33648831538442514,0.33648831538442514,0.17038888888888887,1.25373522533067,0.26919065230754013,0.27590466644864625,0.27590466644864625,0.27590466644864625,0.7274028730340002
food_site_max_distance=6750.0000,295,True,False,2.0,1.0,0.1552222222222222,1.4040871958152035,0.8558707892079893,0.8491379484534705,0.8491379484534705,0.8491379484534705,0.49542573524655786
food_site_max_distance=6750.0000,296,True,False,2.0,1.0,0.15669444444444444,1.4617981083221916,0.8845956403856738,0.8308578313606451,0.8308578313606451,0.8308578313606451,0.5360478001940592
food_site_max_distance=6750.0000,297,True,False,2.0,1.0,0.15052777777777776,1.47259378346642,0.9161328502822949,0.8430416629966362,0.8430416629966362,0.8430416629966362,0.7141252277224268
food_site_max_distance=6750.0000,298,False,False,0.30344927327990673,0.30344927327990673,0.1595,1.125741406743717,0.24275941862392542,0.21154670903516218,0.21154670903516218,0.21154670903516218,0.5446749941000113
food_site_max_distance=6750.0000,299,True,False,2.0,1.0,0.15308333333333335,1.4683257555863085,0.869291617919761,0.857385268866089,0.857385268866089,0.857385268866089,0.4395733072378601
travel_cost_per_distance=1.000000e-05,200,True,False,2.0,1.0,0.19019444444444444,2.8116058003414635,0.8601236180485536,0.8419482207728504,0.8419482207728504,0.8419482207728504,0.5872360296869802
travel_cost_per_distance=1.000000e-05,201,True,False,2.0,1.0,0.1951388888888889,2.9055181773802805,0.879156716815985,0.7900485722819521,0.7900485722819521,0.7900485722819521,0.26093039422109365
travel_cost_per_distance=1.000000e-05,202,True,False,2.0,1.0,0.19530555555555557,2.8316877621177823,0.8262502731907531,0.8169885615405335,0.8169885615405335,0.8169885615405335,0.35615200462049695
travel_cost_per_distance=1.000000e-05,203,True,False,2.0,1.0,0.20441666666666666,3.055669521386311,0.8706835559903466,0.7956396047667033,0.7956396047667033,0.7956396047667033,0.5597789525338001
travel_cost_per_distance=1.000000e-05,204,True,False,2.0,1.0,0.19508333333333333,2.8442499471260456,0.826924016435931,0.833099958885619,0.833099958885619,0.833099958885619,0.4365751849288321
travel_cost_per_distance=1.000000e-05,205,True,False,2.0,1.0,0.1892777777777778,2.8391641529449547,0.8933701627903738,0.8074896662468308,0.8074896662468308,0.8074896662468308,0.5515465395302096
travel_cost_per_distance=1.000000e-05,206,False,False,0.9883111150604724,0.9883111150604724,0.19880555555555554,2.85115134037687,0.790648892048378,0.8530279097939235,0.8530279097939235,0.8530279097939235,0.7928505599348611
travel_cost_per_distance=1.000000e-05,207,True,False,2.0,1.0,0.18758333333333335,2.6823440652631874,0.8101387882050693,0.7827530990671342,0.7827530990671342,0.7827530990671342,0.5259312397725747
travel_cost_per_distance=1.000000e-05,208,True,False,2.0,1.0,0.19577777777777777,2.8716247481092507,0.8359311282333581,0.8603954164299469,0.8603954164299469,0.8603954164299469,0.679301474661225
travel_cost_per_distance=1.000000e-05,209,True,False,2.0,1.0,0.21308333333333335,3.2442554631858203,0.9122105023840269,0.8545561773452602,0.8545561773452602,0.8545561773452602,0.6618547651098524
travel_cost_per_distance=1.000000e-05,210,True,False,2.0,1.0,0.18366666666666667,2.6210283666900955,0.8115641788302204,0.7315548736241405,0.7315548736241405,0.7315548736241405,0.6871816464700952
travel_cost_per_distance=1.000000e-05,211,False,False,0.9986181783752804,0.9986181783752804,0.18830555555555556,2.7122323867985796,0.7988945427002244,0.7851103417076354,0.7851103417076354,0.7851103417076354,0.6240207591266126
travel_cost_per_distance=1.000000e-05,212,True,False,2.0,1.0,0.19977777777777778,2.9857211548678273,0.8720048694505276,0.8036329136056628,0.8036329136056628,0.8036329136056628,0.532524576092275
travel_cost_per_distance=1.000000e-05,213,True,False,2.0,1.0,0.21058333333333332,3.1524127050136985,0.8473060645705631,0.8742241415843403,0.8742241415843403,0.8742241415843403,0.5681893031539269
travel_cost_per_distance=1.000000e-05,214,True,False,2.0,1.0,0.18494444444444447,2.7156758208581904,0.8530938788808444,0.6590195907389194,0.6590195907389194,0.6590195907389194,0.4931698411939055
travel_cost_per_distance=1.000000e-05,215,True,False,2.0,1.0,0.19024999999999997,2.815415181287693,0.8856233364485213,0.8038900931161189,0.8038900931161189,0.8038900931161189,0.7485098136946556
travel_cost_per_distance=1.000000e-05,216,True,False,2.0,1.0,0.20733333333333331,3.0682300900380586,0.837617793111838,0.8038614347469224,0.8038614347469224,0.8038614347469224,0.7351870727254534
travel_cost_per_distance=1.000000e-05,217,True,False,2.0,1.0,0.18861111111111112,2.743959468972485,0.8425985008684567,0.830333429276221,0.830333429276221,0.830333429276221,0.2813470384603933
travel_cost_per_distance=1.000000e-05,218,True,False,2.0,1.0,0.17727777777777778,2.6000166350163094,0.8724547000437178,0.7612345313444722,0.7612345313444722,0.7612345313444722,0.5245179445680241
travel_cost_per_distance=1.000000e-05,219,True,False,2.0,1.0,0.1874722222222222,2.6833853408617556,0.8254071872488301,0.8438680760945141,0.8438680760945141,0.8438680760945141,0.5635413974302733
travel_cost_per_distance=1.000000e-05,220,True,False,2.0,1.0,0.18872222222222224,2.775859443238677,0.8778856723067914,0.768721777456824,0.768721777456824,0.768721777456824,0.5347727022609813
travel_cost_per_distance=1.000000e-05,221,False,False,0.9967865313226496,0.9967865313226496,0.18997222222222224,2.7220672705852555,0.7974292250581198,0.7886550191066781,0.7886550191066781,0.7886550191066781,0.29740005302277006
travel_cost_per_distance=1.000000e-05,222,True,False,2.0,1.0,0.18894444444444444,2.790242227417352,0.8943482715652097,0.7052951072509277,0.7052951072509277,0.7052951072509277,0.8287354818993928
travel_cost_per_distance=1.000000e-05,223,True,False,2.0,1.0,0.18930555555555553,2.7974553244426246,0.8573481932473371,0.8362134587400119,0.8362134587400119,0.8362134587400119,0.24316949742593166
travel_cost_per_distance=1.000000e-05,224,True,False,2.0,1.0,0.20816666666666667,3.145467324833267,0.8988929529303337,0.7448252298083343,0.7448252298083343,0.7448252298083343,0.3840585717819651
travel_cost_per_distance=1.000000e-05,225,True,False,2.0,1.0,0.1841388888888889,2.6901986812151515,0.821229168199229,0.8136067363552536,0.8136067363552536,0.8136067363552536,0.35769068581822583
travel_cost_per_distance=1.000000e-05,226,True,False,2.0,1.0,0.19088888888888889,2.8024681202638364,0.8329633416242295,0.8189287247719345,0.8189287247719345,0.8189287247719345,0.5364759928975291
travel_cost_per_distance=1.000000e-05,227,True,False,2.0,1.0,0.19547222222222221,2.904724156351516,0.870889255999645,0.8254462781991931,0.8254462781991931,0.8254462781991931,0.6529700979270266
travel_cost_per_distance=1.000000e-05,228,True,False,2.0,1.0,0.18308333333333332,2.672948790553338,0.8543308303850278,0.8199199570891672,0.8199199570891672,0.8199199570891672,0.4868803470554123
travel_cost_per_distance=1.000000e-05,229,True,False,2.0,1.0,0.20252777777777778,2.974742655066439,0.8340157205156583,0.8314389200216384,0.8314389200216384,0.8314389200216384,0.6012654864797824
travel_cost_per_distance=1.000000e-05,230,True,False,2.0,1.0,0.19175,2.8306660239419172,0.8660405611574366,0.7773898253491595,0.7773898253491595,0.7773898253491595,0.44629749132228363
travel_cost_per_distance=1.000000e-05,231,True,False,2.0,1.0,0.2123888888888889,3.148430841801774,0.8460798774818296,0.8834521015813555,0.8834521015813555,0.8834521015813555,0.5076627621163896
travel_cost_per_distance=1.000000e-05,232,True,False,2.0,1.0,0.18197222222222223,2.64665708098334,0.8477255783371229,0.6254700949946529,0.6254700949946529,0.6254700949946529,0.5023507119423986
travel_cost_per_distance=1.000000e-05,233,True,False,2.0,1.0,0.20163888888888887,2.9316713318196927,0.8123527635254797,0.7550762426950539,0.7550762426950539,0.7550762426950539,0.6420121866170003
travel_cost_per_distance=1.000000e-05,234,True,False,2.0,1.0,0.20238888888888887,3.026480878046839,0.869893919495529,0.8667071152223216,0.8667071152223216,0.8667071152223216,0.4496799582789542
travel_cost_per_distance=1.000000e-05,235,True,False,2.0,1.0,0.18694444444444444,2.763051019702641,0.8487846354456849,0.8180062258449301,0.8180062258449301,0.8180062258449301,0.536588657840713
travel_cost_per_distance=1.000000e-05,236,True,False,2.0,1.0,0.18491666666666667,2.7130925497434992,0.8354052539765948,0.87388065950745,0.87388065950745,0.87388065950745,0.5523217313958683
travel_cost_per_distance=1.000000e-05,237,True,False,2.0,1.0,0.17744444444444443,2.63036718326901,0.8939978215133545,0.7841554437184821,0.7841554437184821,0.7841554437184821,0.3428893659421364
travel_cost_per_distance=1.000000e-05,238,True,False,2.0,1.0,0.18858333333333333,2.7582045568967186,0.8674769313532951,0.7551905597354484,0.7551905597354484,0.7551905597354484,0.6687691660220442
travel_cost_per_distance=1.000000e-05,239,True,False,2.0,1.0,0.19247222222222224,2.8369877351304296,0.8739021416637687,0.6661082776884101,0.6661082776884101,0.6661082776884101,0.5713283080407906
travel_cost_per_distance=1.000000e-05,240,True,False,2.0,1.0,0.18844444444444444,2.724011508804955,0.8149926853000012,0.86256352327236,0.86256352327236,0.86256352327236,0.3942738843006138
travel_cost_per_distance=1.000000e-05,241,True,False,2.0,1.0,0.20552777777777778,3.0812017494321693,0.8639815567414256,0.8903569804796672,0.8903569804796672,0.8903569804796672,0.6538675448541376
travel_cost_per_distance=1.000000e-05,242,True,False,2.0,1.0,0.1892777777777778,2.7948113209775625,0.8698103767647677,0.8285980630894626,0.8285980630894626,0.8285980630894626,0.40157527328640386
travel_cost_per_distance=1.000000e-05,243,True,False,2.0,1.0,0.20786111111111114,3.009448390195853,0.8096574739679004,0.8720362812058485,0.8720362812058485,0.8720362812058485,0.5080021691033109
travel_cost_per_distance=1.000000e-05,244,True,False,2.0,1.0,0.19269444444444445,2.835950340997451,0.8635632501428242,0.771431382535148,0.771431382535148,0.771431382535148,0.6243931658902407
travel_cost_per_distance=1.000000e-05,245,True,False,2.0,1.0,0.20136111111111113,3.0044446208937505,0.8925092133299765,0.8248239257958393,0.8248239257958393,0.8248239257958393,0.7211099185818011
travel_cost_per_distance=1.000000e-05,246,True,False,2.0,1.0,0.18697222222222223,2.727763965657375,0.8513019898099722,0.7575800876437787,0.7575800876437787,0.7575800876437787,0.5067279556317333
travel_cost_per_distance=1.000000e-05,247,True,False,2.0,1.0,0.19516666666666665,2.8308459265503196,0.8293089282905524,0.8208237373382111,0.8208237373382111,0.8208237373382111,0.5254120403411314
travel_cost_per_distance=1.000000e-05,248,True,False,2.0,1.0,0.2106111111111111,3.215015562679425,0.9148946718025806,0.8482703290243244,0.8482703290243244,0.8482703290243244,0.4743250123289323
travel_cost_per_distance=1.000000e-05,249,True,False,2.0,1.0,0.19186111111111112,2.862258072001493,0.89859904387246,0.8157579471561309,0.8157579471561309,0.8157579471561309,0.4198174431800984
travel_cost_per_distance=1.000000e-05,250,True,False,2.0,1.0,0.19705555555555557,2.896957996732756,0.8706351648418711,0.832403014575777,0.832403014575777,0.832403014575777,0.7369120946145254
travel_cost_per_distance=1.000000e-05,251,True,False,2.0,1.0,0.18080555555555555,2.6614715225085352,0.8793649876844486,0.7012796045469176,0.7012796045469176,0.7012796045469176,0.18915919485284652
travel_cost_per_distance=1.000000e-05,252,True,False,2.0,1.0,0.21536111111111111,3.187367618865857,0.8171097386740696,0.8569189154699349,0.8569189154699349,0.8569189154699349,0.7592537911730897
travel_cost_per_distance=1.000000e-05,253,True,False,2.0,1.0,0.19694444444444445,2.8648014705065994,0.8230271568587639,0.7689216550666806,0.7689216550666806,0.7689216550666806,0.5415981986046831
travel_cost_per_distance=1.000000e-05,254,True,False,2.0,1.0,0.20083333333333334,2.9562122824654034,0.8513460248870672,0.85429465808217,0.85429465808217,0.85429465808217,0.8314136338906888
travel_cost_per_distance=1.000000e-05,255,False,False,0.9915977622048927,0.9915977622048927,0.20077777777777778,2.889223521208451,0.7932782097639142,0.8174265730685213,0.8174265730685213,0.8174265730685213,0.7313669657478451
travel_cost_per_distance=1.000000e-05,256,True,False,2.0,1.0,0.20177777777777778,3.010776701977681,0.8787052506299542,0.8022528775387067,0.8022528775387067,0.8022528775387067,0.44983926980867517
travel_cost_per_distance=1.000000e-05,257,True,False,2.0,1.0,0.20136111111111113,2.954257055707377,0.8489924589290746,0.8417076263065375,0.8417076263065375,0.8417076263065375,0.5847404364503945
travel_cost_per_distance=1.000000e-05,258,True,False,2.0,1.0,0.19094444444444444,2.813673635653701,0.8467554850923211,0.7987866019945816,0.7987866019945816,0.7987866019945816,0.5317302950822339
travel_cost_per_distance=1.000000e-05,259,False,False,0.9891785874481305,0.9891785874481305,0.19030555555555556,2.705744807965833,0.7913428699585044,0.7774987278443304,0.7774987278443304,0.7774987278443304,0.49715196660466
travel_cost_per_distance=1.000000e-05,260,False,False,0.9720016656175671,0.9720016656175671,0.1961388888888889,2.7943979193717805,0.7776013324940537,0.6861932674909915,0.6861932674909915,0.6861932674909915,0.5549672299291546
travel_cost_per_distance=1.000000e-05,261,True,False,2.0,1.0,0.20644444444444446,3.1101191725448794,0.8723491173131159,0.8319832025031377,0.8319832025031377,0.8319832025031377,0.45626738257923194
travel_cost_per_distance=1.000000e-05,262,True,False,2.0,1.0,0.19102777777777777,2.7773128654749097,0.8360860291112662,0.8198298976658205,0.8198298976658205,0.8198298976658205,0.7646360817692465
travel_cost_per_distance=1.000000e-05,263,True,False,2.0,1.0,0.20124999999999998,3.0268898323668476,0.8733549302551589,0.8742774066073161,0.8742774066073161,0.8742774066073161,0.7944604162271299
travel_cost_per_distance=1.000000e-05,264,True,False,2.0,1.0,0.19349999999999998,2.8538326825048546,0.8493074624326193,0.7903652408890132,0.7903652408890132,0.7903652408890132,0.38250790963609405
travel_cost_per_distance=1.000000e-05,265,True,False,2.0,1.0,0.18994444444444444,2.7488855011116677,0.8275860360018427,0.7514771661331052,0.7514771661331052,0.7514771661331052,0.6887731217921484
travel_cost_per_distance=1.000000e-05,266,True,False,2.0,1.0,0.20311111111111113,2.9781921632980795,0.8260367173675139,0.8008139928036083,0.8008139928036083,0.8008139928036083,0.5529578980955466
travel_cost_per_distance=1.000000e-05,267,True,False,2.0,1.0,0.1915277777777778,2.8054076645752337,0.8433115783462867,0.8426109890933361,0.8426109890933361,0.8426109890933361,0.494021942960974
travel_cost_per_distance=1.000000e-05,268,True,False,2.0,1.0,0.20516666666666666,3.0467157946203316,0.8463701697376698,0.8464790526597532,0.8464790526597532,0.8464790526597532,0.8087515131533668
travel_cost_per_distance=1.000000e-05,269,True,False,2.0,1.0,0.21597222222222223,3.217250523671933,0.8553524334934323,0.9147464478340035,0.9147464478340035,0.9147464478340035,0.6061484660932682
travel_cost_per_distance=1.000000e-05,270,True,False,2.0,1.0,0.20991666666666667,3.123479317243206,0.8481645822040905,0.8850326685344923,0.8850326685344923,0.8850326685344923,0.7630745740186982
travel_cost_per_distance=1.000000e-05,271,True,False,2.0,1.0,0.19877777777777778,2.895244744407234,0.8332655884364412,0.7645648776759579,0.7645648776759579,0.7645648776759579,0.4878799684277191
travel_cost_per_distance=1.000000e-05,272,True,False,2.0,1.0,0.19783333333333333,2.925688627185403,0.8445706746730085,0.7611882010773318,0.7611882010773318,0.7611882010773318,0.48755686614828575
travel_cost_per_distance=1.000000e-05,273,True,False,2.0,1.0,0.20469444444444443,3.014066345179988,0.8383923628331332,0.7309953470789313,0.7309953470789313,0.7309953470789313,0.6309860972169647
travel_cost_per_distance=1.000000e-05,274,True,False,2.0,1.0,0.20447222222222222,3.074950319990698,0.8881297576088927,0.8111513477154807,0.8111513477154807,0.8111513477154807,0.5918668090172745
travel_cost_per_distance=1.000000e-05,275,True,False,2.0,1.0,0.21733333333333332,3.2911444642979393,0.8778692675987648,0.7804522471904142,0.7804522471904142,0.7804522471904142,0.6798446357608802
travel_cost_per_distance=1.000000e-05,276,True,False,2.0,1.0,0.20375,3.0081822261274622,0.845990237604283,0.881401701064833,0.881401701064833,0.881401701064833,0.6817541016841832
travel_cost_per_distance=1.000000e-05,277,True,False,2.0,1.0,0.19111111111111112,2.74574115233431,0.822833584239802,0.699515729911048,0.699515729911048,0.699515729911048,0.6328373876162949
travel_cost_per_distance=1.000000e-05,278,True,False,2.0,1.0,0.19394444444444445,2.8284402284426924,0.8351324138432205,0.8911171935667783,0.8911171935667783,0.8911171935667783,0.5424378757864476
travel_cost_per_distance=1.000000e-05,279,True,False,2.0,1.0,0.19536111111111112,2.8916743267995257,0.8764322317027984,0.8404447850593942,0.8404447850593942,0.8404447850593942,0.7014293465091866
travel_cost_per_distance=1.000000e-05,280,True,False,2.0,1.0,0.18477777777777776,2.6967391055404666,0.8601102016577755,0.7905821030671611,0.7905821030671611,0.7905821030671611,0.29004652709962
travel_cost_per_distance=1.000000e-05,281,True,False,2.0,1.0,0.20058333333333334,2.992142732910973,0.8682189653252952,0.8383414132243111,0.8383414132243111,0.8383414132243111,0.7524249888747101
travel_cost_per_distance=1.000000e-05,282,True,False,2.0,1.0,0.19422222222222224,2.8837540088407376,0.8853393717241954,0.7756368453205299,0.7756368453205299,0.7756368453205299,0.7029821193536251
travel_cost_per_distance=1.000000e-05,283,True,False,2.0,1.0,0.18675,2.7305446497186323,0.8398172480686187,0.7988864022188463,0.7988864022188463,0.7988864022188463,0.3543559328329599
travel_cost_per_distance=1.000000e-05,284,True,False,2.0,1.0,0.20297222222222222,2.986552734950754,0.8448480875945376,0.8144056611044684,0.8144056611044684,0.8144056611044684,0.5818162101726599
travel_cost_per_distance=1.000000e-05,285,True,False,2.0,1.0,0.20072222222222222,3.009137257382633,0.8829443504406833,0.8857499975791273,0.8857499975791273,0.8857499975791273,0.5149614088984359
travel_cost_per_distance=1.000000e-05,286,True,False,2.0,1.0,0.2115277777777778,3.1701923982803555,0.8601055797089846,0.8578487655575554,0.8578487655575554,0.8578487655575554,0.6556384813864485
travel_cost_per_distance=1.000000e-05,287,True,False,2.0,1.0,0.19977777777777778,2.964349230732287,0.8612002611547068,0.8554896447027021,0.8554896447027021,0.8554896447027021,0.5983754474439585
travel_cost_per_distance=1.000000e-05,288,True,False,2.0,1.0,0.20352777777777778,3.0263322776567074,0.8558234717133936,0.8612241024504698,0.8612241024504698,0.8612241024504698,0.8360962259758832
travel_cost_per_distance=1.000000e-05,289,True,False,2.0,1.0,0.1971111111111111,2.9689229987802586,0.9058501209109119,0.8484222494808245,0.8484222494808245,0.8484222494808245,0.39000587838965545
travel_cost_per_distance=1.000000e-05,290,True,False,2.0,1.0,0.18916666666666665,2.765516641217149,0.8397698704350184,0.7721624522034839,0.7721624522034839,0.7721624522034839,0.41638187468283816
travel_cost_per_distance=1.000000e-05,291,True,False,2.0,1.0,0.18936111111111112,2.774303966797871,0.8634368776384911,0.7377474777886673,0.7377474777886673,0.7377474777886673,0.7221362174016257
travel_cost_per_distance=1.000000e-05,292,True,False,2.0,1.0,0.20236111111111113,3.023384257026772,0.9022332036412328,0.8234867417805827,0.8234867417805827,0.8234867417805827,0.46219951197198916
travel_cost_per_distance=1.000000e-05,293,True,False,2.0,1.0,0.19005555555555556,2.765826682336444,0.8430395234686062,0.8251358858548361,0.8251358858548361,0.8251358858548361,0.6441528682242373
travel_cost_per_distance=1.000000e-05,294,True,False,2.0,1.0,0.1811111111111111,2.604372925395631,0.8228549522442845,0.717758254389347,0.717758254389347,0.717758254389347,0.5897543093708005
travel_cost_per_distance=1.000000e-05,295,True,False,2.0,1.0,0.19569444444444445,2.8474173662113307,0.8317465828975796,0.8314755647536143,0.8314755647536143,0.8314755647536143,0.4475046845636618
travel_cost_per_distance=1.000000e-05,296,True,False,2.0,1.0,0.20866666666666667,3.160389788382194,0.897882580206984,0.8307366795737395,0.8307366795737395,0.8307366795737395,0.5438463279963359
travel_cost_per_distance=1.000000e-05,297,True,False,2.0,1.0,0.19852777777777778,2.935303053859194,0.8494398443407584,0.8621891897985431,0.8621891897985431,0.8621891897985431,0.6643043424717746
travel_cost_per_distance=1.000000e-05,298,True,False,2.0,1.0,0.19375,2.8661442202457015,0.8879126837490495,0.7460777554533214,0.7460777554533214,0.7460777554533214,0.6206204335344868
travel_cost_per_distance=1.000000e-05,299,True,False,2.0,1.0,0.20477777777777778,3.029908178165508,0.8585251470221383,0.8394357387775274,0.8394357387775274,0.8394357387775274,0.3587771325418626
travel_cost_per_distance=1.250000e-05,200,True,False,2.0,1.0,0.19869444444444445,2.796530703427195,0.8746006718471792,0.7571938388855148,0.7571938388855148,0.7571938388855148,0.6305775521542547
travel_cost_per_distance=1.250000e-05,201,True,False,2.0,1.0,0.19672222222222221,2.725609102689078,0.8117261256332148,0.8725601687374679,0.8725601687374679,0.8725601687374679,0.5390308723875392
travel_cost_per_distance=1.250000e-05,202,True,False,2.0,1.0,0.20369444444444446,2.880838850813638,0.8622890810848588,0.8195045851044565,0.8195045851044565,0.8195045851044565,0.7019239204559472
travel_cost_per_distance=1.250000e-05,203,True,False,2.0,1.0,0.21263888888888888,3.0454234849536577,0.8698172234886903,0.8664763653765577,0.8664763653765577,0.8664763653765577,0.6884667556320736
travel_cost_per_distance=1.250000e-05,204,True,False,2.0,1.0,0.1956111111111111,2.7193145396150546,0.8447671998446983,0.8100402950214548,0.8100402950214548,0.8100402950214548,0.6891883849639694
travel_cost_per_distance=1.250000e-05,205,True,False,2.0,1.0,0.18555555555555556,2.5130547898779154,0.8158939226884928,0.6877967475108131,0.6877967475108131,0.6877967475108131,0.72008689502445
travel_cost_per_distance=1.250000e-05,206,True,False,2.0,1.0,0.21119444444444443,3.030523984952586,0.8767817723353394,0.8400008472154085,0.8400008472154085,0.8400008472154085,0.4500634302298157
travel_cost_per_distance=1.250000e-05,207,True,False,2.0,1.0,0.2088611111111111,3.0199381838322155,0.8828876127082784,0.8744865733149616,0.8744865733149616,0.8744865733149616,0.8732334917595865
travel_cost_per_distance=1.250000e-05,208,True,False,2.0,1.0,0.1926388888888889,2.637102175215674,0.8177285538449051,0.8639332530825471,0.8639332530825471,0.8639332530825471,0.5197542282474718
travel_cost_per_distance=1.250000e-05,209,True,False,2.0,1.0,0.1996111111111111,2.807339112268281,0.8576703407336482,0.8233788611058219,0.8233788611058219,0.8233788611058219,0.524893623289161
travel_cost_per_distance=1.250000e-05,210,True,False,2.0,1.0,0.2073611111111111,2.9620018926912395,0.8736196605952257,0.8223350911870562,0.8223350911870562,0.8223350911870562,0.5881488878759268
travel_cost_per_distance=1.250000e-05,211,True,False,2.0,1.0,0.19816666666666669,2.80769232560541,0.8612608802535732,0.8405105885648653,0.8405105885648653,0.8405105885648653,0.6900565556122941
travel_cost_per_distance=1.250000e-05,212,True,False,2.0,1.0,0.19519444444444442,2.7454808124098506,0.8577385165953356,0.7962614371773368,0.7962614371773368,0.7962614371773368,0.35084309720143586
travel_cost_per_distance=1.250000e-05,213,True,False,2.0,1.0,0.2013888888888889,2.8204917894741146,0.8463296084446977,0.840101428192412,0.840101428192412,0.840101428192412,0.41446419332301854
travel_cost_per_distance=1.250000e-05,214,True,False,2.0,1.0,0.19733333333333333,2.750830372030534,0.8406734471170654,0.8583982901131955,0.8583982901131955,0.8583982901131955,0.5529349313260483
travel_cost_per_distance=1.250000e-05,215,True,False,2.0,1.0,0.19024999999999997,2.620546870145736,0.8141935906484635,0.7563044960778067,0.7563044960778067,0.7563044960778067,0.6737095648003014
travel_cost_per_distance=1.250000e-05,216,True,False,2.0,1.0,0.19441666666666665,2.6597654899755976,0.811915949463114,0.8010994868338963,0.8010994868338963,0.8010994868338963,0.5745444506005588
travel_cost_per_distance=1.250000e-05,217,True,False,2.0,1.0,0.2026111111111111,2.8470846847981917,0.8394259765671939,0.8560909442511951,0.8560909442511951,0.8560909442511951,0.523116164238589
travel_cost_per_distance=1.250000e-05,218,False,False,0.9845548040599108,0.9845548040599108,0.19955555555555554,2.7279947575957935,0.7876438432479287,0.8301452638130405,0.8301452638130405,0.8301452638130405,0.42272399569791835
travel_cost_per_distance=1.250000e-05,219,True,False,2.0,1.0,0.19469444444444445,2.6790592648051033,0.8417908526663337,0.7858662056907704,0.7858662056907704,0.7858662056907704,0.7010245033528549
travel_cost_per_distance=1.250000e-05,220,True,False,2.0,1.0,0.1981111111111111,2.7819241692903898,0.857532009210212,0.7691893960149119,0.7691893960149119,0.7691893960149119,0.7838605014885753
travel_cost_per_distance=1.250000e-05,221,True,False,2.0,1.0,0.19927777777777778,2.787338363109757,0.8504282107355897,0.7982186237307061,0.7982186237307061,0.7982186237307061,0.29429065435178164
travel_cost_per_distance=1.250000e-05,222,True,False,2.0,1.0,0.1985833333333333,2.745648535074437,0.8221756290649141,0.7883741041350445,0.7883741041350445,0.7883741041350445,0.4178363328170915
travel_cost_per_distance=1.250000e-05,223,True,False,2.0,1.0,0.19458333333333336,2.7274432678955347,0.8369235910240874,0.8051919430863329,0.8051919430863329,0.8051919430863329,0.8749856747930476
travel_cost_per_distance=1.250000e-05,224,True,False,2.0,1.0,0.20269444444444445,2.8673633467160036,0.8461201236667854,0.8447371829669929,0.8447371829669929,0.8447371829669929,0.6341502568540154
travel_cost_per_distance=1.250000e-05,225,True,False,2.0,1.0,0.19305555555555556,2.673870741762042,0.8078831044424651,0.8180432246972645,0.8180432246972645,0.8180432246972645,0.5618228601981382
travel_cost_per_distance=1.250000e-05,226,True,False,2.0,1.0,0.18205555555555555,2.483392756301219,0.8179493944336625,0.7966376467037166,0.7966376467037166,0.7966376467037166,0.35090162831168026
travel_cost_per_distance=1.250000e-05,227,True,False,2.0,1.0,0.1948611111111111,2.7209514542202298,0.84264686093724,0.7810267999207721,0.7810267999207721,0.7810267999207721,0.40288135098677486
travel_cost_per_distance=1.250000e-05,228,True,False,2.0,1.0,0.20719444444444443,2.94113982850198,0.8696218361245144,0.8407865775438064,0.8407865775438064,0.8407865775438064,0.7058304371732589
travel_cost_per_distance=1.250000e-05,229,False,False,0.8188311226120782,0.8188311226120782,0.16327777777777777,1.9924264450151858,0.6550648980896626,0.4612806991479712,0.4612806991479712,0.4612806991479712,0.41975675260392625
travel_cost_per_distance=1.250000e-05,230,True,False,2.0,1.0,0.21752777777777776,3.1456708954617203,0.8684236679587802,0.846905684032438,0.846905684032438,0.846905684032438,0.3556401732619846
travel_cost_per_distance=1.250000e-05,231,True,False,2.0,1.0,0.19408333333333333,2.7072964028738964,0.8332724848290384,0.912296261308859,0.912296261308859,0.912296261308859,0.2459151087449446
travel_cost_per_distance=1.250000e-05,232,True,False,2.0,1.0,0.1971388888888889,2.7890272372131713,0.899923495224307,0.8271084018485876,0.8271084018485876,0.8271084018485876,0.8198027070676434
travel_cost_per_distance=1.250000e-05,233,True,False,2.0,1.0,0.20327777777777778,2.865851385277534,0.8579919786442657,0.8503006706611969,0.8503006706611969,0.8503006706611969,0.7757293368926451
travel_cost_per_distance=1.250000e-05,234,True,False,2.0,1.0,0.20525,2.9447918349058964,0.8728322386207882,0.8345271719613796,0.8345271719613796,0.8345271719613796,0.6578539335428949
travel_cost_per_distance=1.250000e-05,235,True,False,2.0,1.0,0.20869444444444443,2.996141689890868,0.8856181845523445,0.825289838794003,0.825289838794003,0.825289838794003,0.5470873821185713
travel_cost_per_distance=1.250000e-05,236,True,False,2.0,1.0,0.1981111111111111,2.7891819183931355,0.8378713399343807,0.7709293562290889,0.7709293562290889,0.7709293562290889,0.8294967317816119
travel_cost_per_distance=1.250000e-05,237,True,False,2.0,1.0,0.2065833333333333,2.937211001546634,0.8561050431411295,0.8884861158449292,0.8884861158449292,0.8884861158449292,0.6835416619016331
travel_cost_per_distance=1.250000e-05,238,True,False,2.0,1.0,0.194,2.721379616787557,0.8690665508040156,0.7792287388090764,0.7792287388090764,0.7792287388090764,0.28762775920393335
travel_cost_per_distance=1.250000e-05,239,True,False,2.0,1.0,0.19194444444444442,2.6656439583036002,0.8434405167363589,0.7815060574901721,0.7815060574901721,0.7815060574901721,0.4923344115732772
travel_cost_per_distance=1.250000e-05,240,True,False,2.0,1.0,0.20369444444444446,2.9539532608947754,0.9024410599716306,0.8992964690711676,0.8992964690711676,0.8992964690711676,0.6681788814183299
travel_cost_per_distance=1.250000e-05,241,True,False,2.0,1.0,0.19244444444444445,2.660376127491612,0.8398063811369189,0.7028361875581094,0.7028361875581094,0.7028361875581094,0.5417443048286524
travel_cost_per_distance=1.250000e-05,242,True,False,2.0,1.0,0.19130555555555556,2.6941102875749077,0.8686942052499328,0.8008310664883119,0.8008310664883119,0.8008310664883119,0.887007145174481
travel_cost_per_distance=1.250000e-05,243,True,False,2.0,1.0,0.2045,2.881700888263945,0.8636390577628421,0.8319589131114604,0.8319589131114604,0.8319589131114604,0.37969733489109303
travel_cost_per_distance=1.250000e-05,244,True,False,2.0,1.0,0.21686111111111112,3.118483141506107,0.8741135537187655,0.8085984594130492,0.8085984594130492,0.8085984594130492,0.34541066109528984
travel_cost_per_distance=1.250000e-05,245,True,False,2.0,1.0,0.19608333333333333,2.7729414921536963,0.9081941771679019,0.769616451570399,0.769616451570399,0.769616451570399,0.41487548058531926
travel_cost_per_distance=1.250000e-05,246,True,False,2.0,1.0,0.18688888888888888,2.54908972364719,0.8239027883819435,0.7477128282472576,0.7477128282472576,0.7477128282472576,0.45766039576111767
travel_cost_per_distance=1.250000e-05,247,True,False,2.0,1.0,0.2011111111111111,2.914415232450118,0.909595326668907,0.8750525011783153,0.8750525011783153,0.8750525011783153,0.6928506444868902
travel_cost_per_distance=1.250000e-05,248,True,False,2.0,1.0,0.21375,3.059012394279313,0.8578013688577761,0.8785347898241216,0.8785347898241216,0.8785347898241216,0.8042550698459483
travel_cost_per_distance=1.250000e-05,249,True,False,2.0,1.0,0.20316666666666666,2.870952327938466,0.8416843179312394,0.863223253305296,0.863223253305296,0.863223253305296,0.7340614944993321
travel_cost_per_distance=1.250000e-05,250,True,False,2.0,1.0,0.19680555555555557,2.83351609705752,0.8600575633564833,0.866765153651896,0.866765153651896,0.866765153651896,0.4618091687497766
travel_cost_per_distance=1.250000e-05,251,True,False,2.0,1.0,0.19908333333333333,2.7908631268269293,0.8165852644669401,0.8146003785678902,0.8146003785678902,0.8146003785678902,0.41253543561044165
travel_cost_per_distance=1.250000e-05,252,True,False,2.0,1.0,0.2003888888888889,2.8106227275111677,0.8527636598256525,0.8368400240411796,0.8368400240411796,0.8368400240411796,0.7373688109271723
travel_cost_per_distance=1.250000e-05,253,False,False,0.9934188538824702,0.9934188538824702,0.20244444444444445,2.793259090769946,0.7947350831059762,0.8276731999639135,0.8276731999639135,0.8276731999639135,0.43636880092840935
travel_cost_per_distance=1.250000e-05,254,True,False,2.0,1.0,0.2021111111111111,2.8248028221702763,0.8510533697361375,0.761770641835498,0.761770641835498,0.761770641835498,0.5356960012468159
travel_cost_per_distance=1.250000e-05,255,True,False,2.0,1.0,0.19822222222222222,2.8056036549322085,0.8632410739183938,0.8000075926311871,0.8000075926311871,0.8000075926311871,0.5209462228900894
travel_cost_per_distance=1.250000e-05,256,False,False,0.9957649289390599,0.9957649289390599,0.18894444444444444,2.5737765966887456,0.796611943151248,0.7754005775596581,0.7754005775596581,0.7754005775596581,0.7024038909068284
travel_cost_per_distance=1.250000e-05,257,True,False,2.0,1.0,0.19958333333333333,2.7859174657349075,0.8394083285800581,0.7163046326107305,0.7163046326107305,0.7163046326107305,0.7611362197657232
travel_cost_per_distance=1.250000e-05,258,True,False,2.0,1.0,0.19394444444444445,2.6920957017486575,0.8240357978482198,0.8385193892856404,0.8385193892856404,0.8385193892856404,0.3859949196086987
travel_cost_per_distance=1.250000e-05,259,True,False,2.0,1.0,0.20922222222222223,2.982287271787337,0.867297989081579,0.8384353012456277,0.8384353012456277,0.8384353012456277,0.6091562201894756
travel_cost_per_distance=1.250000e-05,260,True,False,2.0,1.0,0.19641666666666666,2.7851326694308556,0.8762366896421837,0.8783284048099337,0.8783284048099337,0.8783284048099337,0.23999826082654113
travel_cost_per_distance=1.250000e-05,261,True,False,2.0,1.0,0.19894444444444445,2.7432949473526804,0.8376526746879743,0.8269410465778066,0.8269410465778066,0.8269410465778066,0.6877124500625325
travel_cost_per_distance=1.250000e-05,262,True,False,2.0,1.0,0.19308333333333336,2.707898217986172,0.8873727111603216,0.8054132471892673,0.8054132471892673,0.8054132471892673,0.31489090806913095
travel_cost_per_distance=1.250000e-05,263,True,False,2.0,1.0,0.2033333333333333,2.863775632965431,0.842920594391292,0.8360377936428016,0.8360377936428016,0.8360377936428016,0.5440241628851219
travel_cost_per_distance=1.250000e-05,264,True,False,2.0,1.0,0.20077777777777778,2.7978737056923744,0.8166153323313589,0.8230042578373737,0.8230042578373737,0.8230042578373737,0.7662540260463729
travel_cost_per_distance=1.250000e-05,265,True,False,2.0,1.0,0.20575000000000002,2.906363980233169,0.8467486428777982,0.8522906194542499,0.8522906194542499,0.8522906194542499,0.3668408409185059
travel_cost_per_distance=1.250000e-05,266,True,False,2.0,1.0,0.19972222222222222,2.834768798953418,0.9017697895140284,0.751578634153347,0.751578634153347,0.751578634153347,0.5638717970689993
travel_cost_per_distance=1.250000e-05,267,True,False,2.0,1.0,0.2157777777777778,3.0622959756635515,0.8512063488171463,0.8837099960896275,0.8837099960896275,0.8837099960896275,0.743084448823995
travel_cost_per_distance=1.250000e-05,268,True,False,2.0,1.0,0.19994444444444442,2.8335897141468767,0.8509511230861121,0.8187122025633286,0.8187122025633286,0.8187122025633286,0.4202965206002226
travel_cost_per_distance=1.250000e-05,269,True,False,2.0,1.0,0.19808333333333333,2.7197270148491497,0.8058232427119074,0.8546834013653445,0.8546834013653445,0.8546834013653445,0.750756368675417
travel_cost_per_distance=1.250000e-05,270,True,False,2.0,1.0,0.1945,2.70432174072404,0.827469886961546,0.8952267119268408,0.8952267119268408,0.8952267119268408,0.6659463832399127
travel_cost_per_distance=1.250000e-05,271,True,False,2.0,1.0,0.18066666666666667,2.5079340611576777,0.8540998418853154,0.7570686051366533,0.7570686051366533,0.7570686051366533,0.5803853853949612
travel_cost_per_distance=1.250000e-05,272,True,False,2.0,1.0,0.18358333333333335,2.473354604516675,0.8159436387893021,0.7908417899517601,0.7908417899517601,0.7908417899517601,0.4357834924224044
travel_cost_per_distance=1.250000e-05,273,False,False,0.9980888517319781,0.9980888517319781,0.18580555555555556,2.5187538136256675,0.7984710813855825,0.8036365555190462,0.8036365555190462,0.8036365555190462,0.6369477357822321
travel_cost_per_distance=1.250000e-05,274,True,False,2.0,1.0,0.19652777777777777,2.694782265341452,0.8298302534843174,0.871197349002706,0.871197349002706,0.871197349002706,0.5227372616713698
travel_cost_per_distance=1.250000e-05,275,True,False,2.0,1.0,0.19019444444444444,2.6821780082946227,0.8700857317411422,0.844189091788591,0.844189091788591,0.844189091788591,0.6933349621282533
travel_cost_per_distance=1.250000e-05,276,True,False,2.0,1.0,0.18158333333333332,2.535406982103631,0.8730238377039672,0.8532877187522871,0.8532877187522871,0.8532877187522871,0.6290094683442741
travel_cost_per_distance=1.250000e-05,277,True,False,2.0,1.0,0.19133333333333333,2.6598408405498777,0.8494322396671704,0.7668901462519291,0.7668901462519291,0.7668901462519291,0.32429476231300075
travel_cost_per_distance=1.250000e-05,278,True,False,2.0,1.0,0.19827777777777778,2.7928606724953444,0.8527918643070821,0.842475403863839,0.842475403863839,0.842475403863839,0.6445154805605687
travel_cost_per_distance=1.250000e-05,279,True,False,2.0,1.0,0.2036111111111111,2.8245519170344977,0.8179353469949728,0.8320155216149675,0.8320155216149675,0.8320155216149675,0.6189137946181161
travel_cost_per_distance=1.250000e-05,280,True,False,2.0,1.0,0.21475,3.03586533016869,0.8558628864020369,0.8909477955110549,0.8909477955110549,0.8909477955110549,0.6750138930851141
travel_cost_per_distance=1.250000e-05,281,True,False,2.0,1.0,0.19213888888888891,2.6764410378612578,0.8560096966080579,0.8282969158090008,0.8282969158090008,0.8282969158090008,0.6516695647613144
travel_cost_per_distance=1.250000e-05,282,True,False,2.0,1.0,0.20061111111111113,2.8421395577431015,0.8706500511019342,0.8695785431587387,0.8695785431587387,0.8695785431587387,0.49807693075183496
travel_cost_per_distance=1.250000e-05,283,True,False,2.0,1.0,0.20497222222222222,2.9146633293303363,0.8728142723762394,0.8199745216926415,0.8199745216926415,0.8199745216926415,0.735225343618049
travel_cost_per_distance=1.250000e-05,284,True,False,2.0,1.0,0.20758333333333334,2.9391128148546724,0.8523750832966661,0.8027544607261147,0.8027544607261147,0.8027544607261147,0.7252885813447245
travel_cost_per_distance=1.250000e-05,285,True,False,2.0,1.0,0.20625,2.9657686827201784,0.8945545123940671,0.7206457475971649,0.7206457475971649,0.7206457475971649,0.7152811148173447
travel_cost_per_distance=1.250000e-05,286,True,False,2.0,1.0,0.19058333333333335,2.623120349844894,0.8289338733023082,0.830737443151152,0.830737443151152,0.830737443151152,0.6728508186632197
travel_cost_per_distance=1.250000e-05,287,True,False,2.0,1.0,0.20041666666666666,2.877277102590924,0.8786128627562054,0.8015725337851005,0.8015725337851005,0.8015725337851005,0.7604935244591322
travel_cost_per_distance=1.250000e-05,288,True,False,2.0,1.0,0.19622222222222221,2.8203456627735894,0.8788755523577019,0.8586446851139006,0.8586446851139006,0.8586446851139006,0.6259160412989716
travel_cost_per_distance=1.250000e-05,289,True,False,2.0,1.0,0.18508333333333335,2.549794747562989,0.8050443438522337,0.7542119011127905,0.7542119011127905,0.7542119011127905,0.4425558363688073
travel_cost_per_distance=1.250000e-05,290,False,False,0.9048657164978666,0.9048657164978666,0.19766666666666666,2.6484350484082264,0.7238925731982934,0.8330166458843896,0.8330166458843896,0.8330166458843896,0.69035063058006
travel_cost_per_distance=1.250000e-05,291,True,False,2.0,1.0,0.18472222222222223,2.553685962069615,0.8550616862841773,0.7929684011633137,0.7929684011633137,0.7929684011633137,0.6901925281880129
travel_cost_per_distance=1.250000e-05,292,True,False,2.0,1.0,0.20441666666666666,2.858513104244033,0.8273111600602014,0.8636736923976165,0.8636736923976165,0.8636736923976165,0.6931178755626705
travel_cost_per_distance=1.250000e-05,293,True,False,2.0,1.0,0.20136111111111113,2.8361738511021413,0.8622440407675982,0.7790187902379516,0.7790187902379516,0.7790187902379516,0.7309648102698658
travel_cost_per_distance=1.250000e-05,294,True,False,2.0,1.0,0.21172222222222223,2.9749248811052476,0.8310965282592587,0.7804777328392264,0.7804777328392264,0.7804777328392264,0.7895379431312571
travel_cost_per_distance=1.250000e-05,295,True,False,2.0,1.0,0.1888888888888889,2.594303002220106,0.8579257084291864,0.6622709947338884,0.6622709947338884,0.6622709947338884,0.537238730524855
travel_cost_per_distance=1.250000e-05,296,True,False,2.0,1.0,0.20630555555555558,2.87115905831407,0.803193393089187,0.8473366699268513,0.8473366699268513,0.8473366699268513,0.6786295158223996
travel_cost_per_distance=1.250000e-05,297,True,False,2.0,1.0,0.1914722222222222,2.664515702127951,0.8379804387766152,0.7998309137885344,0.7998309137885344,0.7998309137885344,0.5076441993394122
travel_cost_per_distance=1.250000e-05,298,True,False,2.0,1.0,0.1918888888888889,2.678825518704469,0.8759985899235907,0.70699760619306,0.70699760619306,0.70699760619306,0.6723760760872809
travel_cost_per_distance=1.250000e-05,299,True,False,2.0,1.0,0.20902777777777776,3.016390895886395,0.8827135976705639,0.9029727130799791,0.9029727130799791,0.9029727130799791,0.41545456445772555
travel_cost_per_distance=2.250000e-05,200,True,False,2.0,1.0,0.2048333333333333,2.3510418394060166,0.8478025371312442,0.826259669278853,0.826259669278853,0.826259669278853,0.39437278413793475
travel_cost_per_distance=2.250000e-05,201,True,False,2.0,1.0,0.1944722222222222,2.1321329646915554,0.8222406078574473,0.6768009653840826,0.6768009653840826,0.6768009653840826,0.7668951961152655
travel_cost_per_distance=2.250000e-05,202,True,False,2.0,1.0,0.19747222222222222,2.204247967269679,0.8298781779046351,0.8294162469865213,0.8294162469865213,0.8294162469865213,0.628773465791456
travel_cost_per_distance=2.250000e-05,203,True,False,2.0,1.0,0.21586111111111111,2.4889791524441423,0.8437939040446759,0.8835350490590417,0.8835350490590417,0.8835350490590417,0.6709838329689781
travel_cost_per_distance=2.250000e-05,204,True,False,2.0,1.0,0.20461111111111113,2.26643707471493,0.8411201990804361,0.8113274500689586,0.8113274500689586,0.8113274500689586,0.7889285055129354
travel_cost_per_distance=2.250000e-05,205,True,False,2.0,1.0,0.2162222222222222,2.5856458445007235,0.9028815204876123,0.8549566975254183,0.8549566975254183,0.8549566975254183,0.7118032065054345
travel_cost_per_distance=2.250000e-05,206,True,False,2.0,1.0,0.20033333333333334,2.2308564793377315,0.8458796048690335,0.8140047386597244,0.8140047386597244,0.8140047386597244,0.6141734878003101
travel_cost_per_distance=2.250000e-05,207,True,False,2.0,1.0,0.2028888888888889,2.3214798727287085,0.854447583765802,0.8647882432118376,0.8647882432118376,0.8647882432118376,0.5063808102307117
travel_cost_per_distance=2.250000e-05,208,True,False,2.0,1.0,0.21183333333333335,2.3764023868694464,0.8223590760388643,0.8783764721379812,0.8783764721379812,0.8783764721379812,0.3327908588215794
travel_cost_per_distance=2.250000e-05,209,True,False,2.0,1.0,0.20522222222222222,2.326352844475504,0.8305582246978812,0.8126345253638292,0.8126345253638292,0.8126345253638292,0.5878392692184782
travel_cost_per_distance=2.250000e-05,210,True,False,2.0,1.0,0.21302777777777776,2.4502105414517037,0.8572955750087898,0.8859700213487816,0.8859700213487816,0.8859700213487816,0.8307840501485848
travel_cost_per_distance=2.250000e-05,211,True,False,2.0,1.0,0.213,2.4395711401965676,0.8457156514528475,0.860799510982287,0.860799510982287,0.860799510982287,0.6166150560444396
travel_cost_per_distance=2.250000e-05,212,True,False,2.0,1.0,0.2018888888888889,2.2792590312667262,0.8556821676814413,0.836508130938541,0.836508130938541,0.836508130938541,0.4353938323894228
travel_cost_per_distance=2.250000e-05,213,False,False,0.5176803656420013,0.5176803656420013,0.18552777777777776,1.5969811489049976,0.4141442925136011,0.29698883725751635,0.29698883725751635,0.29698883725751635,0.5961847961224134
travel_cost_per_distance=2.250000e-05,214,True,False,2.0,1.0,0.19080555555555556,2.113272774436692,0.8431123512411348,0.8493750385250437,0.8493750385250437,0.8493750385250437,0.6482267143545101
travel_cost_per_distance=2.250000e-05,215,False,False,0.9674572449195826,0.9674572449195826,0.19108333333333333,2.0750201998925393,0.7739657959356662,0.8010098398998761,0.8010098398998761,0.8010098398998761,0.5838420603728512
travel_cost_per_distance=2.250000e-05,216,True,False,2.0,1.0,0.18713888888888888,2.067852834583696,0.8311523245259426,0.8394482593765242,0.8394482593765242,0.8394482593765242,0.6409859073366043
travel_cost_per_distance=2.250000e-05,217,True,False,2.0,1.0,0.1933888888888889,2.1079999728862826,0.8578999445699498,0.775568406754801,0.775568406754801,0.775568406754801,0.5100014329079114
travel_cost_per_distance=2.250000e-05,218,True,False,2.0,1.0,0.19230555555555556,2.166096170718445,0.8635325765548405,0.8371062418604235,0.8371062418604235,0.8371062418604235,0.8460606769705906
travel_cost_per_distance=2.250000e-05,219,False,False,0.9648594432908739,0.9648594432908739,0.20327777777777778,2.203861192530628,0.7718875546326992,0.9025740470165077,0.9025740470165077,0.9025740470165077,0.6860133382257686
travel_cost_per_distance=2.250000e-05,220,True,False,2.0,1.0,0.19016666666666668,2.1214063970125956,0.856401123198803,0.8313954975911527,0.8313954975911527,0.8313954975911527,0.5477534729247561
travel_cost_per_distance=2.250000e-05,221,True,False,2.0,1.0,0.2136111111111111,2.400688110609238,0.8004723876425215,0.8431192114716698,0.8431192114716698,0.8431192114716698,0.7468549299557686
travel_cost_per_distance=2.250000e-05,222,True,False,2.0,1.0,0.19108333333333333,2.104174011614393,0.8807029997819265,0.7852538985431423,0.7852538985431423,0.7852538985431423,0.41879119559898176
travel_cost_per_distance=2.250000e-05,223,True,False,2.0,1.0,0.19024999999999997,2.080143307753544,0.8027394665908612,0.7034949651214292,0.7034949651214292,0.7034949651214292,0.4847911524980659
travel_cost_per_distance=2.250000e-05,224,True,False,2.0,1.0,0.21611111111111111,2.5002366069389637,0.8377141345796412,0.8625660828980217,0.8625660828980217,0.8625660828980217,0.5668367335048039
travel_cost_per_distance=2.250000e-05,225,True,False,2.0,1.0,0.20311111111111113,2.2832722641734597,0.8845102055186305,0.8429417113802947,0.8429417113802947,0.8429417113802947,0.5787879093689327
travel_cost_per_distance=2.250000e-05,226,True,False,2.0,1.0,0.20136111111111113,2.2934585042393363,0.8569886721297538,0.8278117181585495,0.8278117181585495,0.8278117181585495,0.826145226839153
travel_cost_per_distance=2.250000e-05,227,False,False,0.9803981924349615,0.9803981924349615,0.1865,1.9571507559691268,0.7843185539479692,0.8393268125114905,0.8393268125114905,0.8393268125114905,0.5883398770348276
travel_cost_per_distance=2.250000e-05,228,True,False,2.0,1.0,0.18794444444444444,2.0868247137901976,0.8450228249174806,0.8692677698964537,0.8692677698964537,0.8692677698964537,0.6847378235952898
travel_cost_per_distance=2.250000e-05,229,False,False,0.9288753340431888,0.9288753340431888,0.19408333333333333,2.080670325344503,0.743100267234551,0.7460569728550415,0.7460569728550415,0.7460569728550415,0.8004515908531538
travel_cost_per_distance=2.250000e-05,230,True,False,2.0,1.0,0.20072222222222222,2.262629984019304,0.8549008282790045,0.8315314345369106,0.8315314345369106,0.8315314345369106,0.5606532560817769
travel_cost_per_distance=2.250000e-05,231,True,False,2.0,1.0,0.18341666666666667,1.9735924307269577,0.8474326600136404,0.759074032469851,0.759074032469851,0.759074032469851,0.4275089915308831
travel_cost_per_distance=2.250000e-05,232,True,False,2.0,1.0,0.21658333333333332,2.5709674449384745,0.8879022877283694,0.865524582246529,0.865524582246529,0.865524582246529,0.5076071693382116
travel_cost_per_distance=2.250000e-05,233,True,False,2.0,1.0,0.19158333333333333,2.151168727638044,0.8768720903086319,0.8344548320752938,0.8344548320752938,0.8344548320752938,0.7029316207032559
travel_cost_per_distance=2.250000e-05,234,True,False,2.0,1.0,0.20052777777777778,2.2175933786549153,0.8464147097226149,0.8028188456409898,0.8028188456409898,0.8028188456409898,0.6892148768837417
travel_cost_per_distance=2.250000e-05,235,True,False,2.0,1.0,0.21200000000000002,2.4695309273550654,0.8684253148861724,0.8187665843754303,0.8187665843754303,0.8187665843754303,0.4293607622725664
travel_cost_per_distance=2.250000e-05,236,True,False,2.0,1.0,0.21861111111111112,2.564107115978428,0.8676727398064545,0.8672658714774659,0.8672658714774659,0.8672658714774659,0.7019114099382023
travel_cost_per_distance=2.250000e-05,237,True,False,2.0,1.0,0.20655555555555555,2.3456151374012975,0.8735085428139846,0.8230394367782957,0.8230394367782957,0.8230394367782957,0.519050204155728
travel_cost_per_distance=2.250000e-05,238,True,False,2.0,1.0,0.18961111111111112,2.118069707257634,0.8353113800615339,0.8082576089142839,0.8082576089142839,0.8082576089142839,0.6594496540220065
travel_cost_per_distance=2.250000e-05,239,True,False,2.0,1.0,0.2043611111111111,2.326113501231373,0.8631881761033139,0.8693792224102495,0.8693792224102495,0.8693792224102495,0.3133360184758762
travel_cost_per_distance=2.250000e-05,240,False,False,0.26614924051640776,0.26614924051640776,0.19427777777777777,1.5873180072338644,0.21291939241312624,0.40043233380156174,0.40043233380156174,0.40043233380156174,0.3254915413394712
travel_cost_per_distance=2.250000e-05,241,True,False,2.0,1.0,0.2113611111111111,2.438117004965817,0.8691696617267186,0.8545784790442635,0.8545784790442635,0.8545784790442635,0.4372791571765276
travel_cost_per_distance=2.250000e-05,242,False,False,0.48554872652014947,0.48554872652014947,0.19491666666666668,1.7394748103368292,0.3884389812161196,0.2990134082409844,0.2990134082409844,0.2990134082409844,0.3148815836522431
travel_cost_per_distance=2.250000e-05,243,True,False,2.0,1.0,0.19255555555555554,2.062285600257085,0.8107352490329269,0.7848907928365615,0.7848907928365615,0.7848907928365615,0.27467146942298226
travel_cost_per_distance=2.250000e-05,244,True,False,2.0,1.0,0.19766666666666666,2.146752789808345,0.8140521162741553,0.8221550842480858,0.8221550842480858,0.8221550842480858,0.6626368007641061
travel_cost_per_distance=2.250000e-05,245,True,False,2.0,1.0,0.2058611111111111,2.4049351536508756,0.8750332940596205,0.8455629902338302,0.8455629902338302,0.8455629902338302,0.6441459571677844
travel_cost_per_distance=2.250000e-05,246,False,False,0.36288981017555083,0.36288981017555083,0.19925,1.7915778820442796,0.37535318887881697,0.18144490508777542,0.18144490508777542,0.18144490508777542,0.3744030039234122
travel_cost_per_distance=2.250000e-05,247,True,False,2.0,1.0,0.19333333333333333,2.0732989322106685,0.8023900063193481,0.7622341864649381,0.7622341864649381,0.7622341864649381,0.657289023976247
travel_cost_per_distance=2.250000e-05,248,True,False,2.0,1.0,0.19175,2.1383790787685837,0.8070236162356976,0.8226628369591094,0.8226628369591094,0.8226628369591094,0.6877811212153143
travel_cost_per_distance=2.250000e-05,249,True,False,2.0,1.0,0.2140277777777778,2.4863546336781885,0.818116022257685,0.9004345342109679,0.9004345342109679,0.9004345342109679,0.5459490565022276
travel_cost_per_distance=2.250000e-05,250,True,False,2.0,1.0,0.20386111111111113,2.320044680257731,0.884829024880629,0.829024722136714,0.829024722136714,0.829024722136714,0.4148152904585557
travel_cost_per_distance=2.250000e-05,251,True,False,2.0,1.0,0.20475000000000002,2.330733380814823,0.8804768219563748,0.8488508633093541,0.8488508633093541,0.8488508633093541,0.595344704110928
travel_cost_per_distance=2.250000e-05,252,True,False,2.0,1.0,0.20863888888888887,2.3552999217022523,0.8440530557136589,0.8515074969817886,0.8515074969817886,0.8515074969817886,0.5827168550063028
travel_cost_per_distance=2.250000e-05,253,True,False,2.0,1.0,0.19680555555555557,2.1656791429248714,0.8280996490160536,0.812322673611588,0.812322673611588,0.812322673611588,0.5266319501050147
travel_cost_per_distance=2.250000e-05,254,False,False,0.24513048798706363,0.24513048798706363,0.20672222222222222,1.7387470685750237,0.1961043903896509,0.1801053133808202,0.1801053133808202,0.1801053133808202,0.635686753671077
travel_cost_per_distance=2.250000e-05,255,True,False,2.0,1.0,0.2055,2.3730121524380094,0.8483910399533359,0.8133856181034865,0.8133856181034865,0.8133856181034865,0.6144241586866508
travel_cost_per_distance=2.250000e-05,256,True,False,2.0,1.0,0.20275,2.347923788647678,0.8777276618013804,0.8700812026397561,0.8700812026397561,0.8700812026397561,0.6367111769961082
travel_cost_per_distance=2.250000e-05,257,True,False,2.0,1.0,0.18711111111111112,2.0532912222258686,0.8413607575131724,0.8015971909626589,0.8015971909626589,0.8015971909626589,0.6325465148369027
travel_cost_per_distance=2.250000e-05,258,True,False,2.0,1.0,0.19805555555555554,2.2345515262437177,0.8806795436147623,0.8597416672955506,0.8597416672955506,0.8597416672955506,0.5963494252428337
travel_cost_per_distance=2.250000e-05,259,True,False,2.0,1.0,0.20149999999999998,2.2366110771945387,0.844124506157155,0.7793807056282611,0.7793807056282611,0.7793807056282611,0.5138217513395714
travel_cost_per_distance=2.250000e-05,260,True,False,2.0,1.0,0.20461111111111113,2.333926217297532,0.8513297040540029,0.840070896016524,0.840070896016524,0.840070896016524,0.6828675712896399
travel_cost_per_distance=2.250000e-05,261,True,False,2.0,1.0,0.20572222222222222,2.4231416845885834,0.8882917509758479,0.8154606011204096,0.8154606011204096,0.8154606011204096,0.7143534591979402
travel_cost_per_distance=2.250000e-05,262,True,False,2.0,1.0,0.20472222222222222,2.3703209585708063,0.8902563566157021,0.8382376646203565,0.8382376646203565,0.8382376646203565,0.7486219576824652
travel_cost_per_distance=2.250000e-05,263,True,False,2.0,1.0,0.20083333333333334,2.2432427904949224,0.82530235360781,0.8079596047943362,0.8079596047943362,0.8079596047943362,0.3919943012075898
travel_cost_per_distance=2.250000e-05,264,True,False,2.0,1.0,0.20527777777777778,2.282192866993695,0.8687860498132364,0.8217472596551966,0.8217472596551966,0.8217472596551966,0.37058401890648995
travel_cost_per_distance=2.250000e-05,265,True,False,2.0,1.0,0.19749999999999998,2.2260869365736573,0.8478809620972496,0.7899293170704956,0.7899293170704956,0.7899293170704956,0.6108510080755882
travel_cost_per_distance=2.250000e-05,266,True,False,2.0,1.0,0.2068611111111111,2.3886012964377956,0.8677112722933945,0.8529122574863768,0.8529122574863768,0.8529122574863768,0.3138506213423587
travel_cost_per_distance=2.250000e-05,267,True,False,2.0,1.0,0.19505555555555557,2.1699859570744655,0.8668923033674789,0.8326428381542434,0.8326428381542434,0.8326428381542434,0.5663100545850297
travel_cost_per_distance=2.250000e-05,268,True,False,2.0,1.0,0.21216666666666667,2.4178062729058096,0.8442018392824066,0.8382147321647846,0.8382147321647846,0.8382147321647846,0.5259833564699573
travel_cost_per_distance=2.250000e-05,269,True,False,2.0,1.0,0.19766666666666666,2.170984994916051,0.8135717267155221,0.8681597002248422,0.8681597002248422,0.8681597002248422,0.5116489492504777
travel_cost_per_distance=2.250000e-05,270,True,False,2.0,1.0,0.20494444444444446,2.290749775623117,0.8258763592058054,0.8491495176603454,0.8491495176603454,0.8491495176603454,0.6710474636004137
travel_cost_per_distance=2.250000e-05,271,True,False,2.0,1.0,0.18991666666666665,2.0965644835352433,0.8168790523546043,0.8293148070202682,0.8293148070202682,0.8293148070202682,0.6612970548328064
travel_cost_per_distance=2.250000e-05,272,True,False,2.0,1.0,0.20963888888888887,2.4376502156205544,0.8586212652867918,0.8804665348635052,0.8804665348635052,0.8804665348635052,0.5802514779343247
travel_cost_per_distance=2.250000e-05,273,True,False,2.0,1.0,0.19611111111111112,2.1857495840783434,0.8406739140694448,0.8752057981066951,0.8752057981066951,0.8752057981066951,0.6190068581394204
travel_cost_per_distance=2.250000e-05,274,True,False,2.0,1.0,0.20347222222222222,2.278313167344778,0.8574366233683735,0.8242888074683917,0.8242888074683917,0.8242888074683917,0.5721263423913708
travel_cost_per_distance=2.250000e-05,275,True,False,2.0,1.0,0.17230555555555555,1.8431265416226439,0.8280092116143071,0.7853250732730921,0.7853250732730921,0.7853250732730921,0.7224157283563891
travel_cost_per_distance=2.250000e-05,276,True,False,2.0,1.0,0.21594444444444444,2.4846307602769357,0.8302596438022323,0.8712748424102833,0.8712748424102833,0.8712748424102833,0.8471032085871784
travel_cost_per_distance=2.250000e-05,277,True,False,2.0,1.0,0.19322222222222224,2.157890282162091,0.8307707673351191,0.8472166770403475,0.8472166770403475,0.8472166770403475,0.6942722329220757
travel_cost_per_distance=2.250000e-05,278,True,False,2.0,1.0,0.1943888888888889,2.149993947441282,0.8565005711386473,0.7508747685972097,0.7508747685972097,0.7508747685972097,0.664850734061486
travel_cost_per_distance=2.250000e-05,279,True,False,2.0,1.0,0.21458333333333332,2.4836860996425703,0.8420731731223544,0.879974485842384,0.879974485842384,0.879974485842384,0.7733164114555099
travel_cost_per_distance=2.250000e-05,280,True,False,2.0,1.0,0.19772222222222222,2.173952982549468,0.8189225071460604,0.7961119884581558,0.7961119884581558,0.7961119884581558,0.7050611320791967
travel_cost_per_distance=2.250000e-05,281,True,False,2.0,1.0,0.19641666666666666,2.165085753585358,0.835745515912237,0.7850002836508222,0.7850002836508222,0.7850002836508222,0.72457576158845
travel_cost_per_distance=2.250000e-05,282,True,False,2.0,1.0,0.19719444444444445,2.2145797502001425,0.8444638369276706,0.8722058275965743,0.8722058275965743,0.8722058275965743,0.5896116226589831
travel_cost_per_distance=2.250000e-05,283,True,False,2.0,1.0,0.20119444444444445,2.2521461925952178,0.8550061688963797,0.7833396229966023,0.7833396229966023,0.7833396229966023,0.7165447642662294
travel_cost_per_distance=2.250000e-05,284,True,False,2.0,1.0,0.19205555555555556,2.119208179410373,0.8366049249680478,0.8528330075013995,0.8528330075013995,0.8528330075013995,0.470541154399097
travel_cost_per_distance=2.250000e-05,285,True,False,2.0,1.0,0.18680555555555556,2.0456332392173042,0.863683947355523,0.8038646188369882,0.8038646188369882,0.8038646188369882,0.5682575691658901
travel_cost_per_distance=2.250000e-05,286,True,False,2.0,1.0,0.19574999999999998,2.246249591053559,0.861100842453972,0.8255643162646499,0.8255643162646499,0.8255643162646499,0.7063322222691716
travel_cost_per_distance=2.250000e-05,287,True,False,2.0,1.0,0.1941388888888889,2.162305947985591,0.8495411047906796,0.8588017730603439,0.8588017730603439,0.8588017730603439,0.6517622984011402
travel_cost_per_distance=2.250000e-05,288,True,False,2.0,1.0,0.20594444444444446,2.351240475443099,0.8445353267487323,0.8236829735279437,0.8236829735279437,0.8236829735279437,0.5464401590589368
travel_cost_per_distance=2.250000e-05,289,True,False,2.0,1.0,0.20508333333333334,2.401436139597934,0.8461392783694706,0.8270196904633939,0.8270196904633939,0.8270196904633939,0.5519734478190828
travel_cost_per_distance=2.250000e-05,290,True,False,2.0,1.0,0.19652777777777777,2.2300463248407323,0.885330584235225,0.7889237130812431,0.7889237130812431,0.7889237130812431,0.3836586595859735
travel_cost_per_distance=2.250000e-05,291,True,False,2.0,1.0,0.21511111111111111,2.5153431913672644,0.8590391782266039,0.8396088191218858,0.8396088191218858,0.8396088191218858,0.588375615346349
travel_cost_per_distance=2.250000e-05,292,True,False,2.0,1.0,0.2028611111111111,2.2733418855033674,0.859372113850505,0.7737138216471277,0.7737138216471277,0.7737138216471277,0.8072537760355131
travel_cost_per_distance=2.250000e-05,293,True,False,2.0,1.0,0.20772222222222222,2.390819942026702,0.8664661350349803,0.8701226352015541,0.8701226352015541,0.8701226352015541,0.6053779854337378
travel_cost_per_distance=2.250000e-05,294,True,False,2.0,1.0,0.20347222222222222,2.3408154606626392,0.8683674029566042,0.8670567805321377,0.8670567805321377,0.8670567805321377,0.46007077963646387
travel_cost_per_distance=2.250000e-05,295,True,False,2.0,1.0,0.20316666666666666,2.2808755695676894,0.8441617501875263,0.8607955990242065,0.8607955990242065,0.8607955990242065,0.34270042027216346
travel_cost_per_distance=2.250000e-05,296,False,False,0.6358675504803627,0.6358675504803627,0.18558333333333332,1.657048936199208,0.5086940403842902,0.5631227429880361,0.5631227429880361,0.5631227429880361,0.5895148400713542
travel_cost_per_distance=2.250000e-05,297,True,False,2.0,1.0,0.19649999999999998,2.2387045484828585,0.8664820194808645,0.8544022144311924,0.8544022144311924,0.8544022144311924,0.36535271466122066
travel_cost_per_distance=2.250000e-05,298,True,False,2.0,1.0,0.2146111111111111,2.525153692274027,0.8657956648375792,0.835124034525775,0.835124034525775,0.835124034525775,0.4902887164268274
travel_cost_per_distance=2.250000e-05,299,True,False,2.0,1.0,0.19383333333333336,2.123881815822412,0.8360615985038601,0.8447409932946714,0.8447409932946714,0.8447409932946714,0.383899296477747
travel_cost_per_distance=3.250000e-05,200,True,False,2.0,1.0,0.20197222222222225,1.8164407892114618,0.8571625211636393,0.8860603899337871,0.8860603899337871,0.8860603899337871,0.5562396507577781
travel_cost_per_distance=3.250000e-05,201,False,False,0.3784902217648651,0.3784902217648651,0.2116111111111111,1.4066712539219675,0.30279217741189207,0.19919850625791174,0.19919850625791174,0.19919850625791174,0.5877930128906416
travel_cost_per_distance=3.250000e-05,202,True,False,2.0,1.0,0.17905555555555558,1.4104216446252194,0.8823671851930678,0.795399695905602,0.795399695905602,0.795399695905602,0.6742947540045677
travel_cost_per_distance=3.250000e-05,203,False,False,0.28309036488021677,0.28309036488021677,0.1962777777777778,1.2623931568105236,0.22647229190417342,0.16683597317625581,0.16683597317625581,0.16683597317625581,0.5867613171936755
travel_cost_per_distance=3.250000e-05,204,False,False,0.29013382222672285,0.29013382222672285,0.2147222222222222,1.468433473890459,0.2321070577813783,0.23648606324635246,0.23648606324635246,0.23648606324635246,0.7522821051030548
travel_cost_per_distance=3.250000e-05,205,True,False,2.0,1.0,0.22222222222222224,2.0848674077869225,0.8906773512448375,0.9113866905726004,0.9113866905726004,0.9113866905726004,0.7341027908325771
travel_cost_per_distance=3.250000e-05,206,True,False,2.0,1.0,0.19036111111111112,1.5676593174461546,0.8526589147175438,0.8123540242693925,0.8123540242693925,0.8123540242693925,0.4008323124736734
travel_cost_per_distance=3.250000e-05,207,True,False,2.0,1.0,0.20533333333333334,1.817292968455931,0.8742251986992218,0.8799729999439136,0.8799729999439136,0.8799729999439136,0.6880327785097966
travel_cost_per_distance=3.250000e-05,208,True,False,2.0,1.0,0.1963888888888889,1.64223632932202,0.8916088472259602,0.7876272531684809,0.7876272531684809,0.7876272531684809,0.7658674356498005
travel_cost_per_distance=3.250000e-05,209,True,False,2.0,1.0,0.2147777777777778,1.9224379423016287,0.8547252356102056,0.9022335398440884,0.9022335398440884,0.9022335398440884,0.6917952636355384
travel_cost_per_distance=3.250000e-05,210,True,False,2.0,1.0,0.21291666666666667,1.934110594863438,0.9183504191028784,0.8967801880655257,0.8967801880655257,0.8967801880655257,0.5488417560450335
travel_cost_per_distance=3.250000e-05,211,False,False,0.999123016872099,0.999123016872099,0.20605555555555555,1.749407404626891,0.7992984134976793,0.8064911662693206,0.8064911662693206,0.8064911662693206,0.8688373250162456
travel_cost_per_distance=3.250000e-05,212,True,False,2.0,1.0,0.18791666666666668,1.540130277289525,0.862916422761011,0.8654244238999277,0.8654244238999277,0.8654244238999277,0.6202641218809198
travel_cost_per_distance=3.250000e-05,213,False,False,0.9994334943481151,0.9994334943481151,0.20533333333333334,1.6979932325976905,0.7995467954784922,0.8828139954313907,0.8828139954313907,0.8828139954313907,0.3864697625513122
travel_cost_per_distance=3.250000e-05,214,False,False,0.4683259992139244,0.4683259992139244,0.20294444444444443,1.3550949167057682,0.37466079937113955,0.3607792781720935,0.3607792781720935,0.3607792781720935,0.6379167274165543
travel_cost_per_distance=3.250000e-05,215,False,False,0.27549107315958127,0.27549107315958127,0.20302777777777778,1.2336096572588418,0.22039285852766502,0.2937330964444501,0.2937330964444501,0.2937330964444501,0.5798221961134848
travel_cost_per_distance=3.250000e-05,216,True,False,2.0,1.0,0.207,1.78916495681744,0.8054903216928903,0.86967705897565,0.86967705897565,0.86967705897565,0.4277984148881636
travel_cost_per_distance=3.250000e-05,217,False,False,0.31323438738723236,0.31323438738723236,0.21141666666666667,1.4016395663469892,0.2535049723128924,0.15661719369361618,0.15661719369361618,0.15661719369361618,0.6282836536031056
travel_cost_per_distance=3.250000e-05,218,True,False,2.0,1.0,0.20880555555555558,1.8280673779361443,0.823368025088288,0.8965328787829724,0.8965328787829724,0.8965328787829724,0.5391141708805044
travel_cost_per_distance=3.250000e-05,219,True,False,2.0,1.0,0.21083333333333334,1.9231301084201664,0.8679803616653616,0.8586831800124034,0.8586831800124034,0.8586831800124034,0.580839574446773
travel_cost_per_distance=3.250000e-05,220,True,False,2.0,1.0,0.20283333333333334,1.658759554967463,0.8255165416594216,0.8456027070387023,0.8456027070387023,0.8456027070387023,0.6090450294793932
travel_cost_per_distance=3.250000e-05,221,True,False,2.0,1.0,0.1938611111111111,1.6175271992602727,0.8544492706482,0.8306925894749394,0.8306925894749394,0.8306925894749394,0.7078678418139105
travel_cost_per_distance=3.250000e-05,222,False,False,0.3035606507134893,0.3035606507134893,0.19772222222222222,1.3213289984596694,0.24284852057079145,0.2567774414385996,0.2567774414385996,0.2567774414385996,0.6665774772882944
travel_cost_per_distance=3.250000e-05,223,False,False,0.32846490563690944,0.32846490563690944,0.2106111111111111,1.4058160830807482,0.2627719245095276,0.23584124829263312,0.23584124829263312,0.23584124829263312,0.71889475998705
travel_cost_per_distance=3.250000e-05,224,False,False,0.24729055690606372,0.24729055690606372,0.19824999999999998,1.2080146407979908,0.197832445524851,0.14788330385458892,0.14788330385458892,0.14788330385458892,0.6814157759046798
travel_cost_per_distance=3.250000e-05,225,True,False,2.0,1.0,0.21930555555555556,2.044324153800031,0.9023355168298077,0.875314339231448,0.875314339231448,0.875314339231448,0.26036435297561106
travel_cost_per_distance=3.250000e-05,226,False,False,0.30727408154280333,0.30727408154280333,0.21266666666666667,1.396258790042773,0.2458192652342427,0.2055789361694974,0.2055789361694974,0.2055789361694974,0.7270797262465626
travel_cost_per_distance=3.250000e-05,227,True,False,2.0,1.0,0.22416666666666665,2.1060692714570624,0.8634108096613657,0.8875290345580351,0.8875290345580351,0.8875290345580351,0.5766846688253243
travel_cost_per_distance=3.250000e-05,228,True,False,2.0,1.0,0.21333333333333335,1.8960331834253745,0.9051060313134677,0.8832435220827709,0.8832435220827709,0.8832435220827709,0.7016675006532487
travel_cost_per_distance=3.250000e-05,229,True,False,2.0,1.0,0.20108333333333334,1.7217956298908,0.8670872838838168,0.8172704579596156,0.8172704579596156,0.8172704579596156,0.7407635273738623
travel_cost_per_distance=3.250000e-05,230,False,False,0.8144687222429698,0.8144687222429698,0.1946388888888889,1.5360366709555622,0.6515749777943759,0.6285625356566076,0.6285625356566076,0.6285625356566076,0.6544782373225343
travel_cost_per_distance=3.250000e-05,231,False,False,0.29345807614973063,0.29345807614973063,0.1937222222222222,1.2067507540527829,0.23476646091978454,0.2742395198509292,0.2742395198509292,0.2742395198509292,0.6856145519152421
travel_cost_per_distance=3.250000e-05,232,True,False,2.0,1.0,0.20252777777777778,1.7401012437775125,0.881164352387583,0.8161548188175132,0.8161548188175132,0.8161548188175132,0.6804002504574881
travel_cost_per_distance=3.250000e-05,233,True,False,2.0,1.0,0.19930555555555557,1.6083678000582144,0.8357013646673277,0.8016151608278921,0.8016151608278921,0.8016151608278921,0.7197688653174754
travel_cost_per_distance=3.250000e-05,234,False,False,0.6899929376472561,0.6899929376472561,0.2147222222222222,1.6298444640163068,0.551994350117805,0.48940309377974395,0.48940309377974395,0.48940309377974395,0.7550488026727514
travel_cost_per_distance=3.250000e-05,235,False,False,0.34466105665468166,0.34466105665468166,0.20358333333333334,1.325374790124683,0.27572884532374536,0.27037808161073,0.27037808161073,0.27037808161073,0.3912726036812854
travel_cost_per_distance=3.250000e-05,236,True,False,2.0,1.0,0.19605555555555557,1.6890108602269585,0.8683795502850237,0.8594852725611599,0.8594852725611599,0.8594852725611599,0.7266691086643474
travel_cost_per_distance=3.250000e-05,237,True,False,2.0,1.0,0.20119444444444445,1.6963761161100914,0.9267504339446382,0.8199814986546595,0.8199814986546595,0.8199814986546595,0.5967001922331843
travel_cost_per_distance=3.250000e-05,238,False,False,0.4098621982000328,0.4098621982000328,0.20325000000000001,1.3202402268347433,0.3278897585600262,0.25024520733585365,0.25024520733585365,0.25024520733585365,0.7709546500936163
travel_cost_per_distance=3.250000e-05,239,False,False,0.3106987400845929,0.3106987400845929,0.20122222222222225,1.3372699351444821,0.24855899206767434,0.2595925784204155,0.2595925784204155,0.2595925784204155,0.7874297817404005
travel_cost_per_distance=3.250000e-05,240,True,False,2.0,1.0,0.21444444444444447,1.9359068970945128,0.8893131004820632,0.9099557160690968,0.9099557160690968,0.9099557160690968,0.5473360438883154
travel_cost_per_distance=3.250000e-05,241,True,False,2.0,1.0,0.20908333333333334,1.7787672594819646,0.85252830055066,0.8450631151352626,0.8450631151352626,0.8450631151352626,0.46375810135191775
travel_cost_per_distance=3.250000e-05,242,False,False,0.313694063751679,0.313694063751679,0.19777777777777777,1.2018915208766368,0.25095525100134325,0.2438300185466414,0.2438300185466414,0.2438300185466414,0.6935855425350047
travel_cost_per_distance=3.250000e-05,243,True,False,2.0,1.0,0.20672222222222222,1.87072075003676,0.9075665932543177,0.8258039635323556,0.8258039635323556,0.8258039635323556,0.6714173056254419
travel_cost_per_distance=3.250000e-05,244,True,False,2.0,1.0,0.21280555555555555,1.892005847495094,0.8904090203399254,0.8673325536421757,0.8673325536421757,0.8673325536421757,0.5176417462768484
travel_cost_per_distance=3.250000e-05,245,True,False,2.0,1.0,0.19125,1.6120682679545024,0.8346014774267545,0.8355359392368766,0.8355359392368766,0.8355359392368766,0.31340837159166673
travel_cost_per_distance=3.250000e-05,246,False,False,0.19049295090015564,0.19049295090015564,0.2103611111111111,1.3825832011877384,0.15239436072012452,0.2599308071006641,0.2599308071006641,0.2599308071006641,0.6846247957666238
travel_cost_per_distance=3.250000e-05,247,True,False,2.0,1.0,0.21338888888888888,1.9246802044193108,0.889118474774263,0.8479693089988463,0.8479693089988463,0.8479693089988463,0.6480134246572588
travel_cost_per_distance=3.250000e-05,248,True,False,2.0,1.0,0.20955555555555558,1.834852182593334,0.8430906161254679,0.9134389102584838,0.9134389102584838,0.9134389102584838,0.7030357284949889
travel_cost_per_distance=3.250000e-05,249,True,False,2.0,1.0,0.20669444444444446,1.8030283409737902,0.8532959243303432,0.8320454367293926,0.8320454367293926,0.8320454367293926,0.624471160123315
travel_cost_per_distance=3.250000e-05,250,True,False,2.0,1.0,0.1955277777777778,1.65426414206154,0.8341908202394814,0.8226307306811113,0.8226307306811113,0.8226307306811113,0.6626870443717046
travel_cost_per_distance=3.250000e-05,251,False,False,0.20342212713895283,0.20342212713895283,0.2173611111111111,1.4041561840128454,0.16273770171116228,0.19825924608706183,0.19825924608706183,0.19825924608706183,0.4446322079085453
travel_cost_per_distance=3.250000e-05,252,False,False,0.30610621992111586,0.30610621992111586,0.2021666666666667,1.4072907814330304,0.3016565640976393,0.15305310996055793,0.15305310996055793,0.15305310996055793,0.6684121733170397
travel_cost_per_distance=3.250000e-05,253,True,False,2.0,1.0,0.2013888888888889,1.7035914704999655,0.8491658999801607,0.8767188273850698,0.8767188273850698,0.8767188273850698,0.5193896096778278
travel_cost_per_distance=3.250000e-05,254,True,False,2.0,1.0,0.19375,1.6080837566252846,0.8335204437133407,0.8577609164599302,0.8577609164599302,0.8577609164599302,0.30320962644121896
travel_cost_per_distance=3.250000e-05,255,False,False,0.3345098640137978,0.3345098640137978,0.1971111111111111,1.287853313966686,0.28879592992241526,0.1672549320068989,0.1672549320068989,0.1672549320068989,0.632405254241803
travel_cost_per_distance=3.250000e-05,256,False,False,0.31496041222595833,0.31496041222595833,0.19361111111111112,1.1977968255874598,0.25196832978076666,0.28356959539540727,0.28356959539540727,0.28356959539540727,0.6177987324176483
travel_cost_per_distance=3.250000e-05,257,True,False,2.0,1.0,0.19261111111111112,1.575539790628338,0.8484924888249903,0.8599488389262026,0.8599488389262026,0.8599488389262026,0.7744084052019287
travel_cost_per_distance=3.250000e-05,258,False,False,0.23219326075547791,0.23219326075547791,0.21358333333333332,1.3878083682234876,0.18575460860438234,0.19641493340534194,0.19641493340534194,0.19641493340534194,0.4598075361471816
travel_cost_per_distance=3.250000e-05,259,True,False,2.0,1.0,0.18319444444444447,1.3805553632418561,0.8338818729311932,0.7894982272406733,0.7894982272406733,0.7894982272406733,0.5137651722600792
travel_cost_per_distance=3.250000e-05,260,True,False,2.0,1.0,0.20097222222222222,1.7288598608908228,0.8709310274226646,0.8641579142981933,0.8641579142981933,0.8641579142981933,0.5247193755440764
travel_cost_per_distance=3.250000e-05,261,True,False,2.0,1.0,0.19758333333333333,1.6549756609261694,0.8442642627646125,0.8364887781046269,0.8364887781046269,0.8364887781046269,0.6012254149351685
travel_cost_per_distance=3.250000e-05,262,True,False,2.0,1.0,0.20094444444444445,1.7010971680690556,0.8257482829213757,0.8987293522646985,0.8987293522646985,0.8987293522646985,0.36302355266556924
travel_cost_per_distance=3.250000e-05,263,True,False,2.0,1.0,0.19597222222222221,1.667260050492683,0.8653178005553762,0.8320538451090649,0.8320538451090649,0.8320538451090649,0.4479890226256747
travel_cost_per_distance=3.250000e-05,264,False,False,0.3067915350714906,0.3067915350714906,0.2058611111111111,1.3479565074518094,0.2454332280571925,0.16848275324266457,0.16848275324266457,0.16848275324266457,0.3958562562648797
travel_cost_per_distance=3.250000e-05,265,False,False,0.23151258361803406,0.23151258361803406,0.20563888888888887,1.3049743822035604,0.18521006689442726,0.17241508894535845,0.17241508894535845,0.17241508894535845,0.5231900037564131
travel_cost_per_distance=3.250000e-05,266,True,False,2.0,1.0,0.20061111111111113,1.8040223284986117,0.8600023919001699,0.875608436495879,0.875608436495879,0.875608436495879,0.7935783239439969
travel_cost_per_distance=3.250000e-05,267,True,False,2.0,1.0,0.20627777777777778,1.7547670556758275,0.826973056795864,0.8684685331070664,0.8684685331070664,0.8684685331070664,0.5590153540381131
travel_cost_per_distance=3.250000e-05,268,False,False,0.3044712231008838,0.3044712231008838,0.20383333333333334,1.318012128549912,0.24357697848070708,0.26975917583563824,0.26975917583563824,0.26975917583563824,0.7511860471544973
travel_cost_per_distance=3.250000e-05,269,False,False,0.18684792940110653,0.18684792940110653,0.21647222222222223,1.4451638574202086,0.14947834352088524,0.23888475530006173,0.23888475530006173,0.23888475530006173,0.6336764638155054
travel_cost_per_distance=3.250000e-05,270,True,False,2.0,1.0,0.2073611111111111,1.8749726487294223,0.8657770746696022,0.870947435708333,0.870947435708333,0.870947435708333,0.7212545565612248
travel_cost_per_distance=3.250000e-05,271,False,False,0.3118233683054764,0.3118233683054764,0.21133333333333332,1.3608356423205903,0.24945869464438114,0.17917371691105824,0.17917371691105824,0.17917371691105824,0.6594844310389942
travel_cost_per_distance=3.250000e-05,272,True,False,2.0,1.0,0.20827777777777776,1.764387910975526,0.8946796524412043,0.8311729820013108,0.8311729820013108,0.8311729820013108,0.54484963217939
travel_cost_per_distance=3.250000e-05,273,True,False,2.0,1.0,0.2059722222222222,1.7643904189049047,0.8626145582678082,0.8815593123803674,0.8815593123803674,0.8815593123803674,0.2958740177556671
travel_cost_per_distance=3.250000e-05,274,False,False,0.32205008430562526,0.32205008430562526,0.21325,1.420333896760205,0.25764006744450024,0.24862640164621702,0.24862640164621702,0.24862640164621702,0.7427171769605504
travel_cost_per_distance=3.250000e-05,275,True,False,2.0,1.0,0.18983333333333335,1.5695832727919268,0.8698723406463261,0.8597550902238988,0.8597550902238988,0.8597550902238988,0.31284596725318664
travel_cost_per_distance=3.250000e-05,276,True,False,2.0,1.0,0.20883333333333332,1.881287960760619,0.8758948048286254,0.9034391983550124,0.9034391983550124,0.9034391983550124,0.7242914399523515
travel_cost_per_distance=3.250000e-05,277,True,False,2.0,1.0,0.19752777777777777,1.6886821010247945,0.8746561131936942,0.8744674706088348,0.8744674706088348,0.8744674706088348,0.4961860433876817
travel_cost_per_distance=3.250000e-05,278,False,False,0.3329220009122446,0.3329220009122446,0.2131388888888889,1.4890859461448407,0.31118854956391145,0.1664610004561223,0.1664610004561223,0.1664610004561223,0.4338651310793518
travel_cost_per_distance=3.250000e-05,279,False,False,0.18227900327929608,0.18227900327929608,0.19516666666666668,1.136096719191414,0.14582320262343687,0.2975323799225157,0.2975323799225157,0.2975323799225157,0.7068904771800486
travel_cost_per_distance=3.250000e-05,280,True,False,2.0,1.0,0.22069444444444444,2.0629298292920435,0.8967189317051751,0.8703232141182852,0.8703232141182852,0.8703232141182852,0.678243414341756
travel_cost_per_distance=3.250000e-05,281,False,False,0.39439705492508587,0.39439705492508587,0.19102777777777777,1.227336405526795,0.3155176439400687,0.2776660536224916,0.2776660536224916,0.2776660536224916,0.44163191172599514
travel_cost_per_distance=3.250000e-05,282,True,False,2.0,1.0,0.21611111111111111,1.939416757067098,0.8784770453433279,0.8777762875378377,0.8777762875378377,0.8777762875378377,0.5277493877965542
travel_cost_per_distance=3.250000e-05,283,True,False,2.0,1.0,0.20819444444444446,1.8558650751967807,0.869718656592478,0.8731699785840213,0.8731699785840213,0.8731699785840213,0.7363293677071527
travel_cost_per_distance=3.250000e-05,284,False,False,0.33682603350766993,0.33682603350766993,0.20197222222222225,1.3838942137949755,0.2719415772037214,0.16841301675383497,0.16841301675383497,0.16841301675383497,0.5677218969690597
travel_cost_per_distance=3.250000e-05,285,True,False,2.0,1.0,0.20172222222222222,1.7990671809372465,0.8788236880081032,0.8637363972736759,0.8637363972736759,0.8637363972736759,0.6778212974850677
travel_cost_per_distance=3.250000e-05,286,True,False,2.0,1.0,0.22008333333333333,2.0631947772549637,0.8764784160266241,0.887760343784452,0.887760343784452,0.887760343784452,0.4867457928714545
travel_cost_per_distance=3.250000e-05,287,True,False,2.0,1.0,0.20972222222222223,1.93040088939517,0.9158831179901517,0.8756670096809175,0.8756670096809175,0.8756670096809175,0.5579655330837107
travel_cost_per_distance=3.250000e-05,288,False,False,0.9626092475399697,0.9626092475399697,0.20061111111111113,1.6852208546504235,0.7700873980319758,0.7454007184120018,0.7454007184120018,0.7454007184120018,0.692325916023917
travel_cost_per_distance=3.250000e-05,289,False,False,0.24171974835176294,0.24171974835176294,0.20808333333333331,1.346105353968949,0.19337579868141036,0.297852813037656,0.297852813037656,0.297852813037656,0.7334658877969178
travel_cost_per_distance=3.250000e-05,290,False,False,0.32100218472668623,0.32100218472668623,0.21208333333333332,1.364671809757727,0.256801747781349,0.22075805021123668,0.22075805021123668,0.22075805021123668,0.7043178087017707
travel_cost_per_distance=3.250000e-05,291,True,False,2.0,1.0,0.17597222222222222,1.4200531846731648,0.833114915413756,0.81747578484427,0.81747578484427,0.81747578484427,0.32975986973495
travel_cost_per_distance=3.250000e-05,292,True,False,2.0,1.0,0.19241666666666665,1.6135017384028671,0.8868894963718207,0.8186116283854105,0.8186116283854105,0.8186116283854105,0.5054451805440866
travel_cost_per_distance=3.250000e-05,293,False,False,0.7058508079535594,0.7058508079535594,0.18469444444444444,1.2410707566898118,0.5646806463628475,0.4133613417106972,0.4133613417106972,0.4133613417106972,0.7283858170274058
travel_cost_per_distance=3.250000e-05,294,True,False,2.0,1.0,0.1825,1.4715048360753602,0.8384366748200068,0.7679664236176044,0.7679664236176044,0.7679664236176044,0.7276047345675046
travel_cost_per_distance=3.250000e-05,295,True,False,2.0,1.0,0.20241666666666666,1.7360758186705878,0.8668638247899229,0.8090492484740238,0.8090492484740238,0.8090492484740238,0.523155708297857
travel_cost_per_distance=3.250000e-05,296,True,False,2.0,1.0,0.19772222222222222,1.681881359319166,0.8856152868574454,0.8583168626291453,0.8583168626291453,0.8583168626291453,0.3465561239326309
travel_cost_per_distance=3.250000e-05,297,False,False,0.25038187428238445,0.25038187428238445,0.1998888888888889,1.2461333791154112,0.20030549942590758,0.321524708140767,0.321524708140767,0.321524708140767,0.5251134026582215
travel_cost_per_distance=3.250000e-05,298,False,False,0.34288834639066407,0.34288834639066407,0.18955555555555556,1.1352262608834118,0.27431067711253126,0.2399519243440253,0.2399519243440253,0.2399519243440253,0.3841113834823245
travel_cost_per_distance=3.250000e-05,299,False,False,0.30362959615917146,0.30362959615917146,0.20977777777777776,1.3467868059301342,0.2429036769273372,0.1958273791547516,0.1958273791547516,0.1958273791547516,0.47931013380079324
mutation_sd=0.0500,200,False,False,0.36580894569766925,0.36580894569766925,0.1923611111111111,1.9471453699039247,0.43783143984471096,0.18290447284883463,0.18290447284883463,0.18290447284883463,0.5512834311058131
mutation_sd=0.0500,201,False,False,0.2704651382641417,0.2704651382641417,0.20963888888888887,2.1689128686378654,0.42266875767172835,0.13523256913207085,0.13523256913207085,0.13523256913207085,0.7874827701719272
mutation_sd=0.0500,202,False,False,0.5489269245603338,0.5489269245603338,0.21227777777777776,2.24751517887284,0.439141539648267,0.3396219893824407,0.3396219893824407,0.3396219893824407,0.3912541906530563
mutation_sd=0.0500,203,False,False,0.3007397785339348,0.3007397785339348,0.2259722222222222,2.2226355165960423,0.24059182282714783,0.16907695713289528,0.16907695713289528,0.16907695713289528,0.6496209331857542
mutation_sd=0.0500,204,True,False,2.0,1.0,0.22908333333333333,3.035873579394986,0.8566764624723641,0.9174098396822121,0.9174098396822121,0.9174098396822121,0.4774426239411372
mutation_sd=0.0500,205,False,False,0.257278100176222,0.257278100176222,0.21527777777777776,2.1983102810540287,0.36160067183008315,0.128639050088111,0.128639050088111,0.128639050088111,0.8078763745289419
mutation_sd=0.0500,206,False,False,0.2404272992713198,0.2404272992713198,0.2177222222222222,2.195298387803328,0.2897942496271623,0.1202136496356599,0.1202136496356599,0.1202136496356599,0.6449250982765702
mutation_sd=0.0500,207,False,False,0.32518588642592244,0.32518588642592244,0.2067222222222222,2.025747754291935,0.3099021753637343,0.16259294321296122,0.16259294321296122,0.16259294321296122,0.7726385974459217
mutation_sd=0.0500,208,False,False,0.23145964594053936,0.23145964594053936,0.2309166666666667,2.207429781041945,0.1851677167524315,0.11580948711026223,0.11580948711026223,0.11580948711026223,0.6870731783062111
mutation_sd=0.0500,209,False,False,0.31563690853373055,0.31563690853373055,0.18561111111111112,2.0051661251955264,0.667936448557739,0.15781845426686528,0.15781845426686528,0.15781845426686528,0.6984375633087752
mutation_sd=0.0500,210,False,False,0.4359274002748222,0.4359274002748222,0.17547222222222222,2.0179632096241678,0.8515216195253906,0.2179637001374111,0.2179637001374111,0.2179637001374111,0.4775897612427709
mutation_sd=0.0500,211,True,False,2.0,1.0,0.21441666666666667,2.77513225077327,0.8559063915074591,0.8497570937140694,0.8497570937140694,0.8497570937140694,0.2757814715937129
mutation_sd=0.0500,212,True,False,2.0,1.0,0.18391666666666667,2.257162721516949,0.8466774742533313,0.8417349287237562,0.8417349287237562,0.8417349287237562,0.6099148562420394
mutation_sd=0.0500,213,True,False,2.0,1.0,0.2213611111111111,2.957687242518816,0.9334376269797571,0.8372816493175977,0.8372816493175977,0.8372816493175977,0.6521558506566595
mutation_sd=0.0500,214,False,False,0.35520394531292027,0.35520394531292027,0.23075,2.298627582433517,0.2841631562503362,0.2457716645708359,0.2457716645708359,0.2457716645708359,0.660182085395531
mutation_sd=0.0500,215,True,False,2.0,1.0,0.20130555555555554,2.498308284543178,0.8662062248906945,0.607851641432788,0.607851641432788,0.607851641432788,0.281803004834895
mutation_sd=0.0500,216,False,False,0.3046121474886386,0.3046121474886386,0.19661111111111113,2.092326397194912,0.58392268420919,0.1523060737443193,0.1523060737443193,0.1523060737443193,0.8632099389265633
mutation_sd=0.0500,217,False,False,0.5566057289974161,0.5566057289974161,0.19974999999999998,2.1090347217782233,0.527619462959931,0.27830286449870806,0.27830286449870806,0.27830286449870806,0.7914048380121774
mutation_sd=0.0500,218,False,False,0.28009135201074215,0.28009135201074215,0.21511111111111111,2.160046059599714,0.31926122069385987,0.14004567600537107,0.14004567600537107,0.14004567600537107,0.6746753551909552
mutation_sd=0.0500,219,False,False,0.22979907373367212,0.22979907373367212,0.20016666666666666,2.004887143309422,0.36567230547890683,0.11489953686683606,0.11489953686683606,0.11489953686683606,0.5361073569100243
mutation_sd=0.0500,220,False,False,0.24826869840756569,0.24826869840756569,0.22027777777777777,2.0839093220589837,0.19861495872605256,0.26339549203767804,0.26339549203767804,0.26339549203767804,0.42724978673531044
mutation_sd=0.0500,221,True,False,2.0,1.0,0.21377777777777776,2.7820926910612145,0.8753209004146577,0.8269404654289034,0.8269404654289034,0.8269404654289034,0.6370740278684579
mutation_sd=0.0500,222,True,False,2.0,1.0,0.22291666666666668,2.9721785727713543,0.9098439459330112,0.8846758424189127,0.8846758424189127,0.8846758424189127,0.627921300510509
mutation_sd=0.0500,223,False,False,0.28629344146879776,0.28629344146879776,0.21497222222222223,2.06108707706564,0.2290347531750382,0.20428009648269543,0.20428009648269543,0.20428009648269543,0.6981320546000126
mutation_sd=0.0500,224,False,False,0.2891112327968402,0.2891112327968402,0.2103611111111111,2.0180468730917953,0.23128898623747216,0.21695997981307738,0.21695997981307738,0.21695997981307738,0.2662578484776818
mutation_sd=0.0500,225,False,False,0.2255716822385004,0.2255716822385004,0.22947222222222222,2.177081465641899,0.18045734579080033,0.2552944777545441,0.2552944777545441,0.2552944777545441,0.7872022575581746
mutation_sd=0.0500,226,False,False,0.4004383794300451,0.4004383794300451,0.21033333333333332,2.24133189522462,0.49825850426521995,0.20021918971502256,0.20021918971502256,0.20021918971502256,0.30888846794634695
mutation_sd=0.0500,227,False,False,0.27309338395357274,0.27309338395357274,0.23024999999999998,2.2662905795901893,0.21847470716285822,0.2627209898391581,0.2627209898391581,0.2627209898391581,0.8109962290246937
mutation_sd=0.0500,228,True,False,2.0,1.0,0.23330555555555554,3.1315441276008893,0.8907780581321266,0.9090114134057419,0.9090114134057419,0.9090114134057419,0.7810436508726271
mutation_sd=0.0500,229,False,False,0.32955523813647647,0.32955523813647647,0.20444444444444446,2.0891749817169942,0.41827789172364427,0.16477761906823823,0.16477761906823823,0.16477761906823823,0.4363566834093081
mutation_sd=0.0500,230,False,False,0.2051141851203849,0.2051141851203849,0.2175277777777778,2.0346021766541487,0.16409134809630793,0.26716336867767965,0.26716336867767965,0.26716336867767965,0.8518815989456742
mutation_sd=0.0500,231,False,False,0.27898005633030987,0.27898005633030987,0.21469444444444444,2.1233993257299244,0.29073688854542074,0.13949002816515493,0.13949002816515493,0.13949002816515493,0.3946117157305275
mutation_sd=0.0500,232,True,False,2.0,1.0,0.2161388888888889,2.8487242867523177,0.913371764201023,0.8651809199417533,0.8651809199417533,0.8651809199417533,0.8432799433597311
mutation_sd=0.0500,233,False,False,0.31642034517069106,0.31642034517069106,0.20394444444444443,1.9537201358265577,0.2531362761365529,0.20902280254485978,0.20902280254485978,0.20902280254485978,0.6590366958827972
mutation_sd=0.0500,234,True,False,2.0,1.0,0.22769444444444445,3.0250625051292066,0.8945429915115745,0.9066710735952366,0.9066710735952366,0.9066710735952366,0.8140421932353911
mutation_sd=0.0500,235,False,False,0.3300888557403704,0.3300888557403704,0.20650000000000002,2.0185516069616884,0.26407108459229633,0.19709604322046648,0.19709604322046648,0.19709604322046648,0.7245764738323092
mutation_sd=0.0500,236,True,False,2.0,1.0,0.23244444444444445,3.1510127041353457,0.9084238186263303,0.9080729295920023,0.9080729295920023,0.9080729295920023,0.5123547585797794
mutation_sd=0.0500,237,False,False,0.9366567477142115,0.9366567477142115,0.18244444444444446,2.2244282136054196,0.8566433649104183,0.46832837385710574,0.46832837385710574,0.46832837385710574,0.5390146259798391
mutation_sd=0.0500,238,False,False,0.29918135587046546,0.29918135587046546,0.194,2.0627681258709347,0.5392865454475537,0.14959067793523273,0.14959067793523273,0.14959067793523273,0.7313353746173449
mutation_sd=0.0500,239,False,False,0.2105823606326312,0.2105823606326312,0.1953611111111111,1.969898090517038,0.4282026740610221,0.1052911803163156,0.1052911803163156,0.1052911803163156,0.790905093252668
mutation_sd=0.0500,240,False,False,0.27073773788878464,0.27073773788878464,0.2228888888888889,2.1515844124283765,0.2248110246238123,0.13536886894439232,0.13536886894439232,0.13536886894439232,0.4015879714437016
mutation_sd=0.0500,241,True,False,2.0,1.0,0.21686111111111112,2.840642358067769,0.8968533119965302,0.8946342111959584,0.8946342111959584,0.8946342111959584,0.4717616394917671
mutation_sd=0.0500,242,False,False,0.30143498638261934,0.30143498638261934,0.2217222222222222,2.1698303787401154,0.2411479891060955,0.1712354855213625,0.1712354855213625,0.1712354855213625,0.379237646646253
mutation_sd=0.0500,243,True,False,2.0,1.0,0.20369444444444446,2.579230678138042,0.8659501549100085,0.7537822852017206,0.7537822852017206,0.7537822852017206,0.8299574448513225
mutation_sd=0.0500,244,True,False,2.0,1.0,0.20158333333333334,2.561356950197558,0.893189341456329,0.8576988592968917,0.8576988592968917,0.8576988592968917,0.851979420865145
mutation_sd=0.0500,245,False,False,0.34844668005739104,0.34844668005739104,0.22069444444444444,2.20345070901486,0.28614884188763595,0.17422334002869552,0.17422334002869552,0.17422334002869552,0.6108324323014952
mutation_sd=0.0500,246,False,False,0.1794686258504535,0.1794686258504535,0.20616666666666666,2.1239421647499994,0.43451929973143144,0.08973431292522675,0.08973431292522675,0.08973431292522675,0.8508425904595781
mutation_sd=0.0500,247,True,False,2.0,1.0,0.21913888888888888,2.8371561068214253,0.8679997238100656,0.8640850230885727,0.8640850230885727,0.8640850230885727,0.6953555004585182
mutation_sd=0.0500,248,True,False,2.0,1.0,0.20625,2.611245607698791,0.8510513497634999,0.8542996687515204,0.8542996687515204,0.8542996687515204,0.46874478719914986
mutation_sd=0.0500,249,True,False,2.0,1.0,0.21319444444444444,2.7800457184810323,0.8778433423453503,0.8742798230599694,0.8742798230599694,0.8742798230599694,0.8488022248713203
mutation_sd=0.0500,250,True,False,2.0,1.0,0.23172222222222225,3.1420337934084728,0.9189389358516148,0.8977514117178849,0.8977514117178849,0.8977514117178849,0.7111515301295458
mutation_sd=0.0500,251,True,False,2.0,1.0,0.2185,2.7994601467843414,0.8301105893573197,0.9025648042144176,0.9025648042144176,0.9025648042144176,0.713393047135616
mutation_sd=0.0500,252,False,False,0.7399492758522175,0.7399492758522175,0.16872222222222222,2.005057332187925,0.8906079189471258,0.36997463792610874,0.36997463792610874,0.36997463792610874,0.7109020130840402
mutation_sd=0.0500,253,False,False,0.3395655126549211,0.3395655126549211,0.22041666666666665,2.1683744835713927,0.27165241012393687,0.1899681372722928,0.1899681372722928,0.1899681372722928,0.5246090715949372
mutation_sd=0.0500,254,False,False,0.2156873822673027,0.2156873822673027,0.2115277777777778,2.1707246849616033,0.40005348923629697,0.10784369113365135,0.10784369113365135,0.10784369113365135,0.8429128165566774
mutation_sd=0.0500,255,True,False,2.0,1.0,0.21730555555555556,2.908571432699792,0.9234763065631061,0.8831043807393708,0.8831043807393708,0.8831043807393708,0.5750755511025911
mutation_sd=0.0500,256,False,False,0.5094246844962905,0.5094246844962905,0.20005555555555557,2.0145422882947615,0.4075397475970325,0.2973571288450351,0.2973571288450351,0.2973571288450351,0.4035327769764212
mutation_sd=0.0500,257,False,False,0.32345438629254103,0.32345438629254103,0.22344444444444445,2.2146887441375624,0.25876350903403283,0.2037467938665659,0.2037467938665659,0.2037467938665659,0.692682832812383
mutation_sd=0.0500,258,True,False,2.0,1.0,0.216,2.89048306483954,0.933972575389912,0.9404792388458247,0.9404792388458247,0.9404792388458247,0.8673130570357831
mutation_sd=0.0500,259,False,False,0.4411080545554382,0.4411080545554382,0.20730555555555555,2.122129109121641,0.4082115661641135,0.2205540272777191,0.2205540272777191,0.2205540272777191,0.740475888199081
mutation_sd=0.0500,260,False,False,0.20290275275214395,0.20290275275214395,0.22069444444444444,2.261419894339615,0.3353985157777343,0.10145137637607198,0.10145137637607198,0.10145137637607198,0.4952702688179774
mutation_sd=0.0500,261,True,False,2.0,1.0,0.23127777777777778,3.0618480216624056,0.88765626178915,0.9107956509011784,0.9107956509011784,0.9107956509011784,0.8766396425738872
mutation_sd=0.0500,262,True,False,2.0,1.0,0.20958333333333332,2.6966605682827134,0.8537957620248431,0.9000061570683701,0.9000061570683701,0.9000061570683701,0.7775260323026484
mutation_sd=0.0500,263,False,False,0.29811981607511484,0.29811981607511484,0.21194444444444444,2.0868876213907535,0.2840647106222473,0.14905990803755742,0.14905990803755742,0.14905990803755742,0.8003960340502051
mutation_sd=0.0500,264,False,False,0.204943109617623,0.204943109617623,0.22263888888888891,2.0755366373005173,0.1639544876940984,0.12509625795250034,0.12509625795250034,0.12509625795250034,0.7464049836145489
mutation_sd=0.0500,265,False,False,0.27517247573671005,0.27517247573671005,0.23202777777777778,2.286341384248101,0.22013798058936804,0.21209206287343813,0.21209206287343813,0.21209206287343813,0.5234176076407574
mutation_sd=0.0500,266,True,False,2.0,1.0,0.22161111111111112,2.888619564775591,0.8767258543703995,0.8487895403464812,0.8487895403464812,0.8487895403464812,0.8858969240358825
mutation_sd=0.0500,267,False,False,0.17876185545779386,0.17876185545779386,0.2106111111111111,2.0910516280940965,0.34200602978173844,0.08938092772889693,0.08938092772889693,0.08938092772889693,0.46551232455460684
mutation_sd=0.0500,268,True,False,2.0,1.0,0.24330555555555555,3.3334193140724797,0.9329380888853956,0.8984068300503191,0.8984068300503191,0.8984068300503191,0.8865380785918132
mutation_sd=0.0500,269,True,False,2.0,1.0,0.22747222222222221,3.0322369502260087,0.9095777652063891,0.9073166086874654,0.9073166086874654,0.9073166086874654,0.39846924664125644
mutation_sd=0.0500,270,False,False,0.3000382156266002,0.3000382156266002,0.17844444444444446,2.0596063012244685,0.8229538350494219,0.1500191078133001,0.1500191078133001,0.1500191078133001,0.8371107174023588
mutation_sd=0.0500,271,False,False,0.6682696998886729,0.6682696998886729,0.17691666666666667,2.125531405063364,0.866813005692409,0.33413484994433645,0.33413484994433645,0.33413484994433645,0.4893591078180573
mutation_sd=0.0500,272,False,False,0.1951790705866776,0.1951790705866776,0.22644444444444442,2.128305130708204,0.1561432564693421,0.17682851115748058,0.17682851115748058,0.17682851115748058,0.9096762726882409
mutation_sd=0.0500,273,False,False,0.35474539794509685,0.35474539794509685,0.19061111111111112,1.9329059921766367,0.5339184922843392,0.17737269897254843,0.17737269897254843,0.17737269897254843,0.40899792850704825
mutation_sd=0.0500,274,False,False,0.43734629219590926,0.43734629219590926,0.21097222222222223,2.1062923785652186,0.3498770337567274,0.23461185443410443,0.23461185443410443,0.23461185443410443,0.7494610594449665
mutation_sd=0.0500,275,True,False,2.0,1.0,0.21680555555555556,2.845451346259487,0.9030465472287237,0.8577167379678965,0.8577167379678965,0.8577167379678965,0.2876956537595623
mutation_sd=0.0500,276,False,False,0.27963060470868395,0.27963060470868395,0.22533333333333333,2.1800016562203774,0.22370448376694715,0.2895319866604773,0.2895319866604773,0.2895319866604773,0.73779519939921
mutation_sd=0.0500,277,False,False,0.3297283128215692,0.3297283128215692,0.21991666666666668,2.1769903862759628,0.2637826502572554,0.18840512750016905,0.18840512750016905,0.18840512750016905,0.7238817073710937
mutation_sd=0.0500,278,False,False,0.9587224420666618,0.9587224420666618,0.18652777777777776,2.1748186442029445,0.7669779536533294,0.521768314209953,0.521768314209953,0.521768314209953,0.5338973570723357
mutation_sd=0.0500,279,False,False,0.4893674505329368,0.4893674505329368,0.1951388888888889,2.097169444119974,0.5557949841582286,0.2446837252664684,0.2446837252664684,0.2446837252664684,0.5196305424148028
mutation_sd=0.0500,280,True,False,2.0,1.0,0.22405555555555556,2.9754390026788355,0.9141834012209944,0.9060097769350424,0.9060097769350424,0.9060097769350424,0.8728896539782001
mutation_sd=0.0500,281,False,False,0.13044501994087723,0.13044501994087723,0.2306111111111111,2.1267165068861016,0.10435601595270179,0.2277439918625347,0.2277439918625347,0.2277439918625347,0.5026248219182444
mutation_sd=0.0500,282,False,False,0.29463058026187244,0.29463058026187244,0.2110277777777778,2.014512161317268,0.23570446420949798,0.28678529493903987,0.28678529493903987,0.28678529493903987,0.5855769820155906
mutation_sd=0.0500,283,False,False,0.9936317760137442,0.9936317760137442,0.213,2.6345787518685326,0.7949054208109954,0.6776962544582077,0.6776962544582077,0.6776962544582077,0.8132866495305782
mutation_sd=0.0500,284,False,False,0.24618170181711044,0.24618170181711044,0.1845,2.0471669720956593,0.7129349039524029,0.12309085090855522,0.12309085090855522,0.12309085090855522,0.7326808076241689
mutation_sd=0.0500,285,False,False,0.39142513049868316,0.39142513049868316,0.19758333333333333,2.046127912151508,0.4631138059902719,0.19571256524934158,0.19571256524934158,0.19571256524934158,0.859279872748576
mutation_sd=0.0500,286,True,False,2.0,1.0,0.23141666666666666,3.066404647178415,0.8858410777532035,0.854570480117019,0.854570480117019,0.854570480117019,0.7149567400920273
mutation_sd=0.0500,287,False,False,0.46514510205999826,0.46514510205999826,0.1676388888888889,1.9359229415401984,0.8593619570292703,0.23257255102999913,0.23257255102999913,0.23257255102999913,0.7271128811210364
mutation_sd=0.0500,288,True,False,2.0,1.0,0.22330555555555556,2.9631578296376566,0.9079435619207197,0.9061486617331521,0.9061486617331521,0.9061486617331521,0.4649748958850927
mutation_sd=0.0500,289,False,False,0.4887761003362576,0.4887761003362576,0.19424999999999998,1.9620502037799785,0.3910208802690061,0.2777536471789673,0.2777536471789673,0.2777536471789673,0.5016809379847215
mutation_sd=0.0500,290,True,False,2.0,1.0,0.22469444444444445,2.906111997127733,0.8460746522479116,0.9065899922039103,0.9065899922039103,0.9065899922039103,0.7306142837222629
mutation_sd=0.0500,291,False,False,0.38379760968677024,0.38379760968677024,0.21391666666666667,2.1107260786478763,0.3070380877494162,0.2577455840252816,0.2577455840252816,0.2577455840252816,0.4364290333225507
mutation_sd=0.0500,292,False,False,0.22190399190946003,0.22190399190946003,0.22955555555555557,2.168571881728755,0.17752319352756804,0.2173299101237337,0.2173299101237337,0.2173299101237337,0.7842672698177321
mutation_sd=0.0500,293,True,False,2.0,1.0,0.22925,3.0601871378483336,0.8931029572174387,0.940351228203696,0.940351228203696,0.940351228203696,0.7615606276507807
mutation_sd=0.0500,294,False,False,0.6812385397469373,0.6812385397469373,0.21219444444444446,2.336704402813914,0.5449908317975498,0.3615390611556054,0.3615390611556054,0.3615390611556054,0.7766832403305457
mutation_sd=0.0500,295,True,False,2.0,1.0,0.22549999999999998,2.9076383793893514,0.8284422465859907,0.9279050321612109,0.9279050321612109,0.9279050321612109,0.7552358924433183
mutation_sd=0.0500,296,False,False,0.43798693756961254,0.43798693756961254,0.21155555555555555,2.1539361599696587,0.3653253774444453,0.21899346878480627,0.21899346878480627,0.21899346878480627,0.4975348444142263
mutation_sd=0.0500,297,True,False,2.0,1.0,0.22977777777777778,2.9574674616536547,0.810055324104305,0.8471477741184243,0.8471477741184243,0.8471477741184243,0.9459980754049688
mutation_sd=0.0500,298,True,False,2.0,1.0,0.21266666666666667,2.801875213024955,0.9024576844559957,0.8992243342201834,0.8992243342201834,0.8992243342201834,0.8433175159065087
mutation_sd=0.0500,299,True,False,2.0,1.0,0.22236111111111112,2.9093101248503834,0.8991299098539435,0.8553735803631805,0.8553735803631805,0.8553735803631805,0.5046416790842607
mutation_sd=0.0700,200,True,False,2.0,1.0,0.20447222222222222,2.5593520730148698,0.8193254046430399,0.8686336831938216,0.8686336831938216,0.8686336831938216,0.8486917950578898
mutation_sd=0.0700,201,True,False,2.0,1.0,0.21705555555555556,2.8166173845877136,0.8643378299906435,0.8779267877939083,0.8779267877939083,0.8779267877939083,0.6420138188670352
mutation_sd=0.0700,202,True,False,2.0,1.0,0.2096111111111111,2.7027830329276097,0.8800466390823891,0.8281005178347665,0.8281005178347665,0.8281005178347665,0.7818787547556607
mutation_sd=0.0700,203,True,False,2.0,1.0,0.2055,2.570170898659561,0.8115604840484358,0.851690393288172,0.851690393288172,0.851690393288172,0.550184004932922
mutation_sd=0.0700,204,True,False,2.0,1.0,0.19802777777777777,2.474688781049782,0.8473915682916426,0.8302322842842803,0.8302322842842803,0.8302322842842803,0.5103624943682206
mutation_sd=0.0700,205,True,False,2.0,1.0,0.20691666666666667,2.6461778177794146,0.8576939197240548,0.818300705900794,0.818300705900794,0.818300705900794,0.7469809167202485
mutation_sd=0.0700,206,True,False,2.0,1.0,0.22308333333333333,2.9530707515251438,0.8692654434391632,0.9245269428445695,0.9245269428445695,0.9245269428445695,0.5022787312129443
mutation_sd=0.0700,207,True,False,2.0,1.0,0.22583333333333336,3.0341214664242044,0.9210241509630782,0.8813195987130157,0.8813195987130157,0.8813195987130157,0.4945080042186775
mutation_sd=0.0700,208,True,False,2.0,1.0,0.22041666666666665,2.8800729059242016,0.8816496524039491,0.8526072148261966,0.8526072148261966,0.8526072148261966,0.5179630646746882
mutation_sd=0.0700,209,True,False,2.0,1.0,0.21527777777777776,2.694483808145597,0.8101546624871537,0.8922876989736657,0.8922876989736657,0.8922876989736657,0.4876981938943202
mutation_sd=0.0700,210,True,False,2.0,1.0,0.21658333333333332,2.7485712098548425,0.8132489085458363,0.891059826867163,0.891059826867163,0.891059826867163,0.6803604138243095
mutation_sd=0.0700,211,True,False,2.0,1.0,0.19641666666666666,2.4932922370355235,0.8792645218406493,0.8181519566922651,0.8181519566922651,0.8181519566922651,0.30410442497912277
mutation_sd=0.0700,212,True,False,2.0,1.0,0.20508333333333334,2.6729668918968637,0.9254935719916921,0.8362778649889412,0.8362778649889412,0.8362778649889412,0.6005935730120643
mutation_sd=0.0700,213,True,False,2.0,1.0,0.21133333333333332,2.6995332594386174,0.8432343254927237,0.8292564776313848,0.8292564776313848,0.8292564776313848,0.686205133097442
mutation_sd=0.0700,214,True,False,2.0,1.0,0.2178888888888889,2.7687503837055947,0.8267058268093703,0.892491561686448,0.892491561686448,0.892491561686448,0.5387585662564242
mutation_sd=0.0700,215,True,False,2.0,1.0,0.20205555555555554,2.5896840031811545,0.8686751376585158,0.8723398642153537,0.8723398642153537,0.8723398642153537,0.7710273109027498
mutation_sd=0.0700,216,True,False,2.0,1.0,0.21,2.6983291175266646,0.8694410178144661,0.8715576524617056,0.8715576524617056,0.8715576524617056,0.891385451110276
mutation_sd=0.0700,217,True,False,2.0,1.0,0.21247222222222223,2.789122220259158,0.9123113227373831,0.843263630875146,0.843263630875146,0.843263630875146,0.5605418361866045
mutation_sd=0.0700,218,True,False,2.0,1.0,0.21438888888888888,2.8336733454313103,0.9056681270565765,0.8851220981614616,0.8851220981614616,0.8851220981614616,0.31144362171139084
mutation_sd=0.0700,219,True,False,2.0,1.0,0.2036111111111111,2.5651095221748372,0.8269046786474844,0.8657285154538922,0.8657285154538922,0.8657285154538922,0.5676998352109576
mutation_sd=0.0700,220,True,False,2.0,1.0,0.21858333333333332,2.8339637877267356,0.8903508037014581,0.7974436156511008,0.7974436156511008,0.7974436156511008,0.7815255154943581
mutation_sd=0.0700,221,True,False,2.0,1.0,0.21336111111111108,2.818645290973528,0.8896139018493304,0.8451946131066694,0.8451946131066694,0.8451946131066694,0.7933473009883728
mutation_sd=0.0700,222,True,False,2.0,1.0,0.19116666666666668,2.3971851319036914,0.8646760878482884,0.8380202051691883,0.8380202051691883,0.8380202051691883,0.6346846898672893
mutation_sd=0.0700,223,True,False,2.0,1.0,0.19766666666666666,2.4469606537647235,0.8286754086296213,0.7255451004826982,0.7255451004826982,0.7255451004826982,0.44669087166627064
mutation_sd=0.0700,224,True,False,2.0,1.0,0.20908333333333334,2.6841929856972926,0.8907238119388692,0.789386701641138,0.789386701641138,0.789386701641138,0.4108866171715909
mutation_sd=0.0700,225,False,False,0.2653746067782974,0.2653746067782974,0.2041388888888889,1.9303786400326908,0.21229968542263794,0.24066035297122973,0.24066035297122973,0.24066035297122973,0.4570231036202153
mutation_sd=0.0700,226,True,False,2.0,1.0,0.20563888888888887,2.646890193995646,0.8963869691859198,0.8596726934900929,0.8596726934900929,0.8596726934900929,0.4879408759636647
mutation_sd=0.0700,227,True,False,2.0,1.0,0.21666666666666667,2.833631936224706,0.9001649916653297,0.8212457704452943,0.8212457704452943,0.8212457704452943,0.24476784264999102
mutation_sd=0.0700,228,True,False,2.0,1.0,0.19944444444444445,2.4854085841815303,0.8464463569391852,0.716246388612943,0.716246388612943,0.716246388612943,0.4900628488983896
mutation_sd=0.0700,229,True,False,2.0,1.0,0.1995,2.5270883176997163,0.8437806884359481,0.8359865337374999,0.8359865337374999,0.8359865337374999,0.6192278122331218
mutation_sd=0.0700,230,True,False,2.0,1.0,0.19972222222222225,2.559874261220267,0.8578683125480994,0.8527423447145979,0.8527423447145979,0.8527423447145979,0.5901747727266945
mutation_sd=0.0700,231,True,False,2.0,1.0,0.2116111111111111,2.784574786493787,0.9158943777115909,0.8700257893850274,0.8700257893850274,0.8700257893850274,0.5900491298850129
mutation_sd=0.0700,232,True,False,2.0,1.0,0.2181111111111111,2.873866948287696,0.8916649989122937,0.9113448094481976,0.9113448094481976,0.9113448094481976,0.5666820072718232
mutation_sd=0.0700,233,True,False,2.0,1.0,0.2066111111111111,2.640031751239244,0.8780827985305931,0.882762672451734,0.882762672451734,0.882762672451734,0.7277146369999649
mutation_sd=0.0700,234,True,False,2.0,1.0,0.21675000000000003,2.820497088958821,0.874457905358952,0.8586271845195425,0.8586271845195425,0.8586271845195425,0.749517823360205
mutation_sd=0.0700,235,True,False,2.0,1.0,0.20994444444444443,2.7254698963304107,0.866799842238795,0.8748923761250593,0.8748923761250593,0.8748923761250593,0.6000740779564662
mutation_sd=0.0700,236,True,False,2.0,1.0,0.19724999999999998,2.472270856327634,0.8808266408093612,0.8339212370727093,0.8339212370727093,0.8339212370727093,0.7276629487699116
mutation_sd=0.0700,237,True,False,2.0,1.0,0.23255555555555554,3.0583048828484443,0.8466537635833183,0.9081149037243796,0.9081149037243796,0.9081149037243796,0.7907848258845572
mutation_sd=0.0700,238,True,False,2.0,1.0,0.21080555555555555,2.750803768470802,0.8888987988346355,0.8444299857199042,0.8444299857199042,0.8444299857199042,0.5274894792322854
mutation_sd=0.0700,239,False,False,0.37804801745648053,0.37804801745648053,0.19791666666666666,1.9276401988822898,0.30243841396518445,0.4020268193422121,0.4020268193422121,0.4020268193422121,0.6871081092928715
mutation_sd=0.0700,240,True,False,2.0,1.0,0.21227777777777776,2.770888012498416,0.9147159863966773,0.8269029055209205,0.8269029055209205,0.8269029055209205,0.7943055909417879
mutation_sd=0.0700,241,True,False,2.0,1.0,0.21441666666666667,2.781266432962319,0.8945531477436603,0.8165352632457608,0.8165352632457608,0.8165352632457608,0.7729133410163065
mutation_sd=0.0700,242,True,False,2.0,1.0,0.20722222222222222,2.6116702442426076,0.8351333980610219,0.8111898939345603,0.8111898939345603,0.8111898939345603,0.33974129955248766
mutation_sd=0.0700,243,True,False,2.0,1.0,0.20725000000000002,2.6956531948752707,0.882683853098762,0.9035423165435615,0.9035423165435615,0.9035423165435615,0.8708508729318
mutation_sd=0.0700,244,True,False,2.0,1.0,0.21508333333333332,2.8173899467210672,0.9109958021977518,0.8543223301876003,0.8543223301876003,0.8543223301876003,0.5806620376635999
mutation_sd=0.0700,245,True,False,2.0,1.0,0.21522222222222223,2.784063490602294,0.8723978944974172,0.859503713852699,0.859503713852699,0.859503713852699,0.27903804514207675
mutation_sd=0.0700,246,True,False,2.0,1.0,0.20955555555555558,2.7280374057769374,0.8797372648565108,0.8742342715865916,0.8742342715865916,0.8742342715865916,0.24314555402876395
mutation_sd=0.0700,247,True,False,2.0,1.0,0.20461111111111113,2.5961754754118833,0.824160480350327,0.8319598422151383,0.8319598422151383,0.8319598422151383,0.555265767334537
mutation_sd=0.0700,248,True,False,2.0,1.0,0.22219444444444444,2.9602745650196876,0.9196537586300284,0.8720259769482689,0.8720259769482689,0.8720259769482689,0.7199007878615155
mutation_sd=0.0700,249,True,False,2.0,1.0,0.21130555555555555,2.76799999798619,0.8961241172532368,0.9039093017001215,0.9039093017001215,0.9039093017001215,0.7442637327242729
mutation_sd=0.0700,250,False,False,0.781795104995802,0.781795104995802,0.20097222222222222,2.2647922458445753,0.6254360839966416,0.49011261512201965,0.49011261512201965,0.49011261512201965,0.5616358534784673
mutation_sd=0.0700,251,True,False,2.0,1.0,0.22325,2.9955965710801484,0.9214584815401741,0.8617722980960241,0.8617722980960241,0.8617722980960241,0.8652224481137901
mutation_sd=0.0700,252,True,False,2.0,1.0,0.2136111111111111,2.729701914939729,0.8477793425984611,0.7967474919182836,0.7967474919182836,0.7967474919182836,0.6286362203246616
mutation_sd=0.0700,253,True,False,2.0,1.0,0.2162222222222222,2.8572158278000908,0.9092730506078243,0.8868827354037897,0.8868827354037897,0.8868827354037897,0.5859329000430912
mutation_sd=0.0700,254,False,False,0.39471001625756,0.39471001625756,0.19344444444444445,1.9384930771680293,0.4200423081046738,0.19735500812878,0.19735500812878,0.19735500812878,0.6508661999322563
mutation_sd=0.0700,255,True,False,2.0,1.0,0.20547222222222222,2.653983024434191,0.919072166743221,0.8602448000818017,0.8602448000818017,0.8602448000818017,0.749766724244785
mutation_sd=0.0700,256,True,False,2.0,1.0,0.21016666666666667,2.652758339389776,0.8139669074490943,0.8714914191460167,0.8714914191460167,0.8714914191460167,0.622212166156606
mutation_sd=0.0700,257,True,False,2.0,1.0,0.17988888888888888,2.3057485200638745,0.8965242729230362,0.8872311927826689,0.8872311927826689,0.8872311927826689,0.29055136104454243
mutation_sd=0.0700,258,True,False,2.0,1.0,0.22236111111111112,2.931278552965179,0.9097491614490976,0.8399081308248262,0.8399081308248262,0.8399081308248262,0.6784164264772694
mutation_sd=0.0700,259,True,False,2.0,1.0,0.2073611111111111,2.626717426113621,0.8524562699101262,0.8237686673877979,0.8237686673877979,0.8237686673877979,0.5443331599789933
mutation_sd=0.0700,260,True,False,2.0,1.0,0.21561111111111111,2.8446000418519533,0.8972630018175819,0.8329049973310705,0.8329049973310705,0.8329049973310705,0.4082102508323524
mutation_sd=0.0700,261,False,False,0.9509249779273113,0.9509249779273113,0.2175,2.719726905528172,0.7607399823418491,0.7660401131735411,0.7660401131735411,0.7660401131735411,0.6213286980053716
mutation_sd=0.0700,262,True,False,2.0,1.0,0.20716666666666667,2.6526038894780277,0.8799497006428522,0.8699117446457864,0.8699117446457864,0.8699117446457864,0.7536974039461577
mutation_sd=0.0700,263,True,False,2.0,1.0,0.21466666666666667,2.8454422209338137,0.9233865138024291,0.8266556391290651,0.8266556391290651,0.8266556391290651,0.6632706506328919
mutation_sd=0.0700,264,False,False,0.424336169525005,0.424336169525005,0.18633333333333332,1.8171361284957517,0.339468935620004,0.2844155822684173,0.2844155822684173,0.2844155822684173,0.6635672956438068
mutation_sd=0.0700,265,True,False,2.0,1.0,0.2155277777777778,2.897766866081254,0.9139350548492674,0.8770471316916976,0.8770471316916976,0.8770471316916976,0.5831430575860119
mutation_sd=0.0700,266,True,False,2.0,1.0,0.2121111111111111,2.744992782905783,0.8384069712517832,0.8981207701135568,0.8981207701135568,0.8981207701135568,0.5383142683163933
mutation_sd=0.0700,267,True,False,2.0,1.0,0.21269444444444444,2.7078632291583404,0.848615066235771,0.8891061383902942,0.8891061383902942,0.8891061383902942,0.5890090961872742
mutation_sd=0.0700,268,True,False,2.0,1.0,0.20516666666666666,2.5976243546349584,0.8663100650506269,0.7639425137117103,0.7639425137117103,0.7639425137117103,0.4139753691346776
mutation_sd=0.0700,269,True,False,2.0,1.0,0.20352777777777778,2.597046254018751,0.8584835473360074,0.8314818066162288,0.8314818066162288,0.8314818066162288,0.3864484204439332
mutation_sd=0.0700,270,True,False,2.0,1.0,0.21280555555555555,2.7207455161360845,0.8725308979800581,0.8327261540907009,0.8327261540907009,0.8327261540907009,0.829089451547024
mutation_sd=0.0700,271,True,False,2.0,1.0,0.19925,2.5317492530675656,0.9025165160659697,0.7774416937515954,0.7774416937515954,0.7774416937515954,0.6314706168772141
mutation_sd=0.0700,272,True,False,2.0,1.0,0.2140277777777778,2.8095621314910733,0.8987884580976337,0.838485635619315,0.838485635619315,0.838485635619315,0.8051546934663787
mutation_sd=0.0700,273,True,False,2.0,1.0,0.19869444444444445,2.59052276407545,0.9004694141858496,0.8566657678545425,0.8566657678545425,0.8566657678545425,0.37331157203365667
mutation_sd=0.0700,274,True,False,2.0,1.0,0.20597222222222225,2.6029235077723416,0.8433198060295145,0.8263219738878439,0.8263219738878439,0.8263219738878439,0.8807144868663375
mutation_sd=0.0700,275,False,False,0.2684658314007347,0.2684658314007347,0.2138888888888889,2.0333462611162827,0.21477266512058776,0.34171606898891194,0.34171606898891194,0.34171606898891194,0.2925253819454434
mutation_sd=0.0700,276,True,False,2.0,1.0,0.2245,2.9844377582722226,0.9054345803752281,0.9147487085641451,0.9147487085641451,0.9147487085641451,0.5807731445199257
mutation_sd=0.0700,277,True,False,2.0,1.0,0.2228611111111111,2.9464216180354086,0.9022381816222257,0.8580648446926974,0.8580648446926974,0.8580648446926974,0.8097963094272447
mutation_sd=0.0700,278,True,False,2.0,1.0,0.2259722222222222,2.973883918569363,0.877312794059396,0.9147558133450208,0.9147558133450208,0.9147558133450208,0.5667760427702001
mutation_sd=0.0700,279,True,False,2.0,1.0,0.21536111111111111,2.825462732912134,0.9031049669230157,0.9024845085032459,0.9024845085032459,0.9024845085032459,0.6890882757946953
mutation_sd=0.0700,280,False,False,0.3076698633825756,0.3076698633825756,0.20958333333333332,2.173642324342873,0.3953832596445464,0.1538349316912878,0.1538349316912878,0.1538349316912878,0.5150524198468684
mutation_sd=0.0700,281,True,False,2.0,1.0,0.20627777777777778,2.622997934078079,0.8702452292565739,0.8892387985983894,0.8892387985983894,0.8892387985983894,0.4234323609267908
mutation_sd=0.0700,282,False,False,0.9838188901021901,0.9838188901021901,0.21594444444444444,2.735425492263379,0.7870551120817522,0.8374101890181567,0.8374101890181567,0.8374101890181567,0.7092548964719808
mutation_sd=0.0700,283,True,False,2.0,1.0,0.20091666666666666,2.589805884446222,0.8805014949995039,0.8848316999403898,0.8848316999403898,0.8848316999403898,0.39921910940677824
mutation_sd=0.0700,284,False,False,0.4953236338780873,0.4953236338780873,0.2091388888888889,2.140557665120816,0.39625890710246986,0.27621161488333623,0.27621161488333623,0.27621161488333623,0.741028989051358
mutation_sd=0.0700,285,True,False,2.0,1.0,0.20727777777777778,2.6398432261470144,0.8503577176644247,0.8733910765345829,0.8733910765345829,0.8733910765345829,0.4772498055599827
mutation_sd=0.0700,286,True,False,2.0,1.0,0.2058611111111111,2.634494159159998,0.8708813938159068,0.7111462380504653,0.7111462380504653,0.7111462380504653,0.6306523848728847
mutation_sd=0.0700,287,False,False,0.33271277787430453,0.33271277787430453,0.19819444444444445,1.904147401304674,0.26617022229944365,0.20776244837490707,0.20776244837490707,0.20776244837490707,0.5876472518727264
mutation_sd=0.0700,288,False,False,0.27399672919266516,0.27399672919266516,0.2041111111111111,1.9403735771188773,0.21919738335413214,0.19543359283564984,0.19543359283564984,0.19543359283564984,0.5652211527192215
mutation_sd=0.0700,289,True,False,2.0,1.0,0.21183333333333335,2.7659158187196247,0.9066851330857619,0.8610141261421621,0.8610141261421621,0.8610141261421621,0.5047575223708081
mutation_sd=0.0700,290,True,False,2.0,1.0,0.2101388888888889,2.7416010288386534,0.8907729653411214,0.8503638800455461,0.8503638800455461,0.8503638800455461,0.7839685873726798
mutation_sd=0.0700,291,True,False,2.0,1.0,0.21669444444444444,2.7655742859928027,0.8194914070541012,0.8927244587061546,0.8927244587061546,0.8927244587061546,0.7956282753032965
mutation_sd=0.0700,292,True,False,2.0,1.0,0.21641666666666665,2.829797716623589,0.8815306148979041,0.9195078821058588,0.9195078821058588,0.9195078821058588,0.6823896515280267
mutation_sd=0.0700,293,True,False,2.0,1.0,0.2217222222222222,2.95451853393997,0.8993501660324047,0.8970990418194477,0.8970990418194477,0.8970990418194477,0.7257307797565289
mutation_sd=0.0700,294,False,False,0.29643306218349447,0.29643306218349447,0.20455555555555555,2.1388228196130803,0.4353475420097355,0.14821653109174723,0.14821653109174723,0.14821653109174723,0.6339138478702828
mutation_sd=0.0700,295,True,False,2.0,1.0,0.21225,2.77678185785586,0.912624745737437,0.8535356098442636,0.8535356098442636,0.8535356098442636,0.41297663148572245
mutation_sd=0.0700,296,True,False,2.0,1.0,0.21805555555555556,2.8638844427679673,0.8924348202128154,0.8988634166660845,0.8988634166660845,0.8988634166660845,0.31184176575066874
mutation_sd=0.0700,297,True,False,2.0,1.0,0.21369444444444446,2.7992663614909135,0.8939033942357726,0.8361522874476937,0.8361522874476937,0.8361522874476937,0.547598586305254
mutation_sd=0.0700,298,True,False,2.0,1.0,0.21425,2.799696375705951,0.8675364326593248,0.866170218411218,0.866170218411218,0.866170218411218,0.519888252516325
mutation_sd=0.0700,299,True,False,2.0,1.0,0.21405555555555555,2.839530697086532,0.9144282260074363,0.8522651171333899,0.8522651171333899,0.8522651171333899,0.7447927991558767
mutation_sd=0.0800,200,True,False,2.0,1.0,0.20227777777777778,2.5633819373664917,0.8535333610845698,0.877064465744771,0.877064465744771,0.877064465744771,0.8098704638614643
mutation_sd=0.0800,201,True,False,2.0,1.0,0.21927777777777777,2.873099079236129,0.8853122814400696,0.8663138150228952,0.8663138150228952,0.8663138150228952,0.6039706099601513
mutation_sd=0.0800,202,False,False,0.39161889753194945,0.39161889753194945,0.1931388888888889,1.9501768977525304,0.37995222963151815,0.19580944876597473,0.19580944876597473,0.19580944876597473,0.4846159428501977
mutation_sd=0.0800,203,True,False,2.0,1.0,0.22297222222222224,2.9345788175542187,0.8885446098442343,0.9025858366240483,0.9025858366240483,0.9025858366240483,0.3934217273062587
mutation_sd=0.0800,204,False,False,0.5582996273604376,0.5582996273604376,0.21391666666666667,2.2503538048147123,0.44663970188835006,0.3816321989302414,0.3816321989302414,0.3816321989302414,0.38371274286051354
mutation_sd=0.0800,205,True,False,2.0,1.0,0.21058333333333332,2.7071763933719035,0.8480388648812127,0.8806742290773489,0.8806742290773489,0.8806742290773489,0.6290579512161193
mutation_sd=0.0800,206,True,False,2.0,1.0,0.1938611111111111,2.3758429364743776,0.8400335754957474,0.7610877239912461,0.7610877239912461,0.7610877239912461,0.8287259300520499
mutation_sd=0.0800,207,True,False,2.0,1.0,0.2003611111111111,2.608617154850864,0.8998425820328403,0.7932296152917858,0.7932296152917858,0.7932296152917858,0.437704604258329
mutation_sd=0.0800,208,True,False,2.0,1.0,0.20647222222222222,2.6343814591577734,0.8379908466626843,0.8286527549479764,0.8286527549479764,0.8286527549479764,0.42366314367483004
mutation_sd=0.0800,209,True,False,2.0,1.0,0.20872222222222223,2.7153116935910337,0.9127485425039803,0.8266431396884472,0.8266431396884472,0.8266431396884472,0.664404314756521
mutation_sd=0.0800,210,False,False,0.9964763562477327,0.9964763562477327,0.20547222222222222,2.568110532196523,0.7971810849981862,0.8173392644427734,0.8173392644427734,0.8173392644427734,0.6593225102916025
mutation_sd=0.0800,211,False,False,0.42555516849468017,0.42555516849468017,0.19361111111111112,1.8749376363835588,0.34044413479574415,0.22477265551536477,0.22477265551536477,0.22477265551536477,0.7904560598744308
mutation_sd=0.0800,212,True,False,2.0,1.0,0.20422222222222222,2.580947437081394,0.8385528250327642,0.8236675756659981,0.8236675756659981,0.8236675756659981,0.8072970443181162
mutation_sd=0.0800,213,True,False,2.0,1.0,0.2121111111111111,2.6908897790420836,0.8376943604437267,0.8421212811865051,0.8421212811865051,0.8421212811865051,0.7099664819530489
mutation_sd=0.0800,214,True,False,2.0,1.0,0.2013888888888889,2.5945896206494665,0.9082949758192534,0.8229458787697153,0.8229458787697153,0.8229458787697153,0.6532342071131346
mutation_sd=0.0800,215,True,False,2.0,1.0,0.22105555555555556,2.896107183740576,0.8488605901614312,0.8967621943253434,0.8967621943253434,0.8967621943253434,0.5111432383208435
mutation_sd=0.0800,216,True,False,2.0,1.0,0.20708333333333334,2.6429171618938074,0.8362771024061451,0.8296420799083734,0.8296420799083734,0.8296420799083734,0.8084426886679806
mutation_sd=0.0800,217,True,False,2.0,1.0,0.21630555555555556,2.7913636598780114,0.8654796879661226,0.8558780791197537,0.8558780791197537,0.8558780791197537,0.6695654950241131
mutation_sd=0.0800,218,True,False,2.0,1.0,0.19519444444444442,2.482019937051603,0.8710212579448029,0.8152250572551691,0.8152250572551691,0.8152250572551691,0.6537263550886893
mutation_sd=0.0800,219,True,False,2.0,1.0,0.21611111111111111,2.8735821487420172,0.9197059740380636,0.8592561883813319,0.8592561883813319,0.8592561883813319,0.6327830892832912
mutation_sd=0.0800,220,True,False,2.0,1.0,0.21605555555555556,2.863168636376514,0.9055528178929734,0.8760921523266618,0.8760921523266618,0.8760921523266618,0.5657984119852166
mutation_sd=0.0800,221,True,False,2.0,1.0,0.2028611111111111,2.576190231589032,0.8611503270636749,0.8840005162761915,0.8840005162761915,0.8840005162761915,0.7159416005166666
mutation_sd=0.0800,222,True,False,2.0,1.0,0.19655555555555554,2.421106788203284,0.8146633835632081,0.7641837341373044,0.7641837341373044,0.7641837341373044,0.42165829784918074
mutation_sd=0.0800,223,True,False,2.0,1.0,0.21294444444444446,2.6859172988875377,0.8294962198461636,0.880971375417529,0.880971375417529,0.880971375417529,0.4060990303510941
mutation_sd=0.0800,224,True,False,2.0,1.0,0.2011111111111111,2.50776357315953,0.8363877301883645,0.8104215906340981,0.8104215906340981,0.8104215906340981,0.5427793568835267
mutation_sd=0.0800,225,True,False,2.0,1.0,0.21183333333333335,2.752838151879209,0.8813141852806774,0.9043761254311428,0.9043761254311428,0.9043761254311428,0.43141771140780766
mutation_sd=0.0800,226,True,False,2.0,1.0,0.21777777777777776,2.83502262208338,0.8821613994193301,0.896478373835454,0.896478373835454,0.896478373835454,0.6590952027178981
mutation_sd=0.0800,227,True,False,2.0,1.0,0.19580555555555554,2.513481810301266,0.8754269715690656,0.8463351570318303,0.8463351570318303,0.8463351570318303,0.5426294737541202
mutation_sd=0.0800,228,True,False,2.0,1.0,0.21627777777777776,2.8397973232901994,0.8984814828147307,0.8551233688700831,0.8551233688700831,0.8551233688700831,0.7951571708627975
mutation_sd=0.0800,229,True,False,2.0,1.0,0.22411111111111112,2.9357136164866873,0.8559413896281198,0.8822277678052273,0.8822277678052273,0.8822277678052273,0.8247741781375547
mutation_sd=0.0800,230,True,False,2.0,1.0,0.2061111111111111,2.6741985664156216,0.901978533569887,0.8192676229246777,0.8192676229246777,0.8192676229246777,0.5486681651167125
mutation_sd=0.0800,231,True,False,2.0,1.0,0.21202777777777776,2.7408667184924,0.8720550775266845,0.8075377947264377,0.8075377947264377,0.8075377947264377,0.4343206715314794
mutation_sd=0.0800,232,True,False,2.0,1.0,0.2071111111111111,2.6526895322228135,0.8645631124138295,0.8525643143091203,0.8525643143091203,0.8525643143091203,0.7798082080603144
mutation_sd=0.0800,233,False,False,0.9785501129470492,0.9785501129470492,0.19452777777777777,2.3685911487909457,0.7828400903576394,0.8365713651673541,0.8365713651673541,0.8365713651673541,0.2654960373255764
mutation_sd=0.0800,234,True,False,2.0,1.0,0.20522222222222222,2.5789227750151125,0.8252378499691648,0.7952010290040262,0.7952010290040262,0.7952010290040262,0.3806676692791712
mutation_sd=0.0800,235,True,False,2.0,1.0,0.20447222222222222,2.6062015099899822,0.8750680870793579,0.8542666976707679,0.8542666976707679,0.8542666976707679,0.6515943871359772
mutation_sd=0.0800,236,True,False,2.0,1.0,0.2181111111111111,2.8540230514790084,0.8864527925533646,0.8863999395827908,0.8863999395827908,0.8863999395827908,0.47002266550652233
mutation_sd=0.0800,237,False,False,0.4250773146037644,0.4250773146037644,0.19822222222222222,1.9751188292626827,0.34006185168301156,0.22891165270154504,0.22891165270154504,0.22891165270154504,0.4516849464737453
mutation_sd=0.0800,238,True,False,2.0,1.0,0.20172222222222222,2.5499113171852392,0.8553193848006209,0.8591608958852528,0.8591608958852528,0.8591608958852528,0.43069843560096366
mutation_sd=0.0800,239,True,False,2.0,1.0,0.19377777777777777,2.371957174083471,0.8454300659555294,0.8364477560689623,0.8364477560689623,0.8364477560689623,0.6745136175726594
mutation_sd=0.0800,240,True,False,2.0,1.0,0.20747222222222222,2.714530270987058,0.8958435542845534,0.9012747913849805,0.9012747913849805,0.9012747913849805,0.4016912799818912
mutation_sd=0.0800,241,True,False,2.0,1.0,0.20947222222222223,2.6724729861737107,0.8529128555466176,0.8642013496984656,0.8642013496984656,0.8642013496984656,0.3596382209526284
mutation_sd=0.0800,242,True,False,2.0,1.0,0.20669444444444446,2.7298864725098406,0.8760281308300228,0.9066116786773406,0.9066116786773406,0.9066116786773406,0.57539454606104
mutation_sd=0.0800,243,True,False,2.0,1.0,0.19586111111111112,2.4060242456747676,0.801411945245515,0.849115924240825,0.849115924240825,0.849115924240825,0.3571444896064833
mutation_sd=0.0800,244,True,False,2.0,1.0,0.21533333333333332,2.743393331117062,0.8252660773674894,0.7886731488164833,0.7886731488164833,0.7886731488164833,0.38598565762726905
mutation_sd=0.0800,245,True,False,2.0,1.0,0.19997222222222222,2.528097618725522,0.8675299419958473,0.8456607864625257,0.8456607864625257,0.8456607864625257,0.4953021743367641
mutation_sd=0.0800,246,True,False,2.0,1.0,0.19230555555555556,2.4160102811032944,0.847409084684563,0.8391974765782576,0.8391974765782576,0.8391974765782576,0.7641038366214404
mutation_sd=0.0800,247,True,False,2.0,1.0,0.20905555555555555,2.726363402320079,0.8972398999999797,0.7836411178293461,0.7836411178293461,0.7836411178293461,0.4924887315340655
mutation_sd=0.0800,248,False,False,0.7876379909795275,0.7876379909795275,0.19911111111111113,2.2521448822445023,0.630110392783622,0.4672062845263517,0.4672062845263517,0.4672062845263517,0.6766287900742528
mutation_sd=0.0800,249,True,False,2.0,1.0,0.20461111111111113,2.5635883490163134,0.8175187473417742,0.8070536949155154,0.8070536949155154,0.8070536949155154,0.6792791665431583
mutation_sd=0.0800,250,True,False,2.0,1.0,0.21936111111111112,2.888400615113282,0.8690463698426615,0.8883909113144413,0.8883909113144413,0.8883909113144413,0.2111793801834774
mutation_sd=0.0800,251,True,False,2.0,1.0,0.20425000000000001,2.5719221972940707,0.836206734142615,0.8763861898750173,0.8763861898750173,0.8763861898750173,0.7448381797014784
mutation_sd=0.0800,252,True,False,2.0,1.0,0.21363888888888888,2.7530415437905975,0.8671831424208521,0.8398881088129696,0.8398881088129696,0.8398881088129696,0.5634859145791451
mutation_sd=0.0800,253,True,False,2.0,1.0,0.19208333333333333,2.42002179001967,0.8740885677405531,0.7764712000247402,0.7764712000247402,0.7764712000247402,0.5355286932117187
mutation_sd=0.0800,254,True,False,2.0,1.0,0.2083611111111111,2.6962853023729503,0.8789663843121062,0.8286506113829353,0.8286506113829353,0.8286506113829353,0.37709394019754133
mutation_sd=0.0800,255,True,False,2.0,1.0,0.19744444444444442,2.487562774728727,0.866921259497434,0.8220563633162994,0.8220563633162994,0.8220563633162994,0.6885792484157359
mutation_sd=0.0800,256,True,False,2.0,1.0,0.1985833333333333,2.5107101949146147,0.8528157580748977,0.8017773203429807,0.8017773203429807,0.8017773203429807,0.4342601118331106
mutation_sd=0.0800,257,True,False,2.0,1.0,0.20177777777777778,2.614047256917853,0.8820141954733092,0.8472477579583113,0.8472477579583113,0.8472477579583113,0.5441865672260634
mutation_sd=0.0800,258,False,False,0.9888410608495533,0.9888410608495533,0.19594444444444442,2.4208757921961563,0.7910728486796427,0.7991839025868319,0.7991839025868319,0.7991839025868319,0.5644784271259395
mutation_sd=0.0800,259,True,False,2.0,1.0,0.20319444444444443,2.5945605532460845,0.8642091716835447,0.8389961148363959,0.8389961148363959,0.8389961148363959,0.5140023161066778
mutation_sd=0.0800,260,True,False,2.0,1.0,0.20933333333333334,2.620703894078478,0.8161424540025158,0.6406663516756758,0.6406663516756758,0.6406663516756758,0.6808973514930468
mutation_sd=0.0800,261,False,False,0.41528629724546984,0.41528629724546984,0.20400000000000001,2.0130678246883473,0.33512614890068826,0.20764314862273492,0.20764314862273492,0.20764314862273492,0.5812559428849204
mutation_sd=0.0800,262,True,False,2.0,1.0,0.20800000000000002,2.719060837000027,0.8589393473687744,0.8352317058867218,0.8352317058867218,0.8352317058867218,0.846288627076172
mutation_sd=0.0800,263,True,False,2.0,1.0,0.2123888888888889,2.771920096276984,0.8718108381599873,0.8769436724065902,0.8769436724065902,0.8769436724065902,0.7265872317068857
mutation_sd=0.0800,264,True,False,2.0,1.0,0.2148611111111111,2.7638294546014897,0.8400749869844081,0.870294151109919,0.870294151109919,0.870294151109919,0.4982361157168961
mutation_sd=0.0800,265,False,False,0.8916978305570351,0.8916978305570351,0.1788611111111111,2.0127044291279432,0.7133582644456281,0.5755688652172538,0.5755688652172538,0.5755688652172538,0.4950829866524872
mutation_sd=0.0800,266,False,False,0.3939536343902854,0.3939536343902854,0.2026388888888889,1.9861641110692576,0.31516290751222836,0.2154232721413051,0.2154232721413051,0.2154232721413051,0.5537597488570579
mutation_sd=0.0800,267,True,False,2.0,1.0,0.2088611111111111,2.6331421105260477,0.8345181398752486,0.8465160767086192,0.8465160767086192,0.8465160767086192,0.33528080283596057
mutation_sd=0.0800,268,False,False,0.43128945764068505,0.43128945764068505,0.18269444444444444,1.9156109463038122,0.5559982819231778,0.21564472882034252,0.21564472882034252,0.21564472882034252,0.606182079386471
mutation_sd=0.0800,269,True,False,2.0,1.0,0.21580555555555556,2.771441367892569,0.8553652221830892,0.8525742940768566,0.8525742940768566,0.8525742940768566,0.8068366492500395
mutation_sd=0.0800,270,True,False,2.0,1.0,0.20172222222222222,2.4922887016802036,0.8345582309879801,0.828928454010424,0.828928454010424,0.828928454010424,0.7658047314363343
mutation_sd=0.0800,271,True,False,2.0,1.0,0.20230555555555557,2.6260726522580056,0.8527880976348761,0.8672854360757486,0.8672854360757486,0.8672854360757486,0.7644673653417747
mutation_sd=0.0800,272,True,False,2.0,1.0,0.2126111111111111,2.729426222282402,0.8415570311368508,0.8115335105243086,0.8115335105243086,0.8115335105243086,0.7531400028021314
mutation_sd=0.0800,273,False,False,0.5369821028443413,0.5369821028443413,0.18388888888888888,1.8755038930757073,0.5173856634489427,0.26849105142217067,0.26849105142217067,0.26849105142217067,0.7667022492588829
mutation_sd=0.0800,274,True,False,2.0,1.0,0.22005555555555556,2.882558163752386,0.8685214189673991,0.8494600528341277,0.8494600528341277,0.8494600528341277,0.4578359123495613
mutation_sd=0.0800,275,False,False,0.9622430123601884,0.9622430123601884,0.20941666666666667,2.6022820205865305,0.7697944098881507,0.7293449039657195,0.7293449039657195,0.7293449039657195,0.4635086821213613
mutation_sd=0.0800,276,True,False,2.0,1.0,0.21308333333333335,2.7577637927258065,0.8709117883192438,0.8468999657470492,0.8468999657470492,0.8468999657470492,0.45570125937450123
mutation_sd=0.0800,277,True,False,2.0,1.0,0.20866666666666667,2.6359562392976987,0.8449781424580601,0.8713752228998917,0.8713752228998917,0.8713752228998917,0.40541369115668224
mutation_sd=0.0800,278,True,False,2.0,1.0,0.20852777777777778,2.612952247529087,0.8395624266405637,0.8805795136205105,0.8805795136205105,0.8805795136205105,0.6437154768422885
mutation_sd=0.0800,279,True,False,2.0,1.0,0.20516666666666666,2.6455230883732423,0.8453383711311055,0.9131486675431539,0.9131486675431539,0.9131486675431539,0.7445884161248935
mutation_sd=0.0800,280,True,False,2.0,1.0,0.21108333333333332,2.700085535689325,0.8313819104005602,0.8705216764331546,0.8705216764331546,0.8705216764331546,0.660751429716859
mutation_sd=0.0800,281,True,False,2.0,1.0,0.21175,2.7366789462128835,0.8642868262433153,0.9015479613656006,0.9015479613656006,0.9015479613656006,0.48661963524529883
mutation_sd=0.0800,282,True,False,2.0,1.0,0.20872222222222223,2.639763331606519,0.837242768832019,0.8449603647483216,0.8449603647483216,0.8449603647483216,0.4917775509906876
mutation_sd=0.0800,283,False,False,0.3559822858027717,0.3559822858027717,0.18469444444444444,1.9904578510930695,0.6537361208269176,0.17799114290138585,0.17799114290138585,0.17799114290138585,0.6910545727214334
mutation_sd=0.0800,284,True,False,2.0,1.0,0.22652777777777777,2.945397458050604,0.8522731346809275,0.8468277656108945,0.8468277656108945,0.8468277656108945,0.3199446408217418
mutation_sd=0.0800,285,True,False,2.0,1.0,0.20355555555555555,2.5814234467177157,0.8817516041017388,0.824355434415963,0.824355434415963,0.824355434415963,0.6062309073570531
mutation_sd=0.0800,286,True,False,2.0,1.0,0.2085,2.6795765802900986,0.8715455543409331,0.7851025664690283,0.7851025664690283,0.7851025664690283,0.7860173459233211
mutation_sd=0.0800,287,True,False,2.0,1.0,0.217,2.9341856134183337,0.9297247870043709,0.8894175115426737,0.8894175115426737,0.8894175115426737,0.6207572113143353
mutation_sd=0.0800,288,True,False,2.0,1.0,0.20641666666666666,2.659332204172363,0.8993705543983993,0.9210361779551632,0.9210361779551632,0.9210361779551632,0.7852551722126927
mutation_sd=0.0800,289,True,False,2.0,1.0,0.20227777777777778,2.584112485022592,0.8659325297453778,0.8062149550938583,0.8062149550938583,0.8062149550938583,0.5655907077857665
mutation_sd=0.0800,290,True,False,2.0,1.0,0.21794444444444444,2.830144011803893,0.8631406197725139,0.8557489316616047,0.8557489316616047,0.8557489316616047,0.7527299404166387
mutation_sd=0.0800,291,True,False,2.0,1.0,0.19169444444444445,2.3554905286806562,0.823639751926621,0.7895346450607622,0.7895346450607622,0.7895346450607622,0.46681060465116303
mutation_sd=0.0800,292,True,False,2.0,1.0,0.22280555555555556,2.9812648691007997,0.8853146552913524,0.8958397317879713,0.8958397317879713,0.8958397317879713,0.6924213424378147
mutation_sd=0.0800,293,True,False,2.0,1.0,0.20102777777777778,2.5320856410064803,0.8644524806686188,0.8845131710938531,0.8845131710938531,0.8845131710938531,0.7244742458612461
mutation_sd=0.0800,294,True,False,2.0,1.0,0.20755555555555555,2.6801447439101196,0.8737163960145065,0.8543228942012502,0.8543228942012502,0.8543228942012502,0.753906316148235
mutation_sd=0.0800,295,True,False,2.0,1.0,0.20080555555555557,2.6003194371536993,0.9174214320477841,0.8364891773140676,0.8364891773140676,0.8364891773140676,0.8265997773964869
mutation_sd=0.0800,296,True,False,2.0,1.0,0.18925,2.415033475738406,0.8758527790084256,0.7699177078322941,0.7699177078322941,0.7699177078322941,0.648633031883609
mutation_sd=0.0800,297,True,False,2.0,1.0,0.20791666666666667,2.682127633117672,0.8530876907631312,0.8248452923076278,0.8248452923076278,0.8248452923076278,0.606463809793148
mutation_sd=0.0800,298,False,False,0.6886031715632022,0.6886031715632022,0.19591666666666668,2.106866278822804,0.5508825372505618,0.4802439890175963,0.4802439890175963,0.4802439890175963,0.527035272092769
mutation_sd=0.0800,299,True,False,2.0,1.0,0.2055833333333333,2.6051138646819307,0.8617815550940741,0.8155009762021874,0.8155009762021874,0.8155009762021874,0.6037769927098608
mutation_sd=0.1200,200,True,False,2.0,1.0,0.18386111111111111,2.2690809717423503,0.8157276716994194,0.847289052314108,0.847289052314108,0.847289052314108,0.42938671684938085
mutation_sd=0.1200,201,True,False,2.0,1.0,0.19475,2.4651724098328502,0.8447247961726412,0.7546611452281543,0.7546611452281543,0.7546611452281543,0.3367265448974379
mutation_sd=0.1200,202,False,False,0.9957603443582005,0.9957603443582005,0.18936111111111112,2.3279164259754657,0.7966082754865604,0.6895379265787823,0.6895379265787823,0.6895379265787823,0.5803814465900953
mutation_sd=0.1200,203,False,False,0.9556338579299647,0.9556338579299647,0.17780555555555555,2.070960300771495,0.7645070863439718,0.7237377010893967,0.7237377010893967,0.7237377010893967,0.4499493276930317
mutation_sd=0.1200,204,True,False,2.0,1.0,0.1981111111111111,2.5130554764982924,0.8279308487434326,0.8647203258231996,0.8647203258231996,0.8647203258231996,0.3973459031244133
mutation_sd=0.1200,205,True,False,2.0,1.0,0.1818888888888889,2.2483080362652332,0.8703794828122455,0.7705743777327536,0.7705743777327536,0.7705743777327536,0.48826380648503936
mutation_sd=0.1200,206,True,False,2.0,1.0,0.20283333333333334,2.5301054167800388,0.8237710926148177,0.8192168481306104,0.8192168481306104,0.8192168481306104,0.5503002562641678
mutation_sd=0.1200,207,True,False,2.0,1.0,0.20722222222222222,2.6507715578007565,0.8450278403198562,0.8054712832100996,0.8054712832100996,0.8054712832100996,0.7698455432937765
mutation_sd=0.1200,208,True,False,2.0,1.0,0.183,2.2211683942571026,0.8115062567571482,0.7759022751015575,0.7759022751015575,0.7759022751015575,0.7264418039962421
mutation_sd=0.1200,209,False,False,0.9155748103991569,0.9155748103991569,0.17627777777777778,2.0809028603595476,0.7324598483193255,0.6912134291635613,0.6912134291635613,0.6912134291635613,0.6308634799617668
mutation_sd=0.1200,210,True,False,2.0,1.0,0.18855555555555553,2.3654558292689574,0.8527406928889432,0.7569534754533181,0.7569534754533181,0.7569534754533181,0.5798704723214146
mutation_sd=0.1200,211,True,False,2.0,1.0,0.19205555555555556,2.380561493342337,0.8364398132309194,0.8574638888730247,0.8574638888730247,0.8574638888730247,0.6891726274062132
mutation_sd=0.1200,212,True,False,2.0,1.0,0.20647222222222222,2.6003313877043785,0.8307559859049486,0.8149519438683462,0.8149519438683462,0.8149519438683462,0.6932833438124496
mutation_sd=0.1200,213,True,False,2.0,1.0,0.18394444444444444,2.2304363183671354,0.8128836368980407,0.8546133839578788,0.8546133839578788,0.8546133839578788,0.7875206944212497
mutation_sd=0.1200,214,True,False,2.0,1.0,0.18097222222222223,2.2887473741778424,0.865429493005896,0.7913100981189383,0.7913100981189383,0.7913100981189383,0.665742776286423
mutation_sd=0.1200,215,False,False,0.9681578914116025,0.9681578914116025,0.19530555555555557,2.394554368916587,0.774526313129282,0.768652872371409,0.768652872371409,0.768652872371409,0.5327739841788829
mutation_sd=0.1200,216,True,False,2.0,1.0,0.2116111111111111,2.766551622082432,0.8918351527110795,0.8485710317246339,0.8485710317246339,0.8485710317246339,0.5893582717172693
mutation_sd=0.1200,217,False,False,0.9646584779598524,0.9646584779598524,0.18341666666666667,2.1504707798562923,0.771726782367882,0.6644860477003606,0.6644860477003606,0.6644860477003606,0.5850262541600212
mutation_sd=0.1200,218,True,False,2.0,1.0,0.1807777777777778,2.1989283547206595,0.815817100384902,0.8076216282734705,0.8076216282734705,0.8076216282734705,0.4969484427839054
mutation_sd=0.1200,219,True,False,2.0,1.0,0.19558333333333333,2.4735782897318215,0.8418668550075951,0.7878231591385478,0.7878231591385478,0.7878231591385478,0.5835712717635637
mutation_sd=0.1200,220,True,False,2.0,1.0,0.19175,2.39462847495099,0.8401399955436439,0.7695313075950697,0.7695313075950697,0.7695313075950697,0.48990322425594796
mutation_sd=0.1200,221,True,False,2.0,1.0,0.18341666666666667,2.21593671279368,0.8056763032809307,0.7596339977101362,0.7596339977101362,0.7596339977101362,0.4188997768721668
mutation_sd=0.1200,222,True,False,2.0,1.0,0.19325,2.414674329069242,0.8617083974976479,0.7643095764691732,0.7643095764691732,0.7643095764691732,0.4594320238325797
mutation_sd=0.1200,223,True,False,2.0,1.0,0.18627777777777776,2.3271278038862557,0.8605643234192685,0.7749965087171815,0.7749965087171815,0.7749965087171815,0.3900016547768951
mutation_sd=0.1200,224,True,False,2.0,1.0,0.18547222222222223,2.313055805104663,0.8344699330254708,0.9002584711005688,0.9002584711005688,0.9002584711005688,0.7949498222672937
mutation_sd=0.1200,225,True,False,2.0,1.0,0.19722222222222224,2.487735310180873,0.842139035995942,0.8964980459219689,0.8964980459219689,0.8964980459219689,0.6194347727894022
mutation_sd=0.1200,226,True,False,2.0,1.0,0.19727777777777777,2.44302096301366,0.8247845166806386,0.7796300531240888,0.7796300531240888,0.7796300531240888,0.616620649608946
mutation_sd=0.1200,227,True,False,2.0,1.0,0.19063888888888889,2.3674150972374632,0.8197959664742966,0.8344874769704229,0.8344874769704229,0.8344874769704229,0.6551465967036342
mutation_sd=0.1200,228,True,False,2.0,1.0,0.19275,2.3929954994150218,0.8090551781287022,0.7752149506606881,0.7752149506606881,0.7752149506606881,0.694412895928517
mutation_sd=0.1200,229,True,False,2.0,1.0,0.1876111111111111,2.3629680185799984,0.8544201971267381,0.8477113898559405,0.8477113898559405,0.8477113898559405,0.7609402365109992
mutation_sd=0.1200,230,True,False,2.0,1.0,0.18366666666666667,2.217002847728166,0.8162815634272259,0.7448026316993196,0.7448026316993196,0.7448026316993196,0.46968555259500533
mutation_sd=0.1200,231,True,False,2.0,1.0,0.18066666666666667,2.211095012408254,0.8327837492657804,0.8542974330483253,0.8542974330483253,0.8542974330483253,0.3487861339719984
mutation_sd=0.1200,232,True,False,2.0,1.0,0.19752777777777777,2.4983837336693537,0.8311804467744343,0.8285858448039142,0.8285858448039142,0.8285858448039142,0.4094191260331353
mutation_sd=0.1200,233,True,False,2.0,1.0,0.18566666666666667,2.2453852687687283,0.8074586434521067,0.7429249125208497,0.7429249125208497,0.7429249125208497,0.6349801981360093
mutation_sd=0.1200,234,True,False,2.0,1.0,0.2014166666666667,2.57911658016439,0.863027732523782,0.8283202354572526,0.8283202354572526,0.8283202354572526,0.6803800610788159
mutation_sd=0.1200,235,True,False,2.0,1.0,0.19836111111111113,2.4834475152308935,0.8223514046575252,0.8689927534919833,0.8689927534919833,0.8689927534919833,0.5374530200770258
mutation_sd=0.1200,236,True,False,2.0,1.0,0.18316666666666667,2.2243804481542124,0.8203360271484306,0.8663364275130039,0.8663364275130039,0.8663364275130039,0.4653206003092231
mutation_sd=0.1200,237,True,False,2.0,1.0,0.18769444444444444,2.3326372671973763,0.832989364611761,0.8212700056115959,0.8212700056115959,0.8212700056115959,0.6579994607885945
mutation_sd=0.1200,238,True,False,2.0,1.0,0.1951388888888889,2.441783863905074,0.8355698619106463,0.76856916334775,0.76856916334775,0.76856916334775,0.5041774777604546
mutation_sd=0.1200,239,True,False,2.0,1.0,0.18963888888888888,2.3267604192164995,0.8249079056208164,0.8060162970561504,0.8060162970561504,0.8060162970561504,0.8392880308777448
mutation_sd=0.1200,240,True,False,2.0,1.0,0.20455555555555555,2.5975614971289347,0.8433158376157198,0.7265007358609846,0.7265007358609846,0.7265007358609846,0.5740219555242698
mutation_sd=0.1200,241,True,False,2.0,1.0,0.18558333333333332,2.2960637794457317,0.8319624611538998,0.7159827784943977,0.7159827784943977,0.7159827784943977,0.642721953331533
mutation_sd=0.1200,242,True,False,2.0,1.0,0.18605555555555556,2.271132625911813,0.8062858026336409,0.8063011705560509,0.8063011705560509,0.8063011705560509,0.5003373032093399
mutation_sd=0.1200,243,True,False,2.0,1.0,0.18941666666666668,2.357336347623181,0.8239079103171654,0.8155940988188151,0.8155940988188151,0.8155940988188151,0.7485159566113432
mutation_sd=0.1200,244,True,False,2.0,1.0,0.18872222222222224,2.330319402061826,0.8619491586837751,0.7845878093692619,0.7845878093692619,0.7845878093692619,0.5836527305306424
mutation_sd=0.1200,245,False,False,0.9903288040202436,0.9903288040202436,0.18783333333333332,2.2646492789701225,0.7922630432161949,0.8337293425964233,0.8337293425964233,0.8337293425964233,0.7558705591762164
mutation_sd=0.1200,246,False,False,0.9933680263660586,0.9933680263660586,0.19822222222222222,2.437049808335451,0.7946944210928469,0.7973815432481443,0.7973815432481443,0.7973815432481443,0.5894916241669252
mutation_sd=0.1200,247,False,False,0.9616534883572162,0.9616534883572162,0.19355555555555556,2.3324009795380656,0.769322790685773,0.7845760626646159,0.7845760626646159,0.7845760626646159,0.8200252917690823
mutation_sd=0.1200,248,True,False,2.0,1.0,0.19005555555555556,2.3601248758900093,0.8169543171001934,0.8064480349719253,0.8064480349719253,0.8064480349719253,0.6999569849384226
mutation_sd=0.1200,249,True,False,2.0,1.0,0.1833888888888889,2.308934139019051,0.8851283124948546,0.7313462539170008,0.7313462539170008,0.7313462539170008,0.4468510105923308
mutation_sd=0.1200,250,True,False,2.0,1.0,0.20116666666666666,2.4906483955923884,0.8155143666785928,0.6809002048068845,0.6809002048068845,0.6809002048068845,0.37721913065011087
mutation_sd=0.1200,251,False,False,0.9911255958796716,0.9911255958796716,0.19158333333333333,2.351132227009094,0.7929004767037373,0.8176944538932523,0.8176944538932523,0.8176944538932523,0.5766758086059146
mutation_sd=0.1200,252,True,False,2.0,1.0,0.19530555555555557,2.4387616424741183,0.8585346119166531,0.8378980831845578,0.8378980831845578,0.8378980831845578,0.6201785555984475
mutation_sd=0.1200,253,True,False,2.0,1.0,0.1938888888888889,2.465519154544673,0.8560821197122113,0.7756278335922799,0.7756278335922799,0.7756278335922799,0.6822731833328273
mutation_sd=0.1200,254,True,False,2.0,1.0,0.1961388888888889,2.545325529665512,0.8983411061667911,0.8306573557634924,0.8306573557634924,0.8306573557634924,0.7125855469821268
mutation_sd=0.1200,255,False,False,0.9959804321132538,0.9959804321132538,0.18736111111111112,2.2904006460403963,0.7967843456906031,0.8352397201116227,0.8352397201116227,0.8352397201116227,0.5268534350994573
mutation_sd=0.1200,256,True,False,2.0,1.0,0.1866388888888889,2.2998516932031263,0.8136632141627372,0.8062744796610818,0.8062744796610818,0.8062744796610818,0.3571834899878485
mutation_sd=0.1200,257,True,False,2.0,1.0,0.191,2.397702046184378,0.812679686032423,0.8139829111407801,0.8139829111407801,0.8139829111407801,0.5245921961891469
mutation_sd=0.1200,258,True,False,2.0,1.0,0.19033333333333333,2.3344389003655825,0.8379012139036802,0.787853929881192,0.787853929881192,0.787853929881192,0.45715730658269005
mutation_sd=0.1200,259,True,False,2.0,1.0,0.1983888888888889,2.468563079237562,0.8313706753367188,0.8186910384634699,0.8186910384634699,0.8186910384634699,0.5530720499279606
mutation_sd=0.1200,260,True,False,2.0,1.0,0.18841666666666665,2.379434206479552,0.851374361776477,0.8422059535720673,0.8422059535720673,0.8422059535720673,0.48197743817429467
mutation_sd=0.1200,261,True,False,2.0,1.0,0.18811111111111112,2.3023373223732935,0.8184198588087686,0.8053042531099184,0.8053042531099184,0.8053042531099184,0.5838021891326722
mutation_sd=0.1200,262,True,False,2.0,1.0,0.18138888888888888,2.137459393154998,0.8180425275281621,0.5878385133545567,0.5878385133545567,0.5878385133545567,0.4440871581276701
mutation_sd=0.1200,263,True,False,2.0,1.0,0.18938888888888888,2.3872391527237653,0.8235900986560598,0.8336849052511742,0.8336849052511742,0.8336849052511742,0.45109169365446083
mutation_sd=0.1200,264,False,False,0.9847545358047173,0.9847545358047173,0.18430555555555556,2.2736897962900326,0.7878036286437738,0.8235486324844635,0.8235486324844635,0.8235486324844635,0.6477259167920716
mutation_sd=0.1200,265,True,False,2.0,1.0,0.18969444444444444,2.3792440136009065,0.8181799164758314,0.8209537455361036,0.8209537455361036,0.8209537455361036,0.5615455662374219
mutation_sd=0.1200,266,True,False,2.0,1.0,0.1931388888888889,2.437120306034797,0.8293785470520612,0.8417757210889298,0.8417757210889298,0.8417757210889298,0.4035339149288874
mutation_sd=0.1200,267,True,False,2.0,1.0,0.17205555555555557,2.0739709661177974,0.8302123307899855,0.631111316047744,0.631111316047744,0.631111316047744,0.7576115772314588
mutation_sd=0.1200,268,True,False,2.0,1.0,0.1941388888888889,2.468335323454836,0.8735680906830835,0.8266971836037624,0.8266971836037624,0.8266971836037624,0.5281344274735083
mutation_sd=0.1200,269,True,False,2.0,1.0,0.19408333333333333,2.441160220377045,0.8578124717831769,0.8017690047082328,0.8017690047082328,0.8017690047082328,0.6676887631837956
mutation_sd=0.1200,270,True,False,2.0,1.0,0.20030555555555554,2.577302977420962,0.8533686232341978,0.8227231679617552,0.8227231679617552,0.8227231679617552,0.53543601427641
mutation_sd=0.1200,271,True,False,2.0,1.0,0.18661111111111112,2.28819720027166,0.8459462214123096,0.8717876882740455,0.8717876882740455,0.8717876882740455,0.5883884070331942
mutation_sd=0.1200,272,False,False,0.9930944827697658,0.9930944827697658,0.19144444444444444,2.2980102821571946,0.7944755862158126,0.7850239559775724,0.7850239559775724,0.7850239559775724,0.592680535801379
mutation_sd=0.1200,273,True,False,2.0,1.0,0.20238888888888887,2.625536862313862,0.8660159843822584,0.8594038603828099,0.8594038603828099,0.8594038603828099,0.7265626363831622
mutation_sd=0.1200,274,True,False,2.0,1.0,0.2073611111111111,2.6194338977828266,0.8234500005410282,0.8697352301452855,0.8697352301452855,0.8697352301452855,0.5089675300692487
mutation_sd=0.1200,275,True,False,2.0,1.0,0.19305555555555556,2.3556561405364036,0.8397290276917195,0.8462033968930405,0.8462033968930405,0.8462033968930405,0.5586556854411061
mutation_sd=0.1200,276,True,False,2.0,1.0,0.19652777777777777,2.4470513911199094,0.8374266699376703,0.796887624513117,0.796887624513117,0.796887624513117,0.615497563231951
mutation_sd=0.1200,277,True,False,2.0,1.0,0.20461111111111113,2.5757499654404628,0.8279399588613383,0.7134566313116733,0.7134566313116733,0.7134566313116733,0.3868441233779497
mutation_sd=0.1200,278,True,False,2.0,1.0,0.18994444444444444,2.392535191953483,0.88297229441272,0.7487510846448422,0.7487510846448422,0.7487510846448422,0.4651289894995099
mutation_sd=0.1200,279,True,False,2.0,1.0,0.19116666666666668,2.3974915477115877,0.8970469927297814,0.8438954520526073,0.8438954520526073,0.8438954520526073,0.5848508738613443
mutation_sd=0.1200,280,True,False,2.0,1.0,0.1845277777777778,2.248918636421509,0.8219573738086178,0.8059807130684444,0.8059807130684444,0.8059807130684444,0.5307713765718924
mutation_sd=0.1200,281,True,False,2.0,1.0,0.18416666666666667,2.228231205363719,0.8298053429202248,0.7992604241559536,0.7992604241559536,0.7992604241559536,0.6013661788025363
mutation_sd=0.1200,282,True,False,2.0,1.0,0.19641666666666666,2.5001092902907556,0.8714676944487105,0.835288685349531,0.835288685349531,0.835288685349531,0.782287665963788
mutation_sd=0.1200,283,True,False,2.0,1.0,0.20172222222222222,2.536770295328084,0.8190462559321653,0.8255742899246257,0.8255742899246257,0.8255742899246257,0.475964332158183
mutation_sd=0.1200,284,True,False,2.0,1.0,0.17369444444444446,2.0947424643539887,0.8368955306234719,0.8069050736308896,0.8069050736308896,0.8069050736308896,0.6669973222555299
mutation_sd=0.1200,285,True,False,2.0,1.0,0.18408333333333332,2.29943996480713,0.8384501651225263,0.830409432413865,0.830409432413865,0.830409432413865,0.6145656535873537
mutation_sd=0.1200,286,True,False,2.0,1.0,0.20205555555555554,2.5230249289201896,0.8174648571765195,0.8292732127402799,0.8292732127402799,0.8292732127402799,0.5358860412134623
mutation_sd=0.1200,287,True,False,2.0,1.0,0.17205555555555557,2.102653541424482,0.8689060653113874,0.8805378673274891,0.8805378673274891,0.8805378673274891,0.32665743557736343
mutation_sd=0.1200,288,True,False,2.0,1.0,0.19572222222222224,2.501162492000084,0.8426240855691322,0.8740375221910386,0.8740375221910386,0.8740375221910386,0.5570547718907701
mutation_sd=0.1200,289,True,False,2.0,1.0,0.19377777777777777,2.3939624017250805,0.8573445452752152,0.7357451294260863,0.7357451294260863,0.7357451294260863,0.6098786209178721
mutation_sd=0.1200,290,False,False,0.977854240450777,0.977854240450777,0.17738888888888887,2.1154063668565297,0.7822833923606216,0.6901008564177626,0.6901008564177626,0.6901008564177626,0.3931263996420691
mutation_sd=0.1200,291,True,False,2.0,1.0,0.19824999999999998,2.4803515955219733,0.8126144302754015,0.7730132658631554,0.7730132658631554,0.7730132658631554,0.37292926237909035
mutation_sd=0.1200,292,True,False,2.0,1.0,0.19380555555555556,2.3708128363787213,0.8204209837831574,0.7352023126242707,0.7352023126242707,0.7352023126242707,0.7283333653929901
mutation_sd=0.1200,293,True,False,2.0,1.0,0.20419444444444446,2.6062959887572656,0.8247451930182751,0.8747160870207797,0.8747160870207797,0.8747160870207797,0.6502012646919547
mutation_sd=0.1200,294,True,False,2.0,1.0,0.18097222222222223,2.233166549073521,0.8334577643296281,0.8819954925398044,0.8819954925398044,0.8819954925398044,0.44427656115571784
mutation_sd=0.1200,295,True,False,2.0,1.0,0.19169444444444445,2.3810721601954214,0.8398974120047187,0.8136549918367206,0.8136549918367206,0.8136549918367206,0.3076535311877267
mutation_sd=0.1200,296,False,False,0.9867655144056273,0.9867655144056273,0.1981388888888889,2.4133704468580772,0.7894124115245019,0.7637219850386324,0.7637219850386324,0.7637219850386324,0.498052290254889
mutation_sd=0.1200,297,True,False,2.0,1.0,0.18936111111111112,2.327080393504132,0.8599414801860938,0.7018642619861629,0.7018642619861629,0.7018642619861629,0.46774822207683625
mutation_sd=0.1200,298,True,False,2.0,1.0,0.20236111111111113,2.6291908569265687,0.8688140494996769,0.8585587936470166,0.8585587936470166,0.8585587936470166,0.3984529578857913
mutation_sd=0.1200,299,True,False,2.0,1.0,0.1907222222222222,2.368683748823689,0.8518692956499694,0.7575159379305713,0.7575159379305713,0.7575159379305713,0.6194886601200289
transposition_mutation_correlation=0.5000,200,True,False,2.0,1.0,0.20116666666666666,2.5654013292705056,0.8682449668938641,0.8357428946333337,0.8635925946976142,0.8357428946333337,0.70806251904567
transposition_mutation_correlation=0.5000,201,True,False,2.0,1.0,0.18619444444444444,2.246749832385256,0.8009052184788958,0.7939997320384454,0.7828052338532706,0.7828052338532706,0.26610718634043456
transposition_mutation_correlation=0.5000,202,True,False,2.0,1.0,0.17733333333333334,2.1801557638623548,0.8644971778298787,0.7005445773032608,0.7356213002920503,0.7005445773032608,0.6325814266511929
transposition_mutation_correlation=0.5000,203,True,False,2.0,1.0,0.20805555555555555,2.5883247511371232,0.819027534330753,0.8449045501521886,0.8466971649752152,0.8449045501521886,0.38733476921645954
transposition_mutation_correlation=0.5000,204,False,False,0.6460244173634577,0.6460244173634577,0.18297222222222223,1.8634889101163217,0.5168195338907662,0.34756497895169064,0.33798710782040564,0.33798710782040564,0.7535461554647119
transposition_mutation_correlation=0.5000,205,True,False,2.0,1.0,0.20005555555555557,2.565752860899147,0.8776872047229529,0.8019378143884541,0.766397404215743,0.766397404215743,0.5021317470839712
transposition_mutation_correlation=0.5000,206,True,False,2.0,1.0,0.18858333333333333,2.3167657530168797,0.8308235809663992,0.7885594166615515,0.786656126313752,0.786656126313752,0.6932522761384826
transposition_mutation_correlation=0.5000,207,True,False,2.0,1.0,0.18725,2.31787830859299,0.8353383740708991,0.8236179367158665,0.8705272498142376,0.8236179367158665,0.4308939322394363
transposition_mutation_correlation=0.5000,208,True,False,2.0,1.0,0.19769444444444445,2.489152428686012,0.8703933599039861,0.8157890199414958,0.8200763215620096,0.8157890199414958,0.4260502703111739
transposition_mutation_correlation=0.5000,209,True,False,2.0,1.0,0.1845,2.2744095497680665,0.8554863231455333,0.8717278655512372,0.8125426446192388,0.8125426446192388,0.4773578314453682
transposition_mutation_correlation=0.5000,210,True,False,2.0,1.0,0.18544444444444444,2.3205806116204992,0.8776246267871987,0.7596836233832733,0.8019293927544381,0.7596836233832733,0.5471538145940057
transposition_mutation_correlation=0.5000,211,True,False,2.0,1.0,0.1874722222222222,2.360249898916981,0.8879269741296076,0.8531687359103014,0.8495044912559104,0.8495044912559104,0.3538769454810833
transposition_mutation_correlation=0.5000,212,True,False,2.0,1.0,0.19527777777777777,2.474317062962771,0.891091037178654,0.8105121927008356,0.8132008504027672,0.8105121927008356,0.6047744438100539
transposition_mutation_correlation=0.5000,213,True,False,2.0,1.0,0.19974999999999998,2.612178178718034,0.9006792117099738,0.8613450859980963,0.866658888815077,0.8613450859980963,0.44876179797500004
transposition_mutation_correlation=0.5000,214,True,False,2.0,1.0,0.19066666666666665,2.3797118650022706,0.8154605234221978,0.862954942051487,0.842898529406911,0.842898529406911,0.5727291677994051
transposition_mutation_correlation=0.5000,215,True,False,2.0,1.0,0.2148611111111111,2.7646168915565883,0.8584714840754675,0.8383429739960373,0.812956219403456,0.812956219403456,0.6059519383552933
transposition_mutation_correlation=0.5000,216,True,False,2.0,1.0,0.1842777777777778,2.2310662882412915,0.8537249631370638,0.8205766239175407,0.6525519186227647,0.6525519186227647,0.5682550562579671
transposition_mutation_correlation=0.5000,217,False,False,0.3358579878315244,0.3358579878315244,0.19180555555555553,1.8513189153457064,0.2984404995971356,0.21506623033394015,0.1679289939157622,0.1679289939157622,0.5498841046517631
transposition_mutation_correlation=0.5000,218,False,False,0.8156710114581347,0.8156710114581347,0.18894444444444444,2.159605417490066,0.6525368091665078,0.6422096348886356,0.6027286085814618,0.6027286085814618,0.37277731794331054
transposition_mutation_correlation=0.5000,219,True,False,2.0,1.0,0.20369444444444443,2.604977182697356,0.8620682282721367,0.8092204680795139,0.7513476460015275,0.7513476460015275,0.6491122654219755
transposition_mutation_correlation=0.5000,220,True,False,2.0,1.0,0.18772222222222223,2.2818023094987594,0.82058640895715,0.7484951748715798,0.6690103862593059,0.6690103862593059,0.40446565445607513
transposition_mutation_correlation=0.5000,221,True,False,2.0,1.0,0.206,2.5988051144610522,0.8340083406346052,0.8271994417975523,0.8584001259931647,0.8271994417975523,0.41980489211274974
transposition_mutation_correlation=0.5000,222,False,False,0.5437000822261093,0.5437000822261093,0.17355555555555557,1.7612234224932712,0.517511637786234,0.29425885019323045,0.27185004111305466,0.27185004111305466,0.4296487516690455
transposition_mutation_correlation=0.5000,223,True,False,2.0,1.0,0.20022222222222222,2.589118375296449,0.8993726627153915,0.8134537657143038,0.8422458928481327,0.8134537657143038,0.594550507429019
transposition_mutation_correlation=0.5000,224,True,False,2.0,1.0,0.18077777777777776,2.239858047374859,0.8555678945635166,0.8305308190236058,0.7795208701781303,0.7795208701781303,0.5045134596226453
transposition_mutation_correlation=0.5000,225,True,False,2.0,1.0,0.20983333333333334,2.6784015638831855,0.8514009821524794,0.8537857342617011,0.8634979532937659,0.8537857342617011,0.48517753932473984
transposition_mutation_correlation=0.5000,226,True,False,2.0,1.0,0.18630555555555556,2.2609541176779953,0.8569808868962284,0.8045730204256233,0.8360153605562893,0.8045730204256233,0.6226949104868162
transposition_mutation_correlation=0.5000,227,False,False,0.9981746894797778,0.9981746894797778,0.20269444444444445,2.5414712028949364,0.7985397515838223,0.8466677391852123,0.8867115259498052,0.8466677391852123,0.5337234666118046
transposition_mutation_correlation=0.5000,228,True,False,2.0,1.0,0.20758333333333334,2.6514633143746336,0.8615280751856226,0.8218093815212485,0.858760443981161,0.8218093815212485,0.4547977209455992
transposition_mutation_correlation=0.5000,229,True,False,2.0,1.0,0.19033333333333333,2.3133565431132936,0.8260685857198057,0.7473511925854595,0.8202454928435806,0.7473511925854595,0.548691826884471
transposition_mutation_correlation=0.5000,230,True,False,2.0,1.0,0.19302777777777777,2.3904555879990426,0.8118172624290521,0.8143191965064032,0.7789659497074826,0.7789659497074826,0.46333957716198004
transposition_mutation_correlation=0.5000,231,False,False,0.3763518112644787,0.3763518112644787,0.20299999999999999,2.048636701706824,0.37503767083196116,0.18817590563223935,0.22420265330634298,0.18817590563223935,0.42566817277515073
transposition_mutation_correlation=0.5000,232,True,False,2.0,1.0,0.19344444444444445,2.4206845009151676,0.88473304103274,0.8076541403581472,0.8222156135020312,0.8076541403581472,0.5008818637207735
transposition_mutation_correlation=0.5000,233,True,False,2.0,1.0,0.2028611111111111,2.6157237321124236,0.8855613230056074,0.9054394105767767,0.8352423915595264,0.8352423915595264,0.3612363249835328
transposition_mutation_correlation=0.5000,234,True,False,2.0,1.0,0.18102777777777776,2.2249218435052764,0.894798328994744,0.7566521405035089,0.8366096486117099,0.7566521405035089,0.6570301747917284
transposition_mutation_correlation=0.5000,235,False,False,0.9621259349092612,0.9621259349092612,0.18913888888888888,2.2534560928014167,0.7697007479274091,0.7031584046946108,0.7373411782602514,0.7031584046946108,0.6315918973079042
transposition_mutation_correlation=0.5000,236,True,False,2.0,1.0,0.18991666666666665,2.4121160717348533,0.8843484228276466,0.7836552445532239,0.775311680445714,0.775311680445714,0.7179827462059872
transposition_mutation_correlation=0.5000,237,True,False,2.0,1.0,0.18955555555555556,2.3746023893861206,0.8918435938495737,0.7444571918109109,0.8491668673687454,0.7444571918109109,0.234865444879123
transposition_mutation_correlation=0.5000,238,True,False,2.0,1.0,0.1955,2.5335506288882623,0.914482011425945,0.7724596802622912,0.7966611089313173,0.7724596802622912,0.4417707838228111
transposition_mutation_correlation=0.5000,239,True,False,2.0,1.0,0.19647222222222224,2.4586522823361485,0.8591512550878943,0.8152179325717139,0.8278242736208082,0.8152179325717139,0.41647648733702086
transposition_mutation_correlation=0.5000,240,True,False,2.0,1.0,0.19747222222222222,2.561487281327563,0.9185384321011565,0.8164731644354825,0.8221129736852354,0.8164731644354825,0.6425263637099804
transposition_mutation_correlation=0.5000,241,True,False,2.0,1.0,0.19922222222222222,2.543231159783907,0.9137892216572487,0.8051022205785532,0.8294201146564959,0.8051022205785532,0.5112674554236517
transposition_mutation_correlation=0.5000,242,True,False,2.0,1.0,0.20555555555555557,2.6115930497871136,0.8632624520590053,0.8502639135432236,0.8398487826420752,0.8398487826420752,0.6708375493644545
transposition_mutation_correlation=0.5000,243,True,False,2.0,1.0,0.18894444444444444,2.3868347503090055,0.8432805993633476,0.9108010533897369,0.843762726674821,0.843762726674821,0.24520125998264858
transposition_mutation_correlation=0.5000,244,True,False,2.0,1.0,0.20775,2.697180504881594,0.8720997897479048,0.8535030060296244,0.8265611709251407,0.8265611709251407,0.798696416585138
transposition_mutation_correlation=0.5000,245,True,False,2.0,1.0,0.19013888888888889,2.3326819171772706,0.8464221812684198,0.8287754497075297,0.8746572121443339,0.8287754497075297,0.7981980773029783
transposition_mutation_correlation=0.5000,246,True,False,2.0,1.0,0.17919444444444446,2.2458621884216097,0.8788038155192742,0.8454694451049927,0.8366853545714933,0.8366853545714933,0.4480757595324932
transposition_mutation_correlation=0.5000,247,True,False,2.0,1.0,0.17875,2.1471978803530707,0.8129792506727948,0.843359709534143,0.8364144706857409,0.8364144706857409,0.3436975767399515
transposition_mutation_correlation=0.5000,248,True,False,2.0,1.0,0.19308333333333333,2.4344433029228187,0.865761489592458,0.8303858275248335,0.7439785919483488,0.7439785919483488,0.6060119168227497
transposition_mutation_correlation=0.5000,249,True,False,2.0,1.0,0.18988888888888888,2.415200602407799,0.8627072294624271,0.8022049190824415,0.7707124521717187,0.7707124521717187,0.46351026694392944
transposition_mutation_correlation=0.5000,250,True,False,2.0,1.0,0.1931111111111111,2.4714188391426406,0.8889966344836147,0.8320608004540413,0.8758190045786901,0.8320608004540413,0.5414955207964925
transposition_mutation_correlation=0.5000,251,True,False,2.0,1.0,0.20605555555555555,2.6397151659149958,0.8998250692432371,0.8415246260100262,0.8553264367938203,0.8415246260100262,0.7959521141276019
transposition_mutation_correlation=0.5000,252,True,False,2.0,1.0,0.2051111111111111,2.60712880962486,0.8690473905990513,0.8532602873540124,0.8719823045881814,0.8532602873540124,0.5781480740682504
transposition_mutation_correlation=0.5000,253,True,False,2.0,1.0,0.192,2.377159577013091,0.8410019664235852,0.7869442392477992,0.8513518313046871,0.7869442392477992,0.502674450320403
transposition_mutation_correlation=0.5000,254,True,False,2.0,1.0,0.2178888888888889,2.8066506453173203,0.8545670386137783,0.8461400167604841,0.8827653801284495,0.8461400167604841,0.3359906535694229
transposition_mutation_correlation=0.5000,255,True,False,2.0,1.0,0.20747222222222222,2.709274814131801,0.9013511148294703,0.8548596005407184,0.7997524504640606,0.7997524504640606,0.5524858259470694
transposition_mutation_correlation=0.5000,256,True,False,2.0,1.0,0.20394444444444443,2.5966278909615443,0.8734715489749529,0.780620461776414,0.8127654741269988,0.780620461776414,0.7495239503309041
transposition_mutation_correlation=0.5000,257,True,False,2.0,1.0,0.185,2.3016113272506176,0.8610905725072996,0.7716992639734658,0.8180173968839652,0.7716992639734658,0.3236170181302352
transposition_mutation_correlation=0.5000,258,True,False,2.0,1.0,0.1921388888888889,2.3754178846259846,0.8558929561455779,0.8235616548425121,0.7676981799061516,0.7676981799061516,0.5777012726914668
transposition_mutation_correlation=0.5000,259,True,False,2.0,1.0,0.19336111111111112,2.4193820387765554,0.8327500506350299,0.831066529563246,0.7814292233821675,0.7814292233821675,0.5363055461377897
transposition_mutation_correlation=0.5000,260,True,False,2.0,1.0,0.1922222222222222,2.427314215580644,0.8577854126464033,0.833036688896778,0.8703100005764561,0.833036688896778,0.7313563866884774
transposition_mutation_correlation=0.5000,261,True,False,2.0,1.0,0.18466666666666667,2.2636455927623937,0.8290085224970446,0.7965729683392355,0.8652293035550336,0.7965729683392355,0.5335703154964352
transposition_mutation_correlation=0.5000,262,True,False,2.0,1.0,0.20022222222222222,2.48145783887585,0.8401912358437017,0.8125485445725921,0.7629364018139342,0.7629364018139342,0.5911794036690381
transposition_mutation_correlation=0.5000,263,True,False,2.0,1.0,0.18872222222222224,2.35088957091206,0.8776854532321395,0.8690343522939086,0.8354136609717917,0.8354136609717917,0.29242135291799926
transposition_mutation_correlation=0.5000,264,True,False,2.0,1.0,0.16966666666666666,2.0887054209771043,0.813686475966857,0.8467613099640064,0.8581845945249713,0.8467613099640064,0.4650379251887655
transposition_mutation_correlation=0.5000,265,True,False,2.0,1.0,0.20155555555555557,2.595142361166334,0.8882603862709194,0.8712656911409445,0.8589303157299256,0.8589303157299256,0.4238121659835688
transposition_mutation_correlation=0.5000,266,False,False,0.9977655028233443,0.9977655028233443,0.1811388888888889,2.1421313248696308,0.7982124022586755,0.8341194177505317,0.7690078967264679,0.7690078967264679,0.6190680280412922
transposition_mutation_correlation=0.5000,267,True,False,2.0,1.0,0.18552777777777776,2.3955435320168204,0.9068686628972447,0.9142842409941936,0.8378297873741106,0.8378297873741106,0.5186013094537146
transposition_mutation_correlation=0.5000,268,True,False,2.0,1.0,0.1940277777777778,2.4456913293292986,0.870660880818975,0.8735210329975874,0.8175498633869402,0.8175498633869402,0.7115767347193896
transposition_mutation_correlation=0.5000,269,True,False,2.0,1.0,0.19625,2.447902313481658,0.8407193390015526,0.8108084301984616,0.8114284038890518,0.8108084301984616,0.2926710965437252
transposition_mutation_correlation=0.5000,270,True,False,2.0,1.0,0.19019444444444444,2.414930062655104,0.8896998778605224,0.741647669498385,0.764492295049195,0.741647669498385,0.7524784406006829
transposition_mutation_correlation=0.5000,271,True,False,2.0,1.0,0.18341666666666667,2.2051199589881434,0.801568747076535,0.6390784817711314,0.5997732353058997,0.5997732353058997,0.5879952836548034
transposition_mutation_correlation=0.5000,272,True,False,2.0,1.0,0.19691666666666666,2.5022078557954233,0.8421562393427381,0.821829147614235,0.8140754735819763,0.8140754735819763,0.6390106051467462
transposition_mutation_correlation=0.5000,273,False,False,0.5534182074406082,0.5534182074406082,0.18008333333333332,1.8160288306038235,0.4876245697827387,0.2767091037203041,0.3410042830724906,0.2767091037203041,0.5239225255008251
transposition_mutation_correlation=0.5000,274,True,False,2.0,1.0,0.19186111111111112,2.360977971293491,0.8168397363292821,0.7624416297121052,0.7729104032103095,0.7624416297121052,0.46775321974430517
transposition_mutation_correlation=0.5000,275,True,False,2.0,1.0,0.19630555555555557,2.488555460121591,0.8642564939659543,0.8063744381704843,0.7904118503272904,0.7904118503272904,0.5412268562215596
transposition_mutation_correlation=0.5000,276,False,False,0.4576015352422725,0.4576015352422725,0.18205555555555555,1.8697369376801374,0.48999969784291114,0.2358440381404466,0.22880076762113624,0.22880076762113624,0.5092613210424909
transposition_mutation_correlation=0.5000,277,False,False,0.9888920972080787,0.9888920972080787,0.1955,2.396166888556571,0.791113677766463,0.8348329480481115,0.8553780548261299,0.8348329480481115,0.5231551846702011
transposition_mutation_correlation=0.5000,278,True,False,2.0,1.0,0.19772222222222222,2.494871815098778,0.8674478462827211,0.8238147423183625,0.8144241054359254,0.8144241054359254,0.29940203089260525
transposition_mutation_correlation=0.5000,279,True,False,2.0,1.0,0.19697222222222222,2.4779355963669047,0.831419514344645,0.8383260464777086,0.8088097819110802,0.8088097819110802,0.3654419005896893
transposition_mutation_correlation=0.5000,280,True,False,2.0,1.0,0.18777777777777777,2.3068977472940007,0.8520630233663385,0.7903650693591743,0.8175281307122741,0.7903650693591743,0.7421797575771182
transposition_mutation_correlation=0.5000,281,False,False,0.41521290767860475,0.41521290767860475,0.17397222222222222,1.6739250018258234,0.33217032614288383,0.2787967611984622,0.3157079977570829,0.2787967611984622,0.4754643091997869
transposition_mutation_correlation=0.5000,282,True,False,2.0,1.0,0.19733333333333333,2.500708816120052,0.86758467156019,0.8063937752123015,0.8590669049171614,0.8063937752123015,0.5140306776210752
transposition_mutation_correlation=0.5000,283,True,False,2.0,1.0,0.19819444444444445,2.4658836075636406,0.8222102914115691,0.8621493346395535,0.8386448972469412,0.8386448972469412,0.6526481425715486
transposition_mutation_correlation=0.5000,284,True,False,2.0,1.0,0.19994444444444442,2.6095836972658395,0.9085654090800481,0.8288665689846815,0.831178933118115,0.8288665689846815,0.4854711478696263
transposition_mutation_correlation=0.5000,285,True,False,2.0,1.0,0.19883333333333333,2.436130061874846,0.8235010476555866,0.8540743358804957,0.8223107404948106,0.8223107404948106,0.5540786859287503
transposition_mutation_correlation=0.5000,286,True,False,2.0,1.0,0.1912222222222222,2.3551257358929685,0.8010228592934758,0.8942415231939995,0.8232928822210736,0.8232928822210736,0.6496302946820977
transposition_mutation_correlation=0.5000,287,False,False,0.4196342533223242,0.4196342533223242,0.16327777777777777,1.7491746666334322,0.7073946006425633,0.23084739458295822,0.2098171266611621,0.2098171266611621,0.4919226528139617
transposition_mutation_correlation=0.5000,288,True,False,2.0,1.0,0.20536111111111113,2.611255642938472,0.8557559150870413,0.8020299840215849,0.8085363084412104,0.8020299840215849,0.7167922169663948
transposition_mutation_correlation=0.5000,289,True,False,2.0,1.0,0.20605555555555555,2.5974029739121076,0.8276699827819926,0.7611950919279802,0.8298167217711073,0.7611950919279802,0.5124718037521627
transposition_mutation_correlation=0.5000,290,True,False,2.0,1.0,0.194,2.45026356349686,0.8681951897253465,0.8400890635483076,0.8044174340283818,0.8044174340283818,0.39426586911506867
transposition_mutation_correlation=0.5000,291,True,False,2.0,1.0,0.19277777777777777,2.416576607036777,0.8615395665371267,0.8383616377885608,0.8444476025131766,0.8383616377885608,0.37853084445633034
transposition_mutation_correlation=0.5000,292,True,False,2.0,1.0,0.20583333333333334,2.6563966934413146,0.8768574793131063,0.8639917470232574,0.8747027705326896,0.8639917470232574,0.7025429496149694
transposition_mutation_correlation=0.5000,293,True,False,2.0,1.0,0.19075,2.3714842439861723,0.8651743061707436,0.7962513469747275,0.8022358686193187,0.7962513469747275,0.6738663374748075
transposition_mutation_correlation=0.5000,294,True,False,2.0,1.0,0.1888888888888889,2.3625963846101765,0.8841044045343217,0.8150007702601376,0.834367393322302,0.8150007702601376,0.395995176201781
transposition_mutation_correlation=0.5000,295,True,False,2.0,1.0,0.1904722222222222,2.343758057631365,0.8372896178401423,0.7969628516631803,0.7303209562705256,0.7303209562705256,0.6524470313901275
transposition_mutation_correlation=0.5000,296,True,False,2.0,1.0,0.20144444444444443,2.594712398904699,0.8620482818264139,0.8553366849090094,0.8562225929579703,0.8553366849090094,0.7512642875009587
transposition_mutation_correlation=0.5000,297,True,False,2.0,1.0,0.18580555555555556,2.2865223764471327,0.8270343697845716,0.8392434931665612,0.84172283843036,0.8392434931665612,0.47543680144846073
transposition_mutation_correlation=0.5000,298,True,False,2.0,1.0,0.20377777777777778,2.6233098999491933,0.8709016822076958,0.8893354546916332,0.8909123755940233,0.8893354546916332,0.3081570448653823
transposition_mutation_correlation=0.5000,299,True,False,2.0,1.0,0.19725,2.4735647205092,0.8955033005882324,0.7941259173706282,0.7848301013796068,0.7848301013796068,0.7681529195696281
transposition_mutation_correlation=0.7500,200,True,False,2.0,1.0,0.19672222222222221,2.543094195538891,0.8602730308217665,0.8880100192668016,0.8890577309394366,0.8880100192668016,0.6202056040272027
transposition_mutation_correlation=0.7500,201,True,False,2.0,1.0,0.2135,2.773376323438846,0.878677782970633,0.8230688314793766,0.8422723439789994,0.8230688314793766,0.36193326994778796
transposition_mutation_correlation=0.7500,202,True,False,2.0,1.0,0.18494444444444447,2.290454001811642,0.8341015361939771,0.8480821999529043,0.8397145814812785,0.8397145814812785,0.6808693301239901
transposition_mutation_correlation=0.7500,203,True,False,2.0,1.0,0.20244444444444445,2.5776922959026995,0.8623814062554019,0.8571895132096847,0.8273367026431164,0.8273367026431164,0.5653204972812144
transposition_mutation_correlation=0.7500,204,True,False,2.0,1.0,0.2018611111111111,2.5883431668665438,0.8871811116721652,0.8338355564348301,0.7927169385763604,0.7927169385763604,0.6696658416482947
transposition_mutation_correlation=0.7500,205,True,False,2.0,1.0,0.18625,2.292164633954156,0.8439699224663182,0.8019756469913318,0.7589946240591362,0.7589946240591362,0.5726323650897195
transposition_mutation_correlation=0.7500,206,True,False,2.0,1.0,0.19972222222222222,2.504120074130925,0.8166942620853093,0.8601242490699754,0.7553293110971901,0.7553293110971901,0.277657938528846
transposition_mutation_correlation=0.7500,207,True,False,2.0,1.0,0.19666666666666668,2.4326929833256354,0.8322806174085814,0.761794765210594,0.766986461672854,0.761794765210594,0.6562030245026215
transposition_mutation_correlation=0.7500,208,True,False,2.0,1.0,0.2041388888888889,2.563026409774052,0.8248029023582506,0.8749565645912127,0.8086671980041625,0.8086671980041625,0.7831293646287353
transposition_mutation_correlation=0.7500,209,True,False,2.0,1.0,0.20488888888888887,2.5642348555871046,0.8059461166088898,0.8735020702881234,0.8377071557353174,0.8377071557353174,0.5779107872860987
transposition_mutation_correlation=0.7500,210,True,False,2.0,1.0,0.20061111111111113,2.601259900510031,0.918713018373276,0.7940398793268373,0.8215225110611846,0.7940398793268373,0.6268420599361914
transposition_mutation_correlation=0.7500,211,True,False,2.0,1.0,0.18894444444444444,2.284677305094078,0.8345433213128289,0.8375181622444373,0.772630986029616,0.772630986029616,0.5979878568002511
transposition_mutation_correlation=0.7500,212,True,False,2.0,1.0,0.19277777777777777,2.4515319953917003,0.9012075098494421,0.8307516755727857,0.8134608142098424,0.8134608142098424,0.6618836878235219
transposition_mutation_correlation=0.7500,213,True,False,2.0,1.0,0.20494444444444446,2.626545097250099,0.848266345203194,0.8297257309441408,0.8331355890071941,0.8297257309441408,0.35186341865723747
transposition_mutation_correlation=0.7500,214,True,False,2.0,1.0,0.18502777777777776,2.3324405460872937,0.8668503498515826,0.7470477215268707,0.7641693395427968,0.7470477215268707,0.7184138834849525
transposition_mutation_correlation=0.7500,215,True,False,2.0,1.0,0.20650000000000002,2.6459538539507337,0.8178241318807119,0.8728567338949682,0.8949372789277344,0.8728567338949682,0.5879473308859331
transposition_mutation_correlation=0.7500,216,True,False,2.0,1.0,0.20430555555555555,2.624454159316677,0.858954793352621,0.8800427270563247,0.8768431658402565,0.8768431658402565,0.546554283305303
transposition_mutation_correlation=0.7500,217,True,False,2.0,1.0,0.19352777777777777,2.361898020514,0.806829475646275,0.8433110305442147,0.7510733777097519,0.7510733777097519,0.7851122749442649
transposition_mutation_correlation=0.7500,218,True,False,2.0,1.0,0.20327777777777778,2.5834375293911527,0.8533731273522978,0.8545136791878387,0.8473823698095138,0.8473823698095138,0.6882556808378866
transposition_mutation_correlation=0.7500,219,True,False,2.0,1.0,0.19316666666666665,2.3464420399543062,0.8051647176746617,0.7277067907863531,0.799029589444451,0.7277067907863531,0.7302842621714855
transposition_mutation_correlation=0.7500,220,True,False,2.0,1.0,0.19336111111111112,2.4105098070174646,0.8802246448925606,0.7220690774620431,0.7626520743722494,0.7220690774620431,0.6475066366881159
transposition_mutation_correlation=0.7500,221,True,False,2.0,1.0,0.22016666666666668,2.8804640987742762,0.8573340695095545,0.8777591004081471,0.8584992877875334,0.8584992877875334,0.7483621770059254
transposition_mutation_correlation=0.7500,222,False,False,0.45860867154399854,0.45860867154399854,0.19444444444444445,1.891668990665046,0.36688693723519883,0.3136580115934463,0.2914104233814465,0.2914104233814465,0.742706230950734
transposition_mutation_correlation=0.7500,223,True,False,2.0,1.0,0.19941666666666666,2.4973433296214593,0.8300414357594817,0.8005178279554915,0.8002060718624645,0.8002060718624645,0.6650671120279298
transposition_mutation_correlation=0.7500,224,True,False,2.0,1.0,0.19344444444444445,2.4004760347638014,0.8046655331311316,0.8272350647513005,0.8228004607354723,0.8228004607354723,0.6690823590544203
transposition_mutation_correlation=0.7500,225,True,False,2.0,1.0,0.19572222222222224,2.4730435014520094,0.8476569600616402,0.8016198848604786,0.7372902437711729,0.7372902437711729,0.6031849264937695
transposition_mutation_correlation=0.7500,226,True,False,2.0,1.0,0.20094444444444445,2.540703590266344,0.8710590188215409,0.807361263370887,0.8220422978012033,0.807361263370887,0.36378477864568465
transposition_mutation_correlation=0.7500,227,False,False,0.9735671617744687,0.9735671617744687,0.1907777777777778,2.2914091634633573,0.778853729419575,0.8678906240692231,0.8688411845005071,0.8678906240692231,0.4757100675383917
transposition_mutation_correlation=0.7500,228,True,False,2.0,1.0,0.20622222222222222,2.6592091439134418,0.854119494424506,0.8099648491839007,0.8130127657724187,0.8099648491839007,0.6498652414431364
transposition_mutation_correlation=0.7500,229,False,False,0.5670496575119053,0.5670496575119053,0.17908333333333332,1.9670275046082883,0.6153444724004704,0.28352482875595264,0.2979524485148831,0.28352482875595264,0.513156427354053
transposition_mutation_correlation=0.7500,230,False,False,0.9651403517306312,0.9651403517306312,0.18238888888888888,2.127826090640377,0.7721122813845049,0.6856981943254199,0.6232087306820986,0.6232087306820986,0.7227967443578914
transposition_mutation_correlation=0.7500,231,True,False,2.0,1.0,0.18902777777777777,2.3569098661425962,0.8601958955111011,0.8458342344816969,0.8529556564360021,0.8458342344816969,0.6462847860483816
transposition_mutation_correlation=0.7500,232,True,False,2.0,1.0,0.20955555555555558,2.6816263800904374,0.8620503799447495,0.9008838840230955,0.8633312042517691,0.8633312042517691,0.34579886752002736
transposition_mutation_correlation=0.7500,233,True,False,2.0,1.0,0.1914722222222222,2.382267025067625,0.8768531750927334,0.7668546059280134,0.7414556425915797,0.7414556425915797,0.7565507990037844
transposition_mutation_correlation=0.7500,234,True,False,2.0,1.0,0.18633333333333332,2.286211098609735,0.8190388100486976,0.7276936873767439,0.7534719937026373,0.7276936873767439,0.6225414795729038
transposition_mutation_correlation=0.7500,235,True,False,2.0,1.0,0.19330555555555554,2.421136697830548,0.876099730764467,0.7908363086381026,0.7728003708898863,0.7728003708898863,0.6247872610751644
transposition_mutation_correlation=0.7500,236,True,False,2.0,1.0,0.20133333333333334,2.5541986118209214,0.8807692882950118,0.8776131105262471,0.8185665644719476,0.8185665644719476,0.5022507137191773
transposition_mutation_correlation=0.7500,237,True,False,2.0,1.0,0.1867222222222222,2.2924417768345102,0.8558069247181136,0.7855746480693167,0.755047079140241,0.755047079140241,0.7478577903314159
transposition_mutation_correlation=0.7500,238,False,False,0.9954871064086386,0.9954871064086386,0.19349999999999998,2.3375244449279067,0.7963896851269109,0.7828495461054981,0.8094024631657183,0.7828495461054981,0.7384906279379425
transposition_mutation_correlation=0.7500,239,True,False,2.0,1.0,0.18105555555555555,2.234521324981956,0.8383304053803271,0.8265876289827472,0.8581794912301827,0.8265876289827472,0.4846947281712756
transposition_mutation_correlation=0.7500,240,True,False,2.0,1.0,0.20536111111111113,2.591714534034574,0.8244760714228397,0.837416723446381,0.783487169558793,0.783487169558793,0.7291555544809792
transposition_mutation_correlation=0.7500,241,True,False,2.0,1.0,0.19069444444444444,2.3837550725107226,0.8752480067626311,0.7788577048368933,0.8291881035183415,0.7788577048368933,0.5752409523079411
transposition_mutation_correlation=0.7500,242,False,False,0.8693596557347136,0.8693596557347136,0.19119444444444442,2.2445568882089475,0.695487724587771,0.675813153792009,0.6404116024882855,0.6404116024882855,0.7811750644244436
transposition_mutation_correlation=0.7500,243,True,False,2.0,1.0,0.20116666666666666,2.5449310238898537,0.8522970789954949,0.7464193526489812,0.7928486015606933,0.7464193526489812,0.5005438235991366
transposition_mutation_correlation=0.7500,244,True,False,2.0,1.0,0.19574999999999998,2.5107202928539727,0.8516890410609349,0.8868438436836197,0.8433226981201681,0.8433226981201681,0.3719094291908277
transposition_mutation_correlation=0.7500,245,True,False,2.0,1.0,0.22047222222222224,2.8100464089056567,0.8018354877219931,0.8740755195800575,0.8822068610344248,0.8740755195800575,0.8106619693186025
transposition_mutation_correlation=0.7500,246,True,False,2.0,1.0,0.20130555555555554,2.548139795123935,0.8603462074077354,0.830140626765591,0.8256822024206241,0.8256822024206241,0.8067071910041224
transposition_mutation_correlation=0.7500,247,True,False,2.0,1.0,0.17705555555555555,2.1559958155680836,0.8434031306325646,0.7361484447766085,0.8195922665812972,0.7361484447766085,0.33529967002634364
transposition_mutation_correlation=0.7500,248,True,False,2.0,1.0,0.19041666666666668,2.31847118883544,0.8538510023517737,0.8236526085274628,0.7415798868046223,0.7415798868046223,0.2739134994036184
transposition_mutation_correlation=0.7500,249,True,False,2.0,1.0,0.21758333333333332,2.850422966453115,0.8922075474797027,0.863984920770778,0.8693246640390025,0.863984920770778,0.6491052429899055
transposition_mutation_correlation=0.7500,250,True,False,2.0,1.0,0.20116666666666666,2.581148933785499,0.8760642160582823,0.7997171254478573,0.7853114695230424,0.7853114695230424,0.5886320991501746
transposition_mutation_correlation=0.7500,251,True,False,2.0,1.0,0.19258333333333333,2.415128080518803,0.8433041513451708,0.8556156169660575,0.815407265132479,0.815407265132479,0.5289304491745228
transposition_mutation_correlation=0.7500,252,True,False,2.0,1.0,0.19186111111111112,2.388611310685371,0.8331930989440324,0.804817768842758,0.7826043207599486,0.7826043207599486,0.7263749673973823
transposition_mutation_correlation=0.7500,253,True,False,2.0,1.0,0.18541666666666667,2.3240986000590524,0.894157048872518,0.824362148793709,0.8109314482214195,0.8109314482214195,0.48845979449148297
transposition_mutation_correlation=0.7500,254,True,False,2.0,1.0,0.20330555555555557,2.6080016599292173,0.8960264427196969,0.8360195220609743,0.866899205668566,0.8360195220609743,0.35187796954007217
transposition_mutation_correlation=0.7500,255,True,False,2.0,1.0,0.1858888888888889,2.262611374073899,0.8493795619286216,0.7649355866692231,0.7036811702291285,0.7036811702291285,0.46600106378732126
transposition_mutation_correlation=0.7500,256,True,False,2.0,1.0,0.20647222222222222,2.5974812659701256,0.8359971443461095,0.8686429510840006,0.8213861889008843,0.8213861889008843,0.5524440470077864
transposition_mutation_correlation=0.7500,257,False,False,0.501812602182398,0.501812602182398,0.18069444444444444,1.7652146952132186,0.4125108888048355,0.250906301091199,0.2907708054558302,0.250906301091199,0.3062758743986969
transposition_mutation_correlation=0.7500,258,True,False,2.0,1.0,0.1897222222222222,2.3351861208799707,0.8546131423756359,0.783501638303927,0.7473904434454329,0.7473904434454329,0.3868129988937022
transposition_mutation_correlation=0.7500,259,True,False,2.0,1.0,0.21205555555555555,2.7679146956586256,0.889330185738435,0.8429275852526211,0.821572844152748,0.821572844152748,0.4776209309361366
transposition_mutation_correlation=0.7500,260,False,False,0.6647789245131993,0.6647789245131993,0.19747222222222222,2.140090825795937,0.5318231396105595,0.525792063037173,0.4818587228363433,0.4818587228363433,0.47381392847706005
transposition_mutation_correlation=0.7500,261,True,False,2.0,1.0,0.21038888888888888,2.779745393694068,0.8800652345745061,0.8676156122766349,0.8876825233019116,0.8676156122766349,0.7540400033538404
transposition_mutation_correlation=0.7500,262,True,False,2.0,1.0,0.19241666666666665,2.43076852267937,0.8726551886357315,0.8064144605433596,0.8259249426562177,0.8064144605433596,0.2996093883925703
transposition_mutation_correlation=0.7500,263,True,False,2.0,1.0,0.19605555555555557,2.449664272007567,0.8325947938625261,0.8671237960669231,0.8812037324160518,0.8671237960669231,0.7846018188605794
transposition_mutation_correlation=0.7500,264,True,False,2.0,1.0,0.17425,2.151367656236953,0.8603533547232861,0.7942248229973654,0.807480895261183,0.7942248229973654,0.34242118978304664
transposition_mutation_correlation=0.7500,265,True,False,2.0,1.0,0.1916388888888889,2.430359417524789,0.8284346286782134,0.8846046343350271,0.8148285514286638,0.8148285514286638,0.530218091454022
transposition_mutation_correlation=0.7500,266,True,False,2.0,1.0,0.18872222222222224,2.3653266103611714,0.8868955371440167,0.7305708342949313,0.736358016531524,0.7305708342949313,0.3588921799057561
transposition_mutation_correlation=0.7500,267,True,False,2.0,1.0,0.21338888888888888,2.7960600220166825,0.8915743258699101,0.8765069702344179,0.8847995527387321,0.8765069702344179,0.611507831952709
transposition_mutation_correlation=0.7500,268,True,False,2.0,1.0,0.19424999999999998,2.3791604603171574,0.8244582653168997,0.8387555495091188,0.7598931503989306,0.7598931503989306,0.5635185379964437
transposition_mutation_correlation=0.7500,269,False,False,0.9090125959825642,0.9090125959825642,0.18438888888888888,2.127325242408354,0.7272100767860514,0.874643149819475,0.8622880848648256,0.8622880848648256,0.22513993295762874
transposition_mutation_correlation=0.7500,270,True,False,2.0,1.0,0.20469444444444443,2.6398021942566574,0.859592446409082,0.8287617841505293,0.8778203470045932,0.8287617841505293,0.6357042492904965
transposition_mutation_correlation=0.7500,271,True,False,2.0,1.0,0.20252777777777778,2.5054976568511926,0.8225717239768588,0.833750756240271,0.8702191793729707,0.833750756240271,0.7075778068391302
transposition_mutation_correlation=0.7500,272,True,False,2.0,1.0,0.1993888888888889,2.5132737683359094,0.8389106930139133,0.841521100535138,0.7833274238931521,0.7833274238931521,0.8134110669146999
transposition_mutation_correlation=0.7500,273,True,False,2.0,1.0,0.2021388888888889,2.5220238164395363,0.8466592755508765,0.8825132465163091,0.852028705868349,0.852028705868349,0.34735413374072766
transposition_mutation_correlation=0.7500,274,True,False,2.0,1.0,0.19958333333333333,2.560882256289506,0.8841866857698303,0.8408268477967392,0.8634784024340643,0.8408268477967392,0.6466080901362322
transposition_mutation_correlation=0.7500,275,True,False,2.0,1.0,0.1916388888888889,2.368382990217591,0.8598664432415469,0.8620062537584432,0.8530339741493275,0.8530339741493275,0.6812249647284259
transposition_mutation_correlation=0.7500,276,True,False,2.0,1.0,0.19899999999999998,2.546210483992882,0.859368666219201,0.8596383186747868,0.813991443150959,0.813991443150959,0.7584891741226525
transposition_mutation_correlation=0.7500,277,True,False,2.0,1.0,0.19669444444444442,2.4978187644049137,0.8587692814321911,0.8147498047202841,0.8070937792531313,0.8070937792531313,0.5016744581279288
transposition_mutation_correlation=0.7500,278,True,False,2.0,1.0,0.19808333333333333,2.5200979492409408,0.8611597168705204,0.8315313745461592,0.7945070107882535,0.7945070107882535,0.4359578950961477
transposition_mutation_correlation=0.7500,279,False,False,0.9953973349514007,0.9953973349514007,0.19038888888888889,2.3013691813377464,0.7963178679611206,0.7790155300557456,0.73323383043236,0.73323383043236,0.7281141850679738
transposition_mutation_correlation=0.7500,280,True,False,2.0,1.0,0.20516666666666666,2.5731875004961404,0.8242923915898547,0.8445341416418549,0.7992696063509794,0.7992696063509794,0.5861340032001577
transposition_mutation_correlation=0.7500,281,True,False,2.0,1.0,0.19852777777777778,2.4897501838382694,0.8266577647723288,0.853948195477397,0.8108648343424084,0.8108648343424084,0.5890416476024364
transposition_mutation_correlation=0.7500,282,True,False,2.0,1.0,0.178,2.238358715462537,0.909790110541261,0.8100034632815597,0.728411455088856,0.728411455088856,0.6115524668513322
transposition_mutation_correlation=0.7500,283,True,False,2.0,1.0,0.1833611111111111,2.22029359034831,0.8398422054362792,0.8233153327404298,0.7988551807944594,0.7988551807944594,0.48196870605311026
transposition_mutation_correlation=0.7500,284,True,False,2.0,1.0,0.19669444444444442,2.5297750830136883,0.9307556983077456,0.8609355180055991,0.837098633440554,0.837098633440554,0.58760151942211
transposition_mutation_correlation=0.7500,285,True,False,2.0,1.0,0.2066388888888889,2.6410518452623606,0.8415561643869912,0.8399876304829824,0.8232356249808278,0.8232356249808278,0.61038352794235
transposition_mutation_correlation=0.7500,286,True,False,2.0,1.0,0.19394444444444445,2.4606405454865086,0.838634228475099,0.7929729781856938,0.7786485646666931,0.7786485646666931,0.7059411682336936
transposition_mutation_correlation=0.7500,287,True,False,2.0,1.0,0.19322222222222224,2.395527169311657,0.8515632477408727,0.7729149638773595,0.7160245821476326,0.7160245821476326,0.4568775384178531
transposition_mutation_correlation=0.7500,288,True,False,2.0,1.0,0.20127777777777778,2.60753004855684,0.8737372232226585,0.8887615820718174,0.8583377178996904,0.8583377178996904,0.6410746084619954
transposition_mutation_correlation=0.7500,289,True,False,2.0,1.0,0.2003611111111111,2.591652690273721,0.8882869771012338,0.8256567676695254,0.8378418988477863,0.8256567676695254,0.552858335345573
transposition_mutation_correlation=0.7500,290,True,False,2.0,1.0,0.21588888888888888,2.804818013102607,0.875676013615416,0.8450732780899842,0.8529903085531771,0.8450732780899842,0.5945015636751972
transposition_mutation_correlation=0.7500,291,True,False,2.0,1.0,0.22238888888888889,2.9521116377668544,0.8966131321407798,0.848654840961417,0.855434025341197,0.848654840961417,0.5857701075205586
transposition_mutation_correlation=0.7500,292,True,False,2.0,1.0,0.19333333333333333,2.432297004211325,0.8752653941532975,0.8115697778133345,0.7545235345337968,0.7545235345337968,0.2497565698373361
transposition_mutation_correlation=0.7500,293,True,False,2.0,1.0,0.18691666666666668,2.3762945340938004,0.8416369443163393,0.8421235981793436,0.8115472102997143,0.8115472102997143,0.6071061474794508
transposition_mutation_correlation=0.7500,294,True,False,2.0,1.0,0.21119444444444443,2.712919359645236,0.8615249906675808,0.8642217903627394,0.8929618647252031,0.8642217903627394,0.6731045898257696
transposition_mutation_correlation=0.7500,295,True,False,2.0,1.0,0.19255555555555554,2.386798813157098,0.872714771654802,0.7900128530982254,0.7732129636925453,0.7732129636925453,0.750465928252479
transposition_mutation_correlation=0.7500,296,True,False,2.0,1.0,0.20033333333333334,2.5187111560938282,0.8707093718908091,0.8307786224570932,0.8169291952602545,0.8169291952602545,0.6222703934800102
transposition_mutation_correlation=0.7500,297,True,False,2.0,1.0,0.20055555555555554,2.6433152680953023,0.8808741413622837,0.8308581898132453,0.8312402190451086,0.8308581898132453,0.28374156880926715
transposition_mutation_correlation=0.7500,298,True,False,2.0,1.0,0.1865,2.2300404758890324,0.8170532614616238,0.7264640177743159,0.7213184298511627,0.7213184298511627,0.6293730886621112
transposition_mutation_correlation=0.7500,299,False,False,0.9953012071474854,0.9953012071474854,0.19955555555555554,2.4865742900568457,0.7962409657179883,0.8382294252622747,0.8341885034390726,0.8341885034390726,0.40774027580164307
