number,state,value,food_site_count,food_site_width,food_site_capacity,food_value,vertical_comb_benefit,food_site_max_distance,travel_cost_per_distance,mutation_sd,transposition_mutation_correlation,stable_count,seed_count,collapse_count,mean_progress,mean_final_success,mean_final_payoff,mean_final_comb_tilt,mean_final_min_transposition,elapsed_seconds
0,COMPLETE,0.217,4,0.250,15,1.000,0.420,6.500,0.040,0.130,0.400,0,10,0,0.217,0.362,1.812,0.176,0.216,887.564
1,COMPLETE,2.817,9,0.440,7,1.000,0.320,6.500,0.045,0.090,1.000,2,10,0,0.817,0.735,8.157,0.764,0.576,1247.637
2,COMPLETE,0.191,3,0.220,12,1.000,0.220,7.000,0.025,0.080,0.600,0,10,0,0.191,0.288,1.610,0.153,0.202,740.878
3,COMPLETE,7.992,5,0.360,16,1.000,0.460,9.000,0.020,0.130,0.700,7,10,0,0.992,0.454,5.610,0.825,0.792,996.094
4,COMPLETE,0.573,9,0.240,4,1.000,0.220,8.500,0.020,0.060,0.000,0,10,0,0.573,0.451,4.498,0.602,0.327,896.915
5,COMPLETE,6.906,10,0.240,10,1.000,0.460,6.500,0.025,0.100,0.400,6,10,0,0.906,0.545,6.847,0.802,0.647,1090.403
6,COMPLETE,7.813,4,0.410,10,1.000,0.580,7.500,0.020,0.070,0.700,7,10,0,0.813,0.561,7.572,0.728,0.653,1029.930
7,COMPLETE,2.819,10,0.420,7,1.000,0.460,7.000,0.020,0.080,0.900,2,10,0,0.819,0.743,10.701,0.808,0.502,1236.144
8,COMPLETE,2.851,9,0.430,14,1.000,0.540,7.000,0.015,0.130,0.200,2,10,0,0.851,0.701,10.715,0.783,0.491,1221.460
9,COMPLETE,0.297,10,0.220,14,1.000,0.120,4.500,0.045,0.060,0.600,0,10,0,0.297,0.568,4.651,0.317,0.208,1124.797
10,COMPLETE,3.709,6,0.450,13,1.000,0.300,5.500,0.035,0.090,0.200,3,10,0,0.709,0.676,7.492,0.676,0.526,1238.631
11,COMPLETE,4.953,6,0.360,6,1.000,0.400,8.000,0.020,0.130,1.000,4,10,0,0.953,0.488,5.928,0.772,0.707,1023.609
12,COMPLETE,0.219,3,0.420,16,1.000,0.320,8.500,0.040,0.120,0.300,0,10,0,0.219,0.467,3.031,0.176,0.207,973.064
13,COMPLETE,2.460,7,0.320,13,1.000,0.360,6.500,0.035,0.050,0.500,2,10,0,0.460,0.602,6.021,0.540,0.297,1095.571
14,COMPLETE,0.138,4,0.290,16,1.000,0.140,6.500,0.060,0.060,1.000,0,10,0,0.138,0.470,1.879,0.110,0.191,1007.969
15,COMPLETE,4.904,10,0.270,14,1.000,0.320,5.000,0.045,0.090,0.600,4,10,0,0.904,0.607,6.346,0.803,0.631,1189.273
16,COMPLETE,0.739,9,0.320,5,1.000,0.120,5.500,0.020,0.080,0.500,0,10,0,0.739,0.608,6.661,0.640,0.498,1090.988
17,COMPLETE,2.496,8,0.240,12,1.000,0.380,9.000,0.030,0.050,0.500,2,10,0,0.496,0.474,4.129,0.464,0.372,957.220
18,COMPLETE,0.214,5,0.240,8,1.000,0.260,8.500,0.040,0.110,0.700,0,10,0,0.214,0.366,1.656,0.171,0.199,919.766
19,COMPLETE,2.779,9,0.300,11,1.000,0.260,5.500,0.045,0.100,0.200,2,10,0,0.779,0.596,5.651,0.696,0.495,1171.754
20,COMPLETE,2.647,8,0.210,11,1.000,0.300,6.000,0.060,0.140,0.800,2,10,0,0.647,0.449,2.137,0.524,0.542,1081.000
21,COMPLETE,1.359,7,0.390,7,1.000,0.300,5.500,0.055,0.040,0.400,1,10,0,0.359,0.655,5.719,0.467,0.225,1067.694
22,COMPLETE,7.989,6,0.260,12,1.000,0.480,5.000,0.015,0.120,0.200,7,10,0,0.989,0.444,6.055,0.809,0.719,957.488
23,COMPLETE,1.461,6,0.230,16,1.000,0.560,6.500,0.025,0.050,0.100,1,10,0,0.461,0.419,4.241,0.582,0.257,865.193
24,COMPLETE,0.218,4,0.300,16,1.000,0.160,8.500,0.030,0.110,0.300,0,10,0,0.218,0.395,2.676,0.174,0.211,901.900
25,COMPLETE,2.556,9,0.400,13,1.000,0.220,8.500,0.050,0.080,0.200,2,10,0,0.556,0.688,6.012,0.513,0.379,1264.309
26,COMPLETE,1.271,4,0.330,15,1.000,0.340,8.000,0.045,0.080,1.000,1,10,0,0.271,0.477,2.863,0.222,0.278,1036.507
27,COMPLETE,7.996,10,0.250,13,1.000,0.560,8.500,0.035,0.100,0.600,7,10,0,0.996,0.517,5.790,0.841,0.719,1097.259
28,COMPLETE,7.929,9,0.420,8,1.000,0.560,6.500,0.035,0.090,0.800,7,10,0,0.929,0.742,10.391,0.840,0.658,1285.549
29,COMPLETE,1.336,3,0.290,13,1.000,0.540,6.000,0.020,0.070,0.400,1,10,0,0.336,0.383,3.628,0.288,0.235,848.916
30,COMPLETE,0.332,6,0.270,5,1.000,0.180,8.500,0.020,0.050,0.800,0,10,0,0.332,0.426,3.790,0.318,0.189,850.579
31,COMPLETE,0.307,6,0.450,5,1.000,0.200,9.000,0.050,0.060,0.500,0,10,0,0.307,0.570,3.785,0.256,0.247,1044.506
32,COMPLETE,0.191,6,0.210,15,1.000,0.240,9.000,0.035,0.060,0.300,0,10,0,0.191,0.377,2.001,0.153,0.193,913.193
33,COMPLETE,0.220,5,0.230,11,1.000,0.420,7.000,0.035,0.090,0.400,0,10,0,0.220,0.401,2.513,0.176,0.205,935.618
34,COMPLETE,0.175,3,0.330,11,1.000,0.260,9.000,0.020,0.060,0.500,0,10,0,0.175,0.386,3.215,0.140,0.228,829.570
35,COMPLETE,1.539,6,0.330,8,1.000,0.380,6.000,0.030,0.050,0.700,1,10,0,0.539,0.560,5.915,0.606,0.318,1057.759
36,COMPLETE,1.233,3,0.200,16,1.000,0.500,8.000,0.040,0.120,0.700,1,10,0,0.233,0.248,0.183,0.194,0.220,634.452
37,COMPLETE,8.996,10,0.260,16,1.000,0.460,9.000,0.040,0.090,1.000,8,10,0,0.996,0.533,5.271,0.835,0.779,1105.155
38,COMPLETE,0.923,10,0.350,8,1.000,0.400,7.500,0.015,0.140,0.300,0,10,0,0.923,0.635,8.664,0.739,0.607,1198.658
39,COMPLETE,6.880,7,0.280,13,1.000,0.580,4.500,0.015,0.060,0.700,6,10,0,0.880,0.535,8.227,0.842,0.623,997.265
40,COMPLETE,0.203,9,0.200,13,1.000,0.140,8.000,0.045,0.070,0.800,0,10,0,0.203,0.473,2.674,0.163,0.227,1070.066
41,COMPLETE,1.543,9,0.420,6,1.000,0.220,7.000,0.045,0.050,0.600,1,10,0,0.543,0.725,7.034,0.593,0.319,1204.657
42,COMPLETE,2.881,8,0.300,5,1.000,0.240,7.000,0.060,0.120,0.700,2,10,0,0.881,0.536,3.344,0.710,0.684,1088.325
43,COMPLETE,3.554,5,0.220,14,1.000,0.560,8.500,0.025,0.090,0.700,3,10,0,0.554,0.338,2.725,0.463,0.460,856.139
44,COMPLETE,9.999,9,0.220,10,1.000,0.460,7.000,0.045,0.100,1.000,9,10,0,0.999,0.505,4.413,0.851,0.777,1119.719
45,COMPLETE,0.189,3,0.450,4,1.000,0.100,5.500,0.055,0.040,0.100,0,10,0,0.189,0.417,1.960,0.160,0.164,811.586
46,COMPLETE,0.153,4,0.240,6,1.000,0.120,7.000,0.045,0.050,0.200,0,10,0,0.153,0.370,1.289,0.135,0.169,866.660
47,COMPLETE,0.192,9,0.180,16,1.000,0.300,7.000,0.060,0.060,0.100,0,10,0,0.192,0.469,1.728,0.154,0.157,1089.598
48,COMPLETE,0.389,9,0.350,4,1.000,0.200,5.500,0.025,0.040,0.300,0,10,0,0.389,0.650,7.347,0.699,0.195,1015.423
49,COMPLETE,3.476,5,0.230,14,1.000,0.560,7.500,0.035,0.080,1.000,3,10,0,0.476,0.392,2.694,0.401,0.407,931.748
50,COMPLETE,5.643,7,0.260,14,1.000,0.340,7.500,0.030,0.080,0.200,5,10,0,0.643,0.495,4.618,0.576,0.478,1023.616
51,COMPLETE,2.918,8,0.400,8,1.000,0.340,6.000,0.040,0.140,1.000,2,10,0,0.918,0.661,7.431,0.758,0.666,1232.823
52,COMPLETE,1.806,10,0.400,8,1.000,0.300,4.500,0.035,0.140,0.800,1,10,0,0.806,0.745,8.969,0.698,0.488,1315.199
53,COMPLETE,0.272,5,0.200,9,1.000,0.160,8.500,0.020,0.090,0.400,0,10,0,0.272,0.309,2.223,0.229,0.209,801.516
54,COMPLETE,0.575,4,0.450,5,1.000,0.120,6.500,0.045,0.130,0.700,0,10,0,0.575,0.484,3.199,0.460,0.479,980.661
55,COMPLETE,0.144,4,0.360,9,1.000,0.160,5.000,0.060,0.040,0.400,0,10,0,0.144,0.576,3.912,0.119,0.153,1050.719
56,COMPLETE,2.482,4,0.290,7,1.000,0.280,5.500,0.040,0.110,0.800,2,10,0,0.482,0.418,2.811,0.390,0.427,950.922
57,COMPLETE,0.793,9,0.420,6,1.000,0.220,8.500,0.025,0.110,0.100,0,10,0,0.793,0.636,7.062,0.698,0.518,1155.069
58,COMPLETE,3.478,5,0.450,15,1.000,0.240,4.500,0.025,0.080,0.700,3,10,0,0.478,0.678,7.474,0.397,0.373,1181.757
59,COMPLETE,1.322,6,0.210,13,1.000,0.560,7.500,0.035,0.060,0.700,1,10,0,0.322,0.412,2.765,0.269,0.258,955.635
60,COMPLETE,0.431,8,0.430,8,1.000,0.120,8.000,0.020,0.070,0.100,0,10,0,0.431,0.689,7.356,0.410,0.355,1177.582
61,COMPLETE,0.552,10,0.230,10,1.000,0.160,6.000,0.025,0.050,0.900,0,10,0,0.552,0.552,5.520,0.557,0.296,1040.553
62,COMPLETE,0.372,7,0.340,12,1.000,0.200,7.000,0.015,0.040,0.600,0,10,0,0.372,0.605,6.767,0.467,0.219,972.485
63,COMPLETE,4.679,10,0.300,5,1.000,0.600,4.500,0.030,0.050,0.600,4,10,0,0.679,0.635,9.323,0.864,0.374,1054.062
64,COMPLETE,6.725,9,0.180,12,1.000,0.480,5.500,0.045,0.070,0.600,6,10,0,0.725,0.442,3.512,0.676,0.553,985.541
65,COMPLETE,3.549,9,0.390,7,1.000,0.420,9.000,0.025,0.050,0.600,3,10,0,0.549,0.632,7.940,0.789,0.343,1086.442
66,COMPLETE,4.813,4,0.260,5,1.000,0.240,7.000,0.010,0.110,0.500,4,10,0,0.813,0.319,3.508,0.656,0.653,780.234
67,COMPLETE,0.328,6,0.360,11,1.000,0.400,7.500,0.030,0.050,0.300,0,10,0,0.328,0.604,5.963,0.351,0.214,1062.775
68,COMPLETE,0.211,6,0.280,14,1.000,0.120,7.500,0.040,0.090,0.900,0,10,0,0.211,0.500,3.433,0.169,0.193,1074.349
69,COMPLETE,1.376,9,0.200,9,1.000,0.380,5.000,0.055,0.040,0.700,1,10,0,0.376,0.501,3.474,0.350,0.254,973.055
70,COMPLETE,1.414,7,0.310,7,1.000,0.360,7.000,0.035,0.060,0.400,1,10,0,0.414,0.567,5.238,0.427,0.255,1100.552
71,COMPLETE,0.229,3,0.420,16,1.000,0.340,6.500,0.030,0.100,0.000,0,10,0,0.229,0.508,4.387,0.183,0.196,1030.532
72,COMPLETE,0.197,7,0.190,12,1.000,0.180,5.000,0.060,0.110,0.400,0,10,0,0.197,0.392,1.581,0.158,0.222,1000.819
73,COMPLETE,1.456,7,0.370,4,1.000,0.120,5.000,0.060,0.070,0.500,1,10,0,0.456,0.581,4.115,0.409,0.334,1003.537
74,COMPLETE,0.438,10,0.310,4,1.000,0.240,4.500,0.035,0.040,0.600,0,10,0,0.438,0.637,7.168,0.814,0.219,1016.793
75,COMPLETE,0.148,3,0.250,13,1.000,0.100,8.500,0.025,0.060,0.000,0,10,0,0.148,0.314,1.842,0.118,0.205,754.155
76,COMPLETE,2.474,8,0.390,10,1.000,0.240,8.000,0.055,0.080,0.200,2,10,0,0.474,0.676,5.478,0.413,0.379,1261.062
77,COMPLETE,5.857,10,0.450,12,1.000,0.380,8.500,0.015,0.090,0.300,5,10,0,0.857,0.708,9.840,0.782,0.541,1243.724
78,COMPLETE,0.176,3,0.220,7,1.000,0.120,6.000,0.020,0.080,0.300,0,10,0,0.176,0.287,2.022,0.141,0.182,736.602
79,COMPLETE,4.886,10,0.390,9,1.000,0.480,9.000,0.010,0.100,0.900,4,10,0,0.886,0.641,9.666,0.795,0.514,1228.546
80,COMPLETE,4.930,10,0.370,10,1.000,0.500,9.000,0.010,0.100,0.900,4,10,0,0.930,0.642,9.823,0.808,0.684,1201.620
81,COMPLETE,3.971,10,0.380,10,1.000,0.500,9.000,0.010,0.100,0.900,3,10,0,0.971,0.652,9.947,0.788,0.683,1179.809
82,COMPLETE,4.930,10,0.370,10,1.000,0.500,9.000,0.010,0.100,0.900,4,10,0,0.930,0.642,9.823,0.808,0.684,1207.768
83,COMPLETE,11.000,10,0.260,10,1.000,0.520,9.000,0.050,0.100,0.900,10,10,0,1.000,0.534,4.659,0.847,0.825,1167.992
84,COMPLETE,8.944,10,0.370,10,1.000,0.520,9.000,0.010,0.100,0.900,8,10,0,0.944,0.652,10.219,0.841,0.669,1168.024
85,COMPLETE,3.971,10,0.380,10,1.000,0.500,9.000,0.010,0.100,0.900,3,10,0,0.971,0.652,9.947,0.788,0.683,1166.518
86,COMPLETE,5.972,10,0.380,10,1.000,0.460,9.000,0.015,0.100,0.900,5,10,0,0.972,0.655,9.455,0.812,0.688,1219.382
87,COMPLETE,7.972,10,0.260,10,1.000,0.460,9.000,0.010,0.100,0.900,7,10,0,0.972,0.515,7.425,0.802,0.709,1060.692
88,COMPLETE,3.971,10,0.380,10,1.000,0.500,9.000,0.010,0.100,0.900,3,10,0,0.971,0.652,9.947,0.788,0.683,1174.008
89,COMPLETE,6.955,10,0.380,10,1.000,0.460,9.000,0.010,0.100,0.900,6,10,0,0.955,0.654,9.867,0.830,0.623,1220.723
90,COMPLETE,7.972,10,0.260,10,1.000,0.460,9.000,0.010,0.100,0.900,7,10,0,0.972,0.515,7.425,0.802,0.709,1051.441
91,COMPLETE,6.993,10,0.250,10,1.000,0.460,9.000,0.010,0.100,0.900,6,10,0,0.993,0.501,7.240,0.826,0.683,1101.809
92,COMPLETE,5.987,10,0.250,10,1.000,0.520,9.000,0.010,0.100,0.900,5,10,0,0.987,0.498,7.426,0.813,0.712,1059.060
93,COMPLETE,6.993,10,0.250,10,1.000,0.460,9.000,0.010,0.100,0.900,6,10,0,0.993,0.501,7.240,0.826,0.683,1100.746
94,COMPLETE,9.941,10,0.250,10,1.000,0.520,9.000,0.050,0.100,0.900,9,10,0,0.941,0.518,4.325,0.835,0.784,1168.804
95,COMPLETE,9.941,10,0.250,10,1.000,0.520,9.000,0.050,0.100,0.900,9,10,0,0.941,0.518,4.325,0.835,0.784,1165.197
96,COMPLETE,6.953,10,0.260,10,1.000,0.440,6.500,0.015,0.100,0.800,6,10,0,0.953,0.587,8.214,0.811,0.605,1104.479
97,COMPLETE,3.966,10,0.260,15,1.000,0.440,6.500,0.015,0.120,0.800,3,10,0,0.966,0.575,7.979,0.784,0.620,1132.102
98,COMPLETE,5.994,5,0.260,15,1.000,0.600,6.500,0.015,0.130,0.800,5,10,0,0.994,0.396,5.513,0.810,0.762,910.996
99,COMPLETE,2.931,10,0.250,15,1.000,0.460,6.500,0.050,0.130,1.000,2,10,0,0.931,0.555,5.150,0.746,0.661,1205.719
100,COMPLETE,6.980,10,0.260,11,1.000,0.520,9.000,0.050,0.120,1.000,6,10,0,0.980,0.524,4.447,0.819,0.758,1162.548
101,COMPLETE,5.987,10,0.250,11,1.000,0.460,9.000,0.050,0.120,1.000,5,10,0,0.987,0.504,3.943,0.812,0.754,1140.351
102,COMPLETE,6.923,10,0.250,15,1.000,0.440,9.000,0.015,0.090,1.000,6,10,0,0.923,0.507,6.775,0.808,0.647,1084.559
103,COMPLETE,6.985,10,0.250,11,1.000,0.440,9.000,0.050,0.130,1.000,6,10,0,0.985,0.505,3.943,0.811,0.734,1156.024
104,COMPLETE,7.981,10,0.250,11,1.000,0.440,9.000,0.050,0.120,1.000,7,10,0,0.981,0.509,3.973,0.804,0.786,1159.074
105,COMPLETE,5.989,10,0.250,11,1.000,0.440,8.500,0.050,0.120,1.000,5,10,0,0.989,0.521,4.193,0.798,0.769,1164.951
106,COMPLETE,7.993,10,0.260,11,1.000,0.440,8.500,0.050,0.120,1.000,7,10,0,0.993,0.538,4.539,0.822,0.757,1182.998
107,COMPLETE,8.994,9,0.270,11,1.000,0.440,8.500,0.050,0.090,1.000,8,10,0,0.994,0.550,4.723,0.852,0.832,1177.211
108,COMPLETE,4.982,9,0.260,11,1.000,0.440,8.500,0.050,0.130,1.000,4,10,0,0.982,0.516,4.036,0.795,0.771,1147.622
109,COMPLETE,8.993,9,0.270,15,1.000,0.440,8.500,0.050,0.120,1.000,8,10,0,0.993,0.530,4.438,0.831,0.816,1177.524
110,COMPLETE,7.991,10,0.270,11,1.000,0.440,8.500,0.050,0.120,1.000,7,10,0,0.991,0.558,4.927,0.821,0.764,1176.730
111,COMPLETE,6.961,9,0.270,11,1.000,0.440,8.500,0.050,0.120,1.000,6,10,0,0.961,0.522,4.175,0.787,0.776,1162.575
112,COMPLETE,5.980,9,0.280,11,1.000,0.540,8.500,0.050,0.120,1.000,5,10,0,0.980,0.531,4.743,0.814,0.744,1156.532
113,COMPLETE,9.999,9,0.270,11,1.000,0.540,8.500,0.050,0.120,1.000,9,10,0,0.999,0.530,4.683,0.839,0.804,1151.305
114,COMPLETE,9.996,9,0.270,11,1.000,0.540,8.500,0.050,0.110,1.000,9,10,0,0.996,0.537,4.820,0.839,0.807,1160.242
115,COMPLETE,9.996,9,0.270,11,1.000,0.540,8.500,0.050,0.110,1.000,9,10,0,0.996,0.537,4.820,0.839,0.807,1162.370
116,COMPLETE,9.996,9,0.270,11,1.000,0.540,8.500,0.050,0.110,1.000,9,10,0,0.996,0.537,4.820,0.839,0.807,1153.759
117,COMPLETE,8.996,9,0.270,9,1.000,0.540,8.500,0.050,0.110,1.000,8,10,0,0.996,0.532,4.697,0.837,0.799,1147.233
118,COMPLETE,8.996,9,0.270,9,1.000,0.540,8.500,0.050,0.110,1.000,8,10,0,0.996,0.532,4.697,0.837,0.799,1149.458
119,COMPLETE,8.996,9,0.270,9,1.000,0.540,8.500,0.050,0.110,1.000,8,10,0,0.996,0.532,4.697,0.837,0.799,1158.323
120,COMPLETE,11.000,9,0.280,9,1.000,0.540,8.500,0.055,0.110,1.000,10,10,0,1.000,0.546,4.653,0.839,0.811,1186.899
121,COMPLETE,8.993,9,0.270,9,1.000,0.540,8.500,0.055,0.110,1.000,8,10,0,0.993,0.534,4.283,0.821,0.830,1178.474
122,COMPLETE,8.993,9,0.270,9,1.000,0.540,8.500,0.055,0.110,1.000,8,10,0,0.993,0.534,4.283,0.821,0.830,1183.670
123,COMPLETE,11.000,9,0.280,9,1.000,0.540,8.500,0.055,0.110,1.000,10,10,0,1.000,0.546,4.653,0.839,0.811,1193.221
124,COMPLETE,9.945,9,0.240,9,1.000,0.540,8.500,0.055,0.110,1.000,9,10,0,0.945,0.491,3.388,0.802,0.782,1145.715
125,COMPLETE,8.993,9,0.270,9,1.000,0.540,8.500,0.055,0.110,1.000,8,10,0,0.993,0.534,4.283,0.821,0.830,1190.845
126,COMPLETE,11.000,9,0.280,9,1.000,0.540,8.500,0.055,0.110,1.000,10,10,0,1.000,0.546,4.653,0.839,0.811,1184.957
127,COMPLETE,11.000,9,0.280,9,1.000,0.540,8.500,0.055,0.110,1.000,10,10,0,1.000,0.546,4.653,0.839,0.811,1177.656
128,COMPLETE,7.952,9,0.270,9,1.000,0.480,8.500,0.055,0.110,1.000,7,10,0,0.952,0.531,4.092,0.789,0.774,1157.669
129,COMPLETE,8.965,9,0.240,9,1.000,0.540,8.000,0.055,0.110,1.000,8,10,0,0.965,0.517,3.807,0.812,0.777,1143.507
130,COMPLETE,9.996,9,0.240,9,1.000,0.520,8.000,0.055,0.110,1.000,9,10,0,0.996,0.519,3.843,0.840,0.804,1144.399
131,COMPLETE,7.937,9,0.280,9,1.000,0.520,8.000,0.055,0.110,1.000,7,10,0,0.937,0.576,4.944,0.787,0.761,1195.054
132,COMPLETE,9.998,9,0.290,9,1.000,0.540,8.000,0.055,0.110,1.000,9,10,0,0.998,0.582,5.369,0.846,0.813,1204.188
133,COMPLETE,9.998,9,0.290,9,1.000,0.540,8.000,0.055,0.110,1.000,9,10,0,0.998,0.582,5.369,0.846,0.813,1202.901
134,COMPLETE,6.982,9,0.280,9,1.000,0.540,8.000,0.055,0.110,1.000,6,10,0,0.982,0.567,4.896,0.809,0.778,1189.508
135,COMPLETE,9.996,8,0.290,9,1.000,0.580,8.000,0.055,0.110,1.000,9,10,0,0.996,0.537,4.607,0.838,0.826,1155.129
136,COMPLETE,9.993,9,0.290,9,1.000,0.580,8.000,0.055,0.110,1.000,9,10,0,0.993,0.574,5.317,0.831,0.808,1194.704
137,COMPLETE,11.000,8,0.280,9,1.000,0.580,8.000,0.055,0.110,1.000,10,10,0,1.000,0.539,4.509,0.838,0.815,1153.549
138,COMPLETE,9.996,8,0.290,9,1.000,0.580,8.000,0.055,0.110,1.000,9,10,0,0.996,0.537,4.607,0.838,0.826,1152.649
139,COMPLETE,11.000,8,0.290,9,1.000,0.540,8.000,0.055,0.110,1.000,10,10,0,1.000,0.546,4.693,0.844,0.824,1159.068
140,COMPLETE,9.996,8,0.290,9,1.000,0.580,8.000,0.055,0.110,1.000,9,10,0,0.996,0.537,4.607,0.838,0.826,1162.392
141,COMPLETE,9.996,8,0.290,9,1.000,0.580,8.000,0.055,0.110,1.000,9,10,0,0.996,0.537,4.607,0.838,0.826,1161.327
142,COMPLETE,9.996,8,0.290,9,1.000,0.580,8.000,0.055,0.110,1.000,9,10,0,0.996,0.537,4.607,0.838,0.826,1155.289
143,COMPLETE,9.996,8,0.290,9,1.000,0.580,8.000,0.055,0.110,1.000,9,10,0,0.996,0.537,4.607,0.838,0.826,1157.544
144,COMPLETE,9.998,8,0.290,8,1.000,0.520,8.000,0.055,0.110,0.900,9,10,0,0.998,0.549,4.540,0.834,0.820,1155.742
145,COMPLETE,9.982,8,0.290,12,1.000,0.580,8.000,0.055,0.110,0.900,9,10,0,0.982,0.542,4.591,0.836,0.778,1165.965
146,COMPLETE,9.999,8,0.290,8,1.000,0.580,8.000,0.055,0.110,1.000,9,10,0,0.999,0.557,4.856,0.837,0.826,1163.497
147,COMPLETE,10.000,8,0.290,8,1.000,0.580,8.000,0.055,0.110,0.900,9,10,0,1.000,0.534,4.539,0.845,0.802,1176.180
148,COMPLETE,9.999,8,0.290,8,1.000,0.580,8.000,0.055,0.110,1.000,9,10,0,0.999,0.557,4.856,0.837,0.826,1167.791
149,COMPLETE,9.999,8,0.290,8,1.000,0.580,8.000,0.055,0.110,1.000,9,10,0,0.999,0.557,4.856,0.837,0.826,1161.538
150,COMPLETE,7.990,8,0.290,8,1.000,0.560,8.000,0.055,0.110,1.000,7,10,0,0.990,0.542,4.505,0.821,0.789,1171.204
151,COMPLETE,8.993,8,0.290,8,1.000,0.580,8.000,0.060,0.110,1.000,8,10,0,0.993,0.548,4.299,0.833,0.807,1170.451
152,COMPLETE,8.993,8,0.290,8,1.000,0.580,8.000,0.060,0.110,1.000,8,10,0,0.993,0.548,4.299,0.833,0.807,1168.958
153,COMPLETE,11.000,8,0.290,8,1.000,0.560,8.000,0.060,0.110,1.000,10,10,0,1.000,0.558,4.352,0.858,0.829,1187.094
154,COMPLETE,11.000,8,0.300,8,1.000,0.560,8.000,0.060,0.110,1.000,10,10,0,1.000,0.563,4.575,0.859,0.839,1190.091
155,COMPLETE,8.994,8,0.310,8,1.000,0.560,8.000,0.060,0.110,1.000,8,10,0,0.994,0.570,4.728,0.832,0.810,1201.219
156,COMPLETE,11.000,8,0.300,8,1.000,0.560,8.000,0.060,0.110,1.000,10,10,0,1.000,0.563,4.575,0.859,0.839,1193.694
157,COMPLETE,8.994,8,0.310,8,1.000,0.560,8.000,0.060,0.110,1.000,8,10,0,0.994,0.570,4.728,0.832,0.810,1196.130
158,COMPLETE,9.997,8,0.310,8,1.000,0.560,7.500,0.060,0.110,1.000,9,10,0,0.997,0.577,5.009,0.851,0.805,1198.810
159,COMPLETE,8.997,8,0.310,8,1.000,0.520,7.500,0.060,0.110,0.900,8,10,0,0.997,0.575,4.839,0.834,0.788,1202.439
160,COMPLETE,9.996,8,0.300,8,1.000,0.560,7.500,0.060,0.110,0.900,9,10,0,0.996,0.572,4.819,0.844,0.800,1184.233
161,COMPLETE,9.999,8,0.310,8,1.000,0.560,7.500,0.060,0.110,0.900,9,10,0,0.999,0.577,4.966,0.842,0.785,1195.683
162,COMPLETE,9.999,8,0.310,8,1.000,0.560,7.500,0.060,0.110,0.900,9,10,0,0.999,0.577,4.966,0.842,0.785,1196.443
163,COMPLETE,9.999,8,0.310,8,1.000,0.560,7.500,0.060,0.110,0.900,9,10,0,0.999,0.577,4.966,0.842,0.785,1193.291
164,COMPLETE,9.996,8,0.300,8,1.000,0.560,7.500,0.060,0.110,0.900,9,10,0,0.996,0.572,4.819,0.844,0.800,1187.893
165,COMPLETE,7.994,8,0.310,8,1.000,0.560,7.500,0.060,0.120,0.900,7,10,0,0.994,0.569,4.849,0.832,0.800,1196.733
166,COMPLETE,9.997,8,0.310,8,1.000,0.600,7.500,0.060,0.110,0.900,9,10,0,0.997,0.580,5.140,0.843,0.813,1193.510
167,COMPLETE,9.998,8,0.310,8,1.000,0.600,7.500,0.060,0.120,0.900,9,10,0,0.998,0.576,4.991,0.831,0.770,1200.603
168,COMPLETE,9.998,8,0.310,8,1.000,0.600,7.500,0.060,0.120,0.900,9,10,0,0.998,0.576,4.991,0.831,0.770,1199.599
169,COMPLETE,9.998,8,0.310,8,1.000,0.600,7.500,0.060,0.120,0.900,9,10,0,0.998,0.576,4.991,0.831,0.770,1203.146
170,COMPLETE,5.994,8,0.310,8,1.000,0.600,7.500,0.055,0.120,0.900,5,10,0,0.994,0.567,5.296,0.811,0.797,1187.876
171,COMPLETE,7.995,8,0.300,8,1.000,0.600,8.000,0.060,0.120,0.900,7,10,0,0.995,0.558,4.548,0.826,0.798,1178.612
172,COMPLETE,7.995,8,0.300,8,1.000,0.600,8.000,0.060,0.120,0.900,7,10,0,0.995,0.558,4.548,0.826,0.798,1176.672
173,COMPLETE,8.989,8,0.300,7,1.000,0.600,7.500,0.060,0.120,0.900,8,10,0,0.989,0.564,4.661,0.819,0.792,1171.905
174,COMPLETE,11.000,8,0.300,7,1.000,0.560,7.500,0.060,0.120,0.900,10,10,0,1.000,0.564,4.562,0.827,0.799,1165.397
175,COMPLETE,7.992,8,0.300,8,1.000,0.600,7.500,0.060,0.120,0.900,7,10,0,0.992,0.568,4.841,0.840,0.798,1189.343
176,COMPLETE,8.989,8,0.300,7,1.000,0.600,7.500,0.060,0.120,0.900,8,10,0,0.989,0.564,4.661,0.819,0.792,1170.261
177,COMPLETE,8.989,8,0.300,7,1.000,0.600,7.500,0.060,0.120,0.900,8,10,0,0.989,0.564,4.661,0.819,0.792,1173.354
178,COMPLETE,8.989,8,0.300,7,1.000,0.600,7.500,0.060,0.120,0.900,8,10,0,0.989,0.564,4.661,0.819,0.792,1166.636
179,COMPLETE,7.988,8,0.320,7,1.000,0.600,7.500,0.060,0.120,0.900,7,10,0,0.988,0.576,5.059,0.811,0.791,1183.060
180,COMPLETE,8.989,8,0.300,7,1.000,0.600,7.500,0.060,0.120,0.900,8,10,0,0.989,0.564,4.661,0.819,0.792,1169.107
181,COMPLETE,7.998,7,0.320,7,1.000,0.600,7.500,0.060,0.120,0.900,7,10,0,0.998,0.544,4.368,0.836,0.786,1147.951
182,COMPLETE,7.998,7,0.320,7,1.000,0.600,7.500,0.060,0.120,0.900,7,10,0,0.998,0.544,4.368,0.836,0.786,1164.509
183,COMPLETE,11.000,7,0.320,7,1.000,0.600,7.500,0.060,0.100,0.900,10,10,0,1.000,0.568,4.735,0.848,0.846,1173.038
184,COMPLETE,8.937,7,0.320,7,1.000,0.560,7.500,0.060,0.100,0.800,8,10,0,0.937,0.562,4.402,0.808,0.747,1155.687
185,COMPLETE,8.903,7,0.320,7,1.000,0.560,8.000,0.060,0.100,0.800,8,10,0,0.903,0.550,4.044,0.767,0.729,1169.969
186,COMPLETE,8.956,7,0.320,7,1.000,0.560,8.000,0.060,0.110,0.900,8,10,0,0.956,0.538,3.926,0.793,0.773,1152.410
187,COMPLETE,8.963,7,0.320,7,1.000,0.560,8.000,0.060,0.110,0.800,8,10,0,0.963,0.540,3.995,0.806,0.785,1151.100
188,COMPLETE,8.963,7,0.320,7,1.000,0.560,8.000,0.060,0.110,0.800,8,10,0,0.963,0.540,3.995,0.806,0.785,1148.940
189,COMPLETE,6.786,7,0.280,7,1.000,0.560,8.000,0.055,0.110,0.800,6,10,0,0.786,0.498,3.359,0.667,0.649,1110.489
190,COMPLETE,8.937,7,0.320,7,1.000,0.560,7.500,0.060,0.100,0.800,8,10,0,0.937,0.562,4.402,0.808,0.747,1159.791
191,COMPLETE,8.944,7,0.320,7,1.000,0.560,8.000,0.060,0.100,0.900,8,10,0,0.944,0.545,4.110,0.797,0.757,1154.827
192,COMPLETE,8.991,7,0.320,7,1.000,0.560,8.000,0.055,0.100,1.000,8,10,0,0.991,0.549,4.615,0.830,0.839,1143.345
193,COMPLETE,11.000,7,0.320,7,1.000,0.560,8.000,0.055,0.100,0.800,10,10,0,1.000,0.541,4.553,0.852,0.840,1143.301
194,COMPLETE,7.819,7,0.280,7,1.000,0.560,8.000,0.055,0.100,0.800,7,10,0,0.819,0.498,3.356,0.697,0.642,1100.386
195,COMPLETE,7.819,7,0.280,7,1.000,0.560,8.000,0.055,0.100,0.800,7,10,0,0.819,0.498,3.356,0.697,0.642,1100.090
196,COMPLETE,6.786,7,0.280,7,1.000,0.560,8.000,0.055,0.110,0.800,6,10,0,0.786,0.498,3.359,0.667,0.649,1114.759
197,COMPLETE,7.866,7,0.280,8,1.000,0.560,8.000,0.055,0.110,0.800,7,10,0,0.866,0.496,3.421,0.728,0.682,1114.256
198,COMPLETE,7.866,7,0.280,8,1.000,0.560,8.000,0.055,0.110,0.800,7,10,0,0.866,0.496,3.421,0.728,0.682,1119.017
199,COMPLETE,7.886,7,0.280,6,1.000,0.560,8.000,0.055,0.100,0.800,7,10,0,0.886,0.495,3.309,0.740,0.732,1089.594
200,COMPLETE,8.879,7,0.280,8,1.000,0.560,8.000,0.055,0.100,1.000,8,10,0,0.879,0.512,3.738,0.739,0.728,1130.290
201,COMPLETE,8.924,7,0.280,8,1.000,0.560,8.000,0.055,0.100,0.800,8,10,0,0.924,0.500,3.583,0.782,0.755,1123.750
202,COMPLETE,7.996,8,0.300,6,1.000,0.580,8.000,0.055,0.100,0.800,7,10,0,0.996,0.545,4.580,0.836,0.805,1111.386
203,COMPLETE,8.985,8,0.280,8,1.000,0.580,7.000,0.055,0.100,1.000,8,10,0,0.985,0.559,5.032,0.822,0.810,1146.377
204,COMPLETE,11.000,8,0.280,6,1.000,0.580,7.000,0.055,0.100,1.000,10,10,0,1.000,0.539,4.725,0.851,0.791,1125.094
205,COMPLETE,11.000,8,0.280,6,1.000,0.580,7.000,0.055,0.100,1.000,10,10,0,1.000,0.539,4.725,0.851,0.791,1123.376
206,COMPLETE,11.000,8,0.280,8,1.000,0.580,7.000,0.055,0.110,1.000,10,10,0,1.000,0.550,5.033,0.838,0.837,1161.381
207,COMPLETE,9.996,8,0.280,6,1.000,0.580,8.000,0.055,0.110,1.000,9,10,0,0.996,0.510,3.984,0.826,0.798,1116.000
208,COMPLETE,11.000,8,0.280,8,1.000,0.580,7.000,0.055,0.110,1.000,10,10,0,1.000,0.550,5.033,0.838,0.837,1162.104
209,COMPLETE,11.000,8,0.280,8,1.000,0.580,7.000,0.055,0.110,1.000,10,10,0,1.000,0.550,5.033,0.838,0.837,1165.205
210,COMPLETE,6.995,8,0.330,6,1.000,0.580,7.000,0.055,0.110,1.000,6,10,0,0.995,0.591,5.771,0.817,0.755,1158.461
211,COMPLETE,9.997,8,0.330,6,1.000,0.580,8.000,0.055,0.110,1.000,9,10,0,0.997,0.576,5.226,0.838,0.782,1151.239
212,COMPLETE,11.000,8,0.280,8,1.000,0.580,7.000,0.055,0.110,1.000,10,10,0,1.000,0.550,5.033,0.838,0.837,1162.615
213,COMPLETE,7.993,8,0.330,8,1.000,0.580,8.000,0.055,0.110,1.000,7,10,0,0.993,0.584,5.500,0.818,0.811,1205.679
214,COMPLETE,7.993,8,0.330,8,1.000,0.580,8.000,0.055,0.110,1.000,7,10,0,0.993,0.584,5.500,0.818,0.811,1213.216
215,COMPLETE,6.995,8,0.330,6,1.000,0.580,7.000,0.055,0.110,1.000,6,10,0,0.995,0.591,5.771,0.817,0.755,1160.638
216,COMPLETE,7.986,8,0.330,6,1.000,0.580,8.500,0.055,0.110,1.000,7,10,0,0.986,0.553,4.786,0.818,0.796,1128.945
217,COMPLETE,7.986,8,0.330,6,1.000,0.580,8.500,0.055,0.110,1.000,7,10,0,0.986,0.553,4.786,0.818,0.796,1131.199
218,COMPLETE,11.000,8,0.330,8,1.000,0.580,8.500,0.055,0.110,1.000,10,10,0,1.000,0.570,5.287,0.850,0.815,1166.365
219,COMPLETE,8.995,8,0.290,6,1.000,0.580,7.000,0.055,0.110,1.000,8,10,0,0.995,0.568,5.160,0.829,0.822,1128.161
220,COMPLETE,8.993,8,0.290,8,1.000,0.580,7.000,0.055,0.110,1.000,8,10,0,0.993,0.578,5.483,0.845,0.814,1165.797
221,COMPLETE,7.986,8,0.330,6,1.000,0.580,8.500,0.055,0.110,1.000,7,10,0,0.986,0.553,4.786,0.818,0.796,1128.982
222,COMPLETE,6.984,8,0.340,6,1.000,0.580,7.000,0.055,0.110,1.000,6,10,0,0.984,0.604,5.999,0.811,0.785,1140.179
223,COMPLETE,6.995,8,0.330,6,1.000,0.580,7.000,0.055,0.110,1.000,6,10,0,0.995,0.591,5.771,0.817,0.755,1153.338
224,COMPLETE,11.000,8,0.330,6,1.000,0.580,7.000,0.055,0.090,1.000,10,10,0,1.000,0.616,6.153,0.843,0.786,1149.969
225,COMPLETE,8.985,8,0.340,6,1.000,0.580,7.000,0.055,0.090,1.000,8,10,0,0.985,0.611,6.160,0.828,0.787,1136.956
226,COMPLETE,8.995,8,0.290,6,1.000,0.580,7.000,0.055,0.110,1.000,8,10,0,0.995,0.568,5.160,0.829,0.822,1127.006
227,COMPLETE,11.000,8,0.290,9,1.000,0.580,7.000,0.055,0.110,1.000,10,10,0,1.000,0.575,5.475,0.864,0.810,1172.176
228,COMPLETE,8.995,8,0.290,6,1.000,0.580,7.000,0.055,0.110,1.000,8,10,0,0.995,0.568,5.160,0.829,0.822,1125.341
229,COMPLETE,11.000,8,0.290,9,1.000,0.580,7.000,0.055,0.110,1.000,10,10,0,1.000,0.575,5.475,0.864,0.810,1172.168
230,COMPLETE,11.000,8,0.290,9,1.000,0.580,7.000,0.055,0.100,1.000,10,10,0,1.000,0.580,5.564,0.850,0.810,1146.637
231,COMPLETE,9.999,8,0.290,9,1.000,0.540,7.000,0.055,0.100,1.000,9,10,0,0.999,0.580,5.363,0.848,0.789,1167.069
232,COMPLETE,9.997,8,0.290,9,1.000,0.520,7.000,0.055,0.100,1.000,9,10,0,0.997,0.577,5.217,0.837,0.817,1179.880
233,COMPLETE,9.997,8,0.290,9,1.000,0.520,7.000,0.055,0.100,1.000,9,10,0,0.997,0.577,5.217,0.837,0.817,1181.443
234,COMPLETE,8.999,8,0.280,9,1.000,0.520,7.000,0.055,0.100,1.000,8,10,0,0.999,0.564,5.026,0.833,0.829,1169.211
235,COMPLETE,8.999,8,0.280,9,1.000,0.520,7.000,0.055,0.100,1.000,8,10,0,0.999,0.564,5.026,0.833,0.829,1169.008
236,COMPLETE,8.999,8,0.280,9,1.000,0.520,7.000,0.055,0.100,1.000,8,10,0,0.999,0.564,5.026,0.833,0.829,1168.323
237,COMPLETE,9.999,8,0.280,9,1.000,0.540,7.000,0.055,0.100,1.000,9,10,0,0.999,0.573,5.220,0.848,0.833,1169.104
238,COMPLETE,9.999,8,0.280,9,1.000,0.540,7.000,0.055,0.100,1.000,9,10,0,0.999,0.573,5.220,0.848,0.833,1165.985
239,COMPLETE,9.999,8,0.280,9,1.000,0.540,7.000,0.055,0.100,1.000,9,10,0,0.999,0.573,5.220,0.848,0.833,1163.446
240,COMPLETE,9.999,8,0.280,9,1.000,0.540,7.000,0.055,0.100,1.000,9,10,0,0.999,0.573,5.220,0.848,0.833,1164.139
241,COMPLETE,6.982,8,0.280,5,1.000,0.540,7.000,0.055,0.090,1.000,6,10,0,0.982,0.529,4.267,0.812,0.784,1065.392
242,COMPLETE,8.997,8,0.340,5,1.000,0.540,7.000,0.055,0.100,1.000,8,10,0,0.997,0.588,5.623,0.837,0.749,1123.839
243,COMPLETE,11.000,8,0.280,9,1.000,0.540,7.000,0.055,0.090,1.000,10,10,0,1.000,0.575,5.229,0.855,0.849,1173.432
244,COMPLETE,6.982,8,0.280,5,1.000,0.540,7.000,0.055,0.090,1.000,6,10,0,0.982,0.529,4.267,0.812,0.784,1060.968
245,COMPLETE,11.000,8,0.280,9,1.000,0.540,7.000,0.055,0.090,1.000,10,10,0,1.000,0.575,5.229,0.855,0.849,1167.422
246,COMPLETE,11.000,8,0.280,9,1.000,0.540,7.000,0.055,0.090,1.000,10,10,0,1.000,0.575,5.229,0.855,0.849,1171.469
247,COMPLETE,11.000,8,0.280,9,1.000,0.520,7.000,0.055,0.090,1.000,10,10,0,1.000,0.575,5.151,0.854,0.809,1168.732
248,COMPLETE,11.000,8,0.280,9,1.000,0.540,7.000,0.055,0.090,1.000,10,10,0,1.000,0.575,5.229,0.855,0.849,1173.412
249,COMPLETE,11.000,8,0.280,9,1.000,0.540,7.000,0.055,0.090,1.000,10,10,0,1.000,0.575,5.229,0.855,0.849,1171.344
250,COMPLETE,6.982,8,0.280,5,1.000,0.540,7.000,0.055,0.090,1.000,6,10,0,0.982,0.529,4.267,0.812,0.784,1066.595
251,COMPLETE,11.000,8,0.280,9,1.000,0.540,7.000,0.055,0.090,1.000,10,10,0,1.000,0.575,5.229,0.855,0.849,1171.468
252,COMPLETE,7.991,8,0.270,5,1.000,0.540,7.000,0.055,0.090,1.000,7,10,0,0.991,0.524,4.163,0.837,0.825,1056.198
253,COMPLETE,7.978,8,0.270,9,1.000,0.540,7.000,0.055,0.110,1.000,7,10,0,0.978,0.548,4.696,0.815,0.807,1157.601
254,COMPLETE,9.999,8,0.270,9,1.000,0.540,7.000,0.055,0.090,1.000,9,10,0,0.999,0.560,4.957,0.852,0.828,1146.191
255,COMPLETE,9.999,8,0.270,9,1.000,0.540,7.000,0.055,0.090,1.000,9,10,0,0.999,0.560,4.957,0.852,0.828,1147.784
256,COMPLETE,8.996,8,0.270,9,1.000,0.600,7.000,0.055,0.090,1.000,8,10,0,0.996,0.562,5.128,0.844,0.835,1172.996
257,COMPLETE,11.000,8,0.270,9,1.000,0.600,6.500,0.055,0.090,1.000,10,10,0,1.000,0.552,5.229,0.865,0.819,1168.541
258,COMPLETE,8.996,8,0.270,9,1.000,0.600,7.000,0.055,0.090,1.000,8,10,0,0.996,0.562,5.128,0.844,0.835,1171.318
259,COMPLETE,9.999,8,0.300,9,1.000,0.600,7.000,0.055,0.090,1.000,9,10,0,0.999,0.595,5.972,0.859,0.832,1165.281
260,COMPLETE,9.997,8,0.270,9,1.000,0.560,6.500,0.055,0.090,1.000,9,10,0,0.997,0.555,5.087,0.843,0.814,1161.402
261,COMPLETE,9.997,8,0.270,9,1.000,0.560,6.500,0.055,0.090,1.000,9,10,0,0.997,0.555,5.087,0.843,0.814,1154.396
262,COMPLETE,11.000,8,0.270,9,1.000,0.600,6.500,0.055,0.090,1.000,10,10,0,1.000,0.552,5.229,0.865,0.819,1167.172
263,COMPLETE,9.997,8,0.270,9,1.000,0.560,6.500,0.055,0.090,1.000,9,10,0,0.997,0.555,5.087,0.843,0.814,1163.244
264,COMPLETE,11.000,8,0.300,9,1.000,0.560,6.500,0.055,0.110,1.000,10,10,0,1.000,0.589,5.862,0.856,0.776,1191.247
265,COMPLETE,8.994,9,0.270,9,1.000,0.560,7.000,0.050,0.110,1.000,8,10,0,0.994,0.576,5.766,0.826,0.763,1169.764
266,COMPLETE,8.982,9,0.270,9,1.000,0.600,6.500,0.050,0.110,1.000,8,10,0,0.982,0.581,6.083,0.812,0.745,1167.963
267,COMPLETE,8.994,9,0.270,9,1.000,0.560,7.000,0.050,0.110,1.000,8,10,0,0.994,0.576,5.766,0.826,0.763,1166.818
268,COMPLETE,9.996,9,0.270,10,1.000,0.600,6.500,0.050,0.110,1.000,9,10,0,0.996,0.574,6.056,0.837,0.752,1169.392
269,COMPLETE,7.991,9,0.300,10,1.000,0.560,6.500,0.050,0.110,1.000,7,10,0,0.991,0.612,6.714,0.814,0.761,1219.516
270,COMPLETE,7.991,9,0.300,10,1.000,0.560,6.500,0.050,0.110,1.000,7,10,0,0.991,0.612,6.714,0.814,0.761,1215.982
271,COMPLETE,8.994,9,0.300,10,1.000,0.560,8.500,0.060,0.110,1.000,8,10,0,0.994,0.577,4.908,0.836,0.830,1207.347
272,COMPLETE,7.984,9,0.290,10,1.000,0.560,6.500,0.050,0.110,1.000,7,10,0,0.984,0.603,6.453,0.826,0.704,1207.971
273,COMPLETE,6.984,9,0.300,8,1.000,0.560,6.500,0.050,0.110,1.000,6,10,0,0.984,0.614,6.609,0.807,0.737,1196.547
274,COMPLETE,8.990,9,0.300,10,1.000,0.560,6.500,0.060,0.110,1.000,8,10,0,0.990,0.616,6.040,0.825,0.787,1210.461
275,COMPLETE,7.991,9,0.300,10,1.000,0.560,6.500,0.050,0.110,1.000,7,10,0,0.991,0.612,6.714,0.814,0.761,1216.373
276,COMPLETE,9.998,9,0.300,10,1.000,0.560,8.500,0.050,0.110,1.000,9,10,0,0.998,0.575,5.619,0.820,0.792,1191.604
277,COMPLETE,9.994,9,0.300,10,1.000,0.580,8.500,0.050,0.110,1.000,9,10,0,0.994,0.576,5.733,0.837,0.787,1180.288
278,COMPLETE,8.988,9,0.290,8,1.000,0.580,8.500,0.050,0.110,1.000,8,10,0,0.988,0.560,5.389,0.849,0.769,1167.810
279,COMPLETE,9.994,9,0.300,10,1.000,0.580,8.500,0.050,0.110,1.000,9,10,0,0.994,0.576,5.733,0.837,0.787,1188.565
280,COMPLETE,7.963,9,0.350,10,1.000,0.580,8.500,0.050,0.110,1.000,7,10,0,0.963,0.627,6.720,0.797,0.759,1244.884
281,COMPLETE,7.963,9,0.350,10,1.000,0.580,8.500,0.050,0.110,1.000,7,10,0,0.963,0.627,6.720,0.797,0.759,1253.865
282,COMPLETE,10.000,9,0.290,10,1.000,0.580,8.500,0.060,0.110,1.000,9,10,0,1.000,0.561,4.623,0.853,0.822,1217.993
283,COMPLETE,0.243,6,0.290,10,1.000,0.580,8.500,0.060,0.080,1.000,0,10,0,0.243,0.501,2.292,0.195,0.194,1117.224
284,COMPLETE,9.999,9,0.290,8,1.000,0.580,8.500,0.060,0.110,1.000,9,10,0,0.999,0.559,4.523,0.831,0.829,1197.216
285,COMPLETE,9.999,8,0.290,8,1.000,0.580,8.500,0.060,0.110,1.000,9,10,0,0.999,0.527,3.891,0.842,0.831,1158.706
286,COMPLETE,4.603,8,0.290,8,1.000,0.580,8.500,0.060,0.080,1.000,4,10,0,0.603,0.554,3.659,0.539,0.490,1187.023
287,COMPLETE,4.603,8,0.290,8,1.000,0.580,8.500,0.060,0.080,1.000,4,10,0,0.603,0.554,3.659,0.539,0.490,1179.531
288,COMPLETE,8.993,8,0.350,8,1.000,0.580,8.500,0.060,0.110,1.000,8,10,0,0.993,0.605,5.497,0.846,0.834,1209.867
289,COMPLETE,9.999,8,0.290,8,1.000,0.580,8.500,0.060,0.110,1.000,9,10,0,0.999,0.527,3.891,0.842,0.831,1156.616
290,COMPLETE,4.603,8,0.290,8,1.000,0.580,8.500,0.060,0.080,1.000,4,10,0,0.603,0.554,3.659,0.539,0.490,1182.658
291,COMPLETE,4.603,8,0.290,8,1.000,0.580,8.500,0.060,0.080,1.000,4,10,0,0.603,0.554,3.659,0.539,0.490,1186.415
292,COMPLETE,0.214,6,0.290,8,1.000,0.580,8.500,0.060,0.080,1.000,0,10,0,0.214,0.493,2.185,0.185,0.197,1109.514
293,COMPLETE,8.880,8,0.290,8,1.000,0.580,8.500,0.055,0.080,1.000,8,10,0,0.880,0.543,4.439,0.759,0.730,1135.490
294,COMPLETE,4.573,6,0.340,8,1.000,0.500,8.500,0.060,0.100,1.000,4,10,0,0.573,0.531,3.220,0.498,0.446,1137.625
295,COMPLETE,1.362,6,0.350,8,1.000,0.580,8.500,0.060,0.080,1.000,1,10,0,0.362,0.555,3.319,0.295,0.271,1161.368
296,COMPLETE,9.991,8,0.290,8,1.000,0.580,7.000,0.060,0.100,1.000,9,10,0,0.991,0.578,4.992,0.830,0.813,1205.327
297,COMPLETE,7.985,8,0.290,8,1.000,0.500,7.000,0.045,0.100,1.000,7,10,0,0.985,0.577,5.897,0.820,0.816,1134.601
298,COMPLETE,8.993,8,0.290,8,1.000,0.580,7.000,0.060,0.130,1.000,8,10,0,0.993,0.556,4.630,0.823,0.781,1174.223
299,COMPLETE,7.985,8,0.290,8,1.000,0.500,7.000,0.045,0.100,1.000,7,10,0,0.985,0.577,5.897,0.820,0.816,1141.415
300,COMPLETE,9.999,8,0.290,8,1.000,0.500,7.000,0.060,0.100,1.000,9,10,0,0.999,0.577,4.835,0.845,0.813,1185.402
301,COMPLETE,6.940,8,0.290,8,1.000,0.520,7.000,0.045,0.100,1.000,6,10,0,0.940,0.560,5.676,0.805,0.731,1146.690
302,COMPLETE,9.999,8,0.280,8,1.000,0.520,7.000,0.055,0.100,1.000,9,10,0,0.999,0.564,5.005,0.844,0.812,1161.929
303,COMPLETE,7.798,6,0.280,8,1.000,0.520,7.000,0.055,0.100,1.000,7,10,0,0.798,0.490,3.287,0.683,0.679,1093.564
304,COMPLETE,7.967,8,0.260,8,1.000,0.500,7.000,0.055,0.100,1.000,7,10,0,0.967,0.528,4.266,0.816,0.769,1139.893
305,COMPLETE,9.999,8,0.280,8,1.000,0.520,7.000,0.055,0.100,1.000,9,10,0,0.999,0.564,5.005,0.844,0.812,1163.132
306,COMPLETE,3.471,6,0.260,8,1.000,0.500,7.000,0.055,0.100,0.700,3,10,0,0.471,0.479,2.594,0.404,0.411,1069.062
307,COMPLETE,9.995,8,0.340,7,1.000,0.500,7.000,0.055,0.100,0.700,9,10,0,0.995,0.624,6.082,0.822,0.788,1198.594
308,COMPLETE,8.996,8,0.280,7,1.000,0.520,7.000,0.045,0.100,0.700,8,10,0,0.996,0.541,5.339,0.837,0.759,1095.106
309,COMPLETE,8.999,8,0.280,7,1.000,0.500,7.000,0.055,0.100,0.700,8,10,0,0.999,0.555,4.711,0.839,0.807,1122.459
310,COMPLETE,8.998,8,0.280,7,1.000,0.520,7.000,0.055,0.100,0.900,8,10,0,0.998,0.544,4.679,0.822,0.795,1134.964
311,COMPLETE,8.945,8,0.280,7,1.000,0.500,7.000,0.055,0.100,0.900,8,10,0,0.945,0.557,4.780,0.838,0.754,1144.315
312,COMPLETE,8.998,8,0.260,7,1.000,0.520,7.000,0.055,0.100,0.900,8,10,0,0.998,0.530,4.251,0.835,0.832,1119.847
313,COMPLETE,11.000,8,0.280,7,1.000,0.520,7.000,0.055,0.100,0.700,10,10,0,1.000,0.547,4.741,0.846,0.816,1141.517
314,COMPLETE,11.000,8,0.280,7,1.000,0.520,7.000,0.055,0.100,0.700,10,10,0,1.000,0.547,4.741,0.846,0.816,1141.328
315,COMPLETE,11.000,8,0.280,7,1.000,0.520,7.000,0.055,0.100,0.700,10,10,0,1.000,0.547,4.741,0.846,0.816,1138.405
316,COMPLETE,11.000,8,0.280,7,1.000,0.520,7.000,0.055,0.100,0.700,10,10,0,1.000,0.547,4.741,0.846,0.816,1141.099
317,COMPLETE,5.986,8,0.280,7,1.000,0.600,7.000,0.055,0.140,0.900,5,10,0,0.986,0.532,4.524,0.794,0.744,1114.737
318,COMPLETE,7.992,8,0.280,7,1.000,0.600,7.000,0.055,0.100,0.900,7,10,0,0.992,0.548,4.900,0.811,0.809,1135.742
319,COMPLETE,7.994,8,0.260,7,1.000,0.600,7.000,0.055,0.110,0.900,7,10,0,0.994,0.517,4.214,0.826,0.802,1119.326
320,COMPLETE,8.991,8,0.280,7,1.000,0.600,7.000,0.055,0.110,0.900,8,10,0,0.991,0.556,4.942,0.827,0.776,1138.340
321,COMPLETE,8.991,8,0.280,7,1.000,0.600,7.000,0.055,0.110,0.900,8,10,0,0.991,0.556,4.942,0.827,0.776,1138.201
322,COMPLETE,8.991,8,0.280,7,1.000,0.600,7.000,0.055,0.110,0.900,8,10,0,0.991,0.556,4.942,0.827,0.776,1140.097
323,COMPLETE,8.991,8,0.280,7,1.000,0.600,7.000,0.055,0.110,0.900,8,10,0,0.991,0.556,4.942,0.827,0.776,1136.693
324,COMPLETE,9.999,8,0.280,6,1.000,0.600,7.000,0.055,0.110,0.900,9,10,0,0.999,0.536,4.666,0.832,0.784,1110.671
325,COMPLETE,9.999,8,0.280,6,1.000,0.600,7.000,0.055,0.110,0.900,9,10,0,0.999,0.536,4.666,0.832,0.784,1106.061
326,COMPLETE,9.999,8,0.280,6,1.000,0.600,7.000,0.055,0.110,0.900,9,10,0,0.999,0.536,4.666,0.832,0.784,1108.329
327,COMPLETE,8.996,8,0.310,6,1.000,0.600,8.000,0.055,0.110,0.900,8,10,0,0.996,0.554,4.849,0.829,0.792,1122.283
328,COMPLETE,11.000,8,0.280,9,1.000,0.600,8.000,0.055,0.110,0.900,10,10,0,1.000,0.543,4.639,0.861,0.800,1169.368
329,COMPLETE,8.995,8,0.310,9,1.000,0.600,8.000,0.055,0.110,0.900,8,10,0,0.995,0.572,5.284,0.837,0.812,1184.109
330,COMPLETE,8.996,8,0.310,6,1.000,0.600,8.000,0.055,0.110,0.900,8,10,0,0.996,0.554,4.849,0.829,0.792,1126.764
331,COMPLETE,8.995,7,0.310,6,1.000,0.600,8.000,0.055,0.110,0.900,8,10,0,0.995,0.518,4.159,0.843,0.837,1094.672
332,COMPLETE,11.000,7,0.320,6,1.000,0.600,8.000,0.055,0.110,0.900,10,10,0,1.000,0.531,4.366,0.844,0.819,1085.338
333,COMPLETE,6.982,7,0.310,6,1.000,0.560,8.000,0.055,0.110,1.000,6,10,0,0.982,0.512,3.957,0.821,0.814,1103.839
334,COMPLETE,6.982,7,0.310,6,1.000,0.560,8.000,0.055,0.110,1.000,6,10,0,0.982,0.512,3.957,0.821,0.814,1101.113
335,COMPLETE,10.000,7,0.310,9,1.000,0.560,8.000,0.055,0.110,1.000,9,10,0,1.000,0.541,4.487,0.846,0.811,1154.785
336,COMPLETE,10.000,7,0.310,9,1.000,0.560,8.000,0.055,0.110,1.000,9,10,0,1.000,0.541,4.487,0.846,0.811,1155.428
337,COMPLETE,6.982,7,0.310,6,1.000,0.560,8.000,0.055,0.110,1.000,6,10,0,0.982,0.512,3.957,0.821,0.814,1099.128
338,COMPLETE,7.997,8,0.310,6,1.000,0.560,8.000,0.055,0.110,1.000,7,10,0,0.997,0.557,4.827,0.832,0.831,1126.902
339,COMPLETE,6.982,7,0.310,6,1.000,0.560,8.000,0.055,0.110,1.000,6,10,0,0.982,0.512,3.957,0.821,0.814,1102.390
340,COMPLETE,10.000,7,0.310,9,1.000,0.560,8.000,0.055,0.110,1.000,9,10,0,1.000,0.541,4.487,0.846,0.811,1162.611
341,COMPLETE,10.000,7,0.310,9,1.000,0.560,8.000,0.055,0.110,1.000,9,10,0,1.000,0.541,4.487,0.846,0.811,1151.672
342,COMPLETE,10.000,7,0.310,9,1.000,0.560,8.000,0.055,0.110,1.000,9,10,0,1.000,0.541,4.487,0.846,0.811,1160.678
343,COMPLETE,11.000,7,0.320,9,1.000,0.560,8.000,0.055,0.110,1.000,10,10,0,1.000,0.567,5.021,0.850,0.847,1164.275
344,COMPLETE,6.850,7,0.320,9,1.000,0.560,9.000,0.055,0.110,1.000,6,10,0,0.850,0.530,4.045,0.710,0.698,1147.027
345,COMPLETE,8.995,7,0.320,9,1.000,0.560,7.500,0.055,0.110,1.000,8,10,0,0.995,0.561,4.973,0.836,0.800,1189.841
346,COMPLETE,6.850,7,0.320,9,1.000,0.560,9.000,0.055,0.110,1.000,6,10,0,0.850,0.530,4.045,0.710,0.698,1146.864
347,COMPLETE,6.750,7,0.330,9,1.000,0.560,9.000,0.060,0.110,1.000,6,10,0,0.750,0.537,3.672,0.641,0.629,1170.921
348,COMPLETE,9.993,7,0.330,9,1.000,0.560,9.000,0.060,0.120,1.000,9,10,0,0.993,0.527,3.881,0.844,0.846,1168.676
349,COMPLETE,9.993,7,0.330,9,1.000,0.560,9.000,0.060,0.120,1.000,9,10,0,0.993,0.527,3.881,0.844,0.846,1170.955
350,COMPLETE,9.996,8,0.330,9,1.000,0.540,9.000,0.060,0.120,1.000,9,10,0,0.996,0.567,4.573,0.844,0.812,1201.327
351,COMPLETE,9.954,8,0.330,9,1.000,0.560,9.000,0.060,0.120,1.000,9,10,0,0.954,0.560,4.512,0.805,0.784,1193.730
352,COMPLETE,8.998,8,0.340,9,1.000,0.540,9.000,0.060,0.120,1.000,8,10,0,0.998,0.581,4.884,0.842,0.835,1211.910
353,COMPLETE,11.000,8,0.300,9,1.000,0.540,9.000,0.060,0.120,1.000,10,10,0,1.000,0.527,3.783,0.844,0.837,1170.686
354,COMPLETE,10.000,8,0.300,9,1.000,0.540,7.500,0.060,0.120,1.000,9,10,0,1.000,0.572,4.845,0.850,0.828,1200.984
355,COMPLETE,9.996,8,0.330,9,1.000,0.540,9.000,0.060,0.120,1.000,9,10,0,0.996,0.567,4.573,0.844,0.812,1199.530
356,COMPLETE,9.996,8,0.330,9,1.000,0.540,9.000,0.060,0.120,1.000,9,10,0,0.996,0.567,4.573,0.844,0.812,1198.883
357,COMPLETE,10.000,8,0.300,9,1.000,0.540,7.500,0.060,0.120,1.000,9,10,0,1.000,0.572,4.845,0.850,0.828,1196.887
358,COMPLETE,9.996,8,0.330,9,1.000,0.540,9.000,0.060,0.120,1.000,9,10,0,0.996,0.567,4.573,0.844,0.812,1202.847
359,COMPLETE,9.996,8,0.330,9,1.000,0.540,9.000,0.060,0.120,1.000,9,10,0,0.996,0.567,4.573,0.844,0.812,1203.811
360,COMPLETE,10.000,8,0.300,9,1.000,0.540,7.500,0.060,0.120,1.000,9,10,0,1.000,0.572,4.845,0.850,0.828,1200.199
361,COMPLETE,6.984,8,0.300,9,1.000,0.540,7.500,0.060,0.130,1.000,6,10,0,0.984,0.548,4.399,0.800,0.789,1188.882
362,COMPLETE,10.000,8,0.300,9,1.000,0.540,7.500,0.060,0.120,1.000,9,10,0,1.000,0.572,4.845,0.850,0.828,1198.162
363,COMPLETE,10.000,8,0.300,9,1.000,0.540,7.500,0.060,0.120,1.000,9,10,0,1.000,0.572,4.845,0.850,0.828,1194.405
364,COMPLETE,10.000,8,0.300,9,1.000,0.540,7.500,0.060,0.120,1.000,9,10,0,1.000,0.572,4.845,0.850,0.828,1197.644
365,COMPLETE,8.994,8,0.270,8,1.000,0.540,7.500,0.060,0.130,1.000,8,10,0,0.994,0.523,3.747,0.821,0.797,1157.584
366,COMPLETE,8.994,8,0.270,8,1.000,0.540,7.500,0.060,0.130,1.000,8,10,0,0.994,0.523,3.747,0.821,0.797,1153.446
367,COMPLETE,9.999,8,0.270,8,1.000,0.540,7.500,0.060,0.110,1.000,9,10,0,0.999,0.538,3.989,0.845,0.810,1174.806
368,COMPLETE,9.999,8,0.270,8,1.000,0.540,7.500,0.060,0.110,1.000,9,10,0,0.999,0.538,3.989,0.845,0.810,1172.335
369,COMPLETE,8.994,8,0.270,8,1.000,0.540,7.500,0.060,0.130,1.000,8,10,0,0.994,0.523,3.747,0.821,0.797,1158.230
370,COMPLETE,4.953,8,0.270,8,1.000,0.580,7.500,0.040,0.130,1.000,4,10,0,0.953,0.515,5.345,0.789,0.716,1101.299
371,COMPLETE,8.988,8,0.270,8,1.000,0.580,7.500,0.055,0.130,1.000,8,10,0,0.988,0.525,4.288,0.822,0.798,1144.858
372,COMPLETE,8.991,8,0.270,8,1.000,0.580,7.500,0.055,0.110,1.000,8,10,0,0.991,0.526,4.293,0.814,0.768,1154.603
373,COMPLETE,8.991,8,0.270,8,1.000,0.580,7.500,0.055,0.110,1.000,8,10,0,0.991,0.526,4.293,0.814,0.768,1160.083
374,COMPLETE,5.981,9,0.270,8,1.000,0.580,7.500,0.055,0.110,1.000,5,10,0,0.981,0.573,5.112,0.810,0.786,1161.330
375,COMPLETE,5.981,9,0.270,8,1.000,0.580,7.500,0.055,0.110,1.000,5,10,0,0.981,0.573,5.112,0.810,0.786,1166.499
376,COMPLETE,7.983,9,0.270,8,1.000,0.580,6.000,0.055,0.110,1.000,7,10,0,0.983,0.577,5.706,0.815,0.726,1185.942
377,COMPLETE,11.000,9,0.270,8,1.000,0.580,8.500,0.055,0.110,1.000,10,10,0,1.000,0.537,4.508,0.857,0.839,1169.655
378,COMPLETE,11.000,9,0.270,8,1.000,0.580,8.500,0.055,0.110,1.000,10,10,0,1.000,0.537,4.508,0.857,0.839,1171.560
379,COMPLETE,7.984,9,0.270,8,1.000,0.580,7.000,0.055,0.110,1.000,7,10,0,0.984,0.561,5.199,0.824,0.776,1185.209
380,COMPLETE,7.984,9,0.270,8,1.000,0.580,7.000,0.055,0.110,1.000,7,10,0,0.984,0.561,5.199,0.824,0.776,1185.352
381,COMPLETE,11.000,9,0.270,8,1.000,0.580,8.500,0.055,0.110,1.000,10,10,0,1.000,0.537,4.508,0.857,0.839,1169.925
382,COMPLETE,9.992,9,0.290,8,1.000,0.580,8.500,0.055,0.110,1.000,9,10,0,0.992,0.559,4.946,0.832,0.810,1191.095
383,COMPLETE,9.992,9,0.290,8,1.000,0.580,8.500,0.055,0.110,1.000,9,10,0,0.992,0.559,4.946,0.832,0.810,1198.132
384,COMPLETE,6.988,9,0.290,8,1.000,0.580,7.000,0.055,0.110,1.000,6,10,0,0.988,0.595,5.841,0.817,0.758,1212.966
385,COMPLETE,9.997,9,0.290,8,1.000,0.580,7.000,0.055,0.100,1.000,9,10,0,0.997,0.600,6.040,0.843,0.801,1209.145
386,COMPLETE,6.989,9,0.290,5,1.000,0.580,8.500,0.055,0.100,1.000,6,10,0,0.989,0.535,4.286,0.807,0.794,1088.880
387,COMPLETE,9.997,9,0.290,8,1.000,0.580,7.000,0.055,0.100,1.000,9,10,0,0.997,0.600,6.040,0.843,0.801,1209.595
388,COMPLETE,6.981,9,0.290,5,1.000,0.580,7.000,0.055,0.100,1.000,6,10,0,0.981,0.565,5.187,0.804,0.757,1090.768
389,COMPLETE,6.981,9,0.290,5,1.000,0.580,7.000,0.055,0.100,1.000,6,10,0,0.981,0.565,5.187,0.804,0.757,1098.021
390,COMPLETE,8.991,9,0.290,8,1.000,0.580,8.500,0.055,0.100,1.000,8,10,0,0.991,0.567,5.045,0.836,0.788,1185.828
391,COMPLETE,6.981,9,0.290,5,1.000,0.580,7.000,0.055,0.100,1.000,6,10,0,0.981,0.565,5.187,0.804,0.757,1098.623
392,COMPLETE,7.985,9,0.290,5,1.000,0.580,7.000,0.050,0.100,1.000,7,10,0,0.985,0.569,5.663,0.815,0.756,1097.537
393,COMPLETE,7.986,9,0.290,8,1.000,0.580,7.000,0.050,0.100,1.000,7,10,0,0.986,0.600,6.268,0.818,0.749,1224.138
394,COMPLETE,7.982,10,0.290,8,1.000,0.580,7.000,0.055,0.100,1.000,7,10,0,0.982,0.624,6.504,0.833,0.736,1227.101
395,COMPLETE,8.992,10,0.290,9,1.000,0.580,7.000,0.050,0.100,1.000,8,10,0,0.992,0.632,7.039,0.829,0.783,1220.236
396,COMPLETE,11.000,8,0.290,10,1.000,0.580,7.000,0.055,0.100,1.000,10,10,0,1.000,0.573,5.508,0.842,0.827,1187.187
397,COMPLETE,5.864,10,0.290,5,1.000,0.580,7.000,0.050,0.100,1.000,5,10,0,0.864,0.598,6.230,0.811,0.601,1117.469
398,COMPLETE,8.982,10,0.290,5,1.000,0.560,7.000,0.050,0.100,1.000,8,10,0,0.982,0.609,6.377,0.824,0.726,1130.750
399,COMPLETE,2.974,10,0.290,10,1.000,0.560,7.000,0.050,0.100,1.000,2,10,0,0.974,0.622,6.662,0.799,0.670,1203.297
400,COMPLETE,2.974,10,0.290,10,1.000,0.560,7.000,0.050,0.100,1.000,2,10,0,0.974,0.622,6.662,0.799,0.670,1204.606
401,COMPLETE,4.985,10,0.290,4,1.000,0.560,7.000,0.050,0.100,1.000,4,10,0,0.985,0.591,6.001,0.799,0.653,1055.984
402,COMPLETE,2.422,5,0.290,10,1.000,0.560,7.000,0.050,0.100,1.000,2,10,0,0.422,0.474,2.959,0.365,0.347,1059.587
403,COMPLETE,2.974,10,0.290,10,1.000,0.560,7.000,0.050,0.100,1.000,2,10,0,0.974,0.622,6.662,0.799,0.670,1199.653
404,COMPLETE,2.906,10,0.430,10,1.000,0.560,7.000,0.050,0.100,0.900,2,10,0,0.906,0.755,9.606,0.829,0.548,1317.782
405,COMPLETE,6.978,10,0.280,4,1.000,0.560,7.000,0.050,0.100,0.900,6,10,0,0.978,0.573,5.679,0.808,0.630,1052.145
406,COMPLETE,8.997,10,0.280,10,1.000,0.560,7.000,0.050,0.100,0.900,8,10,0,0.997,0.610,6.540,0.832,0.733,1226.672
407,COMPLETE,9.999,10,0.280,9,1.000,0.560,7.000,0.050,0.100,0.900,9,10,0,0.999,0.618,6.673,0.835,0.767,1204.152
408,COMPLETE,9.999,8,0.280,10,1.000,0.560,7.000,0.050,0.100,0.900,9,10,0,0.999,0.568,5.506,0.835,0.805,1152.715
409,COMPLETE,0.278,5,0.280,10,1.000,0.560,7.000,0.055,0.110,0.900,0,10,0,0.278,0.459,2.210,0.222,0.275,1046.811
410,COMPLETE,11.000,8,0.280,9,1.000,0.560,7.000,0.050,0.110,0.900,10,10,0,1.000,0.544,5.232,0.849,0.766,1149.022
411,COMPLETE,8.944,8,0.280,9,1.000,0.560,8.000,0.050,0.090,0.900,8,10,0,0.944,0.551,5.021,0.824,0.770,1135.328
412,COMPLETE,6.751,8,0.280,9,1.000,0.560,8.000,0.055,0.090,0.000,6,10,0,0.751,0.532,3.971,0.662,0.548,1174.820
413,COMPLETE,8.997,8,0.280,9,1.000,0.560,8.000,0.055,0.110,0.900,8,10,0,0.997,0.531,4.348,0.832,0.828,1164.209
414,COMPLETE,5.692,8,0.230,9,1.000,0.560,8.000,0.055,0.090,0.900,5,10,0,0.692,0.476,2.763,0.590,0.569,1121.415
415,COMPLETE,8.997,8,0.280,9,1.000,0.560,8.000,0.055,0.110,0.900,8,10,0,0.997,0.531,4.348,0.832,0.828,1165.074
416,COMPLETE,8.997,8,0.280,9,1.000,0.560,8.000,0.055,0.110,0.900,8,10,0,0.997,0.531,4.348,0.832,0.828,1156.225
417,COMPLETE,4.626,8,0.280,9,1.000,0.560,8.000,0.055,0.070,0.900,4,10,0,0.626,0.568,4.302,0.542,0.486,1159.577
418,COMPLETE,6.986,8,0.340,9,1.000,0.560,8.000,0.055,0.110,0.900,6,10,0,0.986,0.600,5.748,0.819,0.805,1222.015
419,COMPLETE,4.626,8,0.280,9,1.000,0.560,8.000,0.055,0.070,0.900,4,10,0,0.626,0.568,4.302,0.542,0.486,1157.387
420,COMPLETE,11.000,8,0.280,9,1.000,0.600,8.000,0.055,0.110,0.900,10,10,0,1.000,0.543,4.639,0.861,0.800,1169.576
421,COMPLETE,5.652,8,0.280,9,1.000,0.600,8.000,0.055,0.070,0.900,5,10,0,0.652,0.564,4.446,0.616,0.510,1148.636
422,COMPLETE,6.777,8,0.280,9,1.000,0.600,8.000,0.055,0.070,0.800,6,10,0,0.777,0.565,4.594,0.693,0.607,1165.712
423,COMPLETE,11.000,8,0.280,9,1.000,0.600,8.000,0.055,0.110,0.800,10,10,0,1.000,0.545,4.566,0.848,0.807,1162.294
424,COMPLETE,11.000,8,0.260,9,1.000,0.600,8.000,0.055,0.110,1.000,10,10,0,1.000,0.502,3.937,0.861,0.837,1140.040
425,COMPLETE,11.000,8,0.340,9,1.000,0.600,8.000,0.055,0.090,0.800,10,10,0,1.000,0.617,6.271,0.851,0.831,1195.677
426,COMPLETE,9.999,8,0.340,7,1.000,0.600,8.000,0.055,0.110,1.000,9,10,0,0.999,0.590,5.786,0.845,0.802,1203.822
427,COMPLETE,7.929,8,0.260,7,1.000,0.600,8.000,0.055,0.110,0.000,7,10,0,0.929,0.490,3.420,0.792,0.720,1119.004
428,COMPLETE,9.999,8,0.340,6,1.000,0.600,8.000,0.055,0.110,0.800,9,10,0,0.999,0.570,5.286,0.837,0.748,1134.384
429,COMPLETE,1.296,8,0.260,7,1.000,0.280,8.500,0.055,0.070,0.800,1,10,0,0.296,0.522,2.769,0.245,0.260,1136.509
430,COMPLETE,8.996,8,0.340,7,1.000,0.600,8.500,0.055,0.110,0.800,8,10,0,0.996,0.577,5.275,0.829,0.780,1160.692
431,COMPLETE,9.980,8,0.260,7,1.000,0.600,8.500,0.055,0.110,1.000,9,10,0,0.980,0.492,3.506,0.830,0.807,1114.538
432,COMPLETE,9.939,8,0.260,7,1.000,0.600,8.500,0.055,0.110,0.800,9,10,0,0.939,0.499,3.533,0.805,0.783,1120.053
433,COMPLETE,11.000,8,0.300,7,1.000,0.600,8.500,0.055,0.110,0.800,10,10,0,1.000,0.537,4.468,0.852,0.796,1149.487
434,COMPLETE,6.983,8,0.410,7,1.000,0.600,8.500,0.055,0.110,0.800,6,10,0,0.983,0.629,6.497,0.810,0.748,1217.574
435,COMPLETE,10.000,8,0.300,7,1.000,0.600,8.500,0.055,0.110,1.000,9,10,0,1.000,0.540,4.604,0.851,0.833,1149.813
436,COMPLETE,9.932,8,0.260,7,1.000,0.520,8.500,0.055,0.110,0.800,9,10,0,0.932,0.487,3.231,0.798,0.773,1121.721
437,COMPLETE,9.932,8,0.260,7,1.000,0.520,8.500,0.055,0.110,0.800,9,10,0,0.932,0.487,3.231,0.798,0.773,1110.672
438,COMPLETE,7.938,8,0.260,7,1.000,0.520,8.500,0.055,0.110,1.000,7,10,0,0.938,0.486,3.205,0.779,0.790,1120.696
439,COMPLETE,8.891,8,0.260,7,1.000,0.520,8.500,0.060,0.110,1.000,8,10,0,0.891,0.491,2.846,0.756,0.734,1142.226
440,COMPLETE,8.891,8,0.260,7,1.000,0.520,8.500,0.060,0.110,1.000,8,10,0,0.891,0.491,2.846,0.756,0.734,1135.469
441,COMPLETE,6.928,8,0.300,7,1.000,0.520,8.500,0.060,0.110,1.000,6,10,0,0.928,0.534,3.721,0.766,0.770,1151.137
442,COMPLETE,4.980,8,0.410,6,1.000,0.520,8.500,0.060,0.110,1.000,4,10,0,0.980,0.610,5.498,0.799,0.774,1208.705
443,COMPLETE,6.928,8,0.300,7,1.000,0.520,8.500,0.060,0.110,1.000,6,10,0,0.928,0.534,3.721,0.766,0.770,1155.557
444,COMPLETE,6.928,8,0.300,7,1.000,0.520,8.500,0.060,0.110,1.000,6,10,0,0.928,0.534,3.721,0.766,0.770,1158.631
445,COMPLETE,8.994,8,0.300,6,1.000,0.520,8.500,0.060,0.110,1.000,8,10,0,0.994,0.530,3.690,0.835,0.830,1147.547
446,COMPLETE,6.928,8,0.300,7,1.000,0.520,8.500,0.060,0.110,1.000,6,10,0,0.928,0.534,3.721,0.766,0.770,1152.713
447,COMPLETE,8.994,8,0.300,6,1.000,0.520,8.500,0.060,0.110,1.000,8,10,0,0.994,0.530,3.690,0.835,0.830,1144.602
448,COMPLETE,6.985,8,0.440,6,1.000,0.520,8.500,0.060,0.110,1.000,6,10,0,0.985,0.637,6.018,0.806,0.742,1222.976
449,COMPLETE,8.994,8,0.300,6,1.000,0.520,8.500,0.060,0.110,1.000,8,10,0,0.994,0.530,3.690,0.835,0.830,1148.197
450,COMPLETE,8.994,8,0.300,6,1.000,0.520,8.500,0.060,0.110,1.000,8,10,0,0.994,0.530,3.690,0.835,0.830,1140.572
451,COMPLETE,8.994,8,0.300,6,1.000,0.520,8.500,0.060,0.110,1.000,8,10,0,0.994,0.530,3.690,0.835,0.830,1143.503
452,COMPLETE,8.995,8,0.300,8,1.000,0.520,7.000,0.060,0.110,1.000,8,10,0,0.995,0.586,5.043,0.829,0.785,1205.210
453,COMPLETE,9.994,8,0.300,6,1.000,0.540,7.000,0.060,0.110,1.000,9,10,0,0.994,0.566,4.696,0.834,0.790,1147.462
454,COMPLETE,6.981,8,0.300,6,1.000,0.540,7.000,0.060,0.140,1.000,6,10,0,0.981,0.545,4.320,0.807,0.724,1145.233
455,COMPLETE,11.000,8,0.300,6,1.000,0.540,7.000,0.060,0.090,1.000,10,10,0,1.000,0.576,4.873,0.845,0.815,1155.000
456,COMPLETE,7.998,8,0.300,6,1.000,0.540,6.000,0.060,0.090,1.000,7,10,0,0.998,0.584,5.288,0.832,0.773,1135.246
457,COMPLETE,8.941,8,0.300,6,1.000,0.540,6.500,0.060,0.090,0.100,8,10,0,0.941,0.566,4.813,0.830,0.701,1111.179
458,COMPLETE,11.000,8,0.300,6,1.000,0.540,7.000,0.060,0.090,1.000,10,10,0,1.000,0.576,4.873,0.845,0.815,1155.078
459,COMPLETE,8.990,8,0.320,8,1.000,0.540,6.500,0.060,0.110,1.000,8,10,0,0.990,0.610,5.772,0.820,0.818,1224.570
460,COMPLETE,8.996,8,0.320,8,1.000,0.540,7.000,0.045,0.090,1.000,8,10,0,0.996,0.618,6.903,0.834,0.783,1197.408
461,COMPLETE,11.000,8,0.320,8,1.000,0.540,6.500,0.060,0.090,1.000,10,10,0,1.000,0.622,6.076,0.865,0.820,1211.262
462,COMPLETE,7.995,8,0.320,8,1.000,0.540,6.500,0.055,0.090,1.000,7,10,0,0.995,0.613,6.236,0.833,0.822,1196.486
463,COMPLETE,11.000,8,0.240,8,1.000,0.540,6.500,0.055,0.090,1.000,10,10,0,1.000,0.519,4.181,0.840,0.845,1131.732
464,COMPLETE,11.000,8,0.290,8,1.000,0.540,7.000,0.055,0.090,1.000,10,10,0,1.000,0.579,5.398,0.853,0.843,1173.474
465,COMPLETE,7.995,8,0.320,8,1.000,0.540,6.500,0.055,0.090,1.000,7,10,0,0.995,0.613,6.236,0.833,0.822,1204.412
466,COMPLETE,7.982,8,0.290,8,1.000,0.540,6.500,0.055,0.140,1.000,7,10,0,0.982,0.554,5.070,0.797,0.765,1159.041
467,COMPLETE,7.993,8,0.290,8,1.000,0.540,6.500,0.045,0.140,1.000,7,10,0,0.993,0.558,5.889,0.812,0.749,1143.680
468,COMPLETE,7.995,8,0.320,8,1.000,0.540,6.500,0.055,0.090,1.000,7,10,0,0.995,0.613,6.236,0.833,0.822,1203.782
469,COMPLETE,7.995,8,0.320,8,1.000,0.540,6.500,0.055,0.090,1.000,7,10,0,0.995,0.613,6.236,0.833,0.822,1195.638
470,COMPLETE,9.995,8,0.290,8,1.000,0.360,6.500,0.055,0.090,1.000,9,10,0,0.995,0.573,4.887,0.850,0.834,1189.243
471,COMPLETE,11.000,8,0.240,8,1.000,0.580,6.500,0.055,0.090,1.000,10,10,0,1.000,0.523,4.381,0.857,0.829,1130.079
472,COMPLETE,11.000,7,0.320,8,1.000,0.580,6.500,0.055,0.100,1.000,10,10,0,1.000,0.575,5.623,0.840,0.806,1176.203
473,COMPLETE,11.000,7,0.320,8,1.000,0.580,7.000,0.055,0.100,0.600,10,10,0,1.000,0.568,5.278,0.852,0.813,1157.565
474,COMPLETE,8.992,8,0.320,8,1.000,0.580,7.000,0.055,0.100,0.600,8,10,0,0.992,0.592,5.876,0.838,0.781,1202.517
475,COMPLETE,8.992,7,0.320,12,1.000,0.580,5.000,0.055,0.100,0.600,8,10,0,0.992,0.603,6.507,0.840,0.811,1176.599
476,COMPLETE,9.997,7,0.280,8,1.000,0.580,7.000,0.055,0.100,1.000,9,10,0,0.997,0.528,4.442,0.845,0.841,1148.636
477,COMPLETE,9.997,7,0.280,8,1.000,0.580,7.000,0.055,0.100,1.000,9,10,0,0.997,0.528,4.442,0.845,0.841,1145.233
478,COMPLETE,9.997,7,0.280,8,1.000,0.580,7.000,0.055,0.100,1.000,9,10,0,0.997,0.528,4.442,0.845,0.841,1145.141
479,COMPLETE,11.000,7,0.290,8,1.000,0.580,7.000,0.055,0.100,1.000,10,10,0,1.000,0.540,4.765,0.870,0.842,1133.391
480,COMPLETE,0.205,7,0.190,9,1.000,0.580,7.000,0.055,0.100,0.500,0,10,0,0.205,0.405,1.335,0.164,0.184,1032.161
481,COMPLETE,2.442,7,0.280,9,1.000,0.180,7.000,0.055,0.100,1.000,2,10,0,0.442,0.536,3.288,0.366,0.391,1167.792
482,COMPLETE,8.907,7,0.280,9,1.000,0.580,7.000,0.055,0.100,0.600,8,10,0,0.907,0.524,4.168,0.785,0.715,1146.241
483,COMPLETE,9.932,7,0.280,9,1.000,0.580,7.000,0.055,0.100,1.000,9,10,0,0.932,0.534,4.435,0.798,0.765,1152.473
484,COMPLETE,9.999,7,0.280,9,1.000,0.580,7.000,0.040,0.100,1.000,9,10,0,0.999,0.532,5.755,0.841,0.816,1109.471
485,COMPLETE,9.995,7,0.280,12,1.000,0.580,7.000,0.055,0.100,1.000,9,10,0,0.995,0.540,4.701,0.860,0.837,1155.373
486,COMPLETE,8.907,7,0.280,9,1.000,0.580,7.000,0.055,0.100,0.600,8,10,0,0.907,0.524,4.168,0.785,0.715,1142.849
487,COMPLETE,9.932,7,0.280,9,1.000,0.580,7.000,0.055,0.100,1.000,9,10,0,0.932,0.534,4.435,0.798,0.765,1146.333
488,COMPLETE,8.996,9,0.280,9,1.000,0.580,7.000,0.055,0.100,0.500,8,10,0,0.996,0.590,5.700,0.841,0.784,1160.072
489,COMPLETE,8.975,9,0.280,9,1.000,0.580,7.000,0.055,0.100,1.000,8,10,0,0.975,0.583,5.623,0.829,0.709,1203.261
490,COMPLETE,0.291,9,0.280,9,1.000,0.140,7.000,0.055,0.110,0.500,0,10,0,0.291,0.589,3.979,0.238,0.226,1200.209
491,COMPLETE,9.998,9,0.280,9,1.000,0.580,7.000,0.055,0.110,1.000,9,10,0,0.998,0.588,5.764,0.853,0.779,1205.181
492,COMPLETE,8.993,9,0.280,9,1.000,0.560,7.000,0.055,0.110,1.000,8,10,0,0.993,0.590,5.672,0.828,0.804,1219.059
493,COMPLETE,8.993,9,0.280,9,1.000,0.560,7.000,0.055,0.110,1.000,8,10,0,0.993,0.590,5.672,0.828,0.804,1214.432
494,COMPLETE,8.993,9,0.280,9,1.000,0.560,7.000,0.055,0.110,1.000,8,10,0,0.993,0.590,5.672,0.828,0.804,1207.616
495,COMPLETE,8.993,9,0.280,9,1.000,0.560,7.000,0.055,0.110,1.000,8,10,0,0.993,0.590,5.672,0.828,0.804,1213.402
496,COMPLETE,8.997,9,0.270,9,1.000,0.560,8.000,0.055,0.110,1.000,8,10,0,0.997,0.545,4.616,0.829,0.788,1187.736
497,COMPLETE,8.997,9,0.270,9,1.000,0.560,8.000,0.055,0.110,1.000,8,10,0,0.997,0.545,4.616,0.829,0.788,1190.300
498,COMPLETE,8.997,9,0.270,9,1.000,0.560,8.000,0.055,0.110,1.000,8,10,0,0.997,0.545,4.616,0.829,0.788,1190.822
499,COMPLETE,8.997,9,0.270,9,1.000,0.560,8.000,0.055,0.110,1.000,8,10,0,0.997,0.545,4.616,0.829,0.788,1192.263
500,COMPLETE,0.169,4,0.270,9,1.000,0.560,8.000,0.055,0.120,1.000,0,10,0,0.169,0.395,1.022,0.136,0.207,929.281
501,COMPLETE,6.993,9,0.270,9,1.000,0.560,8.000,0.055,0.120,1.000,6,10,0,0.993,0.546,4.641,0.819,0.787,1177.723
502,COMPLETE,6.993,9,0.270,9,1.000,0.560,8.000,0.055,0.120,1.000,6,10,0,0.993,0.546,4.641,0.819,0.787,1179.677
503,COMPLETE,6.993,9,0.270,9,1.000,0.560,8.000,0.055,0.120,1.000,6,10,0,0.993,0.546,4.641,0.819,0.787,1184.269
504,COMPLETE,8.997,9,0.270,9,1.000,0.560,8.000,0.055,0.110,1.000,8,10,0,0.997,0.545,4.616,0.829,0.788,1191.571
505,COMPLETE,7.991,8,0.270,9,1.000,0.560,8.000,0.055,0.120,1.000,7,10,0,0.991,0.513,4.042,0.831,0.815,1151.488
506,COMPLETE,8.997,9,0.270,9,1.000,0.560,8.000,0.055,0.110,1.000,8,10,0,0.997,0.545,4.616,0.829,0.788,1189.292
507,COMPLETE,0.150,4,0.270,9,1.000,0.560,8.000,0.055,0.110,0.900,0,10,0,0.150,0.393,1.011,0.120,0.202,934.364
508,COMPLETE,8.984,8,0.270,10,1.000,0.560,8.000,0.055,0.120,0.900,8,10,0,0.984,0.516,3.982,0.813,0.798,1149.936
509,COMPLETE,8.893,8,0.270,10,1.000,0.560,9.000,0.055,0.120,1.000,8,10,0,0.893,0.493,3.342,0.764,0.722,1121.551
510,COMPLETE,8.920,8,0.270,10,1.000,0.480,8.000,0.055,0.120,0.900,8,10,0,0.920,0.525,3.894,0.780,0.765,1147.515
511,COMPLETE,8.998,8,0.290,10,1.000,0.560,7.500,0.060,0.120,0.900,8,10,0,0.998,0.567,4.644,0.839,0.799,1200.300
512,COMPLETE,6.863,8,0.290,8,1.000,0.320,7.500,0.050,0.110,0.900,6,10,0,0.863,0.547,4.346,0.742,0.645,1200.428
513,COMPLETE,8.991,8,0.290,8,1.000,0.600,7.500,0.050,0.110,0.900,8,10,0,0.991,0.556,5.388,0.829,0.780,1186.726
514,COMPLETE,7.867,6,0.290,8,1.000,0.600,7.500,0.050,0.110,0.900,7,10,0,0.867,0.493,3.900,0.750,0.702,1124.389
515,COMPLETE,8.997,8,0.290,8,1.000,0.600,4.500,0.050,0.110,0.900,8,10,0,0.997,0.583,6.790,0.830,0.773,1202.263
516,COMPLETE,8.996,8,0.290,8,1.000,0.600,9.000,0.050,0.110,0.900,8,10,0,0.996,0.515,4.469,0.838,0.811,1166.828
517,COMPLETE,2.542,6,0.290,8,1.000,0.600,7.500,0.050,0.110,0.200,2,10,0,0.542,0.491,3.375,0.448,0.415,1116.535
518,COMPLETE,8.991,8,0.290,8,1.000,0.600,7.500,0.050,0.110,0.900,8,10,0,0.991,0.556,5.388,0.829,0.780,1178.338
519,COMPLETE,7.867,6,0.290,8,1.000,0.600,7.500,0.050,0.110,0.900,7,10,0,0.867,0.493,3.900,0.750,0.702,1120.498
520,COMPLETE,8.994,8,0.290,8,1.000,0.600,7.500,0.050,0.110,0.200,8,10,0,0.994,0.544,5.180,0.832,0.757,1167.421
521,COMPLETE,8.991,8,0.290,8,1.000,0.600,7.500,0.050,0.110,0.900,8,10,0,0.991,0.556,5.388,0.829,0.780,1173.788
522,COMPLETE,8.847,8,0.290,8,1.000,0.600,9.000,0.060,0.110,0.900,8,10,0,0.847,0.523,3.496,0.720,0.727,1202.176
523,COMPLETE,7.867,6,0.290,8,1.000,0.600,7.500,0.050,0.110,0.900,7,10,0,0.867,0.493,3.900,0.750,0.702,1116.787
524,COMPLETE,8.991,8,0.290,8,1.000,0.600,7.500,0.050,0.110,0.900,8,10,0,0.991,0.556,5.388,0.829,0.780,1173.034
525,COMPLETE,9.998,8,0.290,8,1.000,0.580,4.500,0.050,0.110,0.200,9,10,0,0.998,0.579,6.702,0.849,0.780,1171.255
526,COMPLETE,3.481,6,0.290,8,1.000,0.600,7.500,0.060,0.110,0.900,3,10,0,0.481,0.502,2.711,0.399,0.416,1152.236
527,COMPLETE,8.991,8,0.290,8,1.000,0.600,7.500,0.050,0.110,0.900,8,10,0,0.991,0.556,5.388,0.829,0.780,1179.536
528,COMPLETE,9.999,8,0.290,8,1.000,0.600,4.500,0.060,0.110,0.900,9,10,0,0.999,0.582,6.202,0.841,0.771,1216.460
529,COMPLETE,11.000,8,0.290,11,1.000,0.580,7.500,0.060,0.110,1.000,10,10,0,1.000,0.562,4.678,0.845,0.822,1236.332
530,COMPLETE,6.747,8,0.220,8,1.000,0.580,7.500,0.060,0.110,1.000,6,10,0,0.747,0.468,2.398,0.639,0.630,1160.704
531,COMPLETE,6.985,8,0.330,8,1.000,0.580,7.000,0.060,0.110,1.000,6,10,0,0.985,0.604,5.715,0.812,0.777,1263.037
532,COMPLETE,8.987,8,0.290,11,1.000,0.580,7.000,0.060,0.110,1.000,8,10,0,0.987,0.573,5.009,0.837,0.798,1238.936
533,COMPLETE,0.156,3,0.290,11,1.000,0.580,7.000,0.060,0.110,1.000,0,10,0,0.156,0.389,0.773,0.128,0.180,877.558
534,COMPLETE,11.000,8,0.330,11,1.000,0.580,7.000,0.060,0.110,1.000,10,10,0,1.000,0.619,6.046,0.846,0.796,1274.724
535,COMPLETE,9.999,8,0.330,7,1.000,0.580,7.000,0.060,0.110,1.000,9,10,0,0.999,0.615,5.831,0.827,0.808,1251.188
536,COMPLETE,9.999,8,0.330,7,1.000,0.580,7.000,0.060,0.110,1.000,9,10,0,0.999,0.615,5.831,0.827,0.808,1246.494
537,COMPLETE,9.999,8,0.330,7,1.000,0.580,7.000,0.060,0.110,1.000,9,10,0,0.999,0.615,5.831,0.827,0.808,1249.206
538,COMPLETE,8.991,8,0.310,7,1.000,0.580,7.000,0.060,0.110,1.000,8,10,0,0.991,0.576,5.108,0.833,0.772,1228.571
539,COMPLETE,9.999,8,0.330,7,1.000,0.580,7.000,0.060,0.110,1.000,9,10,0,0.999,0.615,5.831,0.827,0.808,1253.732
540,COMPLETE,8.968,8,0.330,11,1.000,0.580,7.000,0.030,0.110,1.000,8,10,0,0.968,0.614,8.259,0.826,0.734,1248.210
541,COMPLETE,9.999,8,0.330,7,1.000,0.580,7.000,0.060,0.110,1.000,9,10,0,0.999,0.615,5.831,0.827,0.808,1256.330
542,COMPLETE,6.903,8,0.220,7,1.000,0.580,7.000,0.060,0.110,1.000,6,10,0,0.903,0.471,2.629,0.749,0.739,1142.340
543,COMPLETE,9.999,8,0.330,7,1.000,0.580,7.000,0.060,0.110,1.000,9,10,0,0.999,0.615,5.831,0.827,0.808,1254.337
544,COMPLETE,8.988,8,0.310,7,1.000,0.580,8.500,0.060,0.110,1.000,8,10,0,0.988,0.548,4.238,0.824,0.814,1219.927
545,COMPLETE,7.972,8,0.330,7,1.000,0.540,7.000,0.060,0.110,1.000,7,10,0,0.972,0.600,5.378,0.802,0.707,1238.237
546,COMPLETE,11.000,8,0.330,7,1.000,0.540,8.500,0.060,0.100,1.000,10,10,0,1.000,0.571,4.647,0.848,0.832,1224.554
547,COMPLETE,9.996,8,0.310,7,1.000,0.540,8.500,0.055,0.100,1.000,9,10,0,0.996,0.555,4.678,0.846,0.801,1189.614
548,COMPLETE,9.996,8,0.310,7,1.000,0.540,8.500,0.055,0.100,1.000,9,10,0,0.996,0.555,4.678,0.846,0.801,1189.401
549,COMPLETE,9.998,8,0.330,10,1.000,0.540,8.500,0.055,0.100,1.000,9,10,0,0.998,0.584,5.390,0.842,0.821,1231.495
550,COMPLETE,7.998,8,0.330,10,1.000,0.540,8.500,0.030,0.100,1.000,7,10,0,0.998,0.578,7.311,0.833,0.797,1191.886
551,COMPLETE,11.000,8,0.330,14,1.000,0.540,8.500,0.055,0.100,1.000,10,10,0,1.000,0.591,5.460,0.855,0.806,1250.565
552,COMPLETE,7.782,8,0.250,9,1.000,0.540,8.500,0.055,0.100,1.000,7,10,0,0.782,0.488,3.118,0.672,0.690,1153.375
553,COMPLETE,8.957,8,0.280,10,1.000,0.540,8.500,0.055,0.100,1.000,8,10,0,0.957,0.529,4.092,0.813,0.785,1201.775
554,COMPLETE,8.926,8,0.310,10,1.000,0.540,8.500,0.055,0.100,1.000,8,10,0,0.926,0.569,4.900,0.789,0.773,1226.567
555,COMPLETE,8.994,8,0.350,10,1.000,0.540,8.500,0.055,0.100,1.000,8,10,0,0.994,0.617,5.895,0.831,0.825,1259.755
556,COMPLETE,8.926,8,0.310,10,1.000,0.540,8.500,0.055,0.100,1.000,8,10,0,0.926,0.569,4.900,0.789,0.773,1234.515
557,COMPLETE,8.973,8,0.250,10,1.000,0.540,8.500,0.055,0.100,1.000,8,10,0,0.973,0.492,3.310,0.818,0.831,1158.300
558,COMPLETE,0.423,8,0.250,10,1.000,0.540,8.500,0.055,0.100,0.400,0,10,0,0.423,0.488,2.618,0.346,0.348,1162.192
559,COMPLETE,11.000,8,0.360,14,1.000,0.540,8.500,0.055,0.100,1.000,10,10,0,1.000,0.634,6.390,0.853,0.810,1293.656
560,COMPLETE,11.000,8,0.360,9,1.000,0.540,8.500,0.055,0.100,1.000,10,10,0,1.000,0.623,6.193,0.859,0.798,1273.181
561,COMPLETE,9.997,8,0.310,10,1.000,0.540,6.000,0.055,0.100,1.000,9,10,0,0.997,0.628,6.653,0.850,0.825,1263.587
562,COMPLETE,8.994,8,0.350,10,1.000,0.540,8.500,0.055,0.100,1.000,8,10,0,0.994,0.617,5.895,0.831,0.825,1254.530
563,COMPLETE,8.957,8,0.280,10,1.000,0.540,8.500,0.055,0.100,1.000,8,10,0,0.957,0.529,4.092,0.813,0.785,1201.575
564,COMPLETE,8.947,8,0.280,14,1.000,0.540,6.000,0.055,0.080,0.300,8,10,0,0.947,0.585,5.540,0.810,0.731,1170.204
565,COMPLETE,8.937,8,0.350,10,1.000,0.560,8.000,0.055,0.080,0.400,8,10,0,0.937,0.632,6.378,0.867,0.731,1231.321
566,COMPLETE,7.989,8,0.280,9,1.000,0.560,8.000,0.020,0.100,1.000,7,10,0,0.989,0.522,7.194,0.832,0.742,1098.601
567,COMPLETE,9.992,8,0.280,9,1.000,0.400,8.000,0.055,0.100,1.000,9,10,0,0.992,0.540,4.038,0.834,0.807,1207.731
568,COMPLETE,9.943,8,0.280,9,1.000,0.420,8.000,0.055,0.100,1.000,9,10,0,0.943,0.548,4.152,0.793,0.790,1219.302
569,COMPLETE,8.973,8,0.280,9,1.000,0.560,8.000,0.055,0.100,1.000,8,10,0,0.973,0.548,4.561,0.824,0.793,1192.742
570,COMPLETE,9.939,8,0.280,9,1.000,0.560,8.000,0.055,0.080,1.000,9,10,0,0.939,0.551,4.557,0.803,0.767,1196.933
571,COMPLETE,8.995,8,0.280,9,1.000,0.560,8.000,0.055,0.120,1.000,8,10,0,0.995,0.536,4.420,0.844,0.793,1185.364
572,COMPLETE,6.975,8,0.360,9,1.000,0.560,8.000,0.055,0.120,1.000,6,10,0,0.975,0.619,6.102,0.799,0.753,1265.416
573,COMPLETE,2.550,8,0.350,9,1.000,0.200,8.000,0.055,0.080,1.000,2,10,0,0.550,0.647,4.916,0.448,0.471,1286.606
574,COMPLETE,8.995,8,0.280,9,1.000,0.560,8.000,0.055,0.120,1.000,8,10,0,0.995,0.536,4.420,0.844,0.793,1193.456
575,COMPLETE,10.000,10,0.280,9,1.000,0.560,8.000,0.055,0.110,1.000,9,10,0,1.000,0.581,5.458,0.834,0.805,1255.010
576,COMPLETE,8.995,8,0.280,9,1.000,0.560,8.000,0.055,0.120,1.000,8,10,0,0.995,0.536,4.420,0.844,0.793,1193.725
577,COMPLETE,4.965,10,0.280,6,1.000,0.500,8.000,0.055,0.120,1.000,4,10,0,0.965,0.573,4.908,0.785,0.766,1190.077
578,COMPLETE,4.973,10,0.300,6,1.000,0.560,8.000,0.045,0.120,1.000,4,10,0,0.973,0.592,6.340,0.790,0.739,1208.425
579,COMPLETE,11.000,9,0.300,6,1.000,0.560,8.000,0.055,0.060,1.000,10,10,0,1.000,0.595,5.544,0.874,0.807,1124.853
580,COMPLETE,6.982,9,0.300,6,1.000,0.560,8.000,0.055,0.120,1.000,6,10,0,0.982,0.564,4.966,0.812,0.721,1188.026
581,COMPLETE,8.995,10,0.300,6,1.000,0.560,8.000,0.055,0.120,1.000,8,10,0,0.995,0.601,5.662,0.818,0.687,1207.542
582,COMPLETE,4.973,10,0.300,6,1.000,0.560,8.000,0.045,0.120,1.000,4,10,0,0.973,0.592,6.340,0.790,0.739,1209.700
583,COMPLETE,4.973,10,0.300,6,1.000,0.560,8.000,0.045,0.120,1.000,4,10,0,0.973,0.592,6.340,0.790,0.739,1216.655
584,COMPLETE,7.988,10,0.300,6,1.000,0.560,9.000,0.055,0.120,1.000,7,10,0,0.988,0.552,4.795,0.829,0.719,1188.894
585,COMPLETE,6.986,10,0.300,6,1.000,0.500,9.000,0.055,0.110,1.000,6,10,0,0.986,0.562,4.697,0.815,0.767,1209.295
586,COMPLETE,6.986,10,0.300,6,1.000,0.500,9.000,0.055,0.110,1.000,6,10,0,0.986,0.562,4.697,0.815,0.767,1205.456
587,COMPLETE,1.939,10,0.300,6,1.000,0.500,5.500,0.055,0.110,1.000,1,10,0,0.939,0.630,6.589,0.757,0.662,1244.311
588,COMPLETE,9.996,9,0.300,9,1.000,0.560,9.000,0.055,0.110,1.000,9,10,0,0.996,0.551,4.755,0.834,0.777,1227.859
589,COMPLETE,9.999,9,0.300,6,1.000,0.560,9.000,0.055,0.110,1.000,9,10,0,0.999,0.545,4.496,0.840,0.801,1184.170
590,COMPLETE,5.981,9,0.300,6,1.000,0.500,9.000,0.045,0.110,1.000,5,10,0,0.981,0.538,4.993,0.800,0.809,1154.330
591,COMPLETE,11.000,9,0.300,13,1.000,0.500,9.000,0.055,0.110,1.000,10,10,0,1.000,0.561,4.737,0.850,0.818,1248.306
592,COMPLETE,2.460,9,0.300,6,1.000,0.560,9.000,0.055,0.040,1.000,2,10,0,0.460,0.565,4.105,0.567,0.319,1084.443
593,COMPLETE,5.981,9,0.300,6,1.000,0.500,9.000,0.045,0.110,1.000,5,10,0,0.981,0.538,4.993,0.800,0.809,1154.316
594,COMPLETE,1.672,9,0.300,6,1.000,0.100,7.000,0.055,0.110,1.000,1,10,0,0.672,0.594,4.128,0.541,0.449,1229.567
595,COMPLETE,8.998,9,0.300,8,1.000,0.500,9.000,0.055,0.110,1.000,8,10,0,0.998,0.559,4.692,0.842,0.818,1217.384
596,COMPLETE,9.998,9,0.300,8,1.000,0.580,9.000,0.055,0.110,1.000,9,10,0,0.998,0.543,4.641,0.828,0.786,1231.326
597,COMPLETE,4.715,9,0.340,8,1.000,0.580,5.500,0.055,0.040,1.000,4,10,0,0.715,0.658,7.720,0.893,0.442,1081.454
598,COMPLETE,4.653,9,0.290,8,1.000,0.580,7.000,0.055,0.040,1.000,4,10,0,0.653,0.608,5.647,0.725,0.469,1053.309
599,COMPLETE,6.988,9,0.290,8,1.000,0.580,7.000,0.055,0.110,1.000,6,10,0,0.988,0.595,5.841,0.817,0.758,1250.468
600,COMPLETE,7.990,9,0.290,8,1.000,0.580,7.000,0.055,0.110,0.900,7,10,0,0.990,0.590,5.718,0.817,0.752,1230.383
601,COMPLETE,7.990,9,0.290,8,1.000,0.580,7.000,0.055,0.110,0.900,7,10,0,0.990,0.590,5.718,0.817,0.752,1226.259
602,COMPLETE,6.969,9,0.290,8,1.000,0.580,7.000,0.040,0.110,0.900,6,10,0,0.969,0.588,6.865,0.804,0.726,1219.352
603,COMPLETE,8.994,9,0.290,8,1.000,0.580,7.000,0.060,0.110,0.900,8,10,0,0.994,0.598,5.470,0.822,0.762,1279.187
604,COMPLETE,8.994,9,0.290,8,1.000,0.580,7.000,0.060,0.110,0.900,8,10,0,0.994,0.598,5.470,0.822,0.762,1279.848
605,COMPLETE,8.994,9,0.290,8,1.000,0.580,7.000,0.060,0.110,0.900,8,10,0,0.994,0.598,5.470,0.822,0.762,1275.832
606,COMPLETE,4.562,8,0.290,8,1.000,0.580,7.000,0.060,0.040,0.900,4,10,0,0.562,0.587,4.447,0.589,0.399,1072.525
607,COMPLETE,8.993,8,0.270,8,1.000,0.580,7.000,0.060,0.110,0.900,8,10,0,0.993,0.546,4.400,0.841,0.808,1208.357
608,COMPLETE,9.995,8,0.340,8,1.000,0.580,7.000,0.060,0.090,0.900,9,10,0,0.995,0.635,6.363,0.846,0.814,1267.398
609,COMPLETE,11.000,8,0.270,8,1.000,0.580,7.000,0.035,0.090,0.900,10,10,0,1.000,0.545,6.471,0.850,0.790,1146.729
610,COMPLETE,9.989,8,0.340,8,1.000,0.580,7.000,0.025,0.090,1.000,9,10,0,0.989,0.624,8.850,0.837,0.741,1187.065
611,COMPLETE,11.000,8,0.270,5,1.000,0.580,7.000,0.060,0.090,0.900,10,10,0,1.000,0.526,3.899,0.860,0.817,1101.371
612,COMPLETE,8.893,8,0.270,8,1.000,0.580,7.000,0.060,0.090,0.900,8,10,0,0.893,0.550,4.337,0.789,0.703,1210.487
613,COMPLETE,8.893,8,0.270,8,1.000,0.580,7.000,0.060,0.090,0.900,8,10,0,0.893,0.550,4.337,0.789,0.703,1203.354
614,COMPLETE,8.893,8,0.270,8,1.000,0.580,7.000,0.060,0.090,0.900,8,10,0,0.893,0.550,4.337,0.789,0.703,1210.763
615,COMPLETE,11.000,8,0.270,5,1.000,0.580,7.000,0.060,0.090,0.900,10,10,0,1.000,0.526,3.899,0.860,0.817,1101.457
616,COMPLETE,1.892,8,0.270,5,1.000,0.260,7.000,0.060,0.110,0.900,1,10,0,0.892,0.509,2.908,0.719,0.717,1117.427
617,COMPLETE,9.994,8,0.270,5,1.000,0.520,7.000,0.060,0.090,0.900,9,10,0,0.994,0.526,3.683,0.833,0.791,1104.935
618,COMPLETE,8.994,8,0.270,5,1.000,0.520,7.000,0.060,0.090,0.700,8,10,0,0.994,0.527,3.674,0.839,0.788,1070.257
619,COMPLETE,8.994,8,0.270,5,1.000,0.600,7.000,0.060,0.090,0.900,8,10,0,0.994,0.527,3.838,0.821,0.809,1079.224
620,COMPLETE,9.994,8,0.270,5,1.000,0.520,7.000,0.060,0.090,0.900,9,10,0,0.994,0.526,3.683,0.833,0.791,1112.554
621,COMPLETE,8.996,8,0.270,5,1.000,0.600,7.000,0.060,0.090,0.700,8,10,0,0.996,0.516,3.769,0.833,0.824,1103.676
622,COMPLETE,11.000,8,0.270,9,1.000,0.600,7.000,0.060,0.090,1.000,10,10,0,1.000,0.556,4.677,0.853,0.845,1220.884
623,COMPLETE,8.995,8,0.270,5,1.000,0.600,7.000,0.060,0.090,1.000,8,10,0,0.995,0.525,3.887,0.843,0.838,1116.022
624,COMPLETE,6.811,8,0.270,9,1.000,0.600,7.000,0.060,0.090,0.700,6,10,0,0.811,0.548,4.193,0.712,0.609,1222.322
625,COMPLETE,9.925,8,0.270,9,1.000,0.520,7.000,0.060,0.090,1.000,9,10,0,0.925,0.568,4.501,0.806,0.772,1217.417
626,COMPLETE,9.998,8,0.280,9,1.000,0.600,7.000,0.055,0.110,1.000,9,10,0,0.998,0.560,5.169,0.840,0.801,1211.404
627,COMPLETE,3.492,7,0.230,9,1.000,0.260,7.000,0.055,0.130,1.000,3,10,0,0.492,0.453,2.133,0.405,0.423,1100.638
628,COMPLETE,8.919,7,0.280,16,1.000,0.600,7.500,0.055,0.110,0.700,8,10,0,0.919,0.527,4.209,0.791,0.753,1171.974
629,COMPLETE,10.000,7,0.280,9,1.000,0.520,7.500,0.055,0.110,1.000,9,10,0,1.000,0.519,4.024,0.841,0.828,1171.556
630,COMPLETE,8.983,7,0.280,9,1.000,0.600,7.500,0.055,0.110,1.000,8,10,0,0.983,0.516,4.133,0.833,0.816,1175.170
631,COMPLETE,8.983,7,0.280,9,1.000,0.600,7.500,0.055,0.110,1.000,8,10,0,0.983,0.516,4.133,0.833,0.816,1170.023
632,COMPLETE,10.000,7,0.280,9,1.000,0.520,7.500,0.055,0.110,1.000,9,10,0,1.000,0.519,4.024,0.841,0.828,1164.352
633,COMPLETE,8.983,7,0.280,9,1.000,0.600,7.500,0.055,0.110,1.000,8,10,0,0.983,0.516,4.133,0.833,0.816,1174.513
634,COMPLETE,8.983,7,0.280,9,1.000,0.600,7.500,0.055,0.110,1.000,8,10,0,0.983,0.516,4.133,0.833,0.816,1179.036
635,COMPLETE,8.983,7,0.280,9,1.000,0.600,7.500,0.055,0.110,1.000,8,10,0,0.983,0.516,4.133,0.833,0.816,1177.702
636,COMPLETE,1.300,7,0.210,9,1.000,0.220,7.500,0.055,0.110,1.000,1,10,0,0.300,0.433,1.560,0.246,0.289,1087.307
637,COMPLETE,8.983,7,0.280,9,1.000,0.600,7.500,0.055,0.110,1.000,8,10,0,0.983,0.516,4.133,0.833,0.816,1179.351
638,COMPLETE,8.998,7,0.280,9,1.000,0.600,7.500,0.055,0.130,1.000,8,10,0,0.998,0.508,4.015,0.821,0.836,1160.781
639,COMPLETE,11.000,7,0.280,9,1.000,0.560,7.500,0.055,0.110,1.000,10,10,0,1.000,0.516,4.091,0.856,0.820,1184.807
640,COMPLETE,9.994,7,0.280,9,1.000,0.560,7.500,0.055,0.130,1.000,9,10,0,0.994,0.514,4.041,0.838,0.820,1163.576
641,COMPLETE,11.000,7,0.280,9,1.000,0.560,7.500,0.055,0.110,1.000,10,10,0,1.000,0.516,4.091,0.856,0.820,1174.633
642,COMPLETE,11.000,7,0.280,9,1.000,0.560,7.500,0.055,0.110,1.000,10,10,0,1.000,0.516,4.091,0.856,0.820,1183.082
643,COMPLETE,11.000,7,0.280,9,1.000,0.560,7.500,0.055,0.110,1.000,10,10,0,1.000,0.516,4.091,0.856,0.820,1178.988
644,COMPLETE,11.000,7,0.280,9,1.000,0.560,7.500,0.055,0.110,1.000,10,10,0,1.000,0.516,4.091,0.856,0.820,1178.770
645,COMPLETE,9.992,8,0.280,9,1.000,0.560,7.500,0.055,0.110,1.000,9,10,0,0.992,0.555,4.836,0.833,0.828,1199.817
646,COMPLETE,8.875,8,0.320,9,1.000,0.560,8.500,0.055,0.100,0.800,8,10,0,0.875,0.564,4.935,0.794,0.694,1215.397
647,COMPLETE,4.573,8,0.320,9,1.000,0.560,8.500,0.055,0.050,1.000,4,10,0,0.573,0.596,4.971,0.608,0.438,1182.722
648,COMPLETE,2.561,8,0.260,9,1.000,0.560,8.500,0.055,0.100,0.800,2,10,0,0.561,0.500,3.039,0.464,0.430,1154.409
649,COMPLETE,8.875,8,0.320,9,1.000,0.560,8.500,0.055,0.100,0.800,8,10,0,0.875,0.564,4.935,0.794,0.694,1222.537
650,COMPLETE,8.990,8,0.320,9,1.000,0.560,8.500,0.050,0.100,0.800,8,10,0,0.990,0.564,5.381,0.822,0.792,1224.878
651,COMPLETE,8.995,8,0.310,7,1.000,0.560,8.500,0.050,0.100,1.000,8,10,0,0.995,0.547,5.048,0.839,0.816,1178.153
652,COMPLETE,8.991,8,0.320,7,1.000,0.560,8.500,0.050,0.100,0.800,8,10,0,0.991,0.551,5.088,0.815,0.803,1195.182
653,COMPLETE,8.991,8,0.320,7,1.000,0.560,8.500,0.050,0.100,0.800,8,10,0,0.991,0.551,5.088,0.815,0.803,1190.209
654,COMPLETE,9.960,8,0.260,7,1.000,0.560,8.500,0.050,0.100,1.000,9,10,0,0.960,0.491,3.829,0.828,0.780,1149.318
655,COMPLETE,8.995,8,0.310,7,1.000,0.560,8.500,0.050,0.100,0.800,8,10,0,0.995,0.536,4.914,0.853,0.777,1192.913
656,COMPLETE,2.395,5,0.310,7,1.000,0.560,8.500,0.050,0.100,0.800,2,10,0,0.395,0.444,2.350,0.336,0.308,1060.629
657,COMPLETE,6.991,8,0.310,7,1.000,0.560,8.500,0.055,0.100,0.800,6,10,0,0.991,0.549,4.636,0.821,0.815,1183.553
658,COMPLETE,9.931,8,0.260,7,1.000,0.560,8.500,0.050,0.100,0.800,9,10,0,0.931,0.488,3.763,0.791,0.758,1137.485
659,COMPLETE,0.188,5,0.260,7,1.000,0.340,8.500,0.050,0.100,0.800,0,10,0,0.188,0.406,1.399,0.153,0.190,998.871
660,COMPLETE,8.962,8,0.320,8,1.000,0.560,8.500,0.050,0.100,1.000,8,10,0,0.962,0.566,5.402,0.814,0.770,1224.184
661,COMPLETE,9.997,8,0.310,7,1.000,0.540,8.500,0.050,0.100,1.000,9,10,0,0.997,0.553,5.105,0.853,0.824,1174.346
662,COMPLETE,8.967,8,0.320,7,1.000,0.540,8.500,0.050,0.100,0.800,8,10,0,0.967,0.552,5.073,0.813,0.783,1182.195
663,COMPLETE,9.997,8,0.310,7,1.000,0.540,8.500,0.050,0.100,1.000,9,10,0,0.997,0.553,5.105,0.853,0.824,1173.201
664,COMPLETE,8.996,8,0.310,7,1.000,0.540,8.000,0.055,0.100,1.000,8,10,0,0.996,0.568,4.986,0.831,0.801,1204.850
665,COMPLETE,8.993,8,0.290,7,1.000,0.540,8.000,0.050,0.100,1.000,8,10,0,0.993,0.538,4.779,0.828,0.787,1195.152
666,COMPLETE,11.000,8,0.290,7,1.000,0.480,8.000,0.050,0.100,1.000,10,10,0,1.000,0.553,4.880,0.832,0.776,1201.356
667,COMPLETE,8.993,8,0.290,7,1.000,0.540,8.000,0.050,0.100,1.000,8,10,0,0.993,0.538,4.779,0.828,0.787,1194.885
668,COMPLETE,7.992,8,0.290,7,1.000,0.540,8.000,0.055,0.100,1.000,7,10,0,0.992,0.550,4.609,0.829,0.834,1200.918
669,COMPLETE,7.998,8,0.290,7,1.000,0.540,8.000,0.055,0.110,1.000,7,10,0,0.998,0.535,4.347,0.834,0.803,1197.123
670,COMPLETE,9.995,8,0.290,8,1.000,0.540,8.000,0.055,0.110,1.000,9,10,0,0.995,0.544,4.476,0.825,0.793,1202.910
671,COMPLETE,9.995,8,0.290,8,1.000,0.540,8.000,0.055,0.110,1.000,9,10,0,0.995,0.544,4.476,0.825,0.793,1202.808
672,COMPLETE,9.995,8,0.290,8,1.000,0.540,8.000,0.055,0.110,1.000,9,10,0,0.995,0.544,4.476,0.825,0.793,1199.414
673,COMPLETE,9.995,8,0.290,8,1.000,0.540,8.000,0.055,0.110,1.000,9,10,0,0.995,0.544,4.476,0.825,0.793,1191.089
674,COMPLETE,9.995,8,0.290,8,1.000,0.540,8.000,0.055,0.110,1.000,9,10,0,0.995,0.544,4.476,0.825,0.793,1192.829
675,COMPLETE,9.995,8,0.290,8,1.000,0.540,8.000,0.055,0.110,1.000,9,10,0,0.995,0.544,4.476,0.825,0.793,1198.522
676,COMPLETE,9.995,8,0.290,8,1.000,0.540,8.000,0.055,0.110,1.000,9,10,0,0.995,0.544,4.476,0.825,0.793,1200.918
677,COMPLETE,9.995,8,0.290,8,1.000,0.540,8.000,0.055,0.110,1.000,9,10,0,0.995,0.544,4.476,0.825,0.793,1199.515
678,COMPLETE,9.995,8,0.290,8,1.000,0.540,8.000,0.055,0.110,1.000,9,10,0,0.995,0.544,4.476,0.825,0.793,1199.616
679,COMPLETE,9.995,8,0.290,8,1.000,0.540,8.000,0.055,0.110,1.000,9,10,0,0.995,0.544,4.476,0.825,0.793,1197.829
680,COMPLETE,9.999,8,0.290,8,1.000,0.580,8.000,0.055,0.110,1.000,9,10,0,0.999,0.557,4.856,0.837,0.826,1206.752
681,COMPLETE,9.999,8,0.290,8,1.000,0.580,8.000,0.055,0.110,1.000,9,10,0,0.999,0.557,4.856,0.837,0.826,1210.433
682,COMPLETE,9.999,8,0.290,8,1.000,0.580,8.000,0.055,0.110,1.000,9,10,0,0.999,0.557,4.856,0.837,0.826,1208.252
683,COMPLETE,9.999,8,0.290,8,1.000,0.580,8.000,0.055,0.110,1.000,9,10,0,0.999,0.557,4.856,0.837,0.826,1209.786
684,COMPLETE,8.993,8,0.290,8,1.000,0.580,7.000,0.055,0.110,1.000,8,10,0,0.993,0.578,5.483,0.845,0.814,1212.954
685,COMPLETE,7.992,8,0.290,8,1.000,0.580,6.500,0.055,0.110,1.000,7,10,0,0.992,0.569,5.501,0.822,0.795,1227.560
686,COMPLETE,8.993,8,0.290,8,1.000,0.580,7.000,0.055,0.110,1.000,8,10,0,0.993,0.578,5.483,0.845,0.814,1218.310
687,COMPLETE,8.993,8,0.290,8,1.000,0.580,7.000,0.055,0.110,1.000,8,10,0,0.993,0.578,5.483,0.845,0.814,1212.879
688,COMPLETE,7.992,8,0.290,8,1.000,0.580,6.500,0.055,0.110,1.000,7,10,0,0.992,0.569,5.501,0.822,0.795,1231.394
689,COMPLETE,7.992,8,0.290,8,1.000,0.580,6.500,0.055,0.110,1.000,7,10,0,0.992,0.569,5.501,0.822,0.795,1219.956
690,COMPLETE,8.993,8,0.290,8,1.000,0.580,7.000,0.055,0.110,1.000,8,10,0,0.993,0.578,5.483,0.845,0.814,1206.789
691,COMPLETE,7.992,8,0.340,8,1.000,0.580,6.500,0.055,0.110,1.000,7,10,0,0.992,0.635,6.798,0.826,0.780,1274.702
692,COMPLETE,8.996,8,0.340,10,1.000,0.580,6.500,0.060,0.110,1.000,8,10,0,0.996,0.641,6.605,0.826,0.790,1305.735
693,COMPLETE,9.993,8,0.280,10,1.000,0.580,6.500,0.060,0.110,1.000,9,10,0,0.993,0.556,4.878,0.847,0.808,1219.736
694,COMPLETE,8.993,8,0.280,10,1.000,0.580,7.000,0.060,0.110,1.000,8,10,0,0.993,0.561,4.762,0.840,0.840,1231.955
695,COMPLETE,10.000,8,0.280,10,1.000,0.580,5.000,0.060,0.110,1.000,9,10,0,1.000,0.580,5.840,0.854,0.801,1216.799
696,COMPLETE,8.991,8,0.340,9,1.000,0.580,7.000,0.060,0.110,1.000,8,10,0,0.991,0.627,6.256,0.828,0.804,1282.607
697,COMPLETE,9.997,8,0.280,10,1.000,0.580,7.000,0.060,0.120,1.000,9,10,0,0.997,0.559,4.704,0.837,0.804,1221.763
698,COMPLETE,8.996,9,0.280,10,1.000,0.580,7.000,0.060,0.110,1.000,8,10,0,0.996,0.592,5.428,0.838,0.788,1277.478
699,COMPLETE,8.995,9,0.340,9,1.000,0.580,6.500,0.060,0.120,1.000,8,10,0,0.995,0.656,7.018,0.834,0.766,1301.803
700,COMPLETE,6.983,9,0.340,10,1.000,0.580,7.000,0.060,0.120,1.000,6,10,0,0.983,0.647,6.722,0.817,0.783,1314.191
701,COMPLETE,5.980,9,0.280,10,1.000,0.520,7.000,0.060,0.120,1.000,5,10,0,0.980,0.591,5.089,0.805,0.769,1260.263
702,COMPLETE,5.980,9,0.280,10,1.000,0.520,7.000,0.060,0.120,1.000,5,10,0,0.980,0.591,5.089,0.805,0.769,1263.236
703,COMPLETE,5.980,9,0.280,10,1.000,0.520,7.000,0.060,0.120,1.000,5,10,0,0.980,0.591,5.089,0.805,0.769,1262.289
704,COMPLETE,5.980,9,0.280,10,1.000,0.520,7.000,0.060,0.120,1.000,5,10,0,0.980,0.591,5.089,0.805,0.769,1262.083
705,COMPLETE,11.000,9,0.280,10,1.000,0.520,7.000,0.060,0.120,0.900,10,10,0,1.000,0.584,5.156,0.852,0.789,1267.148
706,COMPLETE,10.000,9,0.280,10,1.000,0.520,7.000,0.060,0.120,0.100,9,10,0,1.000,0.573,4.851,0.833,0.747,1196.235
707,COMPLETE,11.000,9,0.280,9,1.000,0.520,7.000,0.060,0.120,0.900,10,10,0,1.000,0.569,4.852,0.837,0.764,1252.483
708,COMPLETE,11.000,9,0.280,10,1.000,0.520,7.000,0.060,0.120,0.900,10,10,0,1.000,0.584,5.156,0.852,0.789,1265.167
709,COMPLETE,6.987,9,0.260,9,1.000,0.520,7.000,0.060,0.120,0.900,6,10,0,0.987,0.560,4.403,0.808,0.764,1234.904
710,COMPLETE,11.000,9,0.280,9,1.000,0.520,7.000,0.060,0.120,0.900,10,10,0,1.000,0.569,4.852,0.837,0.764,1248.464
711,COMPLETE,6.987,9,0.260,9,1.000,0.520,7.000,0.060,0.120,0.900,6,10,0,0.987,0.560,4.403,0.808,0.764,1228.441
712,COMPLETE,4.732,9,0.180,9,1.000,0.520,7.000,0.060,0.120,0.900,4,10,0,0.732,0.424,1.678,0.601,0.594,1142.343
713,COMPLETE,6.980,9,0.250,9,1.000,0.520,7.000,0.060,0.120,0.100,6,10,0,0.980,0.522,3.796,0.804,0.746,1184.368
714,COMPLETE,11.000,9,0.280,9,1.000,0.520,7.000,0.060,0.120,0.900,10,10,0,1.000,0.569,4.852,0.837,0.764,1251.723
715,COMPLETE,2.956,9,0.280,9,1.000,0.520,7.000,0.025,0.120,0.900,2,10,0,0.956,0.553,7.150,0.774,0.628,1178.609
716,COMPLETE,7.993,6,0.280,9,1.000,0.520,7.000,0.035,0.120,0.900,7,10,0,0.993,0.473,4.901,0.822,0.788,1077.187
717,COMPLETE,0.193,6,0.240,9,1.000,0.520,7.000,0.055,0.080,0.100,0,10,0,0.193,0.453,2.052,0.155,0.195,1103.370
718,COMPLETE,9.995,6,0.300,9,1.000,0.600,7.000,0.055,0.110,0.900,9,10,0,0.995,0.512,4.220,0.847,0.822,1166.588
719,COMPLETE,6.988,6,0.260,4,1.000,0.600,7.000,0.055,0.110,0.900,6,10,0,0.988,0.407,1.881,0.812,0.829,955.906
720,COMPLETE,11.000,8,0.260,9,1.000,0.600,7.000,0.055,0.080,0.900,10,10,0,1.000,0.553,4.991,0.880,0.846,1193.677
721,COMPLETE,11.000,6,0.260,9,1.000,0.600,7.000,0.040,0.110,0.900,10,10,0,1.000,0.450,4.265,0.856,0.808,1065.184
722,COMPLETE,9.995,6,0.300,9,1.000,0.600,7.000,0.055,0.110,0.900,9,10,0,0.995,0.512,4.220,0.847,0.822,1158.745
723,COMPLETE,4.551,6,0.260,9,1.000,0.600,7.000,0.055,0.110,0.900,4,10,0,0.551,0.467,2.721,0.468,0.454,1114.812
724,COMPLETE,7.999,8,0.250,9,1.000,0.600,7.000,0.055,0.110,0.900,7,10,0,0.999,0.522,4.237,0.833,0.795,1177.927
725,COMPLETE,9.996,8,0.300,12,1.000,0.600,7.000,0.055,0.080,0.900,9,10,0,0.996,0.606,6.169,0.850,0.849,1221.236
726,COMPLETE,4.789,6,0.440,6,1.000,0.280,7.000,0.055,0.080,1.000,4,10,0,0.789,0.635,5.203,0.649,0.644,1209.339
727,COMPLETE,8.997,8,0.300,6,1.000,0.600,7.000,0.055,0.110,1.000,8,10,0,0.997,0.560,5.121,0.821,0.759,1160.947
728,COMPLETE,8.998,6,0.300,6,1.000,0.600,7.000,0.055,0.110,1.000,8,10,0,0.998,0.485,3.643,0.844,0.821,1113.185
729,COMPLETE,8.998,6,0.300,6,1.000,0.600,7.000,0.055,0.110,1.000,8,10,0,0.998,0.485,3.643,0.844,0.821,1111.952
730,COMPLETE,8.997,8,0.300,6,1.000,0.600,7.000,0.055,0.110,1.000,8,10,0,0.997,0.560,5.121,0.821,0.759,1154.165
731,COMPLETE,9.997,8,0.300,6,1.000,0.600,7.000,0.055,0.080,1.000,9,10,0,0.997,0.566,5.338,0.832,0.819,1153.218
732,COMPLETE,7.983,8,0.300,6,1.000,0.600,8.500,0.055,0.110,1.000,7,10,0,0.983,0.518,4.087,0.816,0.800,1162.376
733,COMPLETE,0.152,3,0.300,6,1.000,0.600,8.500,0.055,0.110,1.000,0,10,0,0.152,0.339,0.261,0.121,0.211,824.115
734,COMPLETE,0.152,3,0.300,6,1.000,0.600,8.500,0.055,0.110,1.000,0,10,0,0.152,0.339,0.261,0.121,0.211,823.262
735,COMPLETE,7.991,8,0.300,6,1.000,0.560,8.500,0.055,0.110,1.000,7,10,0,0.991,0.514,3.998,0.817,0.798,1164.914
736,COMPLETE,11.000,8,0.270,6,1.000,0.560,8.500,0.055,0.100,1.000,10,10,0,1.000,0.499,3.523,0.856,0.827,1138.388
737,COMPLETE,10.000,8,0.300,6,1.000,0.560,8.500,0.055,0.100,1.000,9,10,0,1.000,0.533,4.272,0.849,0.823,1175.763
738,COMPLETE,11.000,8,0.270,6,1.000,0.560,8.500,0.055,0.100,1.000,10,10,0,1.000,0.499,3.523,0.856,0.827,1147.344
739,COMPLETE,11.000,8,0.270,6,1.000,0.560,8.500,0.055,0.100,1.000,10,10,0,1.000,0.499,3.523,0.856,0.827,1147.558
740,COMPLETE,8.947,8,0.270,6,1.000,0.560,8.000,0.055,0.100,1.000,8,10,0,0.947,0.510,3.765,0.813,0.757,1140.401
741,COMPLETE,8.912,8,0.270,6,1.000,0.560,9.000,0.055,0.100,1.000,8,10,0,0.912,0.482,3.064,0.766,0.774,1141.563
742,COMPLETE,8.912,8,0.270,6,1.000,0.560,9.000,0.055,0.100,1.000,8,10,0,0.912,0.482,3.064,0.766,0.774,1139.978
743,COMPLETE,5.981,8,0.270,8,1.000,0.560,8.000,0.055,0.100,1.000,5,10,0,0.981,0.526,4.147,0.811,0.838,1183.668
744,COMPLETE,4.588,8,0.270,8,1.000,0.560,9.000,0.055,0.100,1.000,4,10,0,0.588,0.495,3.078,0.489,0.495,1173.746
745,COMPLETE,4.588,8,0.270,8,1.000,0.560,9.000,0.055,0.100,1.000,4,10,0,0.588,0.495,3.078,0.489,0.495,1176.370
746,COMPLETE,4.588,8,0.270,8,1.000,0.560,9.000,0.055,0.100,1.000,4,10,0,0.588,0.495,3.078,0.489,0.495,1168.097
747,COMPLETE,4.588,8,0.270,8,1.000,0.560,9.000,0.055,0.100,1.000,4,10,0,0.588,0.495,3.078,0.489,0.495,1171.695
748,COMPLETE,4.588,8,0.270,8,1.000,0.560,9.000,0.055,0.100,1.000,4,10,0,0.588,0.495,3.078,0.489,0.495,1174.801
749,COMPLETE,4.588,8,0.270,8,1.000,0.560,9.000,0.055,0.100,1.000,4,10,0,0.588,0.495,3.078,0.489,0.495,1179.637
750,COMPLETE,4.588,8,0.270,8,1.000,0.560,9.000,0.055,0.100,1.000,4,10,0,0.588,0.495,3.078,0.489,0.495,1179.064
751,COMPLETE,4.588,8,0.270,8,1.000,0.560,9.000,0.055,0.100,1.000,4,10,0,0.588,0.495,3.078,0.489,0.495,1179.483
752,COMPLETE,5.981,8,0.270,8,1.000,0.560,8.000,0.055,0.100,1.000,5,10,0,0.981,0.526,4.147,0.811,0.838,1180.868
753,COMPLETE,4.588,8,0.270,8,1.000,0.560,9.000,0.055,0.100,1.000,4,10,0,0.588,0.495,3.078,0.489,0.495,1181.243
754,COMPLETE,5.981,8,0.270,8,1.000,0.560,8.000,0.055,0.100,1.000,5,10,0,0.981,0.526,4.147,0.811,0.838,1185.423
755,COMPLETE,9.999,8,0.310,8,1.000,0.560,8.000,0.055,0.100,1.000,9,10,0,0.999,0.578,5.258,0.849,0.815,1216.948
756,COMPLETE,9.999,8,0.310,8,1.000,0.560,9.000,0.055,0.100,1.000,9,10,0,0.999,0.545,4.521,0.851,0.823,1218.863
757,COMPLETE,11.000,8,0.270,8,1.000,0.560,8.000,0.055,0.110,1.000,10,10,0,1.000,0.524,4.155,0.851,0.839,1190.255
758,COMPLETE,7.988,8,0.280,8,1.000,0.560,8.000,0.055,0.110,1.000,7,10,0,0.988,0.531,4.284,0.822,0.825,1205.995
759,COMPLETE,8.995,10,0.310,13,1.000,0.580,8.000,0.055,0.110,1.000,8,10,0,0.995,0.637,6.627,0.835,0.803,1296.039
760,COMPLETE,11.000,8,0.310,15,1.000,0.580,8.000,0.055,0.110,1.000,10,10,0,1.000,0.574,5.416,0.861,0.834,1239.837
761,COMPLETE,6.980,10,0.310,8,1.000,0.580,8.000,0.055,0.110,1.000,6,10,0,0.980,0.622,6.286,0.803,0.745,1290.849
762,COMPLETE,8.998,10,0.330,8,1.000,0.580,8.000,0.055,0.110,1.000,8,10,0,0.998,0.632,6.672,0.842,0.753,1305.783
763,COMPLETE,6.982,10,0.310,9,1.000,0.580,8.000,0.055,0.110,1.000,6,10,0,0.982,0.623,6.327,0.831,0.731,1280.537
764,COMPLETE,7.992,8,0.310,9,1.000,0.580,8.000,0.055,0.110,1.000,7,10,0,0.992,0.576,5.259,0.824,0.804,1232.853
765,COMPLETE,6.982,10,0.310,9,1.000,0.580,8.000,0.055,0.110,1.000,6,10,0,0.982,0.623,6.327,0.831,0.731,1279.602
766,COMPLETE,6.982,10,0.310,9,1.000,0.580,8.000,0.055,0.110,1.000,6,10,0,0.982,0.623,6.327,0.831,0.731,1280.514
767,COMPLETE,7.992,8,0.310,9,1.000,0.580,8.000,0.055,0.110,1.000,7,10,0,0.992,0.576,5.259,0.824,0.804,1237.723
768,COMPLETE,9.995,10,0.310,11,1.000,0.580,8.000,0.055,0.110,1.000,9,10,0,0.995,0.629,6.446,0.824,0.764,1285.910
769,COMPLETE,5.954,10,0.310,9,1.000,0.320,8.000,0.060,0.110,1.000,5,10,0,0.954,0.632,5.132,0.785,0.769,1309.093
770,COMPLETE,6.976,10,0.310,9,1.000,0.580,8.000,0.060,0.110,1.000,6,10,0,0.976,0.637,6.041,0.804,0.750,1318.932
771,COMPLETE,9.995,8,0.290,9,1.000,0.580,8.000,0.060,0.110,1.000,9,10,0,0.995,0.538,4.201,0.834,0.815,1224.351
772,COMPLETE,9.997,8,0.330,9,1.000,0.580,8.000,0.060,0.110,1.000,9,10,0,0.997,0.601,5.472,0.841,0.815,1266.713
773,COMPLETE,6.991,8,0.290,9,1.000,0.580,8.000,0.015,0.110,1.000,6,10,0,0.991,0.533,7.874,0.818,0.704,1115.839
774,COMPLETE,7.801,7,0.290,11,1.000,0.580,8.000,0.060,0.110,1.000,7,10,0,0.801,0.519,3.508,0.687,0.656,1207.351
775,COMPLETE,8.995,10,0.390,9,1.000,0.580,8.000,0.060,0.110,1.000,8,10,0,0.995,0.696,7.672,0.824,0.734,1372.500
776,COMPLETE,8.991,7,0.330,9,1.000,0.540,7.500,0.050,0.110,1.000,8,10,0,0.991,0.567,5.537,0.824,0.807,1210.973
777,COMPLETE,6.989,10,0.390,9,1.000,0.320,7.500,0.060,0.110,1.000,6,10,0,0.989,0.721,7.005,0.815,0.745,1390.909
778,COMPLETE,9.997,7,0.290,9,1.000,0.540,7.500,0.050,0.110,1.000,9,10,0,0.997,0.531,4.686,0.827,0.812,1175.117
779,COMPLETE,11.000,7,0.330,9,1.000,0.540,7.500,0.015,0.110,1.000,10,10,0,1.000,0.576,8.580,0.859,0.707,1129.972
780,COMPLETE,8.954,7,0.290,9,1.000,0.540,7.500,0.060,0.110,1.000,8,10,0,0.954,0.533,3.948,0.811,0.806,1196.138
781,COMPLETE,1.347,5,0.290,9,1.000,0.540,7.500,0.060,0.110,1.000,1,10,0,0.347,0.469,2.053,0.280,0.317,1109.763
782,COMPLETE,8.954,7,0.290,9,1.000,0.540,7.500,0.060,0.110,1.000,8,10,0,0.954,0.533,3.948,0.811,0.806,1206.522
783,COMPLETE,9.997,7,0.290,9,1.000,0.540,7.500,0.050,0.110,1.000,9,10,0,0.997,0.531,4.686,0.827,0.812,1179.405
784,COMPLETE,8.954,7,0.290,9,1.000,0.540,7.500,0.060,0.110,1.000,8,10,0,0.954,0.533,3.948,0.811,0.806,1198.728
785,COMPLETE,11.000,7,0.290,7,1.000,0.540,7.500,0.060,0.110,1.000,10,10,0,1.000,0.523,3.790,0.860,0.851,1188.257
786,COMPLETE,9.996,7,0.280,7,1.000,0.540,7.500,0.045,0.110,1.000,9,10,0,0.996,0.502,4.557,0.836,0.803,1134.555
787,COMPLETE,6.972,8,0.280,7,1.000,0.380,7.500,0.060,0.130,1.000,6,10,0,0.972,0.529,3.541,0.803,0.775,1203.662
788,COMPLETE,7.994,8,0.280,7,1.000,0.540,7.500,0.045,0.130,1.000,7,10,0,0.994,0.528,5.034,0.809,0.747,1153.094
789,COMPLETE,6.981,7,0.280,7,1.000,0.540,7.500,0.050,0.130,1.000,6,10,0,0.981,0.493,3.972,0.813,0.781,1126.821
790,COMPLETE,5.987,7,0.390,7,1.000,0.540,7.500,0.050,0.130,1.000,5,10,0,0.987,0.615,6.428,0.814,0.744,1221.157
791,COMPLETE,5.975,8,0.280,7,1.000,0.540,7.000,0.050,0.130,1.000,5,10,0,0.975,0.537,4.877,0.790,0.771,1165.099
792,COMPLETE,9.997,8,0.280,9,1.000,0.540,7.000,0.050,0.090,1.000,9,10,0,0.997,0.575,5.580,0.838,0.820,1201.975
793,COMPLETE,3.580,8,0.280,7,1.000,0.160,7.000,0.050,0.090,1.000,3,10,0,0.580,0.548,3.877,0.481,0.478,1199.921
794,COMPLETE,11.000,8,0.280,7,1.000,0.540,7.000,0.045,0.090,1.000,10,10,0,1.000,0.551,5.670,0.849,0.817,1152.134
795,COMPLETE,4.775,8,0.280,7,1.000,0.380,7.000,0.050,0.090,0.900,4,10,0,0.775,0.552,4.465,0.661,0.595,1186.665
796,COMPLETE,0.337,8,0.280,7,1.000,0.140,7.000,0.050,0.090,0.900,0,10,0,0.337,0.569,3.911,0.291,0.238,1201.191
797,COMPLETE,11.000,8,0.280,7,1.000,0.540,7.000,0.050,0.090,0.900,10,10,0,1.000,0.559,5.378,0.854,0.817,1166.331
798,COMPLETE,7.989,8,0.280,7,1.000,0.540,7.000,0.050,0.110,0.900,7,10,0,0.989,0.543,5.025,0.816,0.773,1167.103
799,COMPLETE,3.955,8,0.280,7,1.000,0.540,7.000,0.050,0.130,0.900,3,10,0,0.955,0.533,4.760,0.771,0.682,1160.508
800,COMPLETE,9.999,8,0.370,7,1.000,0.540,7.000,0.050,0.090,0.900,9,10,0,0.999,0.653,7.338,0.850,0.787,1263.749
801,COMPLETE,6.992,8,0.280,7,1.000,0.540,8.500,0.050,0.130,0.900,6,10,0,0.992,0.486,3.808,0.811,0.741,1141.324
802,COMPLETE,11.000,8,0.280,7,1.000,0.580,8.500,0.050,0.090,0.900,10,10,0,1.000,0.515,4.482,0.864,0.829,1145.854
803,COMPLETE,9.997,8,0.280,7,1.000,0.580,7.000,0.050,0.090,0.900,9,10,0,0.997,0.558,5.512,0.857,0.810,1163.422
804,COMPLETE,11.000,8,0.280,7,1.000,0.580,7.000,0.055,0.090,0.900,10,10,0,1.000,0.560,5.089,0.859,0.805,1186.745
805,COMPLETE,11.000,8,0.280,8,1.000,0.580,7.000,0.055,0.090,0.900,10,10,0,1.000,0.563,5.213,0.866,0.804,1218.048
806,COMPLETE,9.996,8,0.280,8,1.000,0.580,8.500,0.055,0.110,0.900,9,10,0,0.996,0.517,4.049,0.838,0.834,1192.949
807,COMPLETE,9.996,8,0.320,8,1.000,0.580,7.000,0.055,0.090,0.900,9,10,0,0.996,0.612,6.226,0.853,0.810,1233.406
808,COMPLETE,9.931,8,0.280,8,1.000,0.580,8.500,0.055,0.090,0.900,9,10,0,0.931,0.527,4.132,0.796,0.775,1190.609
809,COMPLETE,9.931,8,0.280,8,1.000,0.580,8.500,0.055,0.090,0.900,9,10,0,0.931,0.527,4.132,0.796,0.775,1194.488
810,COMPLETE,8.993,8,0.320,8,1.000,0.580,8.500,0.055,0.110,0.900,8,10,0,0.993,0.561,4.971,0.836,0.802,1206.975
811,COMPLETE,8.993,8,0.320,8,1.000,0.580,8.500,0.055,0.110,0.900,8,10,0,0.993,0.561,4.971,0.836,0.802,1209.962
812,COMPLETE,8.993,8,0.320,8,1.000,0.580,8.500,0.055,0.110,0.900,8,10,0,0.993,0.561,4.971,0.836,0.802,1211.415
813,COMPLETE,8.918,8,0.320,8,1.000,0.580,8.500,0.055,0.100,0.900,8,10,0,0.918,0.565,4.856,0.762,0.718,1209.060
814,COMPLETE,8.926,9,0.240,8,1.000,0.580,8.500,0.055,0.100,1.000,8,10,0,0.926,0.491,3.467,0.797,0.781,1176.928
815,COMPLETE,9.998,9,0.320,8,1.000,0.580,8.500,0.055,0.100,1.000,9,10,0,0.998,0.588,5.726,0.860,0.805,1236.969
816,COMPLETE,2.398,9,0.190,8,1.000,0.580,8.500,0.055,0.100,1.000,2,10,0,0.398,0.432,1.631,0.331,0.375,1112.054
817,COMPLETE,8.991,9,0.290,8,1.000,0.580,8.500,0.055,0.100,1.000,8,10,0,0.991,0.567,5.045,0.836,0.788,1228.113
818,COMPLETE,9.999,9,0.320,8,1.000,0.580,6.500,0.055,0.100,1.000,9,10,0,0.999,0.651,7.169,0.843,0.826,1279.163
819,COMPLETE,8.991,9,0.290,8,1.000,0.580,8.500,0.055,0.100,1.000,8,10,0,0.991,0.567,5.045,0.836,0.788,1229.716
820,COMPLETE,9.996,9,0.290,8,1.000,0.560,8.500,0.055,0.110,1.000,9,10,0,0.996,0.556,4.838,0.835,0.795,1236.464
821,COMPLETE,7.994,9,0.320,8,1.000,0.600,8.500,0.055,0.110,1.000,7,10,0,0.994,0.588,5.667,0.826,0.806,1275.253
822,COMPLETE,7.791,9,0.320,8,1.000,0.600,8.500,0.055,0.060,0.700,7,10,0,0.791,0.622,5.863,0.741,0.608,1215.716
823,COMPLETE,5.961,9,0.190,8,1.000,0.600,6.500,0.020,0.110,1.000,5,10,0,0.961,0.437,5.758,0.801,0.689,1028.674
824,COMPLETE,11.000,9,0.320,8,1.000,0.560,8.500,0.055,0.100,1.000,10,10,0,1.000,0.597,5.683,0.845,0.798,1262.048
825,COMPLETE,8.997,9,0.290,9,1.000,0.560,6.500,0.055,0.100,1.000,8,10,0,0.997,0.618,6.298,0.826,0.811,1253.714
826,COMPLETE,8.997,9,0.290,9,1.000,0.560,6.500,0.055,0.100,1.000,8,10,0,0.997,0.618,6.298,0.826,0.811,1251.040
827,COMPLETE,8.997,9,0.290,9,1.000,0.560,6.500,0.055,0.100,1.000,8,10,0,0.997,0.618,6.298,0.826,0.811,1252.970
828,COMPLETE,0.272,9,0.190,9,1.000,0.360,6.500,0.055,0.100,0.300,0,10,0,0.272,0.458,2.294,0.229,0.215,1129.696
829,COMPLETE,7.923,9,0.290,9,1.000,0.560,6.500,0.020,0.100,1.000,7,10,0,0.923,0.604,8.711,0.808,0.647,1196.198
830,COMPLETE,8.998,9,0.290,9,1.000,0.560,6.500,0.055,0.110,1.000,8,10,0,0.998,0.600,6.063,0.820,0.754,1265.581
831,COMPLETE,8.998,9,0.290,9,1.000,0.560,6.500,0.055,0.110,1.000,8,10,0,0.998,0.600,6.063,0.820,0.754,1251.342
832,COMPLETE,8.998,9,0.290,9,1.000,0.560,6.500,0.055,0.110,1.000,8,10,0,0.998,0.600,6.063,0.820,0.754,1265.467
833,COMPLETE,0.214,4,0.290,9,1.000,0.560,6.500,0.055,0.110,0.700,0,10,0,0.214,0.440,1.940,0.171,0.183,1033.507
834,COMPLETE,11.000,8,0.300,9,1.000,0.560,6.500,0.055,0.110,1.000,10,10,0,1.000,0.589,5.862,0.856,0.776,1243.543
835,COMPLETE,11.000,8,0.290,9,1.000,0.560,7.000,0.060,0.110,0.700,10,10,0,1.000,0.567,4.859,0.842,0.805,1227.101
836,COMPLETE,11.000,8,0.300,9,1.000,0.600,7.000,0.060,0.110,0.700,10,10,0,1.000,0.580,5.269,0.853,0.817,1239.534
837,COMPLETE,7.984,8,0.300,9,1.000,0.560,7.000,0.060,0.110,1.000,7,10,0,0.984,0.589,5.178,0.829,0.810,1242.574
838,COMPLETE,7.984,8,0.300,9,1.000,0.560,7.000,0.060,0.110,1.000,7,10,0,0.984,0.589,5.178,0.829,0.810,1248.884
839,COMPLETE,7.851,8,0.300,9,1.000,0.560,7.000,0.060,0.110,0.000,7,10,0,0.851,0.563,4.626,0.770,0.621,1209.833
840,COMPLETE,7.984,8,0.300,9,1.000,0.560,7.000,0.060,0.110,1.000,7,10,0,0.984,0.589,5.178,0.829,0.810,1245.961
841,COMPLETE,7.984,8,0.300,9,1.000,0.560,7.000,0.060,0.110,1.000,7,10,0,0.984,0.589,5.178,0.829,0.810,1244.857
842,COMPLETE,7.984,8,0.300,9,1.000,0.560,7.000,0.060,0.110,1.000,7,10,0,0.984,0.589,5.178,0.829,0.810,1243.453
843,COMPLETE,7.984,8,0.300,9,1.000,0.560,7.000,0.060,0.110,1.000,7,10,0,0.984,0.589,5.178,0.829,0.810,1242.473
844,COMPLETE,7.984,8,0.300,9,1.000,0.560,7.000,0.060,0.110,1.000,7,10,0,0.984,0.589,5.178,0.829,0.810,1243.792
845,COMPLETE,0.216,4,0.300,9,1.000,0.600,7.000,0.060,0.110,1.000,0,10,0,0.216,0.443,1.561,0.173,0.208,1038.602
846,COMPLETE,8.985,8,0.300,9,1.000,0.480,7.000,0.060,0.110,1.000,8,10,0,0.985,0.582,4.861,0.817,0.793,1241.916
847,COMPLETE,0.200,4,0.300,10,1.000,0.600,7.000,0.060,0.110,1.000,0,10,0,0.200,0.458,1.775,0.160,0.199,1043.948
848,COMPLETE,8.993,8,0.300,10,1.000,0.600,7.000,0.055,0.110,1.000,8,10,0,0.993,0.577,5.661,0.837,0.804,1224.199
849,COMPLETE,8.992,8,0.300,10,1.000,0.600,7.000,0.060,0.110,1.000,8,10,0,0.992,0.588,5.379,0.822,0.811,1240.895
850,COMPLETE,8.993,8,0.300,10,1.000,0.480,7.000,0.060,0.110,1.000,8,10,0,0.993,0.590,5.049,0.829,0.821,1253.482
851,COMPLETE,8.992,8,0.300,10,1.000,0.600,7.000,0.060,0.110,1.000,8,10,0,0.992,0.588,5.379,0.822,0.811,1232.766
852,COMPLETE,8.992,8,0.300,10,1.000,0.600,7.000,0.060,0.110,1.000,8,10,0,0.992,0.588,5.379,0.822,0.811,1235.869
853,COMPLETE,5.871,8,0.300,10,1.000,0.600,7.000,0.060,0.110,0.000,5,10,0,0.871,0.568,4.703,0.755,0.618,1221.591
854,COMPLETE,9.996,8,0.330,10,1.000,0.600,7.000,0.060,0.110,1.000,9,10,0,0.996,0.629,6.263,0.841,0.815,1278.391
855,COMPLETE,11.000,8,0.340,10,1.000,0.600,7.000,0.060,0.110,1.000,10,10,0,1.000,0.628,6.228,0.839,0.772,1287.468
856,COMPLETE,6.987,8,0.260,5,1.000,0.600,7.000,0.060,0.110,1.000,6,10,0,0.987,0.507,3.507,0.813,0.836,1102.633
857,COMPLETE,9.994,8,0.260,9,1.000,0.600,7.000,0.055,0.110,1.000,9,10,0,0.994,0.542,4.670,0.829,0.832,1202.576
858,COMPLETE,10.000,8,0.260,10,1.000,0.600,7.000,0.055,0.110,1.000,9,10,0,1.000,0.531,4.591,0.844,0.797,1198.124
859,COMPLETE,11.000,8,0.280,10,1.000,0.600,7.000,0.055,0.110,1.000,10,10,0,1.000,0.560,5.211,0.852,0.807,1190.264
860,COMPLETE,8.990,8,0.400,10,1.000,0.500,7.000,0.055,0.110,1.000,8,10,0,0.990,0.693,7.637,0.827,0.804,1319.481
861,COMPLETE,4.961,8,0.260,5,1.000,0.480,8.000,0.055,0.110,1.000,4,10,0,0.961,0.482,3.051,0.791,0.803,1083.613
862,COMPLETE,9.996,8,0.260,10,1.000,0.500,8.000,0.055,0.110,1.000,9,10,0,0.996,0.501,3.681,0.846,0.824,1186.332
863,COMPLETE,9.999,8,0.260,10,1.000,0.600,8.000,0.055,0.120,1.000,9,10,0,0.999,0.495,3.751,0.845,0.800,1189.265
864,COMPLETE,8.986,8,0.280,10,1.000,0.600,5.500,0.055,0.110,1.000,8,10,0,0.986,0.562,5.749,0.822,0.798,1222.412
865,COMPLETE,8.994,8,0.330,11,1.000,0.600,8.000,0.055,0.120,1.000,8,10,0,0.994,0.596,5.858,0.824,0.815,1268.471
866,COMPLETE,7.997,8,0.330,11,1.000,0.500,8.000,0.055,0.120,1.000,7,10,0,0.997,0.587,5.331,0.818,0.794,1246.551
867,COMPLETE,7.993,8,0.260,5,1.000,0.600,8.000,0.055,0.120,1.000,7,10,0,0.993,0.484,3.311,0.831,0.804,1066.240
868,COMPLETE,4.973,8,0.340,5,1.000,0.500,8.000,0.055,0.120,1.000,4,10,0,0.973,0.562,4.724,0.797,0.712,1122.574
869,COMPLETE,7.982,8,0.330,6,1.000,0.500,8.000,0.055,0.120,1.000,7,10,0,0.982,0.573,4.943,0.813,0.772,1199.341
870,COMPLETE,5.971,8,0.340,6,1.000,0.520,8.000,0.055,0.120,1.000,5,10,0,0.971,0.563,4.906,0.790,0.756,1175.676
871,COMPLETE,7.985,8,0.340,6,1.000,0.500,8.000,0.055,0.120,1.000,7,10,0,0.985,0.578,5.060,0.816,0.721,1190.074
872,COMPLETE,8.994,8,0.330,6,1.000,0.500,8.000,0.055,0.100,0.800,8,10,0,0.994,0.575,5.029,0.836,0.808,1191.413
873,COMPLETE,6.992,8,0.330,6,1.000,0.580,8.000,0.055,0.100,1.000,6,10,0,0.992,0.579,5.255,0.817,0.810,1191.404
874,COMPLETE,7.921,8,0.280,6,1.000,0.520,8.000,0.055,0.100,0.800,7,10,0,0.921,0.520,3.889,0.786,0.748,1159.759
875,COMPLETE,6.985,8,0.340,6,1.000,0.500,8.000,0.055,0.100,0.800,6,10,0,0.985,0.588,5.225,0.821,0.774,1187.458
876,COMPLETE,6.979,8,0.280,6,1.000,0.520,8.000,0.055,0.120,0.800,6,10,0,0.979,0.509,3.719,0.808,0.778,1150.241
877,COMPLETE,8.939,8,0.280,6,1.000,0.580,8.000,0.055,0.120,0.800,8,10,0,0.939,0.514,3.892,0.777,0.730,1149.239
878,COMPLETE,9.998,8,0.270,8,1.000,0.540,8.000,0.055,0.120,1.000,9,10,0,0.998,0.514,3.890,0.821,0.811,1169.488
879,COMPLETE,5.657,8,0.230,8,1.000,0.580,8.000,0.055,0.100,0.800,5,10,0,0.657,0.470,2.683,0.566,0.536,1153.162
880,COMPLETE,3.772,8,0.330,8,1.000,0.180,8.000,0.055,0.140,0.800,3,10,0,0.772,0.568,3.936,0.626,0.557,1223.241
881,COMPLETE,0.290,8,0.270,8,1.000,0.180,8.000,0.055,0.100,0.800,0,10,0,0.290,0.532,3.003,0.244,0.204,1198.218
882,COMPLETE,6.871,8,0.270,6,1.000,0.540,8.000,0.055,0.100,0.800,6,10,0,0.871,0.505,3.553,0.737,0.699,1144.999
883,COMPLETE,5.967,8,0.270,6,1.000,0.540,8.000,0.055,0.140,0.800,5,10,0,0.967,0.485,3.386,0.790,0.769,1129.741
884,COMPLETE,8.996,8,0.270,6,1.000,0.520,8.000,0.055,0.100,0.800,8,10,0,0.996,0.512,3.751,0.834,0.823,1143.628
885,COMPLETE,8.932,8,0.270,8,1.000,0.580,8.500,0.055,0.100,1.000,8,10,0,0.932,0.518,3.829,0.790,0.759,1184.031
886,COMPLETE,8.997,8,0.270,8,1.000,0.540,8.500,0.055,0.140,0.800,8,10,0,0.997,0.483,3.365,0.816,0.802,1158.145
887,COMPLETE,5.766,7,0.270,8,1.000,0.540,8.500,0.055,0.100,1.000,5,10,0,0.766,0.488,2.980,0.637,0.644,1156.325
888,COMPLETE,1.537,8,0.270,8,1.000,0.180,8.500,0.030,0.100,0.800,1,10,0,0.537,0.500,4.259,0.432,0.351,1121.372
889,COMPLETE,4.531,7,0.280,8,1.000,0.540,8.500,0.055,0.100,0.800,4,10,0,0.531,0.503,3.060,0.454,0.471,1165.769
890,COMPLETE,5.766,7,0.270,8,1.000,0.540,8.500,0.055,0.100,1.000,5,10,0,0.766,0.488,2.980,0.637,0.644,1156.100
891,COMPLETE,8.990,7,0.430,8,1.000,0.540,8.500,0.055,0.100,1.000,8,10,0,0.990,0.641,6.505,0.823,0.816,1274.700
892,COMPLETE,8.933,7,0.270,8,1.000,0.540,8.500,0.040,0.100,1.000,8,10,0,0.933,0.468,4.165,0.782,0.748,1111.241
893,COMPLETE,5.766,7,0.270,8,1.000,0.540,8.500,0.055,0.100,1.000,5,10,0,0.766,0.488,2.980,0.637,0.644,1151.324
894,COMPLETE,4.975,7,0.270,8,1.000,0.540,5.000,0.055,0.140,1.000,4,10,0,0.975,0.489,4.338,0.794,0.763,1152.674
895,COMPLETE,8.978,7,0.420,8,1.000,0.540,8.500,0.055,0.140,1.000,8,10,0,0.978,0.603,5.833,0.809,0.742,1249.433
896,COMPLETE,8.876,7,0.290,8,1.000,0.540,8.500,0.055,0.100,1.000,8,10,0,0.876,0.506,3.608,0.766,0.765,1175.724
897,COMPLETE,2.422,7,0.290,8,1.000,0.540,8.500,0.055,0.070,1.000,2,10,0,0.422,0.526,3.232,0.368,0.324,1178.259
898,COMPLETE,9.998,7,0.290,8,1.000,0.540,5.000,0.055,0.100,1.000,9,10,0,0.998,0.555,5.594,0.850,0.841,1182.923
899,COMPLETE,7.872,7,0.290,8,1.000,0.560,8.500,0.055,0.100,1.000,7,10,0,0.872,0.504,3.553,0.748,0.715,1175.697
900,COMPLETE,1.292,7,0.240,8,1.000,0.580,8.500,0.055,0.070,1.000,1,10,0,0.292,0.463,2.091,0.242,0.285,1119.015
901,COMPLETE,5.726,7,0.290,8,1.000,0.580,8.500,0.055,0.100,1.000,5,10,0,0.726,0.499,3.281,0.601,0.622,1158.704
902,COMPLETE,11.000,8,0.290,9,1.000,0.560,6.000,0.055,0.100,1.000,10,10,0,1.000,0.587,5.864,0.831,0.807,1207.127
903,COMPLETE,7.995,7,0.290,9,1.000,0.560,6.000,0.055,0.110,1.000,7,10,0,0.995,0.544,5.045,0.834,0.830,1201.782
904,COMPLETE,8.997,7,0.290,9,1.000,0.580,7.000,0.055,0.110,1.000,8,10,0,0.997,0.544,4.751,0.843,0.819,1195.848
905,COMPLETE,9.997,7,0.290,9,1.000,0.560,7.000,0.055,0.110,1.000,9,10,0,0.997,0.541,4.650,0.840,0.826,1194.468
906,COMPLETE,3.969,7,0.290,4,1.000,0.580,7.000,0.055,0.110,1.000,3,10,0,0.969,0.479,3.323,0.792,0.803,992.059
907,COMPLETE,11.000,8,0.290,9,1.000,0.580,7.000,0.055,0.110,1.000,10,10,0,1.000,0.575,5.475,0.864,0.810,1221.620
908,COMPLETE,11.000,8,0.290,9,1.000,0.580,7.000,0.060,0.110,1.000,10,10,0,1.000,0.560,4.886,0.846,0.808,1225.906
909,COMPLETE,6.952,8,0.290,4,1.000,0.580,6.000,0.060,0.070,1.000,6,10,0,0.952,0.540,4.535,0.849,0.685,990.412
910,COMPLETE,6.981,8,0.290,4,1.000,0.580,7.000,0.060,0.110,0.900,6,10,0,0.981,0.510,3.658,0.809,0.746,1012.942
911,COMPLETE,11.000,8,0.290,12,1.000,0.580,7.000,0.060,0.110,0.900,10,10,0,1.000,0.584,5.214,0.852,0.814,1235.827
912,COMPLETE,6.981,8,0.290,4,1.000,0.580,7.000,0.060,0.110,0.900,6,10,0,0.981,0.510,3.658,0.809,0.746,1014.946
913,COMPLETE,11.000,8,0.290,9,1.000,0.580,7.000,0.060,0.110,0.900,10,10,0,1.000,0.559,4.904,0.864,0.796,1224.491
914,COMPLETE,11.000,8,0.290,9,1.000,0.580,7.000,0.060,0.110,0.900,10,10,0,1.000,0.559,4.904,0.864,0.796,1224.485
915,COMPLETE,9.996,8,0.280,9,1.000,0.580,7.000,0.060,0.110,0.900,9,10,0,0.996,0.553,4.615,0.847,0.798,1236.438
916,COMPLETE,4.622,8,0.250,9,1.000,0.560,7.000,0.060,0.080,0.900,4,10,0,0.622,0.540,3.612,0.532,0.540,1196.856
917,COMPLETE,4.535,8,0.280,9,1.000,0.560,7.000,0.060,0.050,0.900,4,10,0,0.535,0.601,4.534,0.499,0.414,1193.235
918,COMPLETE,11.000,8,0.280,9,1.000,0.560,7.000,0.060,0.110,0.900,10,10,0,1.000,0.566,4.735,0.852,0.806,1220.117
919,COMPLETE,11.000,8,0.280,9,1.000,0.560,7.000,0.060,0.110,0.900,10,10,0,1.000,0.566,4.735,0.852,0.806,1219.231
920,COMPLETE,11.000,8,0.280,9,1.000,0.560,7.000,0.060,0.110,0.500,10,10,0,1.000,0.553,4.577,0.846,0.812,1223.649
921,COMPLETE,11.000,8,0.280,9,1.000,0.560,7.500,0.060,0.110,0.900,10,10,0,1.000,0.561,4.463,0.840,0.813,1216.664
922,COMPLETE,7.981,8,0.280,7,1.000,0.560,7.000,0.060,0.110,0.900,7,10,0,0.981,0.546,4.295,0.818,0.751,1203.068
923,COMPLETE,8.952,9,0.280,16,1.000,0.420,7.500,0.060,0.110,0.900,8,10,0,0.952,0.587,4.573,0.795,0.734,1277.122
924,COMPLETE,8.995,9,0.280,16,1.000,0.560,7.500,0.050,0.110,0.900,8,10,0,0.995,0.578,5.705,0.827,0.749,1239.235
925,COMPLETE,7.991,9,0.280,7,1.000,0.560,7.500,0.060,0.110,0.900,7,10,0,0.991,0.569,4.699,0.822,0.766,1242.397
926,COMPLETE,7.990,9,0.280,16,1.000,0.560,7.000,0.050,0.110,0.900,7,10,0,0.990,0.588,6.040,0.829,0.786,1241.557
927,COMPLETE,9.999,9,0.280,7,1.000,0.560,7.500,0.050,0.080,0.900,9,10,0,0.999,0.592,5.944,0.857,0.799,1176.733
928,COMPLETE,9.999,9,0.280,7,1.000,0.560,7.500,0.050,0.080,0.900,9,10,0,0.999,0.592,5.944,0.857,0.799,1183.294
929,COMPLETE,9.999,9,0.250,9,1.000,0.560,7.500,0.050,0.110,0.900,9,10,0,0.999,0.523,4.725,0.841,0.793,1173.226
930,COMPLETE,4.969,9,0.280,7,1.000,0.560,7.500,0.050,0.110,0.900,4,10,0,0.969,0.560,5.310,0.790,0.717,1197.703
931,COMPLETE,9.999,9,0.280,16,1.000,0.560,7.500,0.055,0.110,1.000,9,10,0,0.999,0.574,5.356,0.836,0.794,1242.937
932,COMPLETE,7.992,9,0.280,7,1.000,0.560,7.500,0.050,0.110,1.000,7,10,0,0.992,0.573,5.574,0.814,0.783,1221.023
933,COMPLETE,8.994,9,0.280,9,1.000,0.560,9.000,0.050,0.110,1.000,8,10,0,0.994,0.532,4.708,0.831,0.788,1208.782
934,COMPLETE,7.992,9,0.280,7,1.000,0.560,7.500,0.050,0.110,1.000,7,10,0,0.992,0.573,5.574,0.814,0.783,1211.433
935,COMPLETE,7.992,9,0.280,7,1.000,0.560,7.500,0.050,0.110,1.000,7,10,0,0.992,0.573,5.574,0.814,0.783,1215.850
936,COMPLETE,6.982,9,0.280,7,1.000,0.560,7.000,0.050,0.110,1.000,6,10,0,0.982,0.581,5.763,0.801,0.721,1204.728
937,COMPLETE,7.984,9,0.280,7,1.000,0.560,9.000,0.050,0.110,1.000,7,10,0,0.984,0.530,4.544,0.820,0.767,1162.504
938,COMPLETE,7.980,9,0.280,7,1.000,0.520,7.500,0.050,0.110,1.000,7,10,0,0.980,0.562,5.273,0.803,0.762,1208.987
939,COMPLETE,7.997,9,0.280,7,1.000,0.580,7.500,0.050,0.110,1.000,7,10,0,0.997,0.570,5.630,0.823,0.783,1214.389
940,COMPLETE,7.987,9,0.280,7,1.000,0.560,7.500,0.055,0.090,1.000,7,10,0,0.987,0.586,5.342,0.821,0.801,1200.497
941,COMPLETE,5.838,9,0.310,9,1.000,0.240,7.500,0.050,0.090,1.000,5,10,0,0.838,0.629,5.365,0.703,0.637,1272.470
942,COMPLETE,5.967,8,0.310,7,1.000,0.520,7.500,0.010,0.110,1.000,5,10,0,0.967,0.563,8.545,0.804,0.685,1153.771
943,COMPLETE,7.835,8,0.310,7,1.000,0.520,9.000,0.055,0.090,1.000,7,10,0,0.835,0.548,4.203,0.713,0.699,1202.011
944,COMPLETE,3.530,8,0.230,7,1.000,0.520,9.000,0.055,0.090,1.000,3,10,0,0.530,0.446,1.960,0.442,0.438,1132.396
945,COMPLETE,8.852,8,0.310,9,1.000,0.520,9.000,0.055,0.090,1.000,8,10,0,0.852,0.549,4.342,0.725,0.703,1222.271
946,COMPLETE,10.000,8,0.310,7,1.000,0.520,9.000,0.055,0.110,1.000,9,10,0,1.000,0.529,4.240,0.848,0.840,1180.388
947,COMPLETE,7.835,8,0.310,7,1.000,0.520,9.000,0.055,0.090,1.000,7,10,0,0.835,0.548,4.203,0.713,0.699,1200.140
948,COMPLETE,6.787,8,0.280,7,1.000,0.520,9.000,0.055,0.090,1.000,6,10,0,0.787,0.501,3.269,0.670,0.635,1168.762
949,COMPLETE,7.835,8,0.310,7,1.000,0.520,9.000,0.055,0.090,1.000,7,10,0,0.835,0.548,4.203,0.713,0.699,1204.867
950,COMPLETE,10.000,8,0.310,8,1.000,0.520,7.000,0.055,0.090,1.000,9,10,0,1.000,0.613,5.931,0.849,0.823,1209.654
951,COMPLETE,8.999,8,0.350,8,1.000,0.520,7.000,0.055,0.090,1.000,8,10,0,0.999,0.652,6.747,0.833,0.812,1276.724
952,COMPLETE,8.995,8,0.310,9,1.000,0.520,7.000,0.055,0.090,1.000,8,10,0,0.995,0.603,5.772,0.836,0.815,1249.502
953,COMPLETE,8.994,8,0.350,9,1.000,0.520,7.000,0.055,0.090,1.000,8,10,0,0.994,0.649,6.780,0.844,0.824,1274.024
954,COMPLETE,8.995,8,0.310,9,1.000,0.520,7.000,0.055,0.090,1.000,8,10,0,0.995,0.603,5.772,0.836,0.815,1257.212
955,COMPLETE,8.992,8,0.310,9,1.000,0.520,7.000,0.055,0.100,1.000,8,10,0,0.992,0.606,5.840,0.842,0.815,1270.122
956,COMPLETE,8.995,8,0.310,9,1.000,0.520,7.000,0.055,0.090,1.000,8,10,0,0.995,0.603,5.772,0.836,0.815,1254.549
957,COMPLETE,11.000,8,0.290,9,1.000,0.520,7.000,0.055,0.090,1.000,10,10,0,1.000,0.584,5.371,0.850,0.831,1233.615
958,COMPLETE,9.929,8,0.450,8,1.000,0.520,7.000,0.055,0.060,1.000,9,10,0,0.929,0.748,8.853,0.869,0.751,1254.402
959,COMPLETE,8.982,8,0.320,8,1.000,0.580,7.000,0.055,0.100,1.000,8,10,0,0.982,0.609,6.146,0.825,0.837,1224.642
960,COMPLETE,9.998,8,0.350,8,1.000,0.580,7.000,0.055,0.100,1.000,9,10,0,0.998,0.647,6.907,0.838,0.805,1262.569
961,COMPLETE,8.995,8,0.290,8,1.000,0.580,7.000,0.055,0.100,1.000,8,10,0,0.995,0.577,5.457,0.835,0.830,1211.136
962,COMPLETE,7.982,10,0.290,8,1.000,0.580,7.000,0.055,0.100,1.000,7,10,0,0.982,0.624,6.504,0.833,0.736,1264.016
963,COMPLETE,9.998,8,0.350,8,1.000,0.580,7.000,0.055,0.100,1.000,9,10,0,0.998,0.647,6.907,0.838,0.805,1257.201
964,COMPLETE,11.000,10,0.380,8,1.000,0.580,7.000,0.055,0.100,1.000,10,10,0,1.000,0.723,8.715,0.844,0.740,1336.819
965,COMPLETE,9.998,8,0.350,8,1.000,0.580,7.000,0.055,0.100,1.000,9,10,0,0.998,0.647,6.907,0.838,0.805,1262.357
966,COMPLETE,7.982,10,0.290,8,1.000,0.580,7.000,0.055,0.100,1.000,7,10,0,0.982,0.624,6.504,0.833,0.736,1265.659
967,COMPLETE,9.998,8,0.350,8,1.000,0.580,7.000,0.055,0.100,1.000,9,10,0,0.998,0.647,6.907,0.838,0.805,1252.782
968,COMPLETE,8.972,10,0.290,8,1.000,0.580,7.000,0.035,0.100,1.000,8,10,0,0.972,0.630,8.102,0.822,0.704,1254.152
969,COMPLETE,7.982,10,0.290,8,1.000,0.580,7.000,0.055,0.100,1.000,7,10,0,0.982,0.624,6.504,0.833,0.736,1262.586
970,COMPLETE,9.995,8,0.290,8,1.000,0.580,8.000,0.055,0.100,1.000,9,10,0,0.995,0.553,4.828,0.850,0.801,1213.666
971,COMPLETE,9.995,8,0.290,8,1.000,0.580,8.000,0.055,0.100,1.000,9,10,0,0.995,0.553,4.828,0.850,0.801,1210.227
972,COMPLETE,9.995,8,0.290,8,1.000,0.580,8.000,0.055,0.100,1.000,9,10,0,0.995,0.553,4.828,0.850,0.801,1206.477
973,COMPLETE,9.995,8,0.290,8,1.000,0.580,8.000,0.055,0.100,1.000,9,10,0,0.995,0.553,4.828,0.850,0.801,1207.539
974,COMPLETE,8.993,10,0.290,8,1.000,0.580,8.000,0.055,0.100,1.000,8,10,0,0.993,0.600,5.838,0.839,0.756,1268.772
975,COMPLETE,11.000,10,0.290,8,1.000,0.580,8.000,0.055,0.100,0.400,10,10,0,1.000,0.592,5.767,0.856,0.759,1252.689
976,COMPLETE,7.982,10,0.290,8,1.000,0.600,8.000,0.055,0.100,1.000,7,10,0,0.982,0.597,5.829,0.808,0.788,1271.377
977,COMPLETE,6.993,10,0.290,8,1.000,0.600,8.000,0.045,0.110,1.000,6,10,0,0.993,0.591,6.573,0.821,0.701,1228.993
978,COMPLETE,5.969,10,0.290,8,1.000,0.600,8.000,0.060,0.120,1.000,5,10,0,0.969,0.581,5.144,0.800,0.689,1265.735
979,COMPLETE,7.985,10,0.290,9,1.000,0.600,8.000,0.055,0.110,1.000,7,10,0,0.985,0.607,5.966,0.808,0.745,1262.826
980,COMPLETE,1.692,10,0.290,9,1.000,0.100,8.000,0.045,0.110,1.000,1,10,0,0.692,0.606,4.800,0.556,0.510,1265.534
981,COMPLETE,9.998,10,0.290,9,1.000,0.600,8.000,0.045,0.110,1.000,9,10,0,0.998,0.608,6.848,0.837,0.766,1269.732
982,COMPLETE,7.905,8,0.300,9,1.000,0.600,8.000,0.060,0.110,0.400,7,10,0,0.905,0.551,4.319,0.773,0.701,1228.831
983,COMPLETE,8.994,8,0.300,9,1.000,0.600,8.000,0.060,0.110,1.000,8,10,0,0.994,0.575,4.848,0.845,0.821,1235.536
984,COMPLETE,1.227,5,0.210,9,1.000,0.600,8.000,0.060,0.110,1.000,1,10,0,0.227,0.361,0.297,0.189,0.275,873.985
985,COMPLETE,6.934,8,0.270,9,1.000,0.600,8.000,0.060,0.110,1.000,6,10,0,0.934,0.529,3.719,0.778,0.772,1204.572
986,COMPLETE,6.934,8,0.270,9,1.000,0.600,8.000,0.060,0.110,1.000,6,10,0,0.934,0.529,3.719,0.778,0.772,1199.539
987,COMPLETE,4.553,8,0.270,9,1.000,0.600,8.500,0.060,0.110,0.400,4,10,0,0.553,0.514,2.914,0.476,0.438,1206.139
988,COMPLETE,4.583,8,0.270,9,1.000,0.600,8.500,0.060,0.110,0.200,4,10,0,0.583,0.498,2.853,0.509,0.440,1197.770
989,COMPLETE,6.992,8,0.270,11,1.000,0.600,8.500,0.045,0.110,1.000,6,10,0,0.992,0.503,4.717,0.821,0.825,1146.851
990,COMPLETE,9.949,8,0.270,9,1.000,0.600,8.500,0.060,0.120,1.000,9,10,0,0.949,0.509,3.496,0.814,0.798,1197.434
991,COMPLETE,9.949,8,0.270,9,1.000,0.600,8.500,0.060,0.120,1.000,9,10,0,0.949,0.509,3.496,0.814,0.798,1198.004
992,COMPLETE,9.999,8,0.320,11,1.000,0.600,8.500,0.060,0.110,1.000,9,10,0,0.999,0.575,4.961,0.848,0.832,1251.190
993,COMPLETE,6.784,8,0.270,9,1.000,0.540,8.500,0.060,0.110,1.000,6,10,0,0.784,0.511,3.204,0.661,0.652,1209.935
994,COMPLETE,3.490,8,0.270,9,1.000,0.540,8.500,0.060,0.110,0.600,3,10,0,0.490,0.507,2.806,0.432,0.387,1189.057
995,COMPLETE,6.784,8,0.270,9,1.000,0.540,8.500,0.060,0.110,1.000,6,10,0,0.784,0.511,3.204,0.661,0.652,1208.160
996,COMPLETE,6.750,8,0.270,12,1.000,0.540,8.500,0.060,0.110,1.000,6,10,0,0.750,0.513,3.065,0.634,0.589,1204.566
997,COMPLETE,6.784,8,0.270,9,1.000,0.540,8.500,0.060,0.110,1.000,6,10,0,0.784,0.511,3.204,0.661,0.652,1215.593
998,COMPLETE,7.972,8,0.270,6,1.000,0.540,8.500,0.060,0.110,1.000,7,10,0,0.972,0.498,2.971,0.802,0.824,1151.459
999,COMPLETE,7.947,8,0.270,6,1.000,0.540,8.500,0.060,0.120,1.000,7,10,0,0.947,0.480,2.750,0.779,0.777,1149.319
1000,COMPLETE,6.787,8,0.270,6,1.000,0.540,8.500,0.060,0.120,0.600,6,10,0,0.787,0.485,2.583,0.659,0.627,1139.553
1001,COMPLETE,9.945,8,0.270,11,1.000,0.540,8.500,0.060,0.110,1.000,9,10,0,0.945,0.510,3.317,0.813,0.790,1203.392
1002,COMPLETE,9.992,8,0.320,6,1.000,0.540,8.500,0.055,0.120,1.000,9,10,0,0.992,0.531,4.308,0.819,0.780,1161.752
1003,COMPLETE,8.988,8,0.330,6,1.000,0.540,8.500,0.055,0.120,0.600,8,10,0,0.988,0.536,4.356,0.822,0.734,1156.822
1004,COMPLETE,6.995,8,0.330,6,1.000,0.540,8.500,0.055,0.120,1.000,6,10,0,0.995,0.543,4.586,0.814,0.805,1174.836
1005,COMPLETE,8.988,8,0.330,6,1.000,0.540,8.500,0.055,0.120,0.600,8,10,0,0.988,0.536,4.356,0.822,0.734,1162.443
1006,COMPLETE,9.998,8,0.320,6,1.000,0.540,8.500,0.055,0.110,1.000,9,10,0,0.998,0.550,4.533,0.832,0.807,1168.758
1007,COMPLETE,7.992,8,0.330,6,1.000,0.540,8.500,0.055,0.110,0.600,7,10,0,0.992,0.541,4.481,0.826,0.758,1165.693
1008,COMPLETE,7.992,8,0.330,6,1.000,0.540,8.500,0.055,0.110,0.600,7,10,0,0.992,0.541,4.481,0.826,0.758,1174.300
1009,COMPLETE,7.988,8,0.330,6,1.000,0.540,8.500,0.055,0.110,1.000,7,10,0,0.988,0.552,4.626,0.818,0.756,1160.291
1010,COMPLETE,7.994,8,0.330,6,1.000,0.540,7.000,0.055,0.110,1.000,7,10,0,0.994,0.589,5.633,0.827,0.759,1189.675
1011,COMPLETE,4.959,8,0.300,6,1.000,0.540,7.000,0.055,0.120,1.000,4,10,0,0.959,0.548,4.731,0.780,0.742,1190.338
1012,COMPLETE,4.959,8,0.300,6,1.000,0.540,7.000,0.055,0.120,1.000,4,10,0,0.959,0.548,4.731,0.780,0.742,1193.859
1013,COMPLETE,8.990,8,0.330,6,1.000,0.540,7.000,0.055,0.110,0.900,8,10,0,0.990,0.592,5.608,0.818,0.747,1179.983
1014,COMPLETE,2.983,8,0.330,5,1.000,0.540,7.000,0.055,0.110,0.700,2,10,0,0.983,0.574,5.185,0.792,0.711,1119.233
1015,COMPLETE,3.958,8,0.330,5,1.000,0.560,7.000,0.055,0.110,0.900,3,10,0,0.958,0.572,5.194,0.781,0.708,1143.481
1016,COMPLETE,3.970,8,0.300,5,1.000,0.560,7.000,0.055,0.110,0.900,3,10,0,0.970,0.536,4.567,0.786,0.771,1122.483
1017,COMPLETE,8.995,8,0.330,10,1.000,0.560,7.000,0.055,0.110,0.900,8,10,0,0.995,0.621,6.350,0.839,0.780,1260.448
1018,COMPLETE,8.998,8,0.300,10,1.000,0.560,7.000,0.055,0.110,0.900,8,10,0,0.998,0.575,5.438,0.835,0.751,1233.915
1019,COMPLETE,3.970,8,0.300,5,1.000,0.560,7.000,0.055,0.110,0.900,3,10,0,0.970,0.536,4.567,0.786,0.771,1117.068
1020,COMPLETE,3.970,8,0.300,5,1.000,0.560,7.000,0.055,0.110,0.900,3,10,0,0.970,0.536,4.567,0.786,0.771,1121.489
1021,COMPLETE,8.998,8,0.300,10,1.000,0.560,7.000,0.055,0.110,0.900,8,10,0,0.998,0.575,5.438,0.835,0.751,1234.262
1022,COMPLETE,8.998,8,0.300,10,1.000,0.560,7.000,0.055,0.110,0.900,8,10,0,0.998,0.575,5.438,0.835,0.751,1233.333
1023,COMPLETE,8.998,8,0.300,10,1.000,0.560,7.000,0.055,0.110,0.900,8,10,0,0.998,0.575,5.438,0.835,0.751,1238.691
